solid OpenSCAD_Model
  facet normal 0.998629 -0.0523417 0
    outer loop
      vertex 25.85 0 1
      vertex 25.8659 0.303132 0
      vertex 25.8659 0.303132 1
    endloop
  endfacet
  facet normal 0.998629 -0.0523417 0
    outer loop
      vertex 25.8659 0.303132 0
      vertex 25.85 0 1
      vertex 25.85 0 0
    endloop
  endfacet
  facet normal 0.707107 -0.707107 0
    outer loop
      vertex 26.5949 1.94048 1
      vertex 26.8095 2.15512 0
      vertex 26.8095 2.15512 1
    endloop
  endfacet
  facet normal 0.707107 -0.707107 0
    outer loop
      vertex 26.8095 2.15512 0
      vertex 26.5949 1.94048 1
      vertex 26.5949 1.94048 0
    endloop
  endfacet
  facet normal 0.453989 -0.891007 0
    outer loop
      vertex 27.3 2.51147 0
      vertex 27.5705 2.64928 1
      vertex 27.3 2.51147 1
    endloop
  endfacet
  facet normal 0.453989 -0.891007 0
    outer loop
      vertex 27.5705 2.64928 1
      vertex 27.3 2.51147 0
      vertex 27.5705 2.64928 0
    endloop
  endfacet
  facet normal 0.891007 -0.453989 0
    outer loop
      vertex 26.1007 1.17954 1
      vertex 26.2385 1.45 0
      vertex 26.2385 1.45 1
    endloop
  endfacet
  facet normal 0.891007 -0.453989 0
    outer loop
      vertex 26.2385 1.45 0
      vertex 26.1007 1.17954 1
      vertex 26.1007 1.17954 0
    endloop
  endfacet
  facet normal 0.965926 -0.258818 0
    outer loop
      vertex 25.9134 0.602943 1
      vertex 25.9919 0.896149 0
      vertex 25.9919 0.896149 1
    endloop
  endfacet
  facet normal 0.965926 -0.258818 0
    outer loop
      vertex 25.9919 0.896149 0
      vertex 25.9134 0.602943 1
      vertex 25.9134 0.602943 0
    endloop
  endfacet
  facet normal 0.838669 -0.544642 0
    outer loop
      vertex 26.2385 1.45 1
      vertex 26.4039 1.70458 0
      vertex 26.4039 1.70458 1
    endloop
  endfacet
  facet normal 0.838669 -0.544642 0
    outer loop
      vertex 26.4039 1.70458 0
      vertex 26.2385 1.45 1
      vertex 26.2385 1.45 0
    endloop
  endfacet
  facet normal 0.777147 -0.629319 0
    outer loop
      vertex 26.4039 1.70458 1
      vertex 26.5949 1.94048 0
      vertex 26.5949 1.94048 1
    endloop
  endfacet
  facet normal 0.777147 -0.629319 0
    outer loop
      vertex 26.5949 1.94048 0
      vertex 26.4039 1.70458 1
      vertex 26.4039 1.70458 0
    endloop
  endfacet
  facet normal 0.933581 -0.358367 0
    outer loop
      vertex 25.9919 0.896149 1
      vertex 26.1007 1.17954 0
      vertex 26.1007 1.17954 1
    endloop
  endfacet
  facet normal 0.933581 -0.358367 0
    outer loop
      vertex 26.1007 1.17954 0
      vertex 25.9919 0.896149 1
      vertex 25.9919 0.896149 0
    endloop
  endfacet
  facet normal 0.987688 -0.156434 0
    outer loop
      vertex 25.8659 0.303132 1
      vertex 25.9134 0.602943 0
      vertex 25.9134 0.602943 1
    endloop
  endfacet
  facet normal 0.987688 -0.156434 0
    outer loop
      vertex 25.9134 0.602943 0
      vertex 25.8659 0.303132 1
      vertex 25.8659 0.303132 0
    endloop
  endfacet
  facet normal 0.54464 -0.83867 0
    outer loop
      vertex 27.0454 2.34615 0
      vertex 27.3 2.51147 1
      vertex 27.0454 2.34615 1
    endloop
  endfacet
  facet normal 0.54464 -0.83867 0
    outer loop
      vertex 27.3 2.51147 1
      vertex 27.0454 2.34615 0
      vertex 27.3 2.51147 0
    endloop
  endfacet
  facet normal 0.62932 -0.777146 0
    outer loop
      vertex 26.8095 2.15512 0
      vertex 27.0454 2.34615 1
      vertex 26.8095 2.15512 1
    endloop
  endfacet
  facet normal 0.62932 -0.777146 0
    outer loop
      vertex 27.0454 2.34615 1
      vertex 26.8095 2.15512 0
      vertex 27.0454 2.34615 0
    endloop
  endfacet
  facet normal 0.358373 -0.933579 0
    outer loop
      vertex 27.5705 2.64928 0
      vertex 27.6104 2.66459 1
      vertex 27.5705 2.64928 1
    endloop
  endfacet
  facet normal 0.358373 -0.933579 0
    outer loop
      vertex 27.6104 2.66459 1
      vertex 27.5705 2.64928 0
      vertex 27.6104 2.66459 0
    endloop
  endfacet
  facet normal 0.62932 0.777146 -0
    outer loop
      vertex 27.0454 -2.34615 0
      vertex 26.8095 -2.15512 1
      vertex 27.0454 -2.34615 1
    endloop
  endfacet
  facet normal 0.62932 0.777146 0
    outer loop
      vertex 26.8095 -2.15512 1
      vertex 27.0454 -2.34615 0
      vertex 26.8095 -2.15512 0
    endloop
  endfacet
  facet normal 0.891007 0.453989 0
    outer loop
      vertex 26.2385 -1.45 1
      vertex 26.1007 -1.17954 0
      vertex 26.1007 -1.17954 1
    endloop
  endfacet
  facet normal 0.891007 0.453989 0
    outer loop
      vertex 26.1007 -1.17954 0
      vertex 26.2385 -1.45 1
      vertex 26.2385 -1.45 0
    endloop
  endfacet
  facet normal 0.777147 0.629319 0
    outer loop
      vertex 26.5949 -1.94048 1
      vertex 26.4039 -1.70458 0
      vertex 26.4039 -1.70458 1
    endloop
  endfacet
  facet normal 0.777147 0.629319 0
    outer loop
      vertex 26.4039 -1.70458 0
      vertex 26.5949 -1.94048 1
      vertex 26.5949 -1.94048 0
    endloop
  endfacet
  facet normal 0.707107 0.707107 0
    outer loop
      vertex 26.8095 -2.15512 1
      vertex 26.5949 -1.94048 0
      vertex 26.5949 -1.94048 1
    endloop
  endfacet
  facet normal 0.707107 0.707107 0
    outer loop
      vertex 26.5949 -1.94048 0
      vertex 26.8095 -2.15512 1
      vertex 26.8095 -2.15512 0
    endloop
  endfacet
  facet normal 0.965926 0.258818 0
    outer loop
      vertex 25.9919 -0.896149 1
      vertex 25.9134 -0.602943 0
      vertex 25.9134 -0.602943 1
    endloop
  endfacet
  facet normal 0.965926 0.258818 0
    outer loop
      vertex 25.9134 -0.602943 0
      vertex 25.9919 -0.896149 1
      vertex 25.9919 -0.896149 0
    endloop
  endfacet
  facet normal 0.998629 0.0523417 0
    outer loop
      vertex 25.8659 -0.303132 1
      vertex 25.85 0 0
      vertex 25.85 0 1
    endloop
  endfacet
  facet normal 0.998629 0.0523417 0
    outer loop
      vertex 25.85 0 0
      vertex 25.8659 -0.303132 1
      vertex 25.8659 -0.303132 0
    endloop
  endfacet
  facet normal 0.838669 0.544642 0
    outer loop
      vertex 26.4039 -1.70458 1
      vertex 26.2385 -1.45 0
      vertex 26.2385 -1.45 1
    endloop
  endfacet
  facet normal 0.838669 0.544642 0
    outer loop
      vertex 26.2385 -1.45 0
      vertex 26.4039 -1.70458 1
      vertex 26.4039 -1.70458 0
    endloop
  endfacet
  facet normal 0.933581 0.358367 0
    outer loop
      vertex 26.1007 -1.17954 1
      vertex 25.9919 -0.896149 0
      vertex 25.9919 -0.896149 1
    endloop
  endfacet
  facet normal 0.933581 0.358367 0
    outer loop
      vertex 25.9919 -0.896149 0
      vertex 26.1007 -1.17954 1
      vertex 26.1007 -1.17954 0
    endloop
  endfacet
  facet normal 0.987688 0.156434 0
    outer loop
      vertex 25.9134 -0.602943 1
      vertex 25.8659 -0.303132 0
      vertex 25.8659 -0.303132 1
    endloop
  endfacet
  facet normal 0.987688 0.156434 0
    outer loop
      vertex 25.8659 -0.303132 0
      vertex 25.9134 -0.602943 1
      vertex 25.9134 -0.602943 0
    endloop
  endfacet
  facet normal 0.453989 0.891007 -0
    outer loop
      vertex 27.5705 -2.64928 0
      vertex 27.3 -2.51147 1
      vertex 27.5705 -2.64928 1
    endloop
  endfacet
  facet normal 0.453989 0.891007 0
    outer loop
      vertex 27.3 -2.51147 1
      vertex 27.5705 -2.64928 0
      vertex 27.3 -2.51147 0
    endloop
  endfacet
  facet normal 0.358373 0.933579 -0
    outer loop
      vertex 27.6104 -2.66459 0
      vertex 27.5705 -2.64928 1
      vertex 27.6104 -2.66459 1
    endloop
  endfacet
  facet normal 0.358373 0.933579 0
    outer loop
      vertex 27.5705 -2.64928 1
      vertex 27.6104 -2.66459 0
      vertex 27.5705 -2.64928 0
    endloop
  endfacet
  facet normal 0.54464 0.83867 -0
    outer loop
      vertex 27.3 -2.51147 0
      vertex 27.0454 -2.34615 1
      vertex 27.3 -2.51147 1
    endloop
  endfacet
  facet normal 0.54464 0.83867 0
    outer loop
      vertex 27.0454 -2.34615 1
      vertex 27.3 -2.51147 0
      vertex 27.0454 -2.34615 0
    endloop
  endfacet
  facet normal -0.996194 -0.0871586 0
    outer loop
      vertex -19.1255 18.5814 0
      vertex -19.152 18.8837 1
      vertex -19.152 18.8837 0
    endloop
  endfacet
  facet normal -0.996194 -0.0871586 0
    outer loop
      vertex -19.152 18.8837 1
      vertex -19.1255 18.5814 0
      vertex -19.1255 18.5814 1
    endloop
  endfacet
  facet normal -0.0871549 0.996195 0
    outer loop
      vertex -21.6202 15.6084 0
      vertex -21.9226 15.5819 1
      vertex -21.6202 15.6084 1
    endloop
  endfacet
  facet normal -0.0871549 0.996195 0
    outer loop
      vertex -21.9226 15.5819 1
      vertex -21.6202 15.6084 0
      vertex -21.9226 15.5819 0
    endloop
  endfacet
  facet normal 0.32556 0.945522 -0
    outer loop
      vertex -22.8231 15.6925 0
      vertex -22.8467 15.7006 1
      vertex -22.8231 15.6925 1
    endloop
  endfacet
  facet normal 0.32556 0.945522 0
    outer loop
      vertex -22.8467 15.7006 1
      vertex -22.8231 15.6925 0
      vertex -22.8467 15.7006 0
    endloop
  endfacet
  facet normal -0.920504 -0.390734 0
    outer loop
      vertex -19.2987 19.472 0
      vertex -19.4173 19.7514 1
      vertex -19.4173 19.7514 0
    endloop
  endfacet
  facet normal -0.920504 -0.390734 0
    outer loop
      vertex -19.4173 19.7514 1
      vertex -19.2987 19.472 0
      vertex -19.2987 19.472 1
    endloop
  endfacet
  facet normal -0.190809 0.981627 0
    outer loop
      vertex -21.3222 15.6663 0
      vertex -21.6202 15.6084 1
      vertex -21.3222 15.6663 1
    endloop
  endfacet
  facet normal -0.190809 0.981627 0
    outer loop
      vertex -21.6202 15.6084 1
      vertex -21.3222 15.6663 0
      vertex -21.6202 15.6084 0
    endloop
  endfacet
  facet normal -0.390734 0.920504 0
    outer loop
      vertex -20.7525 15.8736 0
      vertex -21.0319 15.755 1
      vertex -20.7525 15.8736 1
    endloop
  endfacet
  facet normal -0.390734 0.920504 0
    outer loop
      vertex -21.0319 15.755 1
      vertex -20.7525 15.8736 0
      vertex -21.0319 15.755 0
    endloop
  endfacet
  facet normal -0.573578 0.819151 0
    outer loop
      vertex -20.2384 16.1949 0
      vertex -20.487 16.0208 1
      vertex -20.2384 16.1949 1
    endloop
  endfacet
  facet normal -0.573578 0.819151 0
    outer loop
      vertex -20.487 16.0208 1
      vertex -20.2384 16.1949 0
      vertex -20.487 16.0208 0
    endloop
  endfacet
  facet normal -0.731351 0.682001 0
    outer loop
      vertex -20.0093 16.3941 0
      vertex -19.8022 16.6161 1
      vertex -19.8022 16.6161 0
    endloop
  endfacet
  facet normal -0.731351 0.682001 0
    outer loop
      vertex -19.8022 16.6161 1
      vertex -20.0093 16.3941 0
      vertex -20.0093 16.3941 1
    endloop
  endfacet
  facet normal 0.224952 0.97437 -0
    outer loop
      vertex -22.5274 15.6242 0
      vertex -22.8231 15.6925 1
      vertex -22.5274 15.6242 1
    endloop
  endfacet
  facet normal 0.224952 0.97437 0
    outer loop
      vertex -22.8231 15.6925 1
      vertex -22.5274 15.6242 0
      vertex -22.8231 15.6925 0
    endloop
  endfacet
  facet normal 0.0174525 0.999848 -0
    outer loop
      vertex -21.9226 15.5819 0
      vertex -22.2261 15.5872 1
      vertex -21.9226 15.5819 1
    endloop
  endfacet
  facet normal 0.0174525 0.999848 0
    outer loop
      vertex -22.2261 15.5872 1
      vertex -21.9226 15.5819 0
      vertex -22.2261 15.5872 0
    endloop
  endfacet
  facet normal -0.956305 -0.292371 0
    outer loop
      vertex -19.2099 19.1817 0
      vertex -19.2987 19.472 1
      vertex -19.2987 19.472 0
    endloop
  endfacet
  facet normal -0.956305 -0.292371 0
    outer loop
      vertex -19.2987 19.472 1
      vertex -19.2099 19.1817 0
      vertex -19.2099 19.1817 1
    endloop
  endfacet
  facet normal -0.981628 -0.190805 0
    outer loop
      vertex -19.152 18.8837 0
      vertex -19.2099 19.1817 1
      vertex -19.2099 19.1817 0
    endloop
  endfacet
  facet normal -0.981628 -0.190805 0
    outer loop
      vertex -19.2099 19.1817 1
      vertex -19.152 18.8837 0
      vertex -19.152 18.8837 1
    endloop
  endfacet
  facet normal -0.874625 -0.4848 0
    outer loop
      vertex -19.4173 19.7514 0
      vertex -19.4251 19.7655 1
      vertex -19.4251 19.7655 0
    endloop
  endfacet
  facet normal -0.874625 -0.4848 0
    outer loop
      vertex -19.4251 19.7655 1
      vertex -19.4173 19.7514 0
      vertex -19.4173 19.7514 1
    endloop
  endfacet
  facet normal -0.97437 0.224949 0
    outer loop
      vertex -19.2361 17.6808 0
      vertex -19.1678 17.9766 1
      vertex -19.1678 17.9766 0
    endloop
  endfacet
  facet normal -0.97437 0.224949 0
    outer loop
      vertex -19.1678 17.9766 1
      vertex -19.2361 17.6808 0
      vertex -19.2361 17.6808 1
    endloop
  endfacet
  facet normal -0.999848 0.0174493 0
    outer loop
      vertex -19.1308 18.2778 0
      vertex -19.1255 18.5814 1
      vertex -19.1255 18.5814 0
    endloop
  endfacet
  facet normal -0.999848 0.0174493 0
    outer loop
      vertex -19.1255 18.5814 1
      vertex -19.1308 18.2778 0
      vertex -19.1308 18.2778 1
    endloop
  endfacet
  facet normal -0.906306 0.422622 0
    outer loop
      vertex -19.4632 17.1187 0
      vertex -19.3349 17.3938 1
      vertex -19.3349 17.3938 0
    endloop
  endfacet
  facet normal -0.906306 0.422622 0
    outer loop
      vertex -19.3349 17.3938 1
      vertex -19.4632 17.1187 0
      vertex -19.4632 17.1187 1
    endloop
  endfacet
  facet normal -0.798637 0.601813 0
    outer loop
      vertex -19.8022 16.6161 0
      vertex -19.6196 16.8585 1
      vertex -19.6196 16.8585 0
    endloop
  endfacet
  facet normal -0.798637 0.601813 0
    outer loop
      vertex -19.6196 16.8585 1
      vertex -19.8022 16.6161 0
      vertex -19.8022 16.6161 1
    endloop
  endfacet
  facet normal -0.29237 0.956305 0
    outer loop
      vertex -21.0319 15.755 0
      vertex -21.3222 15.6663 1
      vertex -21.0319 15.755 1
    endloop
  endfacet
  facet normal -0.29237 0.956305 0
    outer loop
      vertex -21.3222 15.6663 1
      vertex -21.0319 15.755 0
      vertex -21.3222 15.6663 0
    endloop
  endfacet
  facet normal -0.484808 0.874621 0
    outer loop
      vertex -20.487 16.0208 0
      vertex -20.7525 15.8736 1
      vertex -20.487 16.0208 1
    endloop
  endfacet
  facet normal -0.484808 0.874621 0
    outer loop
      vertex -20.7525 15.8736 1
      vertex -20.487 16.0208 0
      vertex -20.7525 15.8736 0
    endloop
  endfacet
  facet normal -0.656059 0.75471 0
    outer loop
      vertex -20.0093 16.3941 0
      vertex -20.2384 16.1949 1
      vertex -20.0093 16.3941 1
    endloop
  endfacet
  facet normal -0.656059 0.75471 0
    outer loop
      vertex -20.2384 16.1949 1
      vertex -20.0093 16.3941 0
      vertex -20.2384 16.1949 0
    endloop
  endfacet
  facet normal 0.121868 0.992546 -0
    outer loop
      vertex -22.2261 15.5872 0
      vertex -22.5274 15.6242 1
      vertex -22.2261 15.5872 1
    endloop
  endfacet
  facet normal 0.121868 0.992546 0
    outer loop
      vertex -22.5274 15.6242 1
      vertex -22.2261 15.5872 0
      vertex -22.5274 15.6242 0
    endloop
  endfacet
  facet normal -0.992546 0.121874 0
    outer loop
      vertex -19.1678 17.9766 0
      vertex -19.1308 18.2778 1
      vertex -19.1308 18.2778 0
    endloop
  endfacet
  facet normal -0.992546 0.121874 0
    outer loop
      vertex -19.1308 18.2778 1
      vertex -19.1678 17.9766 0
      vertex -19.1678 17.9766 1
    endloop
  endfacet
  facet normal -0.945519 0.325568 0
    outer loop
      vertex -19.3349 17.3938 0
      vertex -19.2361 17.6808 1
      vertex -19.2361 17.6808 0
    endloop
  endfacet
  facet normal -0.945519 0.325568 0
    outer loop
      vertex -19.2361 17.6808 1
      vertex -19.3349 17.3938 0
      vertex -19.3349 17.3938 1
    endloop
  endfacet
  facet normal -0.857168 0.515036 0
    outer loop
      vertex -19.6196 16.8585 0
      vertex -19.4632 17.1187 1
      vertex -19.4632 17.1187 0
    endloop
  endfacet
  facet normal -0.857168 0.515036 0
    outer loop
      vertex -19.4632 17.1187 1
      vertex -19.6196 16.8585 0
      vertex -19.6196 16.8585 1
    endloop
  endfacet
  facet normal -0.798637 -0.601813 0
    outer loop
      vertex -19.6196 -16.8585 0
      vertex -19.8022 -16.6161 1
      vertex -19.8022 -16.6161 0
    endloop
  endfacet
  facet normal -0.798637 -0.601813 0
    outer loop
      vertex -19.8022 -16.6161 1
      vertex -19.6196 -16.8585 0
      vertex -19.6196 -16.8585 1
    endloop
  endfacet
  facet normal -0.190809 -0.981627 0
    outer loop
      vertex -21.6202 -15.6084 0
      vertex -21.3222 -15.6663 1
      vertex -21.6202 -15.6084 1
    endloop
  endfacet
  facet normal -0.190809 -0.981627 -0
    outer loop
      vertex -21.3222 -15.6663 1
      vertex -21.6202 -15.6084 0
      vertex -21.3222 -15.6663 0
    endloop
  endfacet
  facet normal -0.573578 -0.819151 0
    outer loop
      vertex -20.487 -16.0208 0
      vertex -20.2384 -16.1949 1
      vertex -20.487 -16.0208 1
    endloop
  endfacet
  facet normal -0.573578 -0.819151 -0
    outer loop
      vertex -20.2384 -16.1949 1
      vertex -20.487 -16.0208 0
      vertex -20.2384 -16.1949 0
    endloop
  endfacet
  facet normal -0.97437 -0.224949 0
    outer loop
      vertex -19.1678 -17.9766 0
      vertex -19.2361 -17.6808 1
      vertex -19.2361 -17.6808 0
    endloop
  endfacet
  facet normal -0.97437 -0.224949 0
    outer loop
      vertex -19.2361 -17.6808 1
      vertex -19.1678 -17.9766 0
      vertex -19.1678 -17.9766 1
    endloop
  endfacet
  facet normal -0.920504 0.390734 0
    outer loop
      vertex -19.4173 -19.7514 0
      vertex -19.2987 -19.472 1
      vertex -19.2987 -19.472 0
    endloop
  endfacet
  facet normal -0.920504 0.390734 0
    outer loop
      vertex -19.2987 -19.472 1
      vertex -19.4173 -19.7514 0
      vertex -19.4173 -19.7514 1
    endloop
  endfacet
  facet normal 0.224952 -0.97437 0
    outer loop
      vertex -22.8231 -15.6925 0
      vertex -22.5274 -15.6242 1
      vertex -22.8231 -15.6925 1
    endloop
  endfacet
  facet normal 0.224952 -0.97437 0
    outer loop
      vertex -22.5274 -15.6242 1
      vertex -22.8231 -15.6925 0
      vertex -22.5274 -15.6242 0
    endloop
  endfacet
  facet normal -0.731351 -0.682001 0
    outer loop
      vertex -19.8022 -16.6161 0
      vertex -20.0093 -16.3941 1
      vertex -20.0093 -16.3941 0
    endloop
  endfacet
  facet normal -0.731351 -0.682001 0
    outer loop
      vertex -20.0093 -16.3941 1
      vertex -19.8022 -16.6161 0
      vertex -19.8022 -16.6161 1
    endloop
  endfacet
  facet normal -0.906306 -0.422622 0
    outer loop
      vertex -19.3349 -17.3938 0
      vertex -19.4632 -17.1187 1
      vertex -19.4632 -17.1187 0
    endloop
  endfacet
  facet normal -0.906306 -0.422622 0
    outer loop
      vertex -19.4632 -17.1187 1
      vertex -19.3349 -17.3938 0
      vertex -19.3349 -17.3938 1
    endloop
  endfacet
  facet normal -0.999848 -0.0174493 0
    outer loop
      vertex -19.1255 -18.5814 0
      vertex -19.1308 -18.2778 1
      vertex -19.1308 -18.2778 0
    endloop
  endfacet
  facet normal -0.999848 -0.0174493 0
    outer loop
      vertex -19.1308 -18.2778 1
      vertex -19.1255 -18.5814 0
      vertex -19.1255 -18.5814 1
    endloop
  endfacet
  facet normal -0.996194 0.0871586 0
    outer loop
      vertex -19.152 -18.8837 0
      vertex -19.1255 -18.5814 1
      vertex -19.1255 -18.5814 0
    endloop
  endfacet
  facet normal -0.996194 0.0871586 0
    outer loop
      vertex -19.1255 -18.5814 1
      vertex -19.152 -18.8837 0
      vertex -19.152 -18.8837 1
    endloop
  endfacet
  facet normal -0.992546 -0.121874 0
    outer loop
      vertex -19.1308 -18.2778 0
      vertex -19.1678 -17.9766 1
      vertex -19.1678 -17.9766 0
    endloop
  endfacet
  facet normal -0.992546 -0.121874 0
    outer loop
      vertex -19.1678 -17.9766 1
      vertex -19.1308 -18.2778 0
      vertex -19.1308 -18.2778 1
    endloop
  endfacet
  facet normal -0.945519 -0.325568 0
    outer loop
      vertex -19.2361 -17.6808 0
      vertex -19.3349 -17.3938 1
      vertex -19.3349 -17.3938 0
    endloop
  endfacet
  facet normal -0.945519 -0.325568 0
    outer loop
      vertex -19.3349 -17.3938 1
      vertex -19.2361 -17.6808 0
      vertex -19.2361 -17.6808 1
    endloop
  endfacet
  facet normal -0.857168 -0.515036 0
    outer loop
      vertex -19.4632 -17.1187 0
      vertex -19.6196 -16.8585 1
      vertex -19.6196 -16.8585 0
    endloop
  endfacet
  facet normal -0.857168 -0.515036 0
    outer loop
      vertex -19.6196 -16.8585 1
      vertex -19.4632 -17.1187 0
      vertex -19.4632 -17.1187 1
    endloop
  endfacet
  facet normal -0.956305 0.292371 0
    outer loop
      vertex -19.2987 -19.472 0
      vertex -19.2099 -19.1817 1
      vertex -19.2099 -19.1817 0
    endloop
  endfacet
  facet normal -0.956305 0.292371 0
    outer loop
      vertex -19.2099 -19.1817 1
      vertex -19.2987 -19.472 0
      vertex -19.2987 -19.472 1
    endloop
  endfacet
  facet normal 0.0174525 -0.999848 0
    outer loop
      vertex -22.2261 -15.5872 0
      vertex -21.9226 -15.5819 1
      vertex -22.2261 -15.5872 1
    endloop
  endfacet
  facet normal 0.0174525 -0.999848 0
    outer loop
      vertex -21.9226 -15.5819 1
      vertex -22.2261 -15.5872 0
      vertex -21.9226 -15.5819 0
    endloop
  endfacet
  facet normal -0.0871549 -0.996195 0
    outer loop
      vertex -21.9226 -15.5819 0
      vertex -21.6202 -15.6084 1
      vertex -21.9226 -15.5819 1
    endloop
  endfacet
  facet normal -0.0871549 -0.996195 -0
    outer loop
      vertex -21.6202 -15.6084 1
      vertex -21.9226 -15.5819 0
      vertex -21.6202 -15.6084 0
    endloop
  endfacet
  facet normal 0.121868 -0.992546 0
    outer loop
      vertex -22.5274 -15.6242 0
      vertex -22.2261 -15.5872 1
      vertex -22.5274 -15.6242 1
    endloop
  endfacet
  facet normal 0.121868 -0.992546 0
    outer loop
      vertex -22.2261 -15.5872 1
      vertex -22.5274 -15.6242 0
      vertex -22.2261 -15.5872 0
    endloop
  endfacet
  facet normal 0.32556 -0.945522 0
    outer loop
      vertex -22.8467 -15.7006 0
      vertex -22.8231 -15.6925 1
      vertex -22.8467 -15.7006 1
    endloop
  endfacet
  facet normal 0.32556 -0.945522 0
    outer loop
      vertex -22.8231 -15.6925 1
      vertex -22.8467 -15.7006 0
      vertex -22.8231 -15.6925 0
    endloop
  endfacet
  facet normal -0.390734 -0.920504 0
    outer loop
      vertex -21.0319 -15.755 0
      vertex -20.7525 -15.8736 1
      vertex -21.0319 -15.755 1
    endloop
  endfacet
  facet normal -0.390734 -0.920504 -0
    outer loop
      vertex -20.7525 -15.8736 1
      vertex -21.0319 -15.755 0
      vertex -20.7525 -15.8736 0
    endloop
  endfacet
  facet normal -0.484808 -0.874621 0
    outer loop
      vertex -20.7525 -15.8736 0
      vertex -20.487 -16.0208 1
      vertex -20.7525 -15.8736 1
    endloop
  endfacet
  facet normal -0.484808 -0.874621 -0
    outer loop
      vertex -20.487 -16.0208 1
      vertex -20.7525 -15.8736 0
      vertex -20.487 -16.0208 0
    endloop
  endfacet
  facet normal -0.29237 -0.956305 0
    outer loop
      vertex -21.3222 -15.6663 0
      vertex -21.0319 -15.755 1
      vertex -21.3222 -15.6663 1
    endloop
  endfacet
  facet normal -0.29237 -0.956305 -0
    outer loop
      vertex -21.0319 -15.755 1
      vertex -21.3222 -15.6663 0
      vertex -21.0319 -15.755 0
    endloop
  endfacet
  facet normal -0.656059 -0.75471 0
    outer loop
      vertex -20.2384 -16.1949 0
      vertex -20.0093 -16.3941 1
      vertex -20.2384 -16.1949 1
    endloop
  endfacet
  facet normal -0.656059 -0.75471 -0
    outer loop
      vertex -20.0093 -16.3941 1
      vertex -20.2384 -16.1949 0
      vertex -20.0093 -16.3941 0
    endloop
  endfacet
  facet normal -0.981628 0.190805 0
    outer loop
      vertex -19.2099 -19.1817 0
      vertex -19.152 -18.8837 1
      vertex -19.152 -18.8837 0
    endloop
  endfacet
  facet normal -0.981628 0.190805 0
    outer loop
      vertex -19.152 -18.8837 1
      vertex -19.2099 -19.1817 0
      vertex -19.2099 -19.1817 1
    endloop
  endfacet
  facet normal -0.874625 0.4848 0
    outer loop
      vertex -19.4251 -19.7655 0
      vertex -19.4173 -19.7514 1
      vertex -19.4173 -19.7514 0
    endloop
  endfacet
  facet normal -0.874625 0.4848 0
    outer loop
      vertex -19.4173 -19.7514 1
      vertex -19.4251 -19.7655 0
      vertex -19.4251 -19.7655 1
    endloop
  endfacet
  facet normal 0.62932 0.777146 -0
    outer loop
      vertex 18.5684 20.6223 0
      vertex 16.311 22.4502 1
      vertex 18.5684 20.6223 1
    endloop
  endfacet
  facet normal 0.62932 0.777146 0
    outer loop
      vertex 16.311 22.4502 1
      vertex 18.5684 20.6223 0
      vertex 16.311 22.4502 0
    endloop
  endfacet
  facet normal -0.358368 0.93358 0
    outer loop
      vertex -8.57522 26.3918 0
      vertex -11.2869 25.3509 1
      vertex -8.57522 26.3918 1
    endloop
  endfacet
  facet normal -0.358368 0.93358 0
    outer loop
      vertex -11.2869 25.3509 1
      vertex -8.57522 26.3918 0
      vertex -11.2869 25.3509 0
    endloop
  endfacet
  facet normal -0.891006 0.453991 0
    outer loop
      vertex -25.3509 11.2869 0
      vertex -24.0322 13.875 1
      vertex -24.0322 13.875 0
    endloop
  endfacet
  facet normal -0.891006 0.453991 0
    outer loop
      vertex -24.0322 13.875 1
      vertex -25.3509 11.2869 0
      vertex -25.3509 11.2869 1
    endloop
  endfacet
  facet normal 0.99863 -0.0523324 0
    outer loop
      vertex 27.598 -2.90066 1
      vertex 27.6104 -2.66459 0
      vertex 27.6104 -2.66459 1
    endloop
  endfacet
  facet normal 0.99863 -0.0523324 0
    outer loop
      vertex 27.6104 -2.66459 0
      vertex 27.598 -2.90066 1
      vertex 27.598 -2.90066 0
    endloop
  endfacet
  facet normal -0.93358 -0.358368 0
    outer loop
      vertex -25.3509 -11.2869 0
      vertex -26.3918 -8.57522 1
      vertex -26.3918 -8.57522 0
    endloop
  endfacet
  facet normal -0.93358 -0.358368 0
    outer loop
      vertex -26.3918 -8.57522 1
      vertex -25.3509 -11.2869 0
      vertex -25.3509 -11.2869 1
    endloop
  endfacet
  facet normal -0.453991 -0.891006 0
    outer loop
      vertex -13.875 -24.0322 0
      vertex -11.2869 -25.3509 1
      vertex -13.875 -24.0322 1
    endloop
  endfacet
  facet normal -0.453991 -0.891006 -0
    outer loop
      vertex -11.2869 -25.3509 1
      vertex -13.875 -24.0322 0
      vertex -11.2869 -25.3509 0
    endloop
  endfacet
  facet normal 0.93358 0.358368 0
    outer loop
      vertex 26.3918 8.57522 1
      vertex 25.3509 11.2869 0
      vertex 25.3509 11.2869 1
    endloop
  endfacet
  facet normal 0.93358 0.358368 0
    outer loop
      vertex 25.3509 11.2869 0
      vertex 26.3918 8.57522 1
      vertex 26.3918 8.57522 0
    endloop
  endfacet
  facet normal 0.987688 0.156434 0
    outer loop
      vertex 27.598 2.90066 1
      vertex 27.1436 5.76955 0
      vertex 27.1436 5.76955 1
    endloop
  endfacet
  facet normal 0.987688 0.156434 0
    outer loop
      vertex 27.1436 5.76955 0
      vertex 27.598 2.90066 1
      vertex 27.598 2.90066 0
    endloop
  endfacet
  facet normal 0.891006 0.453991 0
    outer loop
      vertex 25.3509 11.2869 1
      vertex 24.0322 13.875 0
      vertex 24.0322 13.875 1
    endloop
  endfacet
  facet normal 0.891006 0.453991 0
    outer loop
      vertex 24.0322 13.875 0
      vertex 25.3509 11.2869 1
      vertex 25.3509 11.2869 0
    endloop
  endfacet
  facet normal 0.453991 0.891006 -0
    outer loop
      vertex 13.875 24.0322 0
      vertex 11.2869 25.3509 1
      vertex 13.875 24.0322 1
    endloop
  endfacet
  facet normal 0.453991 0.891006 0
    outer loop
      vertex 11.2869 25.3509 1
      vertex 13.875 24.0322 0
      vertex 11.2869 25.3509 0
    endloop
  endfacet
  facet normal -0.707107 0.707107 0
    outer loop
      vertex -19.4251 19.7655 0
      vertex -18.5684 20.6223 1
      vertex -18.5684 20.6223 0
    endloop
  endfacet
  facet normal -0.707107 0.707107 0
    outer loop
      vertex -18.5684 20.6223 1
      vertex -19.4251 19.7655 0
      vertex -19.4251 19.7655 1
    endloop
  endfacet
  facet normal -0.453991 0.891006 0
    outer loop
      vertex -11.2869 25.3509 0
      vertex -13.875 24.0322 1
      vertex -11.2869 25.3509 1
    endloop
  endfacet
  facet normal -0.453991 0.891006 0
    outer loop
      vertex -13.875 24.0322 1
      vertex -11.2869 25.3509 0
      vertex -13.875 24.0322 0
    endloop
  endfacet
  facet normal -0.156434 0.987688 0
    outer loop
      vertex -2.90066 27.598 0
      vertex -5.76955 27.1436 1
      vertex -2.90066 27.598 1
    endloop
  endfacet
  facet normal -0.156434 0.987688 0
    outer loop
      vertex -5.76955 27.1436 1
      vertex -2.90066 27.598 0
      vertex -5.76955 27.1436 0
    endloop
  endfacet
  facet normal 0.93358 -0.358368 0
    outer loop
      vertex 25.3509 -11.2869 1
      vertex 26.3918 -8.57522 0
      vertex 26.3918 -8.57522 1
    endloop
  endfacet
  facet normal 0.93358 -0.358368 0
    outer loop
      vertex 26.3918 -8.57522 0
      vertex 25.3509 -11.2869 1
      vertex 25.3509 -11.2869 0
    endloop
  endfacet
  facet normal -0.156434 -0.987688 0
    outer loop
      vertex -5.76955 -27.1436 0
      vertex -2.90066 -27.598 1
      vertex -5.76955 -27.1436 1
    endloop
  endfacet
  facet normal -0.156434 -0.987688 -0
    outer loop
      vertex -2.90066 -27.598 1
      vertex -5.76955 -27.1436 0
      vertex -2.90066 -27.598 0
    endloop
  endfacet
  facet normal -0.707107 -0.707107 0
    outer loop
      vertex -18.5684 -20.6223 0
      vertex -19.4251 -19.7655 1
      vertex -19.4251 -19.7655 0
    endloop
  endfacet
  facet normal -0.707107 -0.707107 0
    outer loop
      vertex -19.4251 -19.7655 1
      vertex -18.5684 -20.6223 0
      vertex -18.5684 -20.6223 1
    endloop
  endfacet
  facet normal -0.891006 -0.453991 0
    outer loop
      vertex -24.0322 -13.875 0
      vertex -25.3509 -11.2869 1
      vertex -25.3509 -11.2869 0
    endloop
  endfacet
  facet normal -0.891006 -0.453991 0
    outer loop
      vertex -25.3509 -11.2869 1
      vertex -24.0322 -13.875 0
      vertex -24.0322 -13.875 1
    endloop
  endfacet
  facet normal -0.987688 -0.156434 0
    outer loop
      vertex -27.1436 -5.76955 0
      vertex -27.598 -2.90066 1
      vertex -27.598 -2.90066 0
    endloop
  endfacet
  facet normal -0.987688 -0.156434 0
    outer loop
      vertex -27.598 -2.90066 1
      vertex -27.1436 -5.76955 0
      vertex -27.1436 -5.76955 1
    endloop
  endfacet
  facet normal 0.965926 0.258819 0
    outer loop
      vertex 27.1436 5.76955 1
      vertex 26.3918 8.57522 0
      vertex 26.3918 8.57522 1
    endloop
  endfacet
  facet normal 0.965926 0.258819 0
    outer loop
      vertex 26.3918 8.57522 0
      vertex 27.1436 5.76955 1
      vertex 27.1436 5.76955 0
    endloop
  endfacet
  facet normal 0.777146 0.62932 0
    outer loop
      vertex 22.4502 16.311 1
      vertex 20.6223 18.5684 0
      vertex 20.6223 18.5684 1
    endloop
  endfacet
  facet normal 0.777146 0.62932 0
    outer loop
      vertex 20.6223 18.5684 0
      vertex 22.4502 16.311 1
      vertex 22.4502 16.311 0
    endloop
  endfacet
  facet normal 0.838671 0.544639 0
    outer loop
      vertex 24.0322 13.875 1
      vertex 22.4502 16.311 0
      vertex 22.4502 16.311 1
    endloop
  endfacet
  facet normal 0.838671 0.544639 0
    outer loop
      vertex 22.4502 16.311 0
      vertex 24.0322 13.875 1
      vertex 24.0322 13.875 0
    endloop
  endfacet
  facet normal 0.707107 0.707107 0
    outer loop
      vertex 20.6223 18.5684 1
      vertex 18.5684 20.6223 0
      vertex 18.5684 20.6223 1
    endloop
  endfacet
  facet normal 0.707107 0.707107 0
    outer loop
      vertex 18.5684 20.6223 0
      vertex 20.6223 18.5684 1
      vertex 20.6223 18.5684 0
    endloop
  endfacet
  facet normal 0.544639 0.838671 -0
    outer loop
      vertex 16.311 22.4502 0
      vertex 13.875 24.0322 1
      vertex 16.311 22.4502 1
    endloop
  endfacet
  facet normal 0.544639 0.838671 0
    outer loop
      vertex 13.875 24.0322 1
      vertex 16.311 22.4502 0
      vertex 13.875 24.0322 0
    endloop
  endfacet
  facet normal 0.052336 0.99863 -0
    outer loop
      vertex 2.90066 27.598 0
      vertex 0 27.75 1
      vertex 2.90066 27.598 1
    endloop
  endfacet
  facet normal 0.052336 0.99863 0
    outer loop
      vertex 0 27.75 1
      vertex 2.90066 27.598 0
      vertex 0 27.75 0
    endloop
  endfacet
  facet normal 0.358368 0.93358 -0
    outer loop
      vertex 11.2869 25.3509 0
      vertex 8.57522 26.3918 1
      vertex 11.2869 25.3509 1
    endloop
  endfacet
  facet normal 0.358368 0.93358 0
    outer loop
      vertex 8.57522 26.3918 1
      vertex 11.2869 25.3509 0
      vertex 8.57522 26.3918 0
    endloop
  endfacet
  facet normal 0.258819 0.965926 -0
    outer loop
      vertex 8.57522 26.3918 0
      vertex 5.76955 27.1436 1
      vertex 8.57522 26.3918 1
    endloop
  endfacet
  facet normal 0.258819 0.965926 0
    outer loop
      vertex 5.76955 27.1436 1
      vertex 8.57522 26.3918 0
      vertex 5.76955 27.1436 0
    endloop
  endfacet
  facet normal -0.99863 0.052336 0
    outer loop
      vertex -27.75 0 0
      vertex -27.598 2.90066 1
      vertex -27.598 2.90066 0
    endloop
  endfacet
  facet normal -0.99863 0.052336 0
    outer loop
      vertex -27.598 2.90066 1
      vertex -27.75 0 0
      vertex -27.75 0 1
    endloop
  endfacet
  facet normal -0.93358 0.358368 0
    outer loop
      vertex -26.3918 8.57522 0
      vertex -25.3509 11.2869 1
      vertex -25.3509 11.2869 0
    endloop
  endfacet
  facet normal -0.93358 0.358368 0
    outer loop
      vertex -25.3509 11.2869 1
      vertex -26.3918 8.57522 0
      vertex -26.3918 8.57522 1
    endloop
  endfacet
  facet normal -0.965926 0.258819 0
    outer loop
      vertex -27.1436 5.76955 0
      vertex -26.3918 8.57522 1
      vertex -26.3918 8.57522 0
    endloop
  endfacet
  facet normal -0.965926 0.258819 0
    outer loop
      vertex -26.3918 8.57522 1
      vertex -27.1436 5.76955 0
      vertex -27.1436 5.76955 1
    endloop
  endfacet
  facet normal -0.838671 0.544639 0
    outer loop
      vertex -24.0322 13.875 0
      vertex -22.8467 15.7006 1
      vertex -22.8467 15.7006 0
    endloop
  endfacet
  facet normal -0.838671 0.544639 0
    outer loop
      vertex -22.8467 15.7006 1
      vertex -24.0322 13.875 0
      vertex -24.0322 13.875 1
    endloop
  endfacet
  facet normal -0.258819 0.965926 0
    outer loop
      vertex -5.76955 27.1436 0
      vertex -8.57522 26.3918 1
      vertex -5.76955 27.1436 1
    endloop
  endfacet
  facet normal -0.258819 0.965926 0
    outer loop
      vertex -8.57522 26.3918 1
      vertex -5.76955 27.1436 0
      vertex -8.57522 26.3918 0
    endloop
  endfacet
  facet normal -0.052336 0.99863 0
    outer loop
      vertex 0 27.75 0
      vertex -2.90066 27.598 1
      vertex 0 27.75 1
    endloop
  endfacet
  facet normal -0.052336 0.99863 0
    outer loop
      vertex -2.90066 27.598 1
      vertex 0 27.75 0
      vertex -2.90066 27.598 0
    endloop
  endfacet
  facet normal -0.544639 0.838671 0
    outer loop
      vertex -13.875 24.0322 0
      vertex -16.311 22.4502 1
      vertex -13.875 24.0322 1
    endloop
  endfacet
  facet normal -0.544639 0.838671 0
    outer loop
      vertex -16.311 22.4502 1
      vertex -13.875 24.0322 0
      vertex -16.311 22.4502 0
    endloop
  endfacet
  facet normal -0.62932 0.777146 0
    outer loop
      vertex -16.311 22.4502 0
      vertex -18.5684 20.6223 1
      vertex -16.311 22.4502 1
    endloop
  endfacet
  facet normal -0.62932 0.777146 0
    outer loop
      vertex -18.5684 20.6223 1
      vertex -16.311 22.4502 0
      vertex -18.5684 20.6223 0
    endloop
  endfacet
  facet normal 0.99863 0.0523324 0
    outer loop
      vertex 27.6104 2.66459 1
      vertex 27.598 2.90066 0
      vertex 27.598 2.90066 1
    endloop
  endfacet
  facet normal 0.99863 0.0523324 0
    outer loop
      vertex 27.598 2.90066 0
      vertex 27.6104 2.66459 1
      vertex 27.6104 2.66459 0
    endloop
  endfacet
  facet normal 0.052336 -0.99863 0
    outer loop
      vertex 0 -27.75 0
      vertex 2.90066 -27.598 1
      vertex 0 -27.75 1
    endloop
  endfacet
  facet normal 0.052336 -0.99863 0
    outer loop
      vertex 2.90066 -27.598 1
      vertex 0 -27.75 0
      vertex 2.90066 -27.598 0
    endloop
  endfacet
  facet normal 0.965926 -0.258819 0
    outer loop
      vertex 26.3918 -8.57522 1
      vertex 27.1436 -5.76955 0
      vertex 27.1436 -5.76955 1
    endloop
  endfacet
  facet normal 0.965926 -0.258819 0
    outer loop
      vertex 27.1436 -5.76955 0
      vertex 26.3918 -8.57522 1
      vertex 26.3918 -8.57522 0
    endloop
  endfacet
  facet normal 0.777146 -0.62932 0
    outer loop
      vertex 20.6223 -18.5684 1
      vertex 22.4502 -16.311 0
      vertex 22.4502 -16.311 1
    endloop
  endfacet
  facet normal 0.777146 -0.62932 0
    outer loop
      vertex 22.4502 -16.311 0
      vertex 20.6223 -18.5684 1
      vertex 20.6223 -18.5684 0
    endloop
  endfacet
  facet normal 0.891006 -0.453991 0
    outer loop
      vertex 24.0322 -13.875 1
      vertex 25.3509 -11.2869 0
      vertex 25.3509 -11.2869 1
    endloop
  endfacet
  facet normal 0.891006 -0.453991 0
    outer loop
      vertex 25.3509 -11.2869 0
      vertex 24.0322 -13.875 1
      vertex 24.0322 -13.875 0
    endloop
  endfacet
  facet normal 0.156434 -0.987688 0
    outer loop
      vertex 2.90066 -27.598 0
      vertex 5.76955 -27.1436 1
      vertex 2.90066 -27.598 1
    endloop
  endfacet
  facet normal 0.156434 -0.987688 0
    outer loop
      vertex 5.76955 -27.1436 1
      vertex 2.90066 -27.598 0
      vertex 5.76955 -27.1436 0
    endloop
  endfacet
  facet normal 0.258819 -0.965926 0
    outer loop
      vertex 5.76955 -27.1436 0
      vertex 8.57522 -26.3918 1
      vertex 5.76955 -27.1436 1
    endloop
  endfacet
  facet normal 0.258819 -0.965926 0
    outer loop
      vertex 8.57522 -26.3918 1
      vertex 5.76955 -27.1436 0
      vertex 8.57522 -26.3918 0
    endloop
  endfacet
  facet normal 0.707107 -0.707107 0
    outer loop
      vertex 18.5684 -20.6223 1
      vertex 20.6223 -18.5684 0
      vertex 20.6223 -18.5684 1
    endloop
  endfacet
  facet normal 0.707107 -0.707107 0
    outer loop
      vertex 20.6223 -18.5684 0
      vertex 18.5684 -20.6223 1
      vertex 18.5684 -20.6223 0
    endloop
  endfacet
  facet normal 0.62932 -0.777146 0
    outer loop
      vertex 16.311 -22.4502 0
      vertex 18.5684 -20.6223 1
      vertex 16.311 -22.4502 1
    endloop
  endfacet
  facet normal 0.62932 -0.777146 0
    outer loop
      vertex 18.5684 -20.6223 1
      vertex 16.311 -22.4502 0
      vertex 18.5684 -20.6223 0
    endloop
  endfacet
  facet normal 0.453991 -0.891006 0
    outer loop
      vertex 11.2869 -25.3509 0
      vertex 13.875 -24.0322 1
      vertex 11.2869 -25.3509 1
    endloop
  endfacet
  facet normal 0.453991 -0.891006 0
    outer loop
      vertex 13.875 -24.0322 1
      vertex 11.2869 -25.3509 0
      vertex 13.875 -24.0322 0
    endloop
  endfacet
  facet normal -0.052336 -0.99863 0
    outer loop
      vertex -2.90066 -27.598 0
      vertex 0 -27.75 1
      vertex -2.90066 -27.598 1
    endloop
  endfacet
  facet normal -0.052336 -0.99863 -0
    outer loop
      vertex 0 -27.75 1
      vertex -2.90066 -27.598 0
      vertex 0 -27.75 0
    endloop
  endfacet
  facet normal -0.358368 -0.93358 0
    outer loop
      vertex -11.2869 -25.3509 0
      vertex -8.57522 -26.3918 1
      vertex -11.2869 -25.3509 1
    endloop
  endfacet
  facet normal -0.358368 -0.93358 -0
    outer loop
      vertex -8.57522 -26.3918 1
      vertex -11.2869 -25.3509 0
      vertex -8.57522 -26.3918 0
    endloop
  endfacet
  facet normal -0.544639 -0.838671 0
    outer loop
      vertex -16.311 -22.4502 0
      vertex -13.875 -24.0322 1
      vertex -16.311 -22.4502 1
    endloop
  endfacet
  facet normal -0.544639 -0.838671 -0
    outer loop
      vertex -13.875 -24.0322 1
      vertex -16.311 -22.4502 0
      vertex -13.875 -24.0322 0
    endloop
  endfacet
  facet normal -0.965926 -0.258819 0
    outer loop
      vertex -26.3918 -8.57522 0
      vertex -27.1436 -5.76955 1
      vertex -27.1436 -5.76955 0
    endloop
  endfacet
  facet normal -0.965926 -0.258819 0
    outer loop
      vertex -27.1436 -5.76955 1
      vertex -26.3918 -8.57522 0
      vertex -26.3918 -8.57522 1
    endloop
  endfacet
  facet normal -0.99863 -0.052336 0
    outer loop
      vertex -27.598 -2.90066 0
      vertex -27.75 0 1
      vertex -27.75 0 0
    endloop
  endfacet
  facet normal -0.99863 -0.052336 0
    outer loop
      vertex -27.75 0 1
      vertex -27.598 -2.90066 0
      vertex -27.598 -2.90066 1
    endloop
  endfacet
  facet normal 0 0 -1
    outer loop
      vertex 27.598 -2.90066 0
      vertex 27.5705 -2.64928 0
      vertex 27.6104 -2.66459 0
    endloop
  endfacet
  facet normal 0 0 -1
    outer loop
      vertex 27.598 -2.90066 0
      vertex 27.3 -2.51147 0
      vertex 27.5705 -2.64928 0
    endloop
  endfacet
  facet normal 0 0 -1
    outer loop
      vertex 27.0454 -2.34615 0
      vertex 27.598 -2.90066 0
      vertex 27.1436 -5.76955 0
    endloop
  endfacet
  facet normal 0 0 -1
    outer loop
      vertex 27.598 -2.90066 0
      vertex 27.0454 -2.34615 0
      vertex 27.3 -2.51147 0
    endloop
  endfacet
  facet normal 0 0 -1
    outer loop
      vertex 27.1436 -5.76955 0
      vertex 26.8095 -2.15512 0
      vertex 27.0454 -2.34615 0
    endloop
  endfacet
  facet normal 0 0 -1
    outer loop
      vertex 27.1436 -5.76955 0
      vertex 26.5949 -1.94048 0
      vertex 26.8095 -2.15512 0
    endloop
  endfacet
  facet normal 0 0 -1
    outer loop
      vertex 27.1436 -5.76955 0
      vertex 26.4039 -1.70458 0
      vertex 26.5949 -1.94048 0
    endloop
  endfacet
  facet normal 0 0 -1
    outer loop
      vertex 16.5 0 0
      vertex 27.1436 -5.76955 0
      vertex 26.3918 -8.57522 0
    endloop
  endfacet
  facet normal 0 0 -1
    outer loop
      vertex 27.1436 -5.76955 0
      vertex 26.2385 -1.45 0
      vertex 26.4039 -1.70458 0
    endloop
  endfacet
  facet normal 0 0 -1
    outer loop
      vertex 27.1436 -5.76955 0
      vertex 16.5 0 0
      vertex 26.2385 -1.45 0
    endloop
  endfacet
  facet normal 0 0 -1
    outer loop
      vertex 26.2385 -1.45 0
      vertex 16.5 0 0
      vertex 26.1007 -1.17954 0
    endloop
  endfacet
  facet normal 0 0 -1
    outer loop
      vertex 26.1007 -1.17954 0
      vertex 16.5 0 0
      vertex 25.9919 -0.896149 0
    endloop
  endfacet
  facet normal 0 0 -1
    outer loop
      vertex 25.9919 -0.896149 0
      vertex 16.5 0 0
      vertex 25.9134 -0.602943 0
    endloop
  endfacet
  facet normal 0 0 -1
    outer loop
      vertex 25.9134 -0.602943 0
      vertex 16.5 0 0
      vertex 25.8659 -0.303132 0
    endloop
  endfacet
  facet normal 0 0 -1
    outer loop
      vertex 16.5 0 0
      vertex 26.3918 -8.57522 0
      vertex 25.3509 -11.2869 0
    endloop
  endfacet
  facet normal 0 0 -1
    outer loop
      vertex 27.5705 2.64928 0
      vertex 27.598 2.90066 0
      vertex 27.6104 2.66459 0
    endloop
  endfacet
  facet normal 0 0 -1
    outer loop
      vertex 27.3 2.51147 0
      vertex 27.598 2.90066 0
      vertex 27.5705 2.64928 0
    endloop
  endfacet
  facet normal 0 0 -1
    outer loop
      vertex 27.0454 2.34615 0
      vertex 27.598 2.90066 0
      vertex 27.3 2.51147 0
    endloop
  endfacet
  facet normal -0 0 -1
    outer loop
      vertex 27.598 2.90066 0
      vertex 27.0454 2.34615 0
      vertex 27.1436 5.76955 0
    endloop
  endfacet
  facet normal 0 0 -1
    outer loop
      vertex 26.8095 2.15512 0
      vertex 27.1436 5.76955 0
      vertex 27.0454 2.34615 0
    endloop
  endfacet
  facet normal 0 0 -1
    outer loop
      vertex 26.5949 1.94048 0
      vertex 27.1436 5.76955 0
      vertex 26.8095 2.15512 0
    endloop
  endfacet
  facet normal 0 0 -1
    outer loop
      vertex 26.4039 1.70458 0
      vertex 27.1436 5.76955 0
      vertex 26.5949 1.94048 0
    endloop
  endfacet
  facet normal 0 0 -1
    outer loop
      vertex 26.2385 1.45 0
      vertex 27.1436 5.76955 0
      vertex 26.4039 1.70458 0
    endloop
  endfacet
  facet normal 0 0 -1
    outer loop
      vertex 16.5 0 0
      vertex 27.1436 5.76955 0
      vertex 26.2385 1.45 0
    endloop
  endfacet
  facet normal 0 0 -1
    outer loop
      vertex 16.5 0 0
      vertex 26.2385 1.45 0
      vertex 26.1007 1.17954 0
    endloop
  endfacet
  facet normal 0 0 -1
    outer loop
      vertex 16.5 0 0
      vertex 26.1007 1.17954 0
      vertex 25.9919 0.896149 0
    endloop
  endfacet
  facet normal 0 0 -1
    outer loop
      vertex 16.5 0 0
      vertex 25.9919 0.896149 0
      vertex 25.9134 0.602943 0
    endloop
  endfacet
  facet normal 0 0 -1
    outer loop
      vertex 16.5 0 0
      vertex 25.9134 0.602943 0
      vertex 25.8659 0.303132 0
    endloop
  endfacet
  facet normal -0 0 -1
    outer loop
      vertex 27.1436 5.76955 0
      vertex 16.5 0 0
      vertex 26.3918 8.57522 0
    endloop
  endfacet
  facet normal 0 0 -1
    outer loop
      vertex 16.5 0 0
      vertex 25.8659 0.303132 0
      vertex 25.85 0 0
    endloop
  endfacet
  facet normal 0 0 -1
    outer loop
      vertex 25.8659 -0.303132 0
      vertex 16.5 0 0
      vertex 25.85 0 0
    endloop
  endfacet
  facet normal 0 0 -1
    outer loop
      vertex 11.6673 -11.6673 0
      vertex 25.3509 -11.2869 0
      vertex 24.0322 -13.875 0
    endloop
  endfacet
  facet normal -0 0 -1
    outer loop
      vertex 26.3918 8.57522 0
      vertex 16.5 0 0
      vertex 25.3509 11.2869 0
    endloop
  endfacet
  facet normal 0 0 -1
    outer loop
      vertex 11.6673 -11.6673 0
      vertex 24.0322 -13.875 0
      vertex 22.4502 -16.311 0
    endloop
  endfacet
  facet normal 0 0 -1
    outer loop
      vertex 11.6673 11.6673 0
      vertex 25.3509 11.2869 0
      vertex 16.5 0 0
    endloop
  endfacet
  facet normal 0 0 -1
    outer loop
      vertex 11.6673 -11.6673 0
      vertex 22.4502 -16.311 0
      vertex 20.6223 -18.5684 0
    endloop
  endfacet
  facet normal 0 0 -1
    outer loop
      vertex 25.3509 11.2869 0
      vertex 11.6673 11.6673 0
      vertex 24.0322 13.875 0
    endloop
  endfacet
  facet normal 0 0 -1
    outer loop
      vertex 11.6673 -11.6673 0
      vertex 20.6223 -18.5684 0
      vertex 18.5684 -20.6223 0
    endloop
  endfacet
  facet normal -0 0 -1
    outer loop
      vertex 24.0322 13.875 0
      vertex 11.6673 11.6673 0
      vertex 22.4502 16.311 0
    endloop
  endfacet
  facet normal -0 0 -1
    outer loop
      vertex 22.4502 16.311 0
      vertex 11.6673 11.6673 0
      vertex 20.6223 18.5684 0
    endloop
  endfacet
  facet normal 0 0 -1
    outer loop
      vertex 11.6673 -11.6673 0
      vertex 18.5684 -20.6223 0
      vertex 16.311 -22.4502 0
    endloop
  endfacet
  facet normal 0 0 -1
    outer loop
      vertex 11.6673 -11.6673 0
      vertex 16.311 -22.4502 0
      vertex 13.875 -24.0322 0
    endloop
  endfacet
  facet normal -0 0 -1
    outer loop
      vertex 25.3509 -11.2869 0
      vertex 11.6673 -11.6673 0
      vertex 16.5 0 0
    endloop
  endfacet
  facet normal 0 0 -1
    outer loop
      vertex 11.2869 -25.3509 0
      vertex 11.6673 -11.6673 0
      vertex 13.875 -24.0322 0
    endloop
  endfacet
  facet normal 0 0 -1
    outer loop
      vertex 0 -16.5 0
      vertex 11.2869 -25.3509 0
      vertex 8.57522 -26.3918 0
    endloop
  endfacet
  facet normal 0 0 -1
    outer loop
      vertex 0 -16.5 0
      vertex 8.57522 -26.3918 0
      vertex 5.76955 -27.1436 0
    endloop
  endfacet
  facet normal 0 0 -1
    outer loop
      vertex 0 -16.5 0
      vertex 5.76955 -27.1436 0
      vertex 2.90066 -27.598 0
    endloop
  endfacet
  facet normal 0 0 -1
    outer loop
      vertex 0 -16.5 0
      vertex 2.90066 -27.598 0
      vertex 0 -27.75 0
    endloop
  endfacet
  facet normal 0 0 -1
    outer loop
      vertex 11.2869 -25.3509 0
      vertex 0 -16.5 0
      vertex 11.6673 -11.6673 0
    endloop
  endfacet
  facet normal 0 0 -1
    outer loop
      vertex -2.90066 -27.598 0
      vertex 0 -16.5 0
      vertex 0 -27.75 0
    endloop
  endfacet
  facet normal 0 0 -1
    outer loop
      vertex -5.76955 -27.1436 0
      vertex 0 -16.5 0
      vertex -2.90066 -27.598 0
    endloop
  endfacet
  facet normal 0 0 -1
    outer loop
      vertex -8.57522 -26.3918 0
      vertex 0 -16.5 0
      vertex -5.76955 -27.1436 0
    endloop
  endfacet
  facet normal 0 0 -1
    outer loop
      vertex -11.2869 -25.3509 0
      vertex 0 -16.5 0
      vertex -8.57522 -26.3918 0
    endloop
  endfacet
  facet normal 0 0 -1
    outer loop
      vertex -11.2869 -25.3509 0
      vertex -11.6673 -11.6673 0
      vertex 0 -16.5 0
    endloop
  endfacet
  facet normal 0 0 -1
    outer loop
      vertex -13.875 -24.0322 0
      vertex -11.6673 -11.6673 0
      vertex -11.2869 -25.3509 0
    endloop
  endfacet
  facet normal 0 0 -1
    outer loop
      vertex -16.311 -22.4502 0
      vertex -11.6673 -11.6673 0
      vertex -13.875 -24.0322 0
    endloop
  endfacet
  facet normal 0 0 -1
    outer loop
      vertex -19.1678 -17.9766 0
      vertex -11.6673 -11.6673 0
      vertex -16.311 -22.4502 0
    endloop
  endfacet
  facet normal 0 0 -1
    outer loop
      vertex -19.1255 -18.5814 0
      vertex -16.311 -22.4502 0
      vertex -18.5684 -20.6223 0
    endloop
  endfacet
  facet normal 0 0 -1
    outer loop
      vertex -11.6673 -11.6673 0
      vertex -19.1678 -17.9766 0
      vertex -19.2361 -17.6808 0
    endloop
  endfacet
  facet normal 0 0 -1
    outer loop
      vertex -16.5 0 0
      vertex -19.1308 18.2778 0
      vertex -19.1255 18.5814 0
    endloop
  endfacet
  facet normal 0 0 -1
    outer loop
      vertex -11.6673 -11.6673 0
      vertex -19.2361 -17.6808 0
      vertex -19.3349 -17.3938 0
    endloop
  endfacet
  facet normal 0 0 -1
    outer loop
      vertex -16.5 0 0
      vertex -19.1678 17.9766 0
      vertex -19.1308 18.2778 0
    endloop
  endfacet
  facet normal 0 0 -1
    outer loop
      vertex -19.4632 -17.1187 0
      vertex -11.6673 -11.6673 0
      vertex -19.3349 -17.3938 0
    endloop
  endfacet
  facet normal 0 0 -1
    outer loop
      vertex -16.5 0 0
      vertex -19.2361 17.6808 0
      vertex -19.1678 17.9766 0
    endloop
  endfacet
  facet normal 0 0 -1
    outer loop
      vertex -19.6196 -16.8585 0
      vertex -11.6673 -11.6673 0
      vertex -19.4632 -17.1187 0
    endloop
  endfacet
  facet normal 0 0 -1
    outer loop
      vertex -16.5 0 0
      vertex -19.3349 17.3938 0
      vertex -19.2361 17.6808 0
    endloop
  endfacet
  facet normal 0 0 -1
    outer loop
      vertex -19.8022 -16.6161 0
      vertex -11.6673 -11.6673 0
      vertex -19.6196 -16.8585 0
    endloop
  endfacet
  facet normal 0 0 -1
    outer loop
      vertex -16.5 0 0
      vertex -19.4632 17.1187 0
      vertex -19.3349 17.3938 0
    endloop
  endfacet
  facet normal 0 0 -1
    outer loop
      vertex -20.0093 -16.3941 0
      vertex -11.6673 -11.6673 0
      vertex -19.8022 -16.6161 0
    endloop
  endfacet
  facet normal 0 0 -1
    outer loop
      vertex -16.5 0 0
      vertex -19.6196 16.8585 0
      vertex -19.4632 17.1187 0
    endloop
  endfacet
  facet normal 0 0 -1
    outer loop
      vertex -20.2384 -16.1949 0
      vertex -11.6673 -11.6673 0
      vertex -20.0093 -16.3941 0
    endloop
  endfacet
  facet normal 0 0 -1
    outer loop
      vertex -16.5 0 0
      vertex -19.8022 16.6161 0
      vertex -19.6196 16.8585 0
    endloop
  endfacet
  facet normal 0 0 -1
    outer loop
      vertex -20.487 -16.0208 0
      vertex -11.6673 -11.6673 0
      vertex -20.2384 -16.1949 0
    endloop
  endfacet
  facet normal 0 0 -1
    outer loop
      vertex -16.5 0 0
      vertex -20.0093 16.3941 0
      vertex -19.8022 16.6161 0
    endloop
  endfacet
  facet normal 0 0 -1
    outer loop
      vertex -20.7525 -15.8736 0
      vertex -11.6673 -11.6673 0
      vertex -20.487 -16.0208 0
    endloop
  endfacet
  facet normal 0 0 -1
    outer loop
      vertex -16.5 0 0
      vertex -20.2384 16.1949 0
      vertex -20.0093 16.3941 0
    endloop
  endfacet
  facet normal 0 0 -1
    outer loop
      vertex -21.0319 -15.755 0
      vertex -11.6673 -11.6673 0
      vertex -20.7525 -15.8736 0
    endloop
  endfacet
  facet normal 0 -0 -1
    outer loop
      vertex -27.598 2.90066 0
      vertex -16.5 0 0
      vertex -27.75 0 0
    endloop
  endfacet
  facet normal 0 0 -1
    outer loop
      vertex -11.6673 -11.6673 0
      vertex -25.3509 -11.2869 0
      vertex -16.5 0 0
    endloop
  endfacet
  facet normal 0 -0 -1
    outer loop
      vertex -27.1436 5.76955 0
      vertex -16.5 0 0
      vertex -27.598 2.90066 0
    endloop
  endfacet
  facet normal -0 0 -1
    outer loop
      vertex -11.6673 -11.6673 0
      vertex -21.0319 -15.755 0
      vertex -25.3509 -11.2869 0
    endloop
  endfacet
  facet normal 0 -0 -1
    outer loop
      vertex -26.3918 8.57522 0
      vertex -16.5 0 0
      vertex -27.1436 5.76955 0
    endloop
  endfacet
  facet normal 0 0 -1
    outer loop
      vertex -25.3509 -11.2869 0
      vertex -21.0319 -15.755 0
      vertex -21.3222 -15.6663 0
    endloop
  endfacet
  facet normal 0 0 -1
    outer loop
      vertex -16.5 0 0
      vertex -20.487 16.0208 0
      vertex -20.2384 16.1949 0
    endloop
  endfacet
  facet normal 0 0 -1
    outer loop
      vertex -24.0322 -13.875 0
      vertex -21.3222 -15.6663 0
      vertex -21.6202 -15.6084 0
    endloop
  endfacet
  facet normal 0 -0 -1
    outer loop
      vertex -25.3509 11.2869 0
      vertex -16.5 0 0
      vertex -26.3918 8.57522 0
    endloop
  endfacet
  facet normal 0 0 -1
    outer loop
      vertex -24.0322 -13.875 0
      vertex -21.6202 -15.6084 0
      vertex -21.9226 -15.5819 0
    endloop
  endfacet
  facet normal 0 0 -1
    outer loop
      vertex -16.5 0 0
      vertex -20.7525 15.8736 0
      vertex -20.487 16.0208 0
    endloop
  endfacet
  facet normal 0 0 -1
    outer loop
      vertex -24.0322 -13.875 0
      vertex -21.9226 -15.5819 0
      vertex -22.2261 -15.5872 0
    endloop
  endfacet
  facet normal -0 0 -1
    outer loop
      vertex -16.5 0 0
      vertex -27.598 -2.90066 0
      vertex -27.75 0 0
    endloop
  endfacet
  facet normal 0 0 -1
    outer loop
      vertex -24.0322 -13.875 0
      vertex -22.2261 -15.5872 0
      vertex -22.5274 -15.6242 0
    endloop
  endfacet
  facet normal 0 0 -1
    outer loop
      vertex -16.5 0 0
      vertex -25.3509 11.2869 0
      vertex -20.7525 15.8736 0
    endloop
  endfacet
  facet normal 0 0 -1
    outer loop
      vertex -24.0322 -13.875 0
      vertex -22.5274 -15.6242 0
      vertex -22.8231 -15.6925 0
    endloop
  endfacet
  facet normal 0 0 -1
    outer loop
      vertex -16.5 0 0
      vertex -25.3509 -11.2869 0
      vertex -26.3918 -8.57522 0
    endloop
  endfacet
  facet normal 0 0 -1
    outer loop
      vertex -24.0322 -13.875 0
      vertex -22.8231 -15.6925 0
      vertex -22.8467 -15.7006 0
    endloop
  endfacet
  facet normal 0 0 -1
    outer loop
      vertex -16.5 0 0
      vertex -26.3918 -8.57522 0
      vertex -27.1436 -5.76955 0
    endloop
  endfacet
  facet normal 0 0 -1
    outer loop
      vertex -21.3222 -15.6663 0
      vertex -24.0322 -13.875 0
      vertex -25.3509 -11.2869 0
    endloop
  endfacet
  facet normal -0 0 -1
    outer loop
      vertex -22.2261 15.5872 0
      vertex -24.0322 13.875 0
      vertex -22.5274 15.6242 0
    endloop
  endfacet
  facet normal -0 0 -1
    outer loop
      vertex -22.5274 15.6242 0
      vertex -24.0322 13.875 0
      vertex -22.8231 15.6925 0
    endloop
  endfacet
  facet normal -0 0 -1
    outer loop
      vertex -22.8231 15.6925 0
      vertex -24.0322 13.875 0
      vertex -22.8467 15.7006 0
    endloop
  endfacet
  facet normal 0 0 -1
    outer loop
      vertex -16.5 0 0
      vertex -27.1436 -5.76955 0
      vertex -27.598 -2.90066 0
    endloop
  endfacet
  facet normal -0 0 -1
    outer loop
      vertex -21.9226 15.5819 0
      vertex -24.0322 13.875 0
      vertex -22.2261 15.5872 0
    endloop
  endfacet
  facet normal 0 0 -1
    outer loop
      vertex -20.7525 15.8736 0
      vertex -25.3509 11.2869 0
      vertex -21.0319 15.755 0
    endloop
  endfacet
  facet normal 0 0 -1
    outer loop
      vertex -21.6202 15.6084 0
      vertex -24.0322 13.875 0
      vertex -21.9226 15.5819 0
    endloop
  endfacet
  facet normal 0 -0 -1
    outer loop
      vertex -24.0322 13.875 0
      vertex -21.3222 15.6663 0
      vertex -25.3509 11.2869 0
    endloop
  endfacet
  facet normal 0 0 -1
    outer loop
      vertex -21.3222 15.6663 0
      vertex -24.0322 13.875 0
      vertex -21.6202 15.6084 0
    endloop
  endfacet
  facet normal 0 0 -1
    outer loop
      vertex -21.0319 15.755 0
      vertex -25.3509 11.2869 0
      vertex -21.3222 15.6663 0
    endloop
  endfacet
  facet normal 0 0 -1
    outer loop
      vertex -16.311 22.4502 0
      vertex -19.1255 18.5814 0
      vertex -18.5684 20.6223 0
    endloop
  endfacet
  facet normal 0 0 -1
    outer loop
      vertex -19.152 18.8837 0
      vertex -18.5684 20.6223 0
      vertex -19.1255 18.5814 0
    endloop
  endfacet
  facet normal 0 0 -1
    outer loop
      vertex -19.2099 19.1817 0
      vertex -18.5684 20.6223 0
      vertex -19.152 18.8837 0
    endloop
  endfacet
  facet normal 0 0 -1
    outer loop
      vertex -19.2987 19.472 0
      vertex -18.5684 20.6223 0
      vertex -19.2099 19.1817 0
    endloop
  endfacet
  facet normal 0 0 -1
    outer loop
      vertex -19.4173 19.7514 0
      vertex -18.5684 20.6223 0
      vertex -19.2987 19.472 0
    endloop
  endfacet
  facet normal 0 0 -1
    outer loop
      vertex -18.5684 20.6223 0
      vertex -19.4173 19.7514 0
      vertex -19.4251 19.7655 0
    endloop
  endfacet
  facet normal -0 0 -1
    outer loop
      vertex 20.6223 18.5684 0
      vertex 11.6673 11.6673 0
      vertex 18.5684 20.6223 0
    endloop
  endfacet
  facet normal -0 0 -1
    outer loop
      vertex 18.5684 20.6223 0
      vertex 11.6673 11.6673 0
      vertex 16.311 22.4502 0
    endloop
  endfacet
  facet normal -0 0 -1
    outer loop
      vertex 16.311 22.4502 0
      vertex 11.6673 11.6673 0
      vertex 13.875 24.0322 0
    endloop
  endfacet
  facet normal 0 0 -1
    outer loop
      vertex 11.6673 11.6673 0
      vertex 11.2869 25.3509 0
      vertex 13.875 24.0322 0
    endloop
  endfacet
  facet normal 0 0 -1
    outer loop
      vertex 0 16.5 0
      vertex 11.2869 25.3509 0
      vertex 11.6673 11.6673 0
    endloop
  endfacet
  facet normal -0 0 -1
    outer loop
      vertex 11.2869 25.3509 0
      vertex 0 16.5 0
      vertex 8.57522 26.3918 0
    endloop
  endfacet
  facet normal -0 0 -1
    outer loop
      vertex 8.57522 26.3918 0
      vertex 0 16.5 0
      vertex 5.76955 27.1436 0
    endloop
  endfacet
  facet normal -0 0 -1
    outer loop
      vertex 5.76955 27.1436 0
      vertex 0 16.5 0
      vertex 2.90066 27.598 0
    endloop
  endfacet
  facet normal 0 0 -1
    outer loop
      vertex 0 16.5 0
      vertex 0 27.75 0
      vertex 2.90066 27.598 0
    endloop
  endfacet
  facet normal 0 0 -1
    outer loop
      vertex 0 16.5 0
      vertex -2.90066 27.598 0
      vertex 0 27.75 0
    endloop
  endfacet
  facet normal 0 0 -1
    outer loop
      vertex 0 16.5 0
      vertex -5.76955 27.1436 0
      vertex -2.90066 27.598 0
    endloop
  endfacet
  facet normal 0 0 -1
    outer loop
      vertex 0 16.5 0
      vertex -8.57522 26.3918 0
      vertex -5.76955 27.1436 0
    endloop
  endfacet
  facet normal 0 0 -1
    outer loop
      vertex 0 16.5 0
      vertex -11.2869 25.3509 0
      vertex -8.57522 26.3918 0
    endloop
  endfacet
  facet normal 0 0 -1
    outer loop
      vertex -11.6673 11.6673 0
      vertex -11.2869 25.3509 0
      vertex 0 16.5 0
    endloop
  endfacet
  facet normal 0 0 -1
    outer loop
      vertex -11.6673 11.6673 0
      vertex -13.875 24.0322 0
      vertex -11.2869 25.3509 0
    endloop
  endfacet
  facet normal 0 0 -1
    outer loop
      vertex -11.6673 11.6673 0
      vertex -16.311 22.4502 0
      vertex -13.875 24.0322 0
    endloop
  endfacet
  facet normal 0 0 -1
    outer loop
      vertex -19.1255 18.5814 0
      vertex -11.6673 11.6673 0
      vertex -16.5 0 0
    endloop
  endfacet
  facet normal 0 0 -1
    outer loop
      vertex -16.311 -22.4502 0
      vertex -19.1255 -18.5814 0
      vertex -19.1308 -18.2778 0
    endloop
  endfacet
  facet normal 0 0 -1
    outer loop
      vertex -16.311 -22.4502 0
      vertex -19.1308 -18.2778 0
      vertex -19.1678 -17.9766 0
    endloop
  endfacet
  facet normal 0 0 -1
    outer loop
      vertex -19.1255 18.5814 0
      vertex -16.311 22.4502 0
      vertex -11.6673 11.6673 0
    endloop
  endfacet
  facet normal 0 0 -1
    outer loop
      vertex -18.5684 -20.6223 0
      vertex -19.152 -18.8837 0
      vertex -19.1255 -18.5814 0
    endloop
  endfacet
  facet normal 0 0 -1
    outer loop
      vertex -18.5684 -20.6223 0
      vertex -19.2099 -19.1817 0
      vertex -19.152 -18.8837 0
    endloop
  endfacet
  facet normal 0 0 -1
    outer loop
      vertex -18.5684 -20.6223 0
      vertex -19.2987 -19.472 0
      vertex -19.2099 -19.1817 0
    endloop
  endfacet
  facet normal 0 0 -1
    outer loop
      vertex -18.5684 -20.6223 0
      vertex -19.4173 -19.7514 0
      vertex -19.2987 -19.472 0
    endloop
  endfacet
  facet normal 0 -0 -1
    outer loop
      vertex -19.4173 -19.7514 0
      vertex -18.5684 -20.6223 0
      vertex -19.4251 -19.7655 0
    endloop
  endfacet
  facet normal -0.838671 -0.544639 0
    outer loop
      vertex -22.8467 -15.7006 0
      vertex -24.0322 -13.875 1
      vertex -24.0322 -13.875 0
    endloop
  endfacet
  facet normal -0.838671 -0.544639 0
    outer loop
      vertex -24.0322 -13.875 1
      vertex -22.8467 -15.7006 0
      vertex -22.8467 -15.7006 1
    endloop
  endfacet
  facet normal 0.156434 0.987688 -0
    outer loop
      vertex 5.76955 27.1436 0
      vertex 2.90066 27.598 1
      vertex 5.76955 27.1436 1
    endloop
  endfacet
  facet normal 0.156434 0.987688 0
    outer loop
      vertex 2.90066 27.598 1
      vertex 5.76955 27.1436 0
      vertex 2.90066 27.598 0
    endloop
  endfacet
  facet normal 0 0 1
    outer loop
      vertex 27.598 2.90066 1
      vertex 27.5705 2.64928 1
      vertex 27.6104 2.66459 1
    endloop
  endfacet
  facet normal 0 0 1
    outer loop
      vertex 27.598 2.90066 1
      vertex 27.3 2.51147 1
      vertex 27.5705 2.64928 1
    endloop
  endfacet
  facet normal 0 0 1
    outer loop
      vertex 27.0454 2.34615 1
      vertex 27.598 2.90066 1
      vertex 27.1436 5.76955 1
    endloop
  endfacet
  facet normal 0 0 1
    outer loop
      vertex 27.598 2.90066 1
      vertex 27.0454 2.34615 1
      vertex 27.3 2.51147 1
    endloop
  endfacet
  facet normal 0 0 1
    outer loop
      vertex 27.1436 5.76955 1
      vertex 26.8095 2.15512 1
      vertex 27.0454 2.34615 1
    endloop
  endfacet
  facet normal 0 0 1
    outer loop
      vertex 27.1436 5.76955 1
      vertex 26.5949 1.94048 1
      vertex 26.8095 2.15512 1
    endloop
  endfacet
  facet normal 0 0 1
    outer loop
      vertex 27.1436 5.76955 1
      vertex 26.4039 1.70458 1
      vertex 26.5949 1.94048 1
    endloop
  endfacet
  facet normal 0 0 1
    outer loop
      vertex 17.5 0 1
      vertex 27.1436 5.76955 1
      vertex 26.3918 8.57522 1
    endloop
  endfacet
  facet normal 0 -0 1
    outer loop
      vertex 26.2385 1.45 1
      vertex 27.1436 5.76955 1
      vertex 17.5 0 1
    endloop
  endfacet
  facet normal 0 0 1
    outer loop
      vertex 27.1436 5.76955 1
      vertex 26.2385 1.45 1
      vertex 26.4039 1.70458 1
    endloop
  endfacet
  facet normal 0 0 1
    outer loop
      vertex 26.2385 1.45 1
      vertex 17.5 0 1
      vertex 26.1007 1.17954 1
    endloop
  endfacet
  facet normal 0 0 1
    outer loop
      vertex 26.1007 1.17954 1
      vertex 17.5 0 1
      vertex 25.9919 0.896149 1
    endloop
  endfacet
  facet normal 0 0 1
    outer loop
      vertex 25.9919 0.896149 1
      vertex 17.5 0 1
      vertex 25.9134 0.602943 1
    endloop
  endfacet
  facet normal 0 0 1
    outer loop
      vertex 25.9134 0.602943 1
      vertex 17.5 0 1
      vertex 25.8659 0.303132 1
    endloop
  endfacet
  facet normal 0 0 1
    outer loop
      vertex 17.5 0 1
      vertex 26.3918 8.57522 1
      vertex 25.3509 11.2869 1
    endloop
  endfacet
  facet normal 0 0 1
    outer loop
      vertex 27.5705 -2.64928 1
      vertex 27.598 -2.90066 1
      vertex 27.6104 -2.66459 1
    endloop
  endfacet
  facet normal 0 0 1
    outer loop
      vertex 27.3 -2.51147 1
      vertex 27.598 -2.90066 1
      vertex 27.5705 -2.64928 1
    endloop
  endfacet
  facet normal 0 0 1
    outer loop
      vertex 27.0454 -2.34615 1
      vertex 27.598 -2.90066 1
      vertex 27.3 -2.51147 1
    endloop
  endfacet
  facet normal 0 0 1
    outer loop
      vertex 27.598 -2.90066 1
      vertex 27.0454 -2.34615 1
      vertex 27.1436 -5.76955 1
    endloop
  endfacet
  facet normal 0 0 1
    outer loop
      vertex 26.8095 -2.15512 1
      vertex 27.1436 -5.76955 1
      vertex 27.0454 -2.34615 1
    endloop
  endfacet
  facet normal 0 0 1
    outer loop
      vertex 26.5949 -1.94048 1
      vertex 27.1436 -5.76955 1
      vertex 26.8095 -2.15512 1
    endloop
  endfacet
  facet normal 0 0 1
    outer loop
      vertex 26.4039 -1.70458 1
      vertex 27.1436 -5.76955 1
      vertex 26.5949 -1.94048 1
    endloop
  endfacet
  facet normal 0 0 1
    outer loop
      vertex 26.2385 -1.45 1
      vertex 27.1436 -5.76955 1
      vertex 26.4039 -1.70458 1
    endloop
  endfacet
  facet normal 0 0 1
    outer loop
      vertex 27.1436 -5.76955 1
      vertex 26.2385 -1.45 1
      vertex 17.5 0 1
    endloop
  endfacet
  facet normal 0 0 1
    outer loop
      vertex 17.5 0 1
      vertex 26.2385 -1.45 1
      vertex 26.1007 -1.17954 1
    endloop
  endfacet
  facet normal 0 0 1
    outer loop
      vertex 17.5 0 1
      vertex 26.1007 -1.17954 1
      vertex 25.9919 -0.896149 1
    endloop
  endfacet
  facet normal 0 0 1
    outer loop
      vertex 17.5 0 1
      vertex 25.9919 -0.896149 1
      vertex 25.9134 -0.602943 1
    endloop
  endfacet
  facet normal 0 0 1
    outer loop
      vertex 17.5 0 1
      vertex 25.9134 -0.602943 1
      vertex 25.8659 -0.303132 1
    endloop
  endfacet
  facet normal 0 0 1
    outer loop
      vertex 27.1436 -5.76955 1
      vertex 17.5 0 1
      vertex 26.3918 -8.57522 1
    endloop
  endfacet
  facet normal -0 0 1
    outer loop
      vertex 17.5 0 1
      vertex 25.8659 -0.303132 1
      vertex 25.85 0 1
    endloop
  endfacet
  facet normal 0 0 1
    outer loop
      vertex 25.8659 0.303132 1
      vertex 17.5 0 1
      vertex 25.85 0 1
    endloop
  endfacet
  facet normal -0 0 1
    outer loop
      vertex 12.3744 12.3744 1
      vertex 25.3509 11.2869 1
      vertex 24.0322 13.875 1
    endloop
  endfacet
  facet normal 0 0 1
    outer loop
      vertex 26.3918 -8.57522 1
      vertex 17.5 0 1
      vertex 25.3509 -11.2869 1
    endloop
  endfacet
  facet normal 0 0 1
    outer loop
      vertex 12.3744 12.3744 1
      vertex 24.0322 13.875 1
      vertex 22.4502 16.311 1
    endloop
  endfacet
  facet normal 0 0 1
    outer loop
      vertex 12.3744 -12.3744 1
      vertex 25.3509 -11.2869 1
      vertex 17.5 0 1
    endloop
  endfacet
  facet normal 0 0 1
    outer loop
      vertex 12.3744 12.3744 1
      vertex 22.4502 16.311 1
      vertex 20.6223 18.5684 1
    endloop
  endfacet
  facet normal 0 0 1
    outer loop
      vertex 25.3509 -11.2869 1
      vertex 12.3744 -12.3744 1
      vertex 24.0322 -13.875 1
    endloop
  endfacet
  facet normal 0 0 1
    outer loop
      vertex 12.3744 12.3744 1
      vertex 20.6223 18.5684 1
      vertex 18.5684 20.6223 1
    endloop
  endfacet
  facet normal 0 0 1
    outer loop
      vertex 24.0322 -13.875 1
      vertex 12.3744 -12.3744 1
      vertex 22.4502 -16.311 1
    endloop
  endfacet
  facet normal 0 0 1
    outer loop
      vertex 22.4502 -16.311 1
      vertex 12.3744 -12.3744 1
      vertex 20.6223 -18.5684 1
    endloop
  endfacet
  facet normal 0 0 1
    outer loop
      vertex 12.3744 12.3744 1
      vertex 18.5684 20.6223 1
      vertex 16.311 22.4502 1
    endloop
  endfacet
  facet normal 0 0 1
    outer loop
      vertex 12.3744 12.3744 1
      vertex 16.311 22.4502 1
      vertex 13.875 24.0322 1
    endloop
  endfacet
  facet normal 0 0 1
    outer loop
      vertex 25.3509 11.2869 1
      vertex 12.3744 12.3744 1
      vertex 17.5 0 1
    endloop
  endfacet
  facet normal 0 0 1
    outer loop
      vertex 11.2869 25.3509 1
      vertex 12.3744 12.3744 1
      vertex 13.875 24.0322 1
    endloop
  endfacet
  facet normal 0 0 1
    outer loop
      vertex 0 17.5 1
      vertex 11.2869 25.3509 1
      vertex 8.57522 26.3918 1
    endloop
  endfacet
  facet normal 0 0 1
    outer loop
      vertex 0 17.5 1
      vertex 8.57522 26.3918 1
      vertex 5.76955 27.1436 1
    endloop
  endfacet
  facet normal 0 0 1
    outer loop
      vertex 0 17.5 1
      vertex 5.76955 27.1436 1
      vertex 2.90066 27.598 1
    endloop
  endfacet
  facet normal 0 0 1
    outer loop
      vertex 0 17.5 1
      vertex 2.90066 27.598 1
      vertex 0 27.75 1
    endloop
  endfacet
  facet normal 0 0 1
    outer loop
      vertex 11.2869 25.3509 1
      vertex 0 17.5 1
      vertex 12.3744 12.3744 1
    endloop
  endfacet
  facet normal -0 0 1
    outer loop
      vertex -2.90066 27.598 1
      vertex 0 17.5 1
      vertex 0 27.75 1
    endloop
  endfacet
  facet normal -0 0 1
    outer loop
      vertex -5.76955 27.1436 1
      vertex 0 17.5 1
      vertex -2.90066 27.598 1
    endloop
  endfacet
  facet normal -0 0 1
    outer loop
      vertex -8.57522 26.3918 1
      vertex 0 17.5 1
      vertex -5.76955 27.1436 1
    endloop
  endfacet
  facet normal -0 0 1
    outer loop
      vertex -11.2869 25.3509 1
      vertex 0 17.5 1
      vertex -8.57522 26.3918 1
    endloop
  endfacet
  facet normal 0 0 1
    outer loop
      vertex -11.2869 25.3509 1
      vertex -12.3744 12.3744 1
      vertex 0 17.5 1
    endloop
  endfacet
  facet normal -0 0 1
    outer loop
      vertex -13.875 24.0322 1
      vertex -12.3744 12.3744 1
      vertex -11.2869 25.3509 1
    endloop
  endfacet
  facet normal -0 0 1
    outer loop
      vertex -16.311 22.4502 1
      vertex -12.3744 12.3744 1
      vertex -13.875 24.0322 1
    endloop
  endfacet
  facet normal -0 0 1
    outer loop
      vertex -19.1308 18.2778 1
      vertex -12.3744 12.3744 1
      vertex -16.311 22.4502 1
    endloop
  endfacet
  facet normal 0 0 1
    outer loop
      vertex -19.1255 18.5814 1
      vertex -16.311 22.4502 1
      vertex -18.5684 20.6223 1
    endloop
  endfacet
  facet normal 0 0 1
    outer loop
      vertex -12.3744 12.3744 1
      vertex -19.1678 17.9766 1
      vertex -19.2361 17.6808 1
    endloop
  endfacet
  facet normal 0 0 1
    outer loop
      vertex -17.5 0 1
      vertex -19.1308 -18.2778 1
      vertex -19.1255 -18.5814 1
    endloop
  endfacet
  facet normal 0 0 1
    outer loop
      vertex -12.3744 12.3744 1
      vertex -19.2361 17.6808 1
      vertex -19.3349 17.3938 1
    endloop
  endfacet
  facet normal 0 0 1
    outer loop
      vertex -17.5 0 1
      vertex -19.1678 -17.9766 1
      vertex -19.1308 -18.2778 1
    endloop
  endfacet
  facet normal -0 0 1
    outer loop
      vertex -19.4632 17.1187 1
      vertex -12.3744 12.3744 1
      vertex -19.3349 17.3938 1
    endloop
  endfacet
  facet normal 0 0 1
    outer loop
      vertex -17.5 0 1
      vertex -19.2361 -17.6808 1
      vertex -19.1678 -17.9766 1
    endloop
  endfacet
  facet normal -0 0 1
    outer loop
      vertex -19.6196 16.8585 1
      vertex -12.3744 12.3744 1
      vertex -19.4632 17.1187 1
    endloop
  endfacet
  facet normal 0 0 1
    outer loop
      vertex -17.5 0 1
      vertex -19.3349 -17.3938 1
      vertex -19.2361 -17.6808 1
    endloop
  endfacet
  facet normal -0 0 1
    outer loop
      vertex -19.8022 16.6161 1
      vertex -12.3744 12.3744 1
      vertex -19.6196 16.8585 1
    endloop
  endfacet
  facet normal 0 0 1
    outer loop
      vertex -17.5 0 1
      vertex -19.4632 -17.1187 1
      vertex -19.3349 -17.3938 1
    endloop
  endfacet
  facet normal -0 0 1
    outer loop
      vertex -20.0093 16.3941 1
      vertex -12.3744 12.3744 1
      vertex -19.8022 16.6161 1
    endloop
  endfacet
  facet normal 0 0 1
    outer loop
      vertex -17.5 0 1
      vertex -19.6196 -16.8585 1
      vertex -19.4632 -17.1187 1
    endloop
  endfacet
  facet normal -0 0 1
    outer loop
      vertex -20.2384 16.1949 1
      vertex -12.3744 12.3744 1
      vertex -20.0093 16.3941 1
    endloop
  endfacet
  facet normal 0 0 1
    outer loop
      vertex -17.5 0 1
      vertex -19.8022 -16.6161 1
      vertex -19.6196 -16.8585 1
    endloop
  endfacet
  facet normal -0 0 1
    outer loop
      vertex -20.487 16.0208 1
      vertex -12.3744 12.3744 1
      vertex -20.2384 16.1949 1
    endloop
  endfacet
  facet normal 0 0 1
    outer loop
      vertex -17.5 0 1
      vertex -20.0093 -16.3941 1
      vertex -19.8022 -16.6161 1
    endloop
  endfacet
  facet normal -0 0 1
    outer loop
      vertex -20.7525 15.8736 1
      vertex -12.3744 12.3744 1
      vertex -20.487 16.0208 1
    endloop
  endfacet
  facet normal 0 0 1
    outer loop
      vertex -17.5 0 1
      vertex -20.2384 -16.1949 1
      vertex -20.0093 -16.3941 1
    endloop
  endfacet
  facet normal -0 0 1
    outer loop
      vertex -21.0319 15.755 1
      vertex -12.3744 12.3744 1
      vertex -20.7525 15.8736 1
    endloop
  endfacet
  facet normal 0 -0 1
    outer loop
      vertex -27.598 -2.90066 1
      vertex -17.5 0 1
      vertex -27.75 0 1
    endloop
  endfacet
  facet normal 0 0 1
    outer loop
      vertex -12.3744 12.3744 1
      vertex -25.3509 11.2869 1
      vertex -17.5 0 1
    endloop
  endfacet
  facet normal 0 -0 1
    outer loop
      vertex -27.1436 -5.76955 1
      vertex -17.5 0 1
      vertex -27.598 -2.90066 1
    endloop
  endfacet
  facet normal 0 0 1
    outer loop
      vertex -12.3744 12.3744 1
      vertex -21.0319 15.755 1
      vertex -25.3509 11.2869 1
    endloop
  endfacet
  facet normal 0 -0 1
    outer loop
      vertex -26.3918 -8.57522 1
      vertex -17.5 0 1
      vertex -27.1436 -5.76955 1
    endloop
  endfacet
  facet normal 0 0 1
    outer loop
      vertex -25.3509 11.2869 1
      vertex -21.0319 15.755 1
      vertex -21.3222 15.6663 1
    endloop
  endfacet
  facet normal 0 0 1
    outer loop
      vertex -17.5 0 1
      vertex -20.487 -16.0208 1
      vertex -20.2384 -16.1949 1
    endloop
  endfacet
  facet normal 0 0 1
    outer loop
      vertex -24.0322 13.875 1
      vertex -21.3222 15.6663 1
      vertex -21.6202 15.6084 1
    endloop
  endfacet
  facet normal 0 -0 1
    outer loop
      vertex -25.3509 -11.2869 1
      vertex -17.5 0 1
      vertex -26.3918 -8.57522 1
    endloop
  endfacet
  facet normal 0 0 1
    outer loop
      vertex -24.0322 13.875 1
      vertex -21.6202 15.6084 1
      vertex -21.9226 15.5819 1
    endloop
  endfacet
  facet normal 0 0 1
    outer loop
      vertex -17.5 0 1
      vertex -20.7525 -15.8736 1
      vertex -20.487 -16.0208 1
    endloop
  endfacet
  facet normal 0 0 1
    outer loop
      vertex -24.0322 13.875 1
      vertex -21.9226 15.5819 1
      vertex -22.2261 15.5872 1
    endloop
  endfacet
  facet normal 0 0 1
    outer loop
      vertex -17.5 0 1
      vertex -27.598 2.90066 1
      vertex -27.75 0 1
    endloop
  endfacet
  facet normal 0 0 1
    outer loop
      vertex -24.0322 13.875 1
      vertex -22.2261 15.5872 1
      vertex -22.5274 15.6242 1
    endloop
  endfacet
  facet normal 0 0 1
    outer loop
      vertex -17.5 0 1
      vertex -25.3509 -11.2869 1
      vertex -20.7525 -15.8736 1
    endloop
  endfacet
  facet normal 0 0 1
    outer loop
      vertex -24.0322 13.875 1
      vertex -22.5274 15.6242 1
      vertex -22.8231 15.6925 1
    endloop
  endfacet
  facet normal 0 0 1
    outer loop
      vertex -17.5 0 1
      vertex -25.3509 11.2869 1
      vertex -26.3918 8.57522 1
    endloop
  endfacet
  facet normal 0 0 1
    outer loop
      vertex -24.0322 13.875 1
      vertex -22.8231 15.6925 1
      vertex -22.8467 15.7006 1
    endloop
  endfacet
  facet normal 0 0 1
    outer loop
      vertex -17.5 0 1
      vertex -26.3918 8.57522 1
      vertex -27.1436 5.76955 1
    endloop
  endfacet
  facet normal 0 0 1
    outer loop
      vertex -21.3222 15.6663 1
      vertex -24.0322 13.875 1
      vertex -25.3509 11.2869 1
    endloop
  endfacet
  facet normal 0 0 1
    outer loop
      vertex -22.2261 -15.5872 1
      vertex -24.0322 -13.875 1
      vertex -22.5274 -15.6242 1
    endloop
  endfacet
  facet normal 0 0 1
    outer loop
      vertex -22.5274 -15.6242 1
      vertex -24.0322 -13.875 1
      vertex -22.8231 -15.6925 1
    endloop
  endfacet
  facet normal 0 0 1
    outer loop
      vertex -22.8231 -15.6925 1
      vertex -24.0322 -13.875 1
      vertex -22.8467 -15.7006 1
    endloop
  endfacet
  facet normal 0 0 1
    outer loop
      vertex -17.5 0 1
      vertex -27.1436 5.76955 1
      vertex -27.598 2.90066 1
    endloop
  endfacet
  facet normal 0 0 1
    outer loop
      vertex -21.9226 -15.5819 1
      vertex -24.0322 -13.875 1
      vertex -22.2261 -15.5872 1
    endloop
  endfacet
  facet normal 0 0 1
    outer loop
      vertex -20.7525 -15.8736 1
      vertex -25.3509 -11.2869 1
      vertex -21.0319 -15.755 1
    endloop
  endfacet
  facet normal 0 0 1
    outer loop
      vertex -21.6202 -15.6084 1
      vertex -24.0322 -13.875 1
      vertex -21.9226 -15.5819 1
    endloop
  endfacet
  facet normal -0 -0 1
    outer loop
      vertex -24.0322 -13.875 1
      vertex -21.3222 -15.6663 1
      vertex -25.3509 -11.2869 1
    endloop
  endfacet
  facet normal 0 0 1
    outer loop
      vertex -21.3222 -15.6663 1
      vertex -24.0322 -13.875 1
      vertex -21.6202 -15.6084 1
    endloop
  endfacet
  facet normal 0 0 1
    outer loop
      vertex -21.0319 -15.755 1
      vertex -25.3509 -11.2869 1
      vertex -21.3222 -15.6663 1
    endloop
  endfacet
  facet normal 0 0 1
    outer loop
      vertex -16.311 -22.4502 1
      vertex -19.1255 -18.5814 1
      vertex -18.5684 -20.6223 1
    endloop
  endfacet
  facet normal -0 0 1
    outer loop
      vertex -19.152 -18.8837 1
      vertex -18.5684 -20.6223 1
      vertex -19.1255 -18.5814 1
    endloop
  endfacet
  facet normal -0 0 1
    outer loop
      vertex -19.2099 -19.1817 1
      vertex -18.5684 -20.6223 1
      vertex -19.152 -18.8837 1
    endloop
  endfacet
  facet normal -0 0 1
    outer loop
      vertex -19.2987 -19.472 1
      vertex -18.5684 -20.6223 1
      vertex -19.2099 -19.1817 1
    endloop
  endfacet
  facet normal -0 0 1
    outer loop
      vertex -19.4173 -19.7514 1
      vertex -18.5684 -20.6223 1
      vertex -19.2987 -19.472 1
    endloop
  endfacet
  facet normal 0 0 1
    outer loop
      vertex -18.5684 -20.6223 1
      vertex -19.4173 -19.7514 1
      vertex -19.4251 -19.7655 1
    endloop
  endfacet
  facet normal 0 0 1
    outer loop
      vertex 20.6223 -18.5684 1
      vertex 12.3744 -12.3744 1
      vertex 18.5684 -20.6223 1
    endloop
  endfacet
  facet normal 0 0 1
    outer loop
      vertex 18.5684 -20.6223 1
      vertex 12.3744 -12.3744 1
      vertex 16.311 -22.4502 1
    endloop
  endfacet
  facet normal 0 0 1
    outer loop
      vertex 16.311 -22.4502 1
      vertex 12.3744 -12.3744 1
      vertex 13.875 -24.0322 1
    endloop
  endfacet
  facet normal 0 0 1
    outer loop
      vertex 12.3744 -12.3744 1
      vertex 11.2869 -25.3509 1
      vertex 13.875 -24.0322 1
    endloop
  endfacet
  facet normal -0 0 1
    outer loop
      vertex 0 -17.5 1
      vertex 11.2869 -25.3509 1
      vertex 12.3744 -12.3744 1
    endloop
  endfacet
  facet normal 0 0 1
    outer loop
      vertex 11.2869 -25.3509 1
      vertex 0 -17.5 1
      vertex 8.57522 -26.3918 1
    endloop
  endfacet
  facet normal 0 0 1
    outer loop
      vertex 8.57522 -26.3918 1
      vertex 0 -17.5 1
      vertex 5.76955 -27.1436 1
    endloop
  endfacet
  facet normal 0 0 1
    outer loop
      vertex 5.76955 -27.1436 1
      vertex 0 -17.5 1
      vertex 2.90066 -27.598 1
    endloop
  endfacet
  facet normal 0 0 1
    outer loop
      vertex 0 -17.5 1
      vertex 0 -27.75 1
      vertex 2.90066 -27.598 1
    endloop
  endfacet
  facet normal 0 0 1
    outer loop
      vertex 0 -17.5 1
      vertex -2.90066 -27.598 1
      vertex 0 -27.75 1
    endloop
  endfacet
  facet normal 0 0 1
    outer loop
      vertex 0 -17.5 1
      vertex -5.76955 -27.1436 1
      vertex -2.90066 -27.598 1
    endloop
  endfacet
  facet normal 0 0 1
    outer loop
      vertex 0 -17.5 1
      vertex -8.57522 -26.3918 1
      vertex -5.76955 -27.1436 1
    endloop
  endfacet
  facet normal 0 0 1
    outer loop
      vertex 0 -17.5 1
      vertex -11.2869 -25.3509 1
      vertex -8.57522 -26.3918 1
    endloop
  endfacet
  facet normal 0 0 1
    outer loop
      vertex -12.3744 -12.3744 1
      vertex -11.2869 -25.3509 1
      vertex 0 -17.5 1
    endloop
  endfacet
  facet normal 0 0 1
    outer loop
      vertex -12.3744 -12.3744 1
      vertex -13.875 -24.0322 1
      vertex -11.2869 -25.3509 1
    endloop
  endfacet
  facet normal 0 0 1
    outer loop
      vertex -12.3744 -12.3744 1
      vertex -16.311 -22.4502 1
      vertex -13.875 -24.0322 1
    endloop
  endfacet
  facet normal 0 0 1
    outer loop
      vertex -19.1255 -18.5814 1
      vertex -12.3744 -12.3744 1
      vertex -17.5 0 1
    endloop
  endfacet
  facet normal -0 0 1
    outer loop
      vertex -19.1255 -18.5814 1
      vertex -16.311 -22.4502 1
      vertex -12.3744 -12.3744 1
    endloop
  endfacet
  facet normal 0 0 1
    outer loop
      vertex -16.311 22.4502 1
      vertex -19.1255 18.5814 1
      vertex -19.1308 18.2778 1
    endloop
  endfacet
  facet normal 0 0 1
    outer loop
      vertex -12.3744 12.3744 1
      vertex -19.1308 18.2778 1
      vertex -19.1678 17.9766 1
    endloop
  endfacet
  facet normal 0 0 1
    outer loop
      vertex -18.5684 20.6223 1
      vertex -19.152 18.8837 1
      vertex -19.1255 18.5814 1
    endloop
  endfacet
  facet normal 0 0 1
    outer loop
      vertex -18.5684 20.6223 1
      vertex -19.2099 19.1817 1
      vertex -19.152 18.8837 1
    endloop
  endfacet
  facet normal 0 0 1
    outer loop
      vertex -18.5684 20.6223 1
      vertex -19.2987 19.472 1
      vertex -19.2099 19.1817 1
    endloop
  endfacet
  facet normal 0 0 1
    outer loop
      vertex -18.5684 20.6223 1
      vertex -19.4173 19.7514 1
      vertex -19.2987 19.472 1
    endloop
  endfacet
  facet normal 0 -0 1
    outer loop
      vertex -19.4173 19.7514 1
      vertex -18.5684 20.6223 1
      vertex -19.4251 19.7655 1
    endloop
  endfacet
  facet normal -0.987688 0.156434 0
    outer loop
      vertex -27.598 2.90066 0
      vertex -27.1436 5.76955 1
      vertex -27.1436 5.76955 0
    endloop
  endfacet
  facet normal -0.987688 0.156434 0
    outer loop
      vertex -27.1436 5.76955 1
      vertex -27.598 2.90066 0
      vertex -27.598 2.90066 1
    endloop
  endfacet
  facet normal 0.987688 -0.156434 0
    outer loop
      vertex 27.1436 -5.76955 1
      vertex 27.598 -2.90066 0
      vertex 27.598 -2.90066 1
    endloop
  endfacet
  facet normal 0.987688 -0.156434 0
    outer loop
      vertex 27.598 -2.90066 0
      vertex 27.1436 -5.76955 1
      vertex 27.1436 -5.76955 0
    endloop
  endfacet
  facet normal 0.838671 -0.544639 0
    outer loop
      vertex 22.4502 -16.311 1
      vertex 24.0322 -13.875 0
      vertex 24.0322 -13.875 1
    endloop
  endfacet
  facet normal 0.838671 -0.544639 0
    outer loop
      vertex 24.0322 -13.875 0
      vertex 22.4502 -16.311 1
      vertex 22.4502 -16.311 0
    endloop
  endfacet
  facet normal 0.358368 -0.93358 0
    outer loop
      vertex 8.57522 -26.3918 0
      vertex 11.2869 -25.3509 1
      vertex 8.57522 -26.3918 1
    endloop
  endfacet
  facet normal 0.358368 -0.93358 0
    outer loop
      vertex 11.2869 -25.3509 1
      vertex 8.57522 -26.3918 0
      vertex 11.2869 -25.3509 0
    endloop
  endfacet
  facet normal 0.544639 -0.838671 0
    outer loop
      vertex 13.875 -24.0322 0
      vertex 16.311 -22.4502 1
      vertex 13.875 -24.0322 1
    endloop
  endfacet
  facet normal 0.544639 -0.838671 0
    outer loop
      vertex 16.311 -22.4502 1
      vertex 13.875 -24.0322 0
      vertex 16.311 -22.4502 0
    endloop
  endfacet
  facet normal -0.258819 -0.965926 0
    outer loop
      vertex -8.57522 -26.3918 0
      vertex -5.76955 -27.1436 1
      vertex -8.57522 -26.3918 1
    endloop
  endfacet
  facet normal -0.258819 -0.965926 -0
    outer loop
      vertex -5.76955 -27.1436 1
      vertex -8.57522 -26.3918 0
      vertex -5.76955 -27.1436 0
    endloop
  endfacet
  facet normal -0.62932 -0.777146 0
    outer loop
      vertex -18.5684 -20.6223 0
      vertex -16.311 -22.4502 1
      vertex -18.5684 -20.6223 1
    endloop
  endfacet
  facet normal -0.62932 -0.777146 -0
    outer loop
      vertex -16.311 -22.4502 1
      vertex -18.5684 -20.6223 0
      vertex -16.311 -22.4502 0
    endloop
  endfacet
  facet normal 0.92388 0.382683 0
    outer loop
      vertex 12.3744 12.3744 15.75
      vertex 13.9231 8.63546 8
      vertex 12.3744 12.3744 1
    endloop
  endfacet
  facet normal 0.923876 0.382692 -5.1933e-006
    outer loop
      vertex 12.3744 12.3744 15.75
      vertex 13.9252 8.6303 8.10658
      vertex 13.9231 8.63546 8
    endloop
  endfacet
  facet normal 0.923879 0.382685 -1.05449e-006
    outer loop
      vertex 12.3744 12.3744 15.75
      vertex 13.9286 8.62205 8.277
      vertex 13.9252 8.6303 8.10658
    endloop
  endfacet
  facet normal 0.923881 0.382681 1.59096e-006
    outer loop
      vertex 12.3744 12.3744 15.75
      vertex 13.9388 8.59739 8.44555
      vertex 13.9286 8.62205 8.277
    endloop
  endfacet
  facet normal 0.923879 0.382684 -6.25722e-007
    outer loop
      vertex 12.3744 12.3744 15.75
      vertex 13.9452 8.58196 8.55097
      vertex 13.9388 8.59739 8.44555
    endloop
  endfacet
  facet normal 0.923879 0.382684 -6.15885e-007
    outer loop
      vertex 12.3744 12.3744 15.75
      vertex 13.9727 8.51564 8.81889
      vertex 13.9452 8.58196 8.55097
    endloop
  endfacet
  facet normal 0.92388 0.382682 7.44521e-007
    outer loop
      vertex 12.3744 12.3744 15.75
      vertex 14.0107 8.4238 9.07785
      vertex 13.9727 8.51564 8.81889
    endloop
  endfacet
  facet normal 0.923879 0.382684 -1.00162e-007
    outer loop
      vertex 12.3744 12.3744 15.75
      vertex 14.0404 8.35222 9.2299
      vertex 14.0107 8.4238 9.07785
    endloop
  endfacet
  facet normal 0.923881 0.382679 3.14367e-006
    outer loop
      vertex 12.3744 12.3744 15.75
      vertex 14.0589 8.30746 9.325
      vertex 14.0404 8.35222 9.2299
    endloop
  endfacet
  facet normal 0.923877 0.382689 -4.11604e-006
    outer loop
      vertex 12.3744 12.3744 15.75
      vertex 14.0812 8.25375 9.41451
      vertex 14.0589 8.30746 9.325
    endloop
  endfacet
  facet normal 0.923879 0.382684 -6.65005e-007
    outer loop
      vertex 12.3744 12.3744 15.75
      vertex 14.1168 8.16788 9.55763
      vertex 14.0812 8.25375 9.41451
    endloop
  endfacet
  facet normal 0.92388 0.382682 1.18049e-006
    outer loop
      vertex 12.3744 12.3744 15.75
      vertex 14.1578 8.06867 9.69025
      vertex 14.1168 8.16788 9.55763
    endloop
  endfacet
  facet normal 0.923881 0.382681 2.39194e-006
    outer loop
      vertex 12.3744 12.3744 15.75
      vertex 14.1836 8.00661 9.7732
      vertex 14.1578 8.06867 9.69025
    endloop
  endfacet
  facet normal 0.923878 0.382686 -2.26689e-006
    outer loop
      vertex 12.3744 12.3744 15.75
      vertex 14.2124 7.93689 9.84866
      vertex 14.1836 8.00661 9.7732
    endloop
  endfacet
  facet normal 0.923879 0.382684 -1.85677e-007
    outer loop
      vertex 12.3744 12.3744 15.75
      vertex 14.2586 7.8254 9.96933
      vertex 14.2124 7.93689 9.84866
    endloop
  endfacet
  facet normal 0.923879 0.382684 -2.79612e-007
    outer loop
      vertex 12.3744 12.3744 15.75
      vertex 14.3094 7.70288 10.0767
      vertex 14.2586 7.8254 9.96933
    endloop
  endfacet
  facet normal 0.92388 0.382682 1.67251e-006
    outer loop
      vertex 12.3744 12.3744 15.75
      vertex 14.3411 7.62625 10.1439
      vertex 14.3094 7.70288 10.0767
    endloop
  endfacet
  facet normal 0.92388 0.382682 1.80196e-006
    outer loop
      vertex 12.3744 12.3744 15.75
      vertex 14.3754 7.54355 10.202
      vertex 14.3411 7.62625 10.1439
    endloop
  endfacet
  facet normal 0.923879 0.382686 -2.58391e-006
    outer loop
      vertex 12.3744 12.3744 15.75
      vertex 14.4301 7.41132 10.295
      vertex 14.3754 7.54355 10.202
    endloop
  endfacet
  facet normal 0.923879 0.382684 -4.93359e-007
    outer loop
      vertex 12.3744 12.3744 15.75
      vertex 14.4883 7.27085 10.3724
      vertex 14.4301 7.41132 10.295
    endloop
  endfacet
  facet normal 0.923879 0.382684 -9.73304e-007
    outer loop
      vertex 12.3744 12.3744 15.75
      vertex 14.5247 7.18299 10.4209
      vertex 14.4883 7.27085 10.3724
    endloop
  endfacet
  facet normal 0.923881 0.382679 5.31736e-006
    outer loop
      vertex 12.3744 12.3744 15.75
      vertex 14.5628 7.09093 10.4591
      vertex 14.5247 7.18299 10.4209
    endloop
  endfacet
  facet normal 0.923879 0.382685 -2.08903e-006
    outer loop
      vertex 12.3744 12.3744 15.75
      vertex 14.6238 6.94374 10.5203
      vertex 14.5628 7.09093 10.4591
    endloop
  endfacet
  facet normal 0.92388 0.382682 1.47297e-006
    outer loop
      vertex 12.3744 12.3744 15.75
      vertex 14.6869 6.79146 10.5645
      vertex 14.6238 6.94374 10.5203
    endloop
  endfacet
  facet normal 0.92388 0.382681 2.53931e-006
    outer loop
      vertex 12.3744 12.3744 15.75
      vertex 14.7263 6.69621 10.5921
      vertex 14.6869 6.79146 10.5645
    endloop
  endfacet
  facet normal 0.923879 0.382684 -8.26426e-007
    outer loop
      vertex 12.3744 12.3744 15.75
      vertex 14.8312 6.4431 10.6355
      vertex 14.7263 6.69621 10.5921
    endloop
  endfacet
  facet normal 0.92388 0.382683 -3.78516e-008
    outer loop
      vertex 12.3744 12.3744 15.75
      vertex 14.872 6.34463 10.6411
      vertex 14.8312 6.4431 10.6355
    endloop
  endfacet
  facet normal 0.923879 0.382684 -2.44237e-007
    outer loop
      vertex 12.3744 12.3744 15.75
      vertex 14.9372 6.18718 10.65
      vertex 14.872 6.34463 10.6411
    endloop
  endfacet
  facet normal 0.92388 0.382683 -3.57799e-008
    outer loop
      vertex 17.5 0 15.75
      vertex 14.9372 6.18718 10.65
      vertex 12.3744 12.3744 15.75
    endloop
  endfacet
  facet normal 0.923879 0.382685 2.06893e-006
    outer loop
      vertex 14.9372 6.18718 10.65
      vertex 17.5 0 15.75
      vertex 14.978 6.08871 10.6444
    endloop
  endfacet
  facet normal 0.923879 0.382685 1.50198e-006
    outer loop
      vertex 14.978 6.08871 10.6444
      vertex 17.5 0 15.75
      vertex 15.0432 5.93127 10.6355
    endloop
  endfacet
  facet normal 0.923879 0.382684 8.26426e-007
    outer loop
      vertex 15.0432 5.93127 10.6355
      vertex 17.5 0 15.75
      vertex 15.148 5.67816 10.5921
    endloop
  endfacet
  facet normal 0.92388 0.382681 -2.45463e-006
    outer loop
      vertex 15.148 5.67816 10.5921
      vertex 17.5 0 15.75
      vertex 15.2111 5.52587 10.5479
    endloop
  endfacet
  facet normal 0.92388 0.382683 -9.81236e-007
    outer loop
      vertex 15.2111 5.52587 10.5479
      vertex 17.5 0 15.75
      vertex 15.2506 5.43062 10.5203
    endloop
  endfacet
  facet normal 0.923879 0.382685 2.08903e-006
    outer loop
      vertex 15.2506 5.43062 10.5203
      vertex 17.5 0 15.75
      vertex 15.3115 5.28343 10.4591
    endloop
  endfacet
  facet normal 0.92388 0.382682 -1.36032e-006
    outer loop
      vertex 15.3115 5.28343 10.4591
      vertex 17.5 0 15.75
      vertex 15.3497 5.19138 10.4209
    endloop
  endfacet
  facet normal 0.923879 0.382685 2.35248e-006
    outer loop
      vertex 15.3497 5.19138 10.4209
      vertex 17.5 0 15.75
      vertex 15.3861 5.10352 10.3724
    endloop
  endfacet
  facet normal 0.923881 0.38268 -3.32871e-006
    outer loop
      vertex 15.3861 5.10352 10.3724
      vertex 17.5 0 15.75
      vertex 15.4442 4.96304 10.295
    endloop
  endfacet
  facet normal 0.923879 0.382686 2.5635e-006
    outer loop
      vertex 15.4442 4.96304 10.295
      vertex 17.5 0 15.75
      vertex 15.499 4.83082 10.202
    endloop
  endfacet
  facet normal 0.923876 0.382691 4.42058e-006
    outer loop
      vertex 17.5 0 15.75
      vertex 15.9479 3.74715 8.17042
      vertex 15.9457 3.75232 8.277
    endloop
  endfacet
  facet normal 0.923879 0.382684 5.70418e-007
    outer loop
      vertex 15.9479 3.74715 8.17042
      vertex 17.5 0 15.75
      vertex 15.9513 3.7389 8
    endloop
  endfacet
  facet normal 0.923879 0.382684 2.8516e-007
    outer loop
      vertex 15.9291 3.7924 8.55097
      vertex 17.5 0 15.75
      vertex 15.9457 3.75232 8.277
    endloop
  endfacet
  facet normal 0.923882 0.382678 -3.28778e-006
    outer loop
      vertex 15.9186 3.81792 8.65406
      vertex 17.5 0 15.75
      vertex 15.9291 3.7924 8.55097
    endloop
  endfacet
  facet normal 0.923878 0.382686 1.9296e-006
    outer loop
      vertex 15.9017 3.85873 8.81889
      vertex 17.5 0 15.75
      vertex 15.9186 3.81792 8.65406
    endloop
  endfacet
  facet normal 0.92388 0.382683 -5.39538e-007
    outer loop
      vertex 15.8636 3.95057 9.07785
      vertex 17.5 0 15.75
      vertex 15.9017 3.85873 8.81889
    endloop
  endfacet
  facet normal 0.92388 0.382682 -9.20858e-007
    outer loop
      vertex 15.834 4.02215 9.2299
      vertex 17.5 0 15.75
      vertex 15.8636 3.95057 9.07785
    endloop
  endfacet
  facet normal 0.923881 0.382681 -2.05533e-006
    outer loop
      vertex 15.8154 4.06691 9.325
      vertex 17.5 0 15.75
      vertex 15.834 4.02215 9.2299
    endloop
  endfacet
  facet normal 0.923878 0.382687 3.05561e-006
    outer loop
      vertex 15.7932 4.12062 9.41451
      vertex 17.5 0 15.75
      vertex 15.8154 4.06691 9.325
    endloop
  endfacet
  facet normal 0.923881 0.382681 -1.87404e-006
    outer loop
      vertex 15.7576 4.20648 9.55763
      vertex 17.5 0 15.75
      vertex 15.7932 4.12062 9.41451
    endloop
  endfacet
  facet normal 0.923879 0.382686 2.04024e-006
    outer loop
      vertex 15.7165 4.3057 9.69025
      vertex 17.5 0 15.75
      vertex 15.7576 4.20648 9.55763
    endloop
  endfacet
  facet normal 0.923881 0.382681 -2.40738e-006
    outer loop
      vertex 15.6908 4.36776 9.7732
      vertex 17.5 0 15.75
      vertex 15.7165 4.3057 9.69025
    endloop
  endfacet
  facet normal 0.923879 0.382684 8.69206e-007
    outer loop
      vertex 15.6446 4.47924 9.89386
      vertex 17.5 0 15.75
      vertex 15.6908 4.36776 9.7732
    endloop
  endfacet
  facet normal 0.923879 0.382685 1.18994e-006
    outer loop
      vertex 15.6158 4.54896 9.96933
      vertex 17.5 0 15.75
      vertex 15.6446 4.47924 9.89386
    endloop
  endfacet
  facet normal 0.92388 0.382683 -5.31009e-007
    outer loop
      vertex 15.584 4.62559 10.0365
      vertex 17.5 0 15.75
      vertex 15.6158 4.54896 9.96933
    endloop
  endfacet
  facet normal 0.92388 0.382682 -1.13625e-006
    outer loop
      vertex 15.5333 4.74812 10.1439
      vertex 17.5 0 15.75
      vertex 15.584 4.62559 10.0365
    endloop
  endfacet
  facet normal 0.92388 0.382683 -6.30504e-007
    outer loop
      vertex 15.499 4.83082 10.202
      vertex 17.5 0 15.75
      vertex 15.5333 4.74812 10.1439
    endloop
  endfacet
  facet normal 0.923876 0.382692 5.23954e-006
    outer loop
      vertex 13.9252 8.6303 7.89342
      vertex 12.3744 12.3744 1
      vertex 13.9231 8.63546 8
    endloop
  endfacet
  facet normal 0.923879 0.382685 1.06388e-006
    outer loop
      vertex 13.9286 8.62205 7.723
      vertex 12.3744 12.3744 1
      vertex 13.9252 8.6303 7.89342
    endloop
  endfacet
  facet normal 0.923881 0.382681 -1.62783e-006
    outer loop
      vertex 13.9388 8.59739 7.55445
      vertex 12.3744 12.3744 1
      vertex 13.9286 8.62205 7.723
    endloop
  endfacet
  facet normal 0.923879 0.382684 6.40222e-007
    outer loop
      vertex 13.9452 8.58196 7.44903
      vertex 12.3744 12.3744 1
      vertex 13.9388 8.59739 7.55445
    endloop
  endfacet
  facet normal 0.923879 0.382684 6.37104e-007
    outer loop
      vertex 13.9727 8.51564 7.1811
      vertex 12.3744 12.3744 1
      vertex 13.9452 8.58196 7.44903
    endloop
  endfacet
  facet normal 0.92388 0.382682 -7.77249e-007
    outer loop
      vertex 14.0107 8.4238 6.92215
      vertex 12.3744 12.3744 1
      vertex 13.9727 8.51564 7.1811
    endloop
  endfacet
  facet normal 0.923879 0.382684 1.0541e-007
    outer loop
      vertex 14.0404 8.35222 6.7701
      vertex 12.3744 12.3744 1
      vertex 14.0107 8.4238 6.92215
    endloop
  endfacet
  facet normal 0.923881 0.382679 -3.30837e-006
    outer loop
      vertex 14.0589 8.30746 6.675
      vertex 12.3744 12.3744 1
      vertex 14.0404 8.35222 6.7701
    endloop
  endfacet
  facet normal 0.923877 0.382689 4.36392e-006
    outer loop
      vertex 14.0812 8.25375 6.58549
      vertex 12.3744 12.3744 1
      vertex 14.0589 8.30746 6.675
    endloop
  endfacet
  facet normal 0.923879 0.382684 7.05055e-007
    outer loop
      vertex 14.1168 8.16788 6.44237
      vertex 12.3744 12.3744 1
      vertex 14.0812 8.25375 6.58549
    endloop
  endfacet
  facet normal 0.92388 0.382682 -1.26051e-006
    outer loop
      vertex 14.1578 8.06867 6.30975
      vertex 12.3744 12.3744 1
      vertex 14.1168 8.16788 6.44237
    endloop
  endfacet
  facet normal 0.923881 0.382681 -2.55407e-006
    outer loop
      vertex 14.1836 8.00661 6.2268
      vertex 12.3744 12.3744 1
      vertex 14.1578 8.06867 6.30975
    endloop
  endfacet
  facet normal 0.923879 0.382686 2.43767e-006
    outer loop
      vertex 14.2124 7.93689 6.15133
      vertex 12.3744 12.3744 1
      vertex 14.1836 8.00661 6.2268
    endloop
  endfacet
  facet normal 0.923879 0.382684 1.99666e-007
    outer loop
      vertex 14.2586 7.8254 6.03067
      vertex 12.3744 12.3744 1
      vertex 14.2124 7.93689 6.15133
    endloop
  endfacet
  facet normal 0.923879 0.382684 3.02868e-007
    outer loop
      vertex 14.3094 7.70288 5.92327
      vertex 12.3744 12.3744 1
      vertex 14.2586 7.8254 6.03067
    endloop
  endfacet
  facet normal 0.92388 0.382682 -1.8116e-006
    outer loop
      vertex 14.3411 7.62625 5.8561
      vertex 12.3744 12.3744 1
      vertex 14.3094 7.70288 5.92327
    endloop
  endfacet
  facet normal 0.92388 0.382682 -1.9669e-006
    outer loop
      vertex 14.3754 7.54355 5.79798
      vertex 12.3744 12.3744 1
      vertex 14.3411 7.62625 5.8561
    endloop
  endfacet
  facet normal 0.923879 0.382686 2.82043e-006
    outer loop
      vertex 14.4301 7.41132 5.70503
      vertex 12.3744 12.3744 1
      vertex 14.3754 7.54355 5.79798
    endloop
  endfacet
  facet normal 0.923879 0.382684 5.43078e-007
    outer loop
      vertex 14.4883 7.27085 5.62756
      vertex 12.3744 12.3744 1
      vertex 14.4301 7.41132 5.70503
    endloop
  endfacet
  facet normal 0.923879 0.382684 1.07139e-006
    outer loop
      vertex 14.5247 7.18299 5.5791
      vertex 12.3744 12.3744 1
      vertex 14.4883 7.27085 5.62756
    endloop
  endfacet
  facet normal 0.923881 0.382679 -5.90938e-006
    outer loop
      vertex 14.5628 7.09093 5.54086
      vertex 12.3744 12.3744 1
      vertex 14.5247 7.18299 5.5791
    endloop
  endfacet
  facet normal 0.923879 0.382685 2.32163e-006
    outer loop
      vertex 14.6238 6.94374 5.4797
      vertex 12.3744 12.3744 1
      vertex 14.5628 7.09093 5.54086
    endloop
  endfacet
  facet normal 0.92388 0.382682 -1.65542e-006
    outer loop
      vertex 14.6869 6.79146 5.43553
      vertex 12.3744 12.3744 1
      vertex 14.6238 6.94374 5.4797
    endloop
  endfacet
  facet normal 0.92388 0.382681 -2.85386e-006
    outer loop
      vertex 14.7263 6.69621 5.40791
      vertex 12.3744 12.3744 1
      vertex 14.6869 6.79146 5.43553
    endloop
  endfacet
  facet normal 0.923879 0.382684 9.41605e-007
    outer loop
      vertex 14.8312 6.4431 5.36452
      vertex 12.3744 12.3744 1
      vertex 14.7263 6.69621 5.40791
    endloop
  endfacet
  facet normal 0.92388 0.382683 4.38905e-008
    outer loop
      vertex 14.872 6.34463 5.35893
      vertex 12.3744 12.3744 1
      vertex 14.8312 6.4431 5.36452
    endloop
  endfacet
  facet normal 0.923879 0.382684 2.83203e-007
    outer loop
      vertex 14.9372 6.18718 5.35
      vertex 12.3744 12.3744 1
      vertex 14.872 6.34463 5.35893
    endloop
  endfacet
  facet normal 0.923879 0.382685 -2.39901e-006
    outer loop
      vertex 17.5 0 1
      vertex 14.9372 6.18718 5.35
      vertex 14.978 6.08871 5.35559
    endloop
  endfacet
  facet normal 0.923879 0.382684 -1.74161e-006
    outer loop
      vertex 17.5 0 1
      vertex 14.978 6.08871 5.35559
      vertex 15.0432 5.93127 5.36452
    endloop
  endfacet
  facet normal 0.923879 0.382684 -9.41605e-007
    outer loop
      vertex 17.5 0 1
      vertex 15.0432 5.93127 5.36452
      vertex 15.148 5.67816 5.40791
    endloop
  endfacet
  facet normal 0.92388 0.382682 2.75868e-006
    outer loop
      vertex 17.5 0 1
      vertex 15.148 5.67816 5.40791
      vertex 15.2111 5.52587 5.45208
    endloop
  endfacet
  facet normal 0.92388 0.382683 1.10279e-006
    outer loop
      vertex 17.5 0 1
      vertex 15.2111 5.52587 5.45208
      vertex 15.2506 5.43062 5.4797
    endloop
  endfacet
  facet normal 0.923879 0.382685 -2.32163e-006
    outer loop
      vertex 17.5 0 1
      vertex 15.2506 5.43062 5.4797
      vertex 15.3115 5.28343 5.54086
    endloop
  endfacet
  facet normal 0.92388 0.382682 1.51177e-006
    outer loop
      vertex 17.5 0 1
      vertex 15.3115 5.28343 5.54086
      vertex 15.3497 5.19138 5.5791
    endloop
  endfacet
  facet normal 0.923879 0.382685 -2.58956e-006
    outer loop
      vertex 17.5 0 1
      vertex 15.3497 5.19138 5.5791
      vertex 15.3861 5.10352 5.62756
    endloop
  endfacet
  facet normal 0.923881 0.382681 3.66416e-006
    outer loop
      vertex 17.5 0 1
      vertex 15.3861 5.10352 5.62756
      vertex 15.4442 4.96304 5.70503
    endloop
  endfacet
  facet normal 0.92388 0.382683 6.88219e-007
    outer loop
      vertex 17.5 0 1
      vertex 15.499 4.83082 5.79798
      vertex 15.5333 4.74812 5.8561
    endloop
  endfacet
  facet normal 0.923879 0.382684 -5.75495e-007
    outer loop
      vertex 17.5 0 1
      vertex 15.9479 3.74715 7.82958
      vertex 15.9513 3.7389 8
    endloop
  endfacet
  facet normal 0.92388 0.382683 -0
    outer loop
      vertex 17.5 0 1
      vertex 15.9513 3.7389 8
      vertex 17.5 0 15.75
    endloop
  endfacet
  facet normal 0.923877 0.38269 -4.45995e-006
    outer loop
      vertex 15.9479 3.74715 7.82958
      vertex 17.5 0 1
      vertex 15.9457 3.75232 7.723
    endloop
  endfacet
  facet normal 0.923879 0.382684 -2.91768e-007
    outer loop
      vertex 15.9457 3.75232 7.723
      vertex 17.5 0 1
      vertex 15.9291 3.7924 7.44903
    endloop
  endfacet
  facet normal 0.923882 0.382679 3.40106e-006
    outer loop
      vertex 15.9291 3.7924 7.44903
      vertex 17.5 0 1
      vertex 15.9186 3.81792 7.34594
    endloop
  endfacet
  facet normal 0.923878 0.382686 -1.99607e-006
    outer loop
      vertex 15.9186 3.81792 7.34594
      vertex 17.5 0 1
      vertex 15.9017 3.85873 7.1811
    endloop
  endfacet
  facet normal 0.92388 0.382683 4.19489e-008
    outer loop
      vertex 14.9372 6.18718 5.35
      vertex 17.5 0 1
      vertex 12.3744 12.3744 1
    endloop
  endfacet
  facet normal 0.923879 0.382686 -2.79815e-006
    outer loop
      vertex 15.499 4.83082 5.79798
      vertex 17.5 0 1
      vertex 15.4442 4.96304 5.70503
    endloop
  endfacet
  facet normal 0.92388 0.382682 1.23076e-006
    outer loop
      vertex 15.584 4.62559 5.9635
      vertex 17.5 0 1
      vertex 15.5333 4.74812 5.8561
    endloop
  endfacet
  facet normal 0.92388 0.382683 5.7517e-007
    outer loop
      vertex 15.6158 4.54896 6.03067
      vertex 17.5 0 1
      vertex 15.584 4.62559 5.9635
    endloop
  endfacet
  facet normal 0.923879 0.382685 -1.27959e-006
    outer loop
      vertex 15.6446 4.47924 6.10613
      vertex 17.5 0 1
      vertex 15.6158 4.54896 6.03067
    endloop
  endfacet
  facet normal 0.923879 0.382684 -9.34696e-007
    outer loop
      vertex 15.6908 4.36776 6.2268
      vertex 17.5 0 1
      vertex 15.6446 4.47924 6.10613
    endloop
  endfacet
  facet normal 0.923881 0.382681 2.57056e-006
    outer loop
      vertex 15.7165 4.3057 6.30975
      vertex 17.5 0 1
      vertex 15.6908 4.36776 6.2268
    endloop
  endfacet
  facet normal 0.923879 0.382686 -2.17853e-006
    outer loop
      vertex 15.7576 4.20648 6.44237
      vertex 17.5 0 1
      vertex 15.7165 4.3057 6.30975
    endloop
  endfacet
  facet normal 0.92388 0.382681 1.98691e-006
    outer loop
      vertex 15.7932 4.12062 6.58549
      vertex 17.5 0 1
      vertex 15.7576 4.20648 6.44237
    endloop
  endfacet
  facet normal 0.923878 0.382687 -3.23963e-006
    outer loop
      vertex 15.8154 4.06691 6.675
      vertex 17.5 0 1
      vertex 15.7932 4.12062 6.58549
    endloop
  endfacet
  facet normal 0.923881 0.382681 2.16302e-006
    outer loop
      vertex 15.834 4.02215 6.7701
      vertex 17.5 0 1
      vertex 15.8154 4.06691 6.675
    endloop
  endfacet
  facet normal 0.92388 0.382682 9.69107e-007
    outer loop
      vertex 15.8636 3.95057 6.92215
      vertex 17.5 0 1
      vertex 15.834 4.02215 6.7701
    endloop
  endfacet
  facet normal 0.92388 0.382683 5.63256e-007
    outer loop
      vertex 15.9017 3.85873 7.1811
      vertex 17.5 0 1
      vertex 15.8636 3.95057 6.92215
    endloop
  endfacet
  facet normal -0.92388 0.382683 0
    outer loop
      vertex -12.3744 12.3744 1
      vertex -13.9231 8.63546 8
      vertex -12.3744 12.3744 15.75
    endloop
  endfacet
  facet normal -0.923876 0.382692 5.23957e-006
    outer loop
      vertex -12.3744 12.3744 1
      vertex -13.9252 8.6303 7.89342
      vertex -13.9231 8.63546 8
    endloop
  endfacet
  facet normal -0.923879 0.382685 1.06388e-006
    outer loop
      vertex -12.3744 12.3744 1
      vertex -13.9286 8.62205 7.723
      vertex -13.9252 8.6303 7.89342
    endloop
  endfacet
  facet normal -0.923881 0.382681 -1.62783e-006
    outer loop
      vertex -12.3744 12.3744 1
      vertex -13.9388 8.59739 7.55445
      vertex -13.9286 8.62205 7.723
    endloop
  endfacet
  facet normal -0.923879 0.382684 6.40222e-007
    outer loop
      vertex -12.3744 12.3744 1
      vertex -13.9452 8.58196 7.44903
      vertex -13.9388 8.59739 7.55445
    endloop
  endfacet
  facet normal -0.923879 0.382684 6.37104e-007
    outer loop
      vertex -12.3744 12.3744 1
      vertex -13.9727 8.51564 7.1811
      vertex -13.9452 8.58196 7.44903
    endloop
  endfacet
  facet normal -0.92388 0.382682 -7.77249e-007
    outer loop
      vertex -12.3744 12.3744 1
      vertex -14.0107 8.4238 6.92215
      vertex -13.9727 8.51564 7.1811
    endloop
  endfacet
  facet normal -0.923879 0.382684 1.0541e-007
    outer loop
      vertex -12.3744 12.3744 1
      vertex -14.0404 8.35222 6.7701
      vertex -14.0107 8.4238 6.92215
    endloop
  endfacet
  facet normal -0.923881 0.382679 -3.30837e-006
    outer loop
      vertex -12.3744 12.3744 1
      vertex -14.0589 8.30746 6.675
      vertex -14.0404 8.35222 6.7701
    endloop
  endfacet
  facet normal -0.923877 0.382689 4.36392e-006
    outer loop
      vertex -12.3744 12.3744 1
      vertex -14.0812 8.25375 6.58549
      vertex -14.0589 8.30746 6.675
    endloop
  endfacet
  facet normal -0.923879 0.382684 7.05055e-007
    outer loop
      vertex -12.3744 12.3744 1
      vertex -14.1168 8.16788 6.44237
      vertex -14.0812 8.25375 6.58549
    endloop
  endfacet
  facet normal -0.92388 0.382682 -1.26051e-006
    outer loop
      vertex -12.3744 12.3744 1
      vertex -14.1578 8.06867 6.30975
      vertex -14.1168 8.16788 6.44237
    endloop
  endfacet
  facet normal -0.923881 0.382681 -2.55407e-006
    outer loop
      vertex -12.3744 12.3744 1
      vertex -14.1836 8.00661 6.2268
      vertex -14.1578 8.06867 6.30975
    endloop
  endfacet
  facet normal -0.923879 0.382686 2.43767e-006
    outer loop
      vertex -12.3744 12.3744 1
      vertex -14.2124 7.93689 6.15133
      vertex -14.1836 8.00661 6.2268
    endloop
  endfacet
  facet normal -0.923879 0.382684 1.99666e-007
    outer loop
      vertex -12.3744 12.3744 1
      vertex -14.2586 7.8254 6.03067
      vertex -14.2124 7.93689 6.15133
    endloop
  endfacet
  facet normal -0.923879 0.382684 3.02868e-007
    outer loop
      vertex -12.3744 12.3744 1
      vertex -14.3094 7.70288 5.92327
      vertex -14.2586 7.8254 6.03067
    endloop
  endfacet
  facet normal -0.92388 0.382682 -1.8116e-006
    outer loop
      vertex -12.3744 12.3744 1
      vertex -14.3411 7.62625 5.8561
      vertex -14.3094 7.70288 5.92327
    endloop
  endfacet
  facet normal -0.92388 0.382682 -1.9669e-006
    outer loop
      vertex -12.3744 12.3744 1
      vertex -14.3754 7.54355 5.79798
      vertex -14.3411 7.62625 5.8561
    endloop
  endfacet
  facet normal -0.923879 0.382686 2.82043e-006
    outer loop
      vertex -12.3744 12.3744 1
      vertex -14.4301 7.41132 5.70503
      vertex -14.3754 7.54355 5.79798
    endloop
  endfacet
  facet normal -0.923879 0.382684 5.43078e-007
    outer loop
      vertex -12.3744 12.3744 1
      vertex -14.4883 7.27085 5.62756
      vertex -14.4301 7.41132 5.70503
    endloop
  endfacet
  facet normal -0.923879 0.382684 1.07139e-006
    outer loop
      vertex -12.3744 12.3744 1
      vertex -14.5247 7.18299 5.5791
      vertex -14.4883 7.27085 5.62756
    endloop
  endfacet
  facet normal -0.923881 0.382679 -5.90938e-006
    outer loop
      vertex -12.3744 12.3744 1
      vertex -14.5628 7.09093 5.54086
      vertex -14.5247 7.18299 5.5791
    endloop
  endfacet
  facet normal -0.923879 0.382685 2.32163e-006
    outer loop
      vertex -12.3744 12.3744 1
      vertex -14.6238 6.94374 5.4797
      vertex -14.5628 7.09093 5.54086
    endloop
  endfacet
  facet normal -0.92388 0.382682 -1.65542e-006
    outer loop
      vertex -12.3744 12.3744 1
      vertex -14.6869 6.79146 5.43553
      vertex -14.6238 6.94374 5.4797
    endloop
  endfacet
  facet normal -0.92388 0.382681 -2.85386e-006
    outer loop
      vertex -12.3744 12.3744 1
      vertex -14.7263 6.69621 5.40791
      vertex -14.6869 6.79146 5.43553
    endloop
  endfacet
  facet normal -0.923879 0.382684 9.41605e-007
    outer loop
      vertex -12.3744 12.3744 1
      vertex -14.8312 6.4431 5.36452
      vertex -14.7263 6.69621 5.40791
    endloop
  endfacet
  facet normal -0.92388 0.382683 4.38905e-008
    outer loop
      vertex -12.3744 12.3744 1
      vertex -14.872 6.34463 5.35893
      vertex -14.8312 6.4431 5.36452
    endloop
  endfacet
  facet normal -0.923879 0.382684 2.83203e-007
    outer loop
      vertex -12.3744 12.3744 1
      vertex -14.9372 6.18718 5.35
      vertex -14.872 6.34463 5.35893
    endloop
  endfacet
  facet normal -0.92388 0.382683 4.19489e-008
    outer loop
      vertex -17.5 0 1
      vertex -14.9372 6.18718 5.35
      vertex -12.3744 12.3744 1
    endloop
  endfacet
  facet normal -0.923879 0.382685 -2.39901e-006
    outer loop
      vertex -14.9372 6.18718 5.35
      vertex -17.5 0 1
      vertex -14.978 6.08871 5.35559
    endloop
  endfacet
  facet normal -0.923879 0.382684 -1.74161e-006
    outer loop
      vertex -14.978 6.08871 5.35559
      vertex -17.5 0 1
      vertex -15.0432 5.93127 5.36452
    endloop
  endfacet
  facet normal -0.923879 0.382684 -9.41605e-007
    outer loop
      vertex -15.0432 5.93127 5.36452
      vertex -17.5 0 1
      vertex -15.148 5.67816 5.40791
    endloop
  endfacet
  facet normal -0.92388 0.382682 2.75868e-006
    outer loop
      vertex -15.148 5.67816 5.40791
      vertex -17.5 0 1
      vertex -15.2111 5.52587 5.45208
    endloop
  endfacet
  facet normal -0.92388 0.382683 1.10279e-006
    outer loop
      vertex -15.2111 5.52587 5.45208
      vertex -17.5 0 1
      vertex -15.2506 5.43062 5.4797
    endloop
  endfacet
  facet normal -0.923879 0.382685 -2.32163e-006
    outer loop
      vertex -15.2506 5.43062 5.4797
      vertex -17.5 0 1
      vertex -15.3115 5.28343 5.54086
    endloop
  endfacet
  facet normal -0.92388 0.382682 1.51177e-006
    outer loop
      vertex -15.3115 5.28343 5.54086
      vertex -17.5 0 1
      vertex -15.3497 5.19138 5.5791
    endloop
  endfacet
  facet normal -0.923879 0.382685 -2.58956e-006
    outer loop
      vertex -15.3497 5.19138 5.5791
      vertex -17.5 0 1
      vertex -15.3861 5.10352 5.62756
    endloop
  endfacet
  facet normal -0.923879 0.382686 -2.79815e-006
    outer loop
      vertex -17.5 0 1
      vertex -15.499 4.83082 5.79798
      vertex -15.4442 4.96304 5.70503
    endloop
  endfacet
  facet normal -0.923877 0.38269 -4.45997e-006
    outer loop
      vertex -17.5 0 1
      vertex -15.9479 3.74715 7.82958
      vertex -15.9457 3.75232 7.723
    endloop
  endfacet
  facet normal -0.923879 0.382684 -5.75497e-007
    outer loop
      vertex -15.9479 3.74715 7.82958
      vertex -17.5 0 1
      vertex -15.9513 3.7389 8
    endloop
  endfacet
  facet normal -0.923879 0.382684 -2.91768e-007
    outer loop
      vertex -15.9291 3.7924 7.44903
      vertex -17.5 0 1
      vertex -15.9457 3.75232 7.723
    endloop
  endfacet
  facet normal -0.923882 0.382679 3.40106e-006
    outer loop
      vertex -15.9186 3.81792 7.34594
      vertex -17.5 0 1
      vertex -15.9291 3.7924 7.44903
    endloop
  endfacet
  facet normal -0.923878 0.382686 -1.99607e-006
    outer loop
      vertex -15.9017 3.85873 7.1811
      vertex -17.5 0 1
      vertex -15.9186 3.81792 7.34594
    endloop
  endfacet
  facet normal -0.92388 0.382683 5.63256e-007
    outer loop
      vertex -15.8636 3.95057 6.92215
      vertex -17.5 0 1
      vertex -15.9017 3.85873 7.1811
    endloop
  endfacet
  facet normal -0.92388 0.382682 9.69107e-007
    outer loop
      vertex -15.834 4.02215 6.7701
      vertex -17.5 0 1
      vertex -15.8636 3.95057 6.92215
    endloop
  endfacet
  facet normal -0.923881 0.382681 2.16302e-006
    outer loop
      vertex -15.8154 4.06691 6.675
      vertex -17.5 0 1
      vertex -15.834 4.02215 6.7701
    endloop
  endfacet
  facet normal -0.923878 0.382687 -3.23963e-006
    outer loop
      vertex -15.7932 4.12062 6.58549
      vertex -17.5 0 1
      vertex -15.8154 4.06691 6.675
    endloop
  endfacet
  facet normal -0.92388 0.382681 1.98691e-006
    outer loop
      vertex -15.7576 4.20648 6.44237
      vertex -17.5 0 1
      vertex -15.7932 4.12062 6.58549
    endloop
  endfacet
  facet normal -0.923879 0.382686 -2.17853e-006
    outer loop
      vertex -15.7165 4.3057 6.30975
      vertex -17.5 0 1
      vertex -15.7576 4.20648 6.44237
    endloop
  endfacet
  facet normal -0.923881 0.382681 2.57056e-006
    outer loop
      vertex -15.6908 4.36776 6.2268
      vertex -17.5 0 1
      vertex -15.7165 4.3057 6.30975
    endloop
  endfacet
  facet normal -0.923879 0.382684 -9.34696e-007
    outer loop
      vertex -15.6446 4.47924 6.10613
      vertex -17.5 0 1
      vertex -15.6908 4.36776 6.2268
    endloop
  endfacet
  facet normal -0.923879 0.382685 -1.27959e-006
    outer loop
      vertex -15.6158 4.54896 6.03067
      vertex -17.5 0 1
      vertex -15.6446 4.47924 6.10613
    endloop
  endfacet
  facet normal -0.92388 0.382683 5.7517e-007
    outer loop
      vertex -15.584 4.62559 5.9635
      vertex -17.5 0 1
      vertex -15.6158 4.54896 6.03067
    endloop
  endfacet
  facet normal -0.92388 0.382682 1.23076e-006
    outer loop
      vertex -15.5333 4.74812 5.8561
      vertex -17.5 0 1
      vertex -15.584 4.62559 5.9635
    endloop
  endfacet
  facet normal -0.92388 0.382683 6.88219e-007
    outer loop
      vertex -15.499 4.83082 5.79798
      vertex -17.5 0 1
      vertex -15.5333 4.74812 5.8561
    endloop
  endfacet
  facet normal -0.923881 0.382681 3.66416e-006
    outer loop
      vertex -15.3861 5.10352 5.62756
      vertex -17.5 0 1
      vertex -15.4442 4.96304 5.70503
    endloop
  endfacet
  facet normal -0.923876 0.382692 -5.1933e-006
    outer loop
      vertex -13.9252 8.6303 8.10658
      vertex -12.3744 12.3744 15.75
      vertex -13.9231 8.63546 8
    endloop
  endfacet
  facet normal -0.923879 0.382685 -1.05449e-006
    outer loop
      vertex -13.9286 8.62205 8.277
      vertex -12.3744 12.3744 15.75
      vertex -13.9252 8.6303 8.10658
    endloop
  endfacet
  facet normal -0.923881 0.382681 1.59096e-006
    outer loop
      vertex -13.9388 8.59739 8.44555
      vertex -12.3744 12.3744 15.75
      vertex -13.9286 8.62205 8.277
    endloop
  endfacet
  facet normal -0.923879 0.382684 -6.25722e-007
    outer loop
      vertex -13.9452 8.58196 8.55097
      vertex -12.3744 12.3744 15.75
      vertex -13.9388 8.59739 8.44555
    endloop
  endfacet
  facet normal -0.923879 0.382684 -6.15885e-007
    outer loop
      vertex -13.9727 8.51564 8.81889
      vertex -12.3744 12.3744 15.75
      vertex -13.9452 8.58196 8.55097
    endloop
  endfacet
  facet normal -0.92388 0.382682 7.44521e-007
    outer loop
      vertex -14.0107 8.4238 9.07785
      vertex -12.3744 12.3744 15.75
      vertex -13.9727 8.51564 8.81889
    endloop
  endfacet
  facet normal -0.923879 0.382684 -1.00162e-007
    outer loop
      vertex -14.0404 8.35222 9.2299
      vertex -12.3744 12.3744 15.75
      vertex -14.0107 8.4238 9.07785
    endloop
  endfacet
  facet normal -0.923881 0.382679 3.14367e-006
    outer loop
      vertex -14.0589 8.30746 9.325
      vertex -12.3744 12.3744 15.75
      vertex -14.0404 8.35222 9.2299
    endloop
  endfacet
  facet normal -0.923877 0.382689 -4.11604e-006
    outer loop
      vertex -14.0812 8.25375 9.41451
      vertex -12.3744 12.3744 15.75
      vertex -14.0589 8.30746 9.325
    endloop
  endfacet
  facet normal -0.923879 0.382684 -6.65005e-007
    outer loop
      vertex -14.1168 8.16788 9.55763
      vertex -12.3744 12.3744 15.75
      vertex -14.0812 8.25375 9.41451
    endloop
  endfacet
  facet normal -0.92388 0.382682 1.18049e-006
    outer loop
      vertex -14.1578 8.06867 9.69025
      vertex -12.3744 12.3744 15.75
      vertex -14.1168 8.16788 9.55763
    endloop
  endfacet
  facet normal -0.923881 0.382681 2.39194e-006
    outer loop
      vertex -14.1836 8.00661 9.7732
      vertex -12.3744 12.3744 15.75
      vertex -14.1578 8.06867 9.69025
    endloop
  endfacet
  facet normal -0.923878 0.382686 -2.26689e-006
    outer loop
      vertex -14.2124 7.93689 9.84866
      vertex -12.3744 12.3744 15.75
      vertex -14.1836 8.00661 9.7732
    endloop
  endfacet
  facet normal -0.923879 0.382684 -1.85677e-007
    outer loop
      vertex -14.2586 7.8254 9.96933
      vertex -12.3744 12.3744 15.75
      vertex -14.2124 7.93689 9.84866
    endloop
  endfacet
  facet normal -0.923879 0.382684 -2.79612e-007
    outer loop
      vertex -14.3094 7.70288 10.0767
      vertex -12.3744 12.3744 15.75
      vertex -14.2586 7.8254 9.96933
    endloop
  endfacet
  facet normal -0.92388 0.382682 1.67251e-006
    outer loop
      vertex -14.3411 7.62625 10.1439
      vertex -12.3744 12.3744 15.75
      vertex -14.3094 7.70288 10.0767
    endloop
  endfacet
  facet normal -0.92388 0.382682 1.80196e-006
    outer loop
      vertex -14.3754 7.54355 10.202
      vertex -12.3744 12.3744 15.75
      vertex -14.3411 7.62625 10.1439
    endloop
  endfacet
  facet normal -0.923879 0.382686 -2.58391e-006
    outer loop
      vertex -14.4301 7.41132 10.295
      vertex -12.3744 12.3744 15.75
      vertex -14.3754 7.54355 10.202
    endloop
  endfacet
  facet normal -0.923879 0.382684 -4.93359e-007
    outer loop
      vertex -14.4883 7.27085 10.3724
      vertex -12.3744 12.3744 15.75
      vertex -14.4301 7.41132 10.295
    endloop
  endfacet
  facet normal -0.923879 0.382684 -9.73304e-007
    outer loop
      vertex -14.5247 7.18299 10.4209
      vertex -12.3744 12.3744 15.75
      vertex -14.4883 7.27085 10.3724
    endloop
  endfacet
  facet normal -0.923881 0.382679 5.31736e-006
    outer loop
      vertex -14.5628 7.09093 10.4591
      vertex -12.3744 12.3744 15.75
      vertex -14.5247 7.18299 10.4209
    endloop
  endfacet
  facet normal -0.923879 0.382685 -2.08903e-006
    outer loop
      vertex -14.6238 6.94374 10.5203
      vertex -12.3744 12.3744 15.75
      vertex -14.5628 7.09093 10.4591
    endloop
  endfacet
  facet normal -0.92388 0.382682 1.47297e-006
    outer loop
      vertex -14.6869 6.79146 10.5645
      vertex -12.3744 12.3744 15.75
      vertex -14.6238 6.94374 10.5203
    endloop
  endfacet
  facet normal -0.92388 0.382681 2.53931e-006
    outer loop
      vertex -14.7263 6.69621 10.5921
      vertex -12.3744 12.3744 15.75
      vertex -14.6869 6.79146 10.5645
    endloop
  endfacet
  facet normal -0.923879 0.382684 -8.26426e-007
    outer loop
      vertex -14.8312 6.4431 10.6355
      vertex -12.3744 12.3744 15.75
      vertex -14.7263 6.69621 10.5921
    endloop
  endfacet
  facet normal -0.92388 0.382683 -3.78516e-008
    outer loop
      vertex -14.872 6.34463 10.6411
      vertex -12.3744 12.3744 15.75
      vertex -14.8312 6.4431 10.6355
    endloop
  endfacet
  facet normal -0.923879 0.382684 -2.44237e-007
    outer loop
      vertex -14.9372 6.18718 10.65
      vertex -12.3744 12.3744 15.75
      vertex -14.872 6.34463 10.6411
    endloop
  endfacet
  facet normal -0.923879 0.382685 2.06893e-006
    outer loop
      vertex -17.5 0 15.75
      vertex -14.9372 6.18718 10.65
      vertex -14.978 6.08871 10.6444
    endloop
  endfacet
  facet normal -0.923879 0.382685 1.50198e-006
    outer loop
      vertex -17.5 0 15.75
      vertex -14.978 6.08871 10.6444
      vertex -15.0432 5.93127 10.6355
    endloop
  endfacet
  facet normal -0.923879 0.382684 8.26426e-007
    outer loop
      vertex -17.5 0 15.75
      vertex -15.0432 5.93127 10.6355
      vertex -15.148 5.67816 10.5921
    endloop
  endfacet
  facet normal -0.92388 0.382681 -2.45463e-006
    outer loop
      vertex -17.5 0 15.75
      vertex -15.148 5.67816 10.5921
      vertex -15.2111 5.52587 10.5479
    endloop
  endfacet
  facet normal -0.92388 0.382683 -9.81236e-007
    outer loop
      vertex -17.5 0 15.75
      vertex -15.2111 5.52587 10.5479
      vertex -15.2506 5.43062 10.5203
    endloop
  endfacet
  facet normal -0.923879 0.382685 2.08903e-006
    outer loop
      vertex -17.5 0 15.75
      vertex -15.2506 5.43062 10.5203
      vertex -15.3115 5.28343 10.4591
    endloop
  endfacet
  facet normal -0.92388 0.382682 -1.36032e-006
    outer loop
      vertex -17.5 0 15.75
      vertex -15.3115 5.28343 10.4591
      vertex -15.3497 5.19138 10.4209
    endloop
  endfacet
  facet normal -0.923879 0.382685 2.35248e-006
    outer loop
      vertex -17.5 0 15.75
      vertex -15.3497 5.19138 10.4209
      vertex -15.3861 5.10352 10.3724
    endloop
  endfacet
  facet normal -0.923881 0.38268 -3.32871e-006
    outer loop
      vertex -17.5 0 15.75
      vertex -15.3861 5.10352 10.3724
      vertex -15.4442 4.96304 10.295
    endloop
  endfacet
  facet normal -0.923879 0.382686 2.5635e-006
    outer loop
      vertex -17.5 0 15.75
      vertex -15.4442 4.96304 10.295
      vertex -15.499 4.83082 10.202
    endloop
  endfacet
  facet normal -0.92388 0.382683 -6.30504e-007
    outer loop
      vertex -17.5 0 15.75
      vertex -15.499 4.83082 10.202
      vertex -15.5333 4.74812 10.1439
    endloop
  endfacet
  facet normal -0.923879 0.382684 5.70415e-007
    outer loop
      vertex -17.5 0 15.75
      vertex -15.9479 3.74715 8.17042
      vertex -15.9513 3.7389 8
    endloop
  endfacet
  facet normal -0.92388 0.382683 0
    outer loop
      vertex -17.5 0 15.75
      vertex -15.9513 3.7389 8
      vertex -17.5 0 1
    endloop
  endfacet
  facet normal -0.923876 0.382691 4.42058e-006
    outer loop
      vertex -15.9479 3.74715 8.17042
      vertex -17.5 0 15.75
      vertex -15.9457 3.75232 8.277
    endloop
  endfacet
  facet normal -0.923879 0.382684 2.8516e-007
    outer loop
      vertex -15.9457 3.75232 8.277
      vertex -17.5 0 15.75
      vertex -15.9291 3.7924 8.55097
    endloop
  endfacet
  facet normal -0.923882 0.382678 -3.28778e-006
    outer loop
      vertex -15.9291 3.7924 8.55097
      vertex -17.5 0 15.75
      vertex -15.9186 3.81792 8.65406
    endloop
  endfacet
  facet normal -0.923878 0.382686 1.9296e-006
    outer loop
      vertex -15.9186 3.81792 8.65406
      vertex -17.5 0 15.75
      vertex -15.9017 3.85873 8.81889
    endloop
  endfacet
  facet normal -0.92388 0.382683 -5.39538e-007
    outer loop
      vertex -15.9017 3.85873 8.81889
      vertex -17.5 0 15.75
      vertex -15.8636 3.95057 9.07785
    endloop
  endfacet
  facet normal -0.92388 0.382682 -9.20858e-007
    outer loop
      vertex -15.8636 3.95057 9.07785
      vertex -17.5 0 15.75
      vertex -15.834 4.02215 9.2299
    endloop
  endfacet
  facet normal -0.92388 0.382683 -3.57799e-008
    outer loop
      vertex -14.9372 6.18718 10.65
      vertex -17.5 0 15.75
      vertex -12.3744 12.3744 15.75
    endloop
  endfacet
  facet normal -0.92388 0.382682 -1.13625e-006
    outer loop
      vertex -15.584 4.62559 10.0365
      vertex -17.5 0 15.75
      vertex -15.5333 4.74812 10.1439
    endloop
  endfacet
  facet normal -0.92388 0.382683 -5.31009e-007
    outer loop
      vertex -15.6158 4.54896 9.96933
      vertex -17.5 0 15.75
      vertex -15.584 4.62559 10.0365
    endloop
  endfacet
  facet normal -0.923879 0.382685 1.18994e-006
    outer loop
      vertex -15.6446 4.47924 9.89386
      vertex -17.5 0 15.75
      vertex -15.6158 4.54896 9.96933
    endloop
  endfacet
  facet normal -0.923879 0.382684 8.69206e-007
    outer loop
      vertex -15.6908 4.36776 9.7732
      vertex -17.5 0 15.75
      vertex -15.6446 4.47924 9.89386
    endloop
  endfacet
  facet normal -0.923881 0.382681 -2.40738e-006
    outer loop
      vertex -15.7165 4.3057 9.69025
      vertex -17.5 0 15.75
      vertex -15.6908 4.36776 9.7732
    endloop
  endfacet
  facet normal -0.923879 0.382686 2.04024e-006
    outer loop
      vertex -15.7576 4.20648 9.55763
      vertex -17.5 0 15.75
      vertex -15.7165 4.3057 9.69025
    endloop
  endfacet
  facet normal -0.923881 0.382681 -1.87404e-006
    outer loop
      vertex -15.7932 4.12062 9.41451
      vertex -17.5 0 15.75
      vertex -15.7576 4.20648 9.55763
    endloop
  endfacet
  facet normal -0.923878 0.382687 3.05561e-006
    outer loop
      vertex -15.8154 4.06691 9.325
      vertex -17.5 0 15.75
      vertex -15.7932 4.12062 9.41451
    endloop
  endfacet
  facet normal -0.923881 0.382681 -2.05533e-006
    outer loop
      vertex -15.834 4.02215 9.2299
      vertex -17.5 0 15.75
      vertex -15.8154 4.06691 9.325
    endloop
  endfacet
  facet normal 0.382683 0.92388 -3.57799e-008
    outer loop
      vertex 12.3744 12.3744 15.75
      vertex 6.18718 14.9372 10.65
      vertex 0 17.5 15.75
    endloop
  endfacet
  facet normal 0.382684 0.923879 -2.44237e-007
    outer loop
      vertex 12.3744 12.3744 15.75
      vertex 6.34463 14.872 10.6411
      vertex 6.18718 14.9372 10.65
    endloop
  endfacet
  facet normal 0.382683 0.92388 -3.78516e-008
    outer loop
      vertex 12.3744 12.3744 15.75
      vertex 6.4431 14.8312 10.6355
      vertex 6.34463 14.872 10.6411
    endloop
  endfacet
  facet normal 0.382684 0.923879 -8.26426e-007
    outer loop
      vertex 12.3744 12.3744 15.75
      vertex 6.69621 14.7263 10.5921
      vertex 6.4431 14.8312 10.6355
    endloop
  endfacet
  facet normal 0.382681 0.92388 2.53931e-006
    outer loop
      vertex 12.3744 12.3744 15.75
      vertex 6.79146 14.6869 10.5645
      vertex 6.69621 14.7263 10.5921
    endloop
  endfacet
  facet normal 0.382682 0.92388 1.47297e-006
    outer loop
      vertex 12.3744 12.3744 15.75
      vertex 6.94374 14.6238 10.5203
      vertex 6.79146 14.6869 10.5645
    endloop
  endfacet
  facet normal 0.382685 0.923879 -2.08903e-006
    outer loop
      vertex 12.3744 12.3744 15.75
      vertex 7.09093 14.5628 10.4591
      vertex 6.94374 14.6238 10.5203
    endloop
  endfacet
  facet normal 0.382679 0.923881 5.31736e-006
    outer loop
      vertex 12.3744 12.3744 15.75
      vertex 7.18299 14.5247 10.4209
      vertex 7.09093 14.5628 10.4591
    endloop
  endfacet
  facet normal 0.382684 0.923879 -9.73304e-007
    outer loop
      vertex 12.3744 12.3744 15.75
      vertex 7.27085 14.4883 10.3724
      vertex 7.18299 14.5247 10.4209
    endloop
  endfacet
  facet normal 0.382684 0.923879 -4.93359e-007
    outer loop
      vertex 12.3744 12.3744 15.75
      vertex 7.41132 14.4301 10.295
      vertex 7.27085 14.4883 10.3724
    endloop
  endfacet
  facet normal 0.382686 0.923879 -2.58391e-006
    outer loop
      vertex 12.3744 12.3744 15.75
      vertex 7.54355 14.3754 10.202
      vertex 7.41132 14.4301 10.295
    endloop
  endfacet
  facet normal 0.382682 0.92388 1.80196e-006
    outer loop
      vertex 12.3744 12.3744 15.75
      vertex 7.62625 14.3411 10.1439
      vertex 7.54355 14.3754 10.202
    endloop
  endfacet
  facet normal 0.382682 0.92388 1.67251e-006
    outer loop
      vertex 12.3744 12.3744 15.75
      vertex 7.70288 14.3094 10.0767
      vertex 7.62625 14.3411 10.1439
    endloop
  endfacet
  facet normal 0.382684 0.923879 -2.79612e-007
    outer loop
      vertex 12.3744 12.3744 15.75
      vertex 7.8254 14.2586 9.96933
      vertex 7.70288 14.3094 10.0767
    endloop
  endfacet
  facet normal 0.382684 0.923879 -1.85677e-007
    outer loop
      vertex 12.3744 12.3744 15.75
      vertex 7.93689 14.2124 9.84866
      vertex 7.8254 14.2586 9.96933
    endloop
  endfacet
  facet normal 0.382686 0.923878 -2.26689e-006
    outer loop
      vertex 12.3744 12.3744 15.75
      vertex 8.00661 14.1836 9.7732
      vertex 7.93689 14.2124 9.84866
    endloop
  endfacet
  facet normal 0.382681 0.923881 2.39194e-006
    outer loop
      vertex 12.3744 12.3744 15.75
      vertex 8.06867 14.1578 9.69025
      vertex 8.00661 14.1836 9.7732
    endloop
  endfacet
  facet normal 0.382682 0.92388 1.18049e-006
    outer loop
      vertex 12.3744 12.3744 15.75
      vertex 8.16788 14.1168 9.55763
      vertex 8.06867 14.1578 9.69025
    endloop
  endfacet
  facet normal 0.382684 0.923879 -6.65005e-007
    outer loop
      vertex 12.3744 12.3744 15.75
      vertex 8.25375 14.0812 9.41451
      vertex 8.16788 14.1168 9.55763
    endloop
  endfacet
  facet normal 0.382689 0.923877 -4.11604e-006
    outer loop
      vertex 12.3744 12.3744 15.75
      vertex 8.30746 14.0589 9.325
      vertex 8.25375 14.0812 9.41451
    endloop
  endfacet
  facet normal 0.382679 0.923881 3.14367e-006
    outer loop
      vertex 12.3744 12.3744 15.75
      vertex 8.35222 14.0404 9.2299
      vertex 8.30746 14.0589 9.325
    endloop
  endfacet
  facet normal 0.382684 0.923879 -1.00162e-007
    outer loop
      vertex 12.3744 12.3744 15.75
      vertex 8.4238 14.0107 9.07785
      vertex 8.35222 14.0404 9.2299
    endloop
  endfacet
  facet normal 0.382682 0.92388 7.44521e-007
    outer loop
      vertex 12.3744 12.3744 15.75
      vertex 8.51564 13.9727 8.81889
      vertex 8.4238 14.0107 9.07785
    endloop
  endfacet
  facet normal 0.382684 0.923879 -6.15885e-007
    outer loop
      vertex 12.3744 12.3744 15.75
      vertex 8.58196 13.9452 8.55097
      vertex 8.51564 13.9727 8.81889
    endloop
  endfacet
  facet normal 0.382684 0.923879 -6.25722e-007
    outer loop
      vertex 12.3744 12.3744 15.75
      vertex 8.59739 13.9388 8.44555
      vertex 8.58196 13.9452 8.55097
    endloop
  endfacet
  facet normal 0.382681 0.923881 1.59096e-006
    outer loop
      vertex 12.3744 12.3744 15.75
      vertex 8.62205 13.9286 8.277
      vertex 8.59739 13.9388 8.44555
    endloop
  endfacet
  facet normal 0.382685 0.923879 -1.05449e-006
    outer loop
      vertex 12.3744 12.3744 15.75
      vertex 8.6303 13.9252 8.10658
      vertex 8.62205 13.9286 8.277
    endloop
  endfacet
  facet normal 0.382692 0.923876 -5.1933e-006
    outer loop
      vertex 12.3744 12.3744 15.75
      vertex 8.63546 13.9231 8
      vertex 8.6303 13.9252 8.10658
    endloop
  endfacet
  facet normal 0.382683 0.92388 -0
    outer loop
      vertex 12.3744 12.3744 1
      vertex 8.63546 13.9231 8
      vertex 12.3744 12.3744 15.75
    endloop
  endfacet
  facet normal 0.382692 0.923876 5.23954e-006
    outer loop
      vertex 8.63546 13.9231 8
      vertex 12.3744 12.3744 1
      vertex 8.6303 13.9252 7.89342
    endloop
  endfacet
  facet normal 0.382685 0.923879 1.06388e-006
    outer loop
      vertex 8.6303 13.9252 7.89342
      vertex 12.3744 12.3744 1
      vertex 8.62205 13.9286 7.723
    endloop
  endfacet
  facet normal 0.382681 0.923881 -1.62783e-006
    outer loop
      vertex 8.62205 13.9286 7.723
      vertex 12.3744 12.3744 1
      vertex 8.59739 13.9388 7.55445
    endloop
  endfacet
  facet normal 0.382684 0.923879 6.40222e-007
    outer loop
      vertex 8.59739 13.9388 7.55445
      vertex 12.3744 12.3744 1
      vertex 8.58196 13.9452 7.44903
    endloop
  endfacet
  facet normal 0.382684 0.923879 6.37104e-007
    outer loop
      vertex 8.58196 13.9452 7.44903
      vertex 12.3744 12.3744 1
      vertex 8.51564 13.9727 7.1811
    endloop
  endfacet
  facet normal 0.382684 0.923879 5.43078e-007
    outer loop
      vertex 12.3744 12.3744 1
      vertex 7.27085 14.4883 5.62756
      vertex 7.41132 14.4301 5.70503
    endloop
  endfacet
  facet normal 0.382683 0.92388 4.38905e-008
    outer loop
      vertex 12.3744 12.3744 1
      vertex 6.34463 14.872 5.35893
      vertex 6.4431 14.8312 5.36452
    endloop
  endfacet
  facet normal 0.382684 0.923879 2.83203e-007
    outer loop
      vertex 6.34463 14.872 5.35893
      vertex 12.3744 12.3744 1
      vertex 6.18718 14.9372 5.35
    endloop
  endfacet
  facet normal 0.382684 0.923879 9.41605e-007
    outer loop
      vertex 6.69621 14.7263 5.40791
      vertex 12.3744 12.3744 1
      vertex 6.4431 14.8312 5.36452
    endloop
  endfacet
  facet normal 0.382681 0.92388 -2.85386e-006
    outer loop
      vertex 6.79146 14.6869 5.43553
      vertex 12.3744 12.3744 1
      vertex 6.69621 14.7263 5.40791
    endloop
  endfacet
  facet normal 0.382682 0.92388 -1.65542e-006
    outer loop
      vertex 6.94374 14.6238 5.4797
      vertex 12.3744 12.3744 1
      vertex 6.79146 14.6869 5.43553
    endloop
  endfacet
  facet normal 0.382685 0.923879 2.32163e-006
    outer loop
      vertex 7.09093 14.5628 5.54086
      vertex 12.3744 12.3744 1
      vertex 6.94374 14.6238 5.4797
    endloop
  endfacet
  facet normal 0.382679 0.923881 -5.90938e-006
    outer loop
      vertex 7.18299 14.5247 5.5791
      vertex 12.3744 12.3744 1
      vertex 7.09093 14.5628 5.54086
    endloop
  endfacet
  facet normal 0.382684 0.923879 1.07139e-006
    outer loop
      vertex 7.27085 14.4883 5.62756
      vertex 12.3744 12.3744 1
      vertex 7.18299 14.5247 5.5791
    endloop
  endfacet
  facet normal 0.382686 0.923879 2.82043e-006
    outer loop
      vertex 7.54355 14.3754 5.79798
      vertex 12.3744 12.3744 1
      vertex 7.41132 14.4301 5.70503
    endloop
  endfacet
  facet normal 0.382682 0.92388 -1.9669e-006
    outer loop
      vertex 7.62625 14.3411 5.8561
      vertex 12.3744 12.3744 1
      vertex 7.54355 14.3754 5.79798
    endloop
  endfacet
  facet normal 0.382682 0.92388 -1.8116e-006
    outer loop
      vertex 7.70288 14.3094 5.92327
      vertex 12.3744 12.3744 1
      vertex 7.62625 14.3411 5.8561
    endloop
  endfacet
  facet normal 0.382684 0.923879 3.02868e-007
    outer loop
      vertex 7.8254 14.2586 6.03067
      vertex 12.3744 12.3744 1
      vertex 7.70288 14.3094 5.92327
    endloop
  endfacet
  facet normal 0.382684 0.923879 1.99666e-007
    outer loop
      vertex 7.93689 14.2124 6.15133
      vertex 12.3744 12.3744 1
      vertex 7.8254 14.2586 6.03067
    endloop
  endfacet
  facet normal 0.382686 0.923879 2.43767e-006
    outer loop
      vertex 8.00661 14.1836 6.2268
      vertex 12.3744 12.3744 1
      vertex 7.93689 14.2124 6.15133
    endloop
  endfacet
  facet normal 0.382681 0.923881 -2.55407e-006
    outer loop
      vertex 8.06867 14.1578 6.30975
      vertex 12.3744 12.3744 1
      vertex 8.00661 14.1836 6.2268
    endloop
  endfacet
  facet normal 0.382682 0.92388 -1.26051e-006
    outer loop
      vertex 8.16788 14.1168 6.44237
      vertex 12.3744 12.3744 1
      vertex 8.06867 14.1578 6.30975
    endloop
  endfacet
  facet normal 0.382684 0.923879 7.05055e-007
    outer loop
      vertex 8.25375 14.0812 6.58549
      vertex 12.3744 12.3744 1
      vertex 8.16788 14.1168 6.44237
    endloop
  endfacet
  facet normal 0.382689 0.923877 4.36392e-006
    outer loop
      vertex 8.30746 14.0589 6.675
      vertex 12.3744 12.3744 1
      vertex 8.25375 14.0812 6.58549
    endloop
  endfacet
  facet normal 0.382679 0.923881 -3.30837e-006
    outer loop
      vertex 8.35222 14.0404 6.7701
      vertex 12.3744 12.3744 1
      vertex 8.30746 14.0589 6.675
    endloop
  endfacet
  facet normal 0.382684 0.923879 1.0541e-007
    outer loop
      vertex 8.4238 14.0107 6.92215
      vertex 12.3744 12.3744 1
      vertex 8.35222 14.0404 6.7701
    endloop
  endfacet
  facet normal 0.382682 0.92388 -7.77249e-007
    outer loop
      vertex 8.51564 13.9727 7.1811
      vertex 12.3744 12.3744 1
      vertex 8.4238 14.0107 6.92215
    endloop
  endfacet
  facet normal 0.382685 0.923879 2.06893e-006
    outer loop
      vertex 6.08871 14.978 10.6444
      vertex 0 17.5 15.75
      vertex 6.18718 14.9372 10.65
    endloop
  endfacet
  facet normal 0.382685 0.923879 1.50198e-006
    outer loop
      vertex 5.93127 15.0432 10.6355
      vertex 0 17.5 15.75
      vertex 6.08871 14.978 10.6444
    endloop
  endfacet
  facet normal 0.382684 0.923879 8.26426e-007
    outer loop
      vertex 5.67816 15.148 10.5921
      vertex 0 17.5 15.75
      vertex 5.93127 15.0432 10.6355
    endloop
  endfacet
  facet normal 0.382681 0.92388 -2.45463e-006
    outer loop
      vertex 5.52587 15.2111 10.5479
      vertex 0 17.5 15.75
      vertex 5.67816 15.148 10.5921
    endloop
  endfacet
  facet normal 0.382683 0.92388 -9.81236e-007
    outer loop
      vertex 5.43062 15.2506 10.5203
      vertex 0 17.5 15.75
      vertex 5.52587 15.2111 10.5479
    endloop
  endfacet
  facet normal 0.382685 0.923879 2.08903e-006
    outer loop
      vertex 5.28343 15.3115 10.4591
      vertex 0 17.5 15.75
      vertex 5.43062 15.2506 10.5203
    endloop
  endfacet
  facet normal 0.382682 0.92388 -1.36032e-006
    outer loop
      vertex 5.19138 15.3497 10.4209
      vertex 0 17.5 15.75
      vertex 5.28343 15.3115 10.4591
    endloop
  endfacet
  facet normal 0.382685 0.923879 2.35248e-006
    outer loop
      vertex 5.10352 15.3861 10.3724
      vertex 0 17.5 15.75
      vertex 5.19138 15.3497 10.4209
    endloop
  endfacet
  facet normal 0.38268 0.923881 -3.32871e-006
    outer loop
      vertex 4.96304 15.4442 10.295
      vertex 0 17.5 15.75
      vertex 5.10352 15.3861 10.3724
    endloop
  endfacet
  facet normal 0.382686 0.923879 2.5635e-006
    outer loop
      vertex 4.83082 15.499 10.202
      vertex 0 17.5 15.75
      vertex 4.96304 15.4442 10.295
    endloop
  endfacet
  facet normal 0.382683 0.92388 -6.30504e-007
    outer loop
      vertex 4.74812 15.5333 10.1439
      vertex 0 17.5 15.75
      vertex 4.83082 15.499 10.202
    endloop
  endfacet
  facet normal 0.382682 0.92388 -1.13625e-006
    outer loop
      vertex 4.62559 15.584 10.0365
      vertex 0 17.5 15.75
      vertex 4.74812 15.5333 10.1439
    endloop
  endfacet
  facet normal 0.382683 0.92388 -5.31009e-007
    outer loop
      vertex 4.54896 15.6158 9.96933
      vertex 0 17.5 15.75
      vertex 4.62559 15.584 10.0365
    endloop
  endfacet
  facet normal 0.382685 0.923879 1.18994e-006
    outer loop
      vertex 4.47924 15.6446 9.89386
      vertex 0 17.5 15.75
      vertex 4.54896 15.6158 9.96933
    endloop
  endfacet
  facet normal 0.382684 0.923879 8.69206e-007
    outer loop
      vertex 4.36776 15.6908 9.7732
      vertex 0 17.5 15.75
      vertex 4.47924 15.6446 9.89386
    endloop
  endfacet
  facet normal 0.382681 0.923881 -2.40738e-006
    outer loop
      vertex 4.3057 15.7165 9.69025
      vertex 0 17.5 15.75
      vertex 4.36776 15.6908 9.7732
    endloop
  endfacet
  facet normal 0.382686 0.923879 2.04024e-006
    outer loop
      vertex 4.20648 15.7576 9.55763
      vertex 0 17.5 15.75
      vertex 4.3057 15.7165 9.69025
    endloop
  endfacet
  facet normal 0.382681 0.923881 -1.87404e-006
    outer loop
      vertex 4.12062 15.7932 9.41451
      vertex 0 17.5 15.75
      vertex 4.20648 15.7576 9.55763
    endloop
  endfacet
  facet normal 0.382687 0.923878 3.05561e-006
    outer loop
      vertex 4.06691 15.8154 9.325
      vertex 0 17.5 15.75
      vertex 4.12062 15.7932 9.41451
    endloop
  endfacet
  facet normal 0.382681 0.923881 -2.05533e-006
    outer loop
      vertex 4.02215 15.834 9.2299
      vertex 0 17.5 15.75
      vertex 4.06691 15.8154 9.325
    endloop
  endfacet
  facet normal 0.382682 0.92388 -9.20858e-007
    outer loop
      vertex 3.95057 15.8636 9.07785
      vertex 0 17.5 15.75
      vertex 4.02215 15.834 9.2299
    endloop
  endfacet
  facet normal 0.382683 0.92388 -5.39538e-007
    outer loop
      vertex 3.85873 15.9017 8.81889
      vertex 0 17.5 15.75
      vertex 3.95057 15.8636 9.07785
    endloop
  endfacet
  facet normal 0.382686 0.923878 1.9296e-006
    outer loop
      vertex 3.81792 15.9186 8.65406
      vertex 0 17.5 15.75
      vertex 3.85873 15.9017 8.81889
    endloop
  endfacet
  facet normal 0.382678 0.923882 -3.28778e-006
    outer loop
      vertex 3.7924 15.9291 8.55097
      vertex 0 17.5 15.75
      vertex 3.81792 15.9186 8.65406
    endloop
  endfacet
  facet normal 0.382684 0.923879 2.8516e-007
    outer loop
      vertex 3.75232 15.9457 8.277
      vertex 0 17.5 15.75
      vertex 3.7924 15.9291 8.55097
    endloop
  endfacet
  facet normal 0.382691 0.923876 4.42058e-006
    outer loop
      vertex 3.74715 15.9479 8.17042
      vertex 0 17.5 15.75
      vertex 3.75232 15.9457 8.277
    endloop
  endfacet
  facet normal 0.382684 0.923879 5.70415e-007
    outer loop
      vertex 3.7389 15.9513 8
      vertex 0 17.5 15.75
      vertex 3.74715 15.9479 8.17042
    endloop
  endfacet
  facet normal 0.382684 0.923879 -5.75497e-007
    outer loop
      vertex 0 17.5 1
      vertex 3.7389 15.9513 8
      vertex 3.74715 15.9479 7.82958
    endloop
  endfacet
  facet normal 0.38269 0.923877 -4.45997e-006
    outer loop
      vertex 0 17.5 1
      vertex 3.74715 15.9479 7.82958
      vertex 3.75232 15.9457 7.723
    endloop
  endfacet
  facet normal 0.382684 0.923879 -2.91768e-007
    outer loop
      vertex 0 17.5 1
      vertex 3.75232 15.9457 7.723
      vertex 3.7924 15.9291 7.44903
    endloop
  endfacet
  facet normal 0.382679 0.923882 3.40106e-006
    outer loop
      vertex 0 17.5 1
      vertex 3.7924 15.9291 7.44903
      vertex 3.81792 15.9186 7.34594
    endloop
  endfacet
  facet normal 0.382686 0.923878 -1.99607e-006
    outer loop
      vertex 0 17.5 1
      vertex 3.81792 15.9186 7.34594
      vertex 3.85873 15.9017 7.1811
    endloop
  endfacet
  facet normal 0.382683 0.92388 5.63256e-007
    outer loop
      vertex 0 17.5 1
      vertex 3.85873 15.9017 7.1811
      vertex 3.95057 15.8636 6.92215
    endloop
  endfacet
  facet normal 0.382686 0.923879 -2.79815e-006
    outer loop
      vertex 0 17.5 1
      vertex 4.83082 15.499 5.79798
      vertex 4.96304 15.4442 5.70503
    endloop
  endfacet
  facet normal 0.382683 0.92388 4.19489e-008
    outer loop
      vertex 0 17.5 1
      vertex 6.18718 14.9372 5.35
      vertex 12.3744 12.3744 1
    endloop
  endfacet
  facet normal 0.382685 0.923879 -2.39901e-006
    outer loop
      vertex 6.18718 14.9372 5.35
      vertex 0 17.5 1
      vertex 6.08871 14.978 5.35559
    endloop
  endfacet
  facet normal 0.382684 0.923879 -1.74161e-006
    outer loop
      vertex 6.08871 14.978 5.35559
      vertex 0 17.5 1
      vertex 5.93127 15.0432 5.36452
    endloop
  endfacet
  facet normal 0.382684 0.923879 -9.41605e-007
    outer loop
      vertex 5.93127 15.0432 5.36452
      vertex 0 17.5 1
      vertex 5.67816 15.148 5.40791
    endloop
  endfacet
  facet normal 0.382682 0.92388 2.75868e-006
    outer loop
      vertex 5.67816 15.148 5.40791
      vertex 0 17.5 1
      vertex 5.52587 15.2111 5.45208
    endloop
  endfacet
  facet normal 0.382683 0.92388 1.10279e-006
    outer loop
      vertex 5.52587 15.2111 5.45208
      vertex 0 17.5 1
      vertex 5.43062 15.2506 5.4797
    endloop
  endfacet
  facet normal 0.382685 0.923879 -2.32163e-006
    outer loop
      vertex 5.43062 15.2506 5.4797
      vertex 0 17.5 1
      vertex 5.28343 15.3115 5.54086
    endloop
  endfacet
  facet normal 0.382682 0.92388 1.51177e-006
    outer loop
      vertex 5.28343 15.3115 5.54086
      vertex 0 17.5 1
      vertex 5.19138 15.3497 5.5791
    endloop
  endfacet
  facet normal 0.382685 0.923879 -2.58956e-006
    outer loop
      vertex 5.19138 15.3497 5.5791
      vertex 0 17.5 1
      vertex 5.10352 15.3861 5.62756
    endloop
  endfacet
  facet normal 0.382683 0.92388 0
    outer loop
      vertex 3.7389 15.9513 8
      vertex 0 17.5 1
      vertex 0 17.5 15.75
    endloop
  endfacet
  facet normal 0.382682 0.92388 9.69107e-007
    outer loop
      vertex 4.02215 15.834 6.7701
      vertex 0 17.5 1
      vertex 3.95057 15.8636 6.92215
    endloop
  endfacet
  facet normal 0.382681 0.923881 2.16302e-006
    outer loop
      vertex 4.06691 15.8154 6.675
      vertex 0 17.5 1
      vertex 4.02215 15.834 6.7701
    endloop
  endfacet
  facet normal 0.382687 0.923878 -3.23963e-006
    outer loop
      vertex 4.12062 15.7932 6.58549
      vertex 0 17.5 1
      vertex 4.06691 15.8154 6.675
    endloop
  endfacet
  facet normal 0.382681 0.92388 1.98691e-006
    outer loop
      vertex 4.20648 15.7576 6.44237
      vertex 0 17.5 1
      vertex 4.12062 15.7932 6.58549
    endloop
  endfacet
  facet normal 0.382686 0.923879 -2.17853e-006
    outer loop
      vertex 4.3057 15.7165 6.30975
      vertex 0 17.5 1
      vertex 4.20648 15.7576 6.44237
    endloop
  endfacet
  facet normal 0.382681 0.923881 2.57056e-006
    outer loop
      vertex 4.36776 15.6908 6.2268
      vertex 0 17.5 1
      vertex 4.3057 15.7165 6.30975
    endloop
  endfacet
  facet normal 0.382684 0.923879 -9.34696e-007
    outer loop
      vertex 4.47924 15.6446 6.10613
      vertex 0 17.5 1
      vertex 4.36776 15.6908 6.2268
    endloop
  endfacet
  facet normal 0.382685 0.923879 -1.27959e-006
    outer loop
      vertex 4.54896 15.6158 6.03067
      vertex 0 17.5 1
      vertex 4.47924 15.6446 6.10613
    endloop
  endfacet
  facet normal 0.382683 0.92388 5.7517e-007
    outer loop
      vertex 4.62559 15.584 5.9635
      vertex 0 17.5 1
      vertex 4.54896 15.6158 6.03067
    endloop
  endfacet
  facet normal 0.382682 0.92388 1.23076e-006
    outer loop
      vertex 4.74812 15.5333 5.8561
      vertex 0 17.5 1
      vertex 4.62559 15.584 5.9635
    endloop
  endfacet
  facet normal 0.382683 0.92388 6.88219e-007
    outer loop
      vertex 4.83082 15.499 5.79798
      vertex 0 17.5 1
      vertex 4.74812 15.5333 5.8561
    endloop
  endfacet
  facet normal 0.382681 0.923881 3.66416e-006
    outer loop
      vertex 5.10352 15.3861 5.62756
      vertex 0 17.5 1
      vertex 4.96304 15.4442 5.70503
    endloop
  endfacet
  facet normal 0 0 1
    outer loop
      vertex 12.3744 12.3744 15.75
      vertex 16.5 0 15.75
      vertex 17.5 0 15.75
    endloop
  endfacet
  facet normal 0 0 1
    outer loop
      vertex 12.3744 12.3744 15.75
      vertex 11.6673 11.6673 15.75
      vertex 16.5 0 15.75
    endloop
  endfacet
  facet normal 0 0 1
    outer loop
      vertex 0 17.5 15.75
      vertex 11.6673 11.6673 15.75
      vertex 12.3744 12.3744 15.75
    endloop
  endfacet
  facet normal 0 0 1
    outer loop
      vertex 0 17.5 15.75
      vertex 0 16.5 15.75
      vertex 11.6673 11.6673 15.75
    endloop
  endfacet
  facet normal 0 0 1
    outer loop
      vertex 0 17.5 15.75
      vertex -11.6673 11.6673 15.75
      vertex 0 16.5 15.75
    endloop
  endfacet
  facet normal -0 0 1
    outer loop
      vertex -12.3744 12.3744 15.75
      vertex -11.6673 11.6673 15.75
      vertex 0 17.5 15.75
    endloop
  endfacet
  facet normal 0 0 1
    outer loop
      vertex -12.3744 12.3744 15.75
      vertex -16.5 0 15.75
      vertex -11.6673 11.6673 15.75
    endloop
  endfacet
  facet normal 0 -0 1
    outer loop
      vertex -16.5 0 15.75
      vertex -12.3744 12.3744 15.75
      vertex -17.5 0 15.75
    endloop
  endfacet
  facet normal -0 0 1
    outer loop
      vertex 16.5 0 15.75
      vertex 12.3744 -12.3744 15.75
      vertex 17.5 0 15.75
    endloop
  endfacet
  facet normal -0 0 1
    outer loop
      vertex 11.6673 -11.6673 15.75
      vertex 12.3744 -12.3744 15.75
      vertex 16.5 0 15.75
    endloop
  endfacet
  facet normal 0 0 1
    outer loop
      vertex 0 -16.5 15.75
      vertex 12.3744 -12.3744 15.75
      vertex 11.6673 -11.6673 15.75
    endloop
  endfacet
  facet normal -0 0 1
    outer loop
      vertex 0 -16.5 15.75
      vertex 0 -17.5 15.75
      vertex 12.3744 -12.3744 15.75
    endloop
  endfacet
  facet normal 0 0 1
    outer loop
      vertex -11.6673 -11.6673 15.75
      vertex 0 -17.5 15.75
      vertex 0 -16.5 15.75
    endloop
  endfacet
  facet normal 0 0 1
    outer loop
      vertex -11.6673 -11.6673 15.75
      vertex -12.3744 -12.3744 15.75
      vertex 0 -17.5 15.75
    endloop
  endfacet
  facet normal 0 0 1
    outer loop
      vertex -16.5 0 15.75
      vertex -12.3744 -12.3744 15.75
      vertex -11.6673 -11.6673 15.75
    endloop
  endfacet
  facet normal 0 0 1
    outer loop
      vertex -12.3744 -12.3744 15.75
      vertex -16.5 0 15.75
      vertex -17.5 0 15.75
    endloop
  endfacet
  facet normal -0.382683 0.92388 -3.57799e-008
    outer loop
      vertex 0 17.5 15.75
      vertex -6.18718 14.9372 10.65
      vertex -12.3744 12.3744 15.75
    endloop
  endfacet
  facet normal -0.382685 0.923879 2.06893e-006
    outer loop
      vertex 0 17.5 15.75
      vertex -6.08871 14.978 10.6444
      vertex -6.18718 14.9372 10.65
    endloop
  endfacet
  facet normal -0.382685 0.923879 1.50198e-006
    outer loop
      vertex 0 17.5 15.75
      vertex -5.93127 15.0432 10.6355
      vertex -6.08871 14.978 10.6444
    endloop
  endfacet
  facet normal -0.382684 0.923879 8.26426e-007
    outer loop
      vertex 0 17.5 15.75
      vertex -5.67816 15.148 10.5921
      vertex -5.93127 15.0432 10.6355
    endloop
  endfacet
  facet normal -0.382681 0.92388 -2.45463e-006
    outer loop
      vertex 0 17.5 15.75
      vertex -5.52587 15.2111 10.5479
      vertex -5.67816 15.148 10.5921
    endloop
  endfacet
  facet normal -0.382683 0.92388 -9.81236e-007
    outer loop
      vertex 0 17.5 15.75
      vertex -5.43062 15.2506 10.5203
      vertex -5.52587 15.2111 10.5479
    endloop
  endfacet
  facet normal -0.382685 0.923879 2.08903e-006
    outer loop
      vertex 0 17.5 15.75
      vertex -5.28343 15.3115 10.4591
      vertex -5.43062 15.2506 10.5203
    endloop
  endfacet
  facet normal -0.382682 0.92388 -1.36032e-006
    outer loop
      vertex 0 17.5 15.75
      vertex -5.19138 15.3497 10.4209
      vertex -5.28343 15.3115 10.4591
    endloop
  endfacet
  facet normal -0.382685 0.923879 2.35248e-006
    outer loop
      vertex 0 17.5 15.75
      vertex -5.10352 15.3861 10.3724
      vertex -5.19138 15.3497 10.4209
    endloop
  endfacet
  facet normal -0.38268 0.923881 -3.32871e-006
    outer loop
      vertex 0 17.5 15.75
      vertex -4.96304 15.4442 10.295
      vertex -5.10352 15.3861 10.3724
    endloop
  endfacet
  facet normal -0.382686 0.923879 2.5635e-006
    outer loop
      vertex 0 17.5 15.75
      vertex -4.83082 15.499 10.202
      vertex -4.96304 15.4442 10.295
    endloop
  endfacet
  facet normal -0.382683 0.92388 -6.30504e-007
    outer loop
      vertex 0 17.5 15.75
      vertex -4.74812 15.5333 10.1439
      vertex -4.83082 15.499 10.202
    endloop
  endfacet
  facet normal -0.382682 0.92388 -1.13625e-006
    outer loop
      vertex 0 17.5 15.75
      vertex -4.62559 15.584 10.0365
      vertex -4.74812 15.5333 10.1439
    endloop
  endfacet
  facet normal -0.382683 0.92388 -5.31009e-007
    outer loop
      vertex 0 17.5 15.75
      vertex -4.54896 15.6158 9.96933
      vertex -4.62559 15.584 10.0365
    endloop
  endfacet
  facet normal -0.382685 0.923879 1.18994e-006
    outer loop
      vertex 0 17.5 15.75
      vertex -4.47924 15.6446 9.89386
      vertex -4.54896 15.6158 9.96933
    endloop
  endfacet
  facet normal -0.382684 0.923879 8.69206e-007
    outer loop
      vertex 0 17.5 15.75
      vertex -4.36776 15.6908 9.7732
      vertex -4.47924 15.6446 9.89386
    endloop
  endfacet
  facet normal -0.382681 0.923881 -2.40738e-006
    outer loop
      vertex 0 17.5 15.75
      vertex -4.3057 15.7165 9.69025
      vertex -4.36776 15.6908 9.7732
    endloop
  endfacet
  facet normal -0.382686 0.923879 2.04024e-006
    outer loop
      vertex 0 17.5 15.75
      vertex -4.20648 15.7576 9.55763
      vertex -4.3057 15.7165 9.69025
    endloop
  endfacet
  facet normal -0.382681 0.923881 -1.87404e-006
    outer loop
      vertex 0 17.5 15.75
      vertex -4.12062 15.7932 9.41451
      vertex -4.20648 15.7576 9.55763
    endloop
  endfacet
  facet normal -0.382687 0.923878 3.05561e-006
    outer loop
      vertex 0 17.5 15.75
      vertex -4.06691 15.8154 9.325
      vertex -4.12062 15.7932 9.41451
    endloop
  endfacet
  facet normal -0.382681 0.923881 -2.05533e-006
    outer loop
      vertex 0 17.5 15.75
      vertex -4.02215 15.834 9.2299
      vertex -4.06691 15.8154 9.325
    endloop
  endfacet
  facet normal -0.382682 0.92388 -9.20858e-007
    outer loop
      vertex 0 17.5 15.75
      vertex -3.95057 15.8636 9.07785
      vertex -4.02215 15.834 9.2299
    endloop
  endfacet
  facet normal -0.382683 0.92388 -5.39538e-007
    outer loop
      vertex 0 17.5 15.75
      vertex -3.85873 15.9017 8.81889
      vertex -3.95057 15.8636 9.07785
    endloop
  endfacet
  facet normal -0.382686 0.923878 1.9296e-006
    outer loop
      vertex 0 17.5 15.75
      vertex -3.81792 15.9186 8.65406
      vertex -3.85873 15.9017 8.81889
    endloop
  endfacet
  facet normal -0.382678 0.923882 -3.28778e-006
    outer loop
      vertex 0 17.5 15.75
      vertex -3.7924 15.9291 8.55097
      vertex -3.81792 15.9186 8.65406
    endloop
  endfacet
  facet normal -0.382684 0.923879 2.8516e-007
    outer loop
      vertex 0 17.5 15.75
      vertex -3.75232 15.9457 8.277
      vertex -3.7924 15.9291 8.55097
    endloop
  endfacet
  facet normal -0.382691 0.923876 4.42058e-006
    outer loop
      vertex 0 17.5 15.75
      vertex -3.74715 15.9479 8.17042
      vertex -3.75232 15.9457 8.277
    endloop
  endfacet
  facet normal -0.382684 0.923879 5.70418e-007
    outer loop
      vertex 0 17.5 15.75
      vertex -3.7389 15.9513 8
      vertex -3.74715 15.9479 8.17042
    endloop
  endfacet
  facet normal -0.382683 0.92388 0
    outer loop
      vertex 0 17.5 1
      vertex -3.7389 15.9513 8
      vertex 0 17.5 15.75
    endloop
  endfacet
  facet normal -0.382684 0.923879 -5.75495e-007
    outer loop
      vertex -3.7389 15.9513 8
      vertex 0 17.5 1
      vertex -3.74715 15.9479 7.82958
    endloop
  endfacet
  facet normal -0.38269 0.923877 -4.45995e-006
    outer loop
      vertex -3.74715 15.9479 7.82958
      vertex 0 17.5 1
      vertex -3.75232 15.9457 7.723
    endloop
  endfacet
  facet normal -0.382684 0.923879 -2.91768e-007
    outer loop
      vertex -3.75232 15.9457 7.723
      vertex 0 17.5 1
      vertex -3.7924 15.9291 7.44903
    endloop
  endfacet
  facet normal -0.382679 0.923882 3.40106e-006
    outer loop
      vertex -3.7924 15.9291 7.44903
      vertex 0 17.5 1
      vertex -3.81792 15.9186 7.34594
    endloop
  endfacet
  facet normal -0.382686 0.923878 -1.99607e-006
    outer loop
      vertex -3.81792 15.9186 7.34594
      vertex 0 17.5 1
      vertex -3.85873 15.9017 7.1811
    endloop
  endfacet
  facet normal -0.382683 0.92388 6.88219e-007
    outer loop
      vertex 0 17.5 1
      vertex -4.83082 15.499 5.79798
      vertex -4.74812 15.5333 5.8561
    endloop
  endfacet
  facet normal -0.382685 0.923879 -2.39901e-006
    outer loop
      vertex -6.08871 14.978 5.35559
      vertex 0 17.5 1
      vertex -6.18718 14.9372 5.35
    endloop
  endfacet
  facet normal -0.382684 0.923879 -1.74161e-006
    outer loop
      vertex -5.93127 15.0432 5.36452
      vertex 0 17.5 1
      vertex -6.08871 14.978 5.35559
    endloop
  endfacet
  facet normal -0.382684 0.923879 -9.41605e-007
    outer loop
      vertex -5.67816 15.148 5.40791
      vertex 0 17.5 1
      vertex -5.93127 15.0432 5.36452
    endloop
  endfacet
  facet normal -0.382682 0.92388 2.75868e-006
    outer loop
      vertex -5.52587 15.2111 5.45208
      vertex 0 17.5 1
      vertex -5.67816 15.148 5.40791
    endloop
  endfacet
  facet normal -0.382683 0.92388 1.10279e-006
    outer loop
      vertex -5.43062 15.2506 5.4797
      vertex 0 17.5 1
      vertex -5.52587 15.2111 5.45208
    endloop
  endfacet
  facet normal -0.382685 0.923879 -2.32163e-006
    outer loop
      vertex -5.28343 15.3115 5.54086
      vertex 0 17.5 1
      vertex -5.43062 15.2506 5.4797
    endloop
  endfacet
  facet normal -0.382682 0.92388 1.51177e-006
    outer loop
      vertex -5.19138 15.3497 5.5791
      vertex 0 17.5 1
      vertex -5.28343 15.3115 5.54086
    endloop
  endfacet
  facet normal -0.382685 0.923879 -2.58956e-006
    outer loop
      vertex -5.10352 15.3861 5.62756
      vertex 0 17.5 1
      vertex -5.19138 15.3497 5.5791
    endloop
  endfacet
  facet normal -0.382681 0.923881 3.66416e-006
    outer loop
      vertex -4.96304 15.4442 5.70503
      vertex 0 17.5 1
      vertex -5.10352 15.3861 5.62756
    endloop
  endfacet
  facet normal -0.382686 0.923879 -2.79815e-006
    outer loop
      vertex -4.83082 15.499 5.79798
      vertex 0 17.5 1
      vertex -4.96304 15.4442 5.70503
    endloop
  endfacet
  facet normal -0.382682 0.92388 1.23076e-006
    outer loop
      vertex -4.62559 15.584 5.9635
      vertex 0 17.5 1
      vertex -4.74812 15.5333 5.8561
    endloop
  endfacet
  facet normal -0.382683 0.92388 5.7517e-007
    outer loop
      vertex -4.54896 15.6158 6.03067
      vertex 0 17.5 1
      vertex -4.62559 15.584 5.9635
    endloop
  endfacet
  facet normal -0.382685 0.923879 -1.27959e-006
    outer loop
      vertex -4.47924 15.6446 6.10613
      vertex 0 17.5 1
      vertex -4.54896 15.6158 6.03067
    endloop
  endfacet
  facet normal -0.382684 0.923879 -9.34696e-007
    outer loop
      vertex -4.36776 15.6908 6.2268
      vertex 0 17.5 1
      vertex -4.47924 15.6446 6.10613
    endloop
  endfacet
  facet normal -0.382681 0.923881 2.57056e-006
    outer loop
      vertex -4.3057 15.7165 6.30975
      vertex 0 17.5 1
      vertex -4.36776 15.6908 6.2268
    endloop
  endfacet
  facet normal -0.382686 0.923879 -2.17853e-006
    outer loop
      vertex -4.20648 15.7576 6.44237
      vertex 0 17.5 1
      vertex -4.3057 15.7165 6.30975
    endloop
  endfacet
  facet normal -0.382681 0.92388 1.98691e-006
    outer loop
      vertex -4.12062 15.7932 6.58549
      vertex 0 17.5 1
      vertex -4.20648 15.7576 6.44237
    endloop
  endfacet
  facet normal -0.382687 0.923878 -3.23963e-006
    outer loop
      vertex -4.06691 15.8154 6.675
      vertex 0 17.5 1
      vertex -4.12062 15.7932 6.58549
    endloop
  endfacet
  facet normal -0.382681 0.923881 2.16302e-006
    outer loop
      vertex -4.02215 15.834 6.7701
      vertex 0 17.5 1
      vertex -4.06691 15.8154 6.675
    endloop
  endfacet
  facet normal -0.382682 0.92388 9.69107e-007
    outer loop
      vertex -3.95057 15.8636 6.92215
      vertex 0 17.5 1
      vertex -4.02215 15.834 6.7701
    endloop
  endfacet
  facet normal -0.382683 0.92388 5.63256e-007
    outer loop
      vertex -3.85873 15.9017 7.1811
      vertex 0 17.5 1
      vertex -3.95057 15.8636 6.92215
    endloop
  endfacet
  facet normal -0.382684 0.923879 -2.44237e-007
    outer loop
      vertex -6.34463 14.872 10.6411
      vertex -12.3744 12.3744 15.75
      vertex -6.18718 14.9372 10.65
    endloop
  endfacet
  facet normal -0.382683 0.92388 -3.78516e-008
    outer loop
      vertex -6.4431 14.8312 10.6355
      vertex -12.3744 12.3744 15.75
      vertex -6.34463 14.872 10.6411
    endloop
  endfacet
  facet normal -0.382684 0.923879 -8.26426e-007
    outer loop
      vertex -6.69621 14.7263 10.5921
      vertex -12.3744 12.3744 15.75
      vertex -6.4431 14.8312 10.6355
    endloop
  endfacet
  facet normal -0.382681 0.92388 2.53931e-006
    outer loop
      vertex -6.79146 14.6869 10.5645
      vertex -12.3744 12.3744 15.75
      vertex -6.69621 14.7263 10.5921
    endloop
  endfacet
  facet normal -0.382682 0.92388 1.47297e-006
    outer loop
      vertex -6.94374 14.6238 10.5203
      vertex -12.3744 12.3744 15.75
      vertex -6.79146 14.6869 10.5645
    endloop
  endfacet
  facet normal -0.382685 0.923879 -2.08903e-006
    outer loop
      vertex -7.09093 14.5628 10.4591
      vertex -12.3744 12.3744 15.75
      vertex -6.94374 14.6238 10.5203
    endloop
  endfacet
  facet normal -0.382679 0.923881 5.31736e-006
    outer loop
      vertex -7.18299 14.5247 10.4209
      vertex -12.3744 12.3744 15.75
      vertex -7.09093 14.5628 10.4591
    endloop
  endfacet
  facet normal -0.382684 0.923879 -9.73304e-007
    outer loop
      vertex -7.27085 14.4883 10.3724
      vertex -12.3744 12.3744 15.75
      vertex -7.18299 14.5247 10.4209
    endloop
  endfacet
  facet normal -0.382684 0.923879 -4.93359e-007
    outer loop
      vertex -7.41132 14.4301 10.295
      vertex -12.3744 12.3744 15.75
      vertex -7.27085 14.4883 10.3724
    endloop
  endfacet
  facet normal -0.382686 0.923879 -2.58391e-006
    outer loop
      vertex -7.54355 14.3754 10.202
      vertex -12.3744 12.3744 15.75
      vertex -7.41132 14.4301 10.295
    endloop
  endfacet
  facet normal -0.382682 0.92388 1.80196e-006
    outer loop
      vertex -7.62625 14.3411 10.1439
      vertex -12.3744 12.3744 15.75
      vertex -7.54355 14.3754 10.202
    endloop
  endfacet
  facet normal -0.382682 0.92388 1.67251e-006
    outer loop
      vertex -7.70288 14.3094 10.0767
      vertex -12.3744 12.3744 15.75
      vertex -7.62625 14.3411 10.1439
    endloop
  endfacet
  facet normal -0.382684 0.923879 -2.79612e-007
    outer loop
      vertex -7.8254 14.2586 9.96933
      vertex -12.3744 12.3744 15.75
      vertex -7.70288 14.3094 10.0767
    endloop
  endfacet
  facet normal -0.382684 0.923879 -1.85677e-007
    outer loop
      vertex -7.93689 14.2124 9.84866
      vertex -12.3744 12.3744 15.75
      vertex -7.8254 14.2586 9.96933
    endloop
  endfacet
  facet normal -0.382686 0.923878 -2.26689e-006
    outer loop
      vertex -8.00661 14.1836 9.7732
      vertex -12.3744 12.3744 15.75
      vertex -7.93689 14.2124 9.84866
    endloop
  endfacet
  facet normal -0.382681 0.923881 2.39194e-006
    outer loop
      vertex -8.06867 14.1578 9.69025
      vertex -12.3744 12.3744 15.75
      vertex -8.00661 14.1836 9.7732
    endloop
  endfacet
  facet normal -0.382682 0.92388 1.18049e-006
    outer loop
      vertex -8.16788 14.1168 9.55763
      vertex -12.3744 12.3744 15.75
      vertex -8.06867 14.1578 9.69025
    endloop
  endfacet
  facet normal -0.382684 0.923879 -6.65005e-007
    outer loop
      vertex -8.25375 14.0812 9.41451
      vertex -12.3744 12.3744 15.75
      vertex -8.16788 14.1168 9.55763
    endloop
  endfacet
  facet normal -0.382689 0.923877 -4.11604e-006
    outer loop
      vertex -8.30746 14.0589 9.325
      vertex -12.3744 12.3744 15.75
      vertex -8.25375 14.0812 9.41451
    endloop
  endfacet
  facet normal -0.382679 0.923881 3.14367e-006
    outer loop
      vertex -8.35222 14.0404 9.2299
      vertex -12.3744 12.3744 15.75
      vertex -8.30746 14.0589 9.325
    endloop
  endfacet
  facet normal -0.382684 0.923879 -1.00162e-007
    outer loop
      vertex -8.4238 14.0107 9.07785
      vertex -12.3744 12.3744 15.75
      vertex -8.35222 14.0404 9.2299
    endloop
  endfacet
  facet normal -0.382682 0.92388 7.44521e-007
    outer loop
      vertex -8.51564 13.9727 8.81889
      vertex -12.3744 12.3744 15.75
      vertex -8.4238 14.0107 9.07785
    endloop
  endfacet
  facet normal -0.382684 0.923879 -6.15885e-007
    outer loop
      vertex -8.58196 13.9452 8.55097
      vertex -12.3744 12.3744 15.75
      vertex -8.51564 13.9727 8.81889
    endloop
  endfacet
  facet normal -0.382684 0.923879 -6.25722e-007
    outer loop
      vertex -8.59739 13.9388 8.44555
      vertex -12.3744 12.3744 15.75
      vertex -8.58196 13.9452 8.55097
    endloop
  endfacet
  facet normal -0.382681 0.923881 1.59096e-006
    outer loop
      vertex -8.62205 13.9286 8.277
      vertex -12.3744 12.3744 15.75
      vertex -8.59739 13.9388 8.44555
    endloop
  endfacet
  facet normal -0.382685 0.923879 -1.05449e-006
    outer loop
      vertex -8.6303 13.9252 8.10658
      vertex -12.3744 12.3744 15.75
      vertex -8.62205 13.9286 8.277
    endloop
  endfacet
  facet normal -0.382692 0.923876 -5.1933e-006
    outer loop
      vertex -8.63546 13.9231 8
      vertex -12.3744 12.3744 15.75
      vertex -8.6303 13.9252 8.10658
    endloop
  endfacet
  facet normal -0.382692 0.923876 5.23957e-006
    outer loop
      vertex -12.3744 12.3744 1
      vertex -8.63546 13.9231 8
      vertex -8.6303 13.9252 7.89342
    endloop
  endfacet
  facet normal -0.382685 0.923879 1.06388e-006
    outer loop
      vertex -12.3744 12.3744 1
      vertex -8.6303 13.9252 7.89342
      vertex -8.62205 13.9286 7.723
    endloop
  endfacet
  facet normal -0.382681 0.923881 -1.62783e-006
    outer loop
      vertex -12.3744 12.3744 1
      vertex -8.62205 13.9286 7.723
      vertex -8.59739 13.9388 7.55445
    endloop
  endfacet
  facet normal -0.382684 0.923879 6.40222e-007
    outer loop
      vertex -12.3744 12.3744 1
      vertex -8.59739 13.9388 7.55445
      vertex -8.58196 13.9452 7.44903
    endloop
  endfacet
  facet normal -0.382684 0.923879 6.37104e-007
    outer loop
      vertex -12.3744 12.3744 1
      vertex -8.58196 13.9452 7.44903
      vertex -8.51564 13.9727 7.1811
    endloop
  endfacet
  facet normal -0.382682 0.92388 -7.77249e-007
    outer loop
      vertex -12.3744 12.3744 1
      vertex -8.51564 13.9727 7.1811
      vertex -8.4238 14.0107 6.92215
    endloop
  endfacet
  facet normal -0.382684 0.923879 1.07139e-006
    outer loop
      vertex -12.3744 12.3744 1
      vertex -7.27085 14.4883 5.62756
      vertex -7.18299 14.5247 5.5791
    endloop
  endfacet
  facet normal -0.382684 0.923879 2.83203e-007
    outer loop
      vertex -12.3744 12.3744 1
      vertex -6.34463 14.872 5.35893
      vertex -6.18718 14.9372 5.35
    endloop
  endfacet
  facet normal -0.382683 0.92388 4.19489e-008
    outer loop
      vertex -12.3744 12.3744 1
      vertex -6.18718 14.9372 5.35
      vertex 0 17.5 1
    endloop
  endfacet
  facet normal -0.382683 0.92388 4.38905e-008
    outer loop
      vertex -6.34463 14.872 5.35893
      vertex -12.3744 12.3744 1
      vertex -6.4431 14.8312 5.36452
    endloop
  endfacet
  facet normal -0.382684 0.923879 9.41605e-007
    outer loop
      vertex -6.4431 14.8312 5.36452
      vertex -12.3744 12.3744 1
      vertex -6.69621 14.7263 5.40791
    endloop
  endfacet
  facet normal -0.382681 0.92388 -2.85386e-006
    outer loop
      vertex -6.69621 14.7263 5.40791
      vertex -12.3744 12.3744 1
      vertex -6.79146 14.6869 5.43553
    endloop
  endfacet
  facet normal -0.382682 0.92388 -1.65542e-006
    outer loop
      vertex -6.79146 14.6869 5.43553
      vertex -12.3744 12.3744 1
      vertex -6.94374 14.6238 5.4797
    endloop
  endfacet
  facet normal -0.382685 0.923879 2.32163e-006
    outer loop
      vertex -6.94374 14.6238 5.4797
      vertex -12.3744 12.3744 1
      vertex -7.09093 14.5628 5.54086
    endloop
  endfacet
  facet normal -0.382679 0.923881 -5.90938e-006
    outer loop
      vertex -7.09093 14.5628 5.54086
      vertex -12.3744 12.3744 1
      vertex -7.18299 14.5247 5.5791
    endloop
  endfacet
  facet normal -0.382683 0.92388 0
    outer loop
      vertex -8.63546 13.9231 8
      vertex -12.3744 12.3744 1
      vertex -12.3744 12.3744 15.75
    endloop
  endfacet
  facet normal -0.382684 0.923879 1.0541e-007
    outer loop
      vertex -8.35222 14.0404 6.7701
      vertex -12.3744 12.3744 1
      vertex -8.4238 14.0107 6.92215
    endloop
  endfacet
  facet normal -0.382679 0.923881 -3.30837e-006
    outer loop
      vertex -8.30746 14.0589 6.675
      vertex -12.3744 12.3744 1
      vertex -8.35222 14.0404 6.7701
    endloop
  endfacet
  facet normal -0.382689 0.923877 4.36392e-006
    outer loop
      vertex -8.25375 14.0812 6.58549
      vertex -12.3744 12.3744 1
      vertex -8.30746 14.0589 6.675
    endloop
  endfacet
  facet normal -0.382684 0.923879 7.05055e-007
    outer loop
      vertex -8.16788 14.1168 6.44237
      vertex -12.3744 12.3744 1
      vertex -8.25375 14.0812 6.58549
    endloop
  endfacet
  facet normal -0.382682 0.92388 -1.26051e-006
    outer loop
      vertex -8.06867 14.1578 6.30975
      vertex -12.3744 12.3744 1
      vertex -8.16788 14.1168 6.44237
    endloop
  endfacet
  facet normal -0.382681 0.923881 -2.55407e-006
    outer loop
      vertex -8.00661 14.1836 6.2268
      vertex -12.3744 12.3744 1
      vertex -8.06867 14.1578 6.30975
    endloop
  endfacet
  facet normal -0.382686 0.923879 2.43767e-006
    outer loop
      vertex -7.93689 14.2124 6.15133
      vertex -12.3744 12.3744 1
      vertex -8.00661 14.1836 6.2268
    endloop
  endfacet
  facet normal -0.382684 0.923879 1.99666e-007
    outer loop
      vertex -7.8254 14.2586 6.03067
      vertex -12.3744 12.3744 1
      vertex -7.93689 14.2124 6.15133
    endloop
  endfacet
  facet normal -0.382684 0.923879 3.02868e-007
    outer loop
      vertex -7.70288 14.3094 5.92327
      vertex -12.3744 12.3744 1
      vertex -7.8254 14.2586 6.03067
    endloop
  endfacet
  facet normal -0.382682 0.92388 -1.8116e-006
    outer loop
      vertex -7.62625 14.3411 5.8561
      vertex -12.3744 12.3744 1
      vertex -7.70288 14.3094 5.92327
    endloop
  endfacet
  facet normal -0.382682 0.92388 -1.9669e-006
    outer loop
      vertex -7.54355 14.3754 5.79798
      vertex -12.3744 12.3744 1
      vertex -7.62625 14.3411 5.8561
    endloop
  endfacet
  facet normal -0.382686 0.923879 2.82043e-006
    outer loop
      vertex -7.41132 14.4301 5.70503
      vertex -12.3744 12.3744 1
      vertex -7.54355 14.3754 5.79798
    endloop
  endfacet
  facet normal -0.382684 0.923879 5.43078e-007
    outer loop
      vertex -7.27085 14.4883 5.62756
      vertex -12.3744 12.3744 1
      vertex -7.41132 14.4301 5.70503
    endloop
  endfacet
  facet normal 0.382683 -0.92388 -3.57799e-008
    outer loop
      vertex 0 -17.5 15.75
      vertex 6.18718 -14.9372 10.65
      vertex 12.3744 -12.3744 15.75
    endloop
  endfacet
  facet normal 0.382685 -0.923879 2.06893e-006
    outer loop
      vertex 0 -17.5 15.75
      vertex 6.08871 -14.978 10.6444
      vertex 6.18718 -14.9372 10.65
    endloop
  endfacet
  facet normal 0.382685 -0.923879 1.50198e-006
    outer loop
      vertex 0 -17.5 15.75
      vertex 5.93127 -15.0432 10.6355
      vertex 6.08871 -14.978 10.6444
    endloop
  endfacet
  facet normal 0.382684 -0.923879 8.26426e-007
    outer loop
      vertex 0 -17.5 15.75
      vertex 5.67816 -15.148 10.5921
      vertex 5.93127 -15.0432 10.6355
    endloop
  endfacet
  facet normal 0.382681 -0.92388 -2.45463e-006
    outer loop
      vertex 0 -17.5 15.75
      vertex 5.52587 -15.2111 10.5479
      vertex 5.67816 -15.148 10.5921
    endloop
  endfacet
  facet normal 0.382683 -0.92388 -9.81236e-007
    outer loop
      vertex 0 -17.5 15.75
      vertex 5.43062 -15.2506 10.5203
      vertex 5.52587 -15.2111 10.5479
    endloop
  endfacet
  facet normal 0.382685 -0.923879 2.08903e-006
    outer loop
      vertex 0 -17.5 15.75
      vertex 5.28343 -15.3115 10.4591
      vertex 5.43062 -15.2506 10.5203
    endloop
  endfacet
  facet normal 0.382682 -0.92388 -1.36032e-006
    outer loop
      vertex 0 -17.5 15.75
      vertex 5.19138 -15.3497 10.4209
      vertex 5.28343 -15.3115 10.4591
    endloop
  endfacet
  facet normal 0.382685 -0.923879 2.35248e-006
    outer loop
      vertex 0 -17.5 15.75
      vertex 5.10352 -15.3861 10.3724
      vertex 5.19138 -15.3497 10.4209
    endloop
  endfacet
  facet normal 0.38268 -0.923881 -3.32871e-006
    outer loop
      vertex 0 -17.5 15.75
      vertex 4.96304 -15.4442 10.295
      vertex 5.10352 -15.3861 10.3724
    endloop
  endfacet
  facet normal 0.382686 -0.923879 2.5635e-006
    outer loop
      vertex 0 -17.5 15.75
      vertex 4.83082 -15.499 10.202
      vertex 4.96304 -15.4442 10.295
    endloop
  endfacet
  facet normal 0.382683 -0.92388 -6.30504e-007
    outer loop
      vertex 0 -17.5 15.75
      vertex 4.74812 -15.5333 10.1439
      vertex 4.83082 -15.499 10.202
    endloop
  endfacet
  facet normal 0.382682 -0.92388 -1.13625e-006
    outer loop
      vertex 0 -17.5 15.75
      vertex 4.62559 -15.584 10.0365
      vertex 4.74812 -15.5333 10.1439
    endloop
  endfacet
  facet normal 0.382683 -0.92388 -5.31009e-007
    outer loop
      vertex 0 -17.5 15.75
      vertex 4.54896 -15.6158 9.96933
      vertex 4.62559 -15.584 10.0365
    endloop
  endfacet
  facet normal 0.382685 -0.923879 1.18994e-006
    outer loop
      vertex 0 -17.5 15.75
      vertex 4.47924 -15.6446 9.89386
      vertex 4.54896 -15.6158 9.96933
    endloop
  endfacet
  facet normal 0.382684 -0.923879 8.69206e-007
    outer loop
      vertex 0 -17.5 15.75
      vertex 4.36776 -15.6908 9.7732
      vertex 4.47924 -15.6446 9.89386
    endloop
  endfacet
  facet normal 0.382681 -0.923881 -2.40738e-006
    outer loop
      vertex 0 -17.5 15.75
      vertex 4.3057 -15.7165 9.69025
      vertex 4.36776 -15.6908 9.7732
    endloop
  endfacet
  facet normal 0.382686 -0.923879 2.04024e-006
    outer loop
      vertex 0 -17.5 15.75
      vertex 4.20648 -15.7576 9.55763
      vertex 4.3057 -15.7165 9.69025
    endloop
  endfacet
  facet normal 0.382681 -0.923881 -1.87404e-006
    outer loop
      vertex 0 -17.5 15.75
      vertex 4.12062 -15.7932 9.41451
      vertex 4.20648 -15.7576 9.55763
    endloop
  endfacet
  facet normal 0.382687 -0.923878 3.05561e-006
    outer loop
      vertex 0 -17.5 15.75
      vertex 4.06691 -15.8154 9.325
      vertex 4.12062 -15.7932 9.41451
    endloop
  endfacet
  facet normal 0.382681 -0.923881 -2.05533e-006
    outer loop
      vertex 0 -17.5 15.75
      vertex 4.02215 -15.834 9.2299
      vertex 4.06691 -15.8154 9.325
    endloop
  endfacet
  facet normal 0.382682 -0.92388 -9.20858e-007
    outer loop
      vertex 0 -17.5 15.75
      vertex 3.95057 -15.8636 9.07785
      vertex 4.02215 -15.834 9.2299
    endloop
  endfacet
  facet normal 0.382683 -0.92388 -5.39538e-007
    outer loop
      vertex 0 -17.5 15.75
      vertex 3.85873 -15.9017 8.81889
      vertex 3.95057 -15.8636 9.07785
    endloop
  endfacet
  facet normal 0.382686 -0.923878 1.9296e-006
    outer loop
      vertex 0 -17.5 15.75
      vertex 3.81792 -15.9186 8.65406
      vertex 3.85873 -15.9017 8.81889
    endloop
  endfacet
  facet normal 0.382678 -0.923882 -3.28778e-006
    outer loop
      vertex 0 -17.5 15.75
      vertex 3.7924 -15.9291 8.55097
      vertex 3.81792 -15.9186 8.65406
    endloop
  endfacet
  facet normal 0.382684 -0.923879 2.8516e-007
    outer loop
      vertex 0 -17.5 15.75
      vertex 3.75232 -15.9457 8.277
      vertex 3.7924 -15.9291 8.55097
    endloop
  endfacet
  facet normal 0.382691 -0.923876 4.42058e-006
    outer loop
      vertex 0 -17.5 15.75
      vertex 3.74715 -15.9479 8.17042
      vertex 3.75232 -15.9457 8.277
    endloop
  endfacet
  facet normal 0.382684 -0.923879 5.70415e-007
    outer loop
      vertex 0 -17.5 15.75
      vertex 3.7389 -15.9513 8
      vertex 3.74715 -15.9479 8.17042
    endloop
  endfacet
  facet normal 0.382683 -0.92388 0
    outer loop
      vertex 0 -17.5 1
      vertex 3.7389 -15.9513 8
      vertex 0 -17.5 15.75
    endloop
  endfacet
  facet normal 0.382684 -0.923879 -5.75497e-007
    outer loop
      vertex 3.7389 -15.9513 8
      vertex 0 -17.5 1
      vertex 3.74715 -15.9479 7.82958
    endloop
  endfacet
  facet normal 0.38269 -0.923877 -4.45997e-006
    outer loop
      vertex 3.74715 -15.9479 7.82958
      vertex 0 -17.5 1
      vertex 3.75232 -15.9457 7.723
    endloop
  endfacet
  facet normal 0.382684 -0.923879 -2.91768e-007
    outer loop
      vertex 3.75232 -15.9457 7.723
      vertex 0 -17.5 1
      vertex 3.7924 -15.9291 7.44903
    endloop
  endfacet
  facet normal 0.382679 -0.923882 3.40106e-006
    outer loop
      vertex 3.7924 -15.9291 7.44903
      vertex 0 -17.5 1
      vertex 3.81792 -15.9186 7.34594
    endloop
  endfacet
  facet normal 0.382686 -0.923878 -1.99607e-006
    outer loop
      vertex 3.81792 -15.9186 7.34594
      vertex 0 -17.5 1
      vertex 3.85873 -15.9017 7.1811
    endloop
  endfacet
  facet normal 0.382683 -0.92388 6.88219e-007
    outer loop
      vertex 0 -17.5 1
      vertex 4.83082 -15.499 5.79798
      vertex 4.74812 -15.5333 5.8561
    endloop
  endfacet
  facet normal 0.382685 -0.923879 -2.39901e-006
    outer loop
      vertex 6.08871 -14.978 5.35559
      vertex 0 -17.5 1
      vertex 6.18718 -14.9372 5.35
    endloop
  endfacet
  facet normal 0.382684 -0.923879 -1.74161e-006
    outer loop
      vertex 5.93127 -15.0432 5.36452
      vertex 0 -17.5 1
      vertex 6.08871 -14.978 5.35559
    endloop
  endfacet
  facet normal 0.382684 -0.923879 -9.41605e-007
    outer loop
      vertex 5.67816 -15.148 5.40791
      vertex 0 -17.5 1
      vertex 5.93127 -15.0432 5.36452
    endloop
  endfacet
  facet normal 0.382682 -0.92388 2.75868e-006
    outer loop
      vertex 5.52587 -15.2111 5.45208
      vertex 0 -17.5 1
      vertex 5.67816 -15.148 5.40791
    endloop
  endfacet
  facet normal 0.382683 -0.92388 1.10279e-006
    outer loop
      vertex 5.43062 -15.2506 5.4797
      vertex 0 -17.5 1
      vertex 5.52587 -15.2111 5.45208
    endloop
  endfacet
  facet normal 0.382685 -0.923879 -2.32163e-006
    outer loop
      vertex 5.28343 -15.3115 5.54086
      vertex 0 -17.5 1
      vertex 5.43062 -15.2506 5.4797
    endloop
  endfacet
  facet normal 0.382682 -0.92388 1.51177e-006
    outer loop
      vertex 5.19138 -15.3497 5.5791
      vertex 0 -17.5 1
      vertex 5.28343 -15.3115 5.54086
    endloop
  endfacet
  facet normal 0.382685 -0.923879 -2.58956e-006
    outer loop
      vertex 5.10352 -15.3861 5.62756
      vertex 0 -17.5 1
      vertex 5.19138 -15.3497 5.5791
    endloop
  endfacet
  facet normal 0.382681 -0.923881 3.66416e-006
    outer loop
      vertex 4.96304 -15.4442 5.70503
      vertex 0 -17.5 1
      vertex 5.10352 -15.3861 5.62756
    endloop
  endfacet
  facet normal 0.382686 -0.923879 -2.79815e-006
    outer loop
      vertex 4.83082 -15.499 5.79798
      vertex 0 -17.5 1
      vertex 4.96304 -15.4442 5.70503
    endloop
  endfacet
  facet normal 0.382682 -0.92388 1.23076e-006
    outer loop
      vertex 4.62559 -15.584 5.9635
      vertex 0 -17.5 1
      vertex 4.74812 -15.5333 5.8561
    endloop
  endfacet
  facet normal 0.382683 -0.92388 5.7517e-007
    outer loop
      vertex 4.54896 -15.6158 6.03067
      vertex 0 -17.5 1
      vertex 4.62559 -15.584 5.9635
    endloop
  endfacet
  facet normal 0.382685 -0.923879 -1.27959e-006
    outer loop
      vertex 4.47924 -15.6446 6.10613
      vertex 0 -17.5 1
      vertex 4.54896 -15.6158 6.03067
    endloop
  endfacet
  facet normal 0.382684 -0.923879 -9.34696e-007
    outer loop
      vertex 4.36776 -15.6908 6.2268
      vertex 0 -17.5 1
      vertex 4.47924 -15.6446 6.10613
    endloop
  endfacet
  facet normal 0.382681 -0.923881 2.57056e-006
    outer loop
      vertex 4.3057 -15.7165 6.30975
      vertex 0 -17.5 1
      vertex 4.36776 -15.6908 6.2268
    endloop
  endfacet
  facet normal 0.382686 -0.923879 -2.17853e-006
    outer loop
      vertex 4.20648 -15.7576 6.44237
      vertex 0 -17.5 1
      vertex 4.3057 -15.7165 6.30975
    endloop
  endfacet
  facet normal 0.382681 -0.92388 1.98691e-006
    outer loop
      vertex 4.12062 -15.7932 6.58549
      vertex 0 -17.5 1
      vertex 4.20648 -15.7576 6.44237
    endloop
  endfacet
  facet normal 0.382687 -0.923878 -3.23963e-006
    outer loop
      vertex 4.06691 -15.8154 6.675
      vertex 0 -17.5 1
      vertex 4.12062 -15.7932 6.58549
    endloop
  endfacet
  facet normal 0.382681 -0.923881 2.16302e-006
    outer loop
      vertex 4.02215 -15.834 6.7701
      vertex 0 -17.5 1
      vertex 4.06691 -15.8154 6.675
    endloop
  endfacet
  facet normal 0.382682 -0.92388 9.69107e-007
    outer loop
      vertex 3.95057 -15.8636 6.92215
      vertex 0 -17.5 1
      vertex 4.02215 -15.834 6.7701
    endloop
  endfacet
  facet normal 0.382683 -0.92388 5.63256e-007
    outer loop
      vertex 3.85873 -15.9017 7.1811
      vertex 0 -17.5 1
      vertex 3.95057 -15.8636 6.92215
    endloop
  endfacet
  facet normal 0.382684 -0.923879 -2.44237e-007
    outer loop
      vertex 6.34463 -14.872 10.6411
      vertex 12.3744 -12.3744 15.75
      vertex 6.18718 -14.9372 10.65
    endloop
  endfacet
  facet normal 0.382683 -0.92388 -3.78516e-008
    outer loop
      vertex 6.4431 -14.8312 10.6355
      vertex 12.3744 -12.3744 15.75
      vertex 6.34463 -14.872 10.6411
    endloop
  endfacet
  facet normal 0.382684 -0.923879 -8.26426e-007
    outer loop
      vertex 6.69621 -14.7263 10.5921
      vertex 12.3744 -12.3744 15.75
      vertex 6.4431 -14.8312 10.6355
    endloop
  endfacet
  facet normal 0.382681 -0.92388 2.53931e-006
    outer loop
      vertex 6.79146 -14.6869 10.5645
      vertex 12.3744 -12.3744 15.75
      vertex 6.69621 -14.7263 10.5921
    endloop
  endfacet
  facet normal 0.382682 -0.92388 1.47297e-006
    outer loop
      vertex 6.94374 -14.6238 10.5203
      vertex 12.3744 -12.3744 15.75
      vertex 6.79146 -14.6869 10.5645
    endloop
  endfacet
  facet normal 0.382685 -0.923879 -2.08903e-006
    outer loop
      vertex 7.09093 -14.5628 10.4591
      vertex 12.3744 -12.3744 15.75
      vertex 6.94374 -14.6238 10.5203
    endloop
  endfacet
  facet normal 0.382679 -0.923881 5.31736e-006
    outer loop
      vertex 7.18299 -14.5247 10.4209
      vertex 12.3744 -12.3744 15.75
      vertex 7.09093 -14.5628 10.4591
    endloop
  endfacet
  facet normal 0.382684 -0.923879 -9.73304e-007
    outer loop
      vertex 7.27085 -14.4883 10.3724
      vertex 12.3744 -12.3744 15.75
      vertex 7.18299 -14.5247 10.4209
    endloop
  endfacet
  facet normal 0.382684 -0.923879 -4.93359e-007
    outer loop
      vertex 7.41132 -14.4301 10.295
      vertex 12.3744 -12.3744 15.75
      vertex 7.27085 -14.4883 10.3724
    endloop
  endfacet
  facet normal 0.382686 -0.923879 -2.58391e-006
    outer loop
      vertex 7.54355 -14.3754 10.202
      vertex 12.3744 -12.3744 15.75
      vertex 7.41132 -14.4301 10.295
    endloop
  endfacet
  facet normal 0.382682 -0.92388 1.80196e-006
    outer loop
      vertex 7.62625 -14.3411 10.1439
      vertex 12.3744 -12.3744 15.75
      vertex 7.54355 -14.3754 10.202
    endloop
  endfacet
  facet normal 0.382682 -0.92388 1.67251e-006
    outer loop
      vertex 7.70288 -14.3094 10.0767
      vertex 12.3744 -12.3744 15.75
      vertex 7.62625 -14.3411 10.1439
    endloop
  endfacet
  facet normal 0.382684 -0.923879 -2.79612e-007
    outer loop
      vertex 7.8254 -14.2586 9.96933
      vertex 12.3744 -12.3744 15.75
      vertex 7.70288 -14.3094 10.0767
    endloop
  endfacet
  facet normal 0.382684 -0.923879 -1.85677e-007
    outer loop
      vertex 7.93689 -14.2124 9.84866
      vertex 12.3744 -12.3744 15.75
      vertex 7.8254 -14.2586 9.96933
    endloop
  endfacet
  facet normal 0.382686 -0.923878 -2.26689e-006
    outer loop
      vertex 8.00661 -14.1836 9.7732
      vertex 12.3744 -12.3744 15.75
      vertex 7.93689 -14.2124 9.84866
    endloop
  endfacet
  facet normal 0.382681 -0.923881 2.39194e-006
    outer loop
      vertex 8.06867 -14.1578 9.69025
      vertex 12.3744 -12.3744 15.75
      vertex 8.00661 -14.1836 9.7732
    endloop
  endfacet
  facet normal 0.382682 -0.92388 1.18049e-006
    outer loop
      vertex 8.16788 -14.1168 9.55763
      vertex 12.3744 -12.3744 15.75
      vertex 8.06867 -14.1578 9.69025
    endloop
  endfacet
  facet normal 0.382684 -0.923879 -6.65005e-007
    outer loop
      vertex 8.25375 -14.0812 9.41451
      vertex 12.3744 -12.3744 15.75
      vertex 8.16788 -14.1168 9.55763
    endloop
  endfacet
  facet normal 0.382689 -0.923877 -4.11604e-006
    outer loop
      vertex 8.30746 -14.0589 9.325
      vertex 12.3744 -12.3744 15.75
      vertex 8.25375 -14.0812 9.41451
    endloop
  endfacet
  facet normal 0.382679 -0.923881 3.14367e-006
    outer loop
      vertex 8.35222 -14.0404 9.2299
      vertex 12.3744 -12.3744 15.75
      vertex 8.30746 -14.0589 9.325
    endloop
  endfacet
  facet normal 0.382684 -0.923879 -1.00162e-007
    outer loop
      vertex 8.4238 -14.0107 9.07785
      vertex 12.3744 -12.3744 15.75
      vertex 8.35222 -14.0404 9.2299
    endloop
  endfacet
  facet normal 0.382682 -0.92388 7.44521e-007
    outer loop
      vertex 8.51564 -13.9727 8.81889
      vertex 12.3744 -12.3744 15.75
      vertex 8.4238 -14.0107 9.07785
    endloop
  endfacet
  facet normal 0.382684 -0.923879 -6.15885e-007
    outer loop
      vertex 8.58196 -13.9452 8.55097
      vertex 12.3744 -12.3744 15.75
      vertex 8.51564 -13.9727 8.81889
    endloop
  endfacet
  facet normal 0.382684 -0.923879 -6.25722e-007
    outer loop
      vertex 8.59739 -13.9388 8.44555
      vertex 12.3744 -12.3744 15.75
      vertex 8.58196 -13.9452 8.55097
    endloop
  endfacet
  facet normal 0.382681 -0.923881 1.59096e-006
    outer loop
      vertex 8.62205 -13.9286 8.277
      vertex 12.3744 -12.3744 15.75
      vertex 8.59739 -13.9388 8.44555
    endloop
  endfacet
  facet normal 0.382685 -0.923879 -1.05449e-006
    outer loop
      vertex 8.6303 -13.9252 8.10658
      vertex 12.3744 -12.3744 15.75
      vertex 8.62205 -13.9286 8.277
    endloop
  endfacet
  facet normal 0.382692 -0.923876 -5.1933e-006
    outer loop
      vertex 8.63546 -13.9231 8
      vertex 12.3744 -12.3744 15.75
      vertex 8.6303 -13.9252 8.10658
    endloop
  endfacet
  facet normal 0.382692 -0.923876 5.23954e-006
    outer loop
      vertex 12.3744 -12.3744 1
      vertex 8.63546 -13.9231 8
      vertex 8.6303 -13.9252 7.89342
    endloop
  endfacet
  facet normal 0.382685 -0.923879 1.06388e-006
    outer loop
      vertex 12.3744 -12.3744 1
      vertex 8.6303 -13.9252 7.89342
      vertex 8.62205 -13.9286 7.723
    endloop
  endfacet
  facet normal 0.382681 -0.923881 -1.62783e-006
    outer loop
      vertex 12.3744 -12.3744 1
      vertex 8.62205 -13.9286 7.723
      vertex 8.59739 -13.9388 7.55445
    endloop
  endfacet
  facet normal 0.382684 -0.923879 6.40222e-007
    outer loop
      vertex 12.3744 -12.3744 1
      vertex 8.59739 -13.9388 7.55445
      vertex 8.58196 -13.9452 7.44903
    endloop
  endfacet
  facet normal 0.382684 -0.923879 6.37104e-007
    outer loop
      vertex 12.3744 -12.3744 1
      vertex 8.58196 -13.9452 7.44903
      vertex 8.51564 -13.9727 7.1811
    endloop
  endfacet
  facet normal 0.382682 -0.92388 -7.77249e-007
    outer loop
      vertex 12.3744 -12.3744 1
      vertex 8.51564 -13.9727 7.1811
      vertex 8.4238 -14.0107 6.92215
    endloop
  endfacet
  facet normal 0.382684 -0.923879 1.07139e-006
    outer loop
      vertex 12.3744 -12.3744 1
      vertex 7.27085 -14.4883 5.62756
      vertex 7.18299 -14.5247 5.5791
    endloop
  endfacet
  facet normal 0.382684 -0.923879 2.83203e-007
    outer loop
      vertex 12.3744 -12.3744 1
      vertex 6.34463 -14.872 5.35893
      vertex 6.18718 -14.9372 5.35
    endloop
  endfacet
  facet normal 0.382683 -0.92388 4.19489e-008
    outer loop
      vertex 12.3744 -12.3744 1
      vertex 6.18718 -14.9372 5.35
      vertex 0 -17.5 1
    endloop
  endfacet
  facet normal 0.382683 -0.92388 4.38905e-008
    outer loop
      vertex 6.34463 -14.872 5.35893
      vertex 12.3744 -12.3744 1
      vertex 6.4431 -14.8312 5.36452
    endloop
  endfacet
  facet normal 0.382684 -0.923879 9.41605e-007
    outer loop
      vertex 6.4431 -14.8312 5.36452
      vertex 12.3744 -12.3744 1
      vertex 6.69621 -14.7263 5.40791
    endloop
  endfacet
  facet normal 0.382681 -0.92388 -2.85386e-006
    outer loop
      vertex 6.69621 -14.7263 5.40791
      vertex 12.3744 -12.3744 1
      vertex 6.79146 -14.6869 5.43553
    endloop
  endfacet
  facet normal 0.382682 -0.92388 -1.65542e-006
    outer loop
      vertex 6.79146 -14.6869 5.43553
      vertex 12.3744 -12.3744 1
      vertex 6.94374 -14.6238 5.4797
    endloop
  endfacet
  facet normal 0.382685 -0.923879 2.32163e-006
    outer loop
      vertex 6.94374 -14.6238 5.4797
      vertex 12.3744 -12.3744 1
      vertex 7.09093 -14.5628 5.54086
    endloop
  endfacet
  facet normal 0.382679 -0.923881 -5.90938e-006
    outer loop
      vertex 7.09093 -14.5628 5.54086
      vertex 12.3744 -12.3744 1
      vertex 7.18299 -14.5247 5.5791
    endloop
  endfacet
  facet normal 0.382683 -0.92388 0
    outer loop
      vertex 8.63546 -13.9231 8
      vertex 12.3744 -12.3744 1
      vertex 12.3744 -12.3744 15.75
    endloop
  endfacet
  facet normal 0.382684 -0.923879 1.0541e-007
    outer loop
      vertex 8.35222 -14.0404 6.7701
      vertex 12.3744 -12.3744 1
      vertex 8.4238 -14.0107 6.92215
    endloop
  endfacet
  facet normal 0.382679 -0.923881 -3.30837e-006
    outer loop
      vertex 8.30746 -14.0589 6.675
      vertex 12.3744 -12.3744 1
      vertex 8.35222 -14.0404 6.7701
    endloop
  endfacet
  facet normal 0.382689 -0.923877 4.36392e-006
    outer loop
      vertex 8.25375 -14.0812 6.58549
      vertex 12.3744 -12.3744 1
      vertex 8.30746 -14.0589 6.675
    endloop
  endfacet
  facet normal 0.382684 -0.923879 7.05055e-007
    outer loop
      vertex 8.16788 -14.1168 6.44237
      vertex 12.3744 -12.3744 1
      vertex 8.25375 -14.0812 6.58549
    endloop
  endfacet
  facet normal 0.382682 -0.92388 -1.26051e-006
    outer loop
      vertex 8.06867 -14.1578 6.30975
      vertex 12.3744 -12.3744 1
      vertex 8.16788 -14.1168 6.44237
    endloop
  endfacet
  facet normal 0.382681 -0.923881 -2.55407e-006
    outer loop
      vertex 8.00661 -14.1836 6.2268
      vertex 12.3744 -12.3744 1
      vertex 8.06867 -14.1578 6.30975
    endloop
  endfacet
  facet normal 0.382686 -0.923879 2.43767e-006
    outer loop
      vertex 7.93689 -14.2124 6.15133
      vertex 12.3744 -12.3744 1
      vertex 8.00661 -14.1836 6.2268
    endloop
  endfacet
  facet normal 0.382684 -0.923879 1.99666e-007
    outer loop
      vertex 7.8254 -14.2586 6.03067
      vertex 12.3744 -12.3744 1
      vertex 7.93689 -14.2124 6.15133
    endloop
  endfacet
  facet normal 0.382684 -0.923879 3.02868e-007
    outer loop
      vertex 7.70288 -14.3094 5.92327
      vertex 12.3744 -12.3744 1
      vertex 7.8254 -14.2586 6.03067
    endloop
  endfacet
  facet normal 0.382682 -0.92388 -1.8116e-006
    outer loop
      vertex 7.62625 -14.3411 5.8561
      vertex 12.3744 -12.3744 1
      vertex 7.70288 -14.3094 5.92327
    endloop
  endfacet
  facet normal 0.382682 -0.92388 -1.9669e-006
    outer loop
      vertex 7.54355 -14.3754 5.79798
      vertex 12.3744 -12.3744 1
      vertex 7.62625 -14.3411 5.8561
    endloop
  endfacet
  facet normal 0.382686 -0.923879 2.82043e-006
    outer loop
      vertex 7.41132 -14.4301 5.70503
      vertex 12.3744 -12.3744 1
      vertex 7.54355 -14.3754 5.79798
    endloop
  endfacet
  facet normal 0.382684 -0.923879 5.43078e-007
    outer loop
      vertex 7.27085 -14.4883 5.62756
      vertex 12.3744 -12.3744 1
      vertex 7.41132 -14.4301 5.70503
    endloop
  endfacet
  facet normal -0.92388 -0.382683 0
    outer loop
      vertex -17.5 0 1
      vertex -15.9513 -3.7389 8
      vertex -17.5 0 15.75
    endloop
  endfacet
  facet normal -0.923879 -0.382684 -5.75497e-007
    outer loop
      vertex -17.5 0 1
      vertex -15.9479 -3.74715 7.82958
      vertex -15.9513 -3.7389 8
    endloop
  endfacet
  facet normal -0.923877 -0.38269 -4.45997e-006
    outer loop
      vertex -17.5 0 1
      vertex -15.9457 -3.75232 7.723
      vertex -15.9479 -3.74715 7.82958
    endloop
  endfacet
  facet normal -0.923879 -0.382684 -2.91768e-007
    outer loop
      vertex -17.5 0 1
      vertex -15.9291 -3.7924 7.44903
      vertex -15.9457 -3.75232 7.723
    endloop
  endfacet
  facet normal -0.923882 -0.382679 3.40106e-006
    outer loop
      vertex -17.5 0 1
      vertex -15.9186 -3.81792 7.34594
      vertex -15.9291 -3.7924 7.44903
    endloop
  endfacet
  facet normal -0.923878 -0.382686 -1.99607e-006
    outer loop
      vertex -17.5 0 1
      vertex -15.9017 -3.85873 7.1811
      vertex -15.9186 -3.81792 7.34594
    endloop
  endfacet
  facet normal -0.92388 -0.382683 5.63256e-007
    outer loop
      vertex -17.5 0 1
      vertex -15.8636 -3.95057 6.92215
      vertex -15.9017 -3.85873 7.1811
    endloop
  endfacet
  facet normal -0.92388 -0.382682 9.69107e-007
    outer loop
      vertex -17.5 0 1
      vertex -15.834 -4.02215 6.7701
      vertex -15.8636 -3.95057 6.92215
    endloop
  endfacet
  facet normal -0.923881 -0.382681 2.16302e-006
    outer loop
      vertex -17.5 0 1
      vertex -15.8154 -4.06691 6.675
      vertex -15.834 -4.02215 6.7701
    endloop
  endfacet
  facet normal -0.923878 -0.382687 -3.23963e-006
    outer loop
      vertex -17.5 0 1
      vertex -15.7932 -4.12062 6.58549
      vertex -15.8154 -4.06691 6.675
    endloop
  endfacet
  facet normal -0.92388 -0.382681 1.98691e-006
    outer loop
      vertex -17.5 0 1
      vertex -15.7576 -4.20648 6.44237
      vertex -15.7932 -4.12062 6.58549
    endloop
  endfacet
  facet normal -0.923879 -0.382686 -2.17853e-006
    outer loop
      vertex -17.5 0 1
      vertex -15.7165 -4.3057 6.30975
      vertex -15.7576 -4.20648 6.44237
    endloop
  endfacet
  facet normal -0.923881 -0.382681 2.57056e-006
    outer loop
      vertex -17.5 0 1
      vertex -15.6908 -4.36776 6.2268
      vertex -15.7165 -4.3057 6.30975
    endloop
  endfacet
  facet normal -0.923879 -0.382684 -9.34696e-007
    outer loop
      vertex -17.5 0 1
      vertex -15.6446 -4.47924 6.10613
      vertex -15.6908 -4.36776 6.2268
    endloop
  endfacet
  facet normal -0.923879 -0.382685 -1.27959e-006
    outer loop
      vertex -17.5 0 1
      vertex -15.6158 -4.54896 6.03067
      vertex -15.6446 -4.47924 6.10613
    endloop
  endfacet
  facet normal -0.92388 -0.382683 5.7517e-007
    outer loop
      vertex -17.5 0 1
      vertex -15.584 -4.62559 5.9635
      vertex -15.6158 -4.54896 6.03067
    endloop
  endfacet
  facet normal -0.92388 -0.382682 1.23076e-006
    outer loop
      vertex -17.5 0 1
      vertex -15.5333 -4.74812 5.8561
      vertex -15.584 -4.62559 5.9635
    endloop
  endfacet
  facet normal -0.92388 -0.382683 6.88219e-007
    outer loop
      vertex -17.5 0 1
      vertex -15.499 -4.83082 5.79798
      vertex -15.5333 -4.74812 5.8561
    endloop
  endfacet
  facet normal -0.923879 -0.382686 -2.79815e-006
    outer loop
      vertex -17.5 0 1
      vertex -15.4442 -4.96304 5.70503
      vertex -15.499 -4.83082 5.79798
    endloop
  endfacet
  facet normal -0.923881 -0.382681 3.66416e-006
    outer loop
      vertex -17.5 0 1
      vertex -15.3861 -5.10352 5.62756
      vertex -15.4442 -4.96304 5.70503
    endloop
  endfacet
  facet normal -0.923879 -0.382685 -2.58956e-006
    outer loop
      vertex -17.5 0 1
      vertex -15.3497 -5.19138 5.5791
      vertex -15.3861 -5.10352 5.62756
    endloop
  endfacet
  facet normal -0.92388 -0.382682 1.51177e-006
    outer loop
      vertex -17.5 0 1
      vertex -15.3115 -5.28343 5.54086
      vertex -15.3497 -5.19138 5.5791
    endloop
  endfacet
  facet normal -0.923879 -0.382685 -2.32163e-006
    outer loop
      vertex -17.5 0 1
      vertex -15.2506 -5.43062 5.4797
      vertex -15.3115 -5.28343 5.54086
    endloop
  endfacet
  facet normal -0.92388 -0.382683 1.10279e-006
    outer loop
      vertex -17.5 0 1
      vertex -15.2111 -5.52587 5.45208
      vertex -15.2506 -5.43062 5.4797
    endloop
  endfacet
  facet normal -0.92388 -0.382682 2.75868e-006
    outer loop
      vertex -17.5 0 1
      vertex -15.148 -5.67816 5.40791
      vertex -15.2111 -5.52587 5.45208
    endloop
  endfacet
  facet normal -0.923879 -0.382684 -9.41605e-007
    outer loop
      vertex -17.5 0 1
      vertex -15.0432 -5.93127 5.36452
      vertex -15.148 -5.67816 5.40791
    endloop
  endfacet
  facet normal -0.923879 -0.382684 -1.74161e-006
    outer loop
      vertex -17.5 0 1
      vertex -14.978 -6.08871 5.35559
      vertex -15.0432 -5.93127 5.36452
    endloop
  endfacet
  facet normal -0.923879 -0.382685 -2.39901e-006
    outer loop
      vertex -17.5 0 1
      vertex -14.9372 -6.18718 5.35
      vertex -14.978 -6.08871 5.35559
    endloop
  endfacet
  facet normal -0.92388 -0.382683 4.19489e-008
    outer loop
      vertex -12.3744 -12.3744 1
      vertex -14.9372 -6.18718 5.35
      vertex -17.5 0 1
    endloop
  endfacet
  facet normal -0.923879 -0.382684 2.83203e-007
    outer loop
      vertex -14.9372 -6.18718 5.35
      vertex -12.3744 -12.3744 1
      vertex -14.872 -6.34463 5.35893
    endloop
  endfacet
  facet normal -0.92388 -0.382683 4.38905e-008
    outer loop
      vertex -14.872 -6.34463 5.35893
      vertex -12.3744 -12.3744 1
      vertex -14.8312 -6.4431 5.36452
    endloop
  endfacet
  facet normal -0.923879 -0.382684 9.41605e-007
    outer loop
      vertex -14.8312 -6.4431 5.36452
      vertex -12.3744 -12.3744 1
      vertex -14.7263 -6.69621 5.40791
    endloop
  endfacet
  facet normal -0.92388 -0.382681 -2.85386e-006
    outer loop
      vertex -14.7263 -6.69621 5.40791
      vertex -12.3744 -12.3744 1
      vertex -14.6869 -6.79146 5.43553
    endloop
  endfacet
  facet normal -0.92388 -0.382682 -1.65542e-006
    outer loop
      vertex -14.6869 -6.79146 5.43553
      vertex -12.3744 -12.3744 1
      vertex -14.6238 -6.94374 5.4797
    endloop
  endfacet
  facet normal -0.923879 -0.382685 2.32163e-006
    outer loop
      vertex -14.6238 -6.94374 5.4797
      vertex -12.3744 -12.3744 1
      vertex -14.5628 -7.09093 5.54086
    endloop
  endfacet
  facet normal -0.923881 -0.382679 -5.90938e-006
    outer loop
      vertex -14.5628 -7.09093 5.54086
      vertex -12.3744 -12.3744 1
      vertex -14.5247 -7.18299 5.5791
    endloop
  endfacet
  facet normal -0.923879 -0.382684 1.07139e-006
    outer loop
      vertex -14.5247 -7.18299 5.5791
      vertex -12.3744 -12.3744 1
      vertex -14.4883 -7.27085 5.62756
    endloop
  endfacet
  facet normal -0.923876 -0.382692 5.23957e-006
    outer loop
      vertex -13.9252 -8.6303 7.89342
      vertex -12.3744 -12.3744 1
      vertex -13.9231 -8.63546 8
    endloop
  endfacet
  facet normal -0.923879 -0.382685 1.06388e-006
    outer loop
      vertex -13.9286 -8.62205 7.723
      vertex -12.3744 -12.3744 1
      vertex -13.9252 -8.6303 7.89342
    endloop
  endfacet
  facet normal -0.923881 -0.382681 -1.62783e-006
    outer loop
      vertex -13.9388 -8.59739 7.55445
      vertex -12.3744 -12.3744 1
      vertex -13.9286 -8.62205 7.723
    endloop
  endfacet
  facet normal -0.923879 -0.382684 6.40222e-007
    outer loop
      vertex -13.9452 -8.58196 7.44903
      vertex -12.3744 -12.3744 1
      vertex -13.9388 -8.59739 7.55445
    endloop
  endfacet
  facet normal -0.923879 -0.382684 6.37104e-007
    outer loop
      vertex -13.9727 -8.51564 7.1811
      vertex -12.3744 -12.3744 1
      vertex -13.9452 -8.58196 7.44903
    endloop
  endfacet
  facet normal -0.92388 -0.382682 -7.77249e-007
    outer loop
      vertex -14.0107 -8.4238 6.92215
      vertex -12.3744 -12.3744 1
      vertex -13.9727 -8.51564 7.1811
    endloop
  endfacet
  facet normal -0.923879 -0.382684 1.0541e-007
    outer loop
      vertex -14.0404 -8.35222 6.7701
      vertex -12.3744 -12.3744 1
      vertex -14.0107 -8.4238 6.92215
    endloop
  endfacet
  facet normal -0.923881 -0.382679 -3.30837e-006
    outer loop
      vertex -14.0589 -8.30746 6.675
      vertex -12.3744 -12.3744 1
      vertex -14.0404 -8.35222 6.7701
    endloop
  endfacet
  facet normal -0.923877 -0.382689 4.36392e-006
    outer loop
      vertex -14.0812 -8.25375 6.58549
      vertex -12.3744 -12.3744 1
      vertex -14.0589 -8.30746 6.675
    endloop
  endfacet
  facet normal -0.923879 -0.382684 7.05055e-007
    outer loop
      vertex -14.1168 -8.16788 6.44237
      vertex -12.3744 -12.3744 1
      vertex -14.0812 -8.25375 6.58549
    endloop
  endfacet
  facet normal -0.92388 -0.382682 -1.26051e-006
    outer loop
      vertex -14.1578 -8.06867 6.30975
      vertex -12.3744 -12.3744 1
      vertex -14.1168 -8.16788 6.44237
    endloop
  endfacet
  facet normal -0.923881 -0.382681 -2.55407e-006
    outer loop
      vertex -14.1836 -8.00661 6.2268
      vertex -12.3744 -12.3744 1
      vertex -14.1578 -8.06867 6.30975
    endloop
  endfacet
  facet normal -0.923879 -0.382686 2.43767e-006
    outer loop
      vertex -14.2124 -7.93689 6.15133
      vertex -12.3744 -12.3744 1
      vertex -14.1836 -8.00661 6.2268
    endloop
  endfacet
  facet normal -0.923879 -0.382684 1.99666e-007
    outer loop
      vertex -14.2586 -7.8254 6.03067
      vertex -12.3744 -12.3744 1
      vertex -14.2124 -7.93689 6.15133
    endloop
  endfacet
  facet normal -0.923879 -0.382684 3.02868e-007
    outer loop
      vertex -14.3094 -7.70288 5.92327
      vertex -12.3744 -12.3744 1
      vertex -14.2586 -7.8254 6.03067
    endloop
  endfacet
  facet normal -0.92388 -0.382682 -1.8116e-006
    outer loop
      vertex -14.3411 -7.62625 5.8561
      vertex -12.3744 -12.3744 1
      vertex -14.3094 -7.70288 5.92327
    endloop
  endfacet
  facet normal -0.92388 -0.382682 -1.9669e-006
    outer loop
      vertex -14.3754 -7.54355 5.79798
      vertex -12.3744 -12.3744 1
      vertex -14.3411 -7.62625 5.8561
    endloop
  endfacet
  facet normal -0.923879 -0.382686 2.82043e-006
    outer loop
      vertex -14.4301 -7.41132 5.70503
      vertex -12.3744 -12.3744 1
      vertex -14.3754 -7.54355 5.79798
    endloop
  endfacet
  facet normal -0.923879 -0.382684 5.43078e-007
    outer loop
      vertex -14.4883 -7.27085 5.62756
      vertex -12.3744 -12.3744 1
      vertex -14.4301 -7.41132 5.70503
    endloop
  endfacet
  facet normal -0.923879 -0.382684 5.70415e-007
    outer loop
      vertex -15.9479 -3.74715 8.17042
      vertex -17.5 0 15.75
      vertex -15.9513 -3.7389 8
    endloop
  endfacet
  facet normal -0.923876 -0.382691 4.42058e-006
    outer loop
      vertex -15.9457 -3.75232 8.277
      vertex -17.5 0 15.75
      vertex -15.9479 -3.74715 8.17042
    endloop
  endfacet
  facet normal -0.923879 -0.382684 2.8516e-007
    outer loop
      vertex -15.9291 -3.7924 8.55097
      vertex -17.5 0 15.75
      vertex -15.9457 -3.75232 8.277
    endloop
  endfacet
  facet normal -0.923882 -0.382678 -3.28778e-006
    outer loop
      vertex -15.9186 -3.81792 8.65406
      vertex -17.5 0 15.75
      vertex -15.9291 -3.7924 8.55097
    endloop
  endfacet
  facet normal -0.923878 -0.382686 1.9296e-006
    outer loop
      vertex -15.9017 -3.85873 8.81889
      vertex -17.5 0 15.75
      vertex -15.9186 -3.81792 8.65406
    endloop
  endfacet
  facet normal -0.92388 -0.382683 -5.39538e-007
    outer loop
      vertex -15.8636 -3.95057 9.07785
      vertex -17.5 0 15.75
      vertex -15.9017 -3.85873 8.81889
    endloop
  endfacet
  facet normal -0.92388 -0.382682 -9.20858e-007
    outer loop
      vertex -15.834 -4.02215 9.2299
      vertex -17.5 0 15.75
      vertex -15.8636 -3.95057 9.07785
    endloop
  endfacet
  facet normal -0.923881 -0.382681 -2.05533e-006
    outer loop
      vertex -15.8154 -4.06691 9.325
      vertex -17.5 0 15.75
      vertex -15.834 -4.02215 9.2299
    endloop
  endfacet
  facet normal -0.923878 -0.382687 3.05561e-006
    outer loop
      vertex -15.7932 -4.12062 9.41451
      vertex -17.5 0 15.75
      vertex -15.8154 -4.06691 9.325
    endloop
  endfacet
  facet normal -0.923881 -0.382681 -1.87404e-006
    outer loop
      vertex -15.7576 -4.20648 9.55763
      vertex -17.5 0 15.75
      vertex -15.7932 -4.12062 9.41451
    endloop
  endfacet
  facet normal -0.923879 -0.382686 2.04024e-006
    outer loop
      vertex -15.7165 -4.3057 9.69025
      vertex -17.5 0 15.75
      vertex -15.7576 -4.20648 9.55763
    endloop
  endfacet
  facet normal -0.923881 -0.382681 -2.40738e-006
    outer loop
      vertex -15.6908 -4.36776 9.7732
      vertex -17.5 0 15.75
      vertex -15.7165 -4.3057 9.69025
    endloop
  endfacet
  facet normal -0.923879 -0.382684 8.69206e-007
    outer loop
      vertex -15.6446 -4.47924 9.89386
      vertex -17.5 0 15.75
      vertex -15.6908 -4.36776 9.7732
    endloop
  endfacet
  facet normal -0.923879 -0.382685 1.18994e-006
    outer loop
      vertex -15.6158 -4.54896 9.96933
      vertex -17.5 0 15.75
      vertex -15.6446 -4.47924 9.89386
    endloop
  endfacet
  facet normal -0.92388 -0.382683 -5.31009e-007
    outer loop
      vertex -15.584 -4.62559 10.0365
      vertex -17.5 0 15.75
      vertex -15.6158 -4.54896 9.96933
    endloop
  endfacet
  facet normal -0.92388 -0.382682 -1.13625e-006
    outer loop
      vertex -15.5333 -4.74812 10.1439
      vertex -17.5 0 15.75
      vertex -15.584 -4.62559 10.0365
    endloop
  endfacet
  facet normal -0.92388 -0.382683 -6.30504e-007
    outer loop
      vertex -15.499 -4.83082 10.202
      vertex -17.5 0 15.75
      vertex -15.5333 -4.74812 10.1439
    endloop
  endfacet
  facet normal -0.923879 -0.382686 2.5635e-006
    outer loop
      vertex -15.4442 -4.96304 10.295
      vertex -17.5 0 15.75
      vertex -15.499 -4.83082 10.202
    endloop
  endfacet
  facet normal -0.923881 -0.38268 -3.32871e-006
    outer loop
      vertex -15.3861 -5.10352 10.3724
      vertex -17.5 0 15.75
      vertex -15.4442 -4.96304 10.295
    endloop
  endfacet
  facet normal -0.923879 -0.382685 2.35248e-006
    outer loop
      vertex -15.3497 -5.19138 10.4209
      vertex -17.5 0 15.75
      vertex -15.3861 -5.10352 10.3724
    endloop
  endfacet
  facet normal -0.92388 -0.382682 -1.36032e-006
    outer loop
      vertex -15.3115 -5.28343 10.4591
      vertex -17.5 0 15.75
      vertex -15.3497 -5.19138 10.4209
    endloop
  endfacet
  facet normal -0.923879 -0.382685 2.08903e-006
    outer loop
      vertex -15.2506 -5.43062 10.5203
      vertex -17.5 0 15.75
      vertex -15.3115 -5.28343 10.4591
    endloop
  endfacet
  facet normal -0.92388 -0.382683 -9.81236e-007
    outer loop
      vertex -15.2111 -5.52587 10.5479
      vertex -17.5 0 15.75
      vertex -15.2506 -5.43062 10.5203
    endloop
  endfacet
  facet normal -0.92388 -0.382681 -2.45463e-006
    outer loop
      vertex -15.148 -5.67816 10.5921
      vertex -17.5 0 15.75
      vertex -15.2111 -5.52587 10.5479
    endloop
  endfacet
  facet normal -0.923879 -0.382684 8.26426e-007
    outer loop
      vertex -15.0432 -5.93127 10.6355
      vertex -17.5 0 15.75
      vertex -15.148 -5.67816 10.5921
    endloop
  endfacet
  facet normal -0.923879 -0.382685 1.50198e-006
    outer loop
      vertex -14.978 -6.08871 10.6444
      vertex -17.5 0 15.75
      vertex -15.0432 -5.93127 10.6355
    endloop
  endfacet
  facet normal -0.923879 -0.382685 2.06893e-006
    outer loop
      vertex -14.9372 -6.18718 10.65
      vertex -17.5 0 15.75
      vertex -14.978 -6.08871 10.6444
    endloop
  endfacet
  facet normal -0.923879 -0.382684 -2.44237e-007
    outer loop
      vertex -12.3744 -12.3744 15.75
      vertex -14.9372 -6.18718 10.65
      vertex -14.872 -6.34463 10.6411
    endloop
  endfacet
  facet normal -0.92388 -0.382683 -3.78516e-008
    outer loop
      vertex -12.3744 -12.3744 15.75
      vertex -14.872 -6.34463 10.6411
      vertex -14.8312 -6.4431 10.6355
    endloop
  endfacet
  facet normal -0.923879 -0.382684 -8.26426e-007
    outer loop
      vertex -12.3744 -12.3744 15.75
      vertex -14.8312 -6.4431 10.6355
      vertex -14.7263 -6.69621 10.5921
    endloop
  endfacet
  facet normal -0.92388 -0.382681 2.53931e-006
    outer loop
      vertex -12.3744 -12.3744 15.75
      vertex -14.7263 -6.69621 10.5921
      vertex -14.6869 -6.79146 10.5645
    endloop
  endfacet
  facet normal -0.92388 -0.382682 1.47297e-006
    outer loop
      vertex -12.3744 -12.3744 15.75
      vertex -14.6869 -6.79146 10.5645
      vertex -14.6238 -6.94374 10.5203
    endloop
  endfacet
  facet normal -0.923879 -0.382685 -2.08903e-006
    outer loop
      vertex -12.3744 -12.3744 15.75
      vertex -14.6238 -6.94374 10.5203
      vertex -14.5628 -7.09093 10.4591
    endloop
  endfacet
  facet normal -0.923881 -0.382679 5.31736e-006
    outer loop
      vertex -12.3744 -12.3744 15.75
      vertex -14.5628 -7.09093 10.4591
      vertex -14.5247 -7.18299 10.4209
    endloop
  endfacet
  facet normal -0.923879 -0.382684 -9.73304e-007
    outer loop
      vertex -12.3744 -12.3744 15.75
      vertex -14.5247 -7.18299 10.4209
      vertex -14.4883 -7.27085 10.3724
    endloop
  endfacet
  facet normal -0.923879 -0.382684 -4.93359e-007
    outer loop
      vertex -12.3744 -12.3744 15.75
      vertex -14.4883 -7.27085 10.3724
      vertex -14.4301 -7.41132 10.295
    endloop
  endfacet
  facet normal -0.923879 -0.382686 -2.58391e-006
    outer loop
      vertex -12.3744 -12.3744 15.75
      vertex -14.4301 -7.41132 10.295
      vertex -14.3754 -7.54355 10.202
    endloop
  endfacet
  facet normal -0.92388 -0.382682 1.80196e-006
    outer loop
      vertex -12.3744 -12.3744 15.75
      vertex -14.3754 -7.54355 10.202
      vertex -14.3411 -7.62625 10.1439
    endloop
  endfacet
  facet normal -0.923878 -0.382686 -2.26689e-006
    outer loop
      vertex -12.3744 -12.3744 15.75
      vertex -14.2124 -7.93689 9.84866
      vertex -14.1836 -8.00661 9.7732
    endloop
  endfacet
  facet normal -0.92388 -0.382683 -0
    outer loop
      vertex -12.3744 -12.3744 15.75
      vertex -13.9231 -8.63546 8
      vertex -12.3744 -12.3744 1
    endloop
  endfacet
  facet normal -0.923876 -0.382692 -5.1933e-006
    outer loop
      vertex -13.9231 -8.63546 8
      vertex -12.3744 -12.3744 15.75
      vertex -13.9252 -8.6303 8.10658
    endloop
  endfacet
  facet normal -0.923879 -0.382685 -1.05449e-006
    outer loop
      vertex -13.9252 -8.6303 8.10658
      vertex -12.3744 -12.3744 15.75
      vertex -13.9286 -8.62205 8.277
    endloop
  endfacet
  facet normal -0.923881 -0.382681 1.59096e-006
    outer loop
      vertex -13.9286 -8.62205 8.277
      vertex -12.3744 -12.3744 15.75
      vertex -13.9388 -8.59739 8.44555
    endloop
  endfacet
  facet normal -0.923879 -0.382684 -6.25722e-007
    outer loop
      vertex -13.9388 -8.59739 8.44555
      vertex -12.3744 -12.3744 15.75
      vertex -13.9452 -8.58196 8.55097
    endloop
  endfacet
  facet normal -0.923879 -0.382684 -6.15885e-007
    outer loop
      vertex -13.9452 -8.58196 8.55097
      vertex -12.3744 -12.3744 15.75
      vertex -13.9727 -8.51564 8.81889
    endloop
  endfacet
  facet normal -0.92388 -0.382682 7.44521e-007
    outer loop
      vertex -13.9727 -8.51564 8.81889
      vertex -12.3744 -12.3744 15.75
      vertex -14.0107 -8.4238 9.07785
    endloop
  endfacet
  facet normal -0.923879 -0.382684 -1.00162e-007
    outer loop
      vertex -14.0107 -8.4238 9.07785
      vertex -12.3744 -12.3744 15.75
      vertex -14.0404 -8.35222 9.2299
    endloop
  endfacet
  facet normal -0.92388 -0.382683 -3.57799e-008
    outer loop
      vertex -14.9372 -6.18718 10.65
      vertex -12.3744 -12.3744 15.75
      vertex -17.5 0 15.75
    endloop
  endfacet
  facet normal -0.92388 -0.382682 1.67251e-006
    outer loop
      vertex -14.3094 -7.70288 10.0767
      vertex -12.3744 -12.3744 15.75
      vertex -14.3411 -7.62625 10.1439
    endloop
  endfacet
  facet normal -0.923879 -0.382684 -2.79612e-007
    outer loop
      vertex -14.2586 -7.8254 9.96933
      vertex -12.3744 -12.3744 15.75
      vertex -14.3094 -7.70288 10.0767
    endloop
  endfacet
  facet normal -0.923879 -0.382684 -1.85677e-007
    outer loop
      vertex -14.2124 -7.93689 9.84866
      vertex -12.3744 -12.3744 15.75
      vertex -14.2586 -7.8254 9.96933
    endloop
  endfacet
  facet normal -0.923881 -0.382681 2.39194e-006
    outer loop
      vertex -14.1578 -8.06867 9.69025
      vertex -12.3744 -12.3744 15.75
      vertex -14.1836 -8.00661 9.7732
    endloop
  endfacet
  facet normal -0.92388 -0.382682 1.18049e-006
    outer loop
      vertex -14.1168 -8.16788 9.55763
      vertex -12.3744 -12.3744 15.75
      vertex -14.1578 -8.06867 9.69025
    endloop
  endfacet
  facet normal -0.923879 -0.382684 -6.65005e-007
    outer loop
      vertex -14.0812 -8.25375 9.41451
      vertex -12.3744 -12.3744 15.75
      vertex -14.1168 -8.16788 9.55763
    endloop
  endfacet
  facet normal -0.923877 -0.382689 -4.11604e-006
    outer loop
      vertex -14.0589 -8.30746 9.325
      vertex -12.3744 -12.3744 15.75
      vertex -14.0812 -8.25375 9.41451
    endloop
  endfacet
  facet normal -0.923881 -0.382679 3.14367e-006
    outer loop
      vertex -14.0404 -8.35222 9.2299
      vertex -12.3744 -12.3744 15.75
      vertex -14.0589 -8.30746 9.325
    endloop
  endfacet
  facet normal -0.382683 -0.92388 -3.57799e-008
    outer loop
      vertex -12.3744 -12.3744 15.75
      vertex -6.18718 -14.9372 10.65
      vertex 0 -17.5 15.75
    endloop
  endfacet
  facet normal -0.382684 -0.923879 -2.44237e-007
    outer loop
      vertex -12.3744 -12.3744 15.75
      vertex -6.34463 -14.872 10.6411
      vertex -6.18718 -14.9372 10.65
    endloop
  endfacet
  facet normal -0.382683 -0.92388 -3.78516e-008
    outer loop
      vertex -12.3744 -12.3744 15.75
      vertex -6.4431 -14.8312 10.6355
      vertex -6.34463 -14.872 10.6411
    endloop
  endfacet
  facet normal -0.382684 -0.923879 -8.26426e-007
    outer loop
      vertex -12.3744 -12.3744 15.75
      vertex -6.69621 -14.7263 10.5921
      vertex -6.4431 -14.8312 10.6355
    endloop
  endfacet
  facet normal -0.382681 -0.92388 2.53931e-006
    outer loop
      vertex -12.3744 -12.3744 15.75
      vertex -6.79146 -14.6869 10.5645
      vertex -6.69621 -14.7263 10.5921
    endloop
  endfacet
  facet normal -0.382682 -0.92388 1.47297e-006
    outer loop
      vertex -12.3744 -12.3744 15.75
      vertex -6.94374 -14.6238 10.5203
      vertex -6.79146 -14.6869 10.5645
    endloop
  endfacet
  facet normal -0.382685 -0.923879 -2.08903e-006
    outer loop
      vertex -12.3744 -12.3744 15.75
      vertex -7.09093 -14.5628 10.4591
      vertex -6.94374 -14.6238 10.5203
    endloop
  endfacet
  facet normal -0.382679 -0.923881 5.31736e-006
    outer loop
      vertex -12.3744 -12.3744 15.75
      vertex -7.18299 -14.5247 10.4209
      vertex -7.09093 -14.5628 10.4591
    endloop
  endfacet
  facet normal -0.382684 -0.923879 -9.73304e-007
    outer loop
      vertex -12.3744 -12.3744 15.75
      vertex -7.27085 -14.4883 10.3724
      vertex -7.18299 -14.5247 10.4209
    endloop
  endfacet
  facet normal -0.382684 -0.923879 -4.93359e-007
    outer loop
      vertex -12.3744 -12.3744 15.75
      vertex -7.41132 -14.4301 10.295
      vertex -7.27085 -14.4883 10.3724
    endloop
  endfacet
  facet normal -0.382686 -0.923879 -2.58391e-006
    outer loop
      vertex -12.3744 -12.3744 15.75
      vertex -7.54355 -14.3754 10.202
      vertex -7.41132 -14.4301 10.295
    endloop
  endfacet
  facet normal -0.382682 -0.92388 1.80196e-006
    outer loop
      vertex -12.3744 -12.3744 15.75
      vertex -7.62625 -14.3411 10.1439
      vertex -7.54355 -14.3754 10.202
    endloop
  endfacet
  facet normal -0.382682 -0.92388 1.67251e-006
    outer loop
      vertex -12.3744 -12.3744 15.75
      vertex -7.70288 -14.3094 10.0767
      vertex -7.62625 -14.3411 10.1439
    endloop
  endfacet
  facet normal -0.382684 -0.923879 -2.79612e-007
    outer loop
      vertex -12.3744 -12.3744 15.75
      vertex -7.8254 -14.2586 9.96933
      vertex -7.70288 -14.3094 10.0767
    endloop
  endfacet
  facet normal -0.382684 -0.923879 -1.85677e-007
    outer loop
      vertex -12.3744 -12.3744 15.75
      vertex -7.93689 -14.2124 9.84866
      vertex -7.8254 -14.2586 9.96933
    endloop
  endfacet
  facet normal -0.382686 -0.923878 -2.26689e-006
    outer loop
      vertex -12.3744 -12.3744 15.75
      vertex -8.00661 -14.1836 9.7732
      vertex -7.93689 -14.2124 9.84866
    endloop
  endfacet
  facet normal -0.382681 -0.923881 2.39194e-006
    outer loop
      vertex -12.3744 -12.3744 15.75
      vertex -8.06867 -14.1578 9.69025
      vertex -8.00661 -14.1836 9.7732
    endloop
  endfacet
  facet normal -0.382682 -0.92388 1.18049e-006
    outer loop
      vertex -12.3744 -12.3744 15.75
      vertex -8.16788 -14.1168 9.55763
      vertex -8.06867 -14.1578 9.69025
    endloop
  endfacet
  facet normal -0.382684 -0.923879 -6.65005e-007
    outer loop
      vertex -12.3744 -12.3744 15.75
      vertex -8.25375 -14.0812 9.41451
      vertex -8.16788 -14.1168 9.55763
    endloop
  endfacet
  facet normal -0.382689 -0.923877 -4.11604e-006
    outer loop
      vertex -12.3744 -12.3744 15.75
      vertex -8.30746 -14.0589 9.325
      vertex -8.25375 -14.0812 9.41451
    endloop
  endfacet
  facet normal -0.382679 -0.923881 3.14367e-006
    outer loop
      vertex -12.3744 -12.3744 15.75
      vertex -8.35222 -14.0404 9.2299
      vertex -8.30746 -14.0589 9.325
    endloop
  endfacet
  facet normal -0.382684 -0.923879 -1.00162e-007
    outer loop
      vertex -12.3744 -12.3744 15.75
      vertex -8.4238 -14.0107 9.07785
      vertex -8.35222 -14.0404 9.2299
    endloop
  endfacet
  facet normal -0.382682 -0.92388 7.44521e-007
    outer loop
      vertex -12.3744 -12.3744 15.75
      vertex -8.51564 -13.9727 8.81889
      vertex -8.4238 -14.0107 9.07785
    endloop
  endfacet
  facet normal -0.382684 -0.923879 -6.15885e-007
    outer loop
      vertex -12.3744 -12.3744 15.75
      vertex -8.58196 -13.9452 8.55097
      vertex -8.51564 -13.9727 8.81889
    endloop
  endfacet
  facet normal -0.382684 -0.923879 -6.25722e-007
    outer loop
      vertex -12.3744 -12.3744 15.75
      vertex -8.59739 -13.9388 8.44555
      vertex -8.58196 -13.9452 8.55097
    endloop
  endfacet
  facet normal -0.382681 -0.923881 1.59096e-006
    outer loop
      vertex -12.3744 -12.3744 15.75
      vertex -8.62205 -13.9286 8.277
      vertex -8.59739 -13.9388 8.44555
    endloop
  endfacet
  facet normal -0.382685 -0.923879 -1.05449e-006
    outer loop
      vertex -12.3744 -12.3744 15.75
      vertex -8.6303 -13.9252 8.10658
      vertex -8.62205 -13.9286 8.277
    endloop
  endfacet
  facet normal -0.382692 -0.923876 -5.1933e-006
    outer loop
      vertex -12.3744 -12.3744 15.75
      vertex -8.63546 -13.9231 8
      vertex -8.6303 -13.9252 8.10658
    endloop
  endfacet
  facet normal -0.382683 -0.92388 0
    outer loop
      vertex -12.3744 -12.3744 1
      vertex -8.63546 -13.9231 8
      vertex -12.3744 -12.3744 15.75
    endloop
  endfacet
  facet normal -0.382692 -0.923876 5.23957e-006
    outer loop
      vertex -8.63546 -13.9231 8
      vertex -12.3744 -12.3744 1
      vertex -8.6303 -13.9252 7.89342
    endloop
  endfacet
  facet normal -0.382685 -0.923879 1.06388e-006
    outer loop
      vertex -8.6303 -13.9252 7.89342
      vertex -12.3744 -12.3744 1
      vertex -8.62205 -13.9286 7.723
    endloop
  endfacet
  facet normal -0.382681 -0.923881 -1.62783e-006
    outer loop
      vertex -8.62205 -13.9286 7.723
      vertex -12.3744 -12.3744 1
      vertex -8.59739 -13.9388 7.55445
    endloop
  endfacet
  facet normal -0.382684 -0.923879 6.40222e-007
    outer loop
      vertex -8.59739 -13.9388 7.55445
      vertex -12.3744 -12.3744 1
      vertex -8.58196 -13.9452 7.44903
    endloop
  endfacet
  facet normal -0.382684 -0.923879 6.37104e-007
    outer loop
      vertex -8.58196 -13.9452 7.44903
      vertex -12.3744 -12.3744 1
      vertex -8.51564 -13.9727 7.1811
    endloop
  endfacet
  facet normal -0.382684 -0.923879 5.43078e-007
    outer loop
      vertex -12.3744 -12.3744 1
      vertex -7.27085 -14.4883 5.62756
      vertex -7.41132 -14.4301 5.70503
    endloop
  endfacet
  facet normal -0.382683 -0.92388 4.38905e-008
    outer loop
      vertex -12.3744 -12.3744 1
      vertex -6.34463 -14.872 5.35893
      vertex -6.4431 -14.8312 5.36452
    endloop
  endfacet
  facet normal -0.382684 -0.923879 2.83203e-007
    outer loop
      vertex -6.34463 -14.872 5.35893
      vertex -12.3744 -12.3744 1
      vertex -6.18718 -14.9372 5.35
    endloop
  endfacet
  facet normal -0.382684 -0.923879 9.41605e-007
    outer loop
      vertex -6.69621 -14.7263 5.40791
      vertex -12.3744 -12.3744 1
      vertex -6.4431 -14.8312 5.36452
    endloop
  endfacet
  facet normal -0.382681 -0.92388 -2.85386e-006
    outer loop
      vertex -6.79146 -14.6869 5.43553
      vertex -12.3744 -12.3744 1
      vertex -6.69621 -14.7263 5.40791
    endloop
  endfacet
  facet normal -0.382682 -0.92388 -1.65542e-006
    outer loop
      vertex -6.94374 -14.6238 5.4797
      vertex -12.3744 -12.3744 1
      vertex -6.79146 -14.6869 5.43553
    endloop
  endfacet
  facet normal -0.382685 -0.923879 2.32163e-006
    outer loop
      vertex -7.09093 -14.5628 5.54086
      vertex -12.3744 -12.3744 1
      vertex -6.94374 -14.6238 5.4797
    endloop
  endfacet
  facet normal -0.382679 -0.923881 -5.90938e-006
    outer loop
      vertex -7.18299 -14.5247 5.5791
      vertex -12.3744 -12.3744 1
      vertex -7.09093 -14.5628 5.54086
    endloop
  endfacet
  facet normal -0.382684 -0.923879 1.07139e-006
    outer loop
      vertex -7.27085 -14.4883 5.62756
      vertex -12.3744 -12.3744 1
      vertex -7.18299 -14.5247 5.5791
    endloop
  endfacet
  facet normal -0.382686 -0.923879 2.82043e-006
    outer loop
      vertex -7.54355 -14.3754 5.79798
      vertex -12.3744 -12.3744 1
      vertex -7.41132 -14.4301 5.70503
    endloop
  endfacet
  facet normal -0.382682 -0.92388 -1.9669e-006
    outer loop
      vertex -7.62625 -14.3411 5.8561
      vertex -12.3744 -12.3744 1
      vertex -7.54355 -14.3754 5.79798
    endloop
  endfacet
  facet normal -0.382682 -0.92388 -1.8116e-006
    outer loop
      vertex -7.70288 -14.3094 5.92327
      vertex -12.3744 -12.3744 1
      vertex -7.62625 -14.3411 5.8561
    endloop
  endfacet
  facet normal -0.382684 -0.923879 3.02868e-007
    outer loop
      vertex -7.8254 -14.2586 6.03067
      vertex -12.3744 -12.3744 1
      vertex -7.70288 -14.3094 5.92327
    endloop
  endfacet
  facet normal -0.382684 -0.923879 1.99666e-007
    outer loop
      vertex -7.93689 -14.2124 6.15133
      vertex -12.3744 -12.3744 1
      vertex -7.8254 -14.2586 6.03067
    endloop
  endfacet
  facet normal -0.382686 -0.923879 2.43767e-006
    outer loop
      vertex -8.00661 -14.1836 6.2268
      vertex -12.3744 -12.3744 1
      vertex -7.93689 -14.2124 6.15133
    endloop
  endfacet
  facet normal -0.382681 -0.923881 -2.55407e-006
    outer loop
      vertex -8.06867 -14.1578 6.30975
      vertex -12.3744 -12.3744 1
      vertex -8.00661 -14.1836 6.2268
    endloop
  endfacet
  facet normal -0.382682 -0.92388 -1.26051e-006
    outer loop
      vertex -8.16788 -14.1168 6.44237
      vertex -12.3744 -12.3744 1
      vertex -8.06867 -14.1578 6.30975
    endloop
  endfacet
  facet normal -0.382684 -0.923879 7.05055e-007
    outer loop
      vertex -8.25375 -14.0812 6.58549
      vertex -12.3744 -12.3744 1
      vertex -8.16788 -14.1168 6.44237
    endloop
  endfacet
  facet normal -0.382689 -0.923877 4.36392e-006
    outer loop
      vertex -8.30746 -14.0589 6.675
      vertex -12.3744 -12.3744 1
      vertex -8.25375 -14.0812 6.58549
    endloop
  endfacet
  facet normal -0.382679 -0.923881 -3.30837e-006
    outer loop
      vertex -8.35222 -14.0404 6.7701
      vertex -12.3744 -12.3744 1
      vertex -8.30746 -14.0589 6.675
    endloop
  endfacet
  facet normal -0.382684 -0.923879 1.0541e-007
    outer loop
      vertex -8.4238 -14.0107 6.92215
      vertex -12.3744 -12.3744 1
      vertex -8.35222 -14.0404 6.7701
    endloop
  endfacet
  facet normal -0.382682 -0.92388 -7.77249e-007
    outer loop
      vertex -8.51564 -13.9727 7.1811
      vertex -12.3744 -12.3744 1
      vertex -8.4238 -14.0107 6.92215
    endloop
  endfacet
  facet normal -0.382685 -0.923879 2.06893e-006
    outer loop
      vertex -6.08871 -14.978 10.6444
      vertex 0 -17.5 15.75
      vertex -6.18718 -14.9372 10.65
    endloop
  endfacet
  facet normal -0.382685 -0.923879 1.50198e-006
    outer loop
      vertex -5.93127 -15.0432 10.6355
      vertex 0 -17.5 15.75
      vertex -6.08871 -14.978 10.6444
    endloop
  endfacet
  facet normal -0.382684 -0.923879 8.26426e-007
    outer loop
      vertex -5.67816 -15.148 10.5921
      vertex 0 -17.5 15.75
      vertex -5.93127 -15.0432 10.6355
    endloop
  endfacet
  facet normal -0.382681 -0.92388 -2.45463e-006
    outer loop
      vertex -5.52587 -15.2111 10.5479
      vertex 0 -17.5 15.75
      vertex -5.67816 -15.148 10.5921
    endloop
  endfacet
  facet normal -0.382683 -0.92388 -9.81236e-007
    outer loop
      vertex -5.43062 -15.2506 10.5203
      vertex 0 -17.5 15.75
      vertex -5.52587 -15.2111 10.5479
    endloop
  endfacet
  facet normal -0.382685 -0.923879 2.08903e-006
    outer loop
      vertex -5.28343 -15.3115 10.4591
      vertex 0 -17.5 15.75
      vertex -5.43062 -15.2506 10.5203
    endloop
  endfacet
  facet normal -0.382682 -0.92388 -1.36032e-006
    outer loop
      vertex -5.19138 -15.3497 10.4209
      vertex 0 -17.5 15.75
      vertex -5.28343 -15.3115 10.4591
    endloop
  endfacet
  facet normal -0.382685 -0.923879 2.35248e-006
    outer loop
      vertex -5.10352 -15.3861 10.3724
      vertex 0 -17.5 15.75
      vertex -5.19138 -15.3497 10.4209
    endloop
  endfacet
  facet normal -0.38268 -0.923881 -3.32871e-006
    outer loop
      vertex -4.96304 -15.4442 10.295
      vertex 0 -17.5 15.75
      vertex -5.10352 -15.3861 10.3724
    endloop
  endfacet
  facet normal -0.382686 -0.923879 2.5635e-006
    outer loop
      vertex -4.83082 -15.499 10.202
      vertex 0 -17.5 15.75
      vertex -4.96304 -15.4442 10.295
    endloop
  endfacet
  facet normal -0.382683 -0.92388 -6.30504e-007
    outer loop
      vertex -4.74812 -15.5333 10.1439
      vertex 0 -17.5 15.75
      vertex -4.83082 -15.499 10.202
    endloop
  endfacet
  facet normal -0.382682 -0.92388 -1.13625e-006
    outer loop
      vertex -4.62559 -15.584 10.0365
      vertex 0 -17.5 15.75
      vertex -4.74812 -15.5333 10.1439
    endloop
  endfacet
  facet normal -0.382683 -0.92388 -5.31009e-007
    outer loop
      vertex -4.54896 -15.6158 9.96933
      vertex 0 -17.5 15.75
      vertex -4.62559 -15.584 10.0365
    endloop
  endfacet
  facet normal -0.382685 -0.923879 1.18994e-006
    outer loop
      vertex -4.47924 -15.6446 9.89386
      vertex 0 -17.5 15.75
      vertex -4.54896 -15.6158 9.96933
    endloop
  endfacet
  facet normal -0.382684 -0.923879 8.69206e-007
    outer loop
      vertex -4.36776 -15.6908 9.7732
      vertex 0 -17.5 15.75
      vertex -4.47924 -15.6446 9.89386
    endloop
  endfacet
  facet normal -0.382681 -0.923881 -2.40738e-006
    outer loop
      vertex -4.3057 -15.7165 9.69025
      vertex 0 -17.5 15.75
      vertex -4.36776 -15.6908 9.7732
    endloop
  endfacet
  facet normal -0.382686 -0.923879 2.04024e-006
    outer loop
      vertex -4.20648 -15.7576 9.55763
      vertex 0 -17.5 15.75
      vertex -4.3057 -15.7165 9.69025
    endloop
  endfacet
  facet normal -0.382681 -0.923881 -1.87404e-006
    outer loop
      vertex -4.12062 -15.7932 9.41451
      vertex 0 -17.5 15.75
      vertex -4.20648 -15.7576 9.55763
    endloop
  endfacet
  facet normal -0.382687 -0.923878 3.05561e-006
    outer loop
      vertex -4.06691 -15.8154 9.325
      vertex 0 -17.5 15.75
      vertex -4.12062 -15.7932 9.41451
    endloop
  endfacet
  facet normal -0.382681 -0.923881 -2.05533e-006
    outer loop
      vertex -4.02215 -15.834 9.2299
      vertex 0 -17.5 15.75
      vertex -4.06691 -15.8154 9.325
    endloop
  endfacet
  facet normal -0.382682 -0.92388 -9.20858e-007
    outer loop
      vertex -3.95057 -15.8636 9.07785
      vertex 0 -17.5 15.75
      vertex -4.02215 -15.834 9.2299
    endloop
  endfacet
  facet normal -0.382683 -0.92388 -5.39538e-007
    outer loop
      vertex -3.85873 -15.9017 8.81889
      vertex 0 -17.5 15.75
      vertex -3.95057 -15.8636 9.07785
    endloop
  endfacet
  facet normal -0.382686 -0.923878 1.9296e-006
    outer loop
      vertex -3.81792 -15.9186 8.65406
      vertex 0 -17.5 15.75
      vertex -3.85873 -15.9017 8.81889
    endloop
  endfacet
  facet normal -0.382678 -0.923882 -3.28778e-006
    outer loop
      vertex -3.7924 -15.9291 8.55097
      vertex 0 -17.5 15.75
      vertex -3.81792 -15.9186 8.65406
    endloop
  endfacet
  facet normal -0.382684 -0.923879 2.8516e-007
    outer loop
      vertex -3.75232 -15.9457 8.277
      vertex 0 -17.5 15.75
      vertex -3.7924 -15.9291 8.55097
    endloop
  endfacet
  facet normal -0.382691 -0.923876 4.42058e-006
    outer loop
      vertex -3.74715 -15.9479 8.17042
      vertex 0 -17.5 15.75
      vertex -3.75232 -15.9457 8.277
    endloop
  endfacet
  facet normal -0.382684 -0.923879 5.70415e-007
    outer loop
      vertex -3.7389 -15.9513 8
      vertex 0 -17.5 15.75
      vertex -3.74715 -15.9479 8.17042
    endloop
  endfacet
  facet normal -0.382684 -0.923879 -5.75497e-007
    outer loop
      vertex 0 -17.5 1
      vertex -3.7389 -15.9513 8
      vertex -3.74715 -15.9479 7.82958
    endloop
  endfacet
  facet normal -0.38269 -0.923877 -4.45997e-006
    outer loop
      vertex 0 -17.5 1
      vertex -3.74715 -15.9479 7.82958
      vertex -3.75232 -15.9457 7.723
    endloop
  endfacet
  facet normal -0.382684 -0.923879 -2.91768e-007
    outer loop
      vertex 0 -17.5 1
      vertex -3.75232 -15.9457 7.723
      vertex -3.7924 -15.9291 7.44903
    endloop
  endfacet
  facet normal -0.382679 -0.923882 3.40106e-006
    outer loop
      vertex 0 -17.5 1
      vertex -3.7924 -15.9291 7.44903
      vertex -3.81792 -15.9186 7.34594
    endloop
  endfacet
  facet normal -0.382686 -0.923878 -1.99607e-006
    outer loop
      vertex 0 -17.5 1
      vertex -3.81792 -15.9186 7.34594
      vertex -3.85873 -15.9017 7.1811
    endloop
  endfacet
  facet normal -0.382683 -0.92388 5.63256e-007
    outer loop
      vertex 0 -17.5 1
      vertex -3.85873 -15.9017 7.1811
      vertex -3.95057 -15.8636 6.92215
    endloop
  endfacet
  facet normal -0.382686 -0.923879 -2.79815e-006
    outer loop
      vertex 0 -17.5 1
      vertex -4.83082 -15.499 5.79798
      vertex -4.96304 -15.4442 5.70503
    endloop
  endfacet
  facet normal -0.382683 -0.92388 4.19489e-008
    outer loop
      vertex 0 -17.5 1
      vertex -6.18718 -14.9372 5.35
      vertex -12.3744 -12.3744 1
    endloop
  endfacet
  facet normal -0.382685 -0.923879 -2.39901e-006
    outer loop
      vertex -6.18718 -14.9372 5.35
      vertex 0 -17.5 1
      vertex -6.08871 -14.978 5.35559
    endloop
  endfacet
  facet normal -0.382684 -0.923879 -1.74161e-006
    outer loop
      vertex -6.08871 -14.978 5.35559
      vertex 0 -17.5 1
      vertex -5.93127 -15.0432 5.36452
    endloop
  endfacet
  facet normal -0.382684 -0.923879 -9.41605e-007
    outer loop
      vertex -5.93127 -15.0432 5.36452
      vertex 0 -17.5 1
      vertex -5.67816 -15.148 5.40791
    endloop
  endfacet
  facet normal -0.382682 -0.92388 2.75868e-006
    outer loop
      vertex -5.67816 -15.148 5.40791
      vertex 0 -17.5 1
      vertex -5.52587 -15.2111 5.45208
    endloop
  endfacet
  facet normal -0.382683 -0.92388 1.10279e-006
    outer loop
      vertex -5.52587 -15.2111 5.45208
      vertex 0 -17.5 1
      vertex -5.43062 -15.2506 5.4797
    endloop
  endfacet
  facet normal -0.382685 -0.923879 -2.32163e-006
    outer loop
      vertex -5.43062 -15.2506 5.4797
      vertex 0 -17.5 1
      vertex -5.28343 -15.3115 5.54086
    endloop
  endfacet
  facet normal -0.382682 -0.92388 1.51177e-006
    outer loop
      vertex -5.28343 -15.3115 5.54086
      vertex 0 -17.5 1
      vertex -5.19138 -15.3497 5.5791
    endloop
  endfacet
  facet normal -0.382685 -0.923879 -2.58956e-006
    outer loop
      vertex -5.19138 -15.3497 5.5791
      vertex 0 -17.5 1
      vertex -5.10352 -15.3861 5.62756
    endloop
  endfacet
  facet normal -0.382683 -0.92388 0
    outer loop
      vertex -3.7389 -15.9513 8
      vertex 0 -17.5 1
      vertex 0 -17.5 15.75
    endloop
  endfacet
  facet normal -0.382682 -0.92388 9.69107e-007
    outer loop
      vertex -4.02215 -15.834 6.7701
      vertex 0 -17.5 1
      vertex -3.95057 -15.8636 6.92215
    endloop
  endfacet
  facet normal -0.382681 -0.923881 2.16302e-006
    outer loop
      vertex -4.06691 -15.8154 6.675
      vertex 0 -17.5 1
      vertex -4.02215 -15.834 6.7701
    endloop
  endfacet
  facet normal -0.382687 -0.923878 -3.23963e-006
    outer loop
      vertex -4.12062 -15.7932 6.58549
      vertex 0 -17.5 1
      vertex -4.06691 -15.8154 6.675
    endloop
  endfacet
  facet normal -0.382681 -0.92388 1.98691e-006
    outer loop
      vertex -4.20648 -15.7576 6.44237
      vertex 0 -17.5 1
      vertex -4.12062 -15.7932 6.58549
    endloop
  endfacet
  facet normal -0.382686 -0.923879 -2.17853e-006
    outer loop
      vertex -4.3057 -15.7165 6.30975
      vertex 0 -17.5 1
      vertex -4.20648 -15.7576 6.44237
    endloop
  endfacet
  facet normal -0.382681 -0.923881 2.57056e-006
    outer loop
      vertex -4.36776 -15.6908 6.2268
      vertex 0 -17.5 1
      vertex -4.3057 -15.7165 6.30975
    endloop
  endfacet
  facet normal -0.382684 -0.923879 -9.34696e-007
    outer loop
      vertex -4.47924 -15.6446 6.10613
      vertex 0 -17.5 1
      vertex -4.36776 -15.6908 6.2268
    endloop
  endfacet
  facet normal -0.382685 -0.923879 -1.27959e-006
    outer loop
      vertex -4.54896 -15.6158 6.03067
      vertex 0 -17.5 1
      vertex -4.47924 -15.6446 6.10613
    endloop
  endfacet
  facet normal -0.382683 -0.92388 5.7517e-007
    outer loop
      vertex -4.62559 -15.584 5.9635
      vertex 0 -17.5 1
      vertex -4.54896 -15.6158 6.03067
    endloop
  endfacet
  facet normal -0.382682 -0.92388 1.23076e-006
    outer loop
      vertex -4.74812 -15.5333 5.8561
      vertex 0 -17.5 1
      vertex -4.62559 -15.584 5.9635
    endloop
  endfacet
  facet normal -0.382683 -0.92388 6.88219e-007
    outer loop
      vertex -4.83082 -15.499 5.79798
      vertex 0 -17.5 1
      vertex -4.74812 -15.5333 5.8561
    endloop
  endfacet
  facet normal -0.382681 -0.923881 3.66416e-006
    outer loop
      vertex -5.10352 -15.3861 5.62756
      vertex 0 -17.5 1
      vertex -4.96304 -15.4442 5.70503
    endloop
  endfacet
  facet normal 0.92388 -0.382683 0
    outer loop
      vertex 17.5 0 15.75
      vertex 15.9513 -3.7389 8
      vertex 17.5 0 1
    endloop
  endfacet
  facet normal 0.923879 -0.382684 5.70418e-007
    outer loop
      vertex 17.5 0 15.75
      vertex 15.9479 -3.74715 8.17042
      vertex 15.9513 -3.7389 8
    endloop
  endfacet
  facet normal 0.923876 -0.382691 4.42058e-006
    outer loop
      vertex 17.5 0 15.75
      vertex 15.9457 -3.75232 8.277
      vertex 15.9479 -3.74715 8.17042
    endloop
  endfacet
  facet normal 0.923879 -0.382684 2.8516e-007
    outer loop
      vertex 17.5 0 15.75
      vertex 15.9291 -3.7924 8.55097
      vertex 15.9457 -3.75232 8.277
    endloop
  endfacet
  facet normal 0.923882 -0.382678 -3.28778e-006
    outer loop
      vertex 17.5 0 15.75
      vertex 15.9186 -3.81792 8.65406
      vertex 15.9291 -3.7924 8.55097
    endloop
  endfacet
  facet normal 0.923878 -0.382686 1.9296e-006
    outer loop
      vertex 17.5 0 15.75
      vertex 15.9017 -3.85873 8.81889
      vertex 15.9186 -3.81792 8.65406
    endloop
  endfacet
  facet normal 0.92388 -0.382683 -5.39538e-007
    outer loop
      vertex 17.5 0 15.75
      vertex 15.8636 -3.95057 9.07785
      vertex 15.9017 -3.85873 8.81889
    endloop
  endfacet
  facet normal 0.92388 -0.382682 -9.20858e-007
    outer loop
      vertex 17.5 0 15.75
      vertex 15.834 -4.02215 9.2299
      vertex 15.8636 -3.95057 9.07785
    endloop
  endfacet
  facet normal 0.923881 -0.382681 -2.05533e-006
    outer loop
      vertex 17.5 0 15.75
      vertex 15.8154 -4.06691 9.325
      vertex 15.834 -4.02215 9.2299
    endloop
  endfacet
  facet normal 0.923878 -0.382687 3.05561e-006
    outer loop
      vertex 17.5 0 15.75
      vertex 15.7932 -4.12062 9.41451
      vertex 15.8154 -4.06691 9.325
    endloop
  endfacet
  facet normal 0.923881 -0.382681 -1.87404e-006
    outer loop
      vertex 17.5 0 15.75
      vertex 15.7576 -4.20648 9.55763
      vertex 15.7932 -4.12062 9.41451
    endloop
  endfacet
  facet normal 0.923879 -0.382686 2.04024e-006
    outer loop
      vertex 17.5 0 15.75
      vertex 15.7165 -4.3057 9.69025
      vertex 15.7576 -4.20648 9.55763
    endloop
  endfacet
  facet normal 0.923881 -0.382681 -2.40738e-006
    outer loop
      vertex 17.5 0 15.75
      vertex 15.6908 -4.36776 9.7732
      vertex 15.7165 -4.3057 9.69025
    endloop
  endfacet
  facet normal 0.923879 -0.382684 8.69206e-007
    outer loop
      vertex 17.5 0 15.75
      vertex 15.6446 -4.47924 9.89386
      vertex 15.6908 -4.36776 9.7732
    endloop
  endfacet
  facet normal 0.923879 -0.382685 1.18994e-006
    outer loop
      vertex 17.5 0 15.75
      vertex 15.6158 -4.54896 9.96933
      vertex 15.6446 -4.47924 9.89386
    endloop
  endfacet
  facet normal 0.92388 -0.382683 -5.31009e-007
    outer loop
      vertex 17.5 0 15.75
      vertex 15.584 -4.62559 10.0365
      vertex 15.6158 -4.54896 9.96933
    endloop
  endfacet
  facet normal 0.92388 -0.382682 -1.13625e-006
    outer loop
      vertex 17.5 0 15.75
      vertex 15.5333 -4.74812 10.1439
      vertex 15.584 -4.62559 10.0365
    endloop
  endfacet
  facet normal 0.92388 -0.382683 -6.30504e-007
    outer loop
      vertex 17.5 0 15.75
      vertex 15.499 -4.83082 10.202
      vertex 15.5333 -4.74812 10.1439
    endloop
  endfacet
  facet normal 0.923879 -0.382686 2.5635e-006
    outer loop
      vertex 17.5 0 15.75
      vertex 15.4442 -4.96304 10.295
      vertex 15.499 -4.83082 10.202
    endloop
  endfacet
  facet normal 0.923881 -0.38268 -3.32871e-006
    outer loop
      vertex 17.5 0 15.75
      vertex 15.3861 -5.10352 10.3724
      vertex 15.4442 -4.96304 10.295
    endloop
  endfacet
  facet normal 0.923879 -0.382685 2.35248e-006
    outer loop
      vertex 17.5 0 15.75
      vertex 15.3497 -5.19138 10.4209
      vertex 15.3861 -5.10352 10.3724
    endloop
  endfacet
  facet normal 0.92388 -0.382682 -1.36032e-006
    outer loop
      vertex 17.5 0 15.75
      vertex 15.3115 -5.28343 10.4591
      vertex 15.3497 -5.19138 10.4209
    endloop
  endfacet
  facet normal 0.923879 -0.382685 2.08903e-006
    outer loop
      vertex 17.5 0 15.75
      vertex 15.2506 -5.43062 10.5203
      vertex 15.3115 -5.28343 10.4591
    endloop
  endfacet
  facet normal 0.92388 -0.382683 -9.81236e-007
    outer loop
      vertex 17.5 0 15.75
      vertex 15.2111 -5.52587 10.5479
      vertex 15.2506 -5.43062 10.5203
    endloop
  endfacet
  facet normal 0.92388 -0.382681 -2.45463e-006
    outer loop
      vertex 17.5 0 15.75
      vertex 15.148 -5.67816 10.5921
      vertex 15.2111 -5.52587 10.5479
    endloop
  endfacet
  facet normal 0.923879 -0.382684 8.26426e-007
    outer loop
      vertex 17.5 0 15.75
      vertex 15.0432 -5.93127 10.6355
      vertex 15.148 -5.67816 10.5921
    endloop
  endfacet
  facet normal 0.923879 -0.382685 1.50198e-006
    outer loop
      vertex 17.5 0 15.75
      vertex 14.978 -6.08871 10.6444
      vertex 15.0432 -5.93127 10.6355
    endloop
  endfacet
  facet normal 0.923879 -0.382685 2.06893e-006
    outer loop
      vertex 17.5 0 15.75
      vertex 14.9372 -6.18718 10.65
      vertex 14.978 -6.08871 10.6444
    endloop
  endfacet
  facet normal 0.92388 -0.382683 -3.57799e-008
    outer loop
      vertex 12.3744 -12.3744 15.75
      vertex 14.9372 -6.18718 10.65
      vertex 17.5 0 15.75
    endloop
  endfacet
  facet normal 0.923879 -0.382684 -2.44237e-007
    outer loop
      vertex 14.9372 -6.18718 10.65
      vertex 12.3744 -12.3744 15.75
      vertex 14.872 -6.34463 10.6411
    endloop
  endfacet
  facet normal 0.92388 -0.382683 -3.78516e-008
    outer loop
      vertex 14.872 -6.34463 10.6411
      vertex 12.3744 -12.3744 15.75
      vertex 14.8312 -6.4431 10.6355
    endloop
  endfacet
  facet normal 0.923879 -0.382684 -8.26426e-007
    outer loop
      vertex 14.8312 -6.4431 10.6355
      vertex 12.3744 -12.3744 15.75
      vertex 14.7263 -6.69621 10.5921
    endloop
  endfacet
  facet normal 0.92388 -0.382681 2.53931e-006
    outer loop
      vertex 14.7263 -6.69621 10.5921
      vertex 12.3744 -12.3744 15.75
      vertex 14.6869 -6.79146 10.5645
    endloop
  endfacet
  facet normal 0.92388 -0.382682 1.47297e-006
    outer loop
      vertex 14.6869 -6.79146 10.5645
      vertex 12.3744 -12.3744 15.75
      vertex 14.6238 -6.94374 10.5203
    endloop
  endfacet
  facet normal 0.923879 -0.382685 -2.08903e-006
    outer loop
      vertex 14.6238 -6.94374 10.5203
      vertex 12.3744 -12.3744 15.75
      vertex 14.5628 -7.09093 10.4591
    endloop
  endfacet
  facet normal 0.923881 -0.382679 5.31736e-006
    outer loop
      vertex 14.5628 -7.09093 10.4591
      vertex 12.3744 -12.3744 15.75
      vertex 14.5247 -7.18299 10.4209
    endloop
  endfacet
  facet normal 0.923879 -0.382684 -9.73304e-007
    outer loop
      vertex 14.5247 -7.18299 10.4209
      vertex 12.3744 -12.3744 15.75
      vertex 14.4883 -7.27085 10.3724
    endloop
  endfacet
  facet normal 0.923879 -0.382684 -4.93359e-007
    outer loop
      vertex 14.4883 -7.27085 10.3724
      vertex 12.3744 -12.3744 15.75
      vertex 14.4301 -7.41132 10.295
    endloop
  endfacet
  facet normal 0.923879 -0.382686 -2.58391e-006
    outer loop
      vertex 14.4301 -7.41132 10.295
      vertex 12.3744 -12.3744 15.75
      vertex 14.3754 -7.54355 10.202
    endloop
  endfacet
  facet normal 0.923879 -0.382684 -1.85677e-007
    outer loop
      vertex 12.3744 -12.3744 15.75
      vertex 14.2124 -7.93689 9.84866
      vertex 14.2586 -7.8254 9.96933
    endloop
  endfacet
  facet normal 0.923876 -0.382692 -5.1933e-006
    outer loop
      vertex 13.9252 -8.6303 8.10658
      vertex 12.3744 -12.3744 15.75
      vertex 13.9231 -8.63546 8
    endloop
  endfacet
  facet normal 0.923879 -0.382685 -1.05449e-006
    outer loop
      vertex 13.9286 -8.62205 8.277
      vertex 12.3744 -12.3744 15.75
      vertex 13.9252 -8.6303 8.10658
    endloop
  endfacet
  facet normal 0.923881 -0.382681 1.59096e-006
    outer loop
      vertex 13.9388 -8.59739 8.44555
      vertex 12.3744 -12.3744 15.75
      vertex 13.9286 -8.62205 8.277
    endloop
  endfacet
  facet normal 0.923879 -0.382684 -6.25722e-007
    outer loop
      vertex 13.9452 -8.58196 8.55097
      vertex 12.3744 -12.3744 15.75
      vertex 13.9388 -8.59739 8.44555
    endloop
  endfacet
  facet normal 0.923879 -0.382684 -6.15885e-007
    outer loop
      vertex 13.9727 -8.51564 8.81889
      vertex 12.3744 -12.3744 15.75
      vertex 13.9452 -8.58196 8.55097
    endloop
  endfacet
  facet normal 0.92388 -0.382682 7.44521e-007
    outer loop
      vertex 14.0107 -8.4238 9.07785
      vertex 12.3744 -12.3744 15.75
      vertex 13.9727 -8.51564 8.81889
    endloop
  endfacet
  facet normal 0.923879 -0.382684 -1.00162e-007
    outer loop
      vertex 14.0404 -8.35222 9.2299
      vertex 12.3744 -12.3744 15.75
      vertex 14.0107 -8.4238 9.07785
    endloop
  endfacet
  facet normal 0.923881 -0.382679 3.14367e-006
    outer loop
      vertex 14.0589 -8.30746 9.325
      vertex 12.3744 -12.3744 15.75
      vertex 14.0404 -8.35222 9.2299
    endloop
  endfacet
  facet normal 0.923877 -0.382689 -4.11604e-006
    outer loop
      vertex 14.0812 -8.25375 9.41451
      vertex 12.3744 -12.3744 15.75
      vertex 14.0589 -8.30746 9.325
    endloop
  endfacet
  facet normal 0.923879 -0.382684 -6.65005e-007
    outer loop
      vertex 14.1168 -8.16788 9.55763
      vertex 12.3744 -12.3744 15.75
      vertex 14.0812 -8.25375 9.41451
    endloop
  endfacet
  facet normal 0.92388 -0.382682 1.18049e-006
    outer loop
      vertex 14.1578 -8.06867 9.69025
      vertex 12.3744 -12.3744 15.75
      vertex 14.1168 -8.16788 9.55763
    endloop
  endfacet
  facet normal 0.923881 -0.382681 2.39194e-006
    outer loop
      vertex 14.1836 -8.00661 9.7732
      vertex 12.3744 -12.3744 15.75
      vertex 14.1578 -8.06867 9.69025
    endloop
  endfacet
  facet normal 0.923878 -0.382686 -2.26689e-006
    outer loop
      vertex 14.2124 -7.93689 9.84866
      vertex 12.3744 -12.3744 15.75
      vertex 14.1836 -8.00661 9.7732
    endloop
  endfacet
  facet normal 0.923879 -0.382684 -2.79612e-007
    outer loop
      vertex 14.3094 -7.70288 10.0767
      vertex 12.3744 -12.3744 15.75
      vertex 14.2586 -7.8254 9.96933
    endloop
  endfacet
  facet normal 0.92388 -0.382682 1.67251e-006
    outer loop
      vertex 14.3411 -7.62625 10.1439
      vertex 12.3744 -12.3744 15.75
      vertex 14.3094 -7.70288 10.0767
    endloop
  endfacet
  facet normal 0.92388 -0.382682 1.80196e-006
    outer loop
      vertex 14.3754 -7.54355 10.202
      vertex 12.3744 -12.3744 15.75
      vertex 14.3411 -7.62625 10.1439
    endloop
  endfacet
  facet normal 0.923879 -0.382684 -5.75495e-007
    outer loop
      vertex 15.9479 -3.74715 7.82958
      vertex 17.5 0 1
      vertex 15.9513 -3.7389 8
    endloop
  endfacet
  facet normal 0.923877 -0.38269 -4.45995e-006
    outer loop
      vertex 15.9457 -3.75232 7.723
      vertex 17.5 0 1
      vertex 15.9479 -3.74715 7.82958
    endloop
  endfacet
  facet normal 0.923879 -0.382684 -2.91768e-007
    outer loop
      vertex 15.9291 -3.7924 7.44903
      vertex 17.5 0 1
      vertex 15.9457 -3.75232 7.723
    endloop
  endfacet
  facet normal 0.923882 -0.382679 3.40106e-006
    outer loop
      vertex 15.9186 -3.81792 7.34594
      vertex 17.5 0 1
      vertex 15.9291 -3.7924 7.44903
    endloop
  endfacet
  facet normal 0.923878 -0.382686 -1.99607e-006
    outer loop
      vertex 15.9017 -3.85873 7.1811
      vertex 17.5 0 1
      vertex 15.9186 -3.81792 7.34594
    endloop
  endfacet
  facet normal 0.92388 -0.382683 5.63256e-007
    outer loop
      vertex 15.8636 -3.95057 6.92215
      vertex 17.5 0 1
      vertex 15.9017 -3.85873 7.1811
    endloop
  endfacet
  facet normal 0.92388 -0.382682 9.69107e-007
    outer loop
      vertex 15.834 -4.02215 6.7701
      vertex 17.5 0 1
      vertex 15.8636 -3.95057 6.92215
    endloop
  endfacet
  facet normal 0.923881 -0.382681 2.16302e-006
    outer loop
      vertex 15.8154 -4.06691 6.675
      vertex 17.5 0 1
      vertex 15.834 -4.02215 6.7701
    endloop
  endfacet
  facet normal 0.923878 -0.382687 -3.23963e-006
    outer loop
      vertex 15.7932 -4.12062 6.58549
      vertex 17.5 0 1
      vertex 15.8154 -4.06691 6.675
    endloop
  endfacet
  facet normal 0.92388 -0.382681 1.98691e-006
    outer loop
      vertex 15.7576 -4.20648 6.44237
      vertex 17.5 0 1
      vertex 15.7932 -4.12062 6.58549
    endloop
  endfacet
  facet normal 0.923879 -0.382686 -2.17853e-006
    outer loop
      vertex 15.7165 -4.3057 6.30975
      vertex 17.5 0 1
      vertex 15.7576 -4.20648 6.44237
    endloop
  endfacet
  facet normal 0.923881 -0.382681 2.57056e-006
    outer loop
      vertex 15.6908 -4.36776 6.2268
      vertex 17.5 0 1
      vertex 15.7165 -4.3057 6.30975
    endloop
  endfacet
  facet normal 0.923879 -0.382684 -9.34696e-007
    outer loop
      vertex 15.6446 -4.47924 6.10613
      vertex 17.5 0 1
      vertex 15.6908 -4.36776 6.2268
    endloop
  endfacet
  facet normal 0.923879 -0.382685 -1.27959e-006
    outer loop
      vertex 15.6158 -4.54896 6.03067
      vertex 17.5 0 1
      vertex 15.6446 -4.47924 6.10613
    endloop
  endfacet
  facet normal 0.92388 -0.382683 5.7517e-007
    outer loop
      vertex 15.584 -4.62559 5.9635
      vertex 17.5 0 1
      vertex 15.6158 -4.54896 6.03067
    endloop
  endfacet
  facet normal 0.92388 -0.382682 1.23076e-006
    outer loop
      vertex 15.5333 -4.74812 5.8561
      vertex 17.5 0 1
      vertex 15.584 -4.62559 5.9635
    endloop
  endfacet
  facet normal 0.92388 -0.382683 6.88219e-007
    outer loop
      vertex 15.499 -4.83082 5.79798
      vertex 17.5 0 1
      vertex 15.5333 -4.74812 5.8561
    endloop
  endfacet
  facet normal 0.923879 -0.382686 -2.79815e-006
    outer loop
      vertex 15.4442 -4.96304 5.70503
      vertex 17.5 0 1
      vertex 15.499 -4.83082 5.79798
    endloop
  endfacet
  facet normal 0.923881 -0.382681 3.66416e-006
    outer loop
      vertex 15.3861 -5.10352 5.62756
      vertex 17.5 0 1
      vertex 15.4442 -4.96304 5.70503
    endloop
  endfacet
  facet normal 0.923879 -0.382685 -2.58956e-006
    outer loop
      vertex 15.3497 -5.19138 5.5791
      vertex 17.5 0 1
      vertex 15.3861 -5.10352 5.62756
    endloop
  endfacet
  facet normal 0.92388 -0.382682 1.51177e-006
    outer loop
      vertex 15.3115 -5.28343 5.54086
      vertex 17.5 0 1
      vertex 15.3497 -5.19138 5.5791
    endloop
  endfacet
  facet normal 0.923879 -0.382685 -2.32163e-006
    outer loop
      vertex 15.2506 -5.43062 5.4797
      vertex 17.5 0 1
      vertex 15.3115 -5.28343 5.54086
    endloop
  endfacet
  facet normal 0.92388 -0.382683 1.10279e-006
    outer loop
      vertex 15.2111 -5.52587 5.45208
      vertex 17.5 0 1
      vertex 15.2506 -5.43062 5.4797
    endloop
  endfacet
  facet normal 0.92388 -0.382682 2.75868e-006
    outer loop
      vertex 15.148 -5.67816 5.40791
      vertex 17.5 0 1
      vertex 15.2111 -5.52587 5.45208
    endloop
  endfacet
  facet normal 0.923879 -0.382684 -9.41605e-007
    outer loop
      vertex 15.0432 -5.93127 5.36452
      vertex 17.5 0 1
      vertex 15.148 -5.67816 5.40791
    endloop
  endfacet
  facet normal 0.923879 -0.382684 -1.74161e-006
    outer loop
      vertex 14.978 -6.08871 5.35559
      vertex 17.5 0 1
      vertex 15.0432 -5.93127 5.36452
    endloop
  endfacet
  facet normal 0.923879 -0.382685 -2.39901e-006
    outer loop
      vertex 14.9372 -6.18718 5.35
      vertex 17.5 0 1
      vertex 14.978 -6.08871 5.35559
    endloop
  endfacet
  facet normal 0.923879 -0.382684 2.83203e-007
    outer loop
      vertex 12.3744 -12.3744 1
      vertex 14.9372 -6.18718 5.35
      vertex 14.872 -6.34463 5.35893
    endloop
  endfacet
  facet normal 0.92388 -0.382683 4.38905e-008
    outer loop
      vertex 12.3744 -12.3744 1
      vertex 14.872 -6.34463 5.35893
      vertex 14.8312 -6.4431 5.36452
    endloop
  endfacet
  facet normal 0.923879 -0.382684 9.41605e-007
    outer loop
      vertex 12.3744 -12.3744 1
      vertex 14.8312 -6.4431 5.36452
      vertex 14.7263 -6.69621 5.40791
    endloop
  endfacet
  facet normal 0.92388 -0.382681 -2.85386e-006
    outer loop
      vertex 12.3744 -12.3744 1
      vertex 14.7263 -6.69621 5.40791
      vertex 14.6869 -6.79146 5.43553
    endloop
  endfacet
  facet normal 0.92388 -0.382682 -1.65542e-006
    outer loop
      vertex 12.3744 -12.3744 1
      vertex 14.6869 -6.79146 5.43553
      vertex 14.6238 -6.94374 5.4797
    endloop
  endfacet
  facet normal 0.923879 -0.382685 2.32163e-006
    outer loop
      vertex 12.3744 -12.3744 1
      vertex 14.6238 -6.94374 5.4797
      vertex 14.5628 -7.09093 5.54086
    endloop
  endfacet
  facet normal 0.923881 -0.382679 -5.90938e-006
    outer loop
      vertex 12.3744 -12.3744 1
      vertex 14.5628 -7.09093 5.54086
      vertex 14.5247 -7.18299 5.5791
    endloop
  endfacet
  facet normal 0.923879 -0.382684 1.07139e-006
    outer loop
      vertex 12.3744 -12.3744 1
      vertex 14.5247 -7.18299 5.5791
      vertex 14.4883 -7.27085 5.62756
    endloop
  endfacet
  facet normal 0.923879 -0.382684 5.43078e-007
    outer loop
      vertex 12.3744 -12.3744 1
      vertex 14.4883 -7.27085 5.62756
      vertex 14.4301 -7.41132 5.70503
    endloop
  endfacet
  facet normal 0.92388 -0.382683 0
    outer loop
      vertex 12.3744 -12.3744 1
      vertex 13.9231 -8.63546 8
      vertex 12.3744 -12.3744 15.75
    endloop
  endfacet
  facet normal 0.923876 -0.382692 5.23954e-006
    outer loop
      vertex 13.9231 -8.63546 8
      vertex 12.3744 -12.3744 1
      vertex 13.9252 -8.6303 7.89342
    endloop
  endfacet
  facet normal 0.923879 -0.382685 1.06388e-006
    outer loop
      vertex 13.9252 -8.6303 7.89342
      vertex 12.3744 -12.3744 1
      vertex 13.9286 -8.62205 7.723
    endloop
  endfacet
  facet normal 0.923881 -0.382681 -1.62783e-006
    outer loop
      vertex 13.9286 -8.62205 7.723
      vertex 12.3744 -12.3744 1
      vertex 13.9388 -8.59739 7.55445
    endloop
  endfacet
  facet normal 0.923879 -0.382684 6.40222e-007
    outer loop
      vertex 13.9388 -8.59739 7.55445
      vertex 12.3744 -12.3744 1
      vertex 13.9452 -8.58196 7.44903
    endloop
  endfacet
  facet normal 0.923879 -0.382684 6.37104e-007
    outer loop
      vertex 13.9452 -8.58196 7.44903
      vertex 12.3744 -12.3744 1
      vertex 13.9727 -8.51564 7.1811
    endloop
  endfacet
  facet normal 0.92388 -0.382683 4.19489e-008
    outer loop
      vertex 14.9372 -6.18718 5.35
      vertex 12.3744 -12.3744 1
      vertex 17.5 0 1
    endloop
  endfacet
  facet normal 0.923879 -0.382686 2.82043e-006
    outer loop
      vertex 14.3754 -7.54355 5.79798
      vertex 12.3744 -12.3744 1
      vertex 14.4301 -7.41132 5.70503
    endloop
  endfacet
  facet normal 0.92388 -0.382682 -1.9669e-006
    outer loop
      vertex 14.3411 -7.62625 5.8561
      vertex 12.3744 -12.3744 1
      vertex 14.3754 -7.54355 5.79798
    endloop
  endfacet
  facet normal 0.92388 -0.382682 -1.8116e-006
    outer loop
      vertex 14.3094 -7.70288 5.92327
      vertex 12.3744 -12.3744 1
      vertex 14.3411 -7.62625 5.8561
    endloop
  endfacet
  facet normal 0.923879 -0.382684 3.02868e-007
    outer loop
      vertex 14.2586 -7.8254 6.03067
      vertex 12.3744 -12.3744 1
      vertex 14.3094 -7.70288 5.92327
    endloop
  endfacet
  facet normal 0.923879 -0.382684 1.99666e-007
    outer loop
      vertex 14.2124 -7.93689 6.15133
      vertex 12.3744 -12.3744 1
      vertex 14.2586 -7.8254 6.03067
    endloop
  endfacet
  facet normal 0.923879 -0.382686 2.43767e-006
    outer loop
      vertex 14.1836 -8.00661 6.2268
      vertex 12.3744 -12.3744 1
      vertex 14.2124 -7.93689 6.15133
    endloop
  endfacet
  facet normal 0.923881 -0.382681 -2.55407e-006
    outer loop
      vertex 14.1578 -8.06867 6.30975
      vertex 12.3744 -12.3744 1
      vertex 14.1836 -8.00661 6.2268
    endloop
  endfacet
  facet normal 0.92388 -0.382682 -1.26051e-006
    outer loop
      vertex 14.1168 -8.16788 6.44237
      vertex 12.3744 -12.3744 1
      vertex 14.1578 -8.06867 6.30975
    endloop
  endfacet
  facet normal 0.923879 -0.382684 7.05055e-007
    outer loop
      vertex 14.0812 -8.25375 6.58549
      vertex 12.3744 -12.3744 1
      vertex 14.1168 -8.16788 6.44237
    endloop
  endfacet
  facet normal 0.923877 -0.382689 4.36392e-006
    outer loop
      vertex 14.0589 -8.30746 6.675
      vertex 12.3744 -12.3744 1
      vertex 14.0812 -8.25375 6.58549
    endloop
  endfacet
  facet normal 0.923881 -0.382679 -3.30837e-006
    outer loop
      vertex 14.0404 -8.35222 6.7701
      vertex 12.3744 -12.3744 1
      vertex 14.0589 -8.30746 6.675
    endloop
  endfacet
  facet normal 0.923879 -0.382684 1.0541e-007
    outer loop
      vertex 14.0107 -8.4238 6.92215
      vertex 12.3744 -12.3744 1
      vertex 14.0404 -8.35222 6.7701
    endloop
  endfacet
  facet normal 0.92388 -0.382682 -7.77249e-007
    outer loop
      vertex 13.9727 -8.51564 7.1811
      vertex 12.3744 -12.3744 1
      vertex 14.0107 -8.4238 6.92215
    endloop
  endfacet
  facet normal 0.0200275 -0.0483511 0.99863
    outer loop
      vertex 14.8312 6.4431 5.36452
      vertex 13.9988 6.03836 5.36161
      vertex 14.872 6.34463 5.35893
    endloop
  endfacet
  facet normal 0.0200286 -0.0483533 0.998629
    outer loop
      vertex 13.9988 6.03836 5.36161
      vertex 14.8312 6.4431 5.36452
      vertex 13.9776 6.08955 5.36452
    endloop
  endfacet
  facet normal -0.2974 0.717987 0.629324
    outer loop
      vertex 15.6908 4.36776 6.2268
      vertex 14.8506 3.98195 6.26992
      vertex 15.7165 4.3057 6.30975
    endloop
  endfacet
  facet normal -0.297401 0.717988 0.629321
    outer loop
      vertex 14.8506 3.98195 6.26992
      vertex 15.6908 4.36776 6.2268
      vertex 14.8373 4.0142 6.2268
    endloop
  endfacet
  facet normal 0.270599 -0.653283 0.707106
    outer loop
      vertex 14.2124 7.93689 6.15133
      vertex 13.4051 7.47185 6.03067
      vertex 14.2586 7.8254 6.03067
    endloop
  endfacet
  facet normal 0.270599 -0.653283 0.707105
    outer loop
      vertex 13.4051 7.47185 6.03067
      vertex 14.2124 7.93689 6.15133
      vertex 13.345 7.61682 6.18758
    endloop
  endfacet
  facet normal 0.377972 -0.912505 -0.156434
    outer loop
      vertex 13.9286 8.62205 8.277
      vertex 13.0884 8.23643 8.49617
      vertex 13.0751 8.2685 8.277
    endloop
  endfacet
  facet normal 0.377972 -0.912505 -0.156436
    outer loop
      vertex 13.0884 8.23643 8.49617
      vertex 13.9286 8.62205 8.277
      vertex 13.9388 8.59739 8.44555
    endloop
  endfacet
  facet normal -0.340973 0.823183 0.453989
    outer loop
      vertex 15.834 4.02215 6.7701
      vertex 15.0101 3.59702 6.92215
      vertex 15.8636 3.95057 6.92215
    endloop
  endfacet
  facet normal -0.340973 0.823183 0.453989
    outer loop
      vertex 15.0101 3.59702 6.92215
      vertex 15.834 4.02215 6.7701
      vertex 14.9715 3.69009 6.72443
    endloop
  endfacet
  facet normal -0.270597 0.65328 -0.707109
    outer loop
      vertex 14.7772 4.15917 9.93011
      vertex 15.6158 4.54896 9.96933
      vertex 15.6446 4.47924 9.89386
    endloop
  endfacet
  facet normal -0.270598 0.653281 -0.707108
    outer loop
      vertex 15.6158 4.54896 9.96933
      vertex 14.7772 4.15917 9.93011
      vertex 14.7622 4.19541 9.96933
    endloop
  endfacet
  facet normal 0.270599 -0.653284 0.707104
    outer loop
      vertex 14.1836 8.00661 6.2268
      vertex 13.345 7.61682 6.18758
      vertex 14.2124 7.93689 6.15133
    endloop
  endfacet
  facet normal 0.270598 -0.653281 0.707108
    outer loop
      vertex 13.345 7.61682 6.18758
      vertex 14.1836 8.00661 6.2268
      vertex 13.33 7.65306 6.2268
    endloop
  endfacet
  facet normal 0.2974 -0.717988 -0.629322
    outer loop
      vertex 14.1168 8.16788 9.55763
      vertex 13.3166 7.68531 9.73008
      vertex 13.2632 7.81433 9.55763
    endloop
  endfacet
  facet normal 0.297401 -0.717989 -0.62932
    outer loop
      vertex 13.3166 7.68531 9.73008
      vertex 14.1168 8.16788 9.55763
      vertex 14.1578 8.06867 9.69025
    endloop
  endfacet
  facet normal 0.0598654 -0.144528 -0.987688
    outer loop
      vertex 13.9776 6.08955 10.6355
      vertex 14.7263 6.69621 10.5921
      vertex 14.8312 6.4431 10.6355
    endloop
  endfacet
  facet normal 0.0598654 -0.144528 -0.987688
    outer loop
      vertex 14.7263 6.69621 10.5921
      vertex 13.9776 6.08955 10.6355
      vertex 13.8728 6.34266 10.5921
    endloop
  endfacet
  facet normal 0.357266 -0.862516 0.358367
    outer loop
      vertex 13.1572 8.07025 6.92215
      vertex 13.9727 8.51564 7.1811
      vertex 13.1192 8.16208 7.1811
    endloop
  endfacet
  facet normal 0.357265 -0.862516 0.358369
    outer loop
      vertex 13.9727 8.51564 7.1811
      vertex 13.1572 8.07025 6.92215
      vertex 14.0107 8.4238 6.92215
    endloop
  endfacet
  facet normal 0.382159 -0.922613 0.0523381
    outer loop
      vertex 13.0751 8.2685 7.723
      vertex 13.9252 8.6303 7.89342
      vertex 13.0706 8.27923 7.9446
    endloop
  endfacet
  facet normal 0.382159 -0.922613 0.0523353
    outer loop
      vertex 13.9252 8.6303 7.89342
      vertex 13.0751 8.2685 7.723
      vertex 13.9286 8.62205 7.723
    endloop
  endfacet
  facet normal -0.2706 0.653285 -0.707103
    outer loop
      vertex 14.8373 4.0142 9.7732
      vertex 15.6446 4.47924 9.89386
      vertex 15.6908 4.36776 9.7732
    endloop
  endfacet
  facet normal -0.270599 0.653284 -0.707104
    outer loop
      vertex 15.6446 4.47924 9.89386
      vertex 14.8373 4.0142 9.7732
      vertex 14.7772 4.15917 9.93011
    endloop
  endfacet
  facet normal -0.357266 0.862516 -0.358368
    outer loop
      vertex 15.0481 3.50518 8.81889
      vertex 15.8636 3.95057 9.07785
      vertex 15.9017 3.85873 8.81889
    endloop
  endfacet
  facet normal -0.357265 0.862515 -0.35837
    outer loop
      vertex 15.8636 3.95057 9.07785
      vertex 15.0481 3.50518 8.81889
      vertex 15.0101 3.59702 9.07785
    endloop
  endfacet
  facet normal -0.377972 0.912505 0.156434
    outer loop
      vertex 15.9291 3.7924 7.44903
      vertex 15.0922 3.39876 7.723
      vertex 15.9457 3.75232 7.723
    endloop
  endfacet
  facet normal -0.377972 0.912505 0.156434
    outer loop
      vertex 15.0922 3.39876 7.723
      vertex 15.9291 3.7924 7.44903
      vertex 15.0756 3.43885 7.44903
    endloop
  endfacet
  facet normal -0.369644 0.8924 0.258817
    outer loop
      vertex 15.9186 3.81792 7.34594
      vertex 15.0756 3.43885 7.44903
      vertex 15.9291 3.7924 7.44903
    endloop
  endfacet
  facet normal -0.369643 0.892399 0.258822
    outer loop
      vertex 15.0756 3.43885 7.44903
      vertex 15.9186 3.81792 7.34594
      vertex 15.0701 3.45212 7.39545
    endloop
  endfacet
  facet normal 0.297401 -0.717988 -0.629321
    outer loop
      vertex 14.1578 8.06867 9.69025
      vertex 13.33 7.65306 9.7732
      vertex 13.3166 7.68531 9.73008
    endloop
  endfacet
  facet normal 0.2974 -0.717987 -0.629324
    outer loop
      vertex 13.33 7.65306 9.7732
      vertex 14.1578 8.06867 9.69025
      vertex 14.1836 8.00661 9.7732
    endloop
  endfacet
  facet normal -0.382159 0.922613 -0.0523368
    outer loop
      vertex 15.9457 3.75232 8.277
      vertex 15.0933 3.39608 8.2216
      vertex 15.0922 3.39876 8.277
    endloop
  endfacet
  facet normal -0.382159 0.922613 -0.0523375
    outer loop
      vertex 15.0933 3.39608 8.2216
      vertex 15.9457 3.75232 8.277
      vertex 15.9479 3.74715 8.17042
    endloop
  endfacet
  facet normal -0.377972 0.912505 -0.156434
    outer loop
      vertex 15.0922 3.39876 8.277
      vertex 15.9291 3.7924 8.55097
      vertex 15.9457 3.75232 8.277
    endloop
  endfacet
  facet normal -0.377972 0.912505 -0.156434
    outer loop
      vertex 15.9291 3.7924 8.55097
      vertex 15.0922 3.39876 8.277
      vertex 15.0756 3.43885 8.55097
    endloop
  endfacet
  facet normal -0.320945 0.774831 0.544639
    outer loop
      vertex 15.7576 4.20648 6.44237
      vertex 14.9503 3.74127 6.62847
      vertex 15.7932 4.12062 6.58549
    endloop
  endfacet
  facet normal -0.320945 0.774831 0.544638
    outer loop
      vertex 14.9503 3.74127 6.62847
      vertex 15.7576 4.20648 6.44237
      vertex 14.9041 3.85293 6.44237
    endloop
  endfacet
  facet normal -0.137141 0.331087 0.933581
    outer loop
      vertex 14.397 5.07707 5.4797
      vertex 15.3115 5.28343 5.54086
      vertex 15.2506 5.43062 5.4797
    endloop
  endfacet
  facet normal -0.137141 0.331088 0.933581
    outer loop
      vertex 15.3115 5.28343 5.54086
      vertex 14.397 5.07707 5.4797
      vertex 14.4763 4.88567 5.55922
    endloop
  endfacet
  facet normal 0.382158 -0.922613 0.0523403
    outer loop
      vertex 13.0706 8.27923 7.9446
      vertex 13.9231 8.63546 8
      vertex 13.0695 8.28191 8
    endloop
  endfacet
  facet normal 0.382159 -0.922614 0.0523354
    outer loop
      vertex 13.9231 8.63546 8
      vertex 13.0706 8.27923 7.9446
      vertex 13.9252 8.6303 7.89342
    endloop
  endfacet
  facet normal 0.382158 -0.922613 -0.0523407
    outer loop
      vertex 13.9231 8.63546 8
      vertex 13.0706 8.27923 8.0554
      vertex 13.0695 8.28191 8
    endloop
  endfacet
  facet normal 0.382159 -0.922614 -0.0523354
    outer loop
      vertex 13.0706 8.27923 8.0554
      vertex 13.9231 8.63546 8
      vertex 13.9252 8.6303 8.10658
    endloop
  endfacet
  facet normal 0.24083 -0.581416 0.777147
    outer loop
      vertex 13.4711 7.31253 5.89102
      vertex 14.3411 7.62625 5.8561
      vertex 14.3094 7.70288 5.92327
    endloop
  endfacet
  facet normal 0.24083 -0.581416 0.777146
    outer loop
      vertex 14.3411 7.62625 5.8561
      vertex 13.4711 7.31253 5.89102
      vertex 13.4876 7.27269 5.8561
    endloop
  endfacet
  facet normal 0.137143 -0.331092 0.933579
    outer loop
      vertex 14.5247 7.18299 5.5791
      vertex 13.691 6.78159 5.55922
      vertex 14.5628 7.09093 5.54086
    endloop
  endfacet
  facet normal 0.137141 -0.331088 0.933581
    outer loop
      vertex 13.691 6.78159 5.55922
      vertex 14.5247 7.18299 5.5791
      vertex 13.6712 6.82944 5.5791
    endloop
  endfacet
  facet normal -0.020028 0.0483519 0.99863
    outer loop
      vertex 14.978 6.08871 5.35559
      vertex 14.1896 5.57772 5.36452
      vertex 15.0432 5.93127 5.36452
    endloop
  endfacet
  facet normal -0.0200276 0.0483513 0.99863
    outer loop
      vertex 14.1896 5.57772 5.36452
      vertex 14.978 6.08871 5.35559
      vertex 14.1048 5.78245 5.3529
    endloop
  endfacet
  facet normal 0.270598 -0.653282 -0.707107
    outer loop
      vertex 13.345 7.61682 9.81242
      vertex 14.1836 8.00661 9.7732
      vertex 14.2124 7.93689 9.84866
    endloop
  endfacet
  facet normal 0.270598 -0.653281 -0.707108
    outer loop
      vertex 14.1836 8.00661 9.7732
      vertex 13.345 7.61682 9.81242
      vertex 13.33 7.65306 9.7732
    endloop
  endfacet
  facet normal 0.173734 -0.419432 0.891007
    outer loop
      vertex 13.6522 6.8751 5.60429
      vertex 14.5247 7.18299 5.5791
      vertex 14.4883 7.27085 5.62756
    endloop
  endfacet
  facet normal 0.173735 -0.419433 0.891007
    outer loop
      vertex 14.5247 7.18299 5.5791
      vertex 13.6522 6.8751 5.60429
      vertex 13.6712 6.82944 5.5791
    endloop
  endfacet
  facet normal 0.0598654 -0.144528 0.987688
    outer loop
      vertex 14.7263 6.69621 5.40791
      vertex 13.9776 6.08955 5.36452
      vertex 14.8312 6.4431 5.36452
    endloop
  endfacet
  facet normal 0.0598654 -0.144528 0.987688
    outer loop
      vertex 13.9776 6.08955 5.36452
      vertex 14.7263 6.69621 5.40791
      vertex 13.8728 6.34266 5.40791
    endloop
  endfacet
  facet normal 0.020028 -0.0483518 0.99863
    outer loop
      vertex 14.872 6.34463 5.35893
      vertex 14.0836 5.83363 5.35
      vertex 14.9372 6.18718 5.35
    endloop
  endfacet
  facet normal 0.0200276 -0.0483512 0.99863
    outer loop
      vertex 14.0836 5.83363 5.35
      vertex 14.872 6.34463 5.35893
      vertex 13.9988 6.03836 5.36161
    endloop
  endfacet
  facet normal 0.340974 -0.823183 0.453989
    outer loop
      vertex 13.2054 7.9539 6.675
      vertex 14.0404 8.35222 6.7701
      vertex 13.1957 7.97717 6.72443
    endloop
  endfacet
  facet normal 0.340973 -0.823182 0.453992
    outer loop
      vertex 14.0404 8.35222 6.7701
      vertex 13.2054 7.9539 6.675
      vertex 14.0589 8.30746 6.675
    endloop
  endfacet
  facet normal 0.320946 -0.774833 0.544634
    outer loop
      vertex 13.2169 7.92599 6.62847
      vertex 14.0589 8.30746 6.675
      vertex 13.2054 7.9539 6.675
    endloop
  endfacet
  facet normal 0.320946 -0.774834 0.544634
    outer loop
      vertex 14.0589 8.30746 6.675
      vertex 13.2169 7.92599 6.62847
      vertex 14.0812 8.25375 6.58549
    endloop
  endfacet
  facet normal 0.020028 -0.0483509 -0.99863
    outer loop
      vertex 13.9988 6.03836 10.6384
      vertex 14.8312 6.4431 10.6355
      vertex 14.872 6.34463 10.6411
    endloop
  endfacet
  facet normal 0.0200253 -0.0483454 -0.99863
    outer loop
      vertex 14.8312 6.4431 10.6355
      vertex 13.9988 6.03836 10.6384
      vertex 13.9776 6.08955 10.6355
    endloop
  endfacet
  facet normal 0.020028 -0.0483518 -0.99863
    outer loop
      vertex 14.0836 5.83363 10.65
      vertex 14.872 6.34463 10.6411
      vertex 14.9372 6.18718 10.65
    endloop
  endfacet
  facet normal 0.0200288 -0.0483531 -0.998629
    outer loop
      vertex 14.872 6.34463 10.6411
      vertex 14.0836 5.83363 10.65
      vertex 13.9988 6.03836 10.6384
    endloop
  endfacet
  facet normal -0.208424 0.503181 -0.838671
    outer loop
      vertex 14.5907 4.60949 10.295
      vertex 15.499 4.83082 10.202
      vertex 14.6619 4.43755 10.1741
    endloop
  endfacet
  facet normal -0.208424 0.503179 -0.838672
    outer loop
      vertex 15.499 4.83082 10.202
      vertex 14.5907 4.60949 10.295
      vertex 15.4442 4.96304 10.295
    endloop
  endfacet
  facet normal -0.24083 0.581416 -0.777146
    outer loop
      vertex 14.7457 4.23524 10.0042
      vertex 15.6158 4.54896 9.96933
      vertex 14.7622 4.19541 9.96933
    endloop
  endfacet
  facet normal -0.24083 0.581415 -0.777147
    outer loop
      vertex 15.6158 4.54896 9.96933
      vertex 14.7457 4.23524 10.0042
      vertex 15.584 4.62559 10.0365
    endloop
  endfacet
  facet normal -0.340974 0.823185 -0.453986
    outer loop
      vertex 15.8154 4.06691 9.325
      vertex 14.9715 3.69009 9.27557
      vertex 14.9619 3.71336 9.325
    endloop
  endfacet
  facet normal -0.340973 0.823183 -0.453991
    outer loop
      vertex 14.9715 3.69009 9.27557
      vertex 15.8154 4.06691 9.325
      vertex 15.834 4.02215 9.2299
    endloop
  endfacet
  facet normal -0.0990466 0.239119 0.965925
    outer loop
      vertex 14.3765 5.12658 5.46534
      vertex 15.2506 5.43062 5.4797
      vertex 15.2111 5.52587 5.45208
    endloop
  endfacet
  facet normal -0.099048 0.239123 0.965924
    outer loop
      vertex 15.2506 5.43062 5.4797
      vertex 14.3765 5.12658 5.46534
      vertex 14.397 5.07707 5.4797
    endloop
  endfacet
  facet normal -0.297401 0.717989 0.629321
    outer loop
      vertex 15.7165 4.3057 6.30975
      vertex 14.9041 3.85293 6.44237
      vertex 15.7576 4.20648 6.44237
    endloop
  endfacet
  facet normal -0.2974 0.717988 0.629322
    outer loop
      vertex 14.9041 3.85293 6.44237
      vertex 15.7165 4.3057 6.30975
      vertex 14.8506 3.98195 6.26992
    endloop
  endfacet
  facet normal 0.377972 -0.912505 0.156434
    outer loop
      vertex 13.0884 8.23643 7.50383
      vertex 13.9286 8.62205 7.723
      vertex 13.0751 8.2685 7.723
    endloop
  endfacet
  facet normal 0.377972 -0.912505 0.156436
    outer loop
      vertex 13.9286 8.62205 7.723
      vertex 13.0884 8.23643 7.50383
      vertex 13.9388 8.59739 7.55445
    endloop
  endfacet
  facet normal 0.297401 -0.717988 0.629321
    outer loop
      vertex 13.33 7.65306 6.2268
      vertex 14.1578 8.06867 6.30975
      vertex 13.3166 7.68531 6.26992
    endloop
  endfacet
  facet normal 0.2974 -0.717987 0.629324
    outer loop
      vertex 14.1578 8.06867 6.30975
      vertex 13.33 7.65306 6.2268
      vertex 14.1836 8.00661 6.2268
    endloop
  endfacet
  facet normal 0.208425 -0.503182 0.838669
    outer loop
      vertex 14.3411 7.62625 5.8561
      vertex 13.5054 7.22971 5.82589
      vertex 14.3754 7.54355 5.79798
    endloop
  endfacet
  facet normal 0.208424 -0.503179 0.838672
    outer loop
      vertex 13.5054 7.22971 5.82589
      vertex 14.3411 7.62625 5.8561
      vertex 13.4876 7.27269 5.8561
    endloop
  endfacet
  facet normal -0.0200276 0.0483513 0.99863
    outer loop
      vertex 14.9372 6.18718 5.35
      vertex 14.1048 5.78245 5.3529
      vertex 14.978 6.08871 5.35559
    endloop
  endfacet
  facet normal -0.0200284 0.0483529 0.998629
    outer loop
      vertex 14.1048 5.78245 5.3529
      vertex 14.9372 6.18718 5.35
      vertex 14.0836 5.83363 5.35
    endloop
  endfacet
  facet normal 0.320944 -0.774829 -0.544642
    outer loop
      vertex 13.2632 7.81433 9.55763
      vertex 14.0812 8.25375 9.41451
      vertex 14.1168 8.16788 9.55763
    endloop
  endfacet
  facet normal 0.320945 -0.77483 -0.544639
    outer loop
      vertex 14.0812 8.25375 9.41451
      vertex 13.2632 7.81433 9.55763
      vertex 13.2169 7.92599 9.37153
    endloop
  endfacet
  facet normal 0.24083 -0.581416 0.777146
    outer loop
      vertex 13.4051 7.47185 6.03067
      vertex 14.3094 7.70288 5.92327
      vertex 14.2586 7.8254 6.03067
    endloop
  endfacet
  facet normal 0.24083 -0.581416 0.777146
    outer loop
      vertex 14.3094 7.70288 5.92327
      vertex 13.4051 7.47185 6.03067
      vertex 13.4711 7.31253 5.89102
    endloop
  endfacet
  facet normal 0.0990462 -0.239118 0.965926
    outer loop
      vertex 13.8523 6.39216 5.42227
      vertex 14.7263 6.69621 5.40791
      vertex 14.6869 6.79146 5.43553
    endloop
  endfacet
  facet normal 0.0990472 -0.239121 0.965925
    outer loop
      vertex 14.7263 6.69621 5.40791
      vertex 13.8523 6.39216 5.42227
      vertex 13.8728 6.34266 5.40791
    endloop
  endfacet
  facet normal 0.137141 -0.331087 0.933581
    outer loop
      vertex 14.5628 7.09093 5.54086
      vertex 13.7703 6.59019 5.4797
      vertex 14.6238 6.94374 5.4797
    endloop
  endfacet
  facet normal 0.137142 -0.331089 0.93358
    outer loop
      vertex 13.7703 6.59019 5.4797
      vertex 14.5628 7.09093 5.54086
      vertex 13.691 6.78159 5.55922
    endloop
  endfacet
  facet normal 0.340973 -0.823183 0.453991
    outer loop
      vertex 13.1957 7.97717 6.72443
      vertex 14.0107 8.4238 6.92215
      vertex 13.1572 8.07025 6.92215
    endloop
  endfacet
  facet normal 0.340974 -0.823184 0.453988
    outer loop
      vertex 14.0107 8.4238 6.92215
      vertex 13.1957 7.97717 6.72443
      vertex 14.0404 8.35222 6.7701
    endloop
  endfacet
  facet normal 0.137141 -0.331089 -0.933581
    outer loop
      vertex 13.691 6.78159 10.4408
      vertex 14.5247 7.18299 10.4209
      vertex 14.5628 7.09093 10.4591
    endloop
  endfacet
  facet normal 0.137144 -0.331095 -0.933578
    outer loop
      vertex 14.5247 7.18299 10.4209
      vertex 13.691 6.78159 10.4408
      vertex 13.6712 6.82944 10.4209
    endloop
  endfacet
  facet normal 0.0990457 -0.239118 -0.965926
    outer loop
      vertex 13.7703 6.59019 10.5203
      vertex 14.6869 6.79146 10.5645
      vertex 13.8523 6.39216 10.5777
    endloop
  endfacet
  facet normal 0.0990454 -0.239117 -0.965926
    outer loop
      vertex 14.6869 6.79146 10.5645
      vertex 13.7703 6.59019 10.5203
      vertex 14.6238 6.94374 10.5203
    endloop
  endfacet
  facet normal -0.0990455 0.239118 -0.965926
    outer loop
      vertex 14.2945 5.3246 10.5921
      vertex 15.2111 5.52587 10.5479
      vertex 14.3765 5.12658 10.5347
    endloop
  endfacet
  facet normal -0.0990451 0.239116 -0.965926
    outer loop
      vertex 15.2111 5.52587 10.5479
      vertex 14.2945 5.3246 10.5921
      vertex 15.148 5.67816 10.5921
    endloop
  endfacet
  facet normal -0.099048 0.239123 -0.965924
    outer loop
      vertex 14.3765 5.12658 10.5347
      vertex 15.2506 5.43062 10.5203
      vertex 14.397 5.07707 10.5203
    endloop
  endfacet
  facet normal -0.099048 0.239123 -0.965924
    outer loop
      vertex 15.2506 5.43062 10.5203
      vertex 14.3765 5.12658 10.5347
      vertex 15.2111 5.52587 10.5479
    endloop
  endfacet
  facet normal -0.340973 0.823183 -0.453989
    outer loop
      vertex 15.0101 3.59702 9.07785
      vertex 15.834 4.02215 9.2299
      vertex 15.8636 3.95057 9.07785
    endloop
  endfacet
  facet normal -0.340973 0.823183 -0.453989
    outer loop
      vertex 15.834 4.02215 9.2299
      vertex 15.0101 3.59702 9.07785
      vertex 14.9715 3.69009 9.27557
    endloop
  endfacet
  facet normal -0.369643 0.892398 -0.258823
    outer loop
      vertex 15.0701 3.45212 8.60455
      vertex 15.9017 3.85873 8.81889
      vertex 15.9186 3.81792 8.65406
    endloop
  endfacet
  facet normal -0.369644 0.892399 -0.25882
    outer loop
      vertex 15.9017 3.85873 8.81889
      vertex 15.0701 3.45212 8.60455
      vertex 15.0481 3.50518 8.81889
    endloop
  endfacet
  facet normal -0.382159 0.922613 0.0523375
    outer loop
      vertex 15.9457 3.75232 7.723
      vertex 15.0933 3.39608 7.7784
      vertex 15.9479 3.74715 7.82958
    endloop
  endfacet
  facet normal -0.382159 0.922613 0.0523363
    outer loop
      vertex 15.0933 3.39608 7.7784
      vertex 15.9457 3.75232 7.723
      vertex 15.0922 3.39876 7.723
    endloop
  endfacet
  facet normal -0.270598 0.653282 0.707106
    outer loop
      vertex 15.6158 4.54896 6.03067
      vertex 14.7772 4.15917 6.06989
      vertex 15.6446 4.47924 6.10613
    endloop
  endfacet
  facet normal -0.270598 0.653281 0.707108
    outer loop
      vertex 14.7772 4.15917 6.06989
      vertex 15.6158 4.54896 6.03067
      vertex 14.7622 4.19541 6.03067
    endloop
  endfacet
  facet normal -0.240831 0.581417 0.777145
    outer loop
      vertex 14.7457 4.23524 5.99575
      vertex 15.6158 4.54896 6.03067
      vertex 15.584 4.62559 5.9635
    endloop
  endfacet
  facet normal -0.24083 0.581416 0.777146
    outer loop
      vertex 15.6158 4.54896 6.03067
      vertex 14.7457 4.23524 5.99575
      vertex 14.7622 4.19541 6.03067
    endloop
  endfacet
  facet normal -0.369643 0.892398 0.258822
    outer loop
      vertex 15.9017 3.85873 7.1811
      vertex 15.0701 3.45212 7.39545
      vertex 15.9186 3.81792 7.34594
    endloop
  endfacet
  facet normal -0.369644 0.892399 0.25882
    outer loop
      vertex 15.0701 3.45212 7.39545
      vertex 15.9017 3.85873 7.1811
      vertex 15.0481 3.50518 7.1811
    endloop
  endfacet
  facet normal -0.357266 0.862516 0.358368
    outer loop
      vertex 15.8636 3.95057 6.92215
      vertex 15.0481 3.50518 7.1811
      vertex 15.9017 3.85873 7.1811
    endloop
  endfacet
  facet normal -0.357265 0.862515 0.35837
    outer loop
      vertex 15.0481 3.50518 7.1811
      vertex 15.8636 3.95057 6.92215
      vertex 15.0101 3.59702 6.92215
    endloop
  endfacet
  facet normal -0.0990461 0.239118 0.965926
    outer loop
      vertex 14.2945 5.3246 5.40791
      vertex 15.2111 5.52587 5.45208
      vertex 15.148 5.67816 5.40791
    endloop
  endfacet
  facet normal -0.0990459 0.239117 0.965926
    outer loop
      vertex 15.2111 5.52587 5.45208
      vertex 14.2945 5.3246 5.40791
      vertex 14.3765 5.12658 5.46534
    endloop
  endfacet
  facet normal -0.0598654 0.144528 0.987688
    outer loop
      vertex 15.0432 5.93127 5.36452
      vertex 14.2945 5.3246 5.40791
      vertex 15.148 5.67816 5.40791
    endloop
  endfacet
  facet normal -0.0598654 0.144528 0.987688
    outer loop
      vertex 14.2945 5.3246 5.40791
      vertex 15.0432 5.93127 5.36452
      vertex 14.1896 5.57772 5.36452
    endloop
  endfacet
  facet normal -0.173734 0.41943 0.891008
    outer loop
      vertex 15.3497 5.19138 5.5791
      vertex 14.515 4.79216 5.60429
      vertex 15.3861 5.10352 5.62756
    endloop
  endfacet
  facet normal -0.173734 0.41943 0.891008
    outer loop
      vertex 14.515 4.79216 5.60429
      vertex 15.3497 5.19138 5.5791
      vertex 14.4961 4.83782 5.5791
    endloop
  endfacet
  facet normal -0.340973 0.823183 0.453991
    outer loop
      vertex 15.8154 4.06691 6.675
      vertex 14.9715 3.69009 6.72443
      vertex 15.834 4.02215 6.7701
    endloop
  endfacet
  facet normal -0.340974 0.823185 0.453986
    outer loop
      vertex 14.9715 3.69009 6.72443
      vertex 15.8154 4.06691 6.675
      vertex 14.9619 3.71336 6.675
    endloop
  endfacet
  facet normal -0.270599 0.653284 0.707104
    outer loop
      vertex 15.6446 4.47924 6.10613
      vertex 14.8373 4.0142 6.2268
      vertex 15.6908 4.36776 6.2268
    endloop
  endfacet
  facet normal -0.270599 0.653284 0.707104
    outer loop
      vertex 14.8373 4.0142 6.2268
      vertex 15.6446 4.47924 6.10613
      vertex 14.7772 4.15917 6.06989
    endloop
  endfacet
  facet normal -0.173735 0.419435 0.891005
    outer loop
      vertex 15.3861 5.10352 5.62756
      vertex 14.5907 4.60949 5.70503
      vertex 15.4442 4.96304 5.70503
    endloop
  endfacet
  facet normal -0.173735 0.419434 0.891006
    outer loop
      vertex 14.5907 4.60949 5.70503
      vertex 15.3861 5.10352 5.62756
      vertex 14.515 4.79216 5.60429
    endloop
  endfacet
  facet normal -0.208424 0.503181 0.83867
    outer loop
      vertex 14.5907 4.60949 5.70503
      vertex 15.499 4.83082 5.79798
      vertex 15.4442 4.96304 5.70503
    endloop
  endfacet
  facet normal -0.208424 0.503181 0.838671
    outer loop
      vertex 15.499 4.83082 5.79798
      vertex 14.5907 4.60949 5.70503
      vertex 14.6619 4.43755 5.82589
    endloop
  endfacet
  facet normal 0.377972 -0.912505 0.156435
    outer loop
      vertex 13.0917 8.22841 7.44903
      vertex 13.9388 8.59739 7.55445
      vertex 13.0884 8.23643 7.50383
    endloop
  endfacet
  facet normal 0.377971 -0.912505 0.156439
    outer loop
      vertex 13.9388 8.59739 7.55445
      vertex 13.0917 8.22841 7.44903
      vertex 13.9452 8.58196 7.44903
    endloop
  endfacet
  facet normal 0.369643 -0.892399 0.258819
    outer loop
      vertex 13.1192 8.16208 7.1811
      vertex 13.9452 8.58196 7.44903
      vertex 13.0917 8.22841 7.44903
    endloop
  endfacet
  facet normal 0.369644 -0.892399 0.258818
    outer loop
      vertex 13.9452 8.58196 7.44903
      vertex 13.1192 8.16208 7.1811
      vertex 13.9727 8.51564 7.1811
    endloop
  endfacet
  facet normal 0.320945 -0.77483 0.544639
    outer loop
      vertex 13.2632 7.81433 6.44237
      vertex 14.0812 8.25375 6.58549
      vertex 13.2169 7.92599 6.62847
    endloop
  endfacet
  facet normal 0.320944 -0.774829 0.544642
    outer loop
      vertex 14.0812 8.25375 6.58549
      vertex 13.2632 7.81433 6.44237
      vertex 14.1168 8.16788 6.44237
    endloop
  endfacet
  facet normal 0.2974 -0.717988 0.629322
    outer loop
      vertex 13.3166 7.68531 6.26992
      vertex 14.1168 8.16788 6.44237
      vertex 13.2632 7.81433 6.44237
    endloop
  endfacet
  facet normal 0.297401 -0.717989 0.62932
    outer loop
      vertex 14.1168 8.16788 6.44237
      vertex 13.3166 7.68531 6.26992
      vertex 14.1578 8.06867 6.30975
    endloop
  endfacet
  facet normal 0.208424 -0.503179 0.838672
    outer loop
      vertex 14.3754 7.54355 5.79798
      vertex 13.5766 7.05777 5.70503
      vertex 14.4301 7.41132 5.70503
    endloop
  endfacet
  facet normal 0.208425 -0.503181 0.838671
    outer loop
      vertex 13.5766 7.05777 5.70503
      vertex 14.3754 7.54355 5.79798
      vertex 13.5054 7.22971 5.82589
    endloop
  endfacet
  facet normal 0.173734 -0.419432 0.891007
    outer loop
      vertex 13.5766 7.05777 5.70503
      vertex 14.4883 7.27085 5.62756
      vertex 14.4301 7.41132 5.70503
    endloop
  endfacet
  facet normal 0.173735 -0.419432 0.891007
    outer loop
      vertex 14.4883 7.27085 5.62756
      vertex 13.5766 7.05777 5.70503
      vertex 13.6522 6.8751 5.60429
    endloop
  endfacet
  facet normal 0.340974 -0.823183 -0.453989
    outer loop
      vertex 14.0404 8.35222 9.2299
      vertex 13.2054 7.9539 9.325
      vertex 13.1957 7.97717 9.27557
    endloop
  endfacet
  facet normal 0.340973 -0.823181 -0.453994
    outer loop
      vertex 13.2054 7.9539 9.325
      vertex 14.0404 8.35222 9.2299
      vertex 14.0589 8.30746 9.325
    endloop
  endfacet
  facet normal 0.377972 -0.912505 -0.156434
    outer loop
      vertex 13.9388 8.59739 8.44555
      vertex 13.0917 8.22841 8.55097
      vertex 13.0884 8.23643 8.49617
    endloop
  endfacet
  facet normal 0.377971 -0.912505 -0.156439
    outer loop
      vertex 13.0917 8.22841 8.55097
      vertex 13.9388 8.59739 8.44555
      vertex 13.9452 8.58196 8.55097
    endloop
  endfacet
  facet normal 0.369643 -0.892399 -0.258819
    outer loop
      vertex 13.9452 8.58196 8.55097
      vertex 13.1192 8.16208 8.81889
      vertex 13.0917 8.22841 8.55097
    endloop
  endfacet
  facet normal 0.369644 -0.892399 -0.258818
    outer loop
      vertex 13.1192 8.16208 8.81889
      vertex 13.9452 8.58196 8.55097
      vertex 13.9727 8.51564 8.81889
    endloop
  endfacet
  facet normal 0.382159 -0.922613 -0.0523356
    outer loop
      vertex 13.0751 8.2685 8.277
      vertex 13.9252 8.6303 8.10658
      vertex 13.9286 8.62205 8.277
    endloop
  endfacet
  facet normal 0.382159 -0.922613 -0.0523382
    outer loop
      vertex 13.9252 8.6303 8.10658
      vertex 13.0751 8.2685 8.277
      vertex 13.0706 8.27923 8.0554
    endloop
  endfacet
  facet normal 0.24083 -0.581416 -0.777146
    outer loop
      vertex 13.4711 7.31253 10.109
      vertex 14.3411 7.62625 10.1439
      vertex 13.4876 7.27269 10.1439
    endloop
  endfacet
  facet normal 0.24083 -0.581413 -0.777149
    outer loop
      vertex 14.3411 7.62625 10.1439
      vertex 13.4711 7.31253 10.109
      vertex 14.3094 7.70288 10.0767
    endloop
  endfacet
  facet normal 0.173735 -0.419433 -0.891007
    outer loop
      vertex 13.6522 6.8751 10.3957
      vertex 14.5247 7.18299 10.4209
      vertex 13.6712 6.82944 10.4209
    endloop
  endfacet
  facet normal 0.173734 -0.419432 -0.891007
    outer loop
      vertex 14.5247 7.18299 10.4209
      vertex 13.6522 6.8751 10.3957
      vertex 14.4883 7.27085 10.3724
    endloop
  endfacet
  facet normal 0.208425 -0.503182 -0.838669
    outer loop
      vertex 13.5054 7.22971 10.1741
      vertex 14.3411 7.62625 10.1439
      vertex 14.3754 7.54355 10.202
    endloop
  endfacet
  facet normal 0.208424 -0.503179 -0.838672
    outer loop
      vertex 14.3411 7.62625 10.1439
      vertex 13.5054 7.22971 10.1741
      vertex 13.4876 7.27269 10.1439
    endloop
  endfacet
  facet normal 0.0990464 -0.239119 0.965925
    outer loop
      vertex 13.7703 6.59019 5.4797
      vertex 14.6869 6.79146 5.43553
      vertex 14.6238 6.94374 5.4797
    endloop
  endfacet
  facet normal 0.0990461 -0.239118 0.965926
    outer loop
      vertex 14.6869 6.79146 5.43553
      vertex 13.7703 6.59019 5.4797
      vertex 13.8523 6.39216 5.42227
    endloop
  endfacet
  facet normal 0.0990472 -0.239121 -0.965925
    outer loop
      vertex 13.8523 6.39216 10.5777
      vertex 14.7263 6.69621 10.5921
      vertex 13.8728 6.34266 10.5921
    endloop
  endfacet
  facet normal 0.0990475 -0.239122 -0.965925
    outer loop
      vertex 14.7263 6.69621 10.5921
      vertex 13.8523 6.39216 10.5777
      vertex 14.6869 6.79146 10.5645
    endloop
  endfacet
  facet normal 0.137142 -0.33109 -0.93358
    outer loop
      vertex 13.7703 6.59019 10.5203
      vertex 14.5628 7.09093 10.4591
      vertex 14.6238 6.94374 10.5203
    endloop
  endfacet
  facet normal 0.13714 -0.331087 -0.933581
    outer loop
      vertex 14.5628 7.09093 10.4591
      vertex 13.7703 6.59019 10.5203
      vertex 13.691 6.78159 10.4408
    endloop
  endfacet
  facet normal -0.0200281 0.0483511 -0.99863
    outer loop
      vertex 14.1048 5.78245 10.6471
      vertex 14.9372 6.18718 10.65
      vertex 14.978 6.08871 10.6444
    endloop
  endfacet
  facet normal -0.0200251 0.048345 -0.99863
    outer loop
      vertex 14.9372 6.18718 10.65
      vertex 14.1048 5.78245 10.6471
      vertex 14.0836 5.83363 10.65
    endloop
  endfacet
  facet normal -0.0598654 0.144528 -0.987688
    outer loop
      vertex 14.2945 5.3246 10.5921
      vertex 15.0432 5.93127 10.6355
      vertex 15.148 5.67816 10.5921
    endloop
  endfacet
  facet normal -0.0598654 0.144528 -0.987688
    outer loop
      vertex 15.0432 5.93127 10.6355
      vertex 14.2945 5.3246 10.5921
      vertex 14.1896 5.57772 10.6355
    endloop
  endfacet
  facet normal -0.020028 0.0483519 -0.99863
    outer loop
      vertex 14.1896 5.57772 10.6355
      vertex 14.978 6.08871 10.6444
      vertex 15.0432 5.93127 10.6355
    endloop
  endfacet
  facet normal -0.0200288 0.0483531 -0.998629
    outer loop
      vertex 14.978 6.08871 10.6444
      vertex 14.1896 5.57772 10.6355
      vertex 14.1048 5.78245 10.6471
    endloop
  endfacet
  facet normal -0.208424 0.503179 -0.838672
    outer loop
      vertex 14.6619 4.43755 10.1741
      vertex 15.5333 4.74812 10.1439
      vertex 14.6797 4.39457 10.1439
    endloop
  endfacet
  facet normal -0.208425 0.503184 -0.838668
    outer loop
      vertex 15.5333 4.74812 10.1439
      vertex 14.6619 4.43755 10.1741
      vertex 15.499 4.83082 10.202
    endloop
  endfacet
  facet normal -0.297401 0.717988 -0.629321
    outer loop
      vertex 15.6908 4.36776 9.7732
      vertex 14.8506 3.98195 9.73008
      vertex 14.8373 4.0142 9.7732
    endloop
  endfacet
  facet normal -0.2974 0.717987 -0.629324
    outer loop
      vertex 14.8506 3.98195 9.73008
      vertex 15.6908 4.36776 9.7732
      vertex 15.7165 4.3057 9.69025
    endloop
  endfacet
  facet normal -0.297401 0.717989 -0.629321
    outer loop
      vertex 14.9041 3.85293 9.55763
      vertex 15.7165 4.3057 9.69025
      vertex 15.7576 4.20648 9.55763
    endloop
  endfacet
  facet normal -0.2974 0.717988 -0.629322
    outer loop
      vertex 15.7165 4.3057 9.69025
      vertex 14.9041 3.85293 9.55763
      vertex 14.8506 3.98195 9.73008
    endloop
  endfacet
  facet normal -0.320946 0.774832 -0.544637
    outer loop
      vertex 14.9619 3.71336 9.325
      vertex 15.7932 4.12062 9.41451
      vertex 15.8154 4.06691 9.325
    endloop
  endfacet
  facet normal -0.320945 0.77483 -0.54464
    outer loop
      vertex 15.7932 4.12062 9.41451
      vertex 14.9619 3.71336 9.325
      vertex 14.9503 3.74127 9.37153
    endloop
  endfacet
  facet normal -0.320945 0.774831 -0.544639
    outer loop
      vertex 14.9503 3.74127 9.37153
      vertex 15.7576 4.20648 9.55763
      vertex 15.7932 4.12062 9.41451
    endloop
  endfacet
  facet normal -0.320945 0.774831 -0.544638
    outer loop
      vertex 15.7576 4.20648 9.55763
      vertex 14.9503 3.74127 9.37153
      vertex 14.9041 3.85293 9.55763
    endloop
  endfacet
  facet normal -0.369645 0.8924 -0.258815
    outer loop
      vertex 15.0756 3.43885 8.55097
      vertex 15.9186 3.81792 8.65406
      vertex 15.9291 3.7924 8.55097
    endloop
  endfacet
  facet normal -0.369643 0.892399 -0.258822
    outer loop
      vertex 15.9186 3.81792 8.65406
      vertex 15.0756 3.43885 8.55097
      vertex 15.0701 3.45212 8.60455
    endloop
  endfacet
  facet normal -0.382159 0.922613 0.0523366
    outer loop
      vertex 15.9479 3.74715 7.82958
      vertex 15.0977 3.38535 8
      vertex 15.9513 3.7389 8
    endloop
  endfacet
  facet normal -0.382159 0.922613 0.0523355
    outer loop
      vertex 15.0977 3.38535 8
      vertex 15.9479 3.74715 7.82958
      vertex 15.0933 3.39608 7.7784
    endloop
  endfacet
  facet normal -0.382159 0.922613 -0.0523369
    outer loop
      vertex 15.0977 3.38535 8
      vertex 15.9479 3.74715 8.17042
      vertex 15.9513 3.7389 8
    endloop
  endfacet
  facet normal -0.382159 0.922613 -0.0523356
    outer loop
      vertex 15.9479 3.74715 8.17042
      vertex 15.0977 3.38535 8
      vertex 15.0933 3.39608 8.2216
    endloop
  endfacet
  facet normal -0.320946 0.774832 0.544637
    outer loop
      vertex 15.7932 4.12062 6.58549
      vertex 14.9619 3.71336 6.675
      vertex 15.8154 4.06691 6.675
    endloop
  endfacet
  facet normal -0.320945 0.77483 0.54464
    outer loop
      vertex 14.9619 3.71336 6.675
      vertex 15.7932 4.12062 6.58549
      vertex 14.9503 3.74127 6.62847
    endloop
  endfacet
  facet normal -0.137141 0.331089 0.933581
    outer loop
      vertex 14.4763 4.88567 5.55922
      vertex 15.3497 5.19138 5.5791
      vertex 15.3115 5.28343 5.54086
    endloop
  endfacet
  facet normal -0.137141 0.331088 0.933581
    outer loop
      vertex 15.3497 5.19138 5.5791
      vertex 14.4763 4.88567 5.55922
      vertex 14.4961 4.83782 5.5791
    endloop
  endfacet
  facet normal -0.240829 0.581413 0.777148
    outer loop
      vertex 14.6797 4.39457 5.8561
      vertex 15.584 4.62559 5.9635
      vertex 15.5333 4.74812 5.8561
    endloop
  endfacet
  facet normal -0.24083 0.581415 0.777147
    outer loop
      vertex 15.584 4.62559 5.9635
      vertex 14.6797 4.39457 5.8561
      vertex 14.7457 4.23524 5.99575
    endloop
  endfacet
  facet normal -0.208424 0.503181 0.83867
    outer loop
      vertex 14.6619 4.43755 5.82589
      vertex 15.5333 4.74812 5.8561
      vertex 15.499 4.83082 5.79798
    endloop
  endfacet
  facet normal -0.208424 0.503179 0.838672
    outer loop
      vertex 15.5333 4.74812 5.8561
      vertex 14.6619 4.43755 5.82589
      vertex 14.6797 4.39457 5.8561
    endloop
  endfacet
  facet normal 0.340973 -0.823183 -0.453991
    outer loop
      vertex 14.0107 8.4238 9.07785
      vertex 13.1957 7.97717 9.27557
      vertex 13.1572 8.07025 9.07785
    endloop
  endfacet
  facet normal 0.340975 -0.823184 -0.453986
    outer loop
      vertex 13.1957 7.97717 9.27557
      vertex 14.0107 8.4238 9.07785
      vertex 14.0404 8.35222 9.2299
    endloop
  endfacet
  facet normal 0.357266 -0.862516 -0.358367
    outer loop
      vertex 13.9727 8.51564 8.81889
      vertex 13.1572 8.07025 9.07785
      vertex 13.1192 8.16208 8.81889
    endloop
  endfacet
  facet normal 0.357265 -0.862516 -0.358369
    outer loop
      vertex 13.1572 8.07025 9.07785
      vertex 13.9727 8.51564 8.81889
      vertex 14.0107 8.4238 9.07785
    endloop
  endfacet
  facet normal 0.240831 -0.581416 -0.777146
    outer loop
      vertex 13.4051 7.47185 9.96933
      vertex 14.3094 7.70288 10.0767
      vertex 13.4711 7.31253 10.109
    endloop
  endfacet
  facet normal 0.240831 -0.581417 -0.777145
    outer loop
      vertex 14.3094 7.70288 10.0767
      vertex 13.4051 7.47185 9.96933
      vertex 14.2586 7.8254 9.96933
    endloop
  endfacet
  facet normal 0.270599 -0.653284 -0.707104
    outer loop
      vertex 13.4051 7.47185 9.96933
      vertex 14.2124 7.93689 9.84866
      vertex 14.2586 7.8254 9.96933
    endloop
  endfacet
  facet normal 0.270598 -0.653283 -0.707105
    outer loop
      vertex 14.2124 7.93689 9.84866
      vertex 13.4051 7.47185 9.96933
      vertex 13.345 7.61682 9.81242
    endloop
  endfacet
  facet normal 0.173735 -0.419432 -0.891007
    outer loop
      vertex 13.5766 7.05777 10.295
      vertex 14.4883 7.27085 10.3724
      vertex 13.6522 6.8751 10.3957
    endloop
  endfacet
  facet normal 0.173734 -0.419432 -0.891007
    outer loop
      vertex 14.4883 7.27085 10.3724
      vertex 13.5766 7.05777 10.295
      vertex 14.4301 7.41132 10.295
    endloop
  endfacet
  facet normal 0.208424 -0.503179 -0.838672
    outer loop
      vertex 13.5766 7.05777 10.295
      vertex 14.3754 7.54355 10.202
      vertex 14.4301 7.41132 10.295
    endloop
  endfacet
  facet normal 0.208425 -0.503181 -0.838671
    outer loop
      vertex 14.3754 7.54355 10.202
      vertex 13.5766 7.05777 10.295
      vertex 13.5054 7.22971 10.1741
    endloop
  endfacet
  facet normal -0.173735 0.419433 -0.891007
    outer loop
      vertex 14.5907 4.60949 10.295
      vertex 15.3861 5.10352 10.3724
      vertex 15.4442 4.96304 10.295
    endloop
  endfacet
  facet normal -0.173735 0.419434 -0.891006
    outer loop
      vertex 15.3861 5.10352 10.3724
      vertex 14.5907 4.60949 10.295
      vertex 14.515 4.79216 10.3957
    endloop
  endfacet
  facet normal -0.173735 0.419433 -0.891006
    outer loop
      vertex 14.515 4.79216 10.3957
      vertex 15.3497 5.19138 10.4209
      vertex 15.3861 5.10352 10.3724
    endloop
  endfacet
  facet normal -0.173734 0.41943 -0.891008
    outer loop
      vertex 15.3497 5.19138 10.4209
      vertex 14.515 4.79216 10.3957
      vertex 14.4961 4.83782 10.4209
    endloop
  endfacet
  facet normal -0.24083 0.581415 -0.777147
    outer loop
      vertex 14.6797 4.39457 10.1439
      vertex 15.584 4.62559 10.0365
      vertex 14.7457 4.23524 10.0042
    endloop
  endfacet
  facet normal -0.24083 0.581415 -0.777147
    outer loop
      vertex 15.584 4.62559 10.0365
      vertex 14.6797 4.39457 10.1439
      vertex 15.5333 4.74812 10.1439
    endloop
  endfacet
  facet normal -0.137141 0.331086 -0.933581
    outer loop
      vertex 14.397 5.07707 10.5203
      vertex 15.3115 5.28343 10.4591
      vertex 14.4763 4.88567 10.4408
    endloop
  endfacet
  facet normal -0.137142 0.33109 -0.93358
    outer loop
      vertex 15.3115 5.28343 10.4591
      vertex 14.397 5.07707 10.5203
      vertex 15.2506 5.43062 10.5203
    endloop
  endfacet
  facet normal -0.137144 0.331095 -0.933578
    outer loop
      vertex 14.4763 4.88567 10.4408
      vertex 15.3497 5.19138 10.4209
      vertex 14.4961 4.83782 10.4209
    endloop
  endfacet
  facet normal -0.13714 0.331085 -0.933582
    outer loop
      vertex 15.3497 5.19138 10.4209
      vertex 14.4763 4.88567 10.4408
      vertex 15.3115 5.28343 10.4591
    endloop
  endfacet
  facet normal 0.320946 -0.774833 -0.544634
    outer loop
      vertex 14.0589 8.30746 9.325
      vertex 13.2169 7.92599 9.37153
      vertex 13.2054 7.9539 9.325
    endloop
  endfacet
  facet normal 0.320946 -0.774834 -0.544634
    outer loop
      vertex 13.2169 7.92599 9.37153
      vertex 14.0589 8.30746 9.325
      vertex 14.0812 8.25375 9.41451
    endloop
  endfacet
  facet normal -0.020028 -0.0483519 0.99863
    outer loop
      vertex 14.1896 -5.57772 5.36452
      vertex 14.978 -6.08871 5.35559
      vertex 15.0432 -5.93127 5.36452
    endloop
  endfacet
  facet normal -0.0200276 -0.0483513 0.99863
    outer loop
      vertex 14.978 -6.08871 5.35559
      vertex 14.1896 -5.57772 5.36452
      vertex 14.1048 -5.78245 5.3529
    endloop
  endfacet
  facet normal -0.0200276 -0.0483513 0.99863
    outer loop
      vertex 14.1048 -5.78245 5.3529
      vertex 14.9372 -6.18718 5.35
      vertex 14.978 -6.08871 5.35559
    endloop
  endfacet
  facet normal -0.0200284 -0.0483529 0.998629
    outer loop
      vertex 14.9372 -6.18718 5.35
      vertex 14.1048 -5.78245 5.3529
      vertex 14.0836 -5.83363 5.35
    endloop
  endfacet
  facet normal -0.369643 -0.892399 -0.258822
    outer loop
      vertex 15.0756 -3.43885 8.55097
      vertex 15.9186 -3.81792 8.65406
      vertex 15.0701 -3.45212 8.60455
    endloop
  endfacet
  facet normal -0.369645 -0.8924 -0.258815
    outer loop
      vertex 15.9186 -3.81792 8.65406
      vertex 15.0756 -3.43885 8.55097
      vertex 15.9291 -3.7924 8.55097
    endloop
  endfacet
  facet normal -0.137141 -0.331088 0.933581
    outer loop
      vertex 14.397 -5.07707 5.4797
      vertex 15.3115 -5.28343 5.54086
      vertex 14.4763 -4.88567 5.55922
    endloop
  endfacet
  facet normal -0.137141 -0.331087 0.933581
    outer loop
      vertex 15.3115 -5.28343 5.54086
      vertex 14.397 -5.07707 5.4797
      vertex 15.2506 -5.43062 5.4797
    endloop
  endfacet
  facet normal -0.297401 -0.717988 0.629321
    outer loop
      vertex 15.6908 -4.36776 6.2268
      vertex 14.8506 -3.98195 6.26992
      vertex 14.8373 -4.0142 6.2268
    endloop
  endfacet
  facet normal -0.2974 -0.717987 0.629324
    outer loop
      vertex 14.8506 -3.98195 6.26992
      vertex 15.6908 -4.36776 6.2268
      vertex 15.7165 -4.3057 6.30975
    endloop
  endfacet
  facet normal -0.377972 -0.912505 -0.156434
    outer loop
      vertex 15.0922 -3.39876 8.277
      vertex 15.9291 -3.7924 8.55097
      vertex 15.0756 -3.43885 8.55097
    endloop
  endfacet
  facet normal -0.377972 -0.912505 -0.156434
    outer loop
      vertex 15.9291 -3.7924 8.55097
      vertex 15.0922 -3.39876 8.277
      vertex 15.9457 -3.75232 8.277
    endloop
  endfacet
  facet normal -0.24083 -0.581415 -0.777147
    outer loop
      vertex 14.7457 -4.23524 10.0042
      vertex 15.6158 -4.54896 9.96933
      vertex 15.584 -4.62559 10.0365
    endloop
  endfacet
  facet normal -0.24083 -0.581416 -0.777146
    outer loop
      vertex 15.6158 -4.54896 9.96933
      vertex 14.7457 -4.23524 10.0042
      vertex 14.7622 -4.19541 9.96933
    endloop
  endfacet
  facet normal 0.24083 0.581416 0.777146
    outer loop
      vertex 13.4051 -7.47185 6.03067
      vertex 14.3094 -7.70288 5.92327
      vertex 13.4711 -7.31253 5.89102
    endloop
  endfacet
  facet normal 0.24083 0.581416 0.777146
    outer loop
      vertex 14.3094 -7.70288 5.92327
      vertex 13.4051 -7.47185 6.03067
      vertex 14.2586 -7.8254 6.03067
    endloop
  endfacet
  facet normal 0.270599 0.653284 0.707104
    outer loop
      vertex 13.345 -7.61682 6.18758
      vertex 14.1836 -8.00661 6.2268
      vertex 14.2124 -7.93689 6.15133
    endloop
  endfacet
  facet normal 0.270598 0.653281 0.707108
    outer loop
      vertex 14.1836 -8.00661 6.2268
      vertex 13.345 -7.61682 6.18758
      vertex 13.33 -7.65306 6.2268
    endloop
  endfacet
  facet normal -0.340974 -0.823185 0.453986
    outer loop
      vertex 15.8154 -4.06691 6.675
      vertex 14.9715 -3.69009 6.72443
      vertex 14.9619 -3.71336 6.675
    endloop
  endfacet
  facet normal -0.340973 -0.823183 0.453991
    outer loop
      vertex 14.9715 -3.69009 6.72443
      vertex 15.8154 -4.06691 6.675
      vertex 15.834 -4.02215 6.7701
    endloop
  endfacet
  facet normal 0.137141 0.331089 -0.933581
    outer loop
      vertex 14.5247 -7.18299 10.4209
      vertex 13.691 -6.78159 10.4408
      vertex 14.5628 -7.09093 10.4591
    endloop
  endfacet
  facet normal 0.137144 0.331095 -0.933578
    outer loop
      vertex 13.691 -6.78159 10.4408
      vertex 14.5247 -7.18299 10.4209
      vertex 13.6712 -6.82944 10.4209
    endloop
  endfacet
  facet normal -0.137141 -0.331088 0.933581
    outer loop
      vertex 14.4763 -4.88567 5.55922
      vertex 15.3497 -5.19138 5.5791
      vertex 14.4961 -4.83782 5.5791
    endloop
  endfacet
  facet normal -0.137141 -0.331089 0.933581
    outer loop
      vertex 15.3497 -5.19138 5.5791
      vertex 14.4763 -4.88567 5.55922
      vertex 15.3115 -5.28343 5.54086
    endloop
  endfacet
  facet normal -0.369644 -0.892399 -0.25882
    outer loop
      vertex 15.0701 -3.45212 8.60455
      vertex 15.9017 -3.85873 8.81889
      vertex 15.0481 -3.50518 8.81889
    endloop
  endfacet
  facet normal -0.369643 -0.892398 -0.258823
    outer loop
      vertex 15.9017 -3.85873 8.81889
      vertex 15.0701 -3.45212 8.60455
      vertex 15.9186 -3.81792 8.65406
    endloop
  endfacet
  facet normal -0.382159 -0.922613 -0.0523368
    outer loop
      vertex 15.0933 -3.39608 8.2216
      vertex 15.9457 -3.75232 8.277
      vertex 15.0922 -3.39876 8.277
    endloop
  endfacet
  facet normal -0.382159 -0.922613 -0.0523375
    outer loop
      vertex 15.9457 -3.75232 8.277
      vertex 15.0933 -3.39608 8.2216
      vertex 15.9479 -3.74715 8.17042
    endloop
  endfacet
  facet normal -0.173735 -0.419435 0.891005
    outer loop
      vertex 14.5907 -4.60949 5.70503
      vertex 15.3861 -5.10352 5.62756
      vertex 15.4442 -4.96304 5.70503
    endloop
  endfacet
  facet normal -0.173735 -0.419434 0.891006
    outer loop
      vertex 15.3861 -5.10352 5.62756
      vertex 14.5907 -4.60949 5.70503
      vertex 14.515 -4.79216 5.60429
    endloop
  endfacet
  facet normal 0.24083 0.581416 0.777146
    outer loop
      vertex 13.4711 -7.31253 5.89102
      vertex 14.3411 -7.62625 5.8561
      vertex 13.4876 -7.27269 5.8561
    endloop
  endfacet
  facet normal 0.24083 0.581416 0.777147
    outer loop
      vertex 14.3411 -7.62625 5.8561
      vertex 13.4711 -7.31253 5.89102
      vertex 14.3094 -7.70288 5.92327
    endloop
  endfacet
  facet normal -0.377972 -0.912505 0.156434
    outer loop
      vertex 15.9291 -3.7924 7.44903
      vertex 15.0922 -3.39876 7.723
      vertex 15.0756 -3.43885 7.44903
    endloop
  endfacet
  facet normal -0.377972 -0.912505 0.156434
    outer loop
      vertex 15.0922 -3.39876 7.723
      vertex 15.9291 -3.7924 7.44903
      vertex 15.9457 -3.75232 7.723
    endloop
  endfacet
  facet normal 0.270599 0.653284 -0.707104
    outer loop
      vertex 14.2124 -7.93689 9.84866
      vertex 13.4051 -7.47185 9.96933
      vertex 14.2586 -7.8254 9.96933
    endloop
  endfacet
  facet normal 0.270598 0.653283 -0.707105
    outer loop
      vertex 13.4051 -7.47185 9.96933
      vertex 14.2124 -7.93689 9.84866
      vertex 13.345 -7.61682 9.81242
    endloop
  endfacet
  facet normal -0.208424 -0.503181 0.838671
    outer loop
      vertex 14.5907 -4.60949 5.70503
      vertex 15.499 -4.83082 5.79798
      vertex 14.6619 -4.43755 5.82589
    endloop
  endfacet
  facet normal -0.208424 -0.503181 0.83867
    outer loop
      vertex 15.499 -4.83082 5.79798
      vertex 14.5907 -4.60949 5.70503
      vertex 15.4442 -4.96304 5.70503
    endloop
  endfacet
  facet normal -0.270599 -0.653284 0.707104
    outer loop
      vertex 14.8373 -4.0142 6.2268
      vertex 15.6446 -4.47924 6.10613
      vertex 15.6908 -4.36776 6.2268
    endloop
  endfacet
  facet normal -0.270599 -0.653284 0.707104
    outer loop
      vertex 15.6446 -4.47924 6.10613
      vertex 14.8373 -4.0142 6.2268
      vertex 14.7772 -4.15917 6.06989
    endloop
  endfacet
  facet normal -0.297401 -0.717989 0.629321
    outer loop
      vertex 14.9041 -3.85293 6.44237
      vertex 15.7165 -4.3057 6.30975
      vertex 15.7576 -4.20648 6.44237
    endloop
  endfacet
  facet normal -0.2974 -0.717988 0.629322
    outer loop
      vertex 15.7165 -4.3057 6.30975
      vertex 14.9041 -3.85293 6.44237
      vertex 14.8506 -3.98195 6.26992
    endloop
  endfacet
  facet normal -0.297401 -0.717988 -0.629321
    outer loop
      vertex 14.8506 -3.98195 9.73008
      vertex 15.6908 -4.36776 9.7732
      vertex 14.8373 -4.0142 9.7732
    endloop
  endfacet
  facet normal -0.2974 -0.717987 -0.629324
    outer loop
      vertex 15.6908 -4.36776 9.7732
      vertex 14.8506 -3.98195 9.73008
      vertex 15.7165 -4.3057 9.69025
    endloop
  endfacet
  facet normal 0.0598654 0.144528 -0.987688
    outer loop
      vertex 14.7263 -6.69621 10.5921
      vertex 13.9776 -6.08955 10.6355
      vertex 14.8312 -6.4431 10.6355
    endloop
  endfacet
  facet normal 0.0598654 0.144528 -0.987688
    outer loop
      vertex 13.9776 -6.08955 10.6355
      vertex 14.7263 -6.69621 10.5921
      vertex 13.8728 -6.34266 10.5921
    endloop
  endfacet
  facet normal 0.340973 0.823181 -0.453994
    outer loop
      vertex 14.0404 -8.35222 9.2299
      vertex 13.2054 -7.9539 9.325
      vertex 14.0589 -8.30746 9.325
    endloop
  endfacet
  facet normal 0.340974 0.823183 -0.453989
    outer loop
      vertex 13.2054 -7.9539 9.325
      vertex 14.0404 -8.35222 9.2299
      vertex 13.1957 -7.97717 9.27557
    endloop
  endfacet
  facet normal 0.137141 0.331087 0.933581
    outer loop
      vertex 13.7703 -6.59019 5.4797
      vertex 14.5628 -7.09093 5.54086
      vertex 14.6238 -6.94374 5.4797
    endloop
  endfacet
  facet normal 0.137142 0.331089 0.93358
    outer loop
      vertex 14.5628 -7.09093 5.54086
      vertex 13.7703 -6.59019 5.4797
      vertex 13.691 -6.78159 5.55922
    endloop
  endfacet
  facet normal 0.0598654 0.144528 0.987688
    outer loop
      vertex 13.9776 -6.08955 5.36452
      vertex 14.7263 -6.69621 5.40791
      vertex 14.8312 -6.4431 5.36452
    endloop
  endfacet
  facet normal 0.0598654 0.144528 0.987688
    outer loop
      vertex 14.7263 -6.69621 5.40791
      vertex 13.9776 -6.08955 5.36452
      vertex 13.8728 -6.34266 5.40791
    endloop
  endfacet
  facet normal -0.0598654 -0.144528 0.987688
    outer loop
      vertex 14.2945 -5.3246 5.40791
      vertex 15.0432 -5.93127 5.36452
      vertex 15.148 -5.67816 5.40791
    endloop
  endfacet
  facet normal -0.0598654 -0.144528 0.987688
    outer loop
      vertex 15.0432 -5.93127 5.36452
      vertex 14.2945 -5.3246 5.40791
      vertex 14.1896 -5.57772 5.36452
    endloop
  endfacet
  facet normal -0.382159 -0.922613 -0.0523356
    outer loop
      vertex 15.0977 -3.38535 8
      vertex 15.9479 -3.74715 8.17042
      vertex 15.0933 -3.39608 8.2216
    endloop
  endfacet
  facet normal -0.382159 -0.922613 -0.0523369
    outer loop
      vertex 15.9479 -3.74715 8.17042
      vertex 15.0977 -3.38535 8
      vertex 15.9513 -3.7389 8
    endloop
  endfacet
  facet normal -0.382159 -0.922613 0.0523366
    outer loop
      vertex 15.0977 -3.38535 8
      vertex 15.9479 -3.74715 7.82958
      vertex 15.9513 -3.7389 8
    endloop
  endfacet
  facet normal -0.382159 -0.922613 0.0523355
    outer loop
      vertex 15.9479 -3.74715 7.82958
      vertex 15.0977 -3.38535 8
      vertex 15.0933 -3.39608 7.7784
    endloop
  endfacet
  facet normal -0.0990459 -0.239117 0.965926
    outer loop
      vertex 14.2945 -5.3246 5.40791
      vertex 15.2111 -5.52587 5.45208
      vertex 14.3765 -5.12658 5.46534
    endloop
  endfacet
  facet normal -0.0990461 -0.239118 0.965926
    outer loop
      vertex 15.2111 -5.52587 5.45208
      vertex 14.2945 -5.3246 5.40791
      vertex 15.148 -5.67816 5.40791
    endloop
  endfacet
  facet normal -0.173734 -0.41943 0.891008
    outer loop
      vertex 14.515 -4.79216 5.60429
      vertex 15.3497 -5.19138 5.5791
      vertex 15.3861 -5.10352 5.62756
    endloop
  endfacet
  facet normal -0.173734 -0.41943 0.891008
    outer loop
      vertex 15.3497 -5.19138 5.5791
      vertex 14.515 -4.79216 5.60429
      vertex 14.4961 -4.83782 5.5791
    endloop
  endfacet
  facet normal -0.382159 -0.922613 0.0523363
    outer loop
      vertex 15.9457 -3.75232 7.723
      vertex 15.0933 -3.39608 7.7784
      vertex 15.0922 -3.39876 7.723
    endloop
  endfacet
  facet normal -0.382159 -0.922613 0.0523375
    outer loop
      vertex 15.0933 -3.39608 7.7784
      vertex 15.9457 -3.75232 7.723
      vertex 15.9479 -3.74715 7.82958
    endloop
  endfacet
  facet normal -0.357265 -0.862515 0.35837
    outer loop
      vertex 15.8636 -3.95057 6.92215
      vertex 15.0481 -3.50518 7.1811
      vertex 15.0101 -3.59702 6.92215
    endloop
  endfacet
  facet normal -0.357266 -0.862516 0.358368
    outer loop
      vertex 15.0481 -3.50518 7.1811
      vertex 15.8636 -3.95057 6.92215
      vertex 15.9017 -3.85873 7.1811
    endloop
  endfacet
  facet normal -0.24083 -0.581416 0.777146
    outer loop
      vertex 14.7457 -4.23524 5.99575
      vertex 15.6158 -4.54896 6.03067
      vertex 14.7622 -4.19541 6.03067
    endloop
  endfacet
  facet normal -0.240831 -0.581417 0.777145
    outer loop
      vertex 15.6158 -4.54896 6.03067
      vertex 14.7457 -4.23524 5.99575
      vertex 15.584 -4.62559 5.9635
    endloop
  endfacet
  facet normal -0.270598 -0.653282 0.707106
    outer loop
      vertex 14.7772 -4.15917 6.06989
      vertex 15.6158 -4.54896 6.03067
      vertex 15.6446 -4.47924 6.10613
    endloop
  endfacet
  facet normal -0.270598 -0.653281 0.707108
    outer loop
      vertex 15.6158 -4.54896 6.03067
      vertex 14.7772 -4.15917 6.06989
      vertex 14.7622 -4.19541 6.03067
    endloop
  endfacet
  facet normal 0.382159 0.922614 -0.0523354
    outer loop
      vertex 13.9231 -8.63546 8
      vertex 13.0706 -8.27923 8.0554
      vertex 13.9252 -8.6303 8.10658
    endloop
  endfacet
  facet normal 0.382158 0.922613 -0.0523407
    outer loop
      vertex 13.0706 -8.27923 8.0554
      vertex 13.9231 -8.63546 8
      vertex 13.0695 -8.28191 8
    endloop
  endfacet
  facet normal 0.270599 0.653283 0.707106
    outer loop
      vertex 13.4051 -7.47185 6.03067
      vertex 14.2124 -7.93689 6.15133
      vertex 14.2586 -7.8254 6.03067
    endloop
  endfacet
  facet normal 0.270599 0.653283 0.707105
    outer loop
      vertex 14.2124 -7.93689 6.15133
      vertex 13.4051 -7.47185 6.03067
      vertex 13.345 -7.61682 6.18758
    endloop
  endfacet
  facet normal 0.340973 0.823182 0.453992
    outer loop
      vertex 13.2054 -7.9539 6.675
      vertex 14.0404 -8.35222 6.7701
      vertex 14.0589 -8.30746 6.675
    endloop
  endfacet
  facet normal 0.340974 0.823183 0.453989
    outer loop
      vertex 14.0404 -8.35222 6.7701
      vertex 13.2054 -7.9539 6.675
      vertex 13.1957 -7.97717 6.72443
    endloop
  endfacet
  facet normal 0.0990472 0.239121 0.965925
    outer loop
      vertex 13.8523 -6.39216 5.42227
      vertex 14.7263 -6.69621 5.40791
      vertex 13.8728 -6.34266 5.40791
    endloop
  endfacet
  facet normal 0.0990462 0.239118 0.965926
    outer loop
      vertex 14.7263 -6.69621 5.40791
      vertex 13.8523 -6.39216 5.42227
      vertex 14.6869 -6.79146 5.43553
    endloop
  endfacet
  facet normal 0.208425 0.503182 0.838669
    outer loop
      vertex 13.5054 -7.22971 5.82589
      vertex 14.3411 -7.62625 5.8561
      vertex 14.3754 -7.54355 5.79798
    endloop
  endfacet
  facet normal 0.208424 0.503179 0.838672
    outer loop
      vertex 14.3411 -7.62625 5.8561
      vertex 13.5054 -7.22971 5.82589
      vertex 13.4876 -7.27269 5.8561
    endloop
  endfacet
  facet normal 0.270598 0.653282 -0.707107
    outer loop
      vertex 14.1836 -8.00661 9.7732
      vertex 13.345 -7.61682 9.81242
      vertex 14.2124 -7.93689 9.84866
    endloop
  endfacet
  facet normal 0.270598 0.653281 -0.707108
    outer loop
      vertex 13.345 -7.61682 9.81242
      vertex 14.1836 -8.00661 9.7732
      vertex 13.33 -7.65306 9.7732
    endloop
  endfacet
  facet normal 0.377971 0.912505 -0.156439
    outer loop
      vertex 13.9388 -8.59739 8.44555
      vertex 13.0917 -8.22841 8.55097
      vertex 13.9452 -8.58196 8.55097
    endloop
  endfacet
  facet normal 0.377972 0.912505 -0.156434
    outer loop
      vertex 13.0917 -8.22841 8.55097
      vertex 13.9388 -8.59739 8.44555
      vertex 13.0884 -8.23643 8.49617
    endloop
  endfacet
  facet normal -0.24083 -0.581415 0.777147
    outer loop
      vertex 14.6797 -4.39457 5.8561
      vertex 15.584 -4.62559 5.9635
      vertex 14.7457 -4.23524 5.99575
    endloop
  endfacet
  facet normal -0.240829 -0.581413 0.777148
    outer loop
      vertex 15.584 -4.62559 5.9635
      vertex 14.6797 -4.39457 5.8561
      vertex 15.5333 -4.74812 5.8561
    endloop
  endfacet
  facet normal -0.208424 -0.503179 0.838672
    outer loop
      vertex 14.6619 -4.43755 5.82589
      vertex 15.5333 -4.74812 5.8561
      vertex 14.6797 -4.39457 5.8561
    endloop
  endfacet
  facet normal -0.208424 -0.503181 0.83867
    outer loop
      vertex 15.5333 -4.74812 5.8561
      vertex 14.6619 -4.43755 5.82589
      vertex 15.499 -4.83082 5.79798
    endloop
  endfacet
  facet normal -0.320945 -0.77483 0.54464
    outer loop
      vertex 15.7932 -4.12062 6.58549
      vertex 14.9619 -3.71336 6.675
      vertex 14.9503 -3.74127 6.62847
    endloop
  endfacet
  facet normal -0.320946 -0.774832 0.544637
    outer loop
      vertex 14.9619 -3.71336 6.675
      vertex 15.7932 -4.12062 6.58549
      vertex 15.8154 -4.06691 6.675
    endloop
  endfacet
  facet normal -0.320945 -0.774831 0.544638
    outer loop
      vertex 15.7576 -4.20648 6.44237
      vertex 14.9503 -3.74127 6.62847
      vertex 14.9041 -3.85293 6.44237
    endloop
  endfacet
  facet normal -0.320945 -0.774831 0.544639
    outer loop
      vertex 14.9503 -3.74127 6.62847
      vertex 15.7576 -4.20648 6.44237
      vertex 15.7932 -4.12062 6.58549
    endloop
  endfacet
  facet normal -0.369644 -0.892399 0.25882
    outer loop
      vertex 15.9017 -3.85873 7.1811
      vertex 15.0701 -3.45212 7.39545
      vertex 15.0481 -3.50518 7.1811
    endloop
  endfacet
  facet normal -0.369643 -0.892398 0.258822
    outer loop
      vertex 15.0701 -3.45212 7.39545
      vertex 15.9017 -3.85873 7.1811
      vertex 15.9186 -3.81792 7.34594
    endloop
  endfacet
  facet normal -0.099048 -0.239123 0.965924
    outer loop
      vertex 14.3765 -5.12658 5.46534
      vertex 15.2506 -5.43062 5.4797
      vertex 14.397 -5.07707 5.4797
    endloop
  endfacet
  facet normal -0.0990466 -0.239119 0.965925
    outer loop
      vertex 15.2506 -5.43062 5.4797
      vertex 14.3765 -5.12658 5.46534
      vertex 15.2111 -5.52587 5.45208
    endloop
  endfacet
  facet normal -0.320945 -0.774831 -0.544638
    outer loop
      vertex 14.9503 -3.74127 9.37153
      vertex 15.7576 -4.20648 9.55763
      vertex 14.9041 -3.85293 9.55763
    endloop
  endfacet
  facet normal -0.320945 -0.774831 -0.544639
    outer loop
      vertex 15.7576 -4.20648 9.55763
      vertex 14.9503 -3.74127 9.37153
      vertex 15.7932 -4.12062 9.41451
    endloop
  endfacet
  facet normal -0.357265 -0.862515 -0.35837
    outer loop
      vertex 15.0481 -3.50518 8.81889
      vertex 15.8636 -3.95057 9.07785
      vertex 15.0101 -3.59702 9.07785
    endloop
  endfacet
  facet normal -0.357266 -0.862516 -0.358368
    outer loop
      vertex 15.8636 -3.95057 9.07785
      vertex 15.0481 -3.50518 8.81889
      vertex 15.9017 -3.85873 8.81889
    endloop
  endfacet
  facet normal -0.270597 -0.65328 -0.707109
    outer loop
      vertex 15.6158 -4.54896 9.96933
      vertex 14.7772 -4.15917 9.93011
      vertex 15.6446 -4.47924 9.89386
    endloop
  endfacet
  facet normal -0.270598 -0.653281 -0.707108
    outer loop
      vertex 14.7772 -4.15917 9.93011
      vertex 15.6158 -4.54896 9.96933
      vertex 14.7622 -4.19541 9.96933
    endloop
  endfacet
  facet normal -0.13714 -0.331085 -0.933582
    outer loop
      vertex 14.4763 -4.88567 10.4408
      vertex 15.3497 -5.19138 10.4209
      vertex 15.3115 -5.28343 10.4591
    endloop
  endfacet
  facet normal -0.137144 -0.331095 -0.933578
    outer loop
      vertex 15.3497 -5.19138 10.4209
      vertex 14.4763 -4.88567 10.4408
      vertex 14.4961 -4.83782 10.4209
    endloop
  endfacet
  facet normal 0.020028 0.0483518 -0.99863
    outer loop
      vertex 14.872 -6.34463 10.6411
      vertex 14.0836 -5.83363 10.65
      vertex 14.9372 -6.18718 10.65
    endloop
  endfacet
  facet normal 0.0200288 0.0483531 -0.998629
    outer loop
      vertex 14.0836 -5.83363 10.65
      vertex 14.872 -6.34463 10.6411
      vertex 13.9988 -6.03836 10.6384
    endloop
  endfacet
  facet normal -0.0990451 -0.239116 -0.965926
    outer loop
      vertex 14.2945 -5.3246 10.5921
      vertex 15.2111 -5.52587 10.5479
      vertex 15.148 -5.67816 10.5921
    endloop
  endfacet
  facet normal -0.0990455 -0.239118 -0.965926
    outer loop
      vertex 15.2111 -5.52587 10.5479
      vertex 14.2945 -5.3246 10.5921
      vertex 14.3765 -5.12658 10.5347
    endloop
  endfacet
  facet normal 0.2974 0.717987 0.629324
    outer loop
      vertex 13.33 -7.65306 6.2268
      vertex 14.1578 -8.06867 6.30975
      vertex 14.1836 -8.00661 6.2268
    endloop
  endfacet
  facet normal 0.297401 0.717988 0.629321
    outer loop
      vertex 14.1578 -8.06867 6.30975
      vertex 13.33 -7.65306 6.2268
      vertex 13.3166 -7.68531 6.26992
    endloop
  endfacet
  facet normal 0.320946 0.774833 0.544634
    outer loop
      vertex 14.0589 -8.30746 6.675
      vertex 13.2169 -7.92599 6.62847
      vertex 13.2054 -7.9539 6.675
    endloop
  endfacet
  facet normal 0.320946 0.774834 0.544634
    outer loop
      vertex 13.2169 -7.92599 6.62847
      vertex 14.0589 -8.30746 6.675
      vertex 14.0812 -8.25375 6.58549
    endloop
  endfacet
  facet normal 0.382158 0.922613 0.0523403
    outer loop
      vertex 13.9231 -8.63546 8
      vertex 13.0706 -8.27923 7.9446
      vertex 13.0695 -8.28191 8
    endloop
  endfacet
  facet normal 0.382159 0.922614 0.0523354
    outer loop
      vertex 13.0706 -8.27923 7.9446
      vertex 13.9231 -8.63546 8
      vertex 13.9252 -8.6303 7.89342
    endloop
  endfacet
  facet normal 0.369644 0.892399 0.258818
    outer loop
      vertex 13.1192 -8.16208 7.1811
      vertex 13.9452 -8.58196 7.44903
      vertex 13.9727 -8.51564 7.1811
    endloop
  endfacet
  facet normal 0.369643 0.892399 0.258819
    outer loop
      vertex 13.9452 -8.58196 7.44903
      vertex 13.1192 -8.16208 7.1811
      vertex 13.0917 -8.22841 7.44903
    endloop
  endfacet
  facet normal 0.173735 0.419432 0.891007
    outer loop
      vertex 13.5766 -7.05777 5.70503
      vertex 14.4883 -7.27085 5.62756
      vertex 13.6522 -6.8751 5.60429
    endloop
  endfacet
  facet normal 0.173734 0.419432 0.891007
    outer loop
      vertex 14.4883 -7.27085 5.62756
      vertex 13.5766 -7.05777 5.70503
      vertex 14.4301 -7.41132 5.70503
    endloop
  endfacet
  facet normal 0.208424 0.503179 0.838672
    outer loop
      vertex 13.5766 -7.05777 5.70503
      vertex 14.3754 -7.54355 5.79798
      vertex 14.4301 -7.41132 5.70503
    endloop
  endfacet
  facet normal 0.208425 0.503181 0.838671
    outer loop
      vertex 14.3754 -7.54355 5.79798
      vertex 13.5766 -7.05777 5.70503
      vertex 13.5054 -7.22971 5.82589
    endloop
  endfacet
  facet normal 0.173735 0.419433 0.891007
    outer loop
      vertex 13.6522 -6.8751 5.60429
      vertex 14.5247 -7.18299 5.5791
      vertex 13.6712 -6.82944 5.5791
    endloop
  endfacet
  facet normal 0.173734 0.419432 0.891007
    outer loop
      vertex 14.5247 -7.18299 5.5791
      vertex 13.6522 -6.8751 5.60429
      vertex 14.4883 -7.27085 5.62756
    endloop
  endfacet
  facet normal 0.137143 0.331092 0.933579
    outer loop
      vertex 13.691 -6.78159 5.55922
      vertex 14.5247 -7.18299 5.5791
      vertex 14.5628 -7.09093 5.54086
    endloop
  endfacet
  facet normal 0.137141 0.331088 0.933581
    outer loop
      vertex 14.5247 -7.18299 5.5791
      vertex 13.691 -6.78159 5.55922
      vertex 13.6712 -6.82944 5.5791
    endloop
  endfacet
  facet normal 0.173734 0.419432 -0.891007
    outer loop
      vertex 13.6522 -6.8751 10.3957
      vertex 14.5247 -7.18299 10.4209
      vertex 14.4883 -7.27085 10.3724
    endloop
  endfacet
  facet normal 0.173735 0.419433 -0.891007
    outer loop
      vertex 14.5247 -7.18299 10.4209
      vertex 13.6522 -6.8751 10.3957
      vertex 13.6712 -6.82944 10.4209
    endloop
  endfacet
  facet normal 0.24083 0.581413 -0.777149
    outer loop
      vertex 13.4711 -7.31253 10.109
      vertex 14.3411 -7.62625 10.1439
      vertex 14.3094 -7.70288 10.0767
    endloop
  endfacet
  facet normal 0.24083 0.581416 -0.777146
    outer loop
      vertex 14.3411 -7.62625 10.1439
      vertex 13.4711 -7.31253 10.109
      vertex 13.4876 -7.27269 10.1439
    endloop
  endfacet
  facet normal 0.137142 0.33109 -0.93358
    outer loop
      vertex 14.5628 -7.09093 10.4591
      vertex 13.7703 -6.59019 10.5203
      vertex 14.6238 -6.94374 10.5203
    endloop
  endfacet
  facet normal 0.13714 0.331087 -0.933581
    outer loop
      vertex 13.7703 -6.59019 10.5203
      vertex 14.5628 -7.09093 10.4591
      vertex 13.691 -6.78159 10.4408
    endloop
  endfacet
  facet normal 0.0990475 0.239122 -0.965925
    outer loop
      vertex 13.8523 -6.39216 10.5777
      vertex 14.7263 -6.69621 10.5921
      vertex 14.6869 -6.79146 10.5645
    endloop
  endfacet
  facet normal 0.0990472 0.239121 -0.965925
    outer loop
      vertex 14.7263 -6.69621 10.5921
      vertex 13.8523 -6.39216 10.5777
      vertex 13.8728 -6.34266 10.5921
    endloop
  endfacet
  facet normal 0.020028 0.0483509 -0.99863
    outer loop
      vertex 14.8312 -6.4431 10.6355
      vertex 13.9988 -6.03836 10.6384
      vertex 14.872 -6.34463 10.6411
    endloop
  endfacet
  facet normal 0.0200253 0.0483454 -0.99863
    outer loop
      vertex 13.9988 -6.03836 10.6384
      vertex 14.8312 -6.4431 10.6355
      vertex 13.9776 -6.08955 10.6355
    endloop
  endfacet
  facet normal 0.357265 0.862516 -0.358369
    outer loop
      vertex 13.9727 -8.51564 8.81889
      vertex 13.1572 -8.07025 9.07785
      vertex 14.0107 -8.4238 9.07785
    endloop
  endfacet
  facet normal 0.357266 0.862516 -0.358367
    outer loop
      vertex 13.1572 -8.07025 9.07785
      vertex 13.9727 -8.51564 8.81889
      vertex 13.1192 -8.16208 8.81889
    endloop
  endfacet
  facet normal 0.369644 0.892399 -0.258818
    outer loop
      vertex 13.9452 -8.58196 8.55097
      vertex 13.1192 -8.16208 8.81889
      vertex 13.9727 -8.51564 8.81889
    endloop
  endfacet
  facet normal 0.369643 0.892399 -0.258819
    outer loop
      vertex 13.1192 -8.16208 8.81889
      vertex 13.9452 -8.58196 8.55097
      vertex 13.0917 -8.22841 8.55097
    endloop
  endfacet
  facet normal 0.320946 0.774834 -0.544634
    outer loop
      vertex 14.0589 -8.30746 9.325
      vertex 13.2169 -7.92599 9.37153
      vertex 14.0812 -8.25375 9.41451
    endloop
  endfacet
  facet normal 0.320946 0.774833 -0.544634
    outer loop
      vertex 13.2169 -7.92599 9.37153
      vertex 14.0589 -8.30746 9.325
      vertex 13.2054 -7.9539 9.325
    endloop
  endfacet
  facet normal -0.340973 -0.823183 0.453989
    outer loop
      vertex 15.0101 -3.59702 6.92215
      vertex 15.834 -4.02215 6.7701
      vertex 15.8636 -3.95057 6.92215
    endloop
  endfacet
  facet normal -0.340973 -0.823183 0.453989
    outer loop
      vertex 15.834 -4.02215 6.7701
      vertex 15.0101 -3.59702 6.92215
      vertex 14.9715 -3.69009 6.72443
    endloop
  endfacet
  facet normal -0.369643 -0.892399 0.258822
    outer loop
      vertex 15.9186 -3.81792 7.34594
      vertex 15.0756 -3.43885 7.44903
      vertex 15.0701 -3.45212 7.39545
    endloop
  endfacet
  facet normal -0.369644 -0.8924 0.258817
    outer loop
      vertex 15.0756 -3.43885 7.44903
      vertex 15.9186 -3.81792 7.34594
      vertex 15.9291 -3.7924 7.44903
    endloop
  endfacet
  facet normal -0.320945 -0.77483 -0.54464
    outer loop
      vertex 14.9619 -3.71336 9.325
      vertex 15.7932 -4.12062 9.41451
      vertex 14.9503 -3.74127 9.37153
    endloop
  endfacet
  facet normal -0.320946 -0.774832 -0.544637
    outer loop
      vertex 15.7932 -4.12062 9.41451
      vertex 14.9619 -3.71336 9.325
      vertex 15.8154 -4.06691 9.325
    endloop
  endfacet
  facet normal -0.340974 -0.823185 -0.453986
    outer loop
      vertex 14.9715 -3.69009 9.27557
      vertex 15.8154 -4.06691 9.325
      vertex 14.9619 -3.71336 9.325
    endloop
  endfacet
  facet normal -0.340973 -0.823183 -0.453991
    outer loop
      vertex 15.8154 -4.06691 9.325
      vertex 14.9715 -3.69009 9.27557
      vertex 15.834 -4.02215 9.2299
    endloop
  endfacet
  facet normal -0.137142 -0.33109 -0.93358
    outer loop
      vertex 14.397 -5.07707 10.5203
      vertex 15.3115 -5.28343 10.4591
      vertex 15.2506 -5.43062 10.5203
    endloop
  endfacet
  facet normal -0.137141 -0.331086 -0.933581
    outer loop
      vertex 15.3115 -5.28343 10.4591
      vertex 14.397 -5.07707 10.5203
      vertex 14.4763 -4.88567 10.4408
    endloop
  endfacet
  facet normal -0.208424 -0.503179 -0.838672
    outer loop
      vertex 14.5907 -4.60949 10.295
      vertex 15.499 -4.83082 10.202
      vertex 15.4442 -4.96304 10.295
    endloop
  endfacet
  facet normal -0.208424 -0.503181 -0.838671
    outer loop
      vertex 15.499 -4.83082 10.202
      vertex 14.5907 -4.60949 10.295
      vertex 14.6619 -4.43755 10.1741
    endloop
  endfacet
  facet normal -0.020028 -0.0483519 -0.99863
    outer loop
      vertex 14.978 -6.08871 10.6444
      vertex 14.1896 -5.57772 10.6355
      vertex 15.0432 -5.93127 10.6355
    endloop
  endfacet
  facet normal -0.0200288 -0.0483531 -0.998629
    outer loop
      vertex 14.1896 -5.57772 10.6355
      vertex 14.978 -6.08871 10.6444
      vertex 14.1048 -5.78245 10.6471
    endloop
  endfacet
  facet normal 0.297401 0.717989 0.62932
    outer loop
      vertex 13.3166 -7.68531 6.26992
      vertex 14.1168 -8.16788 6.44237
      vertex 14.1578 -8.06867 6.30975
    endloop
  endfacet
  facet normal 0.2974 0.717988 0.629322
    outer loop
      vertex 14.1168 -8.16788 6.44237
      vertex 13.3166 -7.68531 6.26992
      vertex 13.2632 -7.81433 6.44237
    endloop
  endfacet
  facet normal 0.320944 0.774829 0.544642
    outer loop
      vertex 13.2632 -7.81433 6.44237
      vertex 14.0812 -8.25375 6.58549
      vertex 14.1168 -8.16788 6.44237
    endloop
  endfacet
  facet normal 0.320945 0.77483 0.544639
    outer loop
      vertex 14.0812 -8.25375 6.58549
      vertex 13.2632 -7.81433 6.44237
      vertex 13.2169 -7.92599 6.62847
    endloop
  endfacet
  facet normal 0.357265 0.862516 0.358369
    outer loop
      vertex 13.1572 -8.07025 6.92215
      vertex 13.9727 -8.51564 7.1811
      vertex 14.0107 -8.4238 6.92215
    endloop
  endfacet
  facet normal 0.357266 0.862516 0.358367
    outer loop
      vertex 13.9727 -8.51564 7.1811
      vertex 13.1572 -8.07025 6.92215
      vertex 13.1192 -8.16208 7.1811
    endloop
  endfacet
  facet normal 0.340974 0.823184 0.453988
    outer loop
      vertex 13.1957 -7.97717 6.72443
      vertex 14.0107 -8.4238 6.92215
      vertex 14.0404 -8.35222 6.7701
    endloop
  endfacet
  facet normal 0.340973 0.823183 0.453991
    outer loop
      vertex 14.0107 -8.4238 6.92215
      vertex 13.1957 -7.97717 6.72443
      vertex 13.1572 -8.07025 6.92215
    endloop
  endfacet
  facet normal 0.377972 0.912505 0.156436
    outer loop
      vertex 13.0884 -8.23643 7.50383
      vertex 13.9286 -8.62205 7.723
      vertex 13.9388 -8.59739 7.55445
    endloop
  endfacet
  facet normal 0.377972 0.912505 0.156434
    outer loop
      vertex 13.9286 -8.62205 7.723
      vertex 13.0884 -8.23643 7.50383
      vertex 13.0751 -8.2685 7.723
    endloop
  endfacet
  facet normal 0.382159 0.922613 0.0523353
    outer loop
      vertex 13.0751 -8.2685 7.723
      vertex 13.9252 -8.6303 7.89342
      vertex 13.9286 -8.62205 7.723
    endloop
  endfacet
  facet normal 0.382159 0.922613 0.0523381
    outer loop
      vertex 13.9252 -8.6303 7.89342
      vertex 13.0751 -8.2685 7.723
      vertex 13.0706 -8.27923 7.9446
    endloop
  endfacet
  facet normal 0.377971 0.912505 0.156439
    outer loop
      vertex 13.0917 -8.22841 7.44903
      vertex 13.9388 -8.59739 7.55445
      vertex 13.9452 -8.58196 7.44903
    endloop
  endfacet
  facet normal 0.377972 0.912505 0.156435
    outer loop
      vertex 13.9388 -8.59739 7.55445
      vertex 13.0917 -8.22841 7.44903
      vertex 13.0884 -8.23643 7.50383
    endloop
  endfacet
  facet normal 0.020028 0.0483518 0.99863
    outer loop
      vertex 14.0836 -5.83363 5.35
      vertex 14.872 -6.34463 5.35893
      vertex 14.9372 -6.18718 5.35
    endloop
  endfacet
  facet normal 0.0200276 0.0483512 0.99863
    outer loop
      vertex 14.872 -6.34463 5.35893
      vertex 14.0836 -5.83363 5.35
      vertex 13.9988 -6.03836 5.36161
    endloop
  endfacet
  facet normal 0.0200275 0.0483511 0.99863
    outer loop
      vertex 13.9988 -6.03836 5.36161
      vertex 14.8312 -6.4431 5.36452
      vertex 14.872 -6.34463 5.35893
    endloop
  endfacet
  facet normal 0.0200286 0.0483533 0.998629
    outer loop
      vertex 14.8312 -6.4431 5.36452
      vertex 13.9988 -6.03836 5.36161
      vertex 13.9776 -6.08955 5.36452
    endloop
  endfacet
  facet normal 0.0990461 0.239118 0.965926
    outer loop
      vertex 13.7703 -6.59019 5.4797
      vertex 14.6869 -6.79146 5.43553
      vertex 13.8523 -6.39216 5.42227
    endloop
  endfacet
  facet normal 0.0990464 0.239119 0.965925
    outer loop
      vertex 14.6869 -6.79146 5.43553
      vertex 13.7703 -6.59019 5.4797
      vertex 14.6238 -6.94374 5.4797
    endloop
  endfacet
  facet normal 0.240831 0.581417 -0.777145
    outer loop
      vertex 13.4051 -7.47185 9.96933
      vertex 14.3094 -7.70288 10.0767
      vertex 14.2586 -7.8254 9.96933
    endloop
  endfacet
  facet normal 0.240831 0.581416 -0.777146
    outer loop
      vertex 14.3094 -7.70288 10.0767
      vertex 13.4051 -7.47185 9.96933
      vertex 13.4711 -7.31253 10.109
    endloop
  endfacet
  facet normal 0.208425 0.503182 -0.838669
    outer loop
      vertex 14.3411 -7.62625 10.1439
      vertex 13.5054 -7.22971 10.1741
      vertex 14.3754 -7.54355 10.202
    endloop
  endfacet
  facet normal 0.208424 0.503179 -0.838672
    outer loop
      vertex 13.5054 -7.22971 10.1741
      vertex 14.3411 -7.62625 10.1439
      vertex 13.4876 -7.27269 10.1439
    endloop
  endfacet
  facet normal -0.2706 -0.653285 -0.707103
    outer loop
      vertex 15.6446 -4.47924 9.89386
      vertex 14.8373 -4.0142 9.7732
      vertex 15.6908 -4.36776 9.7732
    endloop
  endfacet
  facet normal -0.270599 -0.653284 -0.707104
    outer loop
      vertex 14.8373 -4.0142 9.7732
      vertex 15.6446 -4.47924 9.89386
      vertex 14.7772 -4.15917 9.93011
    endloop
  endfacet
  facet normal 0.340975 0.823184 -0.453986
    outer loop
      vertex 14.0107 -8.4238 9.07785
      vertex 13.1957 -7.97717 9.27557
      vertex 14.0404 -8.35222 9.2299
    endloop
  endfacet
  facet normal 0.340973 0.823183 -0.453991
    outer loop
      vertex 13.1957 -7.97717 9.27557
      vertex 14.0107 -8.4238 9.07785
      vertex 13.1572 -8.07025 9.07785
    endloop
  endfacet
  facet normal 0.320944 0.774829 -0.544642
    outer loop
      vertex 14.0812 -8.25375 9.41451
      vertex 13.2632 -7.81433 9.55763
      vertex 14.1168 -8.16788 9.55763
    endloop
  endfacet
  facet normal 0.320945 0.77483 -0.544639
    outer loop
      vertex 13.2632 -7.81433 9.55763
      vertex 14.0812 -8.25375 9.41451
      vertex 13.2169 -7.92599 9.37153
    endloop
  endfacet
  facet normal -0.340973 -0.823183 -0.453989
    outer loop
      vertex 15.0101 -3.59702 9.07785
      vertex 15.834 -4.02215 9.2299
      vertex 14.9715 -3.69009 9.27557
    endloop
  endfacet
  facet normal -0.340973 -0.823183 -0.453989
    outer loop
      vertex 15.834 -4.02215 9.2299
      vertex 15.0101 -3.59702 9.07785
      vertex 15.8636 -3.95057 9.07785
    endloop
  endfacet
  facet normal -0.173735 -0.419433 -0.891007
    outer loop
      vertex 15.3861 -5.10352 10.3724
      vertex 14.5907 -4.60949 10.295
      vertex 15.4442 -4.96304 10.295
    endloop
  endfacet
  facet normal -0.173735 -0.419434 -0.891006
    outer loop
      vertex 14.5907 -4.60949 10.295
      vertex 15.3861 -5.10352 10.3724
      vertex 14.515 -4.79216 10.3957
    endloop
  endfacet
  facet normal -0.208425 -0.503184 -0.838668
    outer loop
      vertex 14.6619 -4.43755 10.1741
      vertex 15.5333 -4.74812 10.1439
      vertex 15.499 -4.83082 10.202
    endloop
  endfacet
  facet normal -0.208424 -0.503179 -0.838672
    outer loop
      vertex 15.5333 -4.74812 10.1439
      vertex 14.6619 -4.43755 10.1741
      vertex 14.6797 -4.39457 10.1439
    endloop
  endfacet
  facet normal -0.24083 -0.581415 -0.777147
    outer loop
      vertex 14.6797 -4.39457 10.1439
      vertex 15.584 -4.62559 10.0365
      vertex 15.5333 -4.74812 10.1439
    endloop
  endfacet
  facet normal -0.24083 -0.581415 -0.777147
    outer loop
      vertex 15.584 -4.62559 10.0365
      vertex 14.6797 -4.39457 10.1439
      vertex 14.7457 -4.23524 10.0042
    endloop
  endfacet
  facet normal -0.099048 -0.239123 -0.965924
    outer loop
      vertex 14.3765 -5.12658 10.5347
      vertex 15.2506 -5.43062 10.5203
      vertex 15.2111 -5.52587 10.5479
    endloop
  endfacet
  facet normal -0.099048 -0.239123 -0.965924
    outer loop
      vertex 15.2506 -5.43062 10.5203
      vertex 14.3765 -5.12658 10.5347
      vertex 14.397 -5.07707 10.5203
    endloop
  endfacet
  facet normal 0.297401 0.717989 -0.62932
    outer loop
      vertex 14.1168 -8.16788 9.55763
      vertex 13.3166 -7.68531 9.73008
      vertex 14.1578 -8.06867 9.69025
    endloop
  endfacet
  facet normal 0.2974 0.717988 -0.629322
    outer loop
      vertex 13.3166 -7.68531 9.73008
      vertex 14.1168 -8.16788 9.55763
      vertex 13.2632 -7.81433 9.55763
    endloop
  endfacet
  facet normal 0.2974 0.717987 -0.629324
    outer loop
      vertex 14.1578 -8.06867 9.69025
      vertex 13.33 -7.65306 9.7732
      vertex 14.1836 -8.00661 9.7732
    endloop
  endfacet
  facet normal 0.297401 0.717988 -0.629321
    outer loop
      vertex 13.33 -7.65306 9.7732
      vertex 14.1578 -8.06867 9.69025
      vertex 13.3166 -7.68531 9.73008
    endloop
  endfacet
  facet normal 0.208424 0.503179 -0.838672
    outer loop
      vertex 14.3754 -7.54355 10.202
      vertex 13.5766 -7.05777 10.295
      vertex 14.4301 -7.41132 10.295
    endloop
  endfacet
  facet normal 0.208425 0.503181 -0.838671
    outer loop
      vertex 13.5766 -7.05777 10.295
      vertex 14.3754 -7.54355 10.202
      vertex 13.5054 -7.22971 10.1741
    endloop
  endfacet
  facet normal 0.173734 0.419432 -0.891007
    outer loop
      vertex 13.5766 -7.05777 10.295
      vertex 14.4883 -7.27085 10.3724
      vertex 14.4301 -7.41132 10.295
    endloop
  endfacet
  facet normal 0.173735 0.419432 -0.891007
    outer loop
      vertex 14.4883 -7.27085 10.3724
      vertex 13.5766 -7.05777 10.295
      vertex 13.6522 -6.8751 10.3957
    endloop
  endfacet
  facet normal 0.0990454 0.239117 -0.965926
    outer loop
      vertex 13.7703 -6.59019 10.5203
      vertex 14.6869 -6.79146 10.5645
      vertex 14.6238 -6.94374 10.5203
    endloop
  endfacet
  facet normal 0.0990457 0.239118 -0.965926
    outer loop
      vertex 14.6869 -6.79146 10.5645
      vertex 13.7703 -6.59019 10.5203
      vertex 13.8523 -6.39216 10.5777
    endloop
  endfacet
  facet normal 0.382159 0.922613 -0.0523356
    outer loop
      vertex 13.9252 -8.6303 8.10658
      vertex 13.0751 -8.2685 8.277
      vertex 13.9286 -8.62205 8.277
    endloop
  endfacet
  facet normal 0.382159 0.922613 -0.0523382
    outer loop
      vertex 13.0751 -8.2685 8.277
      vertex 13.9252 -8.6303 8.10658
      vertex 13.0706 -8.27923 8.0554
    endloop
  endfacet
  facet normal 0.377972 0.912505 -0.156436
    outer loop
      vertex 13.9286 -8.62205 8.277
      vertex 13.0884 -8.23643 8.49617
      vertex 13.9388 -8.59739 8.44555
    endloop
  endfacet
  facet normal 0.377972 0.912505 -0.156434
    outer loop
      vertex 13.0884 -8.23643 8.49617
      vertex 13.9286 -8.62205 8.277
      vertex 13.0751 -8.2685 8.277
    endloop
  endfacet
  facet normal -0.173735 -0.419433 -0.891006
    outer loop
      vertex 15.3497 -5.19138 10.4209
      vertex 14.515 -4.79216 10.3957
      vertex 15.3861 -5.10352 10.3724
    endloop
  endfacet
  facet normal -0.173734 -0.41943 -0.891008
    outer loop
      vertex 14.515 -4.79216 10.3957
      vertex 15.3497 -5.19138 10.4209
      vertex 14.4961 -4.83782 10.4209
    endloop
  endfacet
  facet normal -0.0598654 -0.144528 -0.987688
    outer loop
      vertex 15.0432 -5.93127 10.6355
      vertex 14.2945 -5.3246 10.5921
      vertex 15.148 -5.67816 10.5921
    endloop
  endfacet
  facet normal -0.0598654 -0.144528 -0.987688
    outer loop
      vertex 14.2945 -5.3246 10.5921
      vertex 15.0432 -5.93127 10.6355
      vertex 14.1896 -5.57772 10.6355
    endloop
  endfacet
  facet normal -0.0200281 -0.0483511 -0.99863
    outer loop
      vertex 14.9372 -6.18718 10.65
      vertex 14.1048 -5.78245 10.6471
      vertex 14.978 -6.08871 10.6444
    endloop
  endfacet
  facet normal -0.0200251 -0.048345 -0.99863
    outer loop
      vertex 14.1048 -5.78245 10.6471
      vertex 14.9372 -6.18718 10.65
      vertex 14.0836 -5.83363 10.65
    endloop
  endfacet
  facet normal -0.2974 -0.717988 -0.629322
    outer loop
      vertex 14.9041 -3.85293 9.55763
      vertex 15.7165 -4.3057 9.69025
      vertex 14.8506 -3.98195 9.73008
    endloop
  endfacet
  facet normal -0.297401 -0.717989 -0.629321
    outer loop
      vertex 15.7165 -4.3057 9.69025
      vertex 14.9041 -3.85293 9.55763
      vertex 15.7576 -4.20648 9.55763
    endloop
  endfacet
  facet normal -0.0483533 -0.0200286 0.998629
    outer loop
      vertex 6.03836 -13.9988 5.36161
      vertex 6.4431 -14.8312 5.36452
      vertex 6.08955 -13.9776 5.36452
    endloop
  endfacet
  facet normal -0.0483511 -0.0200275 0.99863
    outer loop
      vertex 6.4431 -14.8312 5.36452
      vertex 6.03836 -13.9988 5.36161
      vertex 6.34463 -14.872 5.35893
    endloop
  endfacet
  facet normal 0.717988 0.297401 0.629321
    outer loop
      vertex 3.98195 -14.8506 6.26992
      vertex 4.36776 -15.6908 6.2268
      vertex 4.0142 -14.8373 6.2268
    endloop
  endfacet
  facet normal 0.717987 0.2974 0.629324
    outer loop
      vertex 4.36776 -15.6908 6.2268
      vertex 3.98195 -14.8506 6.26992
      vertex 4.3057 -15.7165 6.30975
    endloop
  endfacet
  facet normal -0.653283 -0.270599 0.707105
    outer loop
      vertex 7.47185 -13.4051 6.03067
      vertex 7.93689 -14.2124 6.15133
      vertex 7.61682 -13.345 6.18758
    endloop
  endfacet
  facet normal -0.653283 -0.270599 0.707106
    outer loop
      vertex 7.93689 -14.2124 6.15133
      vertex 7.47185 -13.4051 6.03067
      vertex 7.8254 -14.2586 6.03067
    endloop
  endfacet
  facet normal -0.922613 -0.382159 -0.0523382
    outer loop
      vertex 8.6303 -13.9252 8.10658
      vertex 8.2685 -13.0751 8.277
      vertex 8.27923 -13.0706 8.0554
    endloop
  endfacet
  facet normal -0.922613 -0.382159 -0.0523356
    outer loop
      vertex 8.2685 -13.0751 8.277
      vertex 8.6303 -13.9252 8.10658
      vertex 8.62205 -13.9286 8.277
    endloop
  endfacet
  facet normal 0.823183 0.340973 0.453989
    outer loop
      vertex 3.59702 -15.0101 6.92215
      vertex 4.02215 -15.834 6.7701
      vertex 3.69009 -14.9715 6.72443
    endloop
  endfacet
  facet normal 0.823183 0.340973 0.453989
    outer loop
      vertex 4.02215 -15.834 6.7701
      vertex 3.59702 -15.0101 6.92215
      vertex 3.95057 -15.8636 6.92215
    endloop
  endfacet
  facet normal 0.65328 0.270597 -0.707109
    outer loop
      vertex 4.15917 -14.7772 9.93011
      vertex 4.54896 -15.6158 9.96933
      vertex 4.47924 -15.6446 9.89386
    endloop
  endfacet
  facet normal 0.653281 0.270598 -0.707108
    outer loop
      vertex 4.54896 -15.6158 9.96933
      vertex 4.15917 -14.7772 9.93011
      vertex 4.19541 -14.7622 9.96933
    endloop
  endfacet
  facet normal -0.653281 -0.270598 0.707108
    outer loop
      vertex 7.61682 -13.345 6.18758
      vertex 8.00661 -14.1836 6.2268
      vertex 7.65306 -13.33 6.2268
    endloop
  endfacet
  facet normal -0.653284 -0.270599 0.707104
    outer loop
      vertex 8.00661 -14.1836 6.2268
      vertex 7.61682 -13.345 6.18758
      vertex 7.93689 -14.2124 6.15133
    endloop
  endfacet
  facet normal -0.717988 -0.2974 -0.629322
    outer loop
      vertex 8.16788 -14.1168 9.55763
      vertex 7.68531 -13.3166 9.73008
      vertex 7.81433 -13.2632 9.55763
    endloop
  endfacet
  facet normal -0.717989 -0.297401 -0.62932
    outer loop
      vertex 7.68531 -13.3166 9.73008
      vertex 8.16788 -14.1168 9.55763
      vertex 8.06867 -14.1578 9.69025
    endloop
  endfacet
  facet normal -0.144528 -0.0598654 -0.987688
    outer loop
      vertex 6.4431 -14.8312 10.6355
      vertex 6.34266 -13.8728 10.5921
      vertex 6.69621 -14.7263 10.5921
    endloop
  endfacet
  facet normal -0.144528 -0.0598654 -0.987688
    outer loop
      vertex 6.34266 -13.8728 10.5921
      vertex 6.4431 -14.8312 10.6355
      vertex 6.08955 -13.9776 10.6355
    endloop
  endfacet
  facet normal -0.892399 -0.369643 0.258819
    outer loop
      vertex 8.16208 -13.1192 7.1811
      vertex 8.58196 -13.9452 7.44903
      vertex 8.22841 -13.0917 7.44903
    endloop
  endfacet
  facet normal -0.892399 -0.369644 0.258818
    outer loop
      vertex 8.58196 -13.9452 7.44903
      vertex 8.16208 -13.1192 7.1811
      vertex 8.51564 -13.9727 7.1811
    endloop
  endfacet
  facet normal -0.862516 -0.357266 0.358367
    outer loop
      vertex 8.07025 -13.1572 6.92215
      vertex 8.51564 -13.9727 7.1811
      vertex 8.16208 -13.1192 7.1811
    endloop
  endfacet
  facet normal -0.862516 -0.357265 0.358369
    outer loop
      vertex 8.51564 -13.9727 7.1811
      vertex 8.07025 -13.1572 6.92215
      vertex 8.4238 -14.0107 6.92215
    endloop
  endfacet
  facet normal -0.922613 -0.382159 0.0523381
    outer loop
      vertex 8.2685 -13.0751 7.723
      vertex 8.6303 -13.9252 7.89342
      vertex 8.27923 -13.0706 7.9446
    endloop
  endfacet
  facet normal -0.922613 -0.382159 0.0523353
    outer loop
      vertex 8.6303 -13.9252 7.89342
      vertex 8.2685 -13.0751 7.723
      vertex 8.62205 -13.9286 7.723
    endloop
  endfacet
  facet normal 0.653285 0.2706 -0.707103
    outer loop
      vertex 4.0142 -14.8373 9.7732
      vertex 4.47924 -15.6446 9.89386
      vertex 4.36776 -15.6908 9.7732
    endloop
  endfacet
  facet normal 0.653284 0.270599 -0.707104
    outer loop
      vertex 4.47924 -15.6446 9.89386
      vertex 4.0142 -14.8373 9.7732
      vertex 4.15917 -14.7772 9.93011
    endloop
  endfacet
  facet normal 0.892399 0.369643 0.258822
    outer loop
      vertex 3.43885 -15.0756 7.44903
      vertex 3.81792 -15.9186 7.34594
      vertex 3.45212 -15.0701 7.39545
    endloop
  endfacet
  facet normal 0.8924 0.369644 0.258817
    outer loop
      vertex 3.81792 -15.9186 7.34594
      vertex 3.43885 -15.0756 7.44903
      vertex 3.7924 -15.9291 7.44903
    endloop
  endfacet
  facet normal -0.717988 -0.297401 -0.629321
    outer loop
      vertex 8.06867 -14.1578 9.69025
      vertex 7.65306 -13.33 9.7732
      vertex 7.68531 -13.3166 9.73008
    endloop
  endfacet
  facet normal -0.717987 -0.2974 -0.629324
    outer loop
      vertex 7.65306 -13.33 9.7732
      vertex 8.06867 -14.1578 9.69025
      vertex 8.00661 -14.1836 9.7732
    endloop
  endfacet
  facet normal 0.922613 0.382159 -0.0523368
    outer loop
      vertex 3.75232 -15.9457 8.277
      vertex 3.39608 -15.0933 8.2216
      vertex 3.39876 -15.0922 8.277
    endloop
  endfacet
  facet normal 0.922613 0.382159 -0.0523375
    outer loop
      vertex 3.39608 -15.0933 8.2216
      vertex 3.75232 -15.9457 8.277
      vertex 3.74715 -15.9479 8.17042
    endloop
  endfacet
  facet normal 0.912505 0.377972 -0.156434
    outer loop
      vertex 3.7924 -15.9291 8.55097
      vertex 3.39876 -15.0922 8.277
      vertex 3.43885 -15.0756 8.55097
    endloop
  endfacet
  facet normal 0.912505 0.377972 -0.156434
    outer loop
      vertex 3.39876 -15.0922 8.277
      vertex 3.7924 -15.9291 8.55097
      vertex 3.75232 -15.9457 8.277
    endloop
  endfacet
  facet normal 0.774831 0.320945 0.544638
    outer loop
      vertex 3.74127 -14.9503 6.62847
      vertex 4.20648 -15.7576 6.44237
      vertex 3.85293 -14.9041 6.44237
    endloop
  endfacet
  facet normal 0.774831 0.320945 0.544639
    outer loop
      vertex 4.20648 -15.7576 6.44237
      vertex 3.74127 -14.9503 6.62847
      vertex 4.12062 -15.7932 6.58549
    endloop
  endfacet
  facet normal 0.331087 0.137141 0.933581
    outer loop
      vertex 5.07707 -14.397 5.4797
      vertex 5.28343 -15.3115 5.54086
      vertex 5.43062 -15.2506 5.4797
    endloop
  endfacet
  facet normal 0.331088 0.137141 0.933581
    outer loop
      vertex 5.28343 -15.3115 5.54086
      vertex 5.07707 -14.397 5.4797
      vertex 4.88567 -14.4763 5.55922
    endloop
  endfacet
  facet normal -0.922613 -0.382158 0.0523403
    outer loop
      vertex 8.27923 -13.0706 7.9446
      vertex 8.63546 -13.9231 8
      vertex 8.28191 -13.0695 8
    endloop
  endfacet
  facet normal -0.922614 -0.382159 0.0523354
    outer loop
      vertex 8.63546 -13.9231 8
      vertex 8.27923 -13.0706 7.9446
      vertex 8.6303 -13.9252 7.89342
    endloop
  endfacet
  facet normal -0.922613 -0.382158 -0.0523407
    outer loop
      vertex 8.63546 -13.9231 8
      vertex 8.27923 -13.0706 8.0554
      vertex 8.28191 -13.0695 8
    endloop
  endfacet
  facet normal -0.922614 -0.382159 -0.0523354
    outer loop
      vertex 8.27923 -13.0706 8.0554
      vertex 8.63546 -13.9231 8
      vertex 8.6303 -13.9252 8.10658
    endloop
  endfacet
  facet normal -0.581416 -0.24083 0.777147
    outer loop
      vertex 7.31253 -13.4711 5.89102
      vertex 7.62625 -14.3411 5.8561
      vertex 7.70288 -14.3094 5.92327
    endloop
  endfacet
  facet normal -0.581416 -0.24083 0.777146
    outer loop
      vertex 7.62625 -14.3411 5.8561
      vertex 7.31253 -13.4711 5.89102
      vertex 7.27269 -13.4876 5.8561
    endloop
  endfacet
  facet normal -0.331088 -0.137141 0.933581
    outer loop
      vertex 6.78159 -13.691 5.55922
      vertex 7.18299 -14.5247 5.5791
      vertex 6.82944 -13.6712 5.5791
    endloop
  endfacet
  facet normal -0.331092 -0.137143 0.933579
    outer loop
      vertex 7.18299 -14.5247 5.5791
      vertex 6.78159 -13.691 5.55922
      vertex 7.09093 -14.5628 5.54086
    endloop
  endfacet
  facet normal 0.0483513 0.0200276 0.99863
    outer loop
      vertex 5.57772 -14.1896 5.36452
      vertex 6.08871 -14.978 5.35559
      vertex 5.78245 -14.1048 5.3529
    endloop
  endfacet
  facet normal 0.0483519 0.020028 0.99863
    outer loop
      vertex 6.08871 -14.978 5.35559
      vertex 5.57772 -14.1896 5.36452
      vertex 5.93127 -15.0432 5.36452
    endloop
  endfacet
  facet normal -0.892399 -0.369643 -0.258819
    outer loop
      vertex 8.58196 -13.9452 8.55097
      vertex 8.16208 -13.1192 8.81889
      vertex 8.22841 -13.0917 8.55097
    endloop
  endfacet
  facet normal -0.892399 -0.369644 -0.258818
    outer loop
      vertex 8.16208 -13.1192 8.81889
      vertex 8.58196 -13.9452 8.55097
      vertex 8.51564 -13.9727 8.81889
    endloop
  endfacet
  facet normal -0.653282 -0.270598 -0.707107
    outer loop
      vertex 7.61682 -13.345 9.81242
      vertex 8.00661 -14.1836 9.7732
      vertex 7.93689 -14.2124 9.84866
    endloop
  endfacet
  facet normal -0.653281 -0.270598 -0.707108
    outer loop
      vertex 8.00661 -14.1836 9.7732
      vertex 7.61682 -13.345 9.81242
      vertex 7.65306 -13.33 9.7732
    endloop
  endfacet
  facet normal -0.419432 -0.173734 0.891007
    outer loop
      vertex 6.8751 -13.6522 5.60429
      vertex 7.18299 -14.5247 5.5791
      vertex 7.27085 -14.4883 5.62756
    endloop
  endfacet
  facet normal -0.419433 -0.173735 0.891007
    outer loop
      vertex 7.18299 -14.5247 5.5791
      vertex 6.8751 -13.6522 5.60429
      vertex 6.82944 -13.6712 5.5791
    endloop
  endfacet
  facet normal -0.144528 -0.0598654 0.987688
    outer loop
      vertex 6.34266 -13.8728 5.40791
      vertex 6.4431 -14.8312 5.36452
      vertex 6.69621 -14.7263 5.40791
    endloop
  endfacet
  facet normal -0.144528 -0.0598654 0.987688
    outer loop
      vertex 6.4431 -14.8312 5.36452
      vertex 6.34266 -13.8728 5.40791
      vertex 6.08955 -13.9776 5.36452
    endloop
  endfacet
  facet normal -0.0483512 -0.0200276 0.99863
    outer loop
      vertex 5.83363 -14.0836 5.35
      vertex 6.34463 -14.872 5.35893
      vertex 6.03836 -13.9988 5.36161
    endloop
  endfacet
  facet normal -0.0483518 -0.020028 0.99863
    outer loop
      vertex 6.34463 -14.872 5.35893
      vertex 5.83363 -14.0836 5.35
      vertex 6.18718 -14.9372 5.35
    endloop
  endfacet
  facet normal -0.823183 -0.340974 0.453989
    outer loop
      vertex 7.9539 -13.2054 6.675
      vertex 8.35222 -14.0404 6.7701
      vertex 7.97717 -13.1957 6.72443
    endloop
  endfacet
  facet normal -0.823182 -0.340973 0.453992
    outer loop
      vertex 8.35222 -14.0404 6.7701
      vertex 7.9539 -13.2054 6.675
      vertex 8.30746 -14.0589 6.675
    endloop
  endfacet
  facet normal -0.774833 -0.320946 0.544634
    outer loop
      vertex 7.92599 -13.2169 6.62847
      vertex 8.30746 -14.0589 6.675
      vertex 7.9539 -13.2054 6.675
    endloop
  endfacet
  facet normal -0.774834 -0.320946 0.544634
    outer loop
      vertex 8.30746 -14.0589 6.675
      vertex 7.92599 -13.2169 6.62847
      vertex 8.25375 -14.0812 6.58549
    endloop
  endfacet
  facet normal -0.0483509 -0.020028 -0.99863
    outer loop
      vertex 6.03836 -13.9988 10.6384
      vertex 6.4431 -14.8312 10.6355
      vertex 6.34463 -14.872 10.6411
    endloop
  endfacet
  facet normal -0.0483454 -0.0200253 -0.99863
    outer loop
      vertex 6.4431 -14.8312 10.6355
      vertex 6.03836 -13.9988 10.6384
      vertex 6.08955 -13.9776 10.6355
    endloop
  endfacet
  facet normal -0.0483518 -0.020028 -0.99863
    outer loop
      vertex 5.83363 -14.0836 10.65
      vertex 6.34463 -14.872 10.6411
      vertex 6.18718 -14.9372 10.65
    endloop
  endfacet
  facet normal -0.0483531 -0.0200288 -0.998629
    outer loop
      vertex 6.34463 -14.872 10.6411
      vertex 5.83363 -14.0836 10.65
      vertex 6.03836 -13.9988 10.6384
    endloop
  endfacet
  facet normal 0.503179 0.208424 -0.838672
    outer loop
      vertex 4.83082 -15.499 10.202
      vertex 4.60949 -14.5907 10.295
      vertex 4.96304 -15.4442 10.295
    endloop
  endfacet
  facet normal 0.503181 0.208424 -0.838671
    outer loop
      vertex 4.60949 -14.5907 10.295
      vertex 4.83082 -15.499 10.202
      vertex 4.43755 -14.6619 10.1741
    endloop
  endfacet
  facet normal 0.581415 0.24083 -0.777147
    outer loop
      vertex 4.54896 -15.6158 9.96933
      vertex 4.23524 -14.7457 10.0042
      vertex 4.62559 -15.584 10.0365
    endloop
  endfacet
  facet normal 0.581416 0.24083 -0.777146
    outer loop
      vertex 4.23524 -14.7457 10.0042
      vertex 4.54896 -15.6158 9.96933
      vertex 4.19541 -14.7622 9.96933
    endloop
  endfacet
  facet normal 0.823185 0.340974 -0.453986
    outer loop
      vertex 4.06691 -15.8154 9.325
      vertex 3.69009 -14.9715 9.27557
      vertex 3.71336 -14.9619 9.325
    endloop
  endfacet
  facet normal 0.823183 0.340973 -0.453991
    outer loop
      vertex 3.69009 -14.9715 9.27557
      vertex 4.06691 -15.8154 9.325
      vertex 4.02215 -15.834 9.2299
    endloop
  endfacet
  facet normal 0.239119 0.0990466 0.965925
    outer loop
      vertex 5.12658 -14.3765 5.46534
      vertex 5.43062 -15.2506 5.4797
      vertex 5.52587 -15.2111 5.45208
    endloop
  endfacet
  facet normal 0.239123 0.099048 0.965924
    outer loop
      vertex 5.43062 -15.2506 5.4797
      vertex 5.12658 -14.3765 5.46534
      vertex 5.07707 -14.397 5.4797
    endloop
  endfacet
  facet normal 0.653284 0.270599 0.707104
    outer loop
      vertex 4.0142 -14.8373 6.2268
      vertex 4.47924 -15.6446 6.10613
      vertex 4.15917 -14.7772 6.06989
    endloop
  endfacet
  facet normal 0.653284 0.270599 0.707104
    outer loop
      vertex 4.47924 -15.6446 6.10613
      vertex 4.0142 -14.8373 6.2268
      vertex 4.36776 -15.6908 6.2268
    endloop
  endfacet
  facet normal 0.717988 0.2974 0.629322
    outer loop
      vertex 3.85293 -14.9041 6.44237
      vertex 4.3057 -15.7165 6.30975
      vertex 3.98195 -14.8506 6.26992
    endloop
  endfacet
  facet normal 0.717989 0.297401 0.629321
    outer loop
      vertex 4.3057 -15.7165 6.30975
      vertex 3.85293 -14.9041 6.44237
      vertex 4.20648 -15.7576 6.44237
    endloop
  endfacet
  facet normal -0.912505 -0.377972 0.156434
    outer loop
      vertex 8.23643 -13.0884 7.50383
      vertex 8.62205 -13.9286 7.723
      vertex 8.2685 -13.0751 7.723
    endloop
  endfacet
  facet normal -0.912505 -0.377972 0.156436
    outer loop
      vertex 8.62205 -13.9286 7.723
      vertex 8.23643 -13.0884 7.50383
      vertex 8.59739 -13.9388 7.55445
    endloop
  endfacet
  facet normal -0.717988 -0.297401 0.629321
    outer loop
      vertex 7.65306 -13.33 6.2268
      vertex 8.06867 -14.1578 6.30975
      vertex 7.68531 -13.3166 6.26992
    endloop
  endfacet
  facet normal -0.717987 -0.2974 0.629324
    outer loop
      vertex 8.06867 -14.1578 6.30975
      vertex 7.65306 -13.33 6.2268
      vertex 8.00661 -14.1836 6.2268
    endloop
  endfacet
  facet normal -0.503179 -0.208424 0.838672
    outer loop
      vertex 7.22971 -13.5054 5.82589
      vertex 7.62625 -14.3411 5.8561
      vertex 7.27269 -13.4876 5.8561
    endloop
  endfacet
  facet normal -0.503182 -0.208425 0.838669
    outer loop
      vertex 7.62625 -14.3411 5.8561
      vertex 7.22971 -13.5054 5.82589
      vertex 7.54355 -14.3754 5.79798
    endloop
  endfacet
  facet normal 0.0483529 0.0200284 0.998629
    outer loop
      vertex 5.78245 -14.1048 5.3529
      vertex 6.18718 -14.9372 5.35
      vertex 5.83363 -14.0836 5.35
    endloop
  endfacet
  facet normal 0.0483513 0.0200276 0.99863
    outer loop
      vertex 6.18718 -14.9372 5.35
      vertex 5.78245 -14.1048 5.3529
      vertex 6.08871 -14.978 5.35559
    endloop
  endfacet
  facet normal -0.77483 -0.320945 -0.544639
    outer loop
      vertex 8.25375 -14.0812 9.41451
      vertex 7.81433 -13.2632 9.55763
      vertex 7.92599 -13.2169 9.37153
    endloop
  endfacet
  facet normal -0.774829 -0.320944 -0.544642
    outer loop
      vertex 7.81433 -13.2632 9.55763
      vertex 8.25375 -14.0812 9.41451
      vertex 8.16788 -14.1168 9.55763
    endloop
  endfacet
  facet normal -0.581416 -0.24083 0.777146
    outer loop
      vertex 7.47185 -13.4051 6.03067
      vertex 7.70288 -14.3094 5.92327
      vertex 7.8254 -14.2586 6.03067
    endloop
  endfacet
  facet normal -0.581416 -0.24083 0.777146
    outer loop
      vertex 7.70288 -14.3094 5.92327
      vertex 7.47185 -13.4051 6.03067
      vertex 7.31253 -13.4711 5.89102
    endloop
  endfacet
  facet normal -0.239118 -0.0990462 0.965926
    outer loop
      vertex 6.39216 -13.8523 5.42227
      vertex 6.69621 -14.7263 5.40791
      vertex 6.79146 -14.6869 5.43553
    endloop
  endfacet
  facet normal -0.239121 -0.0990472 0.965925
    outer loop
      vertex 6.69621 -14.7263 5.40791
      vertex 6.39216 -13.8523 5.42227
      vertex 6.34266 -13.8728 5.40791
    endloop
  endfacet
  facet normal -0.331089 -0.137142 0.93358
    outer loop
      vertex 6.59019 -13.7703 5.4797
      vertex 7.09093 -14.5628 5.54086
      vertex 6.78159 -13.691 5.55922
    endloop
  endfacet
  facet normal -0.331087 -0.137141 0.933581
    outer loop
      vertex 7.09093 -14.5628 5.54086
      vertex 6.59019 -13.7703 5.4797
      vertex 6.94374 -14.6238 5.4797
    endloop
  endfacet
  facet normal -0.823183 -0.340973 0.453991
    outer loop
      vertex 7.97717 -13.1957 6.72443
      vertex 8.4238 -14.0107 6.92215
      vertex 8.07025 -13.1572 6.92215
    endloop
  endfacet
  facet normal -0.823184 -0.340974 0.453988
    outer loop
      vertex 8.4238 -14.0107 6.92215
      vertex 7.97717 -13.1957 6.72443
      vertex 8.35222 -14.0404 6.7701
    endloop
  endfacet
  facet normal -0.331089 -0.137141 -0.933581
    outer loop
      vertex 6.78159 -13.691 10.4408
      vertex 7.18299 -14.5247 10.4209
      vertex 7.09093 -14.5628 10.4591
    endloop
  endfacet
  facet normal -0.331095 -0.137144 -0.933578
    outer loop
      vertex 7.18299 -14.5247 10.4209
      vertex 6.78159 -13.691 10.4408
      vertex 6.82944 -13.6712 10.4209
    endloop
  endfacet
  facet normal -0.239117 -0.0990454 -0.965926
    outer loop
      vertex 6.79146 -14.6869 10.5645
      vertex 6.59019 -13.7703 10.5203
      vertex 6.94374 -14.6238 10.5203
    endloop
  endfacet
  facet normal -0.239118 -0.0990457 -0.965926
    outer loop
      vertex 6.59019 -13.7703 10.5203
      vertex 6.79146 -14.6869 10.5645
      vertex 6.39216 -13.8523 10.5777
    endloop
  endfacet
  facet normal 0.239116 0.0990451 -0.965926
    outer loop
      vertex 5.52587 -15.2111 10.5479
      vertex 5.3246 -14.2945 10.5921
      vertex 5.67816 -15.148 10.5921
    endloop
  endfacet
  facet normal 0.239118 0.0990455 -0.965926
    outer loop
      vertex 5.3246 -14.2945 10.5921
      vertex 5.52587 -15.2111 10.5479
      vertex 5.12658 -14.3765 10.5347
    endloop
  endfacet
  facet normal 0.239123 0.099048 -0.965924
    outer loop
      vertex 5.43062 -15.2506 10.5203
      vertex 5.12658 -14.3765 10.5347
      vertex 5.52587 -15.2111 10.5479
    endloop
  endfacet
  facet normal 0.239123 0.099048 -0.965924
    outer loop
      vertex 5.12658 -14.3765 10.5347
      vertex 5.43062 -15.2506 10.5203
      vertex 5.07707 -14.397 10.5203
    endloop
  endfacet
  facet normal 0.922613 0.382159 0.0523356
    outer loop
      vertex 3.38535 -15.0977 8
      vertex 3.74715 -15.9479 7.82958
      vertex 3.39608 -15.0933 7.7784
    endloop
  endfacet
  facet normal 0.922613 0.382159 0.0523367
    outer loop
      vertex 3.74715 -15.9479 7.82958
      vertex 3.38535 -15.0977 8
      vertex 3.7389 -15.9513 8
    endloop
  endfacet
  facet normal 0.823183 0.340973 -0.453989
    outer loop
      vertex 4.02215 -15.834 9.2299
      vertex 3.59702 -15.0101 9.07785
      vertex 3.69009 -14.9715 9.27557
    endloop
  endfacet
  facet normal 0.823183 0.340973 -0.453989
    outer loop
      vertex 3.59702 -15.0101 9.07785
      vertex 4.02215 -15.834 9.2299
      vertex 3.95057 -15.8636 9.07785
    endloop
  endfacet
  facet normal 0.892399 0.369644 -0.25882
    outer loop
      vertex 3.85873 -15.9017 8.81889
      vertex 3.45212 -15.0701 8.60455
      vertex 3.50518 -15.0481 8.81889
    endloop
  endfacet
  facet normal 0.892398 0.369643 -0.258823
    outer loop
      vertex 3.45212 -15.0701 8.60455
      vertex 3.85873 -15.9017 8.81889
      vertex 3.81792 -15.9186 8.65406
    endloop
  endfacet
  facet normal 0.922613 0.382159 0.0523368
    outer loop
      vertex 3.39608 -15.0933 7.7784
      vertex 3.75232 -15.9457 7.723
      vertex 3.39876 -15.0922 7.723
    endloop
  endfacet
  facet normal 0.922613 0.382159 0.0523377
    outer loop
      vertex 3.75232 -15.9457 7.723
      vertex 3.39608 -15.0933 7.7784
      vertex 3.74715 -15.9479 7.82958
    endloop
  endfacet
  facet normal 0.862515 0.357265 0.35837
    outer loop
      vertex 3.50518 -15.0481 7.1811
      vertex 3.95057 -15.8636 6.92215
      vertex 3.59702 -15.0101 6.92215
    endloop
  endfacet
  facet normal 0.862516 0.357266 0.358368
    outer loop
      vertex 3.95057 -15.8636 6.92215
      vertex 3.50518 -15.0481 7.1811
      vertex 3.85873 -15.9017 7.1811
    endloop
  endfacet
  facet normal 0.653281 0.270598 0.707108
    outer loop
      vertex 4.15917 -14.7772 6.06989
      vertex 4.54896 -15.6158 6.03067
      vertex 4.19541 -14.7622 6.03067
    endloop
  endfacet
  facet normal 0.653282 0.270598 0.707106
    outer loop
      vertex 4.54896 -15.6158 6.03067
      vertex 4.15917 -14.7772 6.06989
      vertex 4.47924 -15.6446 6.10613
    endloop
  endfacet
  facet normal 0.581417 0.240831 0.777145
    outer loop
      vertex 4.23524 -14.7457 5.99575
      vertex 4.54896 -15.6158 6.03067
      vertex 4.62559 -15.584 5.9635
    endloop
  endfacet
  facet normal 0.581416 0.24083 0.777146
    outer loop
      vertex 4.54896 -15.6158 6.03067
      vertex 4.23524 -14.7457 5.99575
      vertex 4.19541 -14.7622 6.03067
    endloop
  endfacet
  facet normal 0.892399 0.369644 0.25882
    outer loop
      vertex 3.45212 -15.0701 7.39545
      vertex 3.85873 -15.9017 7.1811
      vertex 3.50518 -15.0481 7.1811
    endloop
  endfacet
  facet normal 0.892398 0.369643 0.258822
    outer loop
      vertex 3.85873 -15.9017 7.1811
      vertex 3.45212 -15.0701 7.39545
      vertex 3.81792 -15.9186 7.34594
    endloop
  endfacet
  facet normal 0.144528 0.0598654 0.987688
    outer loop
      vertex 5.57772 -14.1896 5.36452
      vertex 5.67816 -15.148 5.40791
      vertex 5.93127 -15.0432 5.36452
    endloop
  endfacet
  facet normal 0.144528 0.0598654 0.987688
    outer loop
      vertex 5.67816 -15.148 5.40791
      vertex 5.57772 -14.1896 5.36452
      vertex 5.3246 -14.2945 5.40791
    endloop
  endfacet
  facet normal 0.239118 0.0990461 0.965926
    outer loop
      vertex 5.3246 -14.2945 5.40791
      vertex 5.52587 -15.2111 5.45208
      vertex 5.67816 -15.148 5.40791
    endloop
  endfacet
  facet normal 0.239117 0.0990459 0.965926
    outer loop
      vertex 5.52587 -15.2111 5.45208
      vertex 5.3246 -14.2945 5.40791
      vertex 5.12658 -14.3765 5.46534
    endloop
  endfacet
  facet normal 0.41943 0.173734 0.891008
    outer loop
      vertex 4.79216 -14.515 5.60429
      vertex 5.19138 -15.3497 5.5791
      vertex 4.83782 -14.4961 5.5791
    endloop
  endfacet
  facet normal 0.41943 0.173734 0.891008
    outer loop
      vertex 5.19138 -15.3497 5.5791
      vertex 4.79216 -14.515 5.60429
      vertex 5.10352 -15.3861 5.62756
    endloop
  endfacet
  facet normal 0.823185 0.340974 0.453986
    outer loop
      vertex 3.69009 -14.9715 6.72443
      vertex 4.06691 -15.8154 6.675
      vertex 3.71336 -14.9619 6.675
    endloop
  endfacet
  facet normal 0.823183 0.340973 0.453991
    outer loop
      vertex 4.06691 -15.8154 6.675
      vertex 3.69009 -14.9715 6.72443
      vertex 4.02215 -15.834 6.7701
    endloop
  endfacet
  facet normal 0.419434 0.173735 0.891006
    outer loop
      vertex 4.60949 -14.5907 5.70503
      vertex 5.10352 -15.3861 5.62756
      vertex 4.79216 -14.515 5.60429
    endloop
  endfacet
  facet normal 0.419435 0.173735 0.891005
    outer loop
      vertex 5.10352 -15.3861 5.62756
      vertex 4.60949 -14.5907 5.70503
      vertex 4.96304 -15.4442 5.70503
    endloop
  endfacet
  facet normal 0.503181 0.208424 0.83867
    outer loop
      vertex 4.60949 -14.5907 5.70503
      vertex 4.83082 -15.499 5.79798
      vertex 4.96304 -15.4442 5.70503
    endloop
  endfacet
  facet normal 0.503181 0.208424 0.838671
    outer loop
      vertex 4.83082 -15.499 5.79798
      vertex 4.60949 -14.5907 5.70503
      vertex 4.43755 -14.6619 5.82589
    endloop
  endfacet
  facet normal -0.912505 -0.377972 0.156435
    outer loop
      vertex 8.22841 -13.0917 7.44903
      vertex 8.59739 -13.9388 7.55445
      vertex 8.23643 -13.0884 7.50383
    endloop
  endfacet
  facet normal -0.912505 -0.377971 0.156439
    outer loop
      vertex 8.59739 -13.9388 7.55445
      vertex 8.22841 -13.0917 7.44903
      vertex 8.58196 -13.9452 7.44903
    endloop
  endfacet
  facet normal -0.77483 -0.320945 0.544639
    outer loop
      vertex 7.81433 -13.2632 6.44237
      vertex 8.25375 -14.0812 6.58549
      vertex 7.92599 -13.2169 6.62847
    endloop
  endfacet
  facet normal -0.774829 -0.320944 0.544642
    outer loop
      vertex 8.25375 -14.0812 6.58549
      vertex 7.81433 -13.2632 6.44237
      vertex 8.16788 -14.1168 6.44237
    endloop
  endfacet
  facet normal -0.717988 -0.2974 0.629322
    outer loop
      vertex 7.68531 -13.3166 6.26992
      vertex 8.16788 -14.1168 6.44237
      vertex 7.81433 -13.2632 6.44237
    endloop
  endfacet
  facet normal -0.717989 -0.297401 0.62932
    outer loop
      vertex 8.16788 -14.1168 6.44237
      vertex 7.68531 -13.3166 6.26992
      vertex 8.06867 -14.1578 6.30975
    endloop
  endfacet
  facet normal -0.503181 -0.208425 0.838671
    outer loop
      vertex 7.05777 -13.5766 5.70503
      vertex 7.54355 -14.3754 5.79798
      vertex 7.22971 -13.5054 5.82589
    endloop
  endfacet
  facet normal -0.503179 -0.208424 0.838672
    outer loop
      vertex 7.54355 -14.3754 5.79798
      vertex 7.05777 -13.5766 5.70503
      vertex 7.41132 -14.4301 5.70503
    endloop
  endfacet
  facet normal -0.419432 -0.173734 0.891007
    outer loop
      vertex 7.05777 -13.5766 5.70503
      vertex 7.27085 -14.4883 5.62756
      vertex 7.41132 -14.4301 5.70503
    endloop
  endfacet
  facet normal -0.419432 -0.173735 0.891007
    outer loop
      vertex 7.27085 -14.4883 5.62756
      vertex 7.05777 -13.5766 5.70503
      vertex 6.8751 -13.6522 5.60429
    endloop
  endfacet
  facet normal -0.823183 -0.340974 -0.453989
    outer loop
      vertex 8.35222 -14.0404 9.2299
      vertex 7.9539 -13.2054 9.325
      vertex 7.97717 -13.1957 9.27557
    endloop
  endfacet
  facet normal -0.823181 -0.340973 -0.453994
    outer loop
      vertex 7.9539 -13.2054 9.325
      vertex 8.35222 -14.0404 9.2299
      vertex 8.30746 -14.0589 9.325
    endloop
  endfacet
  facet normal -0.912505 -0.377972 -0.156434
    outer loop
      vertex 8.59739 -13.9388 8.44555
      vertex 8.22841 -13.0917 8.55097
      vertex 8.23643 -13.0884 8.49617
    endloop
  endfacet
  facet normal -0.912505 -0.377971 -0.156439
    outer loop
      vertex 8.22841 -13.0917 8.55097
      vertex 8.59739 -13.9388 8.44555
      vertex 8.58196 -13.9452 8.55097
    endloop
  endfacet
  facet normal -0.912505 -0.377972 -0.156434
    outer loop
      vertex 8.62205 -13.9286 8.277
      vertex 8.23643 -13.0884 8.49617
      vertex 8.2685 -13.0751 8.277
    endloop
  endfacet
  facet normal -0.912505 -0.377972 -0.156436
    outer loop
      vertex 8.23643 -13.0884 8.49617
      vertex 8.62205 -13.9286 8.277
      vertex 8.59739 -13.9388 8.44555
    endloop
  endfacet
  facet normal -0.581413 -0.24083 -0.777149
    outer loop
      vertex 7.62625 -14.3411 10.1439
      vertex 7.31253 -13.4711 10.109
      vertex 7.70288 -14.3094 10.0767
    endloop
  endfacet
  facet normal -0.581416 -0.24083 -0.777146
    outer loop
      vertex 7.31253 -13.4711 10.109
      vertex 7.62625 -14.3411 10.1439
      vertex 7.27269 -13.4876 10.1439
    endloop
  endfacet
  facet normal -0.419432 -0.173734 -0.891007
    outer loop
      vertex 7.27085 -14.4883 10.3724
      vertex 7.05777 -13.5766 10.295
      vertex 7.41132 -14.4301 10.295
    endloop
  endfacet
  facet normal -0.419432 -0.173735 -0.891007
    outer loop
      vertex 7.05777 -13.5766 10.295
      vertex 7.27085 -14.4883 10.3724
      vertex 6.8751 -13.6522 10.3957
    endloop
  endfacet
  facet normal -0.419432 -0.173734 -0.891007
    outer loop
      vertex 7.18299 -14.5247 10.4209
      vertex 6.8751 -13.6522 10.3957
      vertex 7.27085 -14.4883 10.3724
    endloop
  endfacet
  facet normal -0.419433 -0.173735 -0.891007
    outer loop
      vertex 6.8751 -13.6522 10.3957
      vertex 7.18299 -14.5247 10.4209
      vertex 6.82944 -13.6712 10.4209
    endloop
  endfacet
  facet normal -0.503182 -0.208425 -0.838669
    outer loop
      vertex 7.22971 -13.5054 10.1741
      vertex 7.62625 -14.3411 10.1439
      vertex 7.54355 -14.3754 10.202
    endloop
  endfacet
  facet normal -0.503179 -0.208424 -0.838672
    outer loop
      vertex 7.62625 -14.3411 10.1439
      vertex 7.22971 -13.5054 10.1741
      vertex 7.27269 -13.4876 10.1439
    endloop
  endfacet
  facet normal -0.239119 -0.0990464 0.965925
    outer loop
      vertex 6.59019 -13.7703 5.4797
      vertex 6.79146 -14.6869 5.43553
      vertex 6.94374 -14.6238 5.4797
    endloop
  endfacet
  facet normal -0.239118 -0.0990461 0.965926
    outer loop
      vertex 6.79146 -14.6869 5.43553
      vertex 6.59019 -13.7703 5.4797
      vertex 6.39216 -13.8523 5.42227
    endloop
  endfacet
  facet normal -0.239122 -0.0990475 -0.965925
    outer loop
      vertex 6.69621 -14.7263 10.5921
      vertex 6.39216 -13.8523 10.5777
      vertex 6.79146 -14.6869 10.5645
    endloop
  endfacet
  facet normal -0.239121 -0.0990472 -0.965925
    outer loop
      vertex 6.39216 -13.8523 10.5777
      vertex 6.69621 -14.7263 10.5921
      vertex 6.34266 -13.8728 10.5921
    endloop
  endfacet
  facet normal -0.33109 -0.137142 -0.93358
    outer loop
      vertex 6.59019 -13.7703 10.5203
      vertex 7.09093 -14.5628 10.4591
      vertex 6.94374 -14.6238 10.5203
    endloop
  endfacet
  facet normal -0.331087 -0.13714 -0.933581
    outer loop
      vertex 7.09093 -14.5628 10.4591
      vertex 6.59019 -13.7703 10.5203
      vertex 6.78159 -13.691 10.4408
    endloop
  endfacet
  facet normal 0.0483511 0.0200281 -0.99863
    outer loop
      vertex 5.78245 -14.1048 10.6471
      vertex 6.18718 -14.9372 10.65
      vertex 6.08871 -14.978 10.6444
    endloop
  endfacet
  facet normal 0.048345 0.0200251 -0.99863
    outer loop
      vertex 6.18718 -14.9372 10.65
      vertex 5.78245 -14.1048 10.6471
      vertex 5.83363 -14.0836 10.65
    endloop
  endfacet
  facet normal 0.144528 0.0598654 -0.987688
    outer loop
      vertex 5.67816 -15.148 10.5921
      vertex 5.57772 -14.1896 10.6355
      vertex 5.93127 -15.0432 10.6355
    endloop
  endfacet
  facet normal 0.144528 0.0598654 -0.987688
    outer loop
      vertex 5.57772 -14.1896 10.6355
      vertex 5.67816 -15.148 10.5921
      vertex 5.3246 -14.2945 10.5921
    endloop
  endfacet
  facet normal 0.0483519 0.020028 -0.99863
    outer loop
      vertex 5.57772 -14.1896 10.6355
      vertex 6.08871 -14.978 10.6444
      vertex 5.93127 -15.0432 10.6355
    endloop
  endfacet
  facet normal 0.0483531 0.0200288 -0.998629
    outer loop
      vertex 6.08871 -14.978 10.6444
      vertex 5.57772 -14.1896 10.6355
      vertex 5.78245 -14.1048 10.6471
    endloop
  endfacet
  facet normal 0.503184 0.208425 -0.838668
    outer loop
      vertex 4.74812 -15.5333 10.1439
      vertex 4.43755 -14.6619 10.1741
      vertex 4.83082 -15.499 10.202
    endloop
  endfacet
  facet normal 0.503179 0.208424 -0.838672
    outer loop
      vertex 4.43755 -14.6619 10.1741
      vertex 4.74812 -15.5333 10.1439
      vertex 4.39457 -14.6797 10.1439
    endloop
  endfacet
  facet normal 0.717988 0.297401 -0.629321
    outer loop
      vertex 4.36776 -15.6908 9.7732
      vertex 3.98195 -14.8506 9.73008
      vertex 4.0142 -14.8373 9.7732
    endloop
  endfacet
  facet normal 0.717987 0.2974 -0.629324
    outer loop
      vertex 3.98195 -14.8506 9.73008
      vertex 4.36776 -15.6908 9.7732
      vertex 4.3057 -15.7165 9.69025
    endloop
  endfacet
  facet normal 0.717988 0.2974 -0.629322
    outer loop
      vertex 4.3057 -15.7165 9.69025
      vertex 3.85293 -14.9041 9.55763
      vertex 3.98195 -14.8506 9.73008
    endloop
  endfacet
  facet normal 0.717989 0.297401 -0.629321
    outer loop
      vertex 3.85293 -14.9041 9.55763
      vertex 4.3057 -15.7165 9.69025
      vertex 4.20648 -15.7576 9.55763
    endloop
  endfacet
  facet normal 0.862515 0.357265 -0.35837
    outer loop
      vertex 3.95057 -15.8636 9.07785
      vertex 3.50518 -15.0481 8.81889
      vertex 3.59702 -15.0101 9.07785
    endloop
  endfacet
  facet normal 0.862516 0.357266 -0.358368
    outer loop
      vertex 3.50518 -15.0481 8.81889
      vertex 3.95057 -15.8636 9.07785
      vertex 3.85873 -15.9017 8.81889
    endloop
  endfacet
  facet normal 0.77483 0.320945 -0.54464
    outer loop
      vertex 4.12062 -15.7932 9.41451
      vertex 3.71336 -14.9619 9.325
      vertex 3.74127 -14.9503 9.37153
    endloop
  endfacet
  facet normal 0.774832 0.320946 -0.544637
    outer loop
      vertex 3.71336 -14.9619 9.325
      vertex 4.12062 -15.7932 9.41451
      vertex 4.06691 -15.8154 9.325
    endloop
  endfacet
  facet normal 0.774831 0.320945 -0.544638
    outer loop
      vertex 4.20648 -15.7576 9.55763
      vertex 3.74127 -14.9503 9.37153
      vertex 3.85293 -14.9041 9.55763
    endloop
  endfacet
  facet normal 0.774831 0.320945 -0.544639
    outer loop
      vertex 3.74127 -14.9503 9.37153
      vertex 4.20648 -15.7576 9.55763
      vertex 4.12062 -15.7932 9.41451
    endloop
  endfacet
  facet normal 0.892399 0.369643 -0.258822
    outer loop
      vertex 3.81792 -15.9186 8.65406
      vertex 3.43885 -15.0756 8.55097
      vertex 3.45212 -15.0701 8.60455
    endloop
  endfacet
  facet normal 0.8924 0.369645 -0.258815
    outer loop
      vertex 3.43885 -15.0756 8.55097
      vertex 3.81792 -15.9186 8.65406
      vertex 3.7924 -15.9291 8.55097
    endloop
  endfacet
  facet normal 0.922613 0.382159 -0.0523353
    outer loop
      vertex 3.74715 -15.9479 8.17042
      vertex 3.38535 -15.0977 8
      vertex 3.39608 -15.0933 8.2216
    endloop
  endfacet
  facet normal 0.922613 0.382159 -0.0523366
    outer loop
      vertex 3.38535 -15.0977 8
      vertex 3.74715 -15.9479 8.17042
      vertex 3.7389 -15.9513 8
    endloop
  endfacet
  facet normal 0.912505 0.377972 0.156434
    outer loop
      vertex 3.39876 -15.0922 7.723
      vertex 3.7924 -15.9291 7.44903
      vertex 3.43885 -15.0756 7.44903
    endloop
  endfacet
  facet normal 0.912505 0.377972 0.156434
    outer loop
      vertex 3.7924 -15.9291 7.44903
      vertex 3.39876 -15.0922 7.723
      vertex 3.75232 -15.9457 7.723
    endloop
  endfacet
  facet normal 0.77483 0.320945 0.54464
    outer loop
      vertex 3.71336 -14.9619 6.675
      vertex 4.12062 -15.7932 6.58549
      vertex 3.74127 -14.9503 6.62847
    endloop
  endfacet
  facet normal 0.774832 0.320946 0.544637
    outer loop
      vertex 4.12062 -15.7932 6.58549
      vertex 3.71336 -14.9619 6.675
      vertex 4.06691 -15.8154 6.675
    endloop
  endfacet
  facet normal 0.331089 0.137141 0.933581
    outer loop
      vertex 4.88567 -14.4763 5.55922
      vertex 5.19138 -15.3497 5.5791
      vertex 5.28343 -15.3115 5.54086
    endloop
  endfacet
  facet normal 0.331088 0.137141 0.933581
    outer loop
      vertex 5.19138 -15.3497 5.5791
      vertex 4.88567 -14.4763 5.55922
      vertex 4.83782 -14.4961 5.5791
    endloop
  endfacet
  facet normal 0.581413 0.240829 0.777148
    outer loop
      vertex 4.39457 -14.6797 5.8561
      vertex 4.62559 -15.584 5.9635
      vertex 4.74812 -15.5333 5.8561
    endloop
  endfacet
  facet normal 0.581415 0.24083 0.777147
    outer loop
      vertex 4.62559 -15.584 5.9635
      vertex 4.39457 -14.6797 5.8561
      vertex 4.23524 -14.7457 5.99575
    endloop
  endfacet
  facet normal 0.503181 0.208424 0.83867
    outer loop
      vertex 4.43755 -14.6619 5.82589
      vertex 4.74812 -15.5333 5.8561
      vertex 4.83082 -15.499 5.79798
    endloop
  endfacet
  facet normal 0.503179 0.208424 0.838672
    outer loop
      vertex 4.74812 -15.5333 5.8561
      vertex 4.43755 -14.6619 5.82589
      vertex 4.39457 -14.6797 5.8561
    endloop
  endfacet
  facet normal -0.823183 -0.340973 -0.453991
    outer loop
      vertex 8.4238 -14.0107 9.07785
      vertex 7.97717 -13.1957 9.27557
      vertex 8.07025 -13.1572 9.07785
    endloop
  endfacet
  facet normal -0.823184 -0.340975 -0.453986
    outer loop
      vertex 7.97717 -13.1957 9.27557
      vertex 8.4238 -14.0107 9.07785
      vertex 8.35222 -14.0404 9.2299
    endloop
  endfacet
  facet normal -0.862516 -0.357266 -0.358367
    outer loop
      vertex 8.51564 -13.9727 8.81889
      vertex 8.07025 -13.1572 9.07785
      vertex 8.16208 -13.1192 8.81889
    endloop
  endfacet
  facet normal -0.862516 -0.357265 -0.358369
    outer loop
      vertex 8.07025 -13.1572 9.07785
      vertex 8.51564 -13.9727 8.81889
      vertex 8.4238 -14.0107 9.07785
    endloop
  endfacet
  facet normal -0.581417 -0.240831 -0.777145
    outer loop
      vertex 7.70288 -14.3094 10.0767
      vertex 7.47185 -13.4051 9.96933
      vertex 7.8254 -14.2586 9.96933
    endloop
  endfacet
  facet normal -0.581416 -0.240831 -0.777146
    outer loop
      vertex 7.47185 -13.4051 9.96933
      vertex 7.70288 -14.3094 10.0767
      vertex 7.31253 -13.4711 10.109
    endloop
  endfacet
  facet normal -0.653284 -0.270599 -0.707104
    outer loop
      vertex 7.47185 -13.4051 9.96933
      vertex 7.93689 -14.2124 9.84866
      vertex 7.8254 -14.2586 9.96933
    endloop
  endfacet
  facet normal -0.653283 -0.270598 -0.707105
    outer loop
      vertex 7.93689 -14.2124 9.84866
      vertex 7.47185 -13.4051 9.96933
      vertex 7.61682 -13.345 9.81242
    endloop
  endfacet
  facet normal -0.503179 -0.208424 -0.838672
    outer loop
      vertex 7.05777 -13.5766 10.295
      vertex 7.54355 -14.3754 10.202
      vertex 7.41132 -14.4301 10.295
    endloop
  endfacet
  facet normal -0.503181 -0.208425 -0.838671
    outer loop
      vertex 7.54355 -14.3754 10.202
      vertex 7.05777 -13.5766 10.295
      vertex 7.22971 -13.5054 10.1741
    endloop
  endfacet
  facet normal 0.419433 0.173735 -0.891007
    outer loop
      vertex 4.60949 -14.5907 10.295
      vertex 5.10352 -15.3861 10.3724
      vertex 4.96304 -15.4442 10.295
    endloop
  endfacet
  facet normal 0.419434 0.173735 -0.891006
    outer loop
      vertex 5.10352 -15.3861 10.3724
      vertex 4.60949 -14.5907 10.295
      vertex 4.79216 -14.515 10.3957
    endloop
  endfacet
  facet normal 0.419433 0.173735 -0.891006
    outer loop
      vertex 4.79216 -14.515 10.3957
      vertex 5.19138 -15.3497 10.4209
      vertex 5.10352 -15.3861 10.3724
    endloop
  endfacet
  facet normal 0.41943 0.173734 -0.891008
    outer loop
      vertex 5.19138 -15.3497 10.4209
      vertex 4.79216 -14.515 10.3957
      vertex 4.83782 -14.4961 10.4209
    endloop
  endfacet
  facet normal 0.581415 0.24083 -0.777147
    outer loop
      vertex 4.62559 -15.584 10.0365
      vertex 4.39457 -14.6797 10.1439
      vertex 4.74812 -15.5333 10.1439
    endloop
  endfacet
  facet normal 0.581415 0.24083 -0.777147
    outer loop
      vertex 4.39457 -14.6797 10.1439
      vertex 4.62559 -15.584 10.0365
      vertex 4.23524 -14.7457 10.0042
    endloop
  endfacet
  facet normal 0.33109 0.137142 -0.93358
    outer loop
      vertex 5.28343 -15.3115 10.4591
      vertex 5.07707 -14.397 10.5203
      vertex 5.43062 -15.2506 10.5203
    endloop
  endfacet
  facet normal 0.331086 0.137141 -0.933581
    outer loop
      vertex 5.07707 -14.397 10.5203
      vertex 5.28343 -15.3115 10.4591
      vertex 4.88567 -14.4763 10.4408
    endloop
  endfacet
  facet normal 0.331085 0.13714 -0.933582
    outer loop
      vertex 5.19138 -15.3497 10.4209
      vertex 4.88567 -14.4763 10.4408
      vertex 5.28343 -15.3115 10.4591
    endloop
  endfacet
  facet normal 0.331095 0.137144 -0.933578
    outer loop
      vertex 4.88567 -14.4763 10.4408
      vertex 5.19138 -15.3497 10.4209
      vertex 4.83782 -14.4961 10.4209
    endloop
  endfacet
  facet normal -0.774833 -0.320946 -0.544634
    outer loop
      vertex 8.30746 -14.0589 9.325
      vertex 7.92599 -13.2169 9.37153
      vertex 7.9539 -13.2054 9.325
    endloop
  endfacet
  facet normal -0.774834 -0.320946 -0.544634
    outer loop
      vertex 7.92599 -13.2169 9.37153
      vertex 8.30746 -14.0589 9.325
      vertex 8.25375 -14.0812 9.41451
    endloop
  endfacet
  facet normal -0.0483513 0.0200276 0.99863
    outer loop
      vertex -6.08871 -14.978 5.35559
      vertex -5.57772 -14.1896 5.36452
      vertex -5.78245 -14.1048 5.3529
    endloop
  endfacet
  facet normal -0.0483519 0.020028 0.99863
    outer loop
      vertex -5.57772 -14.1896 5.36452
      vertex -6.08871 -14.978 5.35559
      vertex -5.93127 -15.0432 5.36452
    endloop
  endfacet
  facet normal -0.0483529 0.0200284 0.998629
    outer loop
      vertex -6.18718 -14.9372 5.35
      vertex -5.78245 -14.1048 5.3529
      vertex -5.83363 -14.0836 5.35
    endloop
  endfacet
  facet normal -0.0483513 0.0200276 0.99863
    outer loop
      vertex -5.78245 -14.1048 5.3529
      vertex -6.18718 -14.9372 5.35
      vertex -6.08871 -14.978 5.35559
    endloop
  endfacet
  facet normal -0.892399 0.369643 -0.258822
    outer loop
      vertex -3.43885 -15.0756 8.55097
      vertex -3.81792 -15.9186 8.65406
      vertex -3.45212 -15.0701 8.60455
    endloop
  endfacet
  facet normal -0.8924 0.369645 -0.258815
    outer loop
      vertex -3.81792 -15.9186 8.65406
      vertex -3.43885 -15.0756 8.55097
      vertex -3.7924 -15.9291 8.55097
    endloop
  endfacet
  facet normal -0.331088 0.137141 0.933581
    outer loop
      vertex -5.07707 -14.397 5.4797
      vertex -5.28343 -15.3115 5.54086
      vertex -4.88567 -14.4763 5.55922
    endloop
  endfacet
  facet normal -0.331087 0.137141 0.933581
    outer loop
      vertex -5.28343 -15.3115 5.54086
      vertex -5.07707 -14.397 5.4797
      vertex -5.43062 -15.2506 5.4797
    endloop
  endfacet
  facet normal -0.717988 0.297401 0.629321
    outer loop
      vertex -4.36776 -15.6908 6.2268
      vertex -3.98195 -14.8506 6.26992
      vertex -4.0142 -14.8373 6.2268
    endloop
  endfacet
  facet normal -0.717987 0.2974 0.629324
    outer loop
      vertex -3.98195 -14.8506 6.26992
      vertex -4.36776 -15.6908 6.2268
      vertex -4.3057 -15.7165 6.30975
    endloop
  endfacet
  facet normal -0.581416 0.24083 -0.777146
    outer loop
      vertex -4.54896 -15.6158 9.96933
      vertex -4.23524 -14.7457 10.0042
      vertex -4.19541 -14.7622 9.96933
    endloop
  endfacet
  facet normal -0.581415 0.24083 -0.777147
    outer loop
      vertex -4.23524 -14.7457 10.0042
      vertex -4.54896 -15.6158 9.96933
      vertex -4.62559 -15.584 10.0365
    endloop
  endfacet
  facet normal 0.581416 -0.24083 0.777146
    outer loop
      vertex -7.47185 -13.4051 6.03067
      vertex -7.70288 -14.3094 5.92327
      vertex -7.31253 -13.4711 5.89102
    endloop
  endfacet
  facet normal 0.581416 -0.24083 0.777146
    outer loop
      vertex -7.70288 -14.3094 5.92327
      vertex -7.47185 -13.4051 6.03067
      vertex -7.8254 -14.2586 6.03067
    endloop
  endfacet
  facet normal 0.653281 -0.270598 0.707108
    outer loop
      vertex -8.00661 -14.1836 6.2268
      vertex -7.61682 -13.345 6.18758
      vertex -7.65306 -13.33 6.2268
    endloop
  endfacet
  facet normal 0.653284 -0.270599 0.707104
    outer loop
      vertex -7.61682 -13.345 6.18758
      vertex -8.00661 -14.1836 6.2268
      vertex -7.93689 -14.2124 6.15133
    endloop
  endfacet
  facet normal -0.823185 0.340974 0.453986
    outer loop
      vertex -4.06691 -15.8154 6.675
      vertex -3.69009 -14.9715 6.72443
      vertex -3.71336 -14.9619 6.675
    endloop
  endfacet
  facet normal -0.823183 0.340973 0.453991
    outer loop
      vertex -3.69009 -14.9715 6.72443
      vertex -4.06691 -15.8154 6.675
      vertex -4.02215 -15.834 6.7701
    endloop
  endfacet
  facet normal 0.331089 -0.137141 -0.933581
    outer loop
      vertex -7.18299 -14.5247 10.4209
      vertex -6.78159 -13.691 10.4408
      vertex -7.09093 -14.5628 10.4591
    endloop
  endfacet
  facet normal 0.331095 -0.137144 -0.933578
    outer loop
      vertex -6.78159 -13.691 10.4408
      vertex -7.18299 -14.5247 10.4209
      vertex -6.82944 -13.6712 10.4209
    endloop
  endfacet
  facet normal -0.331088 0.137141 0.933581
    outer loop
      vertex -4.88567 -14.4763 5.55922
      vertex -5.19138 -15.3497 5.5791
      vertex -4.83782 -14.4961 5.5791
    endloop
  endfacet
  facet normal -0.331089 0.137141 0.933581
    outer loop
      vertex -5.19138 -15.3497 5.5791
      vertex -4.88567 -14.4763 5.55922
      vertex -5.28343 -15.3115 5.54086
    endloop
  endfacet
  facet normal -0.892399 0.369644 -0.25882
    outer loop
      vertex -3.45212 -15.0701 8.60455
      vertex -3.85873 -15.9017 8.81889
      vertex -3.50518 -15.0481 8.81889
    endloop
  endfacet
  facet normal -0.892398 0.369643 -0.258823
    outer loop
      vertex -3.85873 -15.9017 8.81889
      vertex -3.45212 -15.0701 8.60455
      vertex -3.81792 -15.9186 8.65406
    endloop
  endfacet
  facet normal -0.922613 0.382159 -0.0523368
    outer loop
      vertex -3.39608 -15.0933 8.2216
      vertex -3.75232 -15.9457 8.277
      vertex -3.39876 -15.0922 8.277
    endloop
  endfacet
  facet normal -0.922613 0.382159 -0.0523375
    outer loop
      vertex -3.75232 -15.9457 8.277
      vertex -3.39608 -15.0933 8.2216
      vertex -3.74715 -15.9479 8.17042
    endloop
  endfacet
  facet normal -0.419434 0.173735 0.891006
    outer loop
      vertex -5.10352 -15.3861 5.62756
      vertex -4.60949 -14.5907 5.70503
      vertex -4.79216 -14.515 5.60429
    endloop
  endfacet
  facet normal -0.419435 0.173735 0.891005
    outer loop
      vertex -4.60949 -14.5907 5.70503
      vertex -5.10352 -15.3861 5.62756
      vertex -4.96304 -15.4442 5.70503
    endloop
  endfacet
  facet normal 0.581416 -0.24083 0.777146
    outer loop
      vertex -7.31253 -13.4711 5.89102
      vertex -7.62625 -14.3411 5.8561
      vertex -7.27269 -13.4876 5.8561
    endloop
  endfacet
  facet normal 0.581416 -0.24083 0.777147
    outer loop
      vertex -7.62625 -14.3411 5.8561
      vertex -7.31253 -13.4711 5.89102
      vertex -7.70288 -14.3094 5.92327
    endloop
  endfacet
  facet normal 0.0483533 -0.0200286 0.998629
    outer loop
      vertex -6.4431 -14.8312 5.36452
      vertex -6.03836 -13.9988 5.36161
      vertex -6.08955 -13.9776 5.36452
    endloop
  endfacet
  facet normal 0.0483511 -0.0200275 0.99863
    outer loop
      vertex -6.03836 -13.9988 5.36161
      vertex -6.4431 -14.8312 5.36452
      vertex -6.34463 -14.872 5.35893
    endloop
  endfacet
  facet normal -0.912505 0.377972 0.156434
    outer loop
      vertex -3.7924 -15.9291 7.44903
      vertex -3.39876 -15.0922 7.723
      vertex -3.43885 -15.0756 7.44903
    endloop
  endfacet
  facet normal -0.912505 0.377972 0.156434
    outer loop
      vertex -3.39876 -15.0922 7.723
      vertex -3.7924 -15.9291 7.44903
      vertex -3.75232 -15.9457 7.723
    endloop
  endfacet
  facet normal 0.653284 -0.270599 -0.707104
    outer loop
      vertex -7.93689 -14.2124 9.84866
      vertex -7.47185 -13.4051 9.96933
      vertex -7.8254 -14.2586 9.96933
    endloop
  endfacet
  facet normal 0.653283 -0.270598 -0.707105
    outer loop
      vertex -7.47185 -13.4051 9.96933
      vertex -7.93689 -14.2124 9.84866
      vertex -7.61682 -13.345 9.81242
    endloop
  endfacet
  facet normal -0.503181 0.208424 0.838671
    outer loop
      vertex -4.60949 -14.5907 5.70503
      vertex -4.83082 -15.499 5.79798
      vertex -4.43755 -14.6619 5.82589
    endloop
  endfacet
  facet normal -0.503181 0.208424 0.83867
    outer loop
      vertex -4.83082 -15.499 5.79798
      vertex -4.60949 -14.5907 5.70503
      vertex -4.96304 -15.4442 5.70503
    endloop
  endfacet
  facet normal -0.653284 0.270599 0.707104
    outer loop
      vertex -4.47924 -15.6446 6.10613
      vertex -4.0142 -14.8373 6.2268
      vertex -4.15917 -14.7772 6.06989
    endloop
  endfacet
  facet normal -0.653284 0.270599 0.707104
    outer loop
      vertex -4.0142 -14.8373 6.2268
      vertex -4.47924 -15.6446 6.10613
      vertex -4.36776 -15.6908 6.2268
    endloop
  endfacet
  facet normal -0.717988 0.2974 0.629322
    outer loop
      vertex -4.3057 -15.7165 6.30975
      vertex -3.85293 -14.9041 6.44237
      vertex -3.98195 -14.8506 6.26992
    endloop
  endfacet
  facet normal -0.717989 0.297401 0.629321
    outer loop
      vertex -3.85293 -14.9041 6.44237
      vertex -4.3057 -15.7165 6.30975
      vertex -4.20648 -15.7576 6.44237
    endloop
  endfacet
  facet normal -0.717988 0.297401 -0.629321
    outer loop
      vertex -3.98195 -14.8506 9.73008
      vertex -4.36776 -15.6908 9.7732
      vertex -4.0142 -14.8373 9.7732
    endloop
  endfacet
  facet normal -0.717987 0.2974 -0.629324
    outer loop
      vertex -4.36776 -15.6908 9.7732
      vertex -3.98195 -14.8506 9.73008
      vertex -4.3057 -15.7165 9.69025
    endloop
  endfacet
  facet normal 0.144528 -0.0598654 -0.987688
    outer loop
      vertex -6.4431 -14.8312 10.6355
      vertex -6.34266 -13.8728 10.5921
      vertex -6.08955 -13.9776 10.6355
    endloop
  endfacet
  facet normal 0.144528 -0.0598654 -0.987688
    outer loop
      vertex -6.34266 -13.8728 10.5921
      vertex -6.4431 -14.8312 10.6355
      vertex -6.69621 -14.7263 10.5921
    endloop
  endfacet
  facet normal 0.823183 -0.340974 -0.453989
    outer loop
      vertex -7.9539 -13.2054 9.325
      vertex -8.35222 -14.0404 9.2299
      vertex -7.97717 -13.1957 9.27557
    endloop
  endfacet
  facet normal 0.823181 -0.340973 -0.453994
    outer loop
      vertex -8.35222 -14.0404 9.2299
      vertex -7.9539 -13.2054 9.325
      vertex -8.30746 -14.0589 9.325
    endloop
  endfacet
  facet normal 0.331089 -0.137142 0.93358
    outer loop
      vertex -7.09093 -14.5628 5.54086
      vertex -6.59019 -13.7703 5.4797
      vertex -6.78159 -13.691 5.55922
    endloop
  endfacet
  facet normal 0.331087 -0.137141 0.933581
    outer loop
      vertex -6.59019 -13.7703 5.4797
      vertex -7.09093 -14.5628 5.54086
      vertex -6.94374 -14.6238 5.4797
    endloop
  endfacet
  facet normal 0.144528 -0.0598654 0.987688
    outer loop
      vertex -6.34266 -13.8728 5.40791
      vertex -6.4431 -14.8312 5.36452
      vertex -6.08955 -13.9776 5.36452
    endloop
  endfacet
  facet normal 0.144528 -0.0598654 0.987688
    outer loop
      vertex -6.4431 -14.8312 5.36452
      vertex -6.34266 -13.8728 5.40791
      vertex -6.69621 -14.7263 5.40791
    endloop
  endfacet
  facet normal -0.922613 0.382159 -0.0523353
    outer loop
      vertex -3.38535 -15.0977 8
      vertex -3.74715 -15.9479 8.17042
      vertex -3.39608 -15.0933 8.2216
    endloop
  endfacet
  facet normal -0.922613 0.382159 -0.0523366
    outer loop
      vertex -3.74715 -15.9479 8.17042
      vertex -3.38535 -15.0977 8
      vertex -3.7389 -15.9513 8
    endloop
  endfacet
  facet normal -0.922613 0.382159 0.0523356
    outer loop
      vertex -3.74715 -15.9479 7.82958
      vertex -3.38535 -15.0977 8
      vertex -3.39608 -15.0933 7.7784
    endloop
  endfacet
  facet normal -0.922613 0.382159 0.0523367
    outer loop
      vertex -3.38535 -15.0977 8
      vertex -3.74715 -15.9479 7.82958
      vertex -3.7389 -15.9513 8
    endloop
  endfacet
  facet normal -0.144528 0.0598654 0.987688
    outer loop
      vertex -5.57772 -14.1896 5.36452
      vertex -5.67816 -15.148 5.40791
      vertex -5.3246 -14.2945 5.40791
    endloop
  endfacet
  facet normal -0.144528 0.0598654 0.987688
    outer loop
      vertex -5.67816 -15.148 5.40791
      vertex -5.57772 -14.1896 5.36452
      vertex -5.93127 -15.0432 5.36452
    endloop
  endfacet
  facet normal -0.239117 0.0990459 0.965926
    outer loop
      vertex -5.3246 -14.2945 5.40791
      vertex -5.52587 -15.2111 5.45208
      vertex -5.12658 -14.3765 5.46534
    endloop
  endfacet
  facet normal -0.239118 0.0990461 0.965926
    outer loop
      vertex -5.52587 -15.2111 5.45208
      vertex -5.3246 -14.2945 5.40791
      vertex -5.67816 -15.148 5.40791
    endloop
  endfacet
  facet normal -0.41943 0.173734 0.891008
    outer loop
      vertex -5.19138 -15.3497 5.5791
      vertex -4.79216 -14.515 5.60429
      vertex -4.83782 -14.4961 5.5791
    endloop
  endfacet
  facet normal -0.41943 0.173734 0.891008
    outer loop
      vertex -4.79216 -14.515 5.60429
      vertex -5.19138 -15.3497 5.5791
      vertex -5.10352 -15.3861 5.62756
    endloop
  endfacet
  facet normal -0.922613 0.382159 0.0523368
    outer loop
      vertex -3.75232 -15.9457 7.723
      vertex -3.39608 -15.0933 7.7784
      vertex -3.39876 -15.0922 7.723
    endloop
  endfacet
  facet normal -0.922613 0.382159 0.0523377
    outer loop
      vertex -3.39608 -15.0933 7.7784
      vertex -3.75232 -15.9457 7.723
      vertex -3.74715 -15.9479 7.82958
    endloop
  endfacet
  facet normal -0.581416 0.24083 0.777146
    outer loop
      vertex -4.23524 -14.7457 5.99575
      vertex -4.54896 -15.6158 6.03067
      vertex -4.19541 -14.7622 6.03067
    endloop
  endfacet
  facet normal -0.581417 0.240831 0.777145
    outer loop
      vertex -4.54896 -15.6158 6.03067
      vertex -4.23524 -14.7457 5.99575
      vertex -4.62559 -15.584 5.9635
    endloop
  endfacet
  facet normal -0.653281 0.270598 0.707108
    outer loop
      vertex -4.54896 -15.6158 6.03067
      vertex -4.15917 -14.7772 6.06989
      vertex -4.19541 -14.7622 6.03067
    endloop
  endfacet
  facet normal -0.653282 0.270598 0.707106
    outer loop
      vertex -4.15917 -14.7772 6.06989
      vertex -4.54896 -15.6158 6.03067
      vertex -4.47924 -15.6446 6.10613
    endloop
  endfacet
  facet normal 0.922613 -0.382158 -0.0523407
    outer loop
      vertex -8.27923 -13.0706 8.0554
      vertex -8.63546 -13.9231 8
      vertex -8.28191 -13.0695 8
    endloop
  endfacet
  facet normal 0.922614 -0.382159 -0.0523354
    outer loop
      vertex -8.63546 -13.9231 8
      vertex -8.27923 -13.0706 8.0554
      vertex -8.6303 -13.9252 8.10658
    endloop
  endfacet
  facet normal 0.653283 -0.270599 0.707105
    outer loop
      vertex -7.93689 -14.2124 6.15133
      vertex -7.47185 -13.4051 6.03067
      vertex -7.61682 -13.345 6.18758
    endloop
  endfacet
  facet normal 0.653283 -0.270599 0.707106
    outer loop
      vertex -7.47185 -13.4051 6.03067
      vertex -7.93689 -14.2124 6.15133
      vertex -7.8254 -14.2586 6.03067
    endloop
  endfacet
  facet normal 0.823183 -0.340974 0.453989
    outer loop
      vertex -8.35222 -14.0404 6.7701
      vertex -7.9539 -13.2054 6.675
      vertex -7.97717 -13.1957 6.72443
    endloop
  endfacet
  facet normal 0.823182 -0.340973 0.453992
    outer loop
      vertex -7.9539 -13.2054 6.675
      vertex -8.35222 -14.0404 6.7701
      vertex -8.30746 -14.0589 6.675
    endloop
  endfacet
  facet normal 0.239121 -0.0990472 0.965925
    outer loop
      vertex -6.39216 -13.8523 5.42227
      vertex -6.69621 -14.7263 5.40791
      vertex -6.34266 -13.8728 5.40791
    endloop
  endfacet
  facet normal 0.239118 -0.0990462 0.965926
    outer loop
      vertex -6.69621 -14.7263 5.40791
      vertex -6.39216 -13.8523 5.42227
      vertex -6.79146 -14.6869 5.43553
    endloop
  endfacet
  facet normal 0.503179 -0.208424 0.838672
    outer loop
      vertex -7.62625 -14.3411 5.8561
      vertex -7.22971 -13.5054 5.82589
      vertex -7.27269 -13.4876 5.8561
    endloop
  endfacet
  facet normal 0.503182 -0.208425 0.838669
    outer loop
      vertex -7.22971 -13.5054 5.82589
      vertex -7.62625 -14.3411 5.8561
      vertex -7.54355 -14.3754 5.79798
    endloop
  endfacet
  facet normal 0.653282 -0.270598 -0.707107
    outer loop
      vertex -8.00661 -14.1836 9.7732
      vertex -7.61682 -13.345 9.81242
      vertex -7.93689 -14.2124 9.84866
    endloop
  endfacet
  facet normal 0.653281 -0.270598 -0.707108
    outer loop
      vertex -7.61682 -13.345 9.81242
      vertex -8.00661 -14.1836 9.7732
      vertex -7.65306 -13.33 9.7732
    endloop
  endfacet
  facet normal 0.0483509 -0.020028 -0.99863
    outer loop
      vertex -6.4431 -14.8312 10.6355
      vertex -6.03836 -13.9988 10.6384
      vertex -6.34463 -14.872 10.6411
    endloop
  endfacet
  facet normal 0.0483454 -0.0200253 -0.99863
    outer loop
      vertex -6.03836 -13.9988 10.6384
      vertex -6.4431 -14.8312 10.6355
      vertex -6.08955 -13.9776 10.6355
    endloop
  endfacet
  facet normal 0.912505 -0.377972 -0.156434
    outer loop
      vertex -8.22841 -13.0917 8.55097
      vertex -8.59739 -13.9388 8.44555
      vertex -8.23643 -13.0884 8.49617
    endloop
  endfacet
  facet normal 0.912505 -0.377971 -0.156439
    outer loop
      vertex -8.59739 -13.9388 8.44555
      vertex -8.22841 -13.0917 8.55097
      vertex -8.58196 -13.9452 8.55097
    endloop
  endfacet
  facet normal -0.581415 0.24083 0.777147
    outer loop
      vertex -4.39457 -14.6797 5.8561
      vertex -4.62559 -15.584 5.9635
      vertex -4.23524 -14.7457 5.99575
    endloop
  endfacet
  facet normal -0.581413 0.240829 0.777148
    outer loop
      vertex -4.62559 -15.584 5.9635
      vertex -4.39457 -14.6797 5.8561
      vertex -4.74812 -15.5333 5.8561
    endloop
  endfacet
  facet normal -0.503179 0.208424 0.838672
    outer loop
      vertex -4.43755 -14.6619 5.82589
      vertex -4.74812 -15.5333 5.8561
      vertex -4.39457 -14.6797 5.8561
    endloop
  endfacet
  facet normal -0.503181 0.208424 0.83867
    outer loop
      vertex -4.74812 -15.5333 5.8561
      vertex -4.43755 -14.6619 5.82589
      vertex -4.83082 -15.499 5.79798
    endloop
  endfacet
  facet normal -0.77483 0.320945 0.54464
    outer loop
      vertex -4.12062 -15.7932 6.58549
      vertex -3.71336 -14.9619 6.675
      vertex -3.74127 -14.9503 6.62847
    endloop
  endfacet
  facet normal -0.774832 0.320946 0.544637
    outer loop
      vertex -3.71336 -14.9619 6.675
      vertex -4.12062 -15.7932 6.58549
      vertex -4.06691 -15.8154 6.675
    endloop
  endfacet
  facet normal -0.774831 0.320945 0.544638
    outer loop
      vertex -4.20648 -15.7576 6.44237
      vertex -3.74127 -14.9503 6.62847
      vertex -3.85293 -14.9041 6.44237
    endloop
  endfacet
  facet normal -0.774831 0.320945 0.544639
    outer loop
      vertex -3.74127 -14.9503 6.62847
      vertex -4.20648 -15.7576 6.44237
      vertex -4.12062 -15.7932 6.58549
    endloop
  endfacet
  facet normal -0.862515 0.357265 0.35837
    outer loop
      vertex -3.95057 -15.8636 6.92215
      vertex -3.50518 -15.0481 7.1811
      vertex -3.59702 -15.0101 6.92215
    endloop
  endfacet
  facet normal -0.862516 0.357266 0.358368
    outer loop
      vertex -3.50518 -15.0481 7.1811
      vertex -3.95057 -15.8636 6.92215
      vertex -3.85873 -15.9017 7.1811
    endloop
  endfacet
  facet normal -0.892399 0.369644 0.25882
    outer loop
      vertex -3.85873 -15.9017 7.1811
      vertex -3.45212 -15.0701 7.39545
      vertex -3.50518 -15.0481 7.1811
    endloop
  endfacet
  facet normal -0.892398 0.369643 0.258822
    outer loop
      vertex -3.45212 -15.0701 7.39545
      vertex -3.85873 -15.9017 7.1811
      vertex -3.81792 -15.9186 7.34594
    endloop
  endfacet
  facet normal -0.912505 0.377972 -0.156434
    outer loop
      vertex -3.39876 -15.0922 8.277
      vertex -3.7924 -15.9291 8.55097
      vertex -3.43885 -15.0756 8.55097
    endloop
  endfacet
  facet normal -0.912505 0.377972 -0.156434
    outer loop
      vertex -3.7924 -15.9291 8.55097
      vertex -3.39876 -15.0922 8.277
      vertex -3.75232 -15.9457 8.277
    endloop
  endfacet
  facet normal -0.239123 0.099048 0.965924
    outer loop
      vertex -5.12658 -14.3765 5.46534
      vertex -5.43062 -15.2506 5.4797
      vertex -5.07707 -14.397 5.4797
    endloop
  endfacet
  facet normal -0.239119 0.0990466 0.965925
    outer loop
      vertex -5.43062 -15.2506 5.4797
      vertex -5.12658 -14.3765 5.46534
      vertex -5.52587 -15.2111 5.45208
    endloop
  endfacet
  facet normal -0.774831 0.320945 -0.544638
    outer loop
      vertex -3.74127 -14.9503 9.37153
      vertex -4.20648 -15.7576 9.55763
      vertex -3.85293 -14.9041 9.55763
    endloop
  endfacet
  facet normal -0.774831 0.320945 -0.544639
    outer loop
      vertex -4.20648 -15.7576 9.55763
      vertex -3.74127 -14.9503 9.37153
      vertex -4.12062 -15.7932 9.41451
    endloop
  endfacet
  facet normal -0.862515 0.357265 -0.35837
    outer loop
      vertex -3.50518 -15.0481 8.81889
      vertex -3.95057 -15.8636 9.07785
      vertex -3.59702 -15.0101 9.07785
    endloop
  endfacet
  facet normal -0.862516 0.357266 -0.358368
    outer loop
      vertex -3.95057 -15.8636 9.07785
      vertex -3.50518 -15.0481 8.81889
      vertex -3.85873 -15.9017 8.81889
    endloop
  endfacet
  facet normal -0.65328 0.270597 -0.707109
    outer loop
      vertex -4.54896 -15.6158 9.96933
      vertex -4.15917 -14.7772 9.93011
      vertex -4.47924 -15.6446 9.89386
    endloop
  endfacet
  facet normal -0.653281 0.270598 -0.707108
    outer loop
      vertex -4.15917 -14.7772 9.93011
      vertex -4.54896 -15.6158 9.96933
      vertex -4.19541 -14.7622 9.96933
    endloop
  endfacet
  facet normal -0.331095 0.137144 -0.933578
    outer loop
      vertex -5.19138 -15.3497 10.4209
      vertex -4.88567 -14.4763 10.4408
      vertex -4.83782 -14.4961 10.4209
    endloop
  endfacet
  facet normal -0.331085 0.13714 -0.933582
    outer loop
      vertex -4.88567 -14.4763 10.4408
      vertex -5.19138 -15.3497 10.4209
      vertex -5.28343 -15.3115 10.4591
    endloop
  endfacet
  facet normal -0.0483519 0.020028 -0.99863
    outer loop
      vertex -6.08871 -14.978 10.6444
      vertex -5.57772 -14.1896 10.6355
      vertex -5.93127 -15.0432 10.6355
    endloop
  endfacet
  facet normal -0.0483531 0.0200288 -0.998629
    outer loop
      vertex -5.57772 -14.1896 10.6355
      vertex -6.08871 -14.978 10.6444
      vertex -5.78245 -14.1048 10.6471
    endloop
  endfacet
  facet normal 0.717988 -0.297401 0.629321
    outer loop
      vertex -8.06867 -14.1578 6.30975
      vertex -7.65306 -13.33 6.2268
      vertex -7.68531 -13.3166 6.26992
    endloop
  endfacet
  facet normal 0.717987 -0.2974 0.629324
    outer loop
      vertex -7.65306 -13.33 6.2268
      vertex -8.06867 -14.1578 6.30975
      vertex -8.00661 -14.1836 6.2268
    endloop
  endfacet
  facet normal 0.774833 -0.320946 0.544634
    outer loop
      vertex -8.30746 -14.0589 6.675
      vertex -7.92599 -13.2169 6.62847
      vertex -7.9539 -13.2054 6.675
    endloop
  endfacet
  facet normal 0.774834 -0.320946 0.544634
    outer loop
      vertex -7.92599 -13.2169 6.62847
      vertex -8.30746 -14.0589 6.675
      vertex -8.25375 -14.0812 6.58549
    endloop
  endfacet
  facet normal 0.922613 -0.382158 0.0523407
    outer loop
      vertex -8.63546 -13.9231 8
      vertex -8.27923 -13.0706 7.9446
      vertex -8.28191 -13.0695 8
    endloop
  endfacet
  facet normal 0.922614 -0.382159 0.0523357
    outer loop
      vertex -8.27923 -13.0706 7.9446
      vertex -8.63546 -13.9231 8
      vertex -8.6303 -13.9252 7.89342
    endloop
  endfacet
  facet normal 0.419432 -0.173735 0.891007
    outer loop
      vertex -7.05777 -13.5766 5.70503
      vertex -7.27085 -14.4883 5.62756
      vertex -6.8751 -13.6522 5.60429
    endloop
  endfacet
  facet normal 0.419432 -0.173734 0.891007
    outer loop
      vertex -7.27085 -14.4883 5.62756
      vertex -7.05777 -13.5766 5.70503
      vertex -7.41132 -14.4301 5.70503
    endloop
  endfacet
  facet normal 0.503181 -0.208425 0.838671
    outer loop
      vertex -7.54355 -14.3754 5.79798
      vertex -7.05777 -13.5766 5.70503
      vertex -7.22971 -13.5054 5.82589
    endloop
  endfacet
  facet normal 0.503179 -0.208424 0.838672
    outer loop
      vertex -7.05777 -13.5766 5.70503
      vertex -7.54355 -14.3754 5.79798
      vertex -7.41132 -14.4301 5.70503
    endloop
  endfacet
  facet normal 0.419433 -0.173735 0.891007
    outer loop
      vertex -6.8751 -13.6522 5.60429
      vertex -7.18299 -14.5247 5.5791
      vertex -6.82944 -13.6712 5.5791
    endloop
  endfacet
  facet normal 0.419432 -0.173734 0.891007
    outer loop
      vertex -7.18299 -14.5247 5.5791
      vertex -6.8751 -13.6522 5.60429
      vertex -7.27085 -14.4883 5.62756
    endloop
  endfacet
  facet normal 0.331088 -0.137141 0.933581
    outer loop
      vertex -7.18299 -14.5247 5.5791
      vertex -6.78159 -13.691 5.55922
      vertex -6.82944 -13.6712 5.5791
    endloop
  endfacet
  facet normal 0.331092 -0.137143 0.933579
    outer loop
      vertex -6.78159 -13.691 5.55922
      vertex -7.18299 -14.5247 5.5791
      vertex -7.09093 -14.5628 5.54086
    endloop
  endfacet
  facet normal 0.419433 -0.173735 -0.891007
    outer loop
      vertex -7.18299 -14.5247 10.4209
      vertex -6.8751 -13.6522 10.3957
      vertex -6.82944 -13.6712 10.4209
    endloop
  endfacet
  facet normal 0.419432 -0.173734 -0.891007
    outer loop
      vertex -6.8751 -13.6522 10.3957
      vertex -7.18299 -14.5247 10.4209
      vertex -7.27085 -14.4883 10.3724
    endloop
  endfacet
  facet normal 0.581416 -0.24083 -0.777146
    outer loop
      vertex -7.62625 -14.3411 10.1439
      vertex -7.31253 -13.4711 10.109
      vertex -7.27269 -13.4876 10.1439
    endloop
  endfacet
  facet normal 0.581413 -0.24083 -0.777149
    outer loop
      vertex -7.31253 -13.4711 10.109
      vertex -7.62625 -14.3411 10.1439
      vertex -7.70288 -14.3094 10.0767
    endloop
  endfacet
  facet normal 0.33109 -0.137142 -0.93358
    outer loop
      vertex -7.09093 -14.5628 10.4591
      vertex -6.59019 -13.7703 10.5203
      vertex -6.94374 -14.6238 10.5203
    endloop
  endfacet
  facet normal 0.331087 -0.13714 -0.933581
    outer loop
      vertex -6.59019 -13.7703 10.5203
      vertex -7.09093 -14.5628 10.4591
      vertex -6.78159 -13.691 10.4408
    endloop
  endfacet
  facet normal 0.239121 -0.0990472 -0.965925
    outer loop
      vertex -6.69621 -14.7263 10.5921
      vertex -6.39216 -13.8523 10.5777
      vertex -6.34266 -13.8728 10.5921
    endloop
  endfacet
  facet normal 0.239122 -0.0990475 -0.965925
    outer loop
      vertex -6.39216 -13.8523 10.5777
      vertex -6.69621 -14.7263 10.5921
      vertex -6.79146 -14.6869 10.5645
    endloop
  endfacet
  facet normal 0.862516 -0.357266 -0.358367
    outer loop
      vertex -8.07025 -13.1572 9.07785
      vertex -8.51564 -13.9727 8.81889
      vertex -8.16208 -13.1192 8.81889
    endloop
  endfacet
  facet normal 0.862516 -0.357265 -0.358369
    outer loop
      vertex -8.51564 -13.9727 8.81889
      vertex -8.07025 -13.1572 9.07785
      vertex -8.4238 -14.0107 9.07785
    endloop
  endfacet
  facet normal 0.892399 -0.369643 -0.258819
    outer loop
      vertex -8.16208 -13.1192 8.81889
      vertex -8.58196 -13.9452 8.55097
      vertex -8.22841 -13.0917 8.55097
    endloop
  endfacet
  facet normal 0.892399 -0.369644 -0.258818
    outer loop
      vertex -8.58196 -13.9452 8.55097
      vertex -8.16208 -13.1192 8.81889
      vertex -8.51564 -13.9727 8.81889
    endloop
  endfacet
  facet normal 0.774833 -0.320946 -0.544634
    outer loop
      vertex -7.92599 -13.2169 9.37153
      vertex -8.30746 -14.0589 9.325
      vertex -7.9539 -13.2054 9.325
    endloop
  endfacet
  facet normal 0.774834 -0.320946 -0.544634
    outer loop
      vertex -8.30746 -14.0589 9.325
      vertex -7.92599 -13.2169 9.37153
      vertex -8.25375 -14.0812 9.41451
    endloop
  endfacet
  facet normal -0.823183 0.340973 0.453989
    outer loop
      vertex -4.02215 -15.834 6.7701
      vertex -3.59702 -15.0101 6.92215
      vertex -3.69009 -14.9715 6.72443
    endloop
  endfacet
  facet normal -0.823183 0.340973 0.453989
    outer loop
      vertex -3.59702 -15.0101 6.92215
      vertex -4.02215 -15.834 6.7701
      vertex -3.95057 -15.8636 6.92215
    endloop
  endfacet
  facet normal -0.892399 0.369643 0.258822
    outer loop
      vertex -3.81792 -15.9186 7.34594
      vertex -3.43885 -15.0756 7.44903
      vertex -3.45212 -15.0701 7.39545
    endloop
  endfacet
  facet normal -0.8924 0.369644 0.258817
    outer loop
      vertex -3.43885 -15.0756 7.44903
      vertex -3.81792 -15.9186 7.34594
      vertex -3.7924 -15.9291 7.44903
    endloop
  endfacet
  facet normal -0.77483 0.320945 -0.54464
    outer loop
      vertex -3.71336 -14.9619 9.325
      vertex -4.12062 -15.7932 9.41451
      vertex -3.74127 -14.9503 9.37153
    endloop
  endfacet
  facet normal -0.774832 0.320946 -0.544637
    outer loop
      vertex -4.12062 -15.7932 9.41451
      vertex -3.71336 -14.9619 9.325
      vertex -4.06691 -15.8154 9.325
    endloop
  endfacet
  facet normal -0.823185 0.340974 -0.453986
    outer loop
      vertex -3.69009 -14.9715 9.27557
      vertex -4.06691 -15.8154 9.325
      vertex -3.71336 -14.9619 9.325
    endloop
  endfacet
  facet normal -0.823183 0.340973 -0.453991
    outer loop
      vertex -4.06691 -15.8154 9.325
      vertex -3.69009 -14.9715 9.27557
      vertex -4.02215 -15.834 9.2299
    endloop
  endfacet
  facet normal -0.331086 0.137141 -0.933581
    outer loop
      vertex -5.28343 -15.3115 10.4591
      vertex -5.07707 -14.397 10.5203
      vertex -4.88567 -14.4763 10.4408
    endloop
  endfacet
  facet normal -0.33109 0.137142 -0.93358
    outer loop
      vertex -5.07707 -14.397 10.5203
      vertex -5.28343 -15.3115 10.4591
      vertex -5.43062 -15.2506 10.5203
    endloop
  endfacet
  facet normal -0.503181 0.208424 -0.838671
    outer loop
      vertex -4.83082 -15.499 10.202
      vertex -4.60949 -14.5907 10.295
      vertex -4.43755 -14.6619 10.1741
    endloop
  endfacet
  facet normal -0.503179 0.208424 -0.838672
    outer loop
      vertex -4.60949 -14.5907 10.295
      vertex -4.83082 -15.499 10.202
      vertex -4.96304 -15.4442 10.295
    endloop
  endfacet
  facet normal -0.239123 0.099048 -0.965924
    outer loop
      vertex -5.43062 -15.2506 10.5203
      vertex -5.12658 -14.3765 10.5347
      vertex -5.07707 -14.397 10.5203
    endloop
  endfacet
  facet normal -0.239123 0.099048 -0.965924
    outer loop
      vertex -5.12658 -14.3765 10.5347
      vertex -5.43062 -15.2506 10.5203
      vertex -5.52587 -15.2111 10.5479
    endloop
  endfacet
  facet normal 0.0483518 -0.020028 -0.99863
    outer loop
      vertex -6.34463 -14.872 10.6411
      vertex -5.83363 -14.0836 10.65
      vertex -6.18718 -14.9372 10.65
    endloop
  endfacet
  facet normal 0.0483531 -0.0200288 -0.998629
    outer loop
      vertex -5.83363 -14.0836 10.65
      vertex -6.34463 -14.872 10.6411
      vertex -6.03836 -13.9988 10.6384
    endloop
  endfacet
  facet normal 0.717988 -0.2974 0.629322
    outer loop
      vertex -8.16788 -14.1168 6.44237
      vertex -7.68531 -13.3166 6.26992
      vertex -7.81433 -13.2632 6.44237
    endloop
  endfacet
  facet normal 0.717989 -0.297401 0.62932
    outer loop
      vertex -7.68531 -13.3166 6.26992
      vertex -8.16788 -14.1168 6.44237
      vertex -8.06867 -14.1578 6.30975
    endloop
  endfacet
  facet normal 0.77483 -0.320945 0.544639
    outer loop
      vertex -8.25375 -14.0812 6.58549
      vertex -7.81433 -13.2632 6.44237
      vertex -7.92599 -13.2169 6.62847
    endloop
  endfacet
  facet normal 0.774829 -0.320944 0.544642
    outer loop
      vertex -7.81433 -13.2632 6.44237
      vertex -8.25375 -14.0812 6.58549
      vertex -8.16788 -14.1168 6.44237
    endloop
  endfacet
  facet normal 0.862516 -0.357266 0.358367
    outer loop
      vertex -8.51564 -13.9727 7.1811
      vertex -8.07025 -13.1572 6.92215
      vertex -8.16208 -13.1192 7.1811
    endloop
  endfacet
  facet normal 0.862516 -0.357265 0.358369
    outer loop
      vertex -8.07025 -13.1572 6.92215
      vertex -8.51564 -13.9727 7.1811
      vertex -8.4238 -14.0107 6.92215
    endloop
  endfacet
  facet normal 0.823183 -0.340973 0.453991
    outer loop
      vertex -8.4238 -14.0107 6.92215
      vertex -7.97717 -13.1957 6.72443
      vertex -8.07025 -13.1572 6.92215
    endloop
  endfacet
  facet normal 0.823184 -0.340974 0.453988
    outer loop
      vertex -7.97717 -13.1957 6.72443
      vertex -8.4238 -14.0107 6.92215
      vertex -8.35222 -14.0404 6.7701
    endloop
  endfacet
  facet normal 0.912505 -0.377972 0.156434
    outer loop
      vertex -8.62205 -13.9286 7.723
      vertex -8.23643 -13.0884 7.50383
      vertex -8.2685 -13.0751 7.723
    endloop
  endfacet
  facet normal 0.912505 -0.377972 0.156436
    outer loop
      vertex -8.23643 -13.0884 7.50383
      vertex -8.62205 -13.9286 7.723
      vertex -8.59739 -13.9388 7.55445
    endloop
  endfacet
  facet normal 0.892399 -0.369643 0.258819
    outer loop
      vertex -8.58196 -13.9452 7.44903
      vertex -8.16208 -13.1192 7.1811
      vertex -8.22841 -13.0917 7.44903
    endloop
  endfacet
  facet normal 0.892399 -0.369644 0.258818
    outer loop
      vertex -8.16208 -13.1192 7.1811
      vertex -8.58196 -13.9452 7.44903
      vertex -8.51564 -13.9727 7.1811
    endloop
  endfacet
  facet normal 0.922613 -0.382159 0.0523382
    outer loop
      vertex -8.6303 -13.9252 7.89342
      vertex -8.2685 -13.0751 7.723
      vertex -8.27923 -13.0706 7.9446
    endloop
  endfacet
  facet normal 0.922613 -0.382159 0.0523354
    outer loop
      vertex -8.2685 -13.0751 7.723
      vertex -8.6303 -13.9252 7.89342
      vertex -8.62205 -13.9286 7.723
    endloop
  endfacet
  facet normal 0.912505 -0.377972 0.156435
    outer loop
      vertex -8.59739 -13.9388 7.55445
      vertex -8.22841 -13.0917 7.44903
      vertex -8.23643 -13.0884 7.50383
    endloop
  endfacet
  facet normal 0.912505 -0.377971 0.156439
    outer loop
      vertex -8.22841 -13.0917 7.44903
      vertex -8.59739 -13.9388 7.55445
      vertex -8.58196 -13.9452 7.44903
    endloop
  endfacet
  facet normal 0.0483512 -0.0200276 0.99863
    outer loop
      vertex -6.34463 -14.872 5.35893
      vertex -5.83363 -14.0836 5.35
      vertex -6.03836 -13.9988 5.36161
    endloop
  endfacet
  facet normal 0.0483518 -0.020028 0.99863
    outer loop
      vertex -5.83363 -14.0836 5.35
      vertex -6.34463 -14.872 5.35893
      vertex -6.18718 -14.9372 5.35
    endloop
  endfacet
  facet normal 0.239118 -0.0990461 0.965926
    outer loop
      vertex -6.59019 -13.7703 5.4797
      vertex -6.79146 -14.6869 5.43553
      vertex -6.39216 -13.8523 5.42227
    endloop
  endfacet
  facet normal 0.239119 -0.0990464 0.965925
    outer loop
      vertex -6.79146 -14.6869 5.43553
      vertex -6.59019 -13.7703 5.4797
      vertex -6.94374 -14.6238 5.4797
    endloop
  endfacet
  facet normal 0.581416 -0.240831 -0.777146
    outer loop
      vertex -7.70288 -14.3094 10.0767
      vertex -7.47185 -13.4051 9.96933
      vertex -7.31253 -13.4711 10.109
    endloop
  endfacet
  facet normal 0.581417 -0.240831 -0.777145
    outer loop
      vertex -7.47185 -13.4051 9.96933
      vertex -7.70288 -14.3094 10.0767
      vertex -7.8254 -14.2586 9.96933
    endloop
  endfacet
  facet normal 0.503182 -0.208425 -0.838669
    outer loop
      vertex -7.62625 -14.3411 10.1439
      vertex -7.22971 -13.5054 10.1741
      vertex -7.54355 -14.3754 10.202
    endloop
  endfacet
  facet normal 0.503179 -0.208424 -0.838672
    outer loop
      vertex -7.22971 -13.5054 10.1741
      vertex -7.62625 -14.3411 10.1439
      vertex -7.27269 -13.4876 10.1439
    endloop
  endfacet
  facet normal -0.653285 0.2706 -0.707103
    outer loop
      vertex -4.47924 -15.6446 9.89386
      vertex -4.0142 -14.8373 9.7732
      vertex -4.36776 -15.6908 9.7732
    endloop
  endfacet
  facet normal -0.653284 0.270599 -0.707104
    outer loop
      vertex -4.0142 -14.8373 9.7732
      vertex -4.47924 -15.6446 9.89386
      vertex -4.15917 -14.7772 9.93011
    endloop
  endfacet
  facet normal 0.823183 -0.340973 -0.453991
    outer loop
      vertex -7.97717 -13.1957 9.27557
      vertex -8.4238 -14.0107 9.07785
      vertex -8.07025 -13.1572 9.07785
    endloop
  endfacet
  facet normal 0.823184 -0.340975 -0.453986
    outer loop
      vertex -8.4238 -14.0107 9.07785
      vertex -7.97717 -13.1957 9.27557
      vertex -8.35222 -14.0404 9.2299
    endloop
  endfacet
  facet normal 0.77483 -0.320945 -0.544639
    outer loop
      vertex -7.81433 -13.2632 9.55763
      vertex -8.25375 -14.0812 9.41451
      vertex -7.92599 -13.2169 9.37153
    endloop
  endfacet
  facet normal 0.774829 -0.320944 -0.544642
    outer loop
      vertex -8.25375 -14.0812 9.41451
      vertex -7.81433 -13.2632 9.55763
      vertex -8.16788 -14.1168 9.55763
    endloop
  endfacet
  facet normal -0.823183 0.340973 -0.453989
    outer loop
      vertex -3.59702 -15.0101 9.07785
      vertex -4.02215 -15.834 9.2299
      vertex -3.69009 -14.9715 9.27557
    endloop
  endfacet
  facet normal -0.823183 0.340973 -0.453989
    outer loop
      vertex -4.02215 -15.834 9.2299
      vertex -3.59702 -15.0101 9.07785
      vertex -3.95057 -15.8636 9.07785
    endloop
  endfacet
  facet normal -0.419433 0.173735 -0.891007
    outer loop
      vertex -5.10352 -15.3861 10.3724
      vertex -4.60949 -14.5907 10.295
      vertex -4.96304 -15.4442 10.295
    endloop
  endfacet
  facet normal -0.419434 0.173735 -0.891006
    outer loop
      vertex -4.60949 -14.5907 10.295
      vertex -5.10352 -15.3861 10.3724
      vertex -4.79216 -14.515 10.3957
    endloop
  endfacet
  facet normal -0.503179 0.208424 -0.838672
    outer loop
      vertex -4.74812 -15.5333 10.1439
      vertex -4.43755 -14.6619 10.1741
      vertex -4.39457 -14.6797 10.1439
    endloop
  endfacet
  facet normal -0.503184 0.208425 -0.838668
    outer loop
      vertex -4.43755 -14.6619 10.1741
      vertex -4.74812 -15.5333 10.1439
      vertex -4.83082 -15.499 10.202
    endloop
  endfacet
  facet normal -0.581415 0.24083 -0.777147
    outer loop
      vertex -4.62559 -15.584 10.0365
      vertex -4.39457 -14.6797 10.1439
      vertex -4.23524 -14.7457 10.0042
    endloop
  endfacet
  facet normal -0.581415 0.24083 -0.777147
    outer loop
      vertex -4.39457 -14.6797 10.1439
      vertex -4.62559 -15.584 10.0365
      vertex -4.74812 -15.5333 10.1439
    endloop
  endfacet
  facet normal -0.239118 0.0990455 -0.965926
    outer loop
      vertex -5.52587 -15.2111 10.5479
      vertex -5.3246 -14.2945 10.5921
      vertex -5.12658 -14.3765 10.5347
    endloop
  endfacet
  facet normal -0.239116 0.0990451 -0.965926
    outer loop
      vertex -5.3246 -14.2945 10.5921
      vertex -5.52587 -15.2111 10.5479
      vertex -5.67816 -15.148 10.5921
    endloop
  endfacet
  facet normal -0.144528 0.0598654 -0.987688
    outer loop
      vertex -5.67816 -15.148 10.5921
      vertex -5.57772 -14.1896 10.6355
      vertex -5.3246 -14.2945 10.5921
    endloop
  endfacet
  facet normal -0.144528 0.0598654 -0.987688
    outer loop
      vertex -5.57772 -14.1896 10.6355
      vertex -5.67816 -15.148 10.5921
      vertex -5.93127 -15.0432 10.6355
    endloop
  endfacet
  facet normal 0.717988 -0.2974 -0.629322
    outer loop
      vertex -7.68531 -13.3166 9.73008
      vertex -8.16788 -14.1168 9.55763
      vertex -7.81433 -13.2632 9.55763
    endloop
  endfacet
  facet normal 0.717989 -0.297401 -0.62932
    outer loop
      vertex -8.16788 -14.1168 9.55763
      vertex -7.68531 -13.3166 9.73008
      vertex -8.06867 -14.1578 9.69025
    endloop
  endfacet
  facet normal 0.717988 -0.297401 -0.629321
    outer loop
      vertex -7.65306 -13.33 9.7732
      vertex -8.06867 -14.1578 9.69025
      vertex -7.68531 -13.3166 9.73008
    endloop
  endfacet
  facet normal 0.717987 -0.2974 -0.629324
    outer loop
      vertex -8.06867 -14.1578 9.69025
      vertex -7.65306 -13.33 9.7732
      vertex -8.00661 -14.1836 9.7732
    endloop
  endfacet
  facet normal 0.503179 -0.208424 -0.838672
    outer loop
      vertex -7.54355 -14.3754 10.202
      vertex -7.05777 -13.5766 10.295
      vertex -7.41132 -14.4301 10.295
    endloop
  endfacet
  facet normal 0.503181 -0.208425 -0.838671
    outer loop
      vertex -7.05777 -13.5766 10.295
      vertex -7.54355 -14.3754 10.202
      vertex -7.22971 -13.5054 10.1741
    endloop
  endfacet
  facet normal 0.419432 -0.173735 -0.891007
    outer loop
      vertex -7.27085 -14.4883 10.3724
      vertex -7.05777 -13.5766 10.295
      vertex -6.8751 -13.6522 10.3957
    endloop
  endfacet
  facet normal 0.419432 -0.173734 -0.891007
    outer loop
      vertex -7.05777 -13.5766 10.295
      vertex -7.27085 -14.4883 10.3724
      vertex -7.41132 -14.4301 10.295
    endloop
  endfacet
  facet normal 0.239118 -0.0990457 -0.965926
    outer loop
      vertex -6.79146 -14.6869 10.5645
      vertex -6.59019 -13.7703 10.5203
      vertex -6.39216 -13.8523 10.5777
    endloop
  endfacet
  facet normal 0.239117 -0.0990454 -0.965926
    outer loop
      vertex -6.59019 -13.7703 10.5203
      vertex -6.79146 -14.6869 10.5645
      vertex -6.94374 -14.6238 10.5203
    endloop
  endfacet
  facet normal 0.922613 -0.382159 -0.052338
    outer loop
      vertex -8.2685 -13.0751 8.277
      vertex -8.6303 -13.9252 8.10658
      vertex -8.27923 -13.0706 8.0554
    endloop
  endfacet
  facet normal 0.922613 -0.382159 -0.0523353
    outer loop
      vertex -8.6303 -13.9252 8.10658
      vertex -8.2685 -13.0751 8.277
      vertex -8.62205 -13.9286 8.277
    endloop
  endfacet
  facet normal 0.912505 -0.377972 -0.156434
    outer loop
      vertex -8.23643 -13.0884 8.49617
      vertex -8.62205 -13.9286 8.277
      vertex -8.2685 -13.0751 8.277
    endloop
  endfacet
  facet normal 0.912505 -0.377972 -0.156436
    outer loop
      vertex -8.62205 -13.9286 8.277
      vertex -8.23643 -13.0884 8.49617
      vertex -8.59739 -13.9388 8.44555
    endloop
  endfacet
  facet normal -0.419433 0.173735 -0.891006
    outer loop
      vertex -5.19138 -15.3497 10.4209
      vertex -4.79216 -14.515 10.3957
      vertex -5.10352 -15.3861 10.3724
    endloop
  endfacet
  facet normal -0.41943 0.173734 -0.891008
    outer loop
      vertex -4.79216 -14.515 10.3957
      vertex -5.19138 -15.3497 10.4209
      vertex -4.83782 -14.4961 10.4209
    endloop
  endfacet
  facet normal -0.0483511 0.0200281 -0.99863
    outer loop
      vertex -6.18718 -14.9372 10.65
      vertex -5.78245 -14.1048 10.6471
      vertex -6.08871 -14.978 10.6444
    endloop
  endfacet
  facet normal -0.048345 0.0200251 -0.99863
    outer loop
      vertex -5.78245 -14.1048 10.6471
      vertex -6.18718 -14.9372 10.65
      vertex -5.83363 -14.0836 10.65
    endloop
  endfacet
  facet normal -0.717988 0.2974 -0.629322
    outer loop
      vertex -3.85293 -14.9041 9.55763
      vertex -4.3057 -15.7165 9.69025
      vertex -3.98195 -14.8506 9.73008
    endloop
  endfacet
  facet normal -0.717989 0.297401 -0.629321
    outer loop
      vertex -4.3057 -15.7165 9.69025
      vertex -3.85293 -14.9041 9.55763
      vertex -4.20648 -15.7576 9.55763
    endloop
  endfacet
  facet normal -0.0200286 0.0483533 0.998629
    outer loop
      vertex -13.9988 -6.03836 5.36161
      vertex -14.8312 -6.4431 5.36452
      vertex -13.9776 -6.08955 5.36452
    endloop
  endfacet
  facet normal -0.0200275 0.0483511 0.99863
    outer loop
      vertex -14.8312 -6.4431 5.36452
      vertex -13.9988 -6.03836 5.36161
      vertex -14.872 -6.34463 5.35893
    endloop
  endfacet
  facet normal 0.2974 -0.717987 0.629324
    outer loop
      vertex -15.6908 -4.36776 6.2268
      vertex -14.8506 -3.98195 6.26992
      vertex -15.7165 -4.3057 6.30975
    endloop
  endfacet
  facet normal 0.297401 -0.717988 0.629321
    outer loop
      vertex -14.8506 -3.98195 6.26992
      vertex -15.6908 -4.36776 6.2268
      vertex -14.8373 -4.0142 6.2268
    endloop
  endfacet
  facet normal -0.270599 0.653283 0.707105
    outer loop
      vertex -13.4051 -7.47185 6.03067
      vertex -14.2124 -7.93689 6.15133
      vertex -13.345 -7.61682 6.18758
    endloop
  endfacet
  facet normal -0.270599 0.653283 0.707106
    outer loop
      vertex -14.2124 -7.93689 6.15133
      vertex -13.4051 -7.47185 6.03067
      vertex -14.2586 -7.8254 6.03067
    endloop
  endfacet
  facet normal 0.340973 -0.823183 0.453989
    outer loop
      vertex -15.834 -4.02215 6.7701
      vertex -15.0101 -3.59702 6.92215
      vertex -15.8636 -3.95057 6.92215
    endloop
  endfacet
  facet normal 0.340973 -0.823183 0.453989
    outer loop
      vertex -15.0101 -3.59702 6.92215
      vertex -15.834 -4.02215 6.7701
      vertex -14.9715 -3.69009 6.72443
    endloop
  endfacet
  facet normal 0.270598 -0.653281 -0.707108
    outer loop
      vertex -15.6158 -4.54896 9.96933
      vertex -14.7772 -4.15917 9.93011
      vertex -14.7622 -4.19541 9.96933
    endloop
  endfacet
  facet normal 0.270597 -0.65328 -0.707109
    outer loop
      vertex -14.7772 -4.15917 9.93011
      vertex -15.6158 -4.54896 9.96933
      vertex -15.6446 -4.47924 9.89386
    endloop
  endfacet
  facet normal -0.270598 0.653281 0.707108
    outer loop
      vertex -13.345 -7.61682 6.18758
      vertex -14.1836 -8.00661 6.2268
      vertex -13.33 -7.65306 6.2268
    endloop
  endfacet
  facet normal -0.270599 0.653284 0.707104
    outer loop
      vertex -14.1836 -8.00661 6.2268
      vertex -13.345 -7.61682 6.18758
      vertex -14.2124 -7.93689 6.15133
    endloop
  endfacet
  facet normal -0.297401 0.717988 -0.629321
    outer loop
      vertex -14.1578 -8.06867 9.69025
      vertex -13.33 -7.65306 9.7732
      vertex -13.3166 -7.68531 9.73008
    endloop
  endfacet
  facet normal -0.2974 0.717987 -0.629324
    outer loop
      vertex -13.33 -7.65306 9.7732
      vertex -14.1578 -8.06867 9.69025
      vertex -14.1836 -8.00661 9.7732
    endloop
  endfacet
  facet normal -0.369643 0.892399 0.258819
    outer loop
      vertex -13.1192 -8.16208 7.1811
      vertex -13.9452 -8.58196 7.44903
      vertex -13.0917 -8.22841 7.44903
    endloop
  endfacet
  facet normal -0.369644 0.892399 0.258818
    outer loop
      vertex -13.9452 -8.58196 7.44903
      vertex -13.1192 -8.16208 7.1811
      vertex -13.9727 -8.51564 7.1811
    endloop
  endfacet
  facet normal -0.382159 0.922613 0.0523382
    outer loop
      vertex -13.0751 -8.2685 7.723
      vertex -13.9252 -8.6303 7.89342
      vertex -13.0706 -8.27923 7.9446
    endloop
  endfacet
  facet normal -0.382159 0.922613 0.0523354
    outer loop
      vertex -13.9252 -8.6303 7.89342
      vertex -13.0751 -8.2685 7.723
      vertex -13.9286 -8.62205 7.723
    endloop
  endfacet
  facet normal 0.270599 -0.653284 -0.707104
    outer loop
      vertex -15.6446 -4.47924 9.89386
      vertex -14.8373 -4.0142 9.7732
      vertex -14.7772 -4.15917 9.93011
    endloop
  endfacet
  facet normal 0.2706 -0.653285 -0.707103
    outer loop
      vertex -14.8373 -4.0142 9.7732
      vertex -15.6446 -4.47924 9.89386
      vertex -15.6908 -4.36776 9.7732
    endloop
  endfacet
  facet normal 0.369644 -0.8924 0.258817
    outer loop
      vertex -15.9186 -3.81792 7.34594
      vertex -15.0756 -3.43885 7.44903
      vertex -15.9291 -3.7924 7.44903
    endloop
  endfacet
  facet normal 0.369643 -0.892399 0.258822
    outer loop
      vertex -15.0756 -3.43885 7.44903
      vertex -15.9186 -3.81792 7.34594
      vertex -15.0701 -3.45212 7.39545
    endloop
  endfacet
  facet normal -0.270598 0.653281 -0.707108
    outer loop
      vertex -14.1836 -8.00661 9.7732
      vertex -13.345 -7.61682 9.81242
      vertex -13.33 -7.65306 9.7732
    endloop
  endfacet
  facet normal -0.270598 0.653282 -0.707107
    outer loop
      vertex -13.345 -7.61682 9.81242
      vertex -14.1836 -8.00661 9.7732
      vertex -14.2124 -7.93689 9.84866
    endloop
  endfacet
  facet normal 0.382159 -0.922613 -0.0523368
    outer loop
      vertex -15.9457 -3.75232 8.277
      vertex -15.0933 -3.39608 8.2216
      vertex -15.0922 -3.39876 8.277
    endloop
  endfacet
  facet normal 0.382159 -0.922613 -0.0523375
    outer loop
      vertex -15.0933 -3.39608 8.2216
      vertex -15.9457 -3.75232 8.277
      vertex -15.9479 -3.74715 8.17042
    endloop
  endfacet
  facet normal 0.0598654 -0.144528 -0.987688
    outer loop
      vertex -15.0432 -5.93127 10.6355
      vertex -14.2945 -5.3246 10.5921
      vertex -14.1896 -5.57772 10.6355
    endloop
  endfacet
  facet normal 0.0598654 -0.144528 -0.987688
    outer loop
      vertex -14.2945 -5.3246 10.5921
      vertex -15.0432 -5.93127 10.6355
      vertex -15.148 -5.67816 10.5921
    endloop
  endfacet
  facet normal 0.377972 -0.912505 -0.156434
    outer loop
      vertex -15.0922 -3.39876 8.277
      vertex -15.9291 -3.7924 8.55097
      vertex -15.9457 -3.75232 8.277
    endloop
  endfacet
  facet normal 0.377972 -0.912505 -0.156434
    outer loop
      vertex -15.9291 -3.7924 8.55097
      vertex -15.0922 -3.39876 8.277
      vertex -15.0756 -3.43885 8.55097
    endloop
  endfacet
  facet normal 0.320945 -0.774831 0.544639
    outer loop
      vertex -15.7576 -4.20648 6.44237
      vertex -14.9503 -3.74127 6.62847
      vertex -15.7932 -4.12062 6.58549
    endloop
  endfacet
  facet normal 0.320945 -0.774831 0.544638
    outer loop
      vertex -14.9503 -3.74127 6.62847
      vertex -15.7576 -4.20648 6.44237
      vertex -14.9041 -3.85293 6.44237
    endloop
  endfacet
  facet normal 0.377972 -0.912505 0.156434
    outer loop
      vertex -15.9291 -3.7924 7.44903
      vertex -15.0922 -3.39876 7.723
      vertex -15.9457 -3.75232 7.723
    endloop
  endfacet
  facet normal 0.377972 -0.912505 0.156434
    outer loop
      vertex -15.0922 -3.39876 7.723
      vertex -15.9291 -3.7924 7.44903
      vertex -15.0756 -3.43885 7.44903
    endloop
  endfacet
  facet normal 0.137141 -0.331088 0.933581
    outer loop
      vertex -15.3115 -5.28343 5.54086
      vertex -14.397 -5.07707 5.4797
      vertex -14.4763 -4.88567 5.55922
    endloop
  endfacet
  facet normal 0.137141 -0.331087 0.933581
    outer loop
      vertex -14.397 -5.07707 5.4797
      vertex -15.3115 -5.28343 5.54086
      vertex -15.2506 -5.43062 5.4797
    endloop
  endfacet
  facet normal -0.382158 0.922613 0.0523407
    outer loop
      vertex -13.0706 -8.27923 7.9446
      vertex -13.9231 -8.63546 8
      vertex -13.0695 -8.28191 8
    endloop
  endfacet
  facet normal -0.382159 0.922614 0.0523357
    outer loop
      vertex -13.9231 -8.63546 8
      vertex -13.0706 -8.27923 7.9446
      vertex -13.9252 -8.6303 7.89342
    endloop
  endfacet
  facet normal -0.382158 0.922613 -0.0523407
    outer loop
      vertex -13.9231 -8.63546 8
      vertex -13.0706 -8.27923 8.0554
      vertex -13.0695 -8.28191 8
    endloop
  endfacet
  facet normal -0.382159 0.922614 -0.0523354
    outer loop
      vertex -13.0706 -8.27923 8.0554
      vertex -13.9231 -8.63546 8
      vertex -13.9252 -8.6303 8.10658
    endloop
  endfacet
  facet normal -0.24083 0.581416 0.777146
    outer loop
      vertex -14.3411 -7.62625 5.8561
      vertex -13.4711 -7.31253 5.89102
      vertex -13.4876 -7.27269 5.8561
    endloop
  endfacet
  facet normal -0.24083 0.581416 0.777147
    outer loop
      vertex -13.4711 -7.31253 5.89102
      vertex -14.3411 -7.62625 5.8561
      vertex -14.3094 -7.70288 5.92327
    endloop
  endfacet
  facet normal -0.137141 0.331088 0.933581
    outer loop
      vertex -13.691 -6.78159 5.55922
      vertex -14.5247 -7.18299 5.5791
      vertex -13.6712 -6.82944 5.5791
    endloop
  endfacet
  facet normal -0.137143 0.331092 0.933579
    outer loop
      vertex -14.5247 -7.18299 5.5791
      vertex -13.691 -6.78159 5.55922
      vertex -14.5628 -7.09093 5.54086
    endloop
  endfacet
  facet normal 0.0200276 -0.0483513 0.99863
    outer loop
      vertex -14.1896 -5.57772 5.36452
      vertex -14.978 -6.08871 5.35559
      vertex -14.1048 -5.78245 5.3529
    endloop
  endfacet
  facet normal 0.020028 -0.0483519 0.99863
    outer loop
      vertex -14.978 -6.08871 5.35559
      vertex -14.1896 -5.57772 5.36452
      vertex -15.0432 -5.93127 5.36452
    endloop
  endfacet
  facet normal -0.357266 0.862516 -0.358367
    outer loop
      vertex -13.9727 -8.51564 8.81889
      vertex -13.1572 -8.07025 9.07785
      vertex -13.1192 -8.16208 8.81889
    endloop
  endfacet
  facet normal -0.357265 0.862516 -0.358369
    outer loop
      vertex -13.1572 -8.07025 9.07785
      vertex -13.9727 -8.51564 8.81889
      vertex -14.0107 -8.4238 9.07785
    endloop
  endfacet
  facet normal -0.369643 0.892399 -0.258819
    outer loop
      vertex -13.9452 -8.58196 8.55097
      vertex -13.1192 -8.16208 8.81889
      vertex -13.0917 -8.22841 8.55097
    endloop
  endfacet
  facet normal -0.369644 0.892399 -0.258818
    outer loop
      vertex -13.1192 -8.16208 8.81889
      vertex -13.9452 -8.58196 8.55097
      vertex -13.9727 -8.51564 8.81889
    endloop
  endfacet
  facet normal -0.173735 0.419433 0.891007
    outer loop
      vertex -14.5247 -7.18299 5.5791
      vertex -13.6522 -6.8751 5.60429
      vertex -13.6712 -6.82944 5.5791
    endloop
  endfacet
  facet normal -0.173734 0.419432 0.891007
    outer loop
      vertex -13.6522 -6.8751 5.60429
      vertex -14.5247 -7.18299 5.5791
      vertex -14.4883 -7.27085 5.62756
    endloop
  endfacet
  facet normal -0.0200276 0.0483512 0.99863
    outer loop
      vertex -14.0836 -5.83363 5.35
      vertex -14.872 -6.34463 5.35893
      vertex -13.9988 -6.03836 5.36161
    endloop
  endfacet
  facet normal -0.020028 0.0483518 0.99863
    outer loop
      vertex -14.872 -6.34463 5.35893
      vertex -14.0836 -5.83363 5.35
      vertex -14.9372 -6.18718 5.35
    endloop
  endfacet
  facet normal -0.340974 0.823183 0.453989
    outer loop
      vertex -13.2054 -7.9539 6.675
      vertex -14.0404 -8.35222 6.7701
      vertex -13.1957 -7.97717 6.72443
    endloop
  endfacet
  facet normal -0.340973 0.823182 0.453992
    outer loop
      vertex -14.0404 -8.35222 6.7701
      vertex -13.2054 -7.9539 6.675
      vertex -14.0589 -8.30746 6.675
    endloop
  endfacet
  facet normal -0.320946 0.774833 0.544634
    outer loop
      vertex -13.2169 -7.92599 6.62847
      vertex -14.0589 -8.30746 6.675
      vertex -13.2054 -7.9539 6.675
    endloop
  endfacet
  facet normal -0.320946 0.774834 0.544634
    outer loop
      vertex -14.0589 -8.30746 6.675
      vertex -13.2169 -7.92599 6.62847
      vertex -14.0812 -8.25375 6.58549
    endloop
  endfacet
  facet normal -0.0200253 0.0483454 -0.99863
    outer loop
      vertex -14.8312 -6.4431 10.6355
      vertex -13.9988 -6.03836 10.6384
      vertex -13.9776 -6.08955 10.6355
    endloop
  endfacet
  facet normal -0.020028 0.0483509 -0.99863
    outer loop
      vertex -13.9988 -6.03836 10.6384
      vertex -14.8312 -6.4431 10.6355
      vertex -14.872 -6.34463 10.6411
    endloop
  endfacet
  facet normal -0.208424 0.503179 -0.838672
    outer loop
      vertex -14.3411 -7.62625 10.1439
      vertex -13.5054 -7.22971 10.1741
      vertex -13.4876 -7.27269 10.1439
    endloop
  endfacet
  facet normal -0.208425 0.503182 -0.838669
    outer loop
      vertex -13.5054 -7.22971 10.1741
      vertex -14.3411 -7.62625 10.1439
      vertex -14.3754 -7.54355 10.202
    endloop
  endfacet
  facet normal -0.340973 0.823183 -0.453991
    outer loop
      vertex -14.0107 -8.4238 9.07785
      vertex -13.1957 -7.97717 9.27557
      vertex -13.1572 -8.07025 9.07785
    endloop
  endfacet
  facet normal -0.340975 0.823184 -0.453986
    outer loop
      vertex -13.1957 -7.97717 9.27557
      vertex -14.0107 -8.4238 9.07785
      vertex -14.0404 -8.35222 9.2299
    endloop
  endfacet
  facet normal -0.0200288 0.0483531 -0.998629
    outer loop
      vertex -14.872 -6.34463 10.6411
      vertex -14.0836 -5.83363 10.65
      vertex -13.9988 -6.03836 10.6384
    endloop
  endfacet
  facet normal -0.020028 0.0483518 -0.99863
    outer loop
      vertex -14.0836 -5.83363 10.65
      vertex -14.872 -6.34463 10.6411
      vertex -14.9372 -6.18718 10.65
    endloop
  endfacet
  facet normal 0.208424 -0.503179 -0.838672
    outer loop
      vertex -15.499 -4.83082 10.202
      vertex -14.5907 -4.60949 10.295
      vertex -15.4442 -4.96304 10.295
    endloop
  endfacet
  facet normal 0.208424 -0.503181 -0.838671
    outer loop
      vertex -14.5907 -4.60949 10.295
      vertex -15.499 -4.83082 10.202
      vertex -14.6619 -4.43755 10.1741
    endloop
  endfacet
  facet normal 0.24083 -0.581415 -0.777147
    outer loop
      vertex -15.6158 -4.54896 9.96933
      vertex -14.7457 -4.23524 10.0042
      vertex -15.584 -4.62559 10.0365
    endloop
  endfacet
  facet normal 0.24083 -0.581416 -0.777146
    outer loop
      vertex -14.7457 -4.23524 10.0042
      vertex -15.6158 -4.54896 9.96933
      vertex -14.7622 -4.19541 9.96933
    endloop
  endfacet
  facet normal 0.340974 -0.823185 -0.453986
    outer loop
      vertex -15.8154 -4.06691 9.325
      vertex -14.9715 -3.69009 9.27557
      vertex -14.9619 -3.71336 9.325
    endloop
  endfacet
  facet normal 0.340973 -0.823183 -0.453991
    outer loop
      vertex -14.9715 -3.69009 9.27557
      vertex -15.8154 -4.06691 9.325
      vertex -15.834 -4.02215 9.2299
    endloop
  endfacet
  facet normal 0.099048 -0.239123 0.965924
    outer loop
      vertex -15.2506 -5.43062 5.4797
      vertex -14.3765 -5.12658 5.46534
      vertex -14.397 -5.07707 5.4797
    endloop
  endfacet
  facet normal 0.0990466 -0.239119 0.965925
    outer loop
      vertex -14.3765 -5.12658 5.46534
      vertex -15.2506 -5.43062 5.4797
      vertex -15.2111 -5.52587 5.45208
    endloop
  endfacet
  facet normal 0.297401 -0.717989 0.629321
    outer loop
      vertex -15.7165 -4.3057 6.30975
      vertex -14.9041 -3.85293 6.44237
      vertex -15.7576 -4.20648 6.44237
    endloop
  endfacet
  facet normal 0.2974 -0.717988 0.629322
    outer loop
      vertex -14.9041 -3.85293 6.44237
      vertex -15.7165 -4.3057 6.30975
      vertex -14.8506 -3.98195 6.26992
    endloop
  endfacet
  facet normal -0.377972 0.912505 0.156434
    outer loop
      vertex -13.0884 -8.23643 7.50383
      vertex -13.9286 -8.62205 7.723
      vertex -13.0751 -8.2685 7.723
    endloop
  endfacet
  facet normal -0.377972 0.912505 0.156436
    outer loop
      vertex -13.9286 -8.62205 7.723
      vertex -13.0884 -8.23643 7.50383
      vertex -13.9388 -8.59739 7.55445
    endloop
  endfacet
  facet normal -0.297401 0.717988 0.629321
    outer loop
      vertex -13.33 -7.65306 6.2268
      vertex -14.1578 -8.06867 6.30975
      vertex -13.3166 -7.68531 6.26992
    endloop
  endfacet
  facet normal -0.2974 0.717987 0.629324
    outer loop
      vertex -14.1578 -8.06867 6.30975
      vertex -13.33 -7.65306 6.2268
      vertex -14.1836 -8.00661 6.2268
    endloop
  endfacet
  facet normal -0.0598654 0.144528 0.987688
    outer loop
      vertex -13.9776 -6.08955 5.36452
      vertex -14.7263 -6.69621 5.40791
      vertex -13.8728 -6.34266 5.40791
    endloop
  endfacet
  facet normal -0.0598654 0.144528 0.987688
    outer loop
      vertex -14.7263 -6.69621 5.40791
      vertex -13.9776 -6.08955 5.36452
      vertex -14.8312 -6.4431 5.36452
    endloop
  endfacet
  facet normal -0.208424 0.503179 0.838672
    outer loop
      vertex -13.5054 -7.22971 5.82589
      vertex -14.3411 -7.62625 5.8561
      vertex -13.4876 -7.27269 5.8561
    endloop
  endfacet
  facet normal -0.208425 0.503182 0.838669
    outer loop
      vertex -14.3411 -7.62625 5.8561
      vertex -13.5054 -7.22971 5.82589
      vertex -14.3754 -7.54355 5.79798
    endloop
  endfacet
  facet normal 0.0200284 -0.0483529 0.998629
    outer loop
      vertex -14.1048 -5.78245 5.3529
      vertex -14.9372 -6.18718 5.35
      vertex -14.0836 -5.83363 5.35
    endloop
  endfacet
  facet normal 0.0200276 -0.0483513 0.99863
    outer loop
      vertex -14.9372 -6.18718 5.35
      vertex -14.1048 -5.78245 5.3529
      vertex -14.978 -6.08871 5.35559
    endloop
  endfacet
  facet normal -0.377972 0.912505 -0.156434
    outer loop
      vertex -13.9286 -8.62205 8.277
      vertex -13.0884 -8.23643 8.49617
      vertex -13.0751 -8.2685 8.277
    endloop
  endfacet
  facet normal -0.377972 0.912505 -0.156436
    outer loop
      vertex -13.0884 -8.23643 8.49617
      vertex -13.9286 -8.62205 8.277
      vertex -13.9388 -8.59739 8.44555
    endloop
  endfacet
  facet normal -0.24083 0.581416 0.777146
    outer loop
      vertex -14.3094 -7.70288 5.92327
      vertex -13.4051 -7.47185 6.03067
      vertex -13.4711 -7.31253 5.89102
    endloop
  endfacet
  facet normal -0.24083 0.581416 0.777146
    outer loop
      vertex -13.4051 -7.47185 6.03067
      vertex -14.3094 -7.70288 5.92327
      vertex -14.2586 -7.8254 6.03067
    endloop
  endfacet
  facet normal -0.0990472 0.239121 0.965925
    outer loop
      vertex -14.7263 -6.69621 5.40791
      vertex -13.8523 -6.39216 5.42227
      vertex -13.8728 -6.34266 5.40791
    endloop
  endfacet
  facet normal -0.0990462 0.239118 0.965926
    outer loop
      vertex -13.8523 -6.39216 5.42227
      vertex -14.7263 -6.69621 5.40791
      vertex -14.6869 -6.79146 5.43553
    endloop
  endfacet
  facet normal -0.137142 0.331089 0.93358
    outer loop
      vertex -13.7703 -6.59019 5.4797
      vertex -14.5628 -7.09093 5.54086
      vertex -13.691 -6.78159 5.55922
    endloop
  endfacet
  facet normal -0.137141 0.331087 0.933581
    outer loop
      vertex -14.5628 -7.09093 5.54086
      vertex -13.7703 -6.59019 5.4797
      vertex -14.6238 -6.94374 5.4797
    endloop
  endfacet
  facet normal -0.340973 0.823183 0.453991
    outer loop
      vertex -13.1957 -7.97717 6.72443
      vertex -14.0107 -8.4238 6.92215
      vertex -13.1572 -8.07025 6.92215
    endloop
  endfacet
  facet normal -0.340974 0.823184 0.453988
    outer loop
      vertex -14.0107 -8.4238 6.92215
      vertex -13.1957 -7.97717 6.72443
      vertex -14.0404 -8.35222 6.7701
    endloop
  endfacet
  facet normal -0.357266 0.862516 0.358367
    outer loop
      vertex -13.1572 -8.07025 6.92215
      vertex -13.9727 -8.51564 7.1811
      vertex -13.1192 -8.16208 7.1811
    endloop
  endfacet
  facet normal -0.357265 0.862516 0.358369
    outer loop
      vertex -13.9727 -8.51564 7.1811
      vertex -13.1572 -8.07025 6.92215
      vertex -14.0107 -8.4238 6.92215
    endloop
  endfacet
  facet normal -0.240831 0.581417 -0.777145
    outer loop
      vertex -14.3094 -7.70288 10.0767
      vertex -13.4051 -7.47185 9.96933
      vertex -14.2586 -7.8254 9.96933
    endloop
  endfacet
  facet normal -0.240831 0.581416 -0.777146
    outer loop
      vertex -13.4051 -7.47185 9.96933
      vertex -14.3094 -7.70288 10.0767
      vertex -13.4711 -7.31253 10.109
    endloop
  endfacet
  facet normal -0.320946 0.774833 -0.544634
    outer loop
      vertex -14.0589 -8.30746 9.325
      vertex -13.2169 -7.92599 9.37153
      vertex -13.2054 -7.9539 9.325
    endloop
  endfacet
  facet normal -0.320946 0.774834 -0.544634
    outer loop
      vertex -13.2169 -7.92599 9.37153
      vertex -14.0589 -8.30746 9.325
      vertex -14.0812 -8.25375 9.41451
    endloop
  endfacet
  facet normal -0.137144 0.331095 -0.933578
    outer loop
      vertex -14.5247 -7.18299 10.4209
      vertex -13.691 -6.78159 10.4408
      vertex -13.6712 -6.82944 10.4209
    endloop
  endfacet
  facet normal -0.137141 0.331089 -0.933581
    outer loop
      vertex -13.691 -6.78159 10.4408
      vertex -14.5247 -7.18299 10.4209
      vertex -14.5628 -7.09093 10.4591
    endloop
  endfacet
  facet normal -0.0990454 0.239117 -0.965926
    outer loop
      vertex -14.6869 -6.79146 10.5645
      vertex -13.7703 -6.59019 10.5203
      vertex -14.6238 -6.94374 10.5203
    endloop
  endfacet
  facet normal -0.0990457 0.239118 -0.965926
    outer loop
      vertex -13.7703 -6.59019 10.5203
      vertex -14.6869 -6.79146 10.5645
      vertex -13.8523 -6.39216 10.5777
    endloop
  endfacet
  facet normal -0.377972 0.912505 -0.156434
    outer loop
      vertex -13.9388 -8.59739 8.44555
      vertex -13.0917 -8.22841 8.55097
      vertex -13.0884 -8.23643 8.49617
    endloop
  endfacet
  facet normal -0.377971 0.912505 -0.156439
    outer loop
      vertex -13.0917 -8.22841 8.55097
      vertex -13.9388 -8.59739 8.44555
      vertex -13.9452 -8.58196 8.55097
    endloop
  endfacet
  facet normal 0.0990451 -0.239116 -0.965926
    outer loop
      vertex -15.2111 -5.52587 10.5479
      vertex -14.2945 -5.3246 10.5921
      vertex -15.148 -5.67816 10.5921
    endloop
  endfacet
  facet normal 0.0990455 -0.239118 -0.965926
    outer loop
      vertex -14.2945 -5.3246 10.5921
      vertex -15.2111 -5.52587 10.5479
      vertex -14.3765 -5.12658 10.5347
    endloop
  endfacet
  facet normal 0.099048 -0.239123 -0.965924
    outer loop
      vertex -15.2506 -5.43062 10.5203
      vertex -14.3765 -5.12658 10.5347
      vertex -15.2111 -5.52587 10.5479
    endloop
  endfacet
  facet normal 0.099048 -0.239123 -0.965924
    outer loop
      vertex -14.3765 -5.12658 10.5347
      vertex -15.2506 -5.43062 10.5203
      vertex -14.397 -5.07707 10.5203
    endloop
  endfacet
  facet normal 0.340973 -0.823183 -0.453989
    outer loop
      vertex -15.0101 -3.59702 9.07785
      vertex -15.834 -4.02215 9.2299
      vertex -15.8636 -3.95057 9.07785
    endloop
  endfacet
  facet normal 0.340973 -0.823183 -0.453989
    outer loop
      vertex -15.834 -4.02215 9.2299
      vertex -15.0101 -3.59702 9.07785
      vertex -14.9715 -3.69009 9.27557
    endloop
  endfacet
  facet normal 0.369643 -0.892398 -0.258823
    outer loop
      vertex -15.0701 -3.45212 8.60455
      vertex -15.9017 -3.85873 8.81889
      vertex -15.9186 -3.81792 8.65406
    endloop
  endfacet
  facet normal 0.369644 -0.892399 -0.25882
    outer loop
      vertex -15.9017 -3.85873 8.81889
      vertex -15.0701 -3.45212 8.60455
      vertex -15.0481 -3.50518 8.81889
    endloop
  endfacet
  facet normal 0.382159 -0.922613 0.0523377
    outer loop
      vertex -15.9457 -3.75232 7.723
      vertex -15.0933 -3.39608 7.7784
      vertex -15.9479 -3.74715 7.82958
    endloop
  endfacet
  facet normal 0.382159 -0.922613 0.0523368
    outer loop
      vertex -15.0933 -3.39608 7.7784
      vertex -15.9457 -3.75232 7.723
      vertex -15.0922 -3.39876 7.723
    endloop
  endfacet
  facet normal 0.357266 -0.862516 0.358368
    outer loop
      vertex -15.8636 -3.95057 6.92215
      vertex -15.0481 -3.50518 7.1811
      vertex -15.9017 -3.85873 7.1811
    endloop
  endfacet
  facet normal 0.357265 -0.862515 0.35837
    outer loop
      vertex -15.0481 -3.50518 7.1811
      vertex -15.8636 -3.95057 6.92215
      vertex -15.0101 -3.59702 6.92215
    endloop
  endfacet
  facet normal 0.270598 -0.653281 0.707108
    outer loop
      vertex -14.7772 -4.15917 6.06989
      vertex -15.6158 -4.54896 6.03067
      vertex -14.7622 -4.19541 6.03067
    endloop
  endfacet
  facet normal 0.270598 -0.653282 0.707106
    outer loop
      vertex -15.6158 -4.54896 6.03067
      vertex -14.7772 -4.15917 6.06989
      vertex -15.6446 -4.47924 6.10613
    endloop
  endfacet
  facet normal 0.24083 -0.581416 0.777146
    outer loop
      vertex -15.6158 -4.54896 6.03067
      vertex -14.7457 -4.23524 5.99575
      vertex -14.7622 -4.19541 6.03067
    endloop
  endfacet
  facet normal 0.240831 -0.581417 0.777145
    outer loop
      vertex -14.7457 -4.23524 5.99575
      vertex -15.6158 -4.54896 6.03067
      vertex -15.584 -4.62559 5.9635
    endloop
  endfacet
  facet normal 0.369643 -0.892398 0.258822
    outer loop
      vertex -15.9017 -3.85873 7.1811
      vertex -15.0701 -3.45212 7.39545
      vertex -15.9186 -3.81792 7.34594
    endloop
  endfacet
  facet normal 0.369644 -0.892399 0.25882
    outer loop
      vertex -15.0701 -3.45212 7.39545
      vertex -15.9017 -3.85873 7.1811
      vertex -15.0481 -3.50518 7.1811
    endloop
  endfacet
  facet normal 0.0598654 -0.144528 0.987688
    outer loop
      vertex -14.2945 -5.3246 5.40791
      vertex -15.0432 -5.93127 5.36452
      vertex -14.1896 -5.57772 5.36452
    endloop
  endfacet
  facet normal 0.0598654 -0.144528 0.987688
    outer loop
      vertex -15.0432 -5.93127 5.36452
      vertex -14.2945 -5.3246 5.40791
      vertex -15.148 -5.67816 5.40791
    endloop
  endfacet
  facet normal 0.0990459 -0.239117 0.965926
    outer loop
      vertex -15.2111 -5.52587 5.45208
      vertex -14.2945 -5.3246 5.40791
      vertex -14.3765 -5.12658 5.46534
    endloop
  endfacet
  facet normal 0.0990461 -0.239118 0.965926
    outer loop
      vertex -14.2945 -5.3246 5.40791
      vertex -15.2111 -5.52587 5.45208
      vertex -15.148 -5.67816 5.40791
    endloop
  endfacet
  facet normal 0.173734 -0.41943 0.891008
    outer loop
      vertex -14.515 -4.79216 5.60429
      vertex -15.3497 -5.19138 5.5791
      vertex -14.4961 -4.83782 5.5791
    endloop
  endfacet
  facet normal 0.173734 -0.41943 0.891008
    outer loop
      vertex -15.3497 -5.19138 5.5791
      vertex -14.515 -4.79216 5.60429
      vertex -15.3861 -5.10352 5.62756
    endloop
  endfacet
  facet normal 0.340973 -0.823183 0.453991
    outer loop
      vertex -15.8154 -4.06691 6.675
      vertex -14.9715 -3.69009 6.72443
      vertex -15.834 -4.02215 6.7701
    endloop
  endfacet
  facet normal 0.340974 -0.823185 0.453986
    outer loop
      vertex -14.9715 -3.69009 6.72443
      vertex -15.8154 -4.06691 6.675
      vertex -14.9619 -3.71336 6.675
    endloop
  endfacet
  facet normal 0.270599 -0.653284 0.707104
    outer loop
      vertex -14.8373 -4.0142 6.2268
      vertex -15.6446 -4.47924 6.10613
      vertex -14.7772 -4.15917 6.06989
    endloop
  endfacet
  facet normal 0.270599 -0.653284 0.707104
    outer loop
      vertex -15.6446 -4.47924 6.10613
      vertex -14.8373 -4.0142 6.2268
      vertex -15.6908 -4.36776 6.2268
    endloop
  endfacet
  facet normal 0.173735 -0.419434 0.891006
    outer loop
      vertex -14.5907 -4.60949 5.70503
      vertex -15.3861 -5.10352 5.62756
      vertex -14.515 -4.79216 5.60429
    endloop
  endfacet
  facet normal 0.173735 -0.419435 0.891005
    outer loop
      vertex -15.3861 -5.10352 5.62756
      vertex -14.5907 -4.60949 5.70503
      vertex -15.4442 -4.96304 5.70503
    endloop
  endfacet
  facet normal 0.208424 -0.503181 0.838671
    outer loop
      vertex -15.499 -4.83082 5.79798
      vertex -14.5907 -4.60949 5.70503
      vertex -14.6619 -4.43755 5.82589
    endloop
  endfacet
  facet normal 0.208424 -0.503181 0.83867
    outer loop
      vertex -14.5907 -4.60949 5.70503
      vertex -15.499 -4.83082 5.79798
      vertex -15.4442 -4.96304 5.70503
    endloop
  endfacet
  facet normal -0.377972 0.912505 0.156435
    outer loop
      vertex -13.0917 -8.22841 7.44903
      vertex -13.9388 -8.59739 7.55445
      vertex -13.0884 -8.23643 7.50383
    endloop
  endfacet
  facet normal -0.377971 0.912505 0.156439
    outer loop
      vertex -13.9388 -8.59739 7.55445
      vertex -13.0917 -8.22841 7.44903
      vertex -13.9452 -8.58196 7.44903
    endloop
  endfacet
  facet normal -0.320945 0.77483 0.544639
    outer loop
      vertex -13.2632 -7.81433 6.44237
      vertex -14.0812 -8.25375 6.58549
      vertex -13.2169 -7.92599 6.62847
    endloop
  endfacet
  facet normal -0.320944 0.774829 0.544642
    outer loop
      vertex -14.0812 -8.25375 6.58549
      vertex -13.2632 -7.81433 6.44237
      vertex -14.1168 -8.16788 6.44237
    endloop
  endfacet
  facet normal -0.2974 0.717988 0.629322
    outer loop
      vertex -13.3166 -7.68531 6.26992
      vertex -14.1168 -8.16788 6.44237
      vertex -13.2632 -7.81433 6.44237
    endloop
  endfacet
  facet normal -0.297401 0.717989 0.62932
    outer loop
      vertex -14.1168 -8.16788 6.44237
      vertex -13.3166 -7.68531 6.26992
      vertex -14.1578 -8.06867 6.30975
    endloop
  endfacet
  facet normal -0.208425 0.503181 0.838671
    outer loop
      vertex -13.5766 -7.05777 5.70503
      vertex -14.3754 -7.54355 5.79798
      vertex -13.5054 -7.22971 5.82589
    endloop
  endfacet
  facet normal -0.208424 0.503179 0.838672
    outer loop
      vertex -14.3754 -7.54355 5.79798
      vertex -13.5766 -7.05777 5.70503
      vertex -14.4301 -7.41132 5.70503
    endloop
  endfacet
  facet normal -0.173735 0.419432 0.891007
    outer loop
      vertex -14.4883 -7.27085 5.62756
      vertex -13.5766 -7.05777 5.70503
      vertex -13.6522 -6.8751 5.60429
    endloop
  endfacet
  facet normal -0.173734 0.419432 0.891007
    outer loop
      vertex -13.5766 -7.05777 5.70503
      vertex -14.4883 -7.27085 5.62756
      vertex -14.4301 -7.41132 5.70503
    endloop
  endfacet
  facet normal -0.382159 0.922613 -0.0523353
    outer loop
      vertex -13.0751 -8.2685 8.277
      vertex -13.9252 -8.6303 8.10658
      vertex -13.9286 -8.62205 8.277
    endloop
  endfacet
  facet normal -0.382159 0.922613 -0.052338
    outer loop
      vertex -13.9252 -8.6303 8.10658
      vertex -13.0751 -8.2685 8.277
      vertex -13.0706 -8.27923 8.0554
    endloop
  endfacet
  facet normal -0.0990461 0.239118 0.965926
    outer loop
      vertex -14.6869 -6.79146 5.43553
      vertex -13.7703 -6.59019 5.4797
      vertex -13.8523 -6.39216 5.42227
    endloop
  endfacet
  facet normal -0.0990464 0.239119 0.965925
    outer loop
      vertex -13.7703 -6.59019 5.4797
      vertex -14.6869 -6.79146 5.43553
      vertex -14.6238 -6.94374 5.4797
    endloop
  endfacet
  facet normal -0.270598 0.653283 -0.707105
    outer loop
      vertex -14.2124 -7.93689 9.84866
      vertex -13.4051 -7.47185 9.96933
      vertex -13.345 -7.61682 9.81242
    endloop
  endfacet
  facet normal -0.270599 0.653284 -0.707104
    outer loop
      vertex -13.4051 -7.47185 9.96933
      vertex -14.2124 -7.93689 9.84866
      vertex -14.2586 -7.8254 9.96933
    endloop
  endfacet
  facet normal -0.24083 0.581413 -0.777149
    outer loop
      vertex -14.3411 -7.62625 10.1439
      vertex -13.4711 -7.31253 10.109
      vertex -14.3094 -7.70288 10.0767
    endloop
  endfacet
  facet normal -0.24083 0.581416 -0.777146
    outer loop
      vertex -13.4711 -7.31253 10.109
      vertex -14.3411 -7.62625 10.1439
      vertex -13.4876 -7.27269 10.1439
    endloop
  endfacet
  facet normal -0.0990475 0.239122 -0.965925
    outer loop
      vertex -14.7263 -6.69621 10.5921
      vertex -13.8523 -6.39216 10.5777
      vertex -14.6869 -6.79146 10.5645
    endloop
  endfacet
  facet normal -0.0990472 0.239121 -0.965925
    outer loop
      vertex -13.8523 -6.39216 10.5777
      vertex -14.7263 -6.69621 10.5921
      vertex -13.8728 -6.34266 10.5921
    endloop
  endfacet
  facet normal -0.13714 0.331087 -0.933581
    outer loop
      vertex -14.5628 -7.09093 10.4591
      vertex -13.7703 -6.59019 10.5203
      vertex -13.691 -6.78159 10.4408
    endloop
  endfacet
  facet normal -0.137142 0.33109 -0.93358
    outer loop
      vertex -13.7703 -6.59019 10.5203
      vertex -14.5628 -7.09093 10.4591
      vertex -14.6238 -6.94374 10.5203
    endloop
  endfacet
  facet normal -0.2974 0.717988 -0.629322
    outer loop
      vertex -14.1168 -8.16788 9.55763
      vertex -13.3166 -7.68531 9.73008
      vertex -13.2632 -7.81433 9.55763
    endloop
  endfacet
  facet normal -0.297401 0.717989 -0.62932
    outer loop
      vertex -13.3166 -7.68531 9.73008
      vertex -14.1168 -8.16788 9.55763
      vertex -14.1578 -8.06867 9.69025
    endloop
  endfacet
  facet normal -0.320944 0.774829 -0.544642
    outer loop
      vertex -13.2632 -7.81433 9.55763
      vertex -14.0812 -8.25375 9.41451
      vertex -14.1168 -8.16788 9.55763
    endloop
  endfacet
  facet normal -0.320945 0.77483 -0.544639
    outer loop
      vertex -14.0812 -8.25375 9.41451
      vertex -13.2632 -7.81433 9.55763
      vertex -13.2169 -7.92599 9.37153
    endloop
  endfacet
  facet normal 0.0200251 -0.048345 -0.99863
    outer loop
      vertex -14.9372 -6.18718 10.65
      vertex -14.1048 -5.78245 10.6471
      vertex -14.0836 -5.83363 10.65
    endloop
  endfacet
  facet normal 0.0200281 -0.0483511 -0.99863
    outer loop
      vertex -14.1048 -5.78245 10.6471
      vertex -14.9372 -6.18718 10.65
      vertex -14.978 -6.08871 10.6444
    endloop
  endfacet
  facet normal 0.0200288 -0.0483531 -0.998629
    outer loop
      vertex -14.978 -6.08871 10.6444
      vertex -14.1896 -5.57772 10.6355
      vertex -14.1048 -5.78245 10.6471
    endloop
  endfacet
  facet normal 0.020028 -0.0483519 -0.99863
    outer loop
      vertex -14.1896 -5.57772 10.6355
      vertex -14.978 -6.08871 10.6444
      vertex -15.0432 -5.93127 10.6355
    endloop
  endfacet
  facet normal 0.208425 -0.503184 -0.838668
    outer loop
      vertex -15.5333 -4.74812 10.1439
      vertex -14.6619 -4.43755 10.1741
      vertex -15.499 -4.83082 10.202
    endloop
  endfacet
  facet normal 0.208424 -0.503179 -0.838672
    outer loop
      vertex -14.6619 -4.43755 10.1741
      vertex -15.5333 -4.74812 10.1439
      vertex -14.6797 -4.39457 10.1439
    endloop
  endfacet
  facet normal 0.297401 -0.717988 -0.629321
    outer loop
      vertex -15.6908 -4.36776 9.7732
      vertex -14.8506 -3.98195 9.73008
      vertex -14.8373 -4.0142 9.7732
    endloop
  endfacet
  facet normal 0.2974 -0.717987 -0.629324
    outer loop
      vertex -14.8506 -3.98195 9.73008
      vertex -15.6908 -4.36776 9.7732
      vertex -15.7165 -4.3057 9.69025
    endloop
  endfacet
  facet normal 0.297401 -0.717989 -0.629321
    outer loop
      vertex -14.9041 -3.85293 9.55763
      vertex -15.7165 -4.3057 9.69025
      vertex -15.7576 -4.20648 9.55763
    endloop
  endfacet
  facet normal 0.2974 -0.717988 -0.629322
    outer loop
      vertex -15.7165 -4.3057 9.69025
      vertex -14.9041 -3.85293 9.55763
      vertex -14.8506 -3.98195 9.73008
    endloop
  endfacet
  facet normal 0.357266 -0.862516 -0.358368
    outer loop
      vertex -15.0481 -3.50518 8.81889
      vertex -15.8636 -3.95057 9.07785
      vertex -15.9017 -3.85873 8.81889
    endloop
  endfacet
  facet normal 0.357265 -0.862515 -0.35837
    outer loop
      vertex -15.8636 -3.95057 9.07785
      vertex -15.0481 -3.50518 8.81889
      vertex -15.0101 -3.59702 9.07785
    endloop
  endfacet
  facet normal 0.320946 -0.774832 -0.544637
    outer loop
      vertex -14.9619 -3.71336 9.325
      vertex -15.7932 -4.12062 9.41451
      vertex -15.8154 -4.06691 9.325
    endloop
  endfacet
  facet normal 0.320945 -0.77483 -0.54464
    outer loop
      vertex -15.7932 -4.12062 9.41451
      vertex -14.9619 -3.71336 9.325
      vertex -14.9503 -3.74127 9.37153
    endloop
  endfacet
  facet normal 0.320945 -0.774831 -0.544639
    outer loop
      vertex -14.9503 -3.74127 9.37153
      vertex -15.7576 -4.20648 9.55763
      vertex -15.7932 -4.12062 9.41451
    endloop
  endfacet
  facet normal 0.320945 -0.774831 -0.544638
    outer loop
      vertex -15.7576 -4.20648 9.55763
      vertex -14.9503 -3.74127 9.37153
      vertex -14.9041 -3.85293 9.55763
    endloop
  endfacet
  facet normal 0.369645 -0.8924 -0.258815
    outer loop
      vertex -15.0756 -3.43885 8.55097
      vertex -15.9186 -3.81792 8.65406
      vertex -15.9291 -3.7924 8.55097
    endloop
  endfacet
  facet normal 0.369643 -0.892399 -0.258822
    outer loop
      vertex -15.9186 -3.81792 8.65406
      vertex -15.0756 -3.43885 8.55097
      vertex -15.0701 -3.45212 8.60455
    endloop
  endfacet
  facet normal 0.382159 -0.922613 0.0523367
    outer loop
      vertex -15.9479 -3.74715 7.82958
      vertex -15.0977 -3.38535 8
      vertex -15.9513 -3.7389 8
    endloop
  endfacet
  facet normal 0.382159 -0.922613 0.0523356
    outer loop
      vertex -15.0977 -3.38535 8
      vertex -15.9479 -3.74715 7.82958
      vertex -15.0933 -3.39608 7.7784
    endloop
  endfacet
  facet normal 0.382159 -0.922613 -0.0523366
    outer loop
      vertex -15.0977 -3.38535 8
      vertex -15.9479 -3.74715 8.17042
      vertex -15.9513 -3.7389 8
    endloop
  endfacet
  facet normal 0.382159 -0.922613 -0.0523353
    outer loop
      vertex -15.9479 -3.74715 8.17042
      vertex -15.0977 -3.38535 8
      vertex -15.0933 -3.39608 8.2216
    endloop
  endfacet
  facet normal 0.320946 -0.774832 0.544637
    outer loop
      vertex -15.7932 -4.12062 6.58549
      vertex -14.9619 -3.71336 6.675
      vertex -15.8154 -4.06691 6.675
    endloop
  endfacet
  facet normal 0.320945 -0.77483 0.54464
    outer loop
      vertex -14.9619 -3.71336 6.675
      vertex -15.7932 -4.12062 6.58549
      vertex -14.9503 -3.74127 6.62847
    endloop
  endfacet
  facet normal 0.137141 -0.331088 0.933581
    outer loop
      vertex -15.3497 -5.19138 5.5791
      vertex -14.4763 -4.88567 5.55922
      vertex -14.4961 -4.83782 5.5791
    endloop
  endfacet
  facet normal 0.137141 -0.331089 0.933581
    outer loop
      vertex -14.4763 -4.88567 5.55922
      vertex -15.3497 -5.19138 5.5791
      vertex -15.3115 -5.28343 5.54086
    endloop
  endfacet
  facet normal 0.24083 -0.581415 0.777147
    outer loop
      vertex -15.584 -4.62559 5.9635
      vertex -14.6797 -4.39457 5.8561
      vertex -14.7457 -4.23524 5.99575
    endloop
  endfacet
  facet normal 0.240829 -0.581413 0.777148
    outer loop
      vertex -14.6797 -4.39457 5.8561
      vertex -15.584 -4.62559 5.9635
      vertex -15.5333 -4.74812 5.8561
    endloop
  endfacet
  facet normal 0.208424 -0.503179 0.838672
    outer loop
      vertex -15.5333 -4.74812 5.8561
      vertex -14.6619 -4.43755 5.82589
      vertex -14.6797 -4.39457 5.8561
    endloop
  endfacet
  facet normal 0.208424 -0.503181 0.83867
    outer loop
      vertex -14.6619 -4.43755 5.82589
      vertex -15.5333 -4.74812 5.8561
      vertex -15.499 -4.83082 5.79798
    endloop
  endfacet
  facet normal -0.173734 0.419432 -0.891007
    outer loop
      vertex -14.5247 -7.18299 10.4209
      vertex -13.6522 -6.8751 10.3957
      vertex -14.4883 -7.27085 10.3724
    endloop
  endfacet
  facet normal -0.173735 0.419433 -0.891007
    outer loop
      vertex -13.6522 -6.8751 10.3957
      vertex -14.5247 -7.18299 10.4209
      vertex -13.6712 -6.82944 10.4209
    endloop
  endfacet
  facet normal -0.0598654 0.144528 -0.987688
    outer loop
      vertex -14.7263 -6.69621 10.5921
      vertex -13.9776 -6.08955 10.6355
      vertex -13.8728 -6.34266 10.5921
    endloop
  endfacet
  facet normal -0.0598654 0.144528 -0.987688
    outer loop
      vertex -13.9776 -6.08955 10.6355
      vertex -14.7263 -6.69621 10.5921
      vertex -14.8312 -6.4431 10.6355
    endloop
  endfacet
  facet normal -0.340974 0.823183 -0.453989
    outer loop
      vertex -14.0404 -8.35222 9.2299
      vertex -13.2054 -7.9539 9.325
      vertex -13.1957 -7.97717 9.27557
    endloop
  endfacet
  facet normal -0.340973 0.823181 -0.453994
    outer loop
      vertex -13.2054 -7.9539 9.325
      vertex -14.0404 -8.35222 9.2299
      vertex -14.0589 -8.30746 9.325
    endloop
  endfacet
  facet normal 0.173735 -0.419434 -0.891006
    outer loop
      vertex -15.3861 -5.10352 10.3724
      vertex -14.5907 -4.60949 10.295
      vertex -14.515 -4.79216 10.3957
    endloop
  endfacet
  facet normal 0.173735 -0.419433 -0.891007
    outer loop
      vertex -14.5907 -4.60949 10.295
      vertex -15.3861 -5.10352 10.3724
      vertex -15.4442 -4.96304 10.295
    endloop
  endfacet
  facet normal 0.173734 -0.41943 -0.891008
    outer loop
      vertex -15.3497 -5.19138 10.4209
      vertex -14.515 -4.79216 10.3957
      vertex -14.4961 -4.83782 10.4209
    endloop
  endfacet
  facet normal 0.173735 -0.419433 -0.891006
    outer loop
      vertex -14.515 -4.79216 10.3957
      vertex -15.3497 -5.19138 10.4209
      vertex -15.3861 -5.10352 10.3724
    endloop
  endfacet
  facet normal 0.24083 -0.581415 -0.777147
    outer loop
      vertex -15.584 -4.62559 10.0365
      vertex -14.6797 -4.39457 10.1439
      vertex -15.5333 -4.74812 10.1439
    endloop
  endfacet
  facet normal 0.24083 -0.581415 -0.777147
    outer loop
      vertex -14.6797 -4.39457 10.1439
      vertex -15.584 -4.62559 10.0365
      vertex -14.7457 -4.23524 10.0042
    endloop
  endfacet
  facet normal 0.137142 -0.33109 -0.93358
    outer loop
      vertex -15.3115 -5.28343 10.4591
      vertex -14.397 -5.07707 10.5203
      vertex -15.2506 -5.43062 10.5203
    endloop
  endfacet
  facet normal 0.137141 -0.331086 -0.933581
    outer loop
      vertex -14.397 -5.07707 10.5203
      vertex -15.3115 -5.28343 10.4591
      vertex -14.4763 -4.88567 10.4408
    endloop
  endfacet
  facet normal 0.13714 -0.331085 -0.933582
    outer loop
      vertex -15.3497 -5.19138 10.4209
      vertex -14.4763 -4.88567 10.4408
      vertex -15.3115 -5.28343 10.4591
    endloop
  endfacet
  facet normal 0.137144 -0.331095 -0.933578
    outer loop
      vertex -14.4763 -4.88567 10.4408
      vertex -15.3497 -5.19138 10.4209
      vertex -14.4961 -4.83782 10.4209
    endloop
  endfacet
  facet normal -0.173734 0.419432 -0.891007
    outer loop
      vertex -14.4883 -7.27085 10.3724
      vertex -13.5766 -7.05777 10.295
      vertex -14.4301 -7.41132 10.295
    endloop
  endfacet
  facet normal -0.173735 0.419432 -0.891007
    outer loop
      vertex -13.5766 -7.05777 10.295
      vertex -14.4883 -7.27085 10.3724
      vertex -13.6522 -6.8751 10.3957
    endloop
  endfacet
  facet normal -0.208425 0.503181 -0.838671
    outer loop
      vertex -14.3754 -7.54355 10.202
      vertex -13.5766 -7.05777 10.295
      vertex -13.5054 -7.22971 10.1741
    endloop
  endfacet
  facet normal -0.208424 0.503179 -0.838672
    outer loop
      vertex -13.5766 -7.05777 10.295
      vertex -14.3754 -7.54355 10.202
      vertex -14.4301 -7.41132 10.295
    endloop
  endfacet
  facet normal 0.0200276 0.0483513 0.99863
    outer loop
      vertex -14.978 6.08871 5.35559
      vertex -14.1896 5.57772 5.36452
      vertex -14.1048 5.78245 5.3529
    endloop
  endfacet
  facet normal 0.020028 0.0483519 0.99863
    outer loop
      vertex -14.1896 5.57772 5.36452
      vertex -14.978 6.08871 5.35559
      vertex -15.0432 5.93127 5.36452
    endloop
  endfacet
  facet normal 0.0200284 0.0483529 0.998629
    outer loop
      vertex -14.9372 6.18718 5.35
      vertex -14.1048 5.78245 5.3529
      vertex -14.0836 5.83363 5.35
    endloop
  endfacet
  facet normal 0.0200276 0.0483513 0.99863
    outer loop
      vertex -14.1048 5.78245 5.3529
      vertex -14.9372 6.18718 5.35
      vertex -14.978 6.08871 5.35559
    endloop
  endfacet
  facet normal 0.369643 0.892399 -0.258822
    outer loop
      vertex -15.0756 3.43885 8.55097
      vertex -15.9186 3.81792 8.65406
      vertex -15.0701 3.45212 8.60455
    endloop
  endfacet
  facet normal 0.369645 0.8924 -0.258815
    outer loop
      vertex -15.9186 3.81792 8.65406
      vertex -15.0756 3.43885 8.55097
      vertex -15.9291 3.7924 8.55097
    endloop
  endfacet
  facet normal 0.137141 0.331087 0.933581
    outer loop
      vertex -15.3115 5.28343 5.54086
      vertex -14.397 5.07707 5.4797
      vertex -15.2506 5.43062 5.4797
    endloop
  endfacet
  facet normal 0.137141 0.331088 0.933581
    outer loop
      vertex -14.397 5.07707 5.4797
      vertex -15.3115 5.28343 5.54086
      vertex -14.4763 4.88567 5.55922
    endloop
  endfacet
  facet normal 0.297401 0.717988 0.629321
    outer loop
      vertex -15.6908 4.36776 6.2268
      vertex -14.8506 3.98195 6.26992
      vertex -14.8373 4.0142 6.2268
    endloop
  endfacet
  facet normal 0.2974 0.717987 0.629324
    outer loop
      vertex -14.8506 3.98195 6.26992
      vertex -15.6908 4.36776 6.2268
      vertex -15.7165 4.3057 6.30975
    endloop
  endfacet
  facet normal 0.24083 0.581416 -0.777146
    outer loop
      vertex -15.6158 4.54896 9.96933
      vertex -14.7457 4.23524 10.0042
      vertex -14.7622 4.19541 9.96933
    endloop
  endfacet
  facet normal 0.24083 0.581415 -0.777147
    outer loop
      vertex -14.7457 4.23524 10.0042
      vertex -15.6158 4.54896 9.96933
      vertex -15.584 4.62559 10.0365
    endloop
  endfacet
  facet normal -0.24083 -0.581416 0.777146
    outer loop
      vertex -14.3094 7.70288 5.92327
      vertex -13.4051 7.47185 6.03067
      vertex -14.2586 7.8254 6.03067
    endloop
  endfacet
  facet normal -0.24083 -0.581416 0.777146
    outer loop
      vertex -13.4051 7.47185 6.03067
      vertex -14.3094 7.70288 5.92327
      vertex -13.4711 7.31253 5.89102
    endloop
  endfacet
  facet normal -0.270598 -0.653281 0.707108
    outer loop
      vertex -14.1836 8.00661 6.2268
      vertex -13.345 7.61682 6.18758
      vertex -13.33 7.65306 6.2268
    endloop
  endfacet
  facet normal -0.270599 -0.653284 0.707104
    outer loop
      vertex -13.345 7.61682 6.18758
      vertex -14.1836 8.00661 6.2268
      vertex -14.2124 7.93689 6.15133
    endloop
  endfacet
  facet normal 0.340974 0.823185 0.453986
    outer loop
      vertex -15.8154 4.06691 6.675
      vertex -14.9715 3.69009 6.72443
      vertex -14.9619 3.71336 6.675
    endloop
  endfacet
  facet normal 0.340973 0.823183 0.453991
    outer loop
      vertex -14.9715 3.69009 6.72443
      vertex -15.8154 4.06691 6.675
      vertex -15.834 4.02215 6.7701
    endloop
  endfacet
  facet normal -0.137144 -0.331095 -0.933578
    outer loop
      vertex -13.691 6.78159 10.4408
      vertex -14.5247 7.18299 10.4209
      vertex -13.6712 6.82944 10.4209
    endloop
  endfacet
  facet normal -0.137141 -0.331089 -0.933581
    outer loop
      vertex -14.5247 7.18299 10.4209
      vertex -13.691 6.78159 10.4408
      vertex -14.5628 7.09093 10.4591
    endloop
  endfacet
  facet normal 0.137141 0.331089 0.933581
    outer loop
      vertex -15.3497 5.19138 5.5791
      vertex -14.4763 4.88567 5.55922
      vertex -15.3115 5.28343 5.54086
    endloop
  endfacet
  facet normal 0.137141 0.331088 0.933581
    outer loop
      vertex -14.4763 4.88567 5.55922
      vertex -15.3497 5.19138 5.5791
      vertex -14.4961 4.83782 5.5791
    endloop
  endfacet
  facet normal 0.369644 0.892399 -0.25882
    outer loop
      vertex -15.0701 3.45212 8.60455
      vertex -15.9017 3.85873 8.81889
      vertex -15.0481 3.50518 8.81889
    endloop
  endfacet
  facet normal 0.369643 0.892398 -0.258823
    outer loop
      vertex -15.9017 3.85873 8.81889
      vertex -15.0701 3.45212 8.60455
      vertex -15.9186 3.81792 8.65406
    endloop
  endfacet
  facet normal 0.382159 0.922613 -0.0523368
    outer loop
      vertex -15.0933 3.39608 8.2216
      vertex -15.9457 3.75232 8.277
      vertex -15.0922 3.39876 8.277
    endloop
  endfacet
  facet normal 0.382159 0.922613 -0.0523375
    outer loop
      vertex -15.9457 3.75232 8.277
      vertex -15.0933 3.39608 8.2216
      vertex -15.9479 3.74715 8.17042
    endloop
  endfacet
  facet normal 0.173735 0.419434 0.891006
    outer loop
      vertex -15.3861 5.10352 5.62756
      vertex -14.5907 4.60949 5.70503
      vertex -14.515 4.79216 5.60429
    endloop
  endfacet
  facet normal 0.173735 0.419435 0.891005
    outer loop
      vertex -14.5907 4.60949 5.70503
      vertex -15.3861 5.10352 5.62756
      vertex -15.4442 4.96304 5.70503
    endloop
  endfacet
  facet normal -0.24083 -0.581416 0.777147
    outer loop
      vertex -14.3411 7.62625 5.8561
      vertex -13.4711 7.31253 5.89102
      vertex -14.3094 7.70288 5.92327
    endloop
  endfacet
  facet normal -0.24083 -0.581416 0.777146
    outer loop
      vertex -13.4711 7.31253 5.89102
      vertex -14.3411 7.62625 5.8561
      vertex -13.4876 7.27269 5.8561
    endloop
  endfacet
  facet normal -0.0598654 -0.144528 0.987688
    outer loop
      vertex -14.7263 6.69621 5.40791
      vertex -13.9776 6.08955 5.36452
      vertex -13.8728 6.34266 5.40791
    endloop
  endfacet
  facet normal -0.0598654 -0.144528 0.987688
    outer loop
      vertex -13.9776 6.08955 5.36452
      vertex -14.7263 6.69621 5.40791
      vertex -14.8312 6.4431 5.36452
    endloop
  endfacet
  facet normal -0.270598 -0.653283 -0.707105
    outer loop
      vertex -13.4051 7.47185 9.96933
      vertex -14.2124 7.93689 9.84866
      vertex -13.345 7.61682 9.81242
    endloop
  endfacet
  facet normal -0.270599 -0.653284 -0.707104
    outer loop
      vertex -14.2124 7.93689 9.84866
      vertex -13.4051 7.47185 9.96933
      vertex -14.2586 7.8254 9.96933
    endloop
  endfacet
  facet normal 0.208424 0.503181 0.83867
    outer loop
      vertex -15.499 4.83082 5.79798
      vertex -14.5907 4.60949 5.70503
      vertex -15.4442 4.96304 5.70503
    endloop
  endfacet
  facet normal 0.208424 0.503181 0.838671
    outer loop
      vertex -14.5907 4.60949 5.70503
      vertex -15.499 4.83082 5.79798
      vertex -14.6619 4.43755 5.82589
    endloop
  endfacet
  facet normal 0.270599 0.653284 0.707104
    outer loop
      vertex -15.6446 4.47924 6.10613
      vertex -14.8373 4.0142 6.2268
      vertex -14.7772 4.15917 6.06989
    endloop
  endfacet
  facet normal 0.270599 0.653284 0.707104
    outer loop
      vertex -14.8373 4.0142 6.2268
      vertex -15.6446 4.47924 6.10613
      vertex -15.6908 4.36776 6.2268
    endloop
  endfacet
  facet normal 0.297401 0.717989 0.629321
    outer loop
      vertex -14.9041 3.85293 6.44237
      vertex -15.7165 4.3057 6.30975
      vertex -15.7576 4.20648 6.44237
    endloop
  endfacet
  facet normal 0.2974 0.717988 0.629322
    outer loop
      vertex -15.7165 4.3057 6.30975
      vertex -14.9041 3.85293 6.44237
      vertex -14.8506 3.98195 6.26992
    endloop
  endfacet
  facet normal 0.297401 0.717988 -0.629321
    outer loop
      vertex -14.8506 3.98195 9.73008
      vertex -15.6908 4.36776 9.7732
      vertex -14.8373 4.0142 9.7732
    endloop
  endfacet
  facet normal 0.2974 0.717987 -0.629324
    outer loop
      vertex -15.6908 4.36776 9.7732
      vertex -14.8506 3.98195 9.73008
      vertex -15.7165 4.3057 9.69025
    endloop
  endfacet
  facet normal -0.340973 -0.823181 -0.453994
    outer loop
      vertex -14.0404 8.35222 9.2299
      vertex -13.2054 7.9539 9.325
      vertex -14.0589 8.30746 9.325
    endloop
  endfacet
  facet normal -0.340974 -0.823183 -0.453989
    outer loop
      vertex -13.2054 7.9539 9.325
      vertex -14.0404 8.35222 9.2299
      vertex -13.1957 7.97717 9.27557
    endloop
  endfacet
  facet normal -0.137142 -0.331089 0.93358
    outer loop
      vertex -14.5628 7.09093 5.54086
      vertex -13.7703 6.59019 5.4797
      vertex -13.691 6.78159 5.55922
    endloop
  endfacet
  facet normal -0.137141 -0.331087 0.933581
    outer loop
      vertex -13.7703 6.59019 5.4797
      vertex -14.5628 7.09093 5.54086
      vertex -14.6238 6.94374 5.4797
    endloop
  endfacet
  facet normal 0.382159 0.922613 -0.0523353
    outer loop
      vertex -15.0977 3.38535 8
      vertex -15.9479 3.74715 8.17042
      vertex -15.0933 3.39608 8.2216
    endloop
  endfacet
  facet normal 0.382159 0.922613 -0.0523366
    outer loop
      vertex -15.9479 3.74715 8.17042
      vertex -15.0977 3.38535 8
      vertex -15.9513 3.7389 8
    endloop
  endfacet
  facet normal 0.382159 0.922613 0.0523367
    outer loop
      vertex -15.0977 3.38535 8
      vertex -15.9479 3.74715 7.82958
      vertex -15.9513 3.7389 8
    endloop
  endfacet
  facet normal 0.382159 0.922613 0.0523356
    outer loop
      vertex -15.9479 3.74715 7.82958
      vertex -15.0977 3.38535 8
      vertex -15.0933 3.39608 7.7784
    endloop
  endfacet
  facet normal 0.0598654 0.144528 0.987688
    outer loop
      vertex -15.0432 5.93127 5.36452
      vertex -14.2945 5.3246 5.40791
      vertex -14.1896 5.57772 5.36452
    endloop
  endfacet
  facet normal 0.0598654 0.144528 0.987688
    outer loop
      vertex -14.2945 5.3246 5.40791
      vertex -15.0432 5.93127 5.36452
      vertex -15.148 5.67816 5.40791
    endloop
  endfacet
  facet normal 0.0990461 0.239118 0.965926
    outer loop
      vertex -15.2111 5.52587 5.45208
      vertex -14.2945 5.3246 5.40791
      vertex -15.148 5.67816 5.40791
    endloop
  endfacet
  facet normal 0.0990459 0.239117 0.965926
    outer loop
      vertex -14.2945 5.3246 5.40791
      vertex -15.2111 5.52587 5.45208
      vertex -14.3765 5.12658 5.46534
    endloop
  endfacet
  facet normal 0.173734 0.41943 0.891008
    outer loop
      vertex -15.3497 5.19138 5.5791
      vertex -14.515 4.79216 5.60429
      vertex -14.4961 4.83782 5.5791
    endloop
  endfacet
  facet normal 0.173734 0.41943 0.891008
    outer loop
      vertex -14.515 4.79216 5.60429
      vertex -15.3497 5.19138 5.5791
      vertex -15.3861 5.10352 5.62756
    endloop
  endfacet
  facet normal 0.382159 0.922613 0.0523368
    outer loop
      vertex -15.9457 3.75232 7.723
      vertex -15.0933 3.39608 7.7784
      vertex -15.0922 3.39876 7.723
    endloop
  endfacet
  facet normal 0.382159 0.922613 0.0523377
    outer loop
      vertex -15.0933 3.39608 7.7784
      vertex -15.9457 3.75232 7.723
      vertex -15.9479 3.74715 7.82958
    endloop
  endfacet
  facet normal 0.240831 0.581417 0.777145
    outer loop
      vertex -15.6158 4.54896 6.03067
      vertex -14.7457 4.23524 5.99575
      vertex -15.584 4.62559 5.9635
    endloop
  endfacet
  facet normal 0.24083 0.581416 0.777146
    outer loop
      vertex -14.7457 4.23524 5.99575
      vertex -15.6158 4.54896 6.03067
      vertex -14.7622 4.19541 6.03067
    endloop
  endfacet
  facet normal 0.270598 0.653281 0.707108
    outer loop
      vertex -15.6158 4.54896 6.03067
      vertex -14.7772 4.15917 6.06989
      vertex -14.7622 4.19541 6.03067
    endloop
  endfacet
  facet normal 0.270598 0.653282 0.707106
    outer loop
      vertex -14.7772 4.15917 6.06989
      vertex -15.6158 4.54896 6.03067
      vertex -15.6446 4.47924 6.10613
    endloop
  endfacet
  facet normal -0.382159 -0.922614 -0.0523354
    outer loop
      vertex -13.9231 8.63546 8
      vertex -13.0706 8.27923 8.0554
      vertex -13.9252 8.6303 8.10658
    endloop
  endfacet
  facet normal -0.382158 -0.922613 -0.0523407
    outer loop
      vertex -13.0706 8.27923 8.0554
      vertex -13.9231 8.63546 8
      vertex -13.0695 8.28191 8
    endloop
  endfacet
  facet normal -0.270599 -0.653283 0.707105
    outer loop
      vertex -14.2124 7.93689 6.15133
      vertex -13.4051 7.47185 6.03067
      vertex -13.345 7.61682 6.18758
    endloop
  endfacet
  facet normal -0.270599 -0.653283 0.707106
    outer loop
      vertex -13.4051 7.47185 6.03067
      vertex -14.2124 7.93689 6.15133
      vertex -14.2586 7.8254 6.03067
    endloop
  endfacet
  facet normal -0.340973 -0.823182 0.453992
    outer loop
      vertex -13.2054 7.9539 6.675
      vertex -14.0404 8.35222 6.7701
      vertex -14.0589 8.30746 6.675
    endloop
  endfacet
  facet normal -0.340974 -0.823183 0.453989
    outer loop
      vertex -14.0404 8.35222 6.7701
      vertex -13.2054 7.9539 6.675
      vertex -13.1957 7.97717 6.72443
    endloop
  endfacet
  facet normal -0.0990462 -0.239118 0.965926
    outer loop
      vertex -14.7263 6.69621 5.40791
      vertex -13.8523 6.39216 5.42227
      vertex -14.6869 6.79146 5.43553
    endloop
  endfacet
  facet normal -0.0990472 -0.239121 0.965925
    outer loop
      vertex -13.8523 6.39216 5.42227
      vertex -14.7263 6.69621 5.40791
      vertex -13.8728 6.34266 5.40791
    endloop
  endfacet
  facet normal -0.208424 -0.503179 0.838672
    outer loop
      vertex -14.3411 7.62625 5.8561
      vertex -13.5054 7.22971 5.82589
      vertex -13.4876 7.27269 5.8561
    endloop
  endfacet
  facet normal -0.208425 -0.503182 0.838669
    outer loop
      vertex -13.5054 7.22971 5.82589
      vertex -14.3411 7.62625 5.8561
      vertex -14.3754 7.54355 5.79798
    endloop
  endfacet
  facet normal -0.270598 -0.653281 -0.707108
    outer loop
      vertex -13.345 7.61682 9.81242
      vertex -14.1836 8.00661 9.7732
      vertex -13.33 7.65306 9.7732
    endloop
  endfacet
  facet normal -0.270598 -0.653282 -0.707107
    outer loop
      vertex -14.1836 8.00661 9.7732
      vertex -13.345 7.61682 9.81242
      vertex -14.2124 7.93689 9.84866
    endloop
  endfacet
  facet normal -0.377971 -0.912505 -0.156439
    outer loop
      vertex -13.9388 8.59739 8.44555
      vertex -13.0917 8.22841 8.55097
      vertex -13.9452 8.58196 8.55097
    endloop
  endfacet
  facet normal -0.377972 -0.912505 -0.156434
    outer loop
      vertex -13.0917 8.22841 8.55097
      vertex -13.9388 8.59739 8.44555
      vertex -13.0884 8.23643 8.49617
    endloop
  endfacet
  facet normal -0.369644 -0.892399 -0.258818
    outer loop
      vertex -13.9452 8.58196 8.55097
      vertex -13.1192 8.16208 8.81889
      vertex -13.9727 8.51564 8.81889
    endloop
  endfacet
  facet normal -0.369643 -0.892399 -0.258819
    outer loop
      vertex -13.1192 8.16208 8.81889
      vertex -13.9452 8.58196 8.55097
      vertex -13.0917 8.22841 8.55097
    endloop
  endfacet
  facet normal 0.240829 0.581413 0.777148
    outer loop
      vertex -15.584 4.62559 5.9635
      vertex -14.6797 4.39457 5.8561
      vertex -15.5333 4.74812 5.8561
    endloop
  endfacet
  facet normal 0.24083 0.581415 0.777147
    outer loop
      vertex -14.6797 4.39457 5.8561
      vertex -15.584 4.62559 5.9635
      vertex -14.7457 4.23524 5.99575
    endloop
  endfacet
  facet normal 0.208424 0.503181 0.83867
    outer loop
      vertex -15.5333 4.74812 5.8561
      vertex -14.6619 4.43755 5.82589
      vertex -15.499 4.83082 5.79798
    endloop
  endfacet
  facet normal 0.208424 0.503179 0.838672
    outer loop
      vertex -14.6619 4.43755 5.82589
      vertex -15.5333 4.74812 5.8561
      vertex -14.6797 4.39457 5.8561
    endloop
  endfacet
  facet normal 0.320945 0.77483 0.54464
    outer loop
      vertex -15.7932 4.12062 6.58549
      vertex -14.9619 3.71336 6.675
      vertex -14.9503 3.74127 6.62847
    endloop
  endfacet
  facet normal 0.320946 0.774832 0.544637
    outer loop
      vertex -14.9619 3.71336 6.675
      vertex -15.7932 4.12062 6.58549
      vertex -15.8154 4.06691 6.675
    endloop
  endfacet
  facet normal 0.320945 0.774831 0.544638
    outer loop
      vertex -15.7576 4.20648 6.44237
      vertex -14.9503 3.74127 6.62847
      vertex -14.9041 3.85293 6.44237
    endloop
  endfacet
  facet normal 0.320945 0.774831 0.544639
    outer loop
      vertex -14.9503 3.74127 6.62847
      vertex -15.7576 4.20648 6.44237
      vertex -15.7932 4.12062 6.58549
    endloop
  endfacet
  facet normal 0.357265 0.862515 0.35837
    outer loop
      vertex -15.8636 3.95057 6.92215
      vertex -15.0481 3.50518 7.1811
      vertex -15.0101 3.59702 6.92215
    endloop
  endfacet
  facet normal 0.357266 0.862516 0.358368
    outer loop
      vertex -15.0481 3.50518 7.1811
      vertex -15.8636 3.95057 6.92215
      vertex -15.9017 3.85873 7.1811
    endloop
  endfacet
  facet normal 0.369644 0.892399 0.25882
    outer loop
      vertex -15.9017 3.85873 7.1811
      vertex -15.0701 3.45212 7.39545
      vertex -15.0481 3.50518 7.1811
    endloop
  endfacet
  facet normal 0.369643 0.892398 0.258822
    outer loop
      vertex -15.0701 3.45212 7.39545
      vertex -15.9017 3.85873 7.1811
      vertex -15.9186 3.81792 7.34594
    endloop
  endfacet
  facet normal 0.377972 0.912505 -0.156434
    outer loop
      vertex -15.0922 3.39876 8.277
      vertex -15.9291 3.7924 8.55097
      vertex -15.0756 3.43885 8.55097
    endloop
  endfacet
  facet normal 0.377972 0.912505 -0.156434
    outer loop
      vertex -15.9291 3.7924 8.55097
      vertex -15.0922 3.39876 8.277
      vertex -15.9457 3.75232 8.277
    endloop
  endfacet
  facet normal 0.0990466 0.239119 0.965925
    outer loop
      vertex -15.2506 5.43062 5.4797
      vertex -14.3765 5.12658 5.46534
      vertex -15.2111 5.52587 5.45208
    endloop
  endfacet
  facet normal 0.099048 0.239123 0.965924
    outer loop
      vertex -14.3765 5.12658 5.46534
      vertex -15.2506 5.43062 5.4797
      vertex -14.397 5.07707 5.4797
    endloop
  endfacet
  facet normal 0.320945 0.774831 -0.544638
    outer loop
      vertex -14.9503 3.74127 9.37153
      vertex -15.7576 4.20648 9.55763
      vertex -14.9041 3.85293 9.55763
    endloop
  endfacet
  facet normal 0.320945 0.774831 -0.544639
    outer loop
      vertex -15.7576 4.20648 9.55763
      vertex -14.9503 3.74127 9.37153
      vertex -15.7932 4.12062 9.41451
    endloop
  endfacet
  facet normal 0.357265 0.862515 -0.35837
    outer loop
      vertex -15.0481 3.50518 8.81889
      vertex -15.8636 3.95057 9.07785
      vertex -15.0101 3.59702 9.07785
    endloop
  endfacet
  facet normal 0.357266 0.862516 -0.358368
    outer loop
      vertex -15.8636 3.95057 9.07785
      vertex -15.0481 3.50518 8.81889
      vertex -15.9017 3.85873 8.81889
    endloop
  endfacet
  facet normal 0.270598 0.653281 -0.707108
    outer loop
      vertex -14.7772 4.15917 9.93011
      vertex -15.6158 4.54896 9.96933
      vertex -14.7622 4.19541 9.96933
    endloop
  endfacet
  facet normal 0.270597 0.65328 -0.707109
    outer loop
      vertex -15.6158 4.54896 9.96933
      vertex -14.7772 4.15917 9.93011
      vertex -15.6446 4.47924 9.89386
    endloop
  endfacet
  facet normal 0.137144 0.331095 -0.933578
    outer loop
      vertex -15.3497 5.19138 10.4209
      vertex -14.4763 4.88567 10.4408
      vertex -14.4961 4.83782 10.4209
    endloop
  endfacet
  facet normal 0.13714 0.331085 -0.933582
    outer loop
      vertex -14.4763 4.88567 10.4408
      vertex -15.3497 5.19138 10.4209
      vertex -15.3115 5.28343 10.4591
    endloop
  endfacet
  facet normal -0.0200288 -0.0483531 -0.998629
    outer loop
      vertex -14.0836 5.83363 10.65
      vertex -14.872 6.34463 10.6411
      vertex -13.9988 6.03836 10.6384
    endloop
  endfacet
  facet normal -0.020028 -0.0483518 -0.99863
    outer loop
      vertex -14.872 6.34463 10.6411
      vertex -14.0836 5.83363 10.65
      vertex -14.9372 6.18718 10.65
    endloop
  endfacet
  facet normal 0.0990455 0.239118 -0.965926
    outer loop
      vertex -15.2111 5.52587 10.5479
      vertex -14.2945 5.3246 10.5921
      vertex -14.3765 5.12658 10.5347
    endloop
  endfacet
  facet normal 0.0990451 0.239116 -0.965926
    outer loop
      vertex -14.2945 5.3246 10.5921
      vertex -15.2111 5.52587 10.5479
      vertex -15.148 5.67816 10.5921
    endloop
  endfacet
  facet normal -0.2974 -0.717987 0.629324
    outer loop
      vertex -13.33 7.65306 6.2268
      vertex -14.1578 8.06867 6.30975
      vertex -14.1836 8.00661 6.2268
    endloop
  endfacet
  facet normal -0.297401 -0.717988 0.629321
    outer loop
      vertex -14.1578 8.06867 6.30975
      vertex -13.33 7.65306 6.2268
      vertex -13.3166 7.68531 6.26992
    endloop
  endfacet
  facet normal -0.320946 -0.774833 0.544634
    outer loop
      vertex -14.0589 8.30746 6.675
      vertex -13.2169 7.92599 6.62847
      vertex -13.2054 7.9539 6.675
    endloop
  endfacet
  facet normal -0.320946 -0.774834 0.544634
    outer loop
      vertex -13.2169 7.92599 6.62847
      vertex -14.0589 8.30746 6.675
      vertex -14.0812 8.25375 6.58549
    endloop
  endfacet
  facet normal -0.382158 -0.922613 0.0523407
    outer loop
      vertex -13.9231 8.63546 8
      vertex -13.0706 8.27923 7.9446
      vertex -13.0695 8.28191 8
    endloop
  endfacet
  facet normal -0.382159 -0.922614 0.0523357
    outer loop
      vertex -13.0706 8.27923 7.9446
      vertex -13.9231 8.63546 8
      vertex -13.9252 8.6303 7.89342
    endloop
  endfacet
  facet normal -0.357265 -0.862516 0.358369
    outer loop
      vertex -13.1572 8.07025 6.92215
      vertex -13.9727 8.51564 7.1811
      vertex -14.0107 8.4238 6.92215
    endloop
  endfacet
  facet normal -0.357266 -0.862516 0.358367
    outer loop
      vertex -13.9727 8.51564 7.1811
      vertex -13.1572 8.07025 6.92215
      vertex -13.1192 8.16208 7.1811
    endloop
  endfacet
  facet normal -0.173734 -0.419432 0.891007
    outer loop
      vertex -14.4883 7.27085 5.62756
      vertex -13.5766 7.05777 5.70503
      vertex -14.4301 7.41132 5.70503
    endloop
  endfacet
  facet normal -0.173735 -0.419432 0.891007
    outer loop
      vertex -13.5766 7.05777 5.70503
      vertex -14.4883 7.27085 5.62756
      vertex -13.6522 6.8751 5.60429
    endloop
  endfacet
  facet normal -0.208425 -0.503181 0.838671
    outer loop
      vertex -14.3754 7.54355 5.79798
      vertex -13.5766 7.05777 5.70503
      vertex -13.5054 7.22971 5.82589
    endloop
  endfacet
  facet normal -0.208424 -0.503179 0.838672
    outer loop
      vertex -13.5766 7.05777 5.70503
      vertex -14.3754 7.54355 5.79798
      vertex -14.4301 7.41132 5.70503
    endloop
  endfacet
  facet normal -0.173734 -0.419432 0.891007
    outer loop
      vertex -14.5247 7.18299 5.5791
      vertex -13.6522 6.8751 5.60429
      vertex -14.4883 7.27085 5.62756
    endloop
  endfacet
  facet normal -0.173735 -0.419433 0.891007
    outer loop
      vertex -13.6522 6.8751 5.60429
      vertex -14.5247 7.18299 5.5791
      vertex -13.6712 6.82944 5.5791
    endloop
  endfacet
  facet normal -0.137141 -0.331088 0.933581
    outer loop
      vertex -14.5247 7.18299 5.5791
      vertex -13.691 6.78159 5.55922
      vertex -13.6712 6.82944 5.5791
    endloop
  endfacet
  facet normal -0.137143 -0.331092 0.933579
    outer loop
      vertex -13.691 6.78159 5.55922
      vertex -14.5247 7.18299 5.5791
      vertex -14.5628 7.09093 5.54086
    endloop
  endfacet
  facet normal -0.173735 -0.419433 -0.891007
    outer loop
      vertex -14.5247 7.18299 10.4209
      vertex -13.6522 6.8751 10.3957
      vertex -13.6712 6.82944 10.4209
    endloop
  endfacet
  facet normal -0.173734 -0.419432 -0.891007
    outer loop
      vertex -13.6522 6.8751 10.3957
      vertex -14.5247 7.18299 10.4209
      vertex -14.4883 7.27085 10.3724
    endloop
  endfacet
  facet normal -0.24083 -0.581416 -0.777146
    outer loop
      vertex -14.3411 7.62625 10.1439
      vertex -13.4711 7.31253 10.109
      vertex -13.4876 7.27269 10.1439
    endloop
  endfacet
  facet normal -0.24083 -0.581413 -0.777149
    outer loop
      vertex -13.4711 7.31253 10.109
      vertex -14.3411 7.62625 10.1439
      vertex -14.3094 7.70288 10.0767
    endloop
  endfacet
  facet normal -0.13714 -0.331087 -0.933581
    outer loop
      vertex -13.7703 6.59019 10.5203
      vertex -14.5628 7.09093 10.4591
      vertex -13.691 6.78159 10.4408
    endloop
  endfacet
  facet normal -0.137142 -0.33109 -0.93358
    outer loop
      vertex -14.5628 7.09093 10.4591
      vertex -13.7703 6.59019 10.5203
      vertex -14.6238 6.94374 10.5203
    endloop
  endfacet
  facet normal -0.0990472 -0.239121 -0.965925
    outer loop
      vertex -14.7263 6.69621 10.5921
      vertex -13.8523 6.39216 10.5777
      vertex -13.8728 6.34266 10.5921
    endloop
  endfacet
  facet normal -0.0990475 -0.239122 -0.965925
    outer loop
      vertex -13.8523 6.39216 10.5777
      vertex -14.7263 6.69621 10.5921
      vertex -14.6869 6.79146 10.5645
    endloop
  endfacet
  facet normal -0.0200253 -0.0483454 -0.99863
    outer loop
      vertex -13.9988 6.03836 10.6384
      vertex -14.8312 6.4431 10.6355
      vertex -13.9776 6.08955 10.6355
    endloop
  endfacet
  facet normal -0.020028 -0.0483509 -0.99863
    outer loop
      vertex -14.8312 6.4431 10.6355
      vertex -13.9988 6.03836 10.6384
      vertex -14.872 6.34463 10.6411
    endloop
  endfacet
  facet normal -0.0598654 -0.144528 -0.987688
    outer loop
      vertex -13.9776 6.08955 10.6355
      vertex -14.7263 6.69621 10.5921
      vertex -13.8728 6.34266 10.5921
    endloop
  endfacet
  facet normal -0.0598654 -0.144528 -0.987688
    outer loop
      vertex -14.7263 6.69621 10.5921
      vertex -13.9776 6.08955 10.6355
      vertex -14.8312 6.4431 10.6355
    endloop
  endfacet
  facet normal -0.320946 -0.774834 -0.544634
    outer loop
      vertex -14.0589 8.30746 9.325
      vertex -13.2169 7.92599 9.37153
      vertex -14.0812 8.25375 9.41451
    endloop
  endfacet
  facet normal -0.320946 -0.774833 -0.544634
    outer loop
      vertex -13.2169 7.92599 9.37153
      vertex -14.0589 8.30746 9.325
      vertex -13.2054 7.9539 9.325
    endloop
  endfacet
  facet normal 0.340973 0.823183 0.453989
    outer loop
      vertex -15.0101 3.59702 6.92215
      vertex -15.834 4.02215 6.7701
      vertex -15.8636 3.95057 6.92215
    endloop
  endfacet
  facet normal 0.340973 0.823183 0.453989
    outer loop
      vertex -15.834 4.02215 6.7701
      vertex -15.0101 3.59702 6.92215
      vertex -14.9715 3.69009 6.72443
    endloop
  endfacet
  facet normal 0.369643 0.892399 0.258822
    outer loop
      vertex -15.9186 3.81792 7.34594
      vertex -15.0756 3.43885 7.44903
      vertex -15.0701 3.45212 7.39545
    endloop
  endfacet
  facet normal 0.369644 0.8924 0.258817
    outer loop
      vertex -15.0756 3.43885 7.44903
      vertex -15.9186 3.81792 7.34594
      vertex -15.9291 3.7924 7.44903
    endloop
  endfacet
  facet normal 0.377972 0.912505 0.156434
    outer loop
      vertex -15.9291 3.7924 7.44903
      vertex -15.0922 3.39876 7.723
      vertex -15.0756 3.43885 7.44903
    endloop
  endfacet
  facet normal 0.377972 0.912505 0.156434
    outer loop
      vertex -15.0922 3.39876 7.723
      vertex -15.9291 3.7924 7.44903
      vertex -15.9457 3.75232 7.723
    endloop
  endfacet
  facet normal 0.320945 0.77483 -0.54464
    outer loop
      vertex -14.9619 3.71336 9.325
      vertex -15.7932 4.12062 9.41451
      vertex -14.9503 3.74127 9.37153
    endloop
  endfacet
  facet normal 0.320946 0.774832 -0.544637
    outer loop
      vertex -15.7932 4.12062 9.41451
      vertex -14.9619 3.71336 9.325
      vertex -15.8154 4.06691 9.325
    endloop
  endfacet
  facet normal 0.340974 0.823185 -0.453986
    outer loop
      vertex -14.9715 3.69009 9.27557
      vertex -15.8154 4.06691 9.325
      vertex -14.9619 3.71336 9.325
    endloop
  endfacet
  facet normal 0.340973 0.823183 -0.453991
    outer loop
      vertex -15.8154 4.06691 9.325
      vertex -14.9715 3.69009 9.27557
      vertex -15.834 4.02215 9.2299
    endloop
  endfacet
  facet normal 0.137141 0.331086 -0.933581
    outer loop
      vertex -15.3115 5.28343 10.4591
      vertex -14.397 5.07707 10.5203
      vertex -14.4763 4.88567 10.4408
    endloop
  endfacet
  facet normal 0.137142 0.33109 -0.93358
    outer loop
      vertex -14.397 5.07707 10.5203
      vertex -15.3115 5.28343 10.4591
      vertex -15.2506 5.43062 10.5203
    endloop
  endfacet
  facet normal 0.208424 0.503181 -0.838671
    outer loop
      vertex -15.499 4.83082 10.202
      vertex -14.5907 4.60949 10.295
      vertex -14.6619 4.43755 10.1741
    endloop
  endfacet
  facet normal 0.208424 0.503179 -0.838672
    outer loop
      vertex -14.5907 4.60949 10.295
      vertex -15.499 4.83082 10.202
      vertex -15.4442 4.96304 10.295
    endloop
  endfacet
  facet normal 0.0598654 0.144528 -0.987688
    outer loop
      vertex -14.2945 5.3246 10.5921
      vertex -15.0432 5.93127 10.6355
      vertex -14.1896 5.57772 10.6355
    endloop
  endfacet
  facet normal 0.0598654 0.144528 -0.987688
    outer loop
      vertex -15.0432 5.93127 10.6355
      vertex -14.2945 5.3246 10.5921
      vertex -15.148 5.67816 10.5921
    endloop
  endfacet
  facet normal 0.0200288 0.0483531 -0.998629
    outer loop
      vertex -14.1896 5.57772 10.6355
      vertex -14.978 6.08871 10.6444
      vertex -14.1048 5.78245 10.6471
    endloop
  endfacet
  facet normal 0.020028 0.0483519 -0.99863
    outer loop
      vertex -14.978 6.08871 10.6444
      vertex -14.1896 5.57772 10.6355
      vertex -15.0432 5.93127 10.6355
    endloop
  endfacet
  facet normal -0.297401 -0.717989 0.62932
    outer loop
      vertex -13.3166 7.68531 6.26992
      vertex -14.1168 8.16788 6.44237
      vertex -14.1578 8.06867 6.30975
    endloop
  endfacet
  facet normal -0.2974 -0.717988 0.629322
    outer loop
      vertex -14.1168 8.16788 6.44237
      vertex -13.3166 7.68531 6.26992
      vertex -13.2632 7.81433 6.44237
    endloop
  endfacet
  facet normal -0.320944 -0.774829 0.544642
    outer loop
      vertex -13.2632 7.81433 6.44237
      vertex -14.0812 8.25375 6.58549
      vertex -14.1168 8.16788 6.44237
    endloop
  endfacet
  facet normal -0.320945 -0.77483 0.544639
    outer loop
      vertex -14.0812 8.25375 6.58549
      vertex -13.2632 7.81433 6.44237
      vertex -13.2169 7.92599 6.62847
    endloop
  endfacet
  facet normal -0.340974 -0.823184 0.453988
    outer loop
      vertex -13.1957 7.97717 6.72443
      vertex -14.0107 8.4238 6.92215
      vertex -14.0404 8.35222 6.7701
    endloop
  endfacet
  facet normal -0.340973 -0.823183 0.453991
    outer loop
      vertex -14.0107 8.4238 6.92215
      vertex -13.1957 7.97717 6.72443
      vertex -13.1572 8.07025 6.92215
    endloop
  endfacet
  facet normal -0.377972 -0.912505 0.156436
    outer loop
      vertex -13.0884 8.23643 7.50383
      vertex -13.9286 8.62205 7.723
      vertex -13.9388 8.59739 7.55445
    endloop
  endfacet
  facet normal -0.377972 -0.912505 0.156434
    outer loop
      vertex -13.9286 8.62205 7.723
      vertex -13.0884 8.23643 7.50383
      vertex -13.0751 8.2685 7.723
    endloop
  endfacet
  facet normal -0.369644 -0.892399 0.258818
    outer loop
      vertex -13.1192 8.16208 7.1811
      vertex -13.9452 8.58196 7.44903
      vertex -13.9727 8.51564 7.1811
    endloop
  endfacet
  facet normal -0.369643 -0.892399 0.258819
    outer loop
      vertex -13.9452 8.58196 7.44903
      vertex -13.1192 8.16208 7.1811
      vertex -13.0917 8.22841 7.44903
    endloop
  endfacet
  facet normal -0.382159 -0.922613 0.0523354
    outer loop
      vertex -13.0751 8.2685 7.723
      vertex -13.9252 8.6303 7.89342
      vertex -13.9286 8.62205 7.723
    endloop
  endfacet
  facet normal -0.382159 -0.922613 0.0523382
    outer loop
      vertex -13.9252 8.6303 7.89342
      vertex -13.0751 8.2685 7.723
      vertex -13.0706 8.27923 7.9446
    endloop
  endfacet
  facet normal -0.377971 -0.912505 0.156439
    outer loop
      vertex -13.0917 8.22841 7.44903
      vertex -13.9388 8.59739 7.55445
      vertex -13.9452 8.58196 7.44903
    endloop
  endfacet
  facet normal -0.377972 -0.912505 0.156435
    outer loop
      vertex -13.9388 8.59739 7.55445
      vertex -13.0917 8.22841 7.44903
      vertex -13.0884 8.23643 7.50383
    endloop
  endfacet
  facet normal -0.0200276 -0.0483512 0.99863
    outer loop
      vertex -14.872 6.34463 5.35893
      vertex -14.0836 5.83363 5.35
      vertex -13.9988 6.03836 5.36161
    endloop
  endfacet
  facet normal -0.020028 -0.0483518 0.99863
    outer loop
      vertex -14.0836 5.83363 5.35
      vertex -14.872 6.34463 5.35893
      vertex -14.9372 6.18718 5.35
    endloop
  endfacet
  facet normal -0.0200286 -0.0483533 0.998629
    outer loop
      vertex -14.8312 6.4431 5.36452
      vertex -13.9988 6.03836 5.36161
      vertex -13.9776 6.08955 5.36452
    endloop
  endfacet
  facet normal -0.0200275 -0.0483511 0.99863
    outer loop
      vertex -13.9988 6.03836 5.36161
      vertex -14.8312 6.4431 5.36452
      vertex -14.872 6.34463 5.35893
    endloop
  endfacet
  facet normal -0.0990464 -0.239119 0.965925
    outer loop
      vertex -14.6869 6.79146 5.43553
      vertex -13.7703 6.59019 5.4797
      vertex -14.6238 6.94374 5.4797
    endloop
  endfacet
  facet normal -0.0990461 -0.239118 0.965926
    outer loop
      vertex -13.7703 6.59019 5.4797
      vertex -14.6869 6.79146 5.43553
      vertex -13.8523 6.39216 5.42227
    endloop
  endfacet
  facet normal -0.240831 -0.581416 -0.777146
    outer loop
      vertex -14.3094 7.70288 10.0767
      vertex -13.4051 7.47185 9.96933
      vertex -13.4711 7.31253 10.109
    endloop
  endfacet
  facet normal -0.240831 -0.581417 -0.777145
    outer loop
      vertex -13.4051 7.47185 9.96933
      vertex -14.3094 7.70288 10.0767
      vertex -14.2586 7.8254 9.96933
    endloop
  endfacet
  facet normal -0.208424 -0.503179 -0.838672
    outer loop
      vertex -13.5054 7.22971 10.1741
      vertex -14.3411 7.62625 10.1439
      vertex -13.4876 7.27269 10.1439
    endloop
  endfacet
  facet normal -0.208425 -0.503182 -0.838669
    outer loop
      vertex -14.3411 7.62625 10.1439
      vertex -13.5054 7.22971 10.1741
      vertex -14.3754 7.54355 10.202
    endloop
  endfacet
  facet normal 0.270599 0.653284 -0.707104
    outer loop
      vertex -14.8373 4.0142 9.7732
      vertex -15.6446 4.47924 9.89386
      vertex -14.7772 4.15917 9.93011
    endloop
  endfacet
  facet normal 0.2706 0.653285 -0.707103
    outer loop
      vertex -15.6446 4.47924 9.89386
      vertex -14.8373 4.0142 9.7732
      vertex -15.6908 4.36776 9.7732
    endloop
  endfacet
  facet normal -0.340975 -0.823184 -0.453986
    outer loop
      vertex -14.0107 8.4238 9.07785
      vertex -13.1957 7.97717 9.27557
      vertex -14.0404 8.35222 9.2299
    endloop
  endfacet
  facet normal -0.340973 -0.823183 -0.453991
    outer loop
      vertex -13.1957 7.97717 9.27557
      vertex -14.0107 8.4238 9.07785
      vertex -13.1572 8.07025 9.07785
    endloop
  endfacet
  facet normal -0.357265 -0.862516 -0.358369
    outer loop
      vertex -13.9727 8.51564 8.81889
      vertex -13.1572 8.07025 9.07785
      vertex -14.0107 8.4238 9.07785
    endloop
  endfacet
  facet normal -0.357266 -0.862516 -0.358367
    outer loop
      vertex -13.1572 8.07025 9.07785
      vertex -13.9727 8.51564 8.81889
      vertex -13.1192 8.16208 8.81889
    endloop
  endfacet
  facet normal -0.320944 -0.774829 -0.544642
    outer loop
      vertex -14.0812 8.25375 9.41451
      vertex -13.2632 7.81433 9.55763
      vertex -14.1168 8.16788 9.55763
    endloop
  endfacet
  facet normal -0.320945 -0.77483 -0.544639
    outer loop
      vertex -13.2632 7.81433 9.55763
      vertex -14.0812 8.25375 9.41451
      vertex -13.2169 7.92599 9.37153
    endloop
  endfacet
  facet normal 0.340973 0.823183 -0.453989
    outer loop
      vertex -15.0101 3.59702 9.07785
      vertex -15.834 4.02215 9.2299
      vertex -14.9715 3.69009 9.27557
    endloop
  endfacet
  facet normal 0.340973 0.823183 -0.453989
    outer loop
      vertex -15.834 4.02215 9.2299
      vertex -15.0101 3.59702 9.07785
      vertex -15.8636 3.95057 9.07785
    endloop
  endfacet
  facet normal 0.173735 0.419434 -0.891006
    outer loop
      vertex -14.5907 4.60949 10.295
      vertex -15.3861 5.10352 10.3724
      vertex -14.515 4.79216 10.3957
    endloop
  endfacet
  facet normal 0.173735 0.419433 -0.891007
    outer loop
      vertex -15.3861 5.10352 10.3724
      vertex -14.5907 4.60949 10.295
      vertex -15.4442 4.96304 10.295
    endloop
  endfacet
  facet normal 0.208424 0.503179 -0.838672
    outer loop
      vertex -15.5333 4.74812 10.1439
      vertex -14.6619 4.43755 10.1741
      vertex -14.6797 4.39457 10.1439
    endloop
  endfacet
  facet normal 0.208425 0.503184 -0.838668
    outer loop
      vertex -14.6619 4.43755 10.1741
      vertex -15.5333 4.74812 10.1439
      vertex -15.499 4.83082 10.202
    endloop
  endfacet
  facet normal 0.24083 0.581415 -0.777147
    outer loop
      vertex -15.584 4.62559 10.0365
      vertex -14.6797 4.39457 10.1439
      vertex -14.7457 4.23524 10.0042
    endloop
  endfacet
  facet normal 0.24083 0.581415 -0.777147
    outer loop
      vertex -14.6797 4.39457 10.1439
      vertex -15.584 4.62559 10.0365
      vertex -15.5333 4.74812 10.1439
    endloop
  endfacet
  facet normal 0.099048 0.239123 -0.965924
    outer loop
      vertex -15.2506 5.43062 10.5203
      vertex -14.3765 5.12658 10.5347
      vertex -14.397 5.07707 10.5203
    endloop
  endfacet
  facet normal 0.099048 0.239123 -0.965924
    outer loop
      vertex -14.3765 5.12658 10.5347
      vertex -15.2506 5.43062 10.5203
      vertex -15.2111 5.52587 10.5479
    endloop
  endfacet
  facet normal -0.297401 -0.717989 -0.62932
    outer loop
      vertex -14.1168 8.16788 9.55763
      vertex -13.3166 7.68531 9.73008
      vertex -14.1578 8.06867 9.69025
    endloop
  endfacet
  facet normal -0.2974 -0.717988 -0.629322
    outer loop
      vertex -13.3166 7.68531 9.73008
      vertex -14.1168 8.16788 9.55763
      vertex -13.2632 7.81433 9.55763
    endloop
  endfacet
  facet normal -0.2974 -0.717987 -0.629324
    outer loop
      vertex -14.1578 8.06867 9.69025
      vertex -13.33 7.65306 9.7732
      vertex -14.1836 8.00661 9.7732
    endloop
  endfacet
  facet normal -0.297401 -0.717988 -0.629321
    outer loop
      vertex -13.33 7.65306 9.7732
      vertex -14.1578 8.06867 9.69025
      vertex -13.3166 7.68531 9.73008
    endloop
  endfacet
  facet normal -0.208425 -0.503181 -0.838671
    outer loop
      vertex -13.5766 7.05777 10.295
      vertex -14.3754 7.54355 10.202
      vertex -13.5054 7.22971 10.1741
    endloop
  endfacet
  facet normal -0.208424 -0.503179 -0.838672
    outer loop
      vertex -14.3754 7.54355 10.202
      vertex -13.5766 7.05777 10.295
      vertex -14.4301 7.41132 10.295
    endloop
  endfacet
  facet normal -0.173735 -0.419432 -0.891007
    outer loop
      vertex -14.4883 7.27085 10.3724
      vertex -13.5766 7.05777 10.295
      vertex -13.6522 6.8751 10.3957
    endloop
  endfacet
  facet normal -0.173734 -0.419432 -0.891007
    outer loop
      vertex -13.5766 7.05777 10.295
      vertex -14.4883 7.27085 10.3724
      vertex -14.4301 7.41132 10.295
    endloop
  endfacet
  facet normal -0.0990457 -0.239118 -0.965926
    outer loop
      vertex -14.6869 6.79146 10.5645
      vertex -13.7703 6.59019 10.5203
      vertex -13.8523 6.39216 10.5777
    endloop
  endfacet
  facet normal -0.0990454 -0.239117 -0.965926
    outer loop
      vertex -13.7703 6.59019 10.5203
      vertex -14.6869 6.79146 10.5645
      vertex -14.6238 6.94374 10.5203
    endloop
  endfacet
  facet normal -0.382159 -0.922613 -0.0523353
    outer loop
      vertex -13.9252 8.6303 8.10658
      vertex -13.0751 8.2685 8.277
      vertex -13.9286 8.62205 8.277
    endloop
  endfacet
  facet normal -0.382159 -0.922613 -0.052338
    outer loop
      vertex -13.0751 8.2685 8.277
      vertex -13.9252 8.6303 8.10658
      vertex -13.0706 8.27923 8.0554
    endloop
  endfacet
  facet normal -0.377972 -0.912505 -0.156436
    outer loop
      vertex -13.9286 8.62205 8.277
      vertex -13.0884 8.23643 8.49617
      vertex -13.9388 8.59739 8.44555
    endloop
  endfacet
  facet normal -0.377972 -0.912505 -0.156434
    outer loop
      vertex -13.0884 8.23643 8.49617
      vertex -13.9286 8.62205 8.277
      vertex -13.0751 8.2685 8.277
    endloop
  endfacet
  facet normal 0.173734 0.41943 -0.891008
    outer loop
      vertex -14.515 4.79216 10.3957
      vertex -15.3497 5.19138 10.4209
      vertex -14.4961 4.83782 10.4209
    endloop
  endfacet
  facet normal 0.173735 0.419433 -0.891006
    outer loop
      vertex -15.3497 5.19138 10.4209
      vertex -14.515 4.79216 10.3957
      vertex -15.3861 5.10352 10.3724
    endloop
  endfacet
  facet normal 0.0200251 0.048345 -0.99863
    outer loop
      vertex -14.1048 5.78245 10.6471
      vertex -14.9372 6.18718 10.65
      vertex -14.0836 5.83363 10.65
    endloop
  endfacet
  facet normal 0.0200281 0.0483511 -0.99863
    outer loop
      vertex -14.9372 6.18718 10.65
      vertex -14.1048 5.78245 10.6471
      vertex -14.978 6.08871 10.6444
    endloop
  endfacet
  facet normal 0.2974 0.717988 -0.629322
    outer loop
      vertex -14.9041 3.85293 9.55763
      vertex -15.7165 4.3057 9.69025
      vertex -14.8506 3.98195 9.73008
    endloop
  endfacet
  facet normal 0.297401 0.717989 -0.629321
    outer loop
      vertex -15.7165 4.3057 9.69025
      vertex -14.9041 3.85293 9.55763
      vertex -15.7576 4.20648 9.55763
    endloop
  endfacet
  facet normal 0.0483511 0.0200275 0.99863
    outer loop
      vertex -6.4431 14.8312 5.36452
      vertex -6.03836 13.9988 5.36161
      vertex -6.34463 14.872 5.35893
    endloop
  endfacet
  facet normal 0.0483533 0.0200286 0.998629
    outer loop
      vertex -6.03836 13.9988 5.36161
      vertex -6.4431 14.8312 5.36452
      vertex -6.08955 13.9776 5.36452
    endloop
  endfacet
  facet normal -0.717987 -0.2974 0.629324
    outer loop
      vertex -4.36776 15.6908 6.2268
      vertex -3.98195 14.8506 6.26992
      vertex -4.3057 15.7165 6.30975
    endloop
  endfacet
  facet normal -0.717988 -0.297401 0.629321
    outer loop
      vertex -3.98195 14.8506 6.26992
      vertex -4.36776 15.6908 6.2268
      vertex -4.0142 14.8373 6.2268
    endloop
  endfacet
  facet normal -0.862516 -0.357266 -0.358368
    outer loop
      vertex -3.50518 15.0481 8.81889
      vertex -3.95057 15.8636 9.07785
      vertex -3.85873 15.9017 8.81889
    endloop
  endfacet
  facet normal -0.862515 -0.357265 -0.35837
    outer loop
      vertex -3.95057 15.8636 9.07785
      vertex -3.50518 15.0481 8.81889
      vertex -3.59702 15.0101 9.07785
    endloop
  endfacet
  facet normal 0.653283 0.270599 0.707106
    outer loop
      vertex -7.93689 14.2124 6.15133
      vertex -7.47185 13.4051 6.03067
      vertex -7.8254 14.2586 6.03067
    endloop
  endfacet
  facet normal 0.653283 0.270599 0.707105
    outer loop
      vertex -7.47185 13.4051 6.03067
      vertex -7.93689 14.2124 6.15133
      vertex -7.61682 13.345 6.18758
    endloop
  endfacet
  facet normal -0.912505 -0.377972 0.156434
    outer loop
      vertex -3.7924 15.9291 7.44903
      vertex -3.39876 15.0922 7.723
      vertex -3.75232 15.9457 7.723
    endloop
  endfacet
  facet normal -0.912505 -0.377972 0.156434
    outer loop
      vertex -3.39876 15.0922 7.723
      vertex -3.7924 15.9291 7.44903
      vertex -3.43885 15.0756 7.44903
    endloop
  endfacet
  facet normal -0.823183 -0.340973 0.453989
    outer loop
      vertex -4.02215 15.834 6.7701
      vertex -3.59702 15.0101 6.92215
      vertex -3.95057 15.8636 6.92215
    endloop
  endfacet
  facet normal -0.823183 -0.340973 0.453989
    outer loop
      vertex -3.59702 15.0101 6.92215
      vertex -4.02215 15.834 6.7701
      vertex -3.69009 14.9715 6.72443
    endloop
  endfacet
  facet normal -0.653281 -0.270598 -0.707108
    outer loop
      vertex -4.54896 15.6158 9.96933
      vertex -4.15917 14.7772 9.93011
      vertex -4.19541 14.7622 9.96933
    endloop
  endfacet
  facet normal -0.65328 -0.270597 -0.707109
    outer loop
      vertex -4.15917 14.7772 9.93011
      vertex -4.54896 15.6158 9.96933
      vertex -4.47924 15.6446 9.89386
    endloop
  endfacet
  facet normal 0.653284 0.270599 0.707104
    outer loop
      vertex -8.00661 14.1836 6.2268
      vertex -7.61682 13.345 6.18758
      vertex -7.93689 14.2124 6.15133
    endloop
  endfacet
  facet normal 0.653281 0.270598 0.707108
    outer loop
      vertex -7.61682 13.345 6.18758
      vertex -8.00661 14.1836 6.2268
      vertex -7.65306 13.33 6.2268
    endloop
  endfacet
  facet normal 0.717987 0.2974 -0.629324
    outer loop
      vertex -7.65306 13.33 9.7732
      vertex -8.06867 14.1578 9.69025
      vertex -8.00661 14.1836 9.7732
    endloop
  endfacet
  facet normal 0.717988 0.297401 -0.629321
    outer loop
      vertex -8.06867 14.1578 9.69025
      vertex -7.65306 13.33 9.7732
      vertex -7.68531 13.3166 9.73008
    endloop
  endfacet
  facet normal 0.144528 0.0598654 -0.987688
    outer loop
      vertex -6.34266 13.8728 10.5921
      vertex -6.4431 14.8312 10.6355
      vertex -6.08955 13.9776 10.6355
    endloop
  endfacet
  facet normal 0.144528 0.0598654 -0.987688
    outer loop
      vertex -6.4431 14.8312 10.6355
      vertex -6.34266 13.8728 10.5921
      vertex -6.69621 14.7263 10.5921
    endloop
  endfacet
  facet normal 0.922613 0.382159 0.0523354
    outer loop
      vertex -8.6303 13.9252 7.89342
      vertex -8.2685 13.0751 7.723
      vertex -8.62205 13.9286 7.723
    endloop
  endfacet
  facet normal 0.922613 0.382159 0.0523382
    outer loop
      vertex -8.2685 13.0751 7.723
      vertex -8.6303 13.9252 7.89342
      vertex -8.27923 13.0706 7.9446
    endloop
  endfacet
  facet normal -0.653284 -0.270599 -0.707104
    outer loop
      vertex -4.47924 15.6446 9.89386
      vertex -4.0142 14.8373 9.7732
      vertex -4.15917 14.7772 9.93011
    endloop
  endfacet
  facet normal -0.653285 -0.2706 -0.707103
    outer loop
      vertex -4.0142 14.8373 9.7732
      vertex -4.47924 15.6446 9.89386
      vertex -4.36776 15.6908 9.7732
    endloop
  endfacet
  facet normal -0.8924 -0.369644 0.258817
    outer loop
      vertex -3.81792 15.9186 7.34594
      vertex -3.43885 15.0756 7.44903
      vertex -3.7924 15.9291 7.44903
    endloop
  endfacet
  facet normal -0.892399 -0.369643 0.258822
    outer loop
      vertex -3.43885 15.0756 7.44903
      vertex -3.81792 15.9186 7.34594
      vertex -3.45212 15.0701 7.39545
    endloop
  endfacet
  facet normal 0.653281 0.270598 -0.707108
    outer loop
      vertex -8.00661 14.1836 9.7732
      vertex -7.61682 13.345 9.81242
      vertex -7.65306 13.33 9.7732
    endloop
  endfacet
  facet normal 0.653282 0.270598 -0.707107
    outer loop
      vertex -7.61682 13.345 9.81242
      vertex -8.00661 14.1836 9.7732
      vertex -7.93689 14.2124 9.84866
    endloop
  endfacet
  facet normal -0.922613 -0.382159 -0.0523375
    outer loop
      vertex -3.39608 15.0933 8.2216
      vertex -3.75232 15.9457 8.277
      vertex -3.74715 15.9479 8.17042
    endloop
  endfacet
  facet normal -0.922613 -0.382159 -0.0523368
    outer loop
      vertex -3.75232 15.9457 8.277
      vertex -3.39608 15.0933 8.2216
      vertex -3.39876 15.0922 8.277
    endloop
  endfacet
  facet normal -0.144528 -0.0598654 -0.987688
    outer loop
      vertex -5.57772 14.1896 10.6355
      vertex -5.67816 15.148 10.5921
      vertex -5.3246 14.2945 10.5921
    endloop
  endfacet
  facet normal -0.144528 -0.0598654 -0.987688
    outer loop
      vertex -5.67816 15.148 10.5921
      vertex -5.57772 14.1896 10.6355
      vertex -5.93127 15.0432 10.6355
    endloop
  endfacet
  facet normal -0.774831 -0.320945 0.544639
    outer loop
      vertex -4.20648 15.7576 6.44237
      vertex -3.74127 14.9503 6.62847
      vertex -4.12062 15.7932 6.58549
    endloop
  endfacet
  facet normal -0.774831 -0.320945 0.544638
    outer loop
      vertex -3.74127 14.9503 6.62847
      vertex -4.20648 15.7576 6.44237
      vertex -3.85293 14.9041 6.44237
    endloop
  endfacet
  facet normal -0.331088 -0.137141 0.933581
    outer loop
      vertex -5.28343 15.3115 5.54086
      vertex -5.07707 14.397 5.4797
      vertex -4.88567 14.4763 5.55922
    endloop
  endfacet
  facet normal -0.331087 -0.137141 0.933581
    outer loop
      vertex -5.07707 14.397 5.4797
      vertex -5.28343 15.3115 5.54086
      vertex -5.43062 15.2506 5.4797
    endloop
  endfacet
  facet normal 0.922614 0.382159 0.0523357
    outer loop
      vertex -8.63546 13.9231 8
      vertex -8.27923 13.0706 7.9446
      vertex -8.6303 13.9252 7.89342
    endloop
  endfacet
  facet normal 0.922613 0.382158 0.0523407
    outer loop
      vertex -8.27923 13.0706 7.9446
      vertex -8.63546 13.9231 8
      vertex -8.28191 13.0695 8
    endloop
  endfacet
  facet normal 0.922614 0.382159 -0.0523354
    outer loop
      vertex -8.27923 13.0706 8.0554
      vertex -8.63546 13.9231 8
      vertex -8.6303 13.9252 8.10658
    endloop
  endfacet
  facet normal 0.922613 0.382158 -0.0523407
    outer loop
      vertex -8.63546 13.9231 8
      vertex -8.27923 13.0706 8.0554
      vertex -8.28191 13.0695 8
    endloop
  endfacet
  facet normal 0.581416 0.24083 0.777146
    outer loop
      vertex -7.62625 14.3411 5.8561
      vertex -7.31253 13.4711 5.89102
      vertex -7.27269 13.4876 5.8561
    endloop
  endfacet
  facet normal 0.581416 0.24083 0.777147
    outer loop
      vertex -7.31253 13.4711 5.89102
      vertex -7.62625 14.3411 5.8561
      vertex -7.70288 14.3094 5.92327
    endloop
  endfacet
  facet normal 0.331092 0.137143 0.933579
    outer loop
      vertex -7.18299 14.5247 5.5791
      vertex -6.78159 13.691 5.55922
      vertex -7.09093 14.5628 5.54086
    endloop
  endfacet
  facet normal 0.331088 0.137141 0.933581
    outer loop
      vertex -6.78159 13.691 5.55922
      vertex -7.18299 14.5247 5.5791
      vertex -6.82944 13.6712 5.5791
    endloop
  endfacet
  facet normal -0.0483519 -0.020028 0.99863
    outer loop
      vertex -6.08871 14.978 5.35559
      vertex -5.57772 14.1896 5.36452
      vertex -5.93127 15.0432 5.36452
    endloop
  endfacet
  facet normal -0.0483513 -0.0200276 0.99863
    outer loop
      vertex -5.57772 14.1896 5.36452
      vertex -6.08871 14.978 5.35559
      vertex -5.78245 14.1048 5.3529
    endloop
  endfacet
  facet normal 0.892399 0.369644 -0.258818
    outer loop
      vertex -8.16208 13.1192 8.81889
      vertex -8.58196 13.9452 8.55097
      vertex -8.51564 13.9727 8.81889
    endloop
  endfacet
  facet normal 0.892399 0.369643 -0.258819
    outer loop
      vertex -8.58196 13.9452 8.55097
      vertex -8.16208 13.1192 8.81889
      vertex -8.22841 13.0917 8.55097
    endloop
  endfacet
  facet normal 0.419433 0.173735 0.891007
    outer loop
      vertex -7.18299 14.5247 5.5791
      vertex -6.8751 13.6522 5.60429
      vertex -6.82944 13.6712 5.5791
    endloop
  endfacet
  facet normal 0.419432 0.173734 0.891007
    outer loop
      vertex -6.8751 13.6522 5.60429
      vertex -7.18299 14.5247 5.5791
      vertex -7.27085 14.4883 5.62756
    endloop
  endfacet
  facet normal 0.0483518 0.020028 0.99863
    outer loop
      vertex -6.34463 14.872 5.35893
      vertex -5.83363 14.0836 5.35
      vertex -6.18718 14.9372 5.35
    endloop
  endfacet
  facet normal 0.0483512 0.0200276 0.99863
    outer loop
      vertex -5.83363 14.0836 5.35
      vertex -6.34463 14.872 5.35893
      vertex -6.03836 13.9988 5.36161
    endloop
  endfacet
  facet normal 0.823182 0.340973 0.453992
    outer loop
      vertex -8.35222 14.0404 6.7701
      vertex -7.9539 13.2054 6.675
      vertex -8.30746 14.0589 6.675
    endloop
  endfacet
  facet normal 0.823183 0.340974 0.453989
    outer loop
      vertex -7.9539 13.2054 6.675
      vertex -8.35222 14.0404 6.7701
      vertex -7.97717 13.1957 6.72443
    endloop
  endfacet
  facet normal 0.774834 0.320946 0.544634
    outer loop
      vertex -8.30746 14.0589 6.675
      vertex -7.92599 13.2169 6.62847
      vertex -8.25375 14.0812 6.58549
    endloop
  endfacet
  facet normal 0.774833 0.320946 0.544634
    outer loop
      vertex -7.92599 13.2169 6.62847
      vertex -8.30746 14.0589 6.675
      vertex -7.9539 13.2054 6.675
    endloop
  endfacet
  facet normal 0.0483454 0.0200253 -0.99863
    outer loop
      vertex -6.4431 14.8312 10.6355
      vertex -6.03836 13.9988 10.6384
      vertex -6.08955 13.9776 10.6355
    endloop
  endfacet
  facet normal 0.0483509 0.020028 -0.99863
    outer loop
      vertex -6.03836 13.9988 10.6384
      vertex -6.4431 14.8312 10.6355
      vertex -6.34463 14.872 10.6411
    endloop
  endfacet
  facet normal 0.503179 0.208424 -0.838672
    outer loop
      vertex -7.62625 14.3411 10.1439
      vertex -7.22971 13.5054 10.1741
      vertex -7.27269 13.4876 10.1439
    endloop
  endfacet
  facet normal 0.503182 0.208425 -0.838669
    outer loop
      vertex -7.22971 13.5054 10.1741
      vertex -7.62625 14.3411 10.1439
      vertex -7.54355 14.3754 10.202
    endloop
  endfacet
  facet normal 0.862516 0.357265 -0.358369
    outer loop
      vertex -8.07025 13.1572 9.07785
      vertex -8.51564 13.9727 8.81889
      vertex -8.4238 14.0107 9.07785
    endloop
  endfacet
  facet normal 0.862516 0.357266 -0.358367
    outer loop
      vertex -8.51564 13.9727 8.81889
      vertex -8.07025 13.1572 9.07785
      vertex -8.16208 13.1192 8.81889
    endloop
  endfacet
  facet normal 0.823184 0.340975 -0.453986
    outer loop
      vertex -7.97717 13.1957 9.27557
      vertex -8.4238 14.0107 9.07785
      vertex -8.35222 14.0404 9.2299
    endloop
  endfacet
  facet normal 0.823183 0.340973 -0.453991
    outer loop
      vertex -8.4238 14.0107 9.07785
      vertex -7.97717 13.1957 9.27557
      vertex -8.07025 13.1572 9.07785
    endloop
  endfacet
  facet normal 0.0483531 0.0200288 -0.998629
    outer loop
      vertex -6.34463 14.872 10.6411
      vertex -5.83363 14.0836 10.65
      vertex -6.03836 13.9988 10.6384
    endloop
  endfacet
  facet normal 0.0483518 0.020028 -0.99863
    outer loop
      vertex -5.83363 14.0836 10.65
      vertex -6.34463 14.872 10.6411
      vertex -6.18718 14.9372 10.65
    endloop
  endfacet
  facet normal -0.503181 -0.208424 -0.838671
    outer loop
      vertex -4.60949 14.5907 10.295
      vertex -4.83082 15.499 10.202
      vertex -4.43755 14.6619 10.1741
    endloop
  endfacet
  facet normal -0.503179 -0.208424 -0.838672
    outer loop
      vertex -4.83082 15.499 10.202
      vertex -4.60949 14.5907 10.295
      vertex -4.96304 15.4442 10.295
    endloop
  endfacet
  facet normal -0.581416 -0.24083 -0.777146
    outer loop
      vertex -4.23524 14.7457 10.0042
      vertex -4.54896 15.6158 9.96933
      vertex -4.19541 14.7622 9.96933
    endloop
  endfacet
  facet normal -0.581415 -0.24083 -0.777147
    outer loop
      vertex -4.54896 15.6158 9.96933
      vertex -4.23524 14.7457 10.0042
      vertex -4.62559 15.584 10.0365
    endloop
  endfacet
  facet normal -0.823183 -0.340973 -0.453991
    outer loop
      vertex -3.69009 14.9715 9.27557
      vertex -4.06691 15.8154 9.325
      vertex -4.02215 15.834 9.2299
    endloop
  endfacet
  facet normal -0.823185 -0.340974 -0.453986
    outer loop
      vertex -4.06691 15.8154 9.325
      vertex -3.69009 14.9715 9.27557
      vertex -3.71336 14.9619 9.325
    endloop
  endfacet
  facet normal -0.239123 -0.099048 0.965924
    outer loop
      vertex -5.43062 15.2506 5.4797
      vertex -5.12658 14.3765 5.46534
      vertex -5.07707 14.397 5.4797
    endloop
  endfacet
  facet normal -0.239119 -0.0990466 0.965925
    outer loop
      vertex -5.12658 14.3765 5.46534
      vertex -5.43062 15.2506 5.4797
      vertex -5.52587 15.2111 5.45208
    endloop
  endfacet
  facet normal -0.717989 -0.297401 0.629321
    outer loop
      vertex -4.3057 15.7165 6.30975
      vertex -3.85293 14.9041 6.44237
      vertex -4.20648 15.7576 6.44237
    endloop
  endfacet
  facet normal -0.717988 -0.2974 0.629322
    outer loop
      vertex -3.85293 14.9041 6.44237
      vertex -4.3057 15.7165 6.30975
      vertex -3.98195 14.8506 6.26992
    endloop
  endfacet
  facet normal 0.912505 0.377972 0.156436
    outer loop
      vertex -8.62205 13.9286 7.723
      vertex -8.23643 13.0884 7.50383
      vertex -8.59739 13.9388 7.55445
    endloop
  endfacet
  facet normal 0.912505 0.377972 0.156434
    outer loop
      vertex -8.23643 13.0884 7.50383
      vertex -8.62205 13.9286 7.723
      vertex -8.2685 13.0751 7.723
    endloop
  endfacet
  facet normal 0.717987 0.2974 0.629324
    outer loop
      vertex -8.06867 14.1578 6.30975
      vertex -7.65306 13.33 6.2268
      vertex -8.00661 14.1836 6.2268
    endloop
  endfacet
  facet normal 0.717988 0.297401 0.629321
    outer loop
      vertex -7.65306 13.33 6.2268
      vertex -8.06867 14.1578 6.30975
      vertex -7.68531 13.3166 6.26992
    endloop
  endfacet
  facet normal 0.144528 0.0598654 0.987688
    outer loop
      vertex -6.4431 14.8312 5.36452
      vertex -6.34266 13.8728 5.40791
      vertex -6.08955 13.9776 5.36452
    endloop
  endfacet
  facet normal 0.144528 0.0598654 0.987688
    outer loop
      vertex -6.34266 13.8728 5.40791
      vertex -6.4431 14.8312 5.36452
      vertex -6.69621 14.7263 5.40791
    endloop
  endfacet
  facet normal 0.503182 0.208425 0.838669
    outer loop
      vertex -7.62625 14.3411 5.8561
      vertex -7.22971 13.5054 5.82589
      vertex -7.54355 14.3754 5.79798
    endloop
  endfacet
  facet normal 0.503179 0.208424 0.838672
    outer loop
      vertex -7.22971 13.5054 5.82589
      vertex -7.62625 14.3411 5.8561
      vertex -7.27269 13.4876 5.8561
    endloop
  endfacet
  facet normal -0.0483513 -0.0200276 0.99863
    outer loop
      vertex -6.18718 14.9372 5.35
      vertex -5.78245 14.1048 5.3529
      vertex -6.08871 14.978 5.35559
    endloop
  endfacet
  facet normal -0.0483529 -0.0200284 0.998629
    outer loop
      vertex -5.78245 14.1048 5.3529
      vertex -6.18718 14.9372 5.35
      vertex -5.83363 14.0836 5.35
    endloop
  endfacet
  facet normal 0.912505 0.377972 -0.156436
    outer loop
      vertex -8.23643 13.0884 8.49617
      vertex -8.62205 13.9286 8.277
      vertex -8.59739 13.9388 8.44555
    endloop
  endfacet
  facet normal 0.912505 0.377972 -0.156434
    outer loop
      vertex -8.62205 13.9286 8.277
      vertex -8.23643 13.0884 8.49617
      vertex -8.2685 13.0751 8.277
    endloop
  endfacet
  facet normal 0.581416 0.24083 0.777146
    outer loop
      vertex -7.70288 14.3094 5.92327
      vertex -7.47185 13.4051 6.03067
      vertex -7.31253 13.4711 5.89102
    endloop
  endfacet
  facet normal 0.581416 0.24083 0.777146
    outer loop
      vertex -7.47185 13.4051 6.03067
      vertex -7.70288 14.3094 5.92327
      vertex -7.8254 14.2586 6.03067
    endloop
  endfacet
  facet normal 0.239121 0.0990472 0.965925
    outer loop
      vertex -6.69621 14.7263 5.40791
      vertex -6.39216 13.8523 5.42227
      vertex -6.34266 13.8728 5.40791
    endloop
  endfacet
  facet normal 0.239118 0.0990462 0.965926
    outer loop
      vertex -6.39216 13.8523 5.42227
      vertex -6.69621 14.7263 5.40791
      vertex -6.79146 14.6869 5.43553
    endloop
  endfacet
  facet normal 0.331087 0.137141 0.933581
    outer loop
      vertex -7.09093 14.5628 5.54086
      vertex -6.59019 13.7703 5.4797
      vertex -6.94374 14.6238 5.4797
    endloop
  endfacet
  facet normal 0.331089 0.137142 0.93358
    outer loop
      vertex -6.59019 13.7703 5.4797
      vertex -7.09093 14.5628 5.54086
      vertex -6.78159 13.691 5.55922
    endloop
  endfacet
  facet normal 0.823184 0.340974 0.453988
    outer loop
      vertex -8.4238 14.0107 6.92215
      vertex -7.97717 13.1957 6.72443
      vertex -8.35222 14.0404 6.7701
    endloop
  endfacet
  facet normal 0.823183 0.340973 0.453991
    outer loop
      vertex -7.97717 13.1957 6.72443
      vertex -8.4238 14.0107 6.92215
      vertex -8.07025 13.1572 6.92215
    endloop
  endfacet
  facet normal 0.862516 0.357265 0.358369
    outer loop
      vertex -8.51564 13.9727 7.1811
      vertex -8.07025 13.1572 6.92215
      vertex -8.4238 14.0107 6.92215
    endloop
  endfacet
  facet normal 0.862516 0.357266 0.358367
    outer loop
      vertex -8.07025 13.1572 6.92215
      vertex -8.51564 13.9727 7.1811
      vertex -8.16208 13.1192 7.1811
    endloop
  endfacet
  facet normal 0.581416 0.240831 -0.777146
    outer loop
      vertex -7.47185 13.4051 9.96933
      vertex -7.70288 14.3094 10.0767
      vertex -7.31253 13.4711 10.109
    endloop
  endfacet
  facet normal 0.581417 0.240831 -0.777145
    outer loop
      vertex -7.70288 14.3094 10.0767
      vertex -7.47185 13.4051 9.96933
      vertex -7.8254 14.2586 9.96933
    endloop
  endfacet
  facet normal 0.774834 0.320946 -0.544634
    outer loop
      vertex -7.92599 13.2169 9.37153
      vertex -8.30746 14.0589 9.325
      vertex -8.25375 14.0812 9.41451
    endloop
  endfacet
  facet normal 0.774833 0.320946 -0.544634
    outer loop
      vertex -8.30746 14.0589 9.325
      vertex -7.92599 13.2169 9.37153
      vertex -7.9539 13.2054 9.325
    endloop
  endfacet
  facet normal 0.331095 0.137144 -0.933578
    outer loop
      vertex -7.18299 14.5247 10.4209
      vertex -6.78159 13.691 10.4408
      vertex -6.82944 13.6712 10.4209
    endloop
  endfacet
  facet normal 0.331089 0.137141 -0.933581
    outer loop
      vertex -6.78159 13.691 10.4408
      vertex -7.18299 14.5247 10.4209
      vertex -7.09093 14.5628 10.4591
    endloop
  endfacet
  facet normal 0.239118 0.0990457 -0.965926
    outer loop
      vertex -6.59019 13.7703 10.5203
      vertex -6.79146 14.6869 10.5645
      vertex -6.39216 13.8523 10.5777
    endloop
  endfacet
  facet normal 0.239117 0.0990454 -0.965926
    outer loop
      vertex -6.79146 14.6869 10.5645
      vertex -6.59019 13.7703 10.5203
      vertex -6.94374 14.6238 10.5203
    endloop
  endfacet
  facet normal 0.912505 0.377971 -0.156439
    outer loop
      vertex -8.22841 13.0917 8.55097
      vertex -8.59739 13.9388 8.44555
      vertex -8.58196 13.9452 8.55097
    endloop
  endfacet
  facet normal 0.912505 0.377972 -0.156434
    outer loop
      vertex -8.59739 13.9388 8.44555
      vertex -8.22841 13.0917 8.55097
      vertex -8.23643 13.0884 8.49617
    endloop
  endfacet
  facet normal -0.239118 -0.0990455 -0.965926
    outer loop
      vertex -5.3246 14.2945 10.5921
      vertex -5.52587 15.2111 10.5479
      vertex -5.12658 14.3765 10.5347
    endloop
  endfacet
  facet normal -0.239116 -0.0990451 -0.965926
    outer loop
      vertex -5.52587 15.2111 10.5479
      vertex -5.3246 14.2945 10.5921
      vertex -5.67816 15.148 10.5921
    endloop
  endfacet
  facet normal -0.239123 -0.099048 -0.965924
    outer loop
      vertex -5.12658 14.3765 10.5347
      vertex -5.43062 15.2506 10.5203
      vertex -5.07707 14.397 10.5203
    endloop
  endfacet
  facet normal -0.239123 -0.099048 -0.965924
    outer loop
      vertex -5.43062 15.2506 10.5203
      vertex -5.12658 14.3765 10.5347
      vertex -5.52587 15.2111 10.5479
    endloop
  endfacet
  facet normal -0.823183 -0.340973 -0.453989
    outer loop
      vertex -3.59702 15.0101 9.07785
      vertex -4.02215 15.834 9.2299
      vertex -3.95057 15.8636 9.07785
    endloop
  endfacet
  facet normal -0.823183 -0.340973 -0.453989
    outer loop
      vertex -4.02215 15.834 9.2299
      vertex -3.59702 15.0101 9.07785
      vertex -3.69009 14.9715 9.27557
    endloop
  endfacet
  facet normal -0.892398 -0.369643 -0.258823
    outer loop
      vertex -3.45212 15.0701 8.60455
      vertex -3.85873 15.9017 8.81889
      vertex -3.81792 15.9186 8.65406
    endloop
  endfacet
  facet normal -0.892399 -0.369644 -0.25882
    outer loop
      vertex -3.85873 15.9017 8.81889
      vertex -3.45212 15.0701 8.60455
      vertex -3.50518 15.0481 8.81889
    endloop
  endfacet
  facet normal -0.922613 -0.382159 0.0523375
    outer loop
      vertex -3.75232 15.9457 7.723
      vertex -3.39608 15.0933 7.7784
      vertex -3.74715 15.9479 7.82958
    endloop
  endfacet
  facet normal -0.922613 -0.382159 0.0523363
    outer loop
      vertex -3.39608 15.0933 7.7784
      vertex -3.75232 15.9457 7.723
      vertex -3.39876 15.0922 7.723
    endloop
  endfacet
  facet normal -0.653282 -0.270598 0.707106
    outer loop
      vertex -4.54896 15.6158 6.03067
      vertex -4.15917 14.7772 6.06989
      vertex -4.47924 15.6446 6.10613
    endloop
  endfacet
  facet normal -0.653281 -0.270598 0.707108
    outer loop
      vertex -4.15917 14.7772 6.06989
      vertex -4.54896 15.6158 6.03067
      vertex -4.19541 14.7622 6.03067
    endloop
  endfacet
  facet normal -0.581416 -0.24083 0.777146
    outer loop
      vertex -4.54896 15.6158 6.03067
      vertex -4.23524 14.7457 5.99575
      vertex -4.19541 14.7622 6.03067
    endloop
  endfacet
  facet normal -0.581417 -0.240831 0.777145
    outer loop
      vertex -4.23524 14.7457 5.99575
      vertex -4.54896 15.6158 6.03067
      vertex -4.62559 15.584 5.9635
    endloop
  endfacet
  facet normal -0.892398 -0.369643 0.258822
    outer loop
      vertex -3.85873 15.9017 7.1811
      vertex -3.45212 15.0701 7.39545
      vertex -3.81792 15.9186 7.34594
    endloop
  endfacet
  facet normal -0.892399 -0.369644 0.25882
    outer loop
      vertex -3.45212 15.0701 7.39545
      vertex -3.85873 15.9017 7.1811
      vertex -3.50518 15.0481 7.1811
    endloop
  endfacet
  facet normal -0.862516 -0.357266 0.358368
    outer loop
      vertex -3.95057 15.8636 6.92215
      vertex -3.50518 15.0481 7.1811
      vertex -3.85873 15.9017 7.1811
    endloop
  endfacet
  facet normal -0.862515 -0.357265 0.35837
    outer loop
      vertex -3.50518 15.0481 7.1811
      vertex -3.95057 15.8636 6.92215
      vertex -3.59702 15.0101 6.92215
    endloop
  endfacet
  facet normal -0.239117 -0.0990459 0.965926
    outer loop
      vertex -5.52587 15.2111 5.45208
      vertex -5.3246 14.2945 5.40791
      vertex -5.12658 14.3765 5.46534
    endloop
  endfacet
  facet normal -0.239118 -0.0990461 0.965926
    outer loop
      vertex -5.3246 14.2945 5.40791
      vertex -5.52587 15.2111 5.45208
      vertex -5.67816 15.148 5.40791
    endloop
  endfacet
  facet normal -0.144528 -0.0598654 0.987688
    outer loop
      vertex -5.67816 15.148 5.40791
      vertex -5.57772 14.1896 5.36452
      vertex -5.3246 14.2945 5.40791
    endloop
  endfacet
  facet normal -0.144528 -0.0598654 0.987688
    outer loop
      vertex -5.57772 14.1896 5.36452
      vertex -5.67816 15.148 5.40791
      vertex -5.93127 15.0432 5.36452
    endloop
  endfacet
  facet normal -0.41943 -0.173734 0.891008
    outer loop
      vertex -5.19138 15.3497 5.5791
      vertex -4.79216 14.515 5.60429
      vertex -5.10352 15.3861 5.62756
    endloop
  endfacet
  facet normal -0.41943 -0.173734 0.891008
    outer loop
      vertex -4.79216 14.515 5.60429
      vertex -5.19138 15.3497 5.5791
      vertex -4.83782 14.4961 5.5791
    endloop
  endfacet
  facet normal -0.823183 -0.340973 0.453991
    outer loop
      vertex -4.06691 15.8154 6.675
      vertex -3.69009 14.9715 6.72443
      vertex -4.02215 15.834 6.7701
    endloop
  endfacet
  facet normal -0.823185 -0.340974 0.453986
    outer loop
      vertex -3.69009 14.9715 6.72443
      vertex -4.06691 15.8154 6.675
      vertex -3.71336 14.9619 6.675
    endloop
  endfacet
  facet normal -0.653284 -0.270599 0.707104
    outer loop
      vertex -4.47924 15.6446 6.10613
      vertex -4.0142 14.8373 6.2268
      vertex -4.36776 15.6908 6.2268
    endloop
  endfacet
  facet normal -0.653284 -0.270599 0.707104
    outer loop
      vertex -4.0142 14.8373 6.2268
      vertex -4.47924 15.6446 6.10613
      vertex -4.15917 14.7772 6.06989
    endloop
  endfacet
  facet normal -0.419435 -0.173735 0.891005
    outer loop
      vertex -5.10352 15.3861 5.62756
      vertex -4.60949 14.5907 5.70503
      vertex -4.96304 15.4442 5.70503
    endloop
  endfacet
  facet normal -0.419434 -0.173735 0.891006
    outer loop
      vertex -4.60949 14.5907 5.70503
      vertex -5.10352 15.3861 5.62756
      vertex -4.79216 14.515 5.60429
    endloop
  endfacet
  facet normal -0.503181 -0.208424 0.838671
    outer loop
      vertex -4.83082 15.499 5.79798
      vertex -4.60949 14.5907 5.70503
      vertex -4.43755 14.6619 5.82589
    endloop
  endfacet
  facet normal -0.503181 -0.208424 0.83867
    outer loop
      vertex -4.60949 14.5907 5.70503
      vertex -4.83082 15.499 5.79798
      vertex -4.96304 15.4442 5.70503
    endloop
  endfacet
  facet normal 0.912505 0.377971 0.156439
    outer loop
      vertex -8.59739 13.9388 7.55445
      vertex -8.22841 13.0917 7.44903
      vertex -8.58196 13.9452 7.44903
    endloop
  endfacet
  facet normal 0.912505 0.377972 0.156435
    outer loop
      vertex -8.22841 13.0917 7.44903
      vertex -8.59739 13.9388 7.55445
      vertex -8.23643 13.0884 7.50383
    endloop
  endfacet
  facet normal 0.892399 0.369644 0.258818
    outer loop
      vertex -8.58196 13.9452 7.44903
      vertex -8.16208 13.1192 7.1811
      vertex -8.51564 13.9727 7.1811
    endloop
  endfacet
  facet normal 0.892399 0.369643 0.258819
    outer loop
      vertex -8.16208 13.1192 7.1811
      vertex -8.58196 13.9452 7.44903
      vertex -8.22841 13.0917 7.44903
    endloop
  endfacet
  facet normal 0.774829 0.320944 0.544642
    outer loop
      vertex -8.25375 14.0812 6.58549
      vertex -7.81433 13.2632 6.44237
      vertex -8.16788 14.1168 6.44237
    endloop
  endfacet
  facet normal 0.77483 0.320945 0.544639
    outer loop
      vertex -7.81433 13.2632 6.44237
      vertex -8.25375 14.0812 6.58549
      vertex -7.92599 13.2169 6.62847
    endloop
  endfacet
  facet normal 0.717989 0.297401 0.62932
    outer loop
      vertex -8.16788 14.1168 6.44237
      vertex -7.68531 13.3166 6.26992
      vertex -8.06867 14.1578 6.30975
    endloop
  endfacet
  facet normal 0.717988 0.2974 0.629322
    outer loop
      vertex -7.68531 13.3166 6.26992
      vertex -8.16788 14.1168 6.44237
      vertex -7.81433 13.2632 6.44237
    endloop
  endfacet
  facet normal 0.503179 0.208424 0.838672
    outer loop
      vertex -7.54355 14.3754 5.79798
      vertex -7.05777 13.5766 5.70503
      vertex -7.41132 14.4301 5.70503
    endloop
  endfacet
  facet normal 0.503181 0.208425 0.838671
    outer loop
      vertex -7.05777 13.5766 5.70503
      vertex -7.54355 14.3754 5.79798
      vertex -7.22971 13.5054 5.82589
    endloop
  endfacet
  facet normal 0.419432 0.173735 0.891007
    outer loop
      vertex -7.27085 14.4883 5.62756
      vertex -7.05777 13.5766 5.70503
      vertex -6.8751 13.6522 5.60429
    endloop
  endfacet
  facet normal 0.419432 0.173734 0.891007
    outer loop
      vertex -7.05777 13.5766 5.70503
      vertex -7.27085 14.4883 5.62756
      vertex -7.41132 14.4301 5.70503
    endloop
  endfacet
  facet normal 0.922613 0.382159 -0.0523353
    outer loop
      vertex -8.2685 13.0751 8.277
      vertex -8.6303 13.9252 8.10658
      vertex -8.62205 13.9286 8.277
    endloop
  endfacet
  facet normal 0.922613 0.382159 -0.052338
    outer loop
      vertex -8.6303 13.9252 8.10658
      vertex -8.2685 13.0751 8.277
      vertex -8.27923 13.0706 8.0554
    endloop
  endfacet
  facet normal 0.239118 0.0990461 0.965926
    outer loop
      vertex -6.79146 14.6869 5.43553
      vertex -6.59019 13.7703 5.4797
      vertex -6.39216 13.8523 5.42227
    endloop
  endfacet
  facet normal 0.239119 0.0990464 0.965925
    outer loop
      vertex -6.59019 13.7703 5.4797
      vertex -6.79146 14.6869 5.43553
      vertex -6.94374 14.6238 5.4797
    endloop
  endfacet
  facet normal 0.653283 0.270598 -0.707105
    outer loop
      vertex -7.93689 14.2124 9.84866
      vertex -7.47185 13.4051 9.96933
      vertex -7.61682 13.345 9.81242
    endloop
  endfacet
  facet normal 0.653284 0.270599 -0.707104
    outer loop
      vertex -7.47185 13.4051 9.96933
      vertex -7.93689 14.2124 9.84866
      vertex -7.8254 14.2586 9.96933
    endloop
  endfacet
  facet normal 0.581416 0.24083 -0.777146
    outer loop
      vertex -7.31253 13.4711 10.109
      vertex -7.62625 14.3411 10.1439
      vertex -7.27269 13.4876 10.1439
    endloop
  endfacet
  facet normal 0.581413 0.24083 -0.777149
    outer loop
      vertex -7.62625 14.3411 10.1439
      vertex -7.31253 13.4711 10.109
      vertex -7.70288 14.3094 10.0767
    endloop
  endfacet
  facet normal 0.239121 0.0990472 -0.965925
    outer loop
      vertex -6.39216 13.8523 10.5777
      vertex -6.69621 14.7263 10.5921
      vertex -6.34266 13.8728 10.5921
    endloop
  endfacet
  facet normal 0.239122 0.0990475 -0.965925
    outer loop
      vertex -6.69621 14.7263 10.5921
      vertex -6.39216 13.8523 10.5777
      vertex -6.79146 14.6869 10.5645
    endloop
  endfacet
  facet normal 0.331087 0.13714 -0.933581
    outer loop
      vertex -7.09093 14.5628 10.4591
      vertex -6.59019 13.7703 10.5203
      vertex -6.78159 13.691 10.4408
    endloop
  endfacet
  facet normal 0.33109 0.137142 -0.93358
    outer loop
      vertex -6.59019 13.7703 10.5203
      vertex -7.09093 14.5628 10.4591
      vertex -6.94374 14.6238 10.5203
    endloop
  endfacet
  facet normal 0.717989 0.297401 -0.62932
    outer loop
      vertex -7.68531 13.3166 9.73008
      vertex -8.16788 14.1168 9.55763
      vertex -8.06867 14.1578 9.69025
    endloop
  endfacet
  facet normal 0.717988 0.2974 -0.629322
    outer loop
      vertex -8.16788 14.1168 9.55763
      vertex -7.68531 13.3166 9.73008
      vertex -7.81433 13.2632 9.55763
    endloop
  endfacet
  facet normal 0.774829 0.320944 -0.544642
    outer loop
      vertex -7.81433 13.2632 9.55763
      vertex -8.25375 14.0812 9.41451
      vertex -8.16788 14.1168 9.55763
    endloop
  endfacet
  facet normal 0.77483 0.320945 -0.544639
    outer loop
      vertex -8.25375 14.0812 9.41451
      vertex -7.81433 13.2632 9.55763
      vertex -7.92599 13.2169 9.37153
    endloop
  endfacet
  facet normal -0.048345 -0.0200251 -0.99863
    outer loop
      vertex -6.18718 14.9372 10.65
      vertex -5.78245 14.1048 10.6471
      vertex -5.83363 14.0836 10.65
    endloop
  endfacet
  facet normal -0.0483511 -0.0200281 -0.99863
    outer loop
      vertex -5.78245 14.1048 10.6471
      vertex -6.18718 14.9372 10.65
      vertex -6.08871 14.978 10.6444
    endloop
  endfacet
  facet normal -0.0483531 -0.0200288 -0.998629
    outer loop
      vertex -6.08871 14.978 10.6444
      vertex -5.57772 14.1896 10.6355
      vertex -5.78245 14.1048 10.6471
    endloop
  endfacet
  facet normal -0.0483519 -0.020028 -0.99863
    outer loop
      vertex -5.57772 14.1896 10.6355
      vertex -6.08871 14.978 10.6444
      vertex -5.93127 15.0432 10.6355
    endloop
  endfacet
  facet normal -0.503179 -0.208424 -0.838672
    outer loop
      vertex -4.43755 14.6619 10.1741
      vertex -4.74812 15.5333 10.1439
      vertex -4.39457 14.6797 10.1439
    endloop
  endfacet
  facet normal -0.503184 -0.208425 -0.838668
    outer loop
      vertex -4.74812 15.5333 10.1439
      vertex -4.43755 14.6619 10.1741
      vertex -4.83082 15.499 10.202
    endloop
  endfacet
  facet normal -0.717987 -0.2974 -0.629324
    outer loop
      vertex -3.98195 14.8506 9.73008
      vertex -4.36776 15.6908 9.7732
      vertex -4.3057 15.7165 9.69025
    endloop
  endfacet
  facet normal -0.717988 -0.297401 -0.629321
    outer loop
      vertex -4.36776 15.6908 9.7732
      vertex -3.98195 14.8506 9.73008
      vertex -4.0142 14.8373 9.7732
    endloop
  endfacet
  facet normal -0.717989 -0.297401 -0.629321
    outer loop
      vertex -3.85293 14.9041 9.55763
      vertex -4.3057 15.7165 9.69025
      vertex -4.20648 15.7576 9.55763
    endloop
  endfacet
  facet normal -0.717988 -0.2974 -0.629322
    outer loop
      vertex -4.3057 15.7165 9.69025
      vertex -3.85293 14.9041 9.55763
      vertex -3.98195 14.8506 9.73008
    endloop
  endfacet
  facet normal -0.774832 -0.320946 -0.544637
    outer loop
      vertex -3.71336 14.9619 9.325
      vertex -4.12062 15.7932 9.41451
      vertex -4.06691 15.8154 9.325
    endloop
  endfacet
  facet normal -0.77483 -0.320945 -0.54464
    outer loop
      vertex -4.12062 15.7932 9.41451
      vertex -3.71336 14.9619 9.325
      vertex -3.74127 14.9503 9.37153
    endloop
  endfacet
  facet normal -0.774831 -0.320945 -0.544639
    outer loop
      vertex -3.74127 14.9503 9.37153
      vertex -4.20648 15.7576 9.55763
      vertex -4.12062 15.7932 9.41451
    endloop
  endfacet
  facet normal -0.774831 -0.320945 -0.544638
    outer loop
      vertex -4.20648 15.7576 9.55763
      vertex -3.74127 14.9503 9.37153
      vertex -3.85293 14.9041 9.55763
    endloop
  endfacet
  facet normal -0.8924 -0.369645 -0.258815
    outer loop
      vertex -3.43885 15.0756 8.55097
      vertex -3.81792 15.9186 8.65406
      vertex -3.7924 15.9291 8.55097
    endloop
  endfacet
  facet normal -0.892399 -0.369643 -0.258822
    outer loop
      vertex -3.81792 15.9186 8.65406
      vertex -3.43885 15.0756 8.55097
      vertex -3.45212 15.0701 8.60455
    endloop
  endfacet
  facet normal -0.912505 -0.377972 -0.156434
    outer loop
      vertex -3.39876 15.0922 8.277
      vertex -3.7924 15.9291 8.55097
      vertex -3.75232 15.9457 8.277
    endloop
  endfacet
  facet normal -0.912505 -0.377972 -0.156434
    outer loop
      vertex -3.7924 15.9291 8.55097
      vertex -3.39876 15.0922 8.277
      vertex -3.43885 15.0756 8.55097
    endloop
  endfacet
  facet normal -0.922613 -0.382159 0.0523366
    outer loop
      vertex -3.74715 15.9479 7.82958
      vertex -3.38535 15.0977 8
      vertex -3.7389 15.9513 8
    endloop
  endfacet
  facet normal -0.922613 -0.382159 0.0523355
    outer loop
      vertex -3.38535 15.0977 8
      vertex -3.74715 15.9479 7.82958
      vertex -3.39608 15.0933 7.7784
    endloop
  endfacet
  facet normal -0.922613 -0.382159 -0.0523369
    outer loop
      vertex -3.38535 15.0977 8
      vertex -3.74715 15.9479 8.17042
      vertex -3.7389 15.9513 8
    endloop
  endfacet
  facet normal -0.922613 -0.382159 -0.0523356
    outer loop
      vertex -3.74715 15.9479 8.17042
      vertex -3.38535 15.0977 8
      vertex -3.39608 15.0933 8.2216
    endloop
  endfacet
  facet normal -0.774832 -0.320946 0.544637
    outer loop
      vertex -4.12062 15.7932 6.58549
      vertex -3.71336 14.9619 6.675
      vertex -4.06691 15.8154 6.675
    endloop
  endfacet
  facet normal -0.77483 -0.320945 0.54464
    outer loop
      vertex -3.71336 14.9619 6.675
      vertex -4.12062 15.7932 6.58549
      vertex -3.74127 14.9503 6.62847
    endloop
  endfacet
  facet normal -0.331088 -0.137141 0.933581
    outer loop
      vertex -5.19138 15.3497 5.5791
      vertex -4.88567 14.4763 5.55922
      vertex -4.83782 14.4961 5.5791
    endloop
  endfacet
  facet normal -0.331089 -0.137141 0.933581
    outer loop
      vertex -4.88567 14.4763 5.55922
      vertex -5.19138 15.3497 5.5791
      vertex -5.28343 15.3115 5.54086
    endloop
  endfacet
  facet normal -0.581415 -0.24083 0.777147
    outer loop
      vertex -4.62559 15.584 5.9635
      vertex -4.39457 14.6797 5.8561
      vertex -4.23524 14.7457 5.99575
    endloop
  endfacet
  facet normal -0.581413 -0.240829 0.777148
    outer loop
      vertex -4.39457 14.6797 5.8561
      vertex -4.62559 15.584 5.9635
      vertex -4.74812 15.5333 5.8561
    endloop
  endfacet
  facet normal -0.503179 -0.208424 0.838672
    outer loop
      vertex -4.74812 15.5333 5.8561
      vertex -4.43755 14.6619 5.82589
      vertex -4.39457 14.6797 5.8561
    endloop
  endfacet
  facet normal -0.503181 -0.208424 0.83867
    outer loop
      vertex -4.43755 14.6619 5.82589
      vertex -4.74812 15.5333 5.8561
      vertex -4.83082 15.499 5.79798
    endloop
  endfacet
  facet normal 0.419433 0.173735 -0.891007
    outer loop
      vertex -6.8751 13.6522 10.3957
      vertex -7.18299 14.5247 10.4209
      vertex -6.82944 13.6712 10.4209
    endloop
  endfacet
  facet normal 0.419432 0.173734 -0.891007
    outer loop
      vertex -7.18299 14.5247 10.4209
      vertex -6.8751 13.6522 10.3957
      vertex -7.27085 14.4883 10.3724
    endloop
  endfacet
  facet normal 0.823181 0.340973 -0.453994
    outer loop
      vertex -7.9539 13.2054 9.325
      vertex -8.35222 14.0404 9.2299
      vertex -8.30746 14.0589 9.325
    endloop
  endfacet
  facet normal 0.823183 0.340974 -0.453989
    outer loop
      vertex -8.35222 14.0404 9.2299
      vertex -7.9539 13.2054 9.325
      vertex -7.97717 13.1957 9.27557
    endloop
  endfacet
  facet normal -0.419434 -0.173735 -0.891006
    outer loop
      vertex -5.10352 15.3861 10.3724
      vertex -4.60949 14.5907 10.295
      vertex -4.79216 14.515 10.3957
    endloop
  endfacet
  facet normal -0.419433 -0.173735 -0.891007
    outer loop
      vertex -4.60949 14.5907 10.295
      vertex -5.10352 15.3861 10.3724
      vertex -4.96304 15.4442 10.295
    endloop
  endfacet
  facet normal -0.41943 -0.173734 -0.891008
    outer loop
      vertex -5.19138 15.3497 10.4209
      vertex -4.79216 14.515 10.3957
      vertex -4.83782 14.4961 10.4209
    endloop
  endfacet
  facet normal -0.419433 -0.173735 -0.891006
    outer loop
      vertex -4.79216 14.515 10.3957
      vertex -5.19138 15.3497 10.4209
      vertex -5.10352 15.3861 10.3724
    endloop
  endfacet
  facet normal -0.581415 -0.24083 -0.777147
    outer loop
      vertex -4.39457 14.6797 10.1439
      vertex -4.62559 15.584 10.0365
      vertex -4.23524 14.7457 10.0042
    endloop
  endfacet
  facet normal -0.581415 -0.24083 -0.777147
    outer loop
      vertex -4.62559 15.584 10.0365
      vertex -4.39457 14.6797 10.1439
      vertex -4.74812 15.5333 10.1439
    endloop
  endfacet
  facet normal -0.331086 -0.137141 -0.933581
    outer loop
      vertex -5.07707 14.397 10.5203
      vertex -5.28343 15.3115 10.4591
      vertex -4.88567 14.4763 10.4408
    endloop
  endfacet
  facet normal -0.33109 -0.137142 -0.93358
    outer loop
      vertex -5.28343 15.3115 10.4591
      vertex -5.07707 14.397 10.5203
      vertex -5.43062 15.2506 10.5203
    endloop
  endfacet
  facet normal -0.331095 -0.137144 -0.933578
    outer loop
      vertex -4.88567 14.4763 10.4408
      vertex -5.19138 15.3497 10.4209
      vertex -4.83782 14.4961 10.4209
    endloop
  endfacet
  facet normal -0.331085 -0.13714 -0.933582
    outer loop
      vertex -5.19138 15.3497 10.4209
      vertex -4.88567 14.4763 10.4408
      vertex -5.28343 15.3115 10.4591
    endloop
  endfacet
  facet normal 0.419432 0.173735 -0.891007
    outer loop
      vertex -7.05777 13.5766 10.295
      vertex -7.27085 14.4883 10.3724
      vertex -6.8751 13.6522 10.3957
    endloop
  endfacet
  facet normal 0.419432 0.173734 -0.891007
    outer loop
      vertex -7.27085 14.4883 10.3724
      vertex -7.05777 13.5766 10.295
      vertex -7.41132 14.4301 10.295
    endloop
  endfacet
  facet normal 0.503181 0.208425 -0.838671
    outer loop
      vertex -7.54355 14.3754 10.202
      vertex -7.05777 13.5766 10.295
      vertex -7.22971 13.5054 10.1741
    endloop
  endfacet
  facet normal 0.503179 0.208424 -0.838672
    outer loop
      vertex -7.05777 13.5766 10.295
      vertex -7.54355 14.3754 10.202
      vertex -7.41132 14.4301 10.295
    endloop
  endfacet
  facet normal 0.0483519 -0.020028 0.99863
    outer loop
      vertex 5.57772 14.1896 5.36452
      vertex 6.08871 14.978 5.35559
      vertex 5.93127 15.0432 5.36452
    endloop
  endfacet
  facet normal 0.0483513 -0.0200276 0.99863
    outer loop
      vertex 6.08871 14.978 5.35559
      vertex 5.57772 14.1896 5.36452
      vertex 5.78245 14.1048 5.3529
    endloop
  endfacet
  facet normal 0.0483513 -0.0200276 0.99863
    outer loop
      vertex 5.78245 14.1048 5.3529
      vertex 6.18718 14.9372 5.35
      vertex 6.08871 14.978 5.35559
    endloop
  endfacet
  facet normal 0.0483529 -0.0200284 0.998629
    outer loop
      vertex 6.18718 14.9372 5.35
      vertex 5.78245 14.1048 5.3529
      vertex 5.83363 14.0836 5.35
    endloop
  endfacet
  facet normal 0.8924 -0.369645 -0.258815
    outer loop
      vertex 3.81792 15.9186 8.65406
      vertex 3.43885 15.0756 8.55097
      vertex 3.7924 15.9291 8.55097
    endloop
  endfacet
  facet normal 0.892399 -0.369643 -0.258822
    outer loop
      vertex 3.43885 15.0756 8.55097
      vertex 3.81792 15.9186 8.65406
      vertex 3.45212 15.0701 8.60455
    endloop
  endfacet
  facet normal 0.331087 -0.137141 0.933581
    outer loop
      vertex 5.28343 15.3115 5.54086
      vertex 5.07707 14.397 5.4797
      vertex 5.43062 15.2506 5.4797
    endloop
  endfacet
  facet normal 0.331088 -0.137141 0.933581
    outer loop
      vertex 5.07707 14.397 5.4797
      vertex 5.28343 15.3115 5.54086
      vertex 4.88567 14.4763 5.55922
    endloop
  endfacet
  facet normal 0.717987 -0.2974 0.629324
    outer loop
      vertex 3.98195 14.8506 6.26992
      vertex 4.36776 15.6908 6.2268
      vertex 4.3057 15.7165 6.30975
    endloop
  endfacet
  facet normal 0.717988 -0.297401 0.629321
    outer loop
      vertex 4.36776 15.6908 6.2268
      vertex 3.98195 14.8506 6.26992
      vertex 4.0142 14.8373 6.2268
    endloop
  endfacet
  facet normal 0.912505 -0.377972 -0.156434
    outer loop
      vertex 3.7924 15.9291 8.55097
      vertex 3.39876 15.0922 8.277
      vertex 3.75232 15.9457 8.277
    endloop
  endfacet
  facet normal 0.912505 -0.377972 -0.156434
    outer loop
      vertex 3.39876 15.0922 8.277
      vertex 3.7924 15.9291 8.55097
      vertex 3.43885 15.0756 8.55097
    endloop
  endfacet
  facet normal 0.581415 -0.24083 -0.777147
    outer loop
      vertex 4.23524 14.7457 10.0042
      vertex 4.54896 15.6158 9.96933
      vertex 4.62559 15.584 10.0365
    endloop
  endfacet
  facet normal 0.581416 -0.24083 -0.777146
    outer loop
      vertex 4.54896 15.6158 9.96933
      vertex 4.23524 14.7457 10.0042
      vertex 4.19541 14.7622 9.96933
    endloop
  endfacet
  facet normal -0.581416 0.24083 0.777146
    outer loop
      vertex 7.70288 14.3094 5.92327
      vertex 7.47185 13.4051 6.03067
      vertex 7.8254 14.2586 6.03067
    endloop
  endfacet
  facet normal -0.581416 0.24083 0.777146
    outer loop
      vertex 7.47185 13.4051 6.03067
      vertex 7.70288 14.3094 5.92327
      vertex 7.31253 13.4711 5.89102
    endloop
  endfacet
  facet normal -0.653284 0.270599 0.707104
    outer loop
      vertex 7.61682 13.345 6.18758
      vertex 8.00661 14.1836 6.2268
      vertex 7.93689 14.2124 6.15133
    endloop
  endfacet
  facet normal -0.653281 0.270598 0.707108
    outer loop
      vertex 8.00661 14.1836 6.2268
      vertex 7.61682 13.345 6.18758
      vertex 7.65306 13.33 6.2268
    endloop
  endfacet
  facet normal 0.823183 -0.340973 0.453991
    outer loop
      vertex 3.69009 14.9715 6.72443
      vertex 4.06691 15.8154 6.675
      vertex 4.02215 15.834 6.7701
    endloop
  endfacet
  facet normal 0.823185 -0.340974 0.453986
    outer loop
      vertex 4.06691 15.8154 6.675
      vertex 3.69009 14.9715 6.72443
      vertex 3.71336 14.9619 6.675
    endloop
  endfacet
  facet normal -0.331095 0.137144 -0.933578
    outer loop
      vertex 6.78159 13.691 10.4408
      vertex 7.18299 14.5247 10.4209
      vertex 6.82944 13.6712 10.4209
    endloop
  endfacet
  facet normal -0.331089 0.137141 -0.933581
    outer loop
      vertex 7.18299 14.5247 10.4209
      vertex 6.78159 13.691 10.4408
      vertex 7.09093 14.5628 10.4591
    endloop
  endfacet
  facet normal 0.331089 -0.137141 0.933581
    outer loop
      vertex 5.19138 15.3497 5.5791
      vertex 4.88567 14.4763 5.55922
      vertex 5.28343 15.3115 5.54086
    endloop
  endfacet
  facet normal 0.331088 -0.137141 0.933581
    outer loop
      vertex 4.88567 14.4763 5.55922
      vertex 5.19138 15.3497 5.5791
      vertex 4.83782 14.4961 5.5791
    endloop
  endfacet
  facet normal 0.892398 -0.369643 -0.258823
    outer loop
      vertex 3.85873 15.9017 8.81889
      vertex 3.45212 15.0701 8.60455
      vertex 3.81792 15.9186 8.65406
    endloop
  endfacet
  facet normal 0.892399 -0.369644 -0.25882
    outer loop
      vertex 3.45212 15.0701 8.60455
      vertex 3.85873 15.9017 8.81889
      vertex 3.50518 15.0481 8.81889
    endloop
  endfacet
  facet normal 0.922613 -0.382159 -0.0523375
    outer loop
      vertex 3.75232 15.9457 8.277
      vertex 3.39608 15.0933 8.2216
      vertex 3.74715 15.9479 8.17042
    endloop
  endfacet
  facet normal 0.922613 -0.382159 -0.0523368
    outer loop
      vertex 3.39608 15.0933 8.2216
      vertex 3.75232 15.9457 8.277
      vertex 3.39876 15.0922 8.277
    endloop
  endfacet
  facet normal 0.419435 -0.173735 0.891005
    outer loop
      vertex 4.60949 14.5907 5.70503
      vertex 5.10352 15.3861 5.62756
      vertex 4.96304 15.4442 5.70503
    endloop
  endfacet
  facet normal 0.419434 -0.173735 0.891006
    outer loop
      vertex 5.10352 15.3861 5.62756
      vertex 4.60949 14.5907 5.70503
      vertex 4.79216 14.515 5.60429
    endloop
  endfacet
  facet normal -0.581416 0.24083 0.777147
    outer loop
      vertex 7.62625 14.3411 5.8561
      vertex 7.31253 13.4711 5.89102
      vertex 7.70288 14.3094 5.92327
    endloop
  endfacet
  facet normal -0.581416 0.24083 0.777146
    outer loop
      vertex 7.31253 13.4711 5.89102
      vertex 7.62625 14.3411 5.8561
      vertex 7.27269 13.4876 5.8561
    endloop
  endfacet
  facet normal -0.144528 0.0598654 0.987688
    outer loop
      vertex 6.4431 14.8312 5.36452
      vertex 6.34266 13.8728 5.40791
      vertex 6.69621 14.7263 5.40791
    endloop
  endfacet
  facet normal -0.144528 0.0598654 0.987688
    outer loop
      vertex 6.34266 13.8728 5.40791
      vertex 6.4431 14.8312 5.36452
      vertex 6.08955 13.9776 5.36452
    endloop
  endfacet
  facet normal -0.653283 0.270598 -0.707105
    outer loop
      vertex 7.47185 13.4051 9.96933
      vertex 7.93689 14.2124 9.84866
      vertex 7.61682 13.345 9.81242
    endloop
  endfacet
  facet normal -0.653284 0.270599 -0.707104
    outer loop
      vertex 7.93689 14.2124 9.84866
      vertex 7.47185 13.4051 9.96933
      vertex 7.8254 14.2586 9.96933
    endloop
  endfacet
  facet normal 0.503181 -0.208424 0.83867
    outer loop
      vertex 4.83082 15.499 5.79798
      vertex 4.60949 14.5907 5.70503
      vertex 4.96304 15.4442 5.70503
    endloop
  endfacet
  facet normal 0.503181 -0.208424 0.838671
    outer loop
      vertex 4.60949 14.5907 5.70503
      vertex 4.83082 15.499 5.79798
      vertex 4.43755 14.6619 5.82589
    endloop
  endfacet
  facet normal 0.653284 -0.270599 0.707104
    outer loop
      vertex 4.0142 14.8373 6.2268
      vertex 4.47924 15.6446 6.10613
      vertex 4.36776 15.6908 6.2268
    endloop
  endfacet
  facet normal 0.653284 -0.270599 0.707104
    outer loop
      vertex 4.47924 15.6446 6.10613
      vertex 4.0142 14.8373 6.2268
      vertex 4.15917 14.7772 6.06989
    endloop
  endfacet
  facet normal 0.717989 -0.297401 0.629321
    outer loop
      vertex 3.85293 14.9041 6.44237
      vertex 4.3057 15.7165 6.30975
      vertex 4.20648 15.7576 6.44237
    endloop
  endfacet
  facet normal 0.717988 -0.2974 0.629322
    outer loop
      vertex 4.3057 15.7165 6.30975
      vertex 3.85293 14.9041 6.44237
      vertex 3.98195 14.8506 6.26992
    endloop
  endfacet
  facet normal 0.717987 -0.2974 -0.629324
    outer loop
      vertex 4.36776 15.6908 9.7732
      vertex 3.98195 14.8506 9.73008
      vertex 4.3057 15.7165 9.69025
    endloop
  endfacet
  facet normal 0.717988 -0.297401 -0.629321
    outer loop
      vertex 3.98195 14.8506 9.73008
      vertex 4.36776 15.6908 9.7732
      vertex 4.0142 14.8373 9.7732
    endloop
  endfacet
  facet normal -0.144528 0.0598654 -0.987688
    outer loop
      vertex 6.34266 13.8728 10.5921
      vertex 6.4431 14.8312 10.6355
      vertex 6.69621 14.7263 10.5921
    endloop
  endfacet
  facet normal -0.144528 0.0598654 -0.987688
    outer loop
      vertex 6.4431 14.8312 10.6355
      vertex 6.34266 13.8728 10.5921
      vertex 6.08955 13.9776 10.6355
    endloop
  endfacet
  facet normal -0.823181 0.340973 -0.453994
    outer loop
      vertex 8.35222 14.0404 9.2299
      vertex 7.9539 13.2054 9.325
      vertex 8.30746 14.0589 9.325
    endloop
  endfacet
  facet normal -0.823183 0.340974 -0.453989
    outer loop
      vertex 7.9539 13.2054 9.325
      vertex 8.35222 14.0404 9.2299
      vertex 7.97717 13.1957 9.27557
    endloop
  endfacet
  facet normal -0.331087 0.137141 0.933581
    outer loop
      vertex 6.59019 13.7703 5.4797
      vertex 7.09093 14.5628 5.54086
      vertex 6.94374 14.6238 5.4797
    endloop
  endfacet
  facet normal -0.331089 0.137142 0.93358
    outer loop
      vertex 7.09093 14.5628 5.54086
      vertex 6.59019 13.7703 5.4797
      vertex 6.78159 13.691 5.55922
    endloop
  endfacet
  facet normal 0.144528 -0.0598654 0.987688
    outer loop
      vertex 5.67816 15.148 5.40791
      vertex 5.57772 14.1896 5.36452
      vertex 5.93127 15.0432 5.36452
    endloop
  endfacet
  facet normal 0.144528 -0.0598654 0.987688
    outer loop
      vertex 5.57772 14.1896 5.36452
      vertex 5.67816 15.148 5.40791
      vertex 5.3246 14.2945 5.40791
    endloop
  endfacet
  facet normal 0.922613 -0.382159 -0.0523366
    outer loop
      vertex 3.74715 15.9479 8.17042
      vertex 3.38535 15.0977 8
      vertex 3.7389 15.9513 8
    endloop
  endfacet
  facet normal 0.922613 -0.382159 -0.0523353
    outer loop
      vertex 3.38535 15.0977 8
      vertex 3.74715 15.9479 8.17042
      vertex 3.39608 15.0933 8.2216
    endloop
  endfacet
  facet normal 0.922613 -0.382159 0.0523367
    outer loop
      vertex 3.38535 15.0977 8
      vertex 3.74715 15.9479 7.82958
      vertex 3.7389 15.9513 8
    endloop
  endfacet
  facet normal 0.922613 -0.382159 0.0523356
    outer loop
      vertex 3.74715 15.9479 7.82958
      vertex 3.38535 15.0977 8
      vertex 3.39608 15.0933 7.7784
    endloop
  endfacet
  facet normal 0.239118 -0.0990461 0.965926
    outer loop
      vertex 5.52587 15.2111 5.45208
      vertex 5.3246 14.2945 5.40791
      vertex 5.67816 15.148 5.40791
    endloop
  endfacet
  facet normal 0.239117 -0.0990459 0.965926
    outer loop
      vertex 5.3246 14.2945 5.40791
      vertex 5.52587 15.2111 5.45208
      vertex 5.12658 14.3765 5.46534
    endloop
  endfacet
  facet normal 0.41943 -0.173734 0.891008
    outer loop
      vertex 4.79216 14.515 5.60429
      vertex 5.19138 15.3497 5.5791
      vertex 5.10352 15.3861 5.62756
    endloop
  endfacet
  facet normal 0.41943 -0.173734 0.891008
    outer loop
      vertex 5.19138 15.3497 5.5791
      vertex 4.79216 14.515 5.60429
      vertex 4.83782 14.4961 5.5791
    endloop
  endfacet
  facet normal 0.922613 -0.382159 0.0523377
    outer loop
      vertex 3.39608 15.0933 7.7784
      vertex 3.75232 15.9457 7.723
      vertex 3.74715 15.9479 7.82958
    endloop
  endfacet
  facet normal 0.922613 -0.382159 0.0523368
    outer loop
      vertex 3.75232 15.9457 7.723
      vertex 3.39608 15.0933 7.7784
      vertex 3.39876 15.0922 7.723
    endloop
  endfacet
  facet normal 0.862516 -0.357266 0.358368
    outer loop
      vertex 3.50518 15.0481 7.1811
      vertex 3.95057 15.8636 6.92215
      vertex 3.85873 15.9017 7.1811
    endloop
  endfacet
  facet normal 0.862515 -0.357265 0.35837
    outer loop
      vertex 3.95057 15.8636 6.92215
      vertex 3.50518 15.0481 7.1811
      vertex 3.59702 15.0101 6.92215
    endloop
  endfacet
  facet normal 0.581417 -0.240831 0.777145
    outer loop
      vertex 4.54896 15.6158 6.03067
      vertex 4.23524 14.7457 5.99575
      vertex 4.62559 15.584 5.9635
    endloop
  endfacet
  facet normal 0.581416 -0.24083 0.777146
    outer loop
      vertex 4.23524 14.7457 5.99575
      vertex 4.54896 15.6158 6.03067
      vertex 4.19541 14.7622 6.03067
    endloop
  endfacet
  facet normal 0.653282 -0.270598 0.707106
    outer loop
      vertex 4.15917 14.7772 6.06989
      vertex 4.54896 15.6158 6.03067
      vertex 4.47924 15.6446 6.10613
    endloop
  endfacet
  facet normal 0.653281 -0.270598 0.707108
    outer loop
      vertex 4.54896 15.6158 6.03067
      vertex 4.15917 14.7772 6.06989
      vertex 4.19541 14.7622 6.03067
    endloop
  endfacet
  facet normal -0.922614 0.382159 -0.0523354
    outer loop
      vertex 8.63546 13.9231 8
      vertex 8.27923 13.0706 8.0554
      vertex 8.6303 13.9252 8.10658
    endloop
  endfacet
  facet normal -0.922613 0.382158 -0.0523407
    outer loop
      vertex 8.27923 13.0706 8.0554
      vertex 8.63546 13.9231 8
      vertex 8.28191 13.0695 8
    endloop
  endfacet
  facet normal -0.653283 0.270599 0.707106
    outer loop
      vertex 7.47185 13.4051 6.03067
      vertex 7.93689 14.2124 6.15133
      vertex 7.8254 14.2586 6.03067
    endloop
  endfacet
  facet normal -0.653283 0.270599 0.707105
    outer loop
      vertex 7.93689 14.2124 6.15133
      vertex 7.47185 13.4051 6.03067
      vertex 7.61682 13.345 6.18758
    endloop
  endfacet
  facet normal -0.823182 0.340973 0.453992
    outer loop
      vertex 7.9539 13.2054 6.675
      vertex 8.35222 14.0404 6.7701
      vertex 8.30746 14.0589 6.675
    endloop
  endfacet
  facet normal -0.823183 0.340974 0.453989
    outer loop
      vertex 8.35222 14.0404 6.7701
      vertex 7.9539 13.2054 6.675
      vertex 7.97717 13.1957 6.72443
    endloop
  endfacet
  facet normal -0.239118 0.0990462 0.965926
    outer loop
      vertex 6.69621 14.7263 5.40791
      vertex 6.39216 13.8523 5.42227
      vertex 6.79146 14.6869 5.43553
    endloop
  endfacet
  facet normal -0.239121 0.0990472 0.965925
    outer loop
      vertex 6.39216 13.8523 5.42227
      vertex 6.69621 14.7263 5.40791
      vertex 6.34266 13.8728 5.40791
    endloop
  endfacet
  facet normal -0.503182 0.208425 0.838669
    outer loop
      vertex 7.22971 13.5054 5.82589
      vertex 7.62625 14.3411 5.8561
      vertex 7.54355 14.3754 5.79798
    endloop
  endfacet
  facet normal -0.503179 0.208424 0.838672
    outer loop
      vertex 7.62625 14.3411 5.8561
      vertex 7.22971 13.5054 5.82589
      vertex 7.27269 13.4876 5.8561
    endloop
  endfacet
  facet normal -0.653281 0.270598 -0.707108
    outer loop
      vertex 7.61682 13.345 9.81242
      vertex 8.00661 14.1836 9.7732
      vertex 7.65306 13.33 9.7732
    endloop
  endfacet
  facet normal -0.653282 0.270598 -0.707107
    outer loop
      vertex 8.00661 14.1836 9.7732
      vertex 7.61682 13.345 9.81242
      vertex 7.93689 14.2124 9.84866
    endloop
  endfacet
  facet normal -0.912505 0.377971 -0.156439
    outer loop
      vertex 8.59739 13.9388 8.44555
      vertex 8.22841 13.0917 8.55097
      vertex 8.58196 13.9452 8.55097
    endloop
  endfacet
  facet normal -0.912505 0.377972 -0.156434
    outer loop
      vertex 8.22841 13.0917 8.55097
      vertex 8.59739 13.9388 8.44555
      vertex 8.23643 13.0884 8.49617
    endloop
  endfacet
  facet normal -0.892399 0.369644 -0.258818
    outer loop
      vertex 8.58196 13.9452 8.55097
      vertex 8.16208 13.1192 8.81889
      vertex 8.51564 13.9727 8.81889
    endloop
  endfacet
  facet normal -0.892399 0.369643 -0.258819
    outer loop
      vertex 8.16208 13.1192 8.81889
      vertex 8.58196 13.9452 8.55097
      vertex 8.22841 13.0917 8.55097
    endloop
  endfacet
  facet normal 0.581413 -0.240829 0.777148
    outer loop
      vertex 4.62559 15.584 5.9635
      vertex 4.39457 14.6797 5.8561
      vertex 4.74812 15.5333 5.8561
    endloop
  endfacet
  facet normal 0.581415 -0.24083 0.777147
    outer loop
      vertex 4.39457 14.6797 5.8561
      vertex 4.62559 15.584 5.9635
      vertex 4.23524 14.7457 5.99575
    endloop
  endfacet
  facet normal 0.503181 -0.208424 0.83867
    outer loop
      vertex 4.74812 15.5333 5.8561
      vertex 4.43755 14.6619 5.82589
      vertex 4.83082 15.499 5.79798
    endloop
  endfacet
  facet normal 0.503179 -0.208424 0.838672
    outer loop
      vertex 4.43755 14.6619 5.82589
      vertex 4.74812 15.5333 5.8561
      vertex 4.39457 14.6797 5.8561
    endloop
  endfacet
  facet normal 0.774832 -0.320946 0.544637
    outer loop
      vertex 3.71336 14.9619 6.675
      vertex 4.12062 15.7932 6.58549
      vertex 4.06691 15.8154 6.675
    endloop
  endfacet
  facet normal 0.77483 -0.320945 0.54464
    outer loop
      vertex 4.12062 15.7932 6.58549
      vertex 3.71336 14.9619 6.675
      vertex 3.74127 14.9503 6.62847
    endloop
  endfacet
  facet normal 0.774831 -0.320945 0.544639
    outer loop
      vertex 3.74127 14.9503 6.62847
      vertex 4.20648 15.7576 6.44237
      vertex 4.12062 15.7932 6.58549
    endloop
  endfacet
  facet normal 0.774831 -0.320945 0.544638
    outer loop
      vertex 4.20648 15.7576 6.44237
      vertex 3.74127 14.9503 6.62847
      vertex 3.85293 14.9041 6.44237
    endloop
  endfacet
  facet normal 0.892398 -0.369643 0.258822
    outer loop
      vertex 3.45212 15.0701 7.39545
      vertex 3.85873 15.9017 7.1811
      vertex 3.81792 15.9186 7.34594
    endloop
  endfacet
  facet normal 0.892399 -0.369644 0.25882
    outer loop
      vertex 3.85873 15.9017 7.1811
      vertex 3.45212 15.0701 7.39545
      vertex 3.50518 15.0481 7.1811
    endloop
  endfacet
  facet normal 0.239119 -0.0990466 0.965925
    outer loop
      vertex 5.43062 15.2506 5.4797
      vertex 5.12658 14.3765 5.46534
      vertex 5.52587 15.2111 5.45208
    endloop
  endfacet
  facet normal 0.239123 -0.099048 0.965924
    outer loop
      vertex 5.12658 14.3765 5.46534
      vertex 5.43062 15.2506 5.4797
      vertex 5.07707 14.397 5.4797
    endloop
  endfacet
  facet normal 0.774831 -0.320945 -0.544639
    outer loop
      vertex 4.20648 15.7576 9.55763
      vertex 3.74127 14.9503 9.37153
      vertex 4.12062 15.7932 9.41451
    endloop
  endfacet
  facet normal 0.774831 -0.320945 -0.544638
    outer loop
      vertex 3.74127 14.9503 9.37153
      vertex 4.20648 15.7576 9.55763
      vertex 3.85293 14.9041 9.55763
    endloop
  endfacet
  facet normal 0.653281 -0.270598 -0.707108
    outer loop
      vertex 4.15917 14.7772 9.93011
      vertex 4.54896 15.6158 9.96933
      vertex 4.19541 14.7622 9.96933
    endloop
  endfacet
  facet normal 0.65328 -0.270597 -0.707109
    outer loop
      vertex 4.54896 15.6158 9.96933
      vertex 4.15917 14.7772 9.93011
      vertex 4.47924 15.6446 9.89386
    endloop
  endfacet
  facet normal 0.331085 -0.13714 -0.933582
    outer loop
      vertex 4.88567 14.4763 10.4408
      vertex 5.19138 15.3497 10.4209
      vertex 5.28343 15.3115 10.4591
    endloop
  endfacet
  facet normal 0.331095 -0.137144 -0.933578
    outer loop
      vertex 5.19138 15.3497 10.4209
      vertex 4.88567 14.4763 10.4408
      vertex 4.83782 14.4961 10.4209
    endloop
  endfacet
  facet normal -0.0483531 0.0200288 -0.998629
    outer loop
      vertex 5.83363 14.0836 10.65
      vertex 6.34463 14.872 10.6411
      vertex 6.03836 13.9988 10.6384
    endloop
  endfacet
  facet normal -0.0483518 0.020028 -0.99863
    outer loop
      vertex 6.34463 14.872 10.6411
      vertex 5.83363 14.0836 10.65
      vertex 6.18718 14.9372 10.65
    endloop
  endfacet
  facet normal 0.239116 -0.0990451 -0.965926
    outer loop
      vertex 5.3246 14.2945 10.5921
      vertex 5.52587 15.2111 10.5479
      vertex 5.67816 15.148 10.5921
    endloop
  endfacet
  facet normal 0.239118 -0.0990455 -0.965926
    outer loop
      vertex 5.52587 15.2111 10.5479
      vertex 5.3246 14.2945 10.5921
      vertex 5.12658 14.3765 10.5347
    endloop
  endfacet
  facet normal -0.717987 0.2974 0.629324
    outer loop
      vertex 7.65306 13.33 6.2268
      vertex 8.06867 14.1578 6.30975
      vertex 8.00661 14.1836 6.2268
    endloop
  endfacet
  facet normal -0.717988 0.297401 0.629321
    outer loop
      vertex 8.06867 14.1578 6.30975
      vertex 7.65306 13.33 6.2268
      vertex 7.68531 13.3166 6.26992
    endloop
  endfacet
  facet normal -0.774834 0.320946 0.544634
    outer loop
      vertex 7.92599 13.2169 6.62847
      vertex 8.30746 14.0589 6.675
      vertex 8.25375 14.0812 6.58549
    endloop
  endfacet
  facet normal -0.774833 0.320946 0.544634
    outer loop
      vertex 8.30746 14.0589 6.675
      vertex 7.92599 13.2169 6.62847
      vertex 7.9539 13.2054 6.675
    endloop
  endfacet
  facet normal -0.922614 0.382159 0.0523354
    outer loop
      vertex 8.27923 13.0706 7.9446
      vertex 8.63546 13.9231 8
      vertex 8.6303 13.9252 7.89342
    endloop
  endfacet
  facet normal -0.922613 0.382158 0.0523403
    outer loop
      vertex 8.63546 13.9231 8
      vertex 8.27923 13.0706 7.9446
      vertex 8.28191 13.0695 8
    endloop
  endfacet
  facet normal -0.862516 0.357265 0.358369
    outer loop
      vertex 8.07025 13.1572 6.92215
      vertex 8.51564 13.9727 7.1811
      vertex 8.4238 14.0107 6.92215
    endloop
  endfacet
  facet normal -0.862516 0.357266 0.358367
    outer loop
      vertex 8.51564 13.9727 7.1811
      vertex 8.07025 13.1572 6.92215
      vertex 8.16208 13.1192 7.1811
    endloop
  endfacet
  facet normal -0.892399 0.369644 0.258818
    outer loop
      vertex 8.16208 13.1192 7.1811
      vertex 8.58196 13.9452 7.44903
      vertex 8.51564 13.9727 7.1811
    endloop
  endfacet
  facet normal -0.892399 0.369643 0.258819
    outer loop
      vertex 8.58196 13.9452 7.44903
      vertex 8.16208 13.1192 7.1811
      vertex 8.22841 13.0917 7.44903
    endloop
  endfacet
  facet normal -0.419432 0.173734 0.891007
    outer loop
      vertex 7.27085 14.4883 5.62756
      vertex 7.05777 13.5766 5.70503
      vertex 7.41132 14.4301 5.70503
    endloop
  endfacet
  facet normal -0.419432 0.173735 0.891007
    outer loop
      vertex 7.05777 13.5766 5.70503
      vertex 7.27085 14.4883 5.62756
      vertex 6.8751 13.6522 5.60429
    endloop
  endfacet
  facet normal -0.503179 0.208424 0.838672
    outer loop
      vertex 7.05777 13.5766 5.70503
      vertex 7.54355 14.3754 5.79798
      vertex 7.41132 14.4301 5.70503
    endloop
  endfacet
  facet normal -0.503181 0.208425 0.838671
    outer loop
      vertex 7.54355 14.3754 5.79798
      vertex 7.05777 13.5766 5.70503
      vertex 7.22971 13.5054 5.82589
    endloop
  endfacet
  facet normal -0.419432 0.173734 0.891007
    outer loop
      vertex 7.18299 14.5247 5.5791
      vertex 6.8751 13.6522 5.60429
      vertex 7.27085 14.4883 5.62756
    endloop
  endfacet
  facet normal -0.419433 0.173735 0.891007
    outer loop
      vertex 6.8751 13.6522 5.60429
      vertex 7.18299 14.5247 5.5791
      vertex 6.82944 13.6712 5.5791
    endloop
  endfacet
  facet normal -0.331092 0.137143 0.933579
    outer loop
      vertex 6.78159 13.691 5.55922
      vertex 7.18299 14.5247 5.5791
      vertex 7.09093 14.5628 5.54086
    endloop
  endfacet
  facet normal -0.331088 0.137141 0.933581
    outer loop
      vertex 7.18299 14.5247 5.5791
      vertex 6.78159 13.691 5.55922
      vertex 6.82944 13.6712 5.5791
    endloop
  endfacet
  facet normal -0.419432 0.173734 -0.891007
    outer loop
      vertex 6.8751 13.6522 10.3957
      vertex 7.18299 14.5247 10.4209
      vertex 7.27085 14.4883 10.3724
    endloop
  endfacet
  facet normal -0.419433 0.173735 -0.891007
    outer loop
      vertex 7.18299 14.5247 10.4209
      vertex 6.8751 13.6522 10.3957
      vertex 6.82944 13.6712 10.4209
    endloop
  endfacet
  facet normal -0.581413 0.24083 -0.777149
    outer loop
      vertex 7.31253 13.4711 10.109
      vertex 7.62625 14.3411 10.1439
      vertex 7.70288 14.3094 10.0767
    endloop
  endfacet
  facet normal -0.581416 0.24083 -0.777146
    outer loop
      vertex 7.62625 14.3411 10.1439
      vertex 7.31253 13.4711 10.109
      vertex 7.27269 13.4876 10.1439
    endloop
  endfacet
  facet normal -0.331087 0.13714 -0.933581
    outer loop
      vertex 6.59019 13.7703 10.5203
      vertex 7.09093 14.5628 10.4591
      vertex 6.78159 13.691 10.4408
    endloop
  endfacet
  facet normal -0.33109 0.137142 -0.93358
    outer loop
      vertex 7.09093 14.5628 10.4591
      vertex 6.59019 13.7703 10.5203
      vertex 6.94374 14.6238 10.5203
    endloop
  endfacet
  facet normal -0.239122 0.0990475 -0.965925
    outer loop
      vertex 6.39216 13.8523 10.5777
      vertex 6.69621 14.7263 10.5921
      vertex 6.79146 14.6869 10.5645
    endloop
  endfacet
  facet normal -0.239121 0.0990472 -0.965925
    outer loop
      vertex 6.69621 14.7263 10.5921
      vertex 6.39216 13.8523 10.5777
      vertex 6.34266 13.8728 10.5921
    endloop
  endfacet
  facet normal -0.0483454 0.0200253 -0.99863
    outer loop
      vertex 6.03836 13.9988 10.6384
      vertex 6.4431 14.8312 10.6355
      vertex 6.08955 13.9776 10.6355
    endloop
  endfacet
  facet normal -0.0483509 0.020028 -0.99863
    outer loop
      vertex 6.4431 14.8312 10.6355
      vertex 6.03836 13.9988 10.6384
      vertex 6.34463 14.872 10.6411
    endloop
  endfacet
  facet normal -0.862516 0.357265 -0.358369
    outer loop
      vertex 8.51564 13.9727 8.81889
      vertex 8.07025 13.1572 9.07785
      vertex 8.4238 14.0107 9.07785
    endloop
  endfacet
  facet normal -0.862516 0.357266 -0.358367
    outer loop
      vertex 8.07025 13.1572 9.07785
      vertex 8.51564 13.9727 8.81889
      vertex 8.16208 13.1192 8.81889
    endloop
  endfacet
  facet normal -0.774834 0.320946 -0.544634
    outer loop
      vertex 8.30746 14.0589 9.325
      vertex 7.92599 13.2169 9.37153
      vertex 8.25375 14.0812 9.41451
    endloop
  endfacet
  facet normal -0.774833 0.320946 -0.544634
    outer loop
      vertex 7.92599 13.2169 9.37153
      vertex 8.30746 14.0589 9.325
      vertex 7.9539 13.2054 9.325
    endloop
  endfacet
  facet normal 0.823183 -0.340973 0.453989
    outer loop
      vertex 3.59702 15.0101 6.92215
      vertex 4.02215 15.834 6.7701
      vertex 3.95057 15.8636 6.92215
    endloop
  endfacet
  facet normal 0.823183 -0.340973 0.453989
    outer loop
      vertex 4.02215 15.834 6.7701
      vertex 3.59702 15.0101 6.92215
      vertex 3.69009 14.9715 6.72443
    endloop
  endfacet
  facet normal 0.8924 -0.369644 0.258817
    outer loop
      vertex 3.43885 15.0756 7.44903
      vertex 3.81792 15.9186 7.34594
      vertex 3.7924 15.9291 7.44903
    endloop
  endfacet
  facet normal 0.892399 -0.369643 0.258822
    outer loop
      vertex 3.81792 15.9186 7.34594
      vertex 3.43885 15.0756 7.44903
      vertex 3.45212 15.0701 7.39545
    endloop
  endfacet
  facet normal 0.912505 -0.377972 0.156434
    outer loop
      vertex 3.39876 15.0922 7.723
      vertex 3.7924 15.9291 7.44903
      vertex 3.75232 15.9457 7.723
    endloop
  endfacet
  facet normal 0.912505 -0.377972 0.156434
    outer loop
      vertex 3.7924 15.9291 7.44903
      vertex 3.39876 15.0922 7.723
      vertex 3.43885 15.0756 7.44903
    endloop
  endfacet
  facet normal 0.774832 -0.320946 -0.544637
    outer loop
      vertex 4.12062 15.7932 9.41451
      vertex 3.71336 14.9619 9.325
      vertex 4.06691 15.8154 9.325
    endloop
  endfacet
  facet normal 0.77483 -0.320945 -0.54464
    outer loop
      vertex 3.71336 14.9619 9.325
      vertex 4.12062 15.7932 9.41451
      vertex 3.74127 14.9503 9.37153
    endloop
  endfacet
  facet normal 0.823183 -0.340973 -0.453991
    outer loop
      vertex 4.06691 15.8154 9.325
      vertex 3.69009 14.9715 9.27557
      vertex 4.02215 15.834 9.2299
    endloop
  endfacet
  facet normal 0.823185 -0.340974 -0.453986
    outer loop
      vertex 3.69009 14.9715 9.27557
      vertex 4.06691 15.8154 9.325
      vertex 3.71336 14.9619 9.325
    endloop
  endfacet
  facet normal 0.33109 -0.137142 -0.93358
    outer loop
      vertex 5.07707 14.397 10.5203
      vertex 5.28343 15.3115 10.4591
      vertex 5.43062 15.2506 10.5203
    endloop
  endfacet
  facet normal 0.331086 -0.137141 -0.933581
    outer loop
      vertex 5.28343 15.3115 10.4591
      vertex 5.07707 14.397 10.5203
      vertex 4.88567 14.4763 10.4408
    endloop
  endfacet
  facet normal 0.503179 -0.208424 -0.838672
    outer loop
      vertex 4.60949 14.5907 10.295
      vertex 4.83082 15.499 10.202
      vertex 4.96304 15.4442 10.295
    endloop
  endfacet
  facet normal 0.503181 -0.208424 -0.838671
    outer loop
      vertex 4.83082 15.499 10.202
      vertex 4.60949 14.5907 10.295
      vertex 4.43755 14.6619 10.1741
    endloop
  endfacet
  facet normal 0.0483531 -0.0200288 -0.998629
    outer loop
      vertex 5.57772 14.1896 10.6355
      vertex 6.08871 14.978 10.6444
      vertex 5.78245 14.1048 10.6471
    endloop
  endfacet
  facet normal 0.0483519 -0.020028 -0.99863
    outer loop
      vertex 6.08871 14.978 10.6444
      vertex 5.57772 14.1896 10.6355
      vertex 5.93127 15.0432 10.6355
    endloop
  endfacet
  facet normal -0.717989 0.297401 0.62932
    outer loop
      vertex 7.68531 13.3166 6.26992
      vertex 8.16788 14.1168 6.44237
      vertex 8.06867 14.1578 6.30975
    endloop
  endfacet
  facet normal -0.717988 0.2974 0.629322
    outer loop
      vertex 8.16788 14.1168 6.44237
      vertex 7.68531 13.3166 6.26992
      vertex 7.81433 13.2632 6.44237
    endloop
  endfacet
  facet normal -0.774829 0.320944 0.544642
    outer loop
      vertex 7.81433 13.2632 6.44237
      vertex 8.25375 14.0812 6.58549
      vertex 8.16788 14.1168 6.44237
    endloop
  endfacet
  facet normal -0.77483 0.320945 0.544639
    outer loop
      vertex 8.25375 14.0812 6.58549
      vertex 7.81433 13.2632 6.44237
      vertex 7.92599 13.2169 6.62847
    endloop
  endfacet
  facet normal -0.823184 0.340974 0.453988
    outer loop
      vertex 7.97717 13.1957 6.72443
      vertex 8.4238 14.0107 6.92215
      vertex 8.35222 14.0404 6.7701
    endloop
  endfacet
  facet normal -0.823183 0.340973 0.453991
    outer loop
      vertex 8.4238 14.0107 6.92215
      vertex 7.97717 13.1957 6.72443
      vertex 8.07025 13.1572 6.92215
    endloop
  endfacet
  facet normal -0.912505 0.377972 0.156436
    outer loop
      vertex 8.23643 13.0884 7.50383
      vertex 8.62205 13.9286 7.723
      vertex 8.59739 13.9388 7.55445
    endloop
  endfacet
  facet normal -0.912505 0.377972 0.156434
    outer loop
      vertex 8.62205 13.9286 7.723
      vertex 8.23643 13.0884 7.50383
      vertex 8.2685 13.0751 7.723
    endloop
  endfacet
  facet normal -0.922613 0.382159 0.0523353
    outer loop
      vertex 8.2685 13.0751 7.723
      vertex 8.6303 13.9252 7.89342
      vertex 8.62205 13.9286 7.723
    endloop
  endfacet
  facet normal -0.922613 0.382159 0.0523381
    outer loop
      vertex 8.6303 13.9252 7.89342
      vertex 8.2685 13.0751 7.723
      vertex 8.27923 13.0706 7.9446
    endloop
  endfacet
  facet normal -0.912505 0.377971 0.156439
    outer loop
      vertex 8.22841 13.0917 7.44903
      vertex 8.59739 13.9388 7.55445
      vertex 8.58196 13.9452 7.44903
    endloop
  endfacet
  facet normal -0.912505 0.377972 0.156435
    outer loop
      vertex 8.59739 13.9388 7.55445
      vertex 8.22841 13.0917 7.44903
      vertex 8.23643 13.0884 7.50383
    endloop
  endfacet
  facet normal -0.0483518 0.020028 0.99863
    outer loop
      vertex 5.83363 14.0836 5.35
      vertex 6.34463 14.872 5.35893
      vertex 6.18718 14.9372 5.35
    endloop
  endfacet
  facet normal -0.0483512 0.0200276 0.99863
    outer loop
      vertex 6.34463 14.872 5.35893
      vertex 5.83363 14.0836 5.35
      vertex 6.03836 13.9988 5.36161
    endloop
  endfacet
  facet normal -0.0483511 0.0200275 0.99863
    outer loop
      vertex 6.03836 13.9988 5.36161
      vertex 6.4431 14.8312 5.36452
      vertex 6.34463 14.872 5.35893
    endloop
  endfacet
  facet normal -0.0483533 0.0200286 0.998629
    outer loop
      vertex 6.4431 14.8312 5.36452
      vertex 6.03836 13.9988 5.36161
      vertex 6.08955 13.9776 5.36452
    endloop
  endfacet
  facet normal -0.239119 0.0990464 0.965925
    outer loop
      vertex 6.79146 14.6869 5.43553
      vertex 6.59019 13.7703 5.4797
      vertex 6.94374 14.6238 5.4797
    endloop
  endfacet
  facet normal -0.239118 0.0990461 0.965926
    outer loop
      vertex 6.59019 13.7703 5.4797
      vertex 6.79146 14.6869 5.43553
      vertex 6.39216 13.8523 5.42227
    endloop
  endfacet
  facet normal -0.581417 0.240831 -0.777145
    outer loop
      vertex 7.47185 13.4051 9.96933
      vertex 7.70288 14.3094 10.0767
      vertex 7.8254 14.2586 9.96933
    endloop
  endfacet
  facet normal -0.581416 0.240831 -0.777146
    outer loop
      vertex 7.70288 14.3094 10.0767
      vertex 7.47185 13.4051 9.96933
      vertex 7.31253 13.4711 10.109
    endloop
  endfacet
  facet normal -0.503179 0.208424 -0.838672
    outer loop
      vertex 7.22971 13.5054 10.1741
      vertex 7.62625 14.3411 10.1439
      vertex 7.27269 13.4876 10.1439
    endloop
  endfacet
  facet normal -0.503182 0.208425 -0.838669
    outer loop
      vertex 7.62625 14.3411 10.1439
      vertex 7.22971 13.5054 10.1741
      vertex 7.54355 14.3754 10.202
    endloop
  endfacet
  facet normal 0.653284 -0.270599 -0.707104
    outer loop
      vertex 4.0142 14.8373 9.7732
      vertex 4.47924 15.6446 9.89386
      vertex 4.15917 14.7772 9.93011
    endloop
  endfacet
  facet normal 0.653285 -0.2706 -0.707103
    outer loop
      vertex 4.47924 15.6446 9.89386
      vertex 4.0142 14.8373 9.7732
      vertex 4.36776 15.6908 9.7732
    endloop
  endfacet
  facet normal -0.823184 0.340975 -0.453986
    outer loop
      vertex 8.4238 14.0107 9.07785
      vertex 7.97717 13.1957 9.27557
      vertex 8.35222 14.0404 9.2299
    endloop
  endfacet
  facet normal -0.823183 0.340973 -0.453991
    outer loop
      vertex 7.97717 13.1957 9.27557
      vertex 8.4238 14.0107 9.07785
      vertex 8.07025 13.1572 9.07785
    endloop
  endfacet
  facet normal -0.774829 0.320944 -0.544642
    outer loop
      vertex 8.25375 14.0812 9.41451
      vertex 7.81433 13.2632 9.55763
      vertex 8.16788 14.1168 9.55763
    endloop
  endfacet
  facet normal -0.77483 0.320945 -0.544639
    outer loop
      vertex 7.81433 13.2632 9.55763
      vertex 8.25375 14.0812 9.41451
      vertex 7.92599 13.2169 9.37153
    endloop
  endfacet
  facet normal 0.862516 -0.357266 -0.358368
    outer loop
      vertex 3.95057 15.8636 9.07785
      vertex 3.50518 15.0481 8.81889
      vertex 3.85873 15.9017 8.81889
    endloop
  endfacet
  facet normal 0.862515 -0.357265 -0.35837
    outer loop
      vertex 3.50518 15.0481 8.81889
      vertex 3.95057 15.8636 9.07785
      vertex 3.59702 15.0101 9.07785
    endloop
  endfacet
  facet normal 0.823183 -0.340973 -0.453989
    outer loop
      vertex 4.02215 15.834 9.2299
      vertex 3.59702 15.0101 9.07785
      vertex 3.95057 15.8636 9.07785
    endloop
  endfacet
  facet normal 0.823183 -0.340973 -0.453989
    outer loop
      vertex 3.59702 15.0101 9.07785
      vertex 4.02215 15.834 9.2299
      vertex 3.69009 14.9715 9.27557
    endloop
  endfacet
  facet normal 0.419434 -0.173735 -0.891006
    outer loop
      vertex 4.60949 14.5907 10.295
      vertex 5.10352 15.3861 10.3724
      vertex 4.79216 14.515 10.3957
    endloop
  endfacet
  facet normal 0.419433 -0.173735 -0.891007
    outer loop
      vertex 5.10352 15.3861 10.3724
      vertex 4.60949 14.5907 10.295
      vertex 4.96304 15.4442 10.295
    endloop
  endfacet
  facet normal 0.503184 -0.208425 -0.838668
    outer loop
      vertex 4.43755 14.6619 10.1741
      vertex 4.74812 15.5333 10.1439
      vertex 4.83082 15.499 10.202
    endloop
  endfacet
  facet normal 0.503179 -0.208424 -0.838672
    outer loop
      vertex 4.74812 15.5333 10.1439
      vertex 4.43755 14.6619 10.1741
      vertex 4.39457 14.6797 10.1439
    endloop
  endfacet
  facet normal 0.581415 -0.24083 -0.777147
    outer loop
      vertex 4.39457 14.6797 10.1439
      vertex 4.62559 15.584 10.0365
      vertex 4.74812 15.5333 10.1439
    endloop
  endfacet
  facet normal 0.581415 -0.24083 -0.777147
    outer loop
      vertex 4.62559 15.584 10.0365
      vertex 4.39457 14.6797 10.1439
      vertex 4.23524 14.7457 10.0042
    endloop
  endfacet
  facet normal 0.239123 -0.099048 -0.965924
    outer loop
      vertex 5.12658 14.3765 10.5347
      vertex 5.43062 15.2506 10.5203
      vertex 5.52587 15.2111 10.5479
    endloop
  endfacet
  facet normal 0.239123 -0.099048 -0.965924
    outer loop
      vertex 5.43062 15.2506 10.5203
      vertex 5.12658 14.3765 10.5347
      vertex 5.07707 14.397 10.5203
    endloop
  endfacet
  facet normal -0.717989 0.297401 -0.62932
    outer loop
      vertex 8.16788 14.1168 9.55763
      vertex 7.68531 13.3166 9.73008
      vertex 8.06867 14.1578 9.69025
    endloop
  endfacet
  facet normal -0.717988 0.2974 -0.629322
    outer loop
      vertex 7.68531 13.3166 9.73008
      vertex 8.16788 14.1168 9.55763
      vertex 7.81433 13.2632 9.55763
    endloop
  endfacet
  facet normal -0.717987 0.2974 -0.629324
    outer loop
      vertex 8.06867 14.1578 9.69025
      vertex 7.65306 13.33 9.7732
      vertex 8.00661 14.1836 9.7732
    endloop
  endfacet
  facet normal -0.717988 0.297401 -0.629321
    outer loop
      vertex 7.65306 13.33 9.7732
      vertex 8.06867 14.1578 9.69025
      vertex 7.68531 13.3166 9.73008
    endloop
  endfacet
  facet normal -0.503181 0.208425 -0.838671
    outer loop
      vertex 7.05777 13.5766 10.295
      vertex 7.54355 14.3754 10.202
      vertex 7.22971 13.5054 10.1741
    endloop
  endfacet
  facet normal -0.503179 0.208424 -0.838672
    outer loop
      vertex 7.54355 14.3754 10.202
      vertex 7.05777 13.5766 10.295
      vertex 7.41132 14.4301 10.295
    endloop
  endfacet
  facet normal -0.419432 0.173734 -0.891007
    outer loop
      vertex 7.05777 13.5766 10.295
      vertex 7.27085 14.4883 10.3724
      vertex 7.41132 14.4301 10.295
    endloop
  endfacet
  facet normal -0.419432 0.173735 -0.891007
    outer loop
      vertex 7.27085 14.4883 10.3724
      vertex 7.05777 13.5766 10.295
      vertex 6.8751 13.6522 10.3957
    endloop
  endfacet
  facet normal -0.239117 0.0990454 -0.965926
    outer loop
      vertex 6.59019 13.7703 10.5203
      vertex 6.79146 14.6869 10.5645
      vertex 6.94374 14.6238 10.5203
    endloop
  endfacet
  facet normal -0.239118 0.0990457 -0.965926
    outer loop
      vertex 6.79146 14.6869 10.5645
      vertex 6.59019 13.7703 10.5203
      vertex 6.39216 13.8523 10.5777
    endloop
  endfacet
  facet normal -0.922613 0.382159 -0.0523356
    outer loop
      vertex 8.6303 13.9252 8.10658
      vertex 8.2685 13.0751 8.277
      vertex 8.62205 13.9286 8.277
    endloop
  endfacet
  facet normal -0.922613 0.382159 -0.0523382
    outer loop
      vertex 8.2685 13.0751 8.277
      vertex 8.6303 13.9252 8.10658
      vertex 8.27923 13.0706 8.0554
    endloop
  endfacet
  facet normal -0.912505 0.377972 -0.156436
    outer loop
      vertex 8.62205 13.9286 8.277
      vertex 8.23643 13.0884 8.49617
      vertex 8.59739 13.9388 8.44555
    endloop
  endfacet
  facet normal -0.912505 0.377972 -0.156434
    outer loop
      vertex 8.23643 13.0884 8.49617
      vertex 8.62205 13.9286 8.277
      vertex 8.2685 13.0751 8.277
    endloop
  endfacet
  facet normal 0.41943 -0.173734 -0.891008
    outer loop
      vertex 4.79216 14.515 10.3957
      vertex 5.19138 15.3497 10.4209
      vertex 4.83782 14.4961 10.4209
    endloop
  endfacet
  facet normal 0.419433 -0.173735 -0.891006
    outer loop
      vertex 5.19138 15.3497 10.4209
      vertex 4.79216 14.515 10.3957
      vertex 5.10352 15.3861 10.3724
    endloop
  endfacet
  facet normal 0.144528 -0.0598654 -0.987688
    outer loop
      vertex 5.57772 14.1896 10.6355
      vertex 5.67816 15.148 10.5921
      vertex 5.93127 15.0432 10.6355
    endloop
  endfacet
  facet normal 0.144528 -0.0598654 -0.987688
    outer loop
      vertex 5.67816 15.148 10.5921
      vertex 5.57772 14.1896 10.6355
      vertex 5.3246 14.2945 10.5921
    endloop
  endfacet
  facet normal 0.048345 -0.0200251 -0.99863
    outer loop
      vertex 5.78245 14.1048 10.6471
      vertex 6.18718 14.9372 10.65
      vertex 5.83363 14.0836 10.65
    endloop
  endfacet
  facet normal 0.0483511 -0.0200281 -0.99863
    outer loop
      vertex 6.18718 14.9372 10.65
      vertex 5.78245 14.1048 10.6471
      vertex 6.08871 14.978 10.6444
    endloop
  endfacet
  facet normal 0.717989 -0.297401 -0.629321
    outer loop
      vertex 4.3057 15.7165 9.69025
      vertex 3.85293 14.9041 9.55763
      vertex 4.20648 15.7576 9.55763
    endloop
  endfacet
  facet normal 0.717988 -0.2974 -0.629322
    outer loop
      vertex 3.85293 14.9041 9.55763
      vertex 4.3057 15.7165 9.69025
      vertex 3.98195 14.8506 9.73008
    endloop
  endfacet
  facet normal -0.92388 -0.382684 0
    outer loop
      vertex 11.6673 11.6673 0
      vertex 13.0695 8.28191 8
      vertex 11.6673 11.6673 15.75
    endloop
  endfacet
  facet normal -0.923882 -0.382678 2.61201e-006
    outer loop
      vertex 11.6673 11.6673 0
      vertex 13.0706 8.27923 7.9446
      vertex 13.0695 8.28191 8
    endloop
  endfacet
  facet normal -0.923877 -0.382688 -2.43752e-006
    outer loop
      vertex 11.6673 11.6673 0
      vertex 13.0751 8.2685 7.723
      vertex 13.0706 8.27923 7.9446
    endloop
  endfacet
  facet normal -0.923881 -0.38268 1.79791e-006
    outer loop
      vertex 11.6673 11.6673 0
      vertex 13.0884 8.23643 7.50383
      vertex 13.0751 8.2685 7.723
    endloop
  endfacet
  facet normal -0.923873 -0.3827 -8.59968e-006
    outer loop
      vertex 11.6673 11.6673 0
      vertex 13.0917 8.22841 7.44903
      vertex 13.0884 8.23643 7.50383
    endloop
  endfacet
  facet normal -0.923881 -0.382679 2.47841e-006
    outer loop
      vertex 11.6673 11.6673 0
      vertex 13.1192 8.16208 7.1811
      vertex 13.0917 8.22841 7.44903
    endloop
  endfacet
  facet normal -0.923878 -0.382687 -2.10215e-006
    outer loop
      vertex 11.6673 11.6673 0
      vertex 13.1572 8.07025 6.92215
      vertex 13.1192 8.16208 7.1811
    endloop
  endfacet
  facet normal -0.92388 -0.382682 9.42033e-007
    outer loop
      vertex 11.6673 11.6673 0
      vertex 13.1957 7.97717 6.72443
      vertex 13.1572 8.07025 6.92215
    endloop
  endfacet
  facet normal -0.923882 -0.382678 3.83742e-006
    outer loop
      vertex 11.6673 11.6673 0
      vertex 13.2054 7.9539 6.675
      vertex 13.1957 7.97717 6.72443
    endloop
  endfacet
  facet normal -0.92388 -0.382683 2.90342e-007
    outer loop
      vertex 11.6673 11.6673 0
      vertex 13.2169 7.92599 6.62847
      vertex 13.2054 7.9539 6.675
    endloop
  endfacet
  facet normal -0.923879 -0.382684 -1.03402e-007
    outer loop
      vertex 11.6673 11.6673 0
      vertex 13.2632 7.81433 6.44237
      vertex 13.2169 7.92599 6.62847
    endloop
  endfacet
  facet normal -0.923879 -0.382685 -1.1175e-006
    outer loop
      vertex 11.6673 11.6673 0
      vertex 13.3166 7.68531 6.26992
      vertex 13.2632 7.81433 6.44237
    endloop
  endfacet
  facet normal -0.923881 -0.382679 3.08823e-006
    outer loop
      vertex 11.6673 11.6673 0
      vertex 13.33 7.65306 6.2268
      vertex 13.3166 7.68531 6.26992
    endloop
  endfacet
  facet normal -0.923879 -0.382684 -4.93087e-007
    outer loop
      vertex 11.6673 11.6673 0
      vertex 13.345 7.61682 6.18758
      vertex 13.33 7.65306 6.2268
    endloop
  endfacet
  facet normal -0.923879 -0.382684 -4.93086e-007
    outer loop
      vertex 11.6673 11.6673 0
      vertex 13.4051 7.47185 6.03067
      vertex 13.345 7.61682 6.18758
    endloop
  endfacet
  facet normal -0.92388 -0.382683 4.70769e-007
    outer loop
      vertex 11.6673 11.6673 0
      vertex 13.4711 7.31253 5.89102
      vertex 13.4051 7.47185 6.03067
    endloop
  endfacet
  facet normal -0.92388 -0.382683 4.70769e-007
    outer loop
      vertex 11.6673 11.6673 0
      vertex 13.4876 7.27269 5.8561
      vertex 13.4711 7.31253 5.89102
    endloop
  endfacet
  facet normal -0.923878 -0.382688 -3.58068e-006
    outer loop
      vertex 11.6673 11.6673 0
      vertex 13.5054 7.22971 5.82589
      vertex 13.4876 7.27269 5.8561
    endloop
  endfacet
  facet normal -0.923879 -0.382684 1.44625e-008
    outer loop
      vertex 11.6673 11.6673 0
      vertex 13.5766 7.05777 5.70503
      vertex 13.5054 7.22971 5.82589
    endloop
  endfacet
  facet normal -0.923879 -0.382684 -2.43149e-007
    outer loop
      vertex 11.6673 11.6673 0
      vertex 13.6522 6.8751 5.60429
      vertex 13.5766 7.05777 5.70503
    endloop
  endfacet
  facet normal -0.923883 -0.382674 9.32592e-006
    outer loop
      vertex 11.6673 11.6673 0
      vertex 13.6712 6.82944 5.5791
      vertex 13.6522 6.8751 5.60429
    endloop
  endfacet
  facet normal -0.923876 -0.382691 -7.77582e-006
    outer loop
      vertex 11.6673 11.6673 0
      vertex 13.691 6.78159 5.55922
      vertex 13.6712 6.82944 5.5791
    endloop
  endfacet
  facet normal -0.923879 -0.382684 -7.39035e-009
    outer loop
      vertex 11.6673 11.6673 0
      vertex 13.7703 6.59019 5.4797
      vertex 13.691 6.78159 5.55922
    endloop
  endfacet
  facet normal -0.92388 -0.382683 8.27589e-008
    outer loop
      vertex 11.6673 11.6673 0
      vertex 13.8523 6.39216 5.42227
      vertex 13.7703 6.59019 5.4797
    endloop
  endfacet
  facet normal -0.923883 -0.382676 8.93223e-006
    outer loop
      vertex 11.6673 11.6673 0
      vertex 13.8728 6.34266 5.40791
      vertex 13.8523 6.39216 5.42227
    endloop
  endfacet
  facet normal -0.923879 -0.382684 -6.7702e-007
    outer loop
      vertex 11.6673 11.6673 0
      vertex 13.9776 6.08955 5.36452
      vertex 13.8728 6.34266 5.40791
    endloop
  endfacet
  facet normal -0.923876 -0.382691 -9.62232e-006
    outer loop
      vertex 11.6673 11.6673 0
      vertex 13.9988 6.03836 5.36161
      vertex 13.9776 6.08955 5.36452
    endloop
  endfacet
  facet normal -0.92388 -0.382682 1.55543e-006
    outer loop
      vertex 11.6673 11.6673 0
      vertex 14.0836 5.83363 5.35
      vertex 13.9988 6.03836 5.36161
    endloop
  endfacet
  facet normal -0.92388 -0.382684 0
    outer loop
      vertex 16.5 0 0
      vertex 14.0836 5.83363 5.35
      vertex 11.6673 11.6673 0
    endloop
  endfacet
  facet normal -0.923877 -0.382688 6.36779e-006
    outer loop
      vertex 14.0836 5.83363 5.35
      vertex 16.5 0 0
      vertex 14.1048 5.78245 5.3529
    endloop
  endfacet
  facet normal -0.92388 -0.382683 -5.78689e-007
    outer loop
      vertex 14.1048 5.78245 5.3529
      vertex 16.5 0 0
      vertex 14.1896 5.57772 5.36452
    endloop
  endfacet
  facet normal -0.923879 -0.382684 6.7702e-007
    outer loop
      vertex 14.1896 5.57772 5.36452
      vertex 16.5 0 0
      vertex 14.2945 5.3246 5.40791
    endloop
  endfacet
  facet normal -0.92388 -0.382683 -7.05455e-007
    outer loop
      vertex 14.2945 5.3246 5.40791
      vertex 16.5 0 0
      vertex 14.3765 5.12658 5.46534
    endloop
  endfacet
  facet normal -0.923882 -0.382678 -5.90831e-006
    outer loop
      vertex 14.3765 5.12658 5.46534
      vertex 16.5 0 0
      vertex 14.397 5.07707 5.4797
    endloop
  endfacet
  facet normal -0.92388 -0.382683 -6.30424e-007
    outer loop
      vertex 14.397 5.07707 5.4797
      vertex 16.5 0 0
      vertex 14.4763 4.88567 5.55922
    endloop
  endfacet
  facet normal -0.923876 -0.382691 7.75178e-006
    outer loop
      vertex 14.4763 4.88567 5.55922
      vertex 16.5 0 0
      vertex 14.4961 4.83782 5.5791
    endloop
  endfacet
  facet normal -0.923879 -0.382685 1.96964e-006
    outer loop
      vertex 14.4961 4.83782 5.5791
      vertex 16.5 0 0
      vertex 14.515 4.79216 5.60429
    endloop
  endfacet
  facet normal -0.92388 -0.382682 -1.8944e-006
    outer loop
      vertex 14.515 4.79216 5.60429
      vertex 16.5 0 0
      vertex 14.5907 4.60949 5.70503
    endloop
  endfacet
  facet normal -0.923879 -0.382684 -1.44625e-008
    outer loop
      vertex 14.5907 4.60949 5.70503
      vertex 16.5 0 0
      vertex 14.6619 4.43755 5.82589
    endloop
  endfacet
  facet normal -0.923879 -0.382684 3.55231e-007
    outer loop
      vertex 16.5 0 0
      vertex 14.9503 3.74127 6.62847
      vertex 14.9041 3.85293 6.44237
    endloop
  endfacet
  facet normal -0.923881 -0.382679 -2.83762e-006
    outer loop
      vertex 16.5 0 0
      vertex 14.9715 3.69009 6.72443
      vertex 14.9619 3.71336 6.675
    endloop
  endfacet
  facet normal -0.92388 -0.382682 -7.62429e-007
    outer loop
      vertex 15.0933 3.39608 7.7784
      vertex 16.5 0 0
      vertex 15.0977 3.38535 8
    endloop
  endfacet
  facet normal -0.92388 -0.382681 -1.13305e-006
    outer loop
      vertex 15.0922 3.39876 7.723
      vertex 16.5 0 0
      vertex 15.0933 3.39608 7.7784
    endloop
  endfacet
  facet normal -0.923879 -0.382684 2.90635e-007
    outer loop
      vertex 15.0756 3.43885 7.44903
      vertex 16.5 0 0
      vertex 15.0922 3.39876 7.723
    endloop
  endfacet
  facet normal -0.923876 -0.382691 4.20636e-006
    outer loop
      vertex 15.0701 3.45212 7.39545
      vertex 16.5 0 0
      vertex 15.0756 3.43885 7.44903
    endloop
  endfacet
  facet normal -0.92388 -0.382681 -1.16579e-006
    outer loop
      vertex 15.0481 3.50518 7.1811
      vertex 16.5 0 0
      vertex 15.0701 3.45212 7.39545
    endloop
  endfacet
  facet normal -0.923879 -0.382686 1.28054e-006
    outer loop
      vertex 15.0101 3.59702 6.92215
      vertex 16.5 0 0
      vertex 15.0481 3.50518 7.1811
    endloop
  endfacet
  facet normal -0.92388 -0.382683 -4.38997e-007
    outer loop
      vertex 14.9715 3.69009 6.72443
      vertex 16.5 0 0
      vertex 15.0101 3.59702 6.92215
    endloop
  endfacet
  facet normal -0.923881 -0.38268 -2.17731e-006
    outer loop
      vertex 14.9503 3.74127 6.62847
      vertex 16.5 0 0
      vertex 14.9619 3.71336 6.675
    endloop
  endfacet
  facet normal -0.923879 -0.382685 1.36042e-006
    outer loop
      vertex 14.8506 3.98195 6.26992
      vertex 16.5 0 0
      vertex 14.9041 3.85293 6.44237
    endloop
  endfacet
  facet normal -0.923881 -0.382679 -3.08823e-006
    outer loop
      vertex 14.8373 4.0142 6.2268
      vertex 16.5 0 0
      vertex 14.8506 3.98195 6.26992
    endloop
  endfacet
  facet normal -0.923879 -0.382685 9.71051e-007
    outer loop
      vertex 14.7772 4.15917 6.06989
      vertex 16.5 0 0
      vertex 14.8373 4.0142 6.2268
    endloop
  endfacet
  facet normal -0.923879 -0.382684 4.75826e-007
    outer loop
      vertex 14.7622 4.19541 6.03067
      vertex 16.5 0 0
      vertex 14.7772 4.15917 6.06989
    endloop
  endfacet
  facet normal -0.92388 -0.382683 -4.89565e-007
    outer loop
      vertex 14.7457 4.23524 5.99575
      vertex 16.5 0 0
      vertex 14.7622 4.19541 6.03067
    endloop
  endfacet
  facet normal -0.92388 -0.382682 -9.89227e-007
    outer loop
      vertex 14.6797 4.39457 5.8561
      vertex 16.5 0 0
      vertex 14.7457 4.23524 5.99575
    endloop
  endfacet
  facet normal -0.923878 -0.382688 3.58068e-006
    outer loop
      vertex 14.6619 4.43755 5.82589
      vertex 16.5 0 0
      vertex 14.6797 4.39457 5.8561
    endloop
  endfacet
  facet normal -0.923882 -0.382678 -2.62044e-006
    outer loop
      vertex 13.0706 8.27923 8.0554
      vertex 11.6673 11.6673 15.75
      vertex 13.0695 8.28191 8
    endloop
  endfacet
  facet normal -0.923878 -0.382688 2.44537e-006
    outer loop
      vertex 13.0751 8.2685 8.277
      vertex 11.6673 11.6673 15.75
      vertex 13.0706 8.27923 8.0554
    endloop
  endfacet
  facet normal -0.923881 -0.38268 -1.81256e-006
    outer loop
      vertex 13.0884 8.23643 8.49617
      vertex 11.6673 11.6673 15.75
      vertex 13.0751 8.2685 8.277
    endloop
  endfacet
  facet normal -0.923873 -0.382699 8.66965e-006
    outer loop
      vertex 13.0917 8.22841 8.55097
      vertex 11.6673 11.6673 15.75
      vertex 13.0884 8.23643 8.49617
    endloop
  endfacet
  facet normal -0.923881 -0.382679 -2.50778e-006
    outer loop
      vertex 13.1192 8.16208 8.81889
      vertex 11.6673 11.6673 15.75
      vertex 13.0917 8.22841 8.55097
    endloop
  endfacet
  facet normal -0.923878 -0.382687 2.13341e-006
    outer loop
      vertex 13.1572 8.07025 9.07785
      vertex 11.6673 11.6673 15.75
      vertex 13.1192 8.16208 8.81889
    endloop
  endfacet
  facet normal -0.92388 -0.382682 -9.58486e-007
    outer loop
      vertex 13.1957 7.97717 9.27557
      vertex 11.6673 11.6673 15.75
      vertex 13.1572 8.07025 9.07785
    endloop
  endfacet
  facet normal -0.923882 -0.382678 -3.90444e-006
    outer loop
      vertex 13.2054 7.9539 9.325
      vertex 11.6673 11.6673 15.75
      vertex 13.1957 7.97717 9.27557
    endloop
  endfacet
  facet normal -0.92388 -0.382683 -2.96096e-007
    outer loop
      vertex 13.2169 7.92599 9.37153
      vertex 11.6673 11.6673 15.75
      vertex 13.2054 7.9539 9.325
    endloop
  endfacet
  facet normal -0.923879 -0.382684 1.05452e-007
    outer loop
      vertex 13.2632 7.81433 9.55763
      vertex 11.6673 11.6673 15.75
      vertex 13.2169 7.92599 9.37153
    endloop
  endfacet
  facet normal -0.923879 -0.382685 1.14213e-006
    outer loop
      vertex 13.3166 7.68531 9.73008
      vertex 11.6673 11.6673 15.75
      vertex 13.2632 7.81433 9.55763
    endloop
  endfacet
  facet normal -0.923881 -0.382679 -3.1563e-006
    outer loop
      vertex 13.33 7.65306 9.7732
      vertex 11.6673 11.6673 15.75
      vertex 13.3166 7.68531 9.73008
    endloop
  endfacet
  facet normal -0.923879 -0.382684 5.0503e-007
    outer loop
      vertex 13.345 7.61682 9.81242
      vertex 11.6673 11.6673 15.75
      vertex 13.33 7.65306 9.7732
    endloop
  endfacet
  facet normal -0.923879 -0.382684 5.05028e-007
    outer loop
      vertex 13.4051 7.47185 9.96933
      vertex 11.6673 11.6673 15.75
      vertex 13.345 7.61682 9.81242
    endloop
  endfacet
  facet normal -0.92388 -0.382683 -4.83212e-007
    outer loop
      vertex 13.4711 7.31253 10.109
      vertex 11.6673 11.6673 15.75
      vertex 13.4051 7.47185 9.96933
    endloop
  endfacet
  facet normal -0.92388 -0.382683 -4.83212e-007
    outer loop
      vertex 13.4876 7.27269 10.1439
      vertex 11.6673 11.6673 15.75
      vertex 13.4711 7.31253 10.109
    endloop
  endfacet
  facet normal -0.923878 -0.382688 3.68363e-006
    outer loop
      vertex 13.5054 7.22971 10.1741
      vertex 11.6673 11.6673 15.75
      vertex 13.4876 7.27269 10.1439
    endloop
  endfacet
  facet normal -0.923879 -0.382684 -1.48783e-008
    outer loop
      vertex 13.5766 7.05777 10.295
      vertex 11.6673 11.6673 15.75
      vertex 13.5054 7.22971 10.1741
    endloop
  endfacet
  facet normal -0.923879 -0.382684 2.5075e-007
    outer loop
      vertex 13.6522 6.8751 10.3957
      vertex 11.6673 11.6673 15.75
      vertex 13.5766 7.05777 10.295
    endloop
  endfacet
  facet normal -0.923883 -0.382674 -9.61745e-006
    outer loop
      vertex 13.6712 6.82944 10.4209
      vertex 11.6673 11.6673 15.75
      vertex 13.6522 6.8751 10.3957
    endloop
  endfacet
  facet normal -0.923876 -0.382691 8.04064e-006
    outer loop
      vertex 13.691 6.78159 10.4408
      vertex 11.6673 11.6673 15.75
      vertex 13.6712 6.82944 10.4209
    endloop
  endfacet
  facet normal -0.923879 -0.382684 7.64211e-009
    outer loop
      vertex 13.7703 6.59019 10.5203
      vertex 11.6673 11.6673 15.75
      vertex 13.691 6.78159 10.4408
    endloop
  endfacet
  facet normal -0.92388 -0.382683 -8.58459e-008
    outer loop
      vertex 13.8523 6.39216 10.5777
      vertex 11.6673 11.6673 15.75
      vertex 13.7703 6.59019 10.5203
    endloop
  endfacet
  facet normal -0.923883 -0.382676 -9.26541e-006
    outer loop
      vertex 13.8728 6.34266 10.5921
      vertex 11.6673 11.6673 15.75
      vertex 13.8523 6.39216 10.5777
    endloop
  endfacet
  facet normal -0.923879 -0.382684 7.049e-007
    outer loop
      vertex 13.9776 6.08955 10.6355
      vertex 11.6673 11.6673 15.75
      vertex 13.8728 6.34266 10.5921
    endloop
  endfacet
  facet normal -0.923876 -0.382691 1.00654e-005
    outer loop
      vertex 13.9988 6.03836 10.6384
      vertex 11.6673 11.6673 15.75
      vertex 13.9776 6.08955 10.6355
    endloop
  endfacet
  facet normal -0.92388 -0.382682 -1.62703e-006
    outer loop
      vertex 14.0836 5.83363 10.65
      vertex 11.6673 11.6673 15.75
      vertex 13.9988 6.03836 10.6384
    endloop
  endfacet
  facet normal -0.923877 -0.382688 -6.66098e-006
    outer loop
      vertex 16.5 0 15.75
      vertex 14.0836 5.83363 10.65
      vertex 14.1048 5.78245 10.6471
    endloop
  endfacet
  facet normal -0.92388 -0.382683 6.05326e-007
    outer loop
      vertex 16.5 0 15.75
      vertex 14.1048 5.78245 10.6471
      vertex 14.1896 5.57772 10.6355
    endloop
  endfacet
  facet normal -0.923879 -0.382684 -7.049e-007
    outer loop
      vertex 16.5 0 15.75
      vertex 14.1896 5.57772 10.6355
      vertex 14.2945 5.3246 10.5921
    endloop
  endfacet
  facet normal -0.92388 -0.382683 7.3177e-007
    outer loop
      vertex 16.5 0 15.75
      vertex 14.2945 5.3246 10.5921
      vertex 14.3765 5.12658 10.5347
    endloop
  endfacet
  facet normal -0.923882 -0.382678 6.1287e-006
    outer loop
      vertex 16.5 0 15.75
      vertex 14.3765 5.12658 10.5347
      vertex 14.397 5.07707 10.5203
    endloop
  endfacet
  facet normal -0.92388 -0.382683 6.51899e-007
    outer loop
      vertex 16.5 0 15.75
      vertex 14.397 5.07707 10.5203
      vertex 14.4763 4.88567 10.4408
    endloop
  endfacet
  facet normal -0.923876 -0.382691 -8.01578e-006
    outer loop
      vertex 16.5 0 15.75
      vertex 14.4763 4.88567 10.4408
      vertex 14.4961 4.83782 10.4209
    endloop
  endfacet
  facet normal -0.923879 -0.382685 -2.03121e-006
    outer loop
      vertex 16.5 0 15.75
      vertex 14.4961 4.83782 10.4209
      vertex 14.515 4.79216 10.3957
    endloop
  endfacet
  facet normal -0.92388 -0.382682 1.95362e-006
    outer loop
      vertex 16.5 0 15.75
      vertex 14.515 4.79216 10.3957
      vertex 14.5907 4.60949 10.295
    endloop
  endfacet
  facet normal -0.923879 -0.382684 1.48783e-008
    outer loop
      vertex 16.5 0 15.75
      vertex 14.5907 4.60949 10.295
      vertex 14.6619 4.43755 10.1741
    endloop
  endfacet
  facet normal -0.923878 -0.382688 -3.68363e-006
    outer loop
      vertex 16.5 0 15.75
      vertex 14.6619 4.43755 10.1741
      vertex 14.6797 4.39457 10.1439
    endloop
  endfacet
  facet normal -0.923881 -0.38268 2.22046e-006
    outer loop
      vertex 16.5 0 15.75
      vertex 14.9503 3.74127 9.37153
      vertex 14.9619 3.71336 9.325
    endloop
  endfacet
  facet normal -0.92388 -0.382683 4.46665e-007
    outer loop
      vertex 16.5 0 15.75
      vertex 14.9715 3.69009 9.27557
      vertex 15.0101 3.59702 9.07785
    endloop
  endfacet
  facet normal -0.92388 -0.382683 -0
    outer loop
      vertex 16.5 0 15.75
      vertex 15.0977 3.38535 8
      vertex 16.5 0 0
    endloop
  endfacet
  facet normal -0.92388 -0.382682 7.64885e-007
    outer loop
      vertex 15.0977 3.38535 8
      vertex 16.5 0 15.75
      vertex 15.0933 3.39608 8.2216
    endloop
  endfacet
  facet normal -0.92388 -0.382681 1.13671e-006
    outer loop
      vertex 15.0933 3.39608 8.2216
      vertex 16.5 0 15.75
      vertex 15.0922 3.39876 8.277
    endloop
  endfacet
  facet normal -0.923879 -0.382684 -2.93002e-007
    outer loop
      vertex 15.0922 3.39876 8.277
      vertex 16.5 0 15.75
      vertex 15.0756 3.43885 8.55097
    endloop
  endfacet
  facet normal -0.923876 -0.382691 -4.25622e-006
    outer loop
      vertex 15.0756 3.43885 8.55097
      vertex 16.5 0 15.75
      vertex 15.0701 3.45212 8.60455
    endloop
  endfacet
  facet normal -0.92388 -0.382681 1.17961e-006
    outer loop
      vertex 15.0701 3.45212 8.60455
      vertex 16.5 0 15.75
      vertex 15.0481 3.50518 8.81889
    endloop
  endfacet
  facet normal -0.92388 -0.382684 0
    outer loop
      vertex 14.0836 5.83363 10.65
      vertex 16.5 0 15.75
      vertex 11.6673 11.6673 15.75
    endloop
  endfacet
  facet normal -0.92388 -0.382682 1.01538e-006
    outer loop
      vertex 14.7457 4.23524 10.0042
      vertex 16.5 0 15.75
      vertex 14.6797 4.39457 10.1439
    endloop
  endfacet
  facet normal -0.92388 -0.382683 5.02506e-007
    outer loop
      vertex 14.7622 4.19541 9.96933
      vertex 16.5 0 15.75
      vertex 14.7457 4.23524 10.0042
    endloop
  endfacet
  facet normal -0.923879 -0.382684 -4.87351e-007
    outer loop
      vertex 14.7772 4.15917 9.93011
      vertex 16.5 0 15.75
      vertex 14.7622 4.19541 9.96933
    endloop
  endfacet
  facet normal -0.923879 -0.382685 -9.9457e-007
    outer loop
      vertex 14.8373 4.0142 9.7732
      vertex 16.5 0 15.75
      vertex 14.7772 4.15917 9.93011
    endloop
  endfacet
  facet normal -0.923881 -0.382679 3.1563e-006
    outer loop
      vertex 14.8506 3.98195 9.73008
      vertex 16.5 0 15.75
      vertex 14.8373 4.0142 9.7732
    endloop
  endfacet
  facet normal -0.923879 -0.382685 -1.3904e-006
    outer loop
      vertex 14.9041 3.85293 9.55763
      vertex 16.5 0 15.75
      vertex 14.8506 3.98195 9.73008
    endloop
  endfacet
  facet normal -0.923879 -0.382684 -3.62272e-007
    outer loop
      vertex 14.9503 3.74127 9.37153
      vertex 16.5 0 15.75
      vertex 14.9041 3.85293 9.55763
    endloop
  endfacet
  facet normal -0.923881 -0.382679 2.88719e-006
    outer loop
      vertex 14.9715 3.69009 9.27557
      vertex 16.5 0 15.75
      vertex 14.9619 3.71336 9.325
    endloop
  endfacet
  facet normal -0.923879 -0.382686 -1.29958e-006
    outer loop
      vertex 15.0481 3.50518 8.81889
      vertex 16.5 0 15.75
      vertex 15.0101 3.59702 9.07785
    endloop
  endfacet
  facet normal 0.92388 -0.382684 0
    outer loop
      vertex -11.6673 11.6673 15.75
      vertex -13.0695 8.28191 8
      vertex -11.6673 11.6673 0
    endloop
  endfacet
  facet normal 0.923882 -0.382678 -2.62044e-006
    outer loop
      vertex -11.6673 11.6673 15.75
      vertex -13.0706 8.27923 8.0554
      vertex -13.0695 8.28191 8
    endloop
  endfacet
  facet normal 0.923878 -0.382688 2.44536e-006
    outer loop
      vertex -11.6673 11.6673 15.75
      vertex -13.0751 8.2685 8.277
      vertex -13.0706 8.27923 8.0554
    endloop
  endfacet
  facet normal 0.923881 -0.38268 -1.81256e-006
    outer loop
      vertex -11.6673 11.6673 15.75
      vertex -13.0884 8.23643 8.49617
      vertex -13.0751 8.2685 8.277
    endloop
  endfacet
  facet normal 0.923873 -0.382699 8.66965e-006
    outer loop
      vertex -11.6673 11.6673 15.75
      vertex -13.0917 8.22841 8.55097
      vertex -13.0884 8.23643 8.49617
    endloop
  endfacet
  facet normal 0.923881 -0.382679 -2.50778e-006
    outer loop
      vertex -11.6673 11.6673 15.75
      vertex -13.1192 8.16208 8.81889
      vertex -13.0917 8.22841 8.55097
    endloop
  endfacet
  facet normal 0.923878 -0.382687 2.13341e-006
    outer loop
      vertex -11.6673 11.6673 15.75
      vertex -13.1572 8.07025 9.07785
      vertex -13.1192 8.16208 8.81889
    endloop
  endfacet
  facet normal 0.92388 -0.382682 -9.58486e-007
    outer loop
      vertex -11.6673 11.6673 15.75
      vertex -13.1957 7.97717 9.27557
      vertex -13.1572 8.07025 9.07785
    endloop
  endfacet
  facet normal 0.923882 -0.382678 -3.90444e-006
    outer loop
      vertex -11.6673 11.6673 15.75
      vertex -13.2054 7.9539 9.325
      vertex -13.1957 7.97717 9.27557
    endloop
  endfacet
  facet normal 0.92388 -0.382683 -2.96096e-007
    outer loop
      vertex -11.6673 11.6673 15.75
      vertex -13.2169 7.92599 9.37153
      vertex -13.2054 7.9539 9.325
    endloop
  endfacet
  facet normal 0.923879 -0.382684 1.05452e-007
    outer loop
      vertex -11.6673 11.6673 15.75
      vertex -13.2632 7.81433 9.55763
      vertex -13.2169 7.92599 9.37153
    endloop
  endfacet
  facet normal 0.923879 -0.382685 1.14213e-006
    outer loop
      vertex -11.6673 11.6673 15.75
      vertex -13.3166 7.68531 9.73008
      vertex -13.2632 7.81433 9.55763
    endloop
  endfacet
  facet normal 0.923881 -0.382679 -3.1563e-006
    outer loop
      vertex -11.6673 11.6673 15.75
      vertex -13.33 7.65306 9.7732
      vertex -13.3166 7.68531 9.73008
    endloop
  endfacet
  facet normal 0.923879 -0.382684 5.0503e-007
    outer loop
      vertex -11.6673 11.6673 15.75
      vertex -13.345 7.61682 9.81242
      vertex -13.33 7.65306 9.7732
    endloop
  endfacet
  facet normal 0.923879 -0.382684 5.05028e-007
    outer loop
      vertex -11.6673 11.6673 15.75
      vertex -13.4051 7.47185 9.96933
      vertex -13.345 7.61682 9.81242
    endloop
  endfacet
  facet normal 0.92388 -0.382683 -4.83212e-007
    outer loop
      vertex -11.6673 11.6673 15.75
      vertex -13.4711 7.31253 10.109
      vertex -13.4051 7.47185 9.96933
    endloop
  endfacet
  facet normal 0.92388 -0.382683 -4.83212e-007
    outer loop
      vertex -11.6673 11.6673 15.75
      vertex -13.4876 7.27269 10.1439
      vertex -13.4711 7.31253 10.109
    endloop
  endfacet
  facet normal 0.923878 -0.382688 3.68363e-006
    outer loop
      vertex -11.6673 11.6673 15.75
      vertex -13.5054 7.22971 10.1741
      vertex -13.4876 7.27269 10.1439
    endloop
  endfacet
  facet normal 0.923879 -0.382684 -1.48783e-008
    outer loop
      vertex -11.6673 11.6673 15.75
      vertex -13.5766 7.05777 10.295
      vertex -13.5054 7.22971 10.1741
    endloop
  endfacet
  facet normal 0.923879 -0.382684 2.5075e-007
    outer loop
      vertex -11.6673 11.6673 15.75
      vertex -13.6522 6.8751 10.3957
      vertex -13.5766 7.05777 10.295
    endloop
  endfacet
  facet normal 0.923883 -0.382674 -9.61745e-006
    outer loop
      vertex -11.6673 11.6673 15.75
      vertex -13.6712 6.82944 10.4209
      vertex -13.6522 6.8751 10.3957
    endloop
  endfacet
  facet normal 0.923876 -0.382691 8.04064e-006
    outer loop
      vertex -11.6673 11.6673 15.75
      vertex -13.691 6.78159 10.4408
      vertex -13.6712 6.82944 10.4209
    endloop
  endfacet
  facet normal 0.923879 -0.382684 7.64211e-009
    outer loop
      vertex -11.6673 11.6673 15.75
      vertex -13.7703 6.59019 10.5203
      vertex -13.691 6.78159 10.4408
    endloop
  endfacet
  facet normal 0.92388 -0.382683 -8.58459e-008
    outer loop
      vertex -11.6673 11.6673 15.75
      vertex -13.8523 6.39216 10.5777
      vertex -13.7703 6.59019 10.5203
    endloop
  endfacet
  facet normal 0.923883 -0.382676 -9.26541e-006
    outer loop
      vertex -11.6673 11.6673 15.75
      vertex -13.8728 6.34266 10.5921
      vertex -13.8523 6.39216 10.5777
    endloop
  endfacet
  facet normal 0.923879 -0.382684 7.049e-007
    outer loop
      vertex -11.6673 11.6673 15.75
      vertex -13.9776 6.08955 10.6355
      vertex -13.8728 6.34266 10.5921
    endloop
  endfacet
  facet normal 0.923876 -0.382691 1.00654e-005
    outer loop
      vertex -11.6673 11.6673 15.75
      vertex -13.9988 6.03836 10.6384
      vertex -13.9776 6.08955 10.6355
    endloop
  endfacet
  facet normal 0.92388 -0.382682 -1.62703e-006
    outer loop
      vertex -11.6673 11.6673 15.75
      vertex -14.0836 5.83363 10.65
      vertex -13.9988 6.03836 10.6384
    endloop
  endfacet
  facet normal 0.92388 -0.382684 0
    outer loop
      vertex -16.5 0 15.75
      vertex -14.0836 5.83363 10.65
      vertex -11.6673 11.6673 15.75
    endloop
  endfacet
  facet normal 0.923877 -0.382688 -6.66098e-006
    outer loop
      vertex -14.0836 5.83363 10.65
      vertex -16.5 0 15.75
      vertex -14.1048 5.78245 10.6471
    endloop
  endfacet
  facet normal 0.92388 -0.382683 6.05326e-007
    outer loop
      vertex -14.1048 5.78245 10.6471
      vertex -16.5 0 15.75
      vertex -14.1896 5.57772 10.6355
    endloop
  endfacet
  facet normal 0.923879 -0.382684 -7.049e-007
    outer loop
      vertex -14.1896 5.57772 10.6355
      vertex -16.5 0 15.75
      vertex -14.2945 5.3246 10.5921
    endloop
  endfacet
  facet normal 0.92388 -0.382683 7.3177e-007
    outer loop
      vertex -14.2945 5.3246 10.5921
      vertex -16.5 0 15.75
      vertex -14.3765 5.12658 10.5347
    endloop
  endfacet
  facet normal 0.923882 -0.382678 6.1287e-006
    outer loop
      vertex -14.3765 5.12658 10.5347
      vertex -16.5 0 15.75
      vertex -14.397 5.07707 10.5203
    endloop
  endfacet
  facet normal 0.92388 -0.382683 6.51899e-007
    outer loop
      vertex -14.397 5.07707 10.5203
      vertex -16.5 0 15.75
      vertex -14.4763 4.88567 10.4408
    endloop
  endfacet
  facet normal 0.923876 -0.382691 -8.01578e-006
    outer loop
      vertex -14.4763 4.88567 10.4408
      vertex -16.5 0 15.75
      vertex -14.4961 4.83782 10.4209
    endloop
  endfacet
  facet normal 0.923879 -0.382685 -2.03121e-006
    outer loop
      vertex -14.4961 4.83782 10.4209
      vertex -16.5 0 15.75
      vertex -14.515 4.79216 10.3957
    endloop
  endfacet
  facet normal 0.92388 -0.382682 1.95362e-006
    outer loop
      vertex -14.515 4.79216 10.3957
      vertex -16.5 0 15.75
      vertex -14.5907 4.60949 10.295
    endloop
  endfacet
  facet normal 0.923879 -0.382684 1.48783e-008
    outer loop
      vertex -14.5907 4.60949 10.295
      vertex -16.5 0 15.75
      vertex -14.6619 4.43755 10.1741
    endloop
  endfacet
  facet normal 0.923879 -0.382684 -3.62272e-007
    outer loop
      vertex -16.5 0 15.75
      vertex -14.9503 3.74127 9.37153
      vertex -14.9041 3.85293 9.55763
    endloop
  endfacet
  facet normal 0.923881 -0.382679 2.88719e-006
    outer loop
      vertex -16.5 0 15.75
      vertex -14.9715 3.69009 9.27557
      vertex -14.9619 3.71336 9.325
    endloop
  endfacet
  facet normal 0.92388 -0.382682 7.64882e-007
    outer loop
      vertex -15.0933 3.39608 8.2216
      vertex -16.5 0 15.75
      vertex -15.0977 3.38535 8
    endloop
  endfacet
  facet normal 0.92388 -0.382681 1.13671e-006
    outer loop
      vertex -15.0922 3.39876 8.277
      vertex -16.5 0 15.75
      vertex -15.0933 3.39608 8.2216
    endloop
  endfacet
  facet normal 0.923879 -0.382684 -2.93002e-007
    outer loop
      vertex -15.0756 3.43885 8.55097
      vertex -16.5 0 15.75
      vertex -15.0922 3.39876 8.277
    endloop
  endfacet
  facet normal 0.923876 -0.382691 -4.25622e-006
    outer loop
      vertex -15.0701 3.45212 8.60455
      vertex -16.5 0 15.75
      vertex -15.0756 3.43885 8.55097
    endloop
  endfacet
  facet normal 0.92388 -0.382681 1.17961e-006
    outer loop
      vertex -15.0481 3.50518 8.81889
      vertex -16.5 0 15.75
      vertex -15.0701 3.45212 8.60455
    endloop
  endfacet
  facet normal 0.923879 -0.382686 -1.29958e-006
    outer loop
      vertex -15.0101 3.59702 9.07785
      vertex -16.5 0 15.75
      vertex -15.0481 3.50518 8.81889
    endloop
  endfacet
  facet normal 0.92388 -0.382683 4.46665e-007
    outer loop
      vertex -14.9715 3.69009 9.27557
      vertex -16.5 0 15.75
      vertex -15.0101 3.59702 9.07785
    endloop
  endfacet
  facet normal 0.923881 -0.38268 2.22046e-006
    outer loop
      vertex -14.9503 3.74127 9.37153
      vertex -16.5 0 15.75
      vertex -14.9619 3.71336 9.325
    endloop
  endfacet
  facet normal 0.923879 -0.382685 -1.3904e-006
    outer loop
      vertex -14.8506 3.98195 9.73008
      vertex -16.5 0 15.75
      vertex -14.9041 3.85293 9.55763
    endloop
  endfacet
  facet normal 0.923881 -0.382679 3.1563e-006
    outer loop
      vertex -14.8373 4.0142 9.7732
      vertex -16.5 0 15.75
      vertex -14.8506 3.98195 9.73008
    endloop
  endfacet
  facet normal 0.923879 -0.382685 -9.9457e-007
    outer loop
      vertex -14.7772 4.15917 9.93011
      vertex -16.5 0 15.75
      vertex -14.8373 4.0142 9.7732
    endloop
  endfacet
  facet normal 0.923879 -0.382684 -4.87351e-007
    outer loop
      vertex -14.7622 4.19541 9.96933
      vertex -16.5 0 15.75
      vertex -14.7772 4.15917 9.93011
    endloop
  endfacet
  facet normal 0.92388 -0.382683 5.02506e-007
    outer loop
      vertex -14.7457 4.23524 10.0042
      vertex -16.5 0 15.75
      vertex -14.7622 4.19541 9.96933
    endloop
  endfacet
  facet normal 0.92388 -0.382682 1.01538e-006
    outer loop
      vertex -14.6797 4.39457 10.1439
      vertex -16.5 0 15.75
      vertex -14.7457 4.23524 10.0042
    endloop
  endfacet
  facet normal 0.923878 -0.382688 -3.68363e-006
    outer loop
      vertex -14.6619 4.43755 10.1741
      vertex -16.5 0 15.75
      vertex -14.6797 4.39457 10.1439
    endloop
  endfacet
  facet normal 0.923882 -0.382678 2.61203e-006
    outer loop
      vertex -13.0706 8.27923 7.9446
      vertex -11.6673 11.6673 0
      vertex -13.0695 8.28191 8
    endloop
  endfacet
  facet normal 0.923877 -0.382688 -2.43753e-006
    outer loop
      vertex -13.0751 8.2685 7.723
      vertex -11.6673 11.6673 0
      vertex -13.0706 8.27923 7.9446
    endloop
  endfacet
  facet normal 0.923881 -0.38268 1.79791e-006
    outer loop
      vertex -13.0884 8.23643 7.50383
      vertex -11.6673 11.6673 0
      vertex -13.0751 8.2685 7.723
    endloop
  endfacet
  facet normal 0.923873 -0.3827 -8.59968e-006
    outer loop
      vertex -13.0917 8.22841 7.44903
      vertex -11.6673 11.6673 0
      vertex -13.0884 8.23643 7.50383
    endloop
  endfacet
  facet normal 0.923881 -0.382679 2.47841e-006
    outer loop
      vertex -13.1192 8.16208 7.1811
      vertex -11.6673 11.6673 0
      vertex -13.0917 8.22841 7.44903
    endloop
  endfacet
  facet normal 0.923878 -0.382687 -2.10215e-006
    outer loop
      vertex -13.1572 8.07025 6.92215
      vertex -11.6673 11.6673 0
      vertex -13.1192 8.16208 7.1811
    endloop
  endfacet
  facet normal 0.92388 -0.382682 9.42033e-007
    outer loop
      vertex -13.1957 7.97717 6.72443
      vertex -11.6673 11.6673 0
      vertex -13.1572 8.07025 6.92215
    endloop
  endfacet
  facet normal 0.923882 -0.382678 3.83742e-006
    outer loop
      vertex -13.2054 7.9539 6.675
      vertex -11.6673 11.6673 0
      vertex -13.1957 7.97717 6.72443
    endloop
  endfacet
  facet normal 0.92388 -0.382683 2.90342e-007
    outer loop
      vertex -13.2169 7.92599 6.62847
      vertex -11.6673 11.6673 0
      vertex -13.2054 7.9539 6.675
    endloop
  endfacet
  facet normal 0.923879 -0.382684 -1.03402e-007
    outer loop
      vertex -13.2632 7.81433 6.44237
      vertex -11.6673 11.6673 0
      vertex -13.2169 7.92599 6.62847
    endloop
  endfacet
  facet normal 0.923879 -0.382685 -1.1175e-006
    outer loop
      vertex -13.3166 7.68531 6.26992
      vertex -11.6673 11.6673 0
      vertex -13.2632 7.81433 6.44237
    endloop
  endfacet
  facet normal 0.923881 -0.382679 3.08823e-006
    outer loop
      vertex -13.33 7.65306 6.2268
      vertex -11.6673 11.6673 0
      vertex -13.3166 7.68531 6.26992
    endloop
  endfacet
  facet normal 0.923879 -0.382684 -4.93087e-007
    outer loop
      vertex -13.345 7.61682 6.18758
      vertex -11.6673 11.6673 0
      vertex -13.33 7.65306 6.2268
    endloop
  endfacet
  facet normal 0.923879 -0.382684 -4.93086e-007
    outer loop
      vertex -13.4051 7.47185 6.03067
      vertex -11.6673 11.6673 0
      vertex -13.345 7.61682 6.18758
    endloop
  endfacet
  facet normal 0.92388 -0.382683 4.70769e-007
    outer loop
      vertex -13.4711 7.31253 5.89102
      vertex -11.6673 11.6673 0
      vertex -13.4051 7.47185 6.03067
    endloop
  endfacet
  facet normal 0.92388 -0.382683 4.70769e-007
    outer loop
      vertex -13.4876 7.27269 5.8561
      vertex -11.6673 11.6673 0
      vertex -13.4711 7.31253 5.89102
    endloop
  endfacet
  facet normal 0.923878 -0.382688 -3.58068e-006
    outer loop
      vertex -13.5054 7.22971 5.82589
      vertex -11.6673 11.6673 0
      vertex -13.4876 7.27269 5.8561
    endloop
  endfacet
  facet normal 0.923879 -0.382684 1.44625e-008
    outer loop
      vertex -13.5766 7.05777 5.70503
      vertex -11.6673 11.6673 0
      vertex -13.5054 7.22971 5.82589
    endloop
  endfacet
  facet normal 0.923879 -0.382684 -2.43149e-007
    outer loop
      vertex -13.6522 6.8751 5.60429
      vertex -11.6673 11.6673 0
      vertex -13.5766 7.05777 5.70503
    endloop
  endfacet
  facet normal 0.923883 -0.382674 9.32592e-006
    outer loop
      vertex -13.6712 6.82944 5.5791
      vertex -11.6673 11.6673 0
      vertex -13.6522 6.8751 5.60429
    endloop
  endfacet
  facet normal 0.923876 -0.382691 -7.77582e-006
    outer loop
      vertex -13.691 6.78159 5.55922
      vertex -11.6673 11.6673 0
      vertex -13.6712 6.82944 5.5791
    endloop
  endfacet
  facet normal 0.923879 -0.382684 -7.39035e-009
    outer loop
      vertex -13.7703 6.59019 5.4797
      vertex -11.6673 11.6673 0
      vertex -13.691 6.78159 5.55922
    endloop
  endfacet
  facet normal 0.92388 -0.382683 8.27589e-008
    outer loop
      vertex -13.8523 6.39216 5.42227
      vertex -11.6673 11.6673 0
      vertex -13.7703 6.59019 5.4797
    endloop
  endfacet
  facet normal 0.923883 -0.382676 8.93223e-006
    outer loop
      vertex -13.8728 6.34266 5.40791
      vertex -11.6673 11.6673 0
      vertex -13.8523 6.39216 5.42227
    endloop
  endfacet
  facet normal 0.923879 -0.382684 -6.7702e-007
    outer loop
      vertex -13.9776 6.08955 5.36452
      vertex -11.6673 11.6673 0
      vertex -13.8728 6.34266 5.40791
    endloop
  endfacet
  facet normal 0.923876 -0.382691 -9.62232e-006
    outer loop
      vertex -13.9988 6.03836 5.36161
      vertex -11.6673 11.6673 0
      vertex -13.9776 6.08955 5.36452
    endloop
  endfacet
  facet normal 0.92388 -0.382682 1.55543e-006
    outer loop
      vertex -14.0836 5.83363 5.35
      vertex -11.6673 11.6673 0
      vertex -13.9988 6.03836 5.36161
    endloop
  endfacet
  facet normal 0.923877 -0.382688 6.36779e-006
    outer loop
      vertex -16.5 0 0
      vertex -14.0836 5.83363 5.35
      vertex -14.1048 5.78245 5.3529
    endloop
  endfacet
  facet normal 0.92388 -0.382683 -5.78689e-007
    outer loop
      vertex -16.5 0 0
      vertex -14.1048 5.78245 5.3529
      vertex -14.1896 5.57772 5.36452
    endloop
  endfacet
  facet normal 0.923879 -0.382684 6.7702e-007
    outer loop
      vertex -16.5 0 0
      vertex -14.1896 5.57772 5.36452
      vertex -14.2945 5.3246 5.40791
    endloop
  endfacet
  facet normal 0.92388 -0.382683 -7.05455e-007
    outer loop
      vertex -16.5 0 0
      vertex -14.2945 5.3246 5.40791
      vertex -14.3765 5.12658 5.46534
    endloop
  endfacet
  facet normal 0.923882 -0.382678 -5.90831e-006
    outer loop
      vertex -16.5 0 0
      vertex -14.3765 5.12658 5.46534
      vertex -14.397 5.07707 5.4797
    endloop
  endfacet
  facet normal 0.92388 -0.382683 -6.30424e-007
    outer loop
      vertex -16.5 0 0
      vertex -14.397 5.07707 5.4797
      vertex -14.4763 4.88567 5.55922
    endloop
  endfacet
  facet normal 0.923876 -0.382691 7.75178e-006
    outer loop
      vertex -16.5 0 0
      vertex -14.4763 4.88567 5.55922
      vertex -14.4961 4.83782 5.5791
    endloop
  endfacet
  facet normal 0.923879 -0.382685 1.96964e-006
    outer loop
      vertex -16.5 0 0
      vertex -14.4961 4.83782 5.5791
      vertex -14.515 4.79216 5.60429
    endloop
  endfacet
  facet normal 0.92388 -0.382682 -1.8944e-006
    outer loop
      vertex -16.5 0 0
      vertex -14.515 4.79216 5.60429
      vertex -14.5907 4.60949 5.70503
    endloop
  endfacet
  facet normal 0.923879 -0.382684 -1.44625e-008
    outer loop
      vertex -16.5 0 0
      vertex -14.5907 4.60949 5.70503
      vertex -14.6619 4.43755 5.82589
    endloop
  endfacet
  facet normal 0.923878 -0.382688 3.58068e-006
    outer loop
      vertex -16.5 0 0
      vertex -14.6619 4.43755 5.82589
      vertex -14.6797 4.39457 5.8561
    endloop
  endfacet
  facet normal 0.923881 -0.38268 -2.17731e-006
    outer loop
      vertex -16.5 0 0
      vertex -14.9503 3.74127 6.62847
      vertex -14.9619 3.71336 6.675
    endloop
  endfacet
  facet normal 0.92388 -0.382683 -4.38997e-007
    outer loop
      vertex -16.5 0 0
      vertex -14.9715 3.69009 6.72443
      vertex -15.0101 3.59702 6.92215
    endloop
  endfacet
  facet normal 0.92388 -0.382683 0
    outer loop
      vertex -16.5 0 0
      vertex -15.0977 3.38535 8
      vertex -16.5 0 15.75
    endloop
  endfacet
  facet normal 0.92388 -0.382682 -7.62431e-007
    outer loop
      vertex -15.0977 3.38535 8
      vertex -16.5 0 0
      vertex -15.0933 3.39608 7.7784
    endloop
  endfacet
  facet normal 0.92388 -0.382681 -1.13306e-006
    outer loop
      vertex -15.0933 3.39608 7.7784
      vertex -16.5 0 0
      vertex -15.0922 3.39876 7.723
    endloop
  endfacet
  facet normal 0.923879 -0.382684 2.90635e-007
    outer loop
      vertex -15.0922 3.39876 7.723
      vertex -16.5 0 0
      vertex -15.0756 3.43885 7.44903
    endloop
  endfacet
  facet normal 0.923876 -0.382691 4.20636e-006
    outer loop
      vertex -15.0756 3.43885 7.44903
      vertex -16.5 0 0
      vertex -15.0701 3.45212 7.39545
    endloop
  endfacet
  facet normal 0.92388 -0.382681 -1.16579e-006
    outer loop
      vertex -15.0701 3.45212 7.39545
      vertex -16.5 0 0
      vertex -15.0481 3.50518 7.1811
    endloop
  endfacet
  facet normal 0.92388 -0.382684 0
    outer loop
      vertex -14.0836 5.83363 5.35
      vertex -16.5 0 0
      vertex -11.6673 11.6673 0
    endloop
  endfacet
  facet normal 0.92388 -0.382682 -9.89227e-007
    outer loop
      vertex -14.7457 4.23524 5.99575
      vertex -16.5 0 0
      vertex -14.6797 4.39457 5.8561
    endloop
  endfacet
  facet normal 0.92388 -0.382683 -4.89565e-007
    outer loop
      vertex -14.7622 4.19541 6.03067
      vertex -16.5 0 0
      vertex -14.7457 4.23524 5.99575
    endloop
  endfacet
  facet normal 0.923879 -0.382684 4.75826e-007
    outer loop
      vertex -14.7772 4.15917 6.06989
      vertex -16.5 0 0
      vertex -14.7622 4.19541 6.03067
    endloop
  endfacet
  facet normal 0.923879 -0.382685 9.71051e-007
    outer loop
      vertex -14.8373 4.0142 6.2268
      vertex -16.5 0 0
      vertex -14.7772 4.15917 6.06989
    endloop
  endfacet
  facet normal 0.923881 -0.382679 -3.08823e-006
    outer loop
      vertex -14.8506 3.98195 6.26992
      vertex -16.5 0 0
      vertex -14.8373 4.0142 6.2268
    endloop
  endfacet
  facet normal 0.923879 -0.382685 1.36042e-006
    outer loop
      vertex -14.9041 3.85293 6.44237
      vertex -16.5 0 0
      vertex -14.8506 3.98195 6.26992
    endloop
  endfacet
  facet normal 0.923879 -0.382684 3.55231e-007
    outer loop
      vertex -14.9503 3.74127 6.62847
      vertex -16.5 0 0
      vertex -14.9041 3.85293 6.44237
    endloop
  endfacet
  facet normal 0.923881 -0.382679 -2.83762e-006
    outer loop
      vertex -14.9715 3.69009 6.72443
      vertex -16.5 0 0
      vertex -14.9619 3.71336 6.675
    endloop
  endfacet
  facet normal 0.923879 -0.382686 1.28054e-006
    outer loop
      vertex -15.0481 3.50518 7.1811
      vertex -16.5 0 0
      vertex -15.0101 3.59702 6.92215
    endloop
  endfacet
  facet normal -0.382684 -0.92388 0
    outer loop
      vertex 0 16.5 15.75
      vertex 5.83363 14.0836 10.65
      vertex 11.6673 11.6673 15.75
    endloop
  endfacet
  facet normal -0.382688 -0.923877 -6.66098e-006
    outer loop
      vertex 0 16.5 15.75
      vertex 5.78245 14.1048 10.6471
      vertex 5.83363 14.0836 10.65
    endloop
  endfacet
  facet normal -0.382683 -0.92388 6.05326e-007
    outer loop
      vertex 0 16.5 15.75
      vertex 5.57772 14.1896 10.6355
      vertex 5.78245 14.1048 10.6471
    endloop
  endfacet
  facet normal -0.382684 -0.923879 -7.049e-007
    outer loop
      vertex 0 16.5 15.75
      vertex 5.3246 14.2945 10.5921
      vertex 5.57772 14.1896 10.6355
    endloop
  endfacet
  facet normal -0.382683 -0.92388 7.3177e-007
    outer loop
      vertex 0 16.5 15.75
      vertex 5.12658 14.3765 10.5347
      vertex 5.3246 14.2945 10.5921
    endloop
  endfacet
  facet normal -0.382678 -0.923882 6.1287e-006
    outer loop
      vertex 0 16.5 15.75
      vertex 5.07707 14.397 10.5203
      vertex 5.12658 14.3765 10.5347
    endloop
  endfacet
  facet normal -0.382683 -0.92388 6.51899e-007
    outer loop
      vertex 0 16.5 15.75
      vertex 4.88567 14.4763 10.4408
      vertex 5.07707 14.397 10.5203
    endloop
  endfacet
  facet normal -0.382691 -0.923876 -8.01578e-006
    outer loop
      vertex 0 16.5 15.75
      vertex 4.83782 14.4961 10.4209
      vertex 4.88567 14.4763 10.4408
    endloop
  endfacet
  facet normal -0.382685 -0.923879 -2.03121e-006
    outer loop
      vertex 0 16.5 15.75
      vertex 4.79216 14.515 10.3957
      vertex 4.83782 14.4961 10.4209
    endloop
  endfacet
  facet normal -0.382682 -0.92388 1.95362e-006
    outer loop
      vertex 0 16.5 15.75
      vertex 4.60949 14.5907 10.295
      vertex 4.79216 14.515 10.3957
    endloop
  endfacet
  facet normal -0.382684 -0.923879 1.48783e-008
    outer loop
      vertex 0 16.5 15.75
      vertex 4.43755 14.6619 10.1741
      vertex 4.60949 14.5907 10.295
    endloop
  endfacet
  facet normal -0.382688 -0.923878 -3.68363e-006
    outer loop
      vertex 0 16.5 15.75
      vertex 4.39457 14.6797 10.1439
      vertex 4.43755 14.6619 10.1741
    endloop
  endfacet
  facet normal -0.382682 -0.92388 1.01538e-006
    outer loop
      vertex 0 16.5 15.75
      vertex 4.23524 14.7457 10.0042
      vertex 4.39457 14.6797 10.1439
    endloop
  endfacet
  facet normal -0.382683 -0.92388 5.02506e-007
    outer loop
      vertex 0 16.5 15.75
      vertex 4.19541 14.7622 9.96933
      vertex 4.23524 14.7457 10.0042
    endloop
  endfacet
  facet normal -0.382684 -0.923879 -4.87351e-007
    outer loop
      vertex 0 16.5 15.75
      vertex 4.15917 14.7772 9.93011
      vertex 4.19541 14.7622 9.96933
    endloop
  endfacet
  facet normal -0.382685 -0.923879 -9.9457e-007
    outer loop
      vertex 0 16.5 15.75
      vertex 4.0142 14.8373 9.7732
      vertex 4.15917 14.7772 9.93011
    endloop
  endfacet
  facet normal -0.382679 -0.923881 3.1563e-006
    outer loop
      vertex 0 16.5 15.75
      vertex 3.98195 14.8506 9.73008
      vertex 4.0142 14.8373 9.7732
    endloop
  endfacet
  facet normal -0.382685 -0.923879 -1.3904e-006
    outer loop
      vertex 0 16.5 15.75
      vertex 3.85293 14.9041 9.55763
      vertex 3.98195 14.8506 9.73008
    endloop
  endfacet
  facet normal -0.382684 -0.923879 -3.62272e-007
    outer loop
      vertex 0 16.5 15.75
      vertex 3.74127 14.9503 9.37153
      vertex 3.85293 14.9041 9.55763
    endloop
  endfacet
  facet normal -0.38268 -0.923881 2.22046e-006
    outer loop
      vertex 0 16.5 15.75
      vertex 3.71336 14.9619 9.325
      vertex 3.74127 14.9503 9.37153
    endloop
  endfacet
  facet normal -0.382679 -0.923881 2.88719e-006
    outer loop
      vertex 0 16.5 15.75
      vertex 3.69009 14.9715 9.27557
      vertex 3.71336 14.9619 9.325
    endloop
  endfacet
  facet normal -0.382683 -0.92388 4.46665e-007
    outer loop
      vertex 0 16.5 15.75
      vertex 3.59702 15.0101 9.07785
      vertex 3.69009 14.9715 9.27557
    endloop
  endfacet
  facet normal -0.382686 -0.923879 -1.29958e-006
    outer loop
      vertex 0 16.5 15.75
      vertex 3.50518 15.0481 8.81889
      vertex 3.59702 15.0101 9.07785
    endloop
  endfacet
  facet normal -0.382681 -0.92388 1.17961e-006
    outer loop
      vertex 0 16.5 15.75
      vertex 3.45212 15.0701 8.60455
      vertex 3.50518 15.0481 8.81889
    endloop
  endfacet
  facet normal -0.382691 -0.923876 -4.25622e-006
    outer loop
      vertex 0 16.5 15.75
      vertex 3.43885 15.0756 8.55097
      vertex 3.45212 15.0701 8.60455
    endloop
  endfacet
  facet normal -0.382684 -0.923879 -2.93002e-007
    outer loop
      vertex 0 16.5 15.75
      vertex 3.39876 15.0922 8.277
      vertex 3.43885 15.0756 8.55097
    endloop
  endfacet
  facet normal -0.382681 -0.92388 1.13671e-006
    outer loop
      vertex 0 16.5 15.75
      vertex 3.39608 15.0933 8.2216
      vertex 3.39876 15.0922 8.277
    endloop
  endfacet
  facet normal -0.382682 -0.92388 7.64882e-007
    outer loop
      vertex 0 16.5 15.75
      vertex 3.38535 15.0977 8
      vertex 3.39608 15.0933 8.2216
    endloop
  endfacet
  facet normal -0.382683 -0.92388 0
    outer loop
      vertex 0 16.5 0
      vertex 3.38535 15.0977 8
      vertex 0 16.5 15.75
    endloop
  endfacet
  facet normal -0.382682 -0.92388 -7.62431e-007
    outer loop
      vertex 3.38535 15.0977 8
      vertex 0 16.5 0
      vertex 3.39608 15.0933 7.7784
    endloop
  endfacet
  facet normal -0.382681 -0.92388 -1.13306e-006
    outer loop
      vertex 3.39608 15.0933 7.7784
      vertex 0 16.5 0
      vertex 3.39876 15.0922 7.723
    endloop
  endfacet
  facet normal -0.382684 -0.923879 2.90635e-007
    outer loop
      vertex 3.39876 15.0922 7.723
      vertex 0 16.5 0
      vertex 3.43885 15.0756 7.44903
    endloop
  endfacet
  facet normal -0.382691 -0.923876 4.20636e-006
    outer loop
      vertex 3.43885 15.0756 7.44903
      vertex 0 16.5 0
      vertex 3.45212 15.0701 7.39545
    endloop
  endfacet
  facet normal -0.382681 -0.92388 -1.16579e-006
    outer loop
      vertex 3.45212 15.0701 7.39545
      vertex 0 16.5 0
      vertex 3.50518 15.0481 7.1811
    endloop
  endfacet
  facet normal -0.382683 -0.92388 -4.38997e-007
    outer loop
      vertex 0 16.5 0
      vertex 3.69009 14.9715 6.72443
      vertex 3.59702 15.0101 6.92215
    endloop
  endfacet
  facet normal -0.38268 -0.923881 -2.17731e-006
    outer loop
      vertex 0 16.5 0
      vertex 3.74127 14.9503 6.62847
      vertex 3.71336 14.9619 6.675
    endloop
  endfacet
  facet normal -0.382688 -0.923878 3.58068e-006
    outer loop
      vertex 0 16.5 0
      vertex 4.43755 14.6619 5.82589
      vertex 4.39457 14.6797 5.8561
    endloop
  endfacet
  facet normal -0.382683 -0.92388 -5.78689e-007
    outer loop
      vertex 0 16.5 0
      vertex 5.78245 14.1048 5.3529
      vertex 5.57772 14.1896 5.36452
    endloop
  endfacet
  facet normal -0.382688 -0.923877 6.36779e-006
    outer loop
      vertex 5.78245 14.1048 5.3529
      vertex 0 16.5 0
      vertex 5.83363 14.0836 5.35
    endloop
  endfacet
  facet normal -0.382684 -0.923879 6.7702e-007
    outer loop
      vertex 5.3246 14.2945 5.40791
      vertex 0 16.5 0
      vertex 5.57772 14.1896 5.36452
    endloop
  endfacet
  facet normal -0.382683 -0.92388 -7.05455e-007
    outer loop
      vertex 5.12658 14.3765 5.46534
      vertex 0 16.5 0
      vertex 5.3246 14.2945 5.40791
    endloop
  endfacet
  facet normal -0.382678 -0.923882 -5.90831e-006
    outer loop
      vertex 5.07707 14.397 5.4797
      vertex 0 16.5 0
      vertex 5.12658 14.3765 5.46534
    endloop
  endfacet
  facet normal -0.382683 -0.92388 -6.30424e-007
    outer loop
      vertex 4.88567 14.4763 5.55922
      vertex 0 16.5 0
      vertex 5.07707 14.397 5.4797
    endloop
  endfacet
  facet normal -0.382691 -0.923876 7.75178e-006
    outer loop
      vertex 4.83782 14.4961 5.5791
      vertex 0 16.5 0
      vertex 4.88567 14.4763 5.55922
    endloop
  endfacet
  facet normal -0.382685 -0.923879 1.96964e-006
    outer loop
      vertex 4.79216 14.515 5.60429
      vertex 0 16.5 0
      vertex 4.83782 14.4961 5.5791
    endloop
  endfacet
  facet normal -0.382682 -0.92388 -1.8944e-006
    outer loop
      vertex 4.60949 14.5907 5.70503
      vertex 0 16.5 0
      vertex 4.79216 14.515 5.60429
    endloop
  endfacet
  facet normal -0.382684 -0.923879 -1.44625e-008
    outer loop
      vertex 4.43755 14.6619 5.82589
      vertex 0 16.5 0
      vertex 4.60949 14.5907 5.70503
    endloop
  endfacet
  facet normal -0.382682 -0.92388 -9.89227e-007
    outer loop
      vertex 4.23524 14.7457 5.99575
      vertex 0 16.5 0
      vertex 4.39457 14.6797 5.8561
    endloop
  endfacet
  facet normal -0.382683 -0.92388 -4.89565e-007
    outer loop
      vertex 4.19541 14.7622 6.03067
      vertex 0 16.5 0
      vertex 4.23524 14.7457 5.99575
    endloop
  endfacet
  facet normal -0.382684 -0.923879 4.75826e-007
    outer loop
      vertex 4.15917 14.7772 6.06989
      vertex 0 16.5 0
      vertex 4.19541 14.7622 6.03067
    endloop
  endfacet
  facet normal -0.382685 -0.923879 9.71051e-007
    outer loop
      vertex 4.0142 14.8373 6.2268
      vertex 0 16.5 0
      vertex 4.15917 14.7772 6.06989
    endloop
  endfacet
  facet normal -0.382679 -0.923881 -3.08823e-006
    outer loop
      vertex 3.98195 14.8506 6.26992
      vertex 0 16.5 0
      vertex 4.0142 14.8373 6.2268
    endloop
  endfacet
  facet normal -0.382685 -0.923879 1.36042e-006
    outer loop
      vertex 3.85293 14.9041 6.44237
      vertex 0 16.5 0
      vertex 3.98195 14.8506 6.26992
    endloop
  endfacet
  facet normal -0.382684 -0.923879 3.55231e-007
    outer loop
      vertex 3.74127 14.9503 6.62847
      vertex 0 16.5 0
      vertex 3.85293 14.9041 6.44237
    endloop
  endfacet
  facet normal -0.382679 -0.923881 -2.83762e-006
    outer loop
      vertex 3.69009 14.9715 6.72443
      vertex 0 16.5 0
      vertex 3.71336 14.9619 6.675
    endloop
  endfacet
  facet normal -0.382686 -0.923879 1.28054e-006
    outer loop
      vertex 3.50518 15.0481 7.1811
      vertex 0 16.5 0
      vertex 3.59702 15.0101 6.92215
    endloop
  endfacet
  facet normal -0.382682 -0.92388 -1.62703e-006
    outer loop
      vertex 6.03836 13.9988 10.6384
      vertex 11.6673 11.6673 15.75
      vertex 5.83363 14.0836 10.65
    endloop
  endfacet
  facet normal -0.382691 -0.923876 1.00654e-005
    outer loop
      vertex 6.08955 13.9776 10.6355
      vertex 11.6673 11.6673 15.75
      vertex 6.03836 13.9988 10.6384
    endloop
  endfacet
  facet normal -0.382684 -0.923879 7.049e-007
    outer loop
      vertex 6.34266 13.8728 10.5921
      vertex 11.6673 11.6673 15.75
      vertex 6.08955 13.9776 10.6355
    endloop
  endfacet
  facet normal -0.382676 -0.923883 -9.26541e-006
    outer loop
      vertex 6.39216 13.8523 10.5777
      vertex 11.6673 11.6673 15.75
      vertex 6.34266 13.8728 10.5921
    endloop
  endfacet
  facet normal -0.382683 -0.92388 -8.58459e-008
    outer loop
      vertex 6.59019 13.7703 10.5203
      vertex 11.6673 11.6673 15.75
      vertex 6.39216 13.8523 10.5777
    endloop
  endfacet
  facet normal -0.382684 -0.923879 7.64211e-009
    outer loop
      vertex 6.78159 13.691 10.4408
      vertex 11.6673 11.6673 15.75
      vertex 6.59019 13.7703 10.5203
    endloop
  endfacet
  facet normal -0.382691 -0.923876 8.04064e-006
    outer loop
      vertex 6.82944 13.6712 10.4209
      vertex 11.6673 11.6673 15.75
      vertex 6.78159 13.691 10.4408
    endloop
  endfacet
  facet normal -0.382674 -0.923883 -9.61745e-006
    outer loop
      vertex 6.8751 13.6522 10.3957
      vertex 11.6673 11.6673 15.75
      vertex 6.82944 13.6712 10.4209
    endloop
  endfacet
  facet normal -0.382684 -0.923879 2.5075e-007
    outer loop
      vertex 7.05777 13.5766 10.295
      vertex 11.6673 11.6673 15.75
      vertex 6.8751 13.6522 10.3957
    endloop
  endfacet
  facet normal -0.382684 -0.923879 -1.48783e-008
    outer loop
      vertex 7.22971 13.5054 10.1741
      vertex 11.6673 11.6673 15.75
      vertex 7.05777 13.5766 10.295
    endloop
  endfacet
  facet normal -0.382688 -0.923878 3.68363e-006
    outer loop
      vertex 7.27269 13.4876 10.1439
      vertex 11.6673 11.6673 15.75
      vertex 7.22971 13.5054 10.1741
    endloop
  endfacet
  facet normal -0.382683 -0.92388 -4.83212e-007
    outer loop
      vertex 7.31253 13.4711 10.109
      vertex 11.6673 11.6673 15.75
      vertex 7.27269 13.4876 10.1439
    endloop
  endfacet
  facet normal -0.382683 -0.92388 -4.83212e-007
    outer loop
      vertex 7.47185 13.4051 9.96933
      vertex 11.6673 11.6673 15.75
      vertex 7.31253 13.4711 10.109
    endloop
  endfacet
  facet normal -0.382684 -0.923879 5.05028e-007
    outer loop
      vertex 7.61682 13.345 9.81242
      vertex 11.6673 11.6673 15.75
      vertex 7.47185 13.4051 9.96933
    endloop
  endfacet
  facet normal -0.382684 -0.923879 5.0503e-007
    outer loop
      vertex 7.65306 13.33 9.7732
      vertex 11.6673 11.6673 15.75
      vertex 7.61682 13.345 9.81242
    endloop
  endfacet
  facet normal -0.382679 -0.923881 -3.1563e-006
    outer loop
      vertex 7.68531 13.3166 9.73008
      vertex 11.6673 11.6673 15.75
      vertex 7.65306 13.33 9.7732
    endloop
  endfacet
  facet normal -0.382685 -0.923879 1.14213e-006
    outer loop
      vertex 7.81433 13.2632 9.55763
      vertex 11.6673 11.6673 15.75
      vertex 7.68531 13.3166 9.73008
    endloop
  endfacet
  facet normal -0.382684 -0.923879 1.05452e-007
    outer loop
      vertex 7.92599 13.2169 9.37153
      vertex 11.6673 11.6673 15.75
      vertex 7.81433 13.2632 9.55763
    endloop
  endfacet
  facet normal -0.382683 -0.92388 -2.96096e-007
    outer loop
      vertex 7.9539 13.2054 9.325
      vertex 11.6673 11.6673 15.75
      vertex 7.92599 13.2169 9.37153
    endloop
  endfacet
  facet normal -0.382678 -0.923882 -3.90444e-006
    outer loop
      vertex 7.97717 13.1957 9.27557
      vertex 11.6673 11.6673 15.75
      vertex 7.9539 13.2054 9.325
    endloop
  endfacet
  facet normal -0.382682 -0.92388 -9.58486e-007
    outer loop
      vertex 8.07025 13.1572 9.07785
      vertex 11.6673 11.6673 15.75
      vertex 7.97717 13.1957 9.27557
    endloop
  endfacet
  facet normal -0.382687 -0.923878 2.13341e-006
    outer loop
      vertex 8.16208 13.1192 8.81889
      vertex 11.6673 11.6673 15.75
      vertex 8.07025 13.1572 9.07785
    endloop
  endfacet
  facet normal -0.382679 -0.923881 -2.50778e-006
    outer loop
      vertex 8.22841 13.0917 8.55097
      vertex 11.6673 11.6673 15.75
      vertex 8.16208 13.1192 8.81889
    endloop
  endfacet
  facet normal -0.382699 -0.923873 8.66965e-006
    outer loop
      vertex 8.23643 13.0884 8.49617
      vertex 11.6673 11.6673 15.75
      vertex 8.22841 13.0917 8.55097
    endloop
  endfacet
  facet normal -0.38268 -0.923881 -1.81256e-006
    outer loop
      vertex 8.2685 13.0751 8.277
      vertex 11.6673 11.6673 15.75
      vertex 8.23643 13.0884 8.49617
    endloop
  endfacet
  facet normal -0.382688 -0.923878 2.44537e-006
    outer loop
      vertex 8.27923 13.0706 8.0554
      vertex 11.6673 11.6673 15.75
      vertex 8.2685 13.0751 8.277
    endloop
  endfacet
  facet normal -0.382678 -0.923882 -2.62044e-006
    outer loop
      vertex 8.28191 13.0695 8
      vertex 11.6673 11.6673 15.75
      vertex 8.27923 13.0706 8.0554
    endloop
  endfacet
  facet normal -0.382678 -0.923882 2.61201e-006
    outer loop
      vertex 11.6673 11.6673 0
      vertex 8.28191 13.0695 8
      vertex 8.27923 13.0706 7.9446
    endloop
  endfacet
  facet normal -0.382688 -0.923877 -2.43752e-006
    outer loop
      vertex 11.6673 11.6673 0
      vertex 8.27923 13.0706 7.9446
      vertex 8.2685 13.0751 7.723
    endloop
  endfacet
  facet normal -0.38268 -0.923881 1.79791e-006
    outer loop
      vertex 11.6673 11.6673 0
      vertex 8.2685 13.0751 7.723
      vertex 8.23643 13.0884 7.50383
    endloop
  endfacet
  facet normal -0.3827 -0.923873 -8.59968e-006
    outer loop
      vertex 11.6673 11.6673 0
      vertex 8.23643 13.0884 7.50383
      vertex 8.22841 13.0917 7.44903
    endloop
  endfacet
  facet normal -0.382679 -0.923881 2.47841e-006
    outer loop
      vertex 11.6673 11.6673 0
      vertex 8.22841 13.0917 7.44903
      vertex 8.16208 13.1192 7.1811
    endloop
  endfacet
  facet normal -0.382687 -0.923878 -2.10215e-006
    outer loop
      vertex 11.6673 11.6673 0
      vertex 8.16208 13.1192 7.1811
      vertex 8.07025 13.1572 6.92215
    endloop
  endfacet
  facet normal -0.382684 -0.923879 -4.93086e-007
    outer loop
      vertex 11.6673 11.6673 0
      vertex 7.61682 13.345 6.18758
      vertex 7.47185 13.4051 6.03067
    endloop
  endfacet
  facet normal -0.382683 -0.92388 4.70769e-007
    outer loop
      vertex 11.6673 11.6673 0
      vertex 7.31253 13.4711 5.89102
      vertex 7.27269 13.4876 5.8561
    endloop
  endfacet
  facet normal -0.382684 -0.923879 1.44625e-008
    outer loop
      vertex 11.6673 11.6673 0
      vertex 7.22971 13.5054 5.82589
      vertex 7.05777 13.5766 5.70503
    endloop
  endfacet
  facet normal -0.382676 -0.923883 8.93223e-006
    outer loop
      vertex 11.6673 11.6673 0
      vertex 6.39216 13.8523 5.42227
      vertex 6.34266 13.8728 5.40791
    endloop
  endfacet
  facet normal -0.382684 -0.92388 0
    outer loop
      vertex 11.6673 11.6673 0
      vertex 5.83363 14.0836 5.35
      vertex 0 16.5 0
    endloop
  endfacet
  facet normal -0.382682 -0.92388 1.55543e-006
    outer loop
      vertex 5.83363 14.0836 5.35
      vertex 11.6673 11.6673 0
      vertex 6.03836 13.9988 5.36161
    endloop
  endfacet
  facet normal -0.382691 -0.923876 -9.62232e-006
    outer loop
      vertex 6.03836 13.9988 5.36161
      vertex 11.6673 11.6673 0
      vertex 6.08955 13.9776 5.36452
    endloop
  endfacet
  facet normal -0.382684 -0.923879 -6.7702e-007
    outer loop
      vertex 6.08955 13.9776 5.36452
      vertex 11.6673 11.6673 0
      vertex 6.34266 13.8728 5.40791
    endloop
  endfacet
  facet normal -0.382683 -0.92388 8.27589e-008
    outer loop
      vertex 6.39216 13.8523 5.42227
      vertex 11.6673 11.6673 0
      vertex 6.59019 13.7703 5.4797
    endloop
  endfacet
  facet normal -0.382684 -0.923879 -7.39035e-009
    outer loop
      vertex 6.59019 13.7703 5.4797
      vertex 11.6673 11.6673 0
      vertex 6.78159 13.691 5.55922
    endloop
  endfacet
  facet normal -0.382691 -0.923876 -7.77582e-006
    outer loop
      vertex 6.78159 13.691 5.55922
      vertex 11.6673 11.6673 0
      vertex 6.82944 13.6712 5.5791
    endloop
  endfacet
  facet normal -0.382674 -0.923883 9.32592e-006
    outer loop
      vertex 6.82944 13.6712 5.5791
      vertex 11.6673 11.6673 0
      vertex 6.8751 13.6522 5.60429
    endloop
  endfacet
  facet normal -0.382684 -0.923879 -2.43149e-007
    outer loop
      vertex 6.8751 13.6522 5.60429
      vertex 11.6673 11.6673 0
      vertex 7.05777 13.5766 5.70503
    endloop
  endfacet
  facet normal -0.382684 -0.92388 0
    outer loop
      vertex 8.28191 13.0695 8
      vertex 11.6673 11.6673 0
      vertex 11.6673 11.6673 15.75
    endloop
  endfacet
  facet normal -0.382682 -0.92388 9.42033e-007
    outer loop
      vertex 7.97717 13.1957 6.72443
      vertex 11.6673 11.6673 0
      vertex 8.07025 13.1572 6.92215
    endloop
  endfacet
  facet normal -0.382678 -0.923882 3.83742e-006
    outer loop
      vertex 7.9539 13.2054 6.675
      vertex 11.6673 11.6673 0
      vertex 7.97717 13.1957 6.72443
    endloop
  endfacet
  facet normal -0.382683 -0.92388 2.90342e-007
    outer loop
      vertex 7.92599 13.2169 6.62847
      vertex 11.6673 11.6673 0
      vertex 7.9539 13.2054 6.675
    endloop
  endfacet
  facet normal -0.382684 -0.923879 -1.03402e-007
    outer loop
      vertex 7.81433 13.2632 6.44237
      vertex 11.6673 11.6673 0
      vertex 7.92599 13.2169 6.62847
    endloop
  endfacet
  facet normal -0.382685 -0.923879 -1.1175e-006
    outer loop
      vertex 7.68531 13.3166 6.26992
      vertex 11.6673 11.6673 0
      vertex 7.81433 13.2632 6.44237
    endloop
  endfacet
  facet normal -0.382679 -0.923881 3.08823e-006
    outer loop
      vertex 7.65306 13.33 6.2268
      vertex 11.6673 11.6673 0
      vertex 7.68531 13.3166 6.26992
    endloop
  endfacet
  facet normal -0.382684 -0.923879 -4.93087e-007
    outer loop
      vertex 7.61682 13.345 6.18758
      vertex 11.6673 11.6673 0
      vertex 7.65306 13.33 6.2268
    endloop
  endfacet
  facet normal -0.382683 -0.92388 4.70769e-007
    outer loop
      vertex 7.31253 13.4711 5.89102
      vertex 11.6673 11.6673 0
      vertex 7.47185 13.4051 6.03067
    endloop
  endfacet
  facet normal -0.382688 -0.923878 -3.58068e-006
    outer loop
      vertex 7.22971 13.5054 5.82589
      vertex 11.6673 11.6673 0
      vertex 7.27269 13.4876 5.8561
    endloop
  endfacet
  facet normal 0.382684 -0.92388 0
    outer loop
      vertex -11.6673 11.6673 15.75
      vertex -5.83363 14.0836 10.65
      vertex 0 16.5 15.75
    endloop
  endfacet
  facet normal 0.382682 -0.92388 -1.62703e-006
    outer loop
      vertex -11.6673 11.6673 15.75
      vertex -6.03836 13.9988 10.6384
      vertex -5.83363 14.0836 10.65
    endloop
  endfacet
  facet normal 0.382691 -0.923876 1.00654e-005
    outer loop
      vertex -11.6673 11.6673 15.75
      vertex -6.08955 13.9776 10.6355
      vertex -6.03836 13.9988 10.6384
    endloop
  endfacet
  facet normal 0.382684 -0.923879 7.049e-007
    outer loop
      vertex -11.6673 11.6673 15.75
      vertex -6.34266 13.8728 10.5921
      vertex -6.08955 13.9776 10.6355
    endloop
  endfacet
  facet normal 0.382676 -0.923883 -9.26541e-006
    outer loop
      vertex -11.6673 11.6673 15.75
      vertex -6.39216 13.8523 10.5777
      vertex -6.34266 13.8728 10.5921
    endloop
  endfacet
  facet normal 0.382683 -0.92388 -8.58459e-008
    outer loop
      vertex -11.6673 11.6673 15.75
      vertex -6.59019 13.7703 10.5203
      vertex -6.39216 13.8523 10.5777
    endloop
  endfacet
  facet normal 0.382684 -0.923879 7.64211e-009
    outer loop
      vertex -11.6673 11.6673 15.75
      vertex -6.78159 13.691 10.4408
      vertex -6.59019 13.7703 10.5203
    endloop
  endfacet
  facet normal 0.382691 -0.923876 8.04064e-006
    outer loop
      vertex -11.6673 11.6673 15.75
      vertex -6.82944 13.6712 10.4209
      vertex -6.78159 13.691 10.4408
    endloop
  endfacet
  facet normal 0.382674 -0.923883 -9.61745e-006
    outer loop
      vertex -11.6673 11.6673 15.75
      vertex -6.8751 13.6522 10.3957
      vertex -6.82944 13.6712 10.4209
    endloop
  endfacet
  facet normal 0.382684 -0.923879 2.5075e-007
    outer loop
      vertex -11.6673 11.6673 15.75
      vertex -7.05777 13.5766 10.295
      vertex -6.8751 13.6522 10.3957
    endloop
  endfacet
  facet normal 0.382684 -0.923879 -1.48783e-008
    outer loop
      vertex -11.6673 11.6673 15.75
      vertex -7.22971 13.5054 10.1741
      vertex -7.05777 13.5766 10.295
    endloop
  endfacet
  facet normal 0.382688 -0.923878 3.68363e-006
    outer loop
      vertex -11.6673 11.6673 15.75
      vertex -7.27269 13.4876 10.1439
      vertex -7.22971 13.5054 10.1741
    endloop
  endfacet
  facet normal 0.382683 -0.92388 -4.83212e-007
    outer loop
      vertex -11.6673 11.6673 15.75
      vertex -7.31253 13.4711 10.109
      vertex -7.27269 13.4876 10.1439
    endloop
  endfacet
  facet normal 0.382683 -0.92388 -4.83212e-007
    outer loop
      vertex -11.6673 11.6673 15.75
      vertex -7.47185 13.4051 9.96933
      vertex -7.31253 13.4711 10.109
    endloop
  endfacet
  facet normal 0.382684 -0.923879 5.05028e-007
    outer loop
      vertex -11.6673 11.6673 15.75
      vertex -7.61682 13.345 9.81242
      vertex -7.47185 13.4051 9.96933
    endloop
  endfacet
  facet normal 0.382684 -0.923879 5.0503e-007
    outer loop
      vertex -11.6673 11.6673 15.75
      vertex -7.65306 13.33 9.7732
      vertex -7.61682 13.345 9.81242
    endloop
  endfacet
  facet normal 0.382679 -0.923881 -3.1563e-006
    outer loop
      vertex -11.6673 11.6673 15.75
      vertex -7.68531 13.3166 9.73008
      vertex -7.65306 13.33 9.7732
    endloop
  endfacet
  facet normal 0.382685 -0.923879 1.14213e-006
    outer loop
      vertex -11.6673 11.6673 15.75
      vertex -7.81433 13.2632 9.55763
      vertex -7.68531 13.3166 9.73008
    endloop
  endfacet
  facet normal 0.382684 -0.923879 1.05452e-007
    outer loop
      vertex -11.6673 11.6673 15.75
      vertex -7.92599 13.2169 9.37153
      vertex -7.81433 13.2632 9.55763
    endloop
  endfacet
  facet normal 0.382683 -0.92388 -2.96096e-007
    outer loop
      vertex -11.6673 11.6673 15.75
      vertex -7.9539 13.2054 9.325
      vertex -7.92599 13.2169 9.37153
    endloop
  endfacet
  facet normal 0.382678 -0.923882 -3.90444e-006
    outer loop
      vertex -11.6673 11.6673 15.75
      vertex -7.97717 13.1957 9.27557
      vertex -7.9539 13.2054 9.325
    endloop
  endfacet
  facet normal 0.382682 -0.92388 -9.58486e-007
    outer loop
      vertex -11.6673 11.6673 15.75
      vertex -8.07025 13.1572 9.07785
      vertex -7.97717 13.1957 9.27557
    endloop
  endfacet
  facet normal 0.382687 -0.923878 2.13341e-006
    outer loop
      vertex -11.6673 11.6673 15.75
      vertex -8.16208 13.1192 8.81889
      vertex -8.07025 13.1572 9.07785
    endloop
  endfacet
  facet normal 0.382679 -0.923881 -2.50778e-006
    outer loop
      vertex -11.6673 11.6673 15.75
      vertex -8.22841 13.0917 8.55097
      vertex -8.16208 13.1192 8.81889
    endloop
  endfacet
  facet normal 0.382699 -0.923873 8.66965e-006
    outer loop
      vertex -11.6673 11.6673 15.75
      vertex -8.23643 13.0884 8.49617
      vertex -8.22841 13.0917 8.55097
    endloop
  endfacet
  facet normal 0.38268 -0.923881 -1.81256e-006
    outer loop
      vertex -11.6673 11.6673 15.75
      vertex -8.2685 13.0751 8.277
      vertex -8.23643 13.0884 8.49617
    endloop
  endfacet
  facet normal 0.382688 -0.923878 2.44536e-006
    outer loop
      vertex -11.6673 11.6673 15.75
      vertex -8.27923 13.0706 8.0554
      vertex -8.2685 13.0751 8.277
    endloop
  endfacet
  facet normal 0.382678 -0.923882 -2.62044e-006
    outer loop
      vertex -11.6673 11.6673 15.75
      vertex -8.28191 13.0695 8
      vertex -8.27923 13.0706 8.0554
    endloop
  endfacet
  facet normal 0.382684 -0.92388 0
    outer loop
      vertex -11.6673 11.6673 0
      vertex -8.28191 13.0695 8
      vertex -11.6673 11.6673 15.75
    endloop
  endfacet
  facet normal 0.382678 -0.923882 2.61203e-006
    outer loop
      vertex -8.28191 13.0695 8
      vertex -11.6673 11.6673 0
      vertex -8.27923 13.0706 7.9446
    endloop
  endfacet
  facet normal 0.382688 -0.923877 -2.43753e-006
    outer loop
      vertex -8.27923 13.0706 7.9446
      vertex -11.6673 11.6673 0
      vertex -8.2685 13.0751 7.723
    endloop
  endfacet
  facet normal 0.38268 -0.923881 1.79791e-006
    outer loop
      vertex -8.2685 13.0751 7.723
      vertex -11.6673 11.6673 0
      vertex -8.23643 13.0884 7.50383
    endloop
  endfacet
  facet normal 0.3827 -0.923873 -8.59968e-006
    outer loop
      vertex -8.23643 13.0884 7.50383
      vertex -11.6673 11.6673 0
      vertex -8.22841 13.0917 7.44903
    endloop
  endfacet
  facet normal 0.382679 -0.923881 2.47841e-006
    outer loop
      vertex -8.22841 13.0917 7.44903
      vertex -11.6673 11.6673 0
      vertex -8.16208 13.1192 7.1811
    endloop
  endfacet
  facet normal 0.382684 -0.923879 -4.93087e-007
    outer loop
      vertex -11.6673 11.6673 0
      vertex -7.61682 13.345 6.18758
      vertex -7.65306 13.33 6.2268
    endloop
  endfacet
  facet normal 0.382683 -0.92388 4.70769e-007
    outer loop
      vertex -11.6673 11.6673 0
      vertex -7.31253 13.4711 5.89102
      vertex -7.47185 13.4051 6.03067
    endloop
  endfacet
  facet normal 0.382688 -0.923878 -3.58068e-006
    outer loop
      vertex -11.6673 11.6673 0
      vertex -7.22971 13.5054 5.82589
      vertex -7.27269 13.4876 5.8561
    endloop
  endfacet
  facet normal 0.382683 -0.92388 8.27589e-008
    outer loop
      vertex -11.6673 11.6673 0
      vertex -6.39216 13.8523 5.42227
      vertex -6.59019 13.7703 5.4797
    endloop
  endfacet
  facet normal 0.382682 -0.92388 1.55543e-006
    outer loop
      vertex -6.03836 13.9988 5.36161
      vertex -11.6673 11.6673 0
      vertex -5.83363 14.0836 5.35
    endloop
  endfacet
  facet normal 0.382691 -0.923876 -9.62232e-006
    outer loop
      vertex -6.08955 13.9776 5.36452
      vertex -11.6673 11.6673 0
      vertex -6.03836 13.9988 5.36161
    endloop
  endfacet
  facet normal 0.382684 -0.923879 -6.7702e-007
    outer loop
      vertex -6.34266 13.8728 5.40791
      vertex -11.6673 11.6673 0
      vertex -6.08955 13.9776 5.36452
    endloop
  endfacet
  facet normal 0.382676 -0.923883 8.93223e-006
    outer loop
      vertex -6.39216 13.8523 5.42227
      vertex -11.6673 11.6673 0
      vertex -6.34266 13.8728 5.40791
    endloop
  endfacet
  facet normal 0.382684 -0.923879 -7.39035e-009
    outer loop
      vertex -6.78159 13.691 5.55922
      vertex -11.6673 11.6673 0
      vertex -6.59019 13.7703 5.4797
    endloop
  endfacet
  facet normal 0.382691 -0.923876 -7.77582e-006
    outer loop
      vertex -6.82944 13.6712 5.5791
      vertex -11.6673 11.6673 0
      vertex -6.78159 13.691 5.55922
    endloop
  endfacet
  facet normal 0.382674 -0.923883 9.32592e-006
    outer loop
      vertex -6.8751 13.6522 5.60429
      vertex -11.6673 11.6673 0
      vertex -6.82944 13.6712 5.5791
    endloop
  endfacet
  facet normal 0.382684 -0.923879 -2.43149e-007
    outer loop
      vertex -7.05777 13.5766 5.70503
      vertex -11.6673 11.6673 0
      vertex -6.8751 13.6522 5.60429
    endloop
  endfacet
  facet normal 0.382684 -0.923879 1.44625e-008
    outer loop
      vertex -7.22971 13.5054 5.82589
      vertex -11.6673 11.6673 0
      vertex -7.05777 13.5766 5.70503
    endloop
  endfacet
  facet normal 0.382683 -0.92388 4.70769e-007
    outer loop
      vertex -7.31253 13.4711 5.89102
      vertex -11.6673 11.6673 0
      vertex -7.27269 13.4876 5.8561
    endloop
  endfacet
  facet normal 0.382684 -0.923879 -4.93086e-007
    outer loop
      vertex -7.61682 13.345 6.18758
      vertex -11.6673 11.6673 0
      vertex -7.47185 13.4051 6.03067
    endloop
  endfacet
  facet normal 0.382679 -0.923881 3.08823e-006
    outer loop
      vertex -7.68531 13.3166 6.26992
      vertex -11.6673 11.6673 0
      vertex -7.65306 13.33 6.2268
    endloop
  endfacet
  facet normal 0.382685 -0.923879 -1.1175e-006
    outer loop
      vertex -7.81433 13.2632 6.44237
      vertex -11.6673 11.6673 0
      vertex -7.68531 13.3166 6.26992
    endloop
  endfacet
  facet normal 0.382684 -0.923879 -1.03402e-007
    outer loop
      vertex -7.92599 13.2169 6.62847
      vertex -11.6673 11.6673 0
      vertex -7.81433 13.2632 6.44237
    endloop
  endfacet
  facet normal 0.382683 -0.92388 2.90342e-007
    outer loop
      vertex -7.9539 13.2054 6.675
      vertex -11.6673 11.6673 0
      vertex -7.92599 13.2169 6.62847
    endloop
  endfacet
  facet normal 0.382678 -0.923882 3.83742e-006
    outer loop
      vertex -7.97717 13.1957 6.72443
      vertex -11.6673 11.6673 0
      vertex -7.9539 13.2054 6.675
    endloop
  endfacet
  facet normal 0.382682 -0.92388 9.42033e-007
    outer loop
      vertex -8.07025 13.1572 6.92215
      vertex -11.6673 11.6673 0
      vertex -7.97717 13.1957 6.72443
    endloop
  endfacet
  facet normal 0.382687 -0.923878 -2.10215e-006
    outer loop
      vertex -8.16208 13.1192 7.1811
      vertex -11.6673 11.6673 0
      vertex -8.07025 13.1572 6.92215
    endloop
  endfacet
  facet normal 0.382688 -0.923877 -6.66098e-006
    outer loop
      vertex -5.78245 14.1048 10.6471
      vertex 0 16.5 15.75
      vertex -5.83363 14.0836 10.65
    endloop
  endfacet
  facet normal 0.382683 -0.92388 6.05326e-007
    outer loop
      vertex -5.57772 14.1896 10.6355
      vertex 0 16.5 15.75
      vertex -5.78245 14.1048 10.6471
    endloop
  endfacet
  facet normal 0.382684 -0.923879 -7.049e-007
    outer loop
      vertex -5.3246 14.2945 10.5921
      vertex 0 16.5 15.75
      vertex -5.57772 14.1896 10.6355
    endloop
  endfacet
  facet normal 0.382683 -0.92388 7.3177e-007
    outer loop
      vertex -5.12658 14.3765 10.5347
      vertex 0 16.5 15.75
      vertex -5.3246 14.2945 10.5921
    endloop
  endfacet
  facet normal 0.382678 -0.923882 6.1287e-006
    outer loop
      vertex -5.07707 14.397 10.5203
      vertex 0 16.5 15.75
      vertex -5.12658 14.3765 10.5347
    endloop
  endfacet
  facet normal 0.382683 -0.92388 6.51899e-007
    outer loop
      vertex -4.88567 14.4763 10.4408
      vertex 0 16.5 15.75
      vertex -5.07707 14.397 10.5203
    endloop
  endfacet
  facet normal 0.382691 -0.923876 -8.01578e-006
    outer loop
      vertex -4.83782 14.4961 10.4209
      vertex 0 16.5 15.75
      vertex -4.88567 14.4763 10.4408
    endloop
  endfacet
  facet normal 0.382685 -0.923879 -2.03121e-006
    outer loop
      vertex -4.79216 14.515 10.3957
      vertex 0 16.5 15.75
      vertex -4.83782 14.4961 10.4209
    endloop
  endfacet
  facet normal 0.382682 -0.92388 1.95362e-006
    outer loop
      vertex -4.60949 14.5907 10.295
      vertex 0 16.5 15.75
      vertex -4.79216 14.515 10.3957
    endloop
  endfacet
  facet normal 0.382684 -0.923879 1.48783e-008
    outer loop
      vertex -4.43755 14.6619 10.1741
      vertex 0 16.5 15.75
      vertex -4.60949 14.5907 10.295
    endloop
  endfacet
  facet normal 0.382688 -0.923878 -3.68363e-006
    outer loop
      vertex -4.39457 14.6797 10.1439
      vertex 0 16.5 15.75
      vertex -4.43755 14.6619 10.1741
    endloop
  endfacet
  facet normal 0.382682 -0.92388 1.01538e-006
    outer loop
      vertex -4.23524 14.7457 10.0042
      vertex 0 16.5 15.75
      vertex -4.39457 14.6797 10.1439
    endloop
  endfacet
  facet normal 0.382683 -0.92388 5.02506e-007
    outer loop
      vertex -4.19541 14.7622 9.96933
      vertex 0 16.5 15.75
      vertex -4.23524 14.7457 10.0042
    endloop
  endfacet
  facet normal 0.382684 -0.923879 -4.87351e-007
    outer loop
      vertex -4.15917 14.7772 9.93011
      vertex 0 16.5 15.75
      vertex -4.19541 14.7622 9.96933
    endloop
  endfacet
  facet normal 0.382685 -0.923879 -9.9457e-007
    outer loop
      vertex -4.0142 14.8373 9.7732
      vertex 0 16.5 15.75
      vertex -4.15917 14.7772 9.93011
    endloop
  endfacet
  facet normal 0.382679 -0.923881 3.1563e-006
    outer loop
      vertex -3.98195 14.8506 9.73008
      vertex 0 16.5 15.75
      vertex -4.0142 14.8373 9.7732
    endloop
  endfacet
  facet normal 0.382685 -0.923879 -1.3904e-006
    outer loop
      vertex -3.85293 14.9041 9.55763
      vertex 0 16.5 15.75
      vertex -3.98195 14.8506 9.73008
    endloop
  endfacet
  facet normal 0.382684 -0.923879 -3.62272e-007
    outer loop
      vertex -3.74127 14.9503 9.37153
      vertex 0 16.5 15.75
      vertex -3.85293 14.9041 9.55763
    endloop
  endfacet
  facet normal 0.38268 -0.923881 2.22046e-006
    outer loop
      vertex -3.71336 14.9619 9.325
      vertex 0 16.5 15.75
      vertex -3.74127 14.9503 9.37153
    endloop
  endfacet
  facet normal 0.382679 -0.923881 2.88719e-006
    outer loop
      vertex -3.69009 14.9715 9.27557
      vertex 0 16.5 15.75
      vertex -3.71336 14.9619 9.325
    endloop
  endfacet
  facet normal 0.382683 -0.92388 4.46665e-007
    outer loop
      vertex -3.59702 15.0101 9.07785
      vertex 0 16.5 15.75
      vertex -3.69009 14.9715 9.27557
    endloop
  endfacet
  facet normal 0.382686 -0.923879 -1.29958e-006
    outer loop
      vertex -3.50518 15.0481 8.81889
      vertex 0 16.5 15.75
      vertex -3.59702 15.0101 9.07785
    endloop
  endfacet
  facet normal 0.382681 -0.92388 1.17961e-006
    outer loop
      vertex -3.45212 15.0701 8.60455
      vertex 0 16.5 15.75
      vertex -3.50518 15.0481 8.81889
    endloop
  endfacet
  facet normal 0.382691 -0.923876 -4.25622e-006
    outer loop
      vertex -3.43885 15.0756 8.55097
      vertex 0 16.5 15.75
      vertex -3.45212 15.0701 8.60455
    endloop
  endfacet
  facet normal 0.382684 -0.923879 -2.93002e-007
    outer loop
      vertex -3.39876 15.0922 8.277
      vertex 0 16.5 15.75
      vertex -3.43885 15.0756 8.55097
    endloop
  endfacet
  facet normal 0.382681 -0.92388 1.13671e-006
    outer loop
      vertex -3.39608 15.0933 8.2216
      vertex 0 16.5 15.75
      vertex -3.39876 15.0922 8.277
    endloop
  endfacet
  facet normal 0.382682 -0.92388 7.64885e-007
    outer loop
      vertex -3.38535 15.0977 8
      vertex 0 16.5 15.75
      vertex -3.39608 15.0933 8.2216
    endloop
  endfacet
  facet normal 0.382682 -0.92388 -7.62429e-007
    outer loop
      vertex 0 16.5 0
      vertex -3.38535 15.0977 8
      vertex -3.39608 15.0933 7.7784
    endloop
  endfacet
  facet normal 0.382681 -0.92388 -1.13305e-006
    outer loop
      vertex 0 16.5 0
      vertex -3.39608 15.0933 7.7784
      vertex -3.39876 15.0922 7.723
    endloop
  endfacet
  facet normal 0.382684 -0.923879 2.90635e-007
    outer loop
      vertex 0 16.5 0
      vertex -3.39876 15.0922 7.723
      vertex -3.43885 15.0756 7.44903
    endloop
  endfacet
  facet normal 0.382691 -0.923876 4.20636e-006
    outer loop
      vertex 0 16.5 0
      vertex -3.43885 15.0756 7.44903
      vertex -3.45212 15.0701 7.39545
    endloop
  endfacet
  facet normal 0.382681 -0.92388 -1.16579e-006
    outer loop
      vertex 0 16.5 0
      vertex -3.45212 15.0701 7.39545
      vertex -3.50518 15.0481 7.1811
    endloop
  endfacet
  facet normal 0.382686 -0.923879 1.28054e-006
    outer loop
      vertex 0 16.5 0
      vertex -3.50518 15.0481 7.1811
      vertex -3.59702 15.0101 6.92215
    endloop
  endfacet
  facet normal 0.382679 -0.923881 -2.83762e-006
    outer loop
      vertex 0 16.5 0
      vertex -3.69009 14.9715 6.72443
      vertex -3.71336 14.9619 6.675
    endloop
  endfacet
  facet normal 0.382684 -0.923879 3.55231e-007
    outer loop
      vertex 0 16.5 0
      vertex -3.74127 14.9503 6.62847
      vertex -3.85293 14.9041 6.44237
    endloop
  endfacet
  facet normal 0.382684 -0.923879 -1.44625e-008
    outer loop
      vertex 0 16.5 0
      vertex -4.43755 14.6619 5.82589
      vertex -4.60949 14.5907 5.70503
    endloop
  endfacet
  facet normal 0.382688 -0.923877 6.36779e-006
    outer loop
      vertex 0 16.5 0
      vertex -5.78245 14.1048 5.3529
      vertex -5.83363 14.0836 5.35
    endloop
  endfacet
  facet normal 0.382684 -0.92388 0
    outer loop
      vertex 0 16.5 0
      vertex -5.83363 14.0836 5.35
      vertex -11.6673 11.6673 0
    endloop
  endfacet
  facet normal 0.382683 -0.92388 -5.78689e-007
    outer loop
      vertex -5.78245 14.1048 5.3529
      vertex 0 16.5 0
      vertex -5.57772 14.1896 5.36452
    endloop
  endfacet
  facet normal 0.382684 -0.923879 6.7702e-007
    outer loop
      vertex -5.57772 14.1896 5.36452
      vertex 0 16.5 0
      vertex -5.3246 14.2945 5.40791
    endloop
  endfacet
  facet normal 0.382683 -0.92388 -7.05455e-007
    outer loop
      vertex -5.3246 14.2945 5.40791
      vertex 0 16.5 0
      vertex -5.12658 14.3765 5.46534
    endloop
  endfacet
  facet normal 0.382678 -0.923882 -5.90831e-006
    outer loop
      vertex -5.12658 14.3765 5.46534
      vertex 0 16.5 0
      vertex -5.07707 14.397 5.4797
    endloop
  endfacet
  facet normal 0.382683 -0.92388 -6.30424e-007
    outer loop
      vertex -5.07707 14.397 5.4797
      vertex 0 16.5 0
      vertex -4.88567 14.4763 5.55922
    endloop
  endfacet
  facet normal 0.382691 -0.923876 7.75178e-006
    outer loop
      vertex -4.88567 14.4763 5.55922
      vertex 0 16.5 0
      vertex -4.83782 14.4961 5.5791
    endloop
  endfacet
  facet normal 0.382685 -0.923879 1.96964e-006
    outer loop
      vertex -4.83782 14.4961 5.5791
      vertex 0 16.5 0
      vertex -4.79216 14.515 5.60429
    endloop
  endfacet
  facet normal 0.382682 -0.92388 -1.8944e-006
    outer loop
      vertex -4.79216 14.515 5.60429
      vertex 0 16.5 0
      vertex -4.60949 14.5907 5.70503
    endloop
  endfacet
  facet normal 0.382683 -0.92388 0
    outer loop
      vertex -3.38535 15.0977 8
      vertex 0 16.5 0
      vertex 0 16.5 15.75
    endloop
  endfacet
  facet normal 0.382683 -0.92388 -4.38997e-007
    outer loop
      vertex -3.69009 14.9715 6.72443
      vertex 0 16.5 0
      vertex -3.59702 15.0101 6.92215
    endloop
  endfacet
  facet normal 0.38268 -0.923881 -2.17731e-006
    outer loop
      vertex -3.74127 14.9503 6.62847
      vertex 0 16.5 0
      vertex -3.71336 14.9619 6.675
    endloop
  endfacet
  facet normal 0.382685 -0.923879 1.36042e-006
    outer loop
      vertex -3.98195 14.8506 6.26992
      vertex 0 16.5 0
      vertex -3.85293 14.9041 6.44237
    endloop
  endfacet
  facet normal 0.382679 -0.923881 -3.08823e-006
    outer loop
      vertex -4.0142 14.8373 6.2268
      vertex 0 16.5 0
      vertex -3.98195 14.8506 6.26992
    endloop
  endfacet
  facet normal 0.382685 -0.923879 9.71051e-007
    outer loop
      vertex -4.15917 14.7772 6.06989
      vertex 0 16.5 0
      vertex -4.0142 14.8373 6.2268
    endloop
  endfacet
  facet normal 0.382684 -0.923879 4.75826e-007
    outer loop
      vertex -4.19541 14.7622 6.03067
      vertex 0 16.5 0
      vertex -4.15917 14.7772 6.06989
    endloop
  endfacet
  facet normal 0.382683 -0.92388 -4.89565e-007
    outer loop
      vertex -4.23524 14.7457 5.99575
      vertex 0 16.5 0
      vertex -4.19541 14.7622 6.03067
    endloop
  endfacet
  facet normal 0.382682 -0.92388 -9.89227e-007
    outer loop
      vertex -4.39457 14.6797 5.8561
      vertex 0 16.5 0
      vertex -4.23524 14.7457 5.99575
    endloop
  endfacet
  facet normal 0.382688 -0.923878 3.58068e-006
    outer loop
      vertex -4.43755 14.6619 5.82589
      vertex 0 16.5 0
      vertex -4.39457 14.6797 5.8561
    endloop
  endfacet
  facet normal -0.382684 0.92388 0
    outer loop
      vertex 11.6673 -11.6673 15.75
      vertex 5.83363 -14.0836 10.65
      vertex 0 -16.5 15.75
    endloop
  endfacet
  facet normal -0.382682 0.92388 -1.62703e-006
    outer loop
      vertex 11.6673 -11.6673 15.75
      vertex 6.03836 -13.9988 10.6384
      vertex 5.83363 -14.0836 10.65
    endloop
  endfacet
  facet normal -0.382691 0.923876 1.00654e-005
    outer loop
      vertex 11.6673 -11.6673 15.75
      vertex 6.08955 -13.9776 10.6355
      vertex 6.03836 -13.9988 10.6384
    endloop
  endfacet
  facet normal -0.382684 0.923879 7.049e-007
    outer loop
      vertex 11.6673 -11.6673 15.75
      vertex 6.34266 -13.8728 10.5921
      vertex 6.08955 -13.9776 10.6355
    endloop
  endfacet
  facet normal -0.382676 0.923883 -9.26541e-006
    outer loop
      vertex 11.6673 -11.6673 15.75
      vertex 6.39216 -13.8523 10.5777
      vertex 6.34266 -13.8728 10.5921
    endloop
  endfacet
  facet normal -0.382683 0.92388 -8.58459e-008
    outer loop
      vertex 11.6673 -11.6673 15.75
      vertex 6.59019 -13.7703 10.5203
      vertex 6.39216 -13.8523 10.5777
    endloop
  endfacet
  facet normal -0.382684 0.923879 7.64211e-009
    outer loop
      vertex 11.6673 -11.6673 15.75
      vertex 6.78159 -13.691 10.4408
      vertex 6.59019 -13.7703 10.5203
    endloop
  endfacet
  facet normal -0.382691 0.923876 8.04064e-006
    outer loop
      vertex 11.6673 -11.6673 15.75
      vertex 6.82944 -13.6712 10.4209
      vertex 6.78159 -13.691 10.4408
    endloop
  endfacet
  facet normal -0.382674 0.923883 -9.61745e-006
    outer loop
      vertex 11.6673 -11.6673 15.75
      vertex 6.8751 -13.6522 10.3957
      vertex 6.82944 -13.6712 10.4209
    endloop
  endfacet
  facet normal -0.382684 0.923879 2.5075e-007
    outer loop
      vertex 11.6673 -11.6673 15.75
      vertex 7.05777 -13.5766 10.295
      vertex 6.8751 -13.6522 10.3957
    endloop
  endfacet
  facet normal -0.382684 0.923879 -1.48783e-008
    outer loop
      vertex 11.6673 -11.6673 15.75
      vertex 7.22971 -13.5054 10.1741
      vertex 7.05777 -13.5766 10.295
    endloop
  endfacet
  facet normal -0.382688 0.923878 3.68363e-006
    outer loop
      vertex 11.6673 -11.6673 15.75
      vertex 7.27269 -13.4876 10.1439
      vertex 7.22971 -13.5054 10.1741
    endloop
  endfacet
  facet normal -0.382683 0.92388 -4.83212e-007
    outer loop
      vertex 11.6673 -11.6673 15.75
      vertex 7.31253 -13.4711 10.109
      vertex 7.27269 -13.4876 10.1439
    endloop
  endfacet
  facet normal -0.382683 0.92388 -4.83212e-007
    outer loop
      vertex 11.6673 -11.6673 15.75
      vertex 7.47185 -13.4051 9.96933
      vertex 7.31253 -13.4711 10.109
    endloop
  endfacet
  facet normal -0.382684 0.923879 5.05028e-007
    outer loop
      vertex 11.6673 -11.6673 15.75
      vertex 7.61682 -13.345 9.81242
      vertex 7.47185 -13.4051 9.96933
    endloop
  endfacet
  facet normal -0.382684 0.923879 5.0503e-007
    outer loop
      vertex 11.6673 -11.6673 15.75
      vertex 7.65306 -13.33 9.7732
      vertex 7.61682 -13.345 9.81242
    endloop
  endfacet
  facet normal -0.382679 0.923881 -3.1563e-006
    outer loop
      vertex 11.6673 -11.6673 15.75
      vertex 7.68531 -13.3166 9.73008
      vertex 7.65306 -13.33 9.7732
    endloop
  endfacet
  facet normal -0.382685 0.923879 1.14213e-006
    outer loop
      vertex 11.6673 -11.6673 15.75
      vertex 7.81433 -13.2632 9.55763
      vertex 7.68531 -13.3166 9.73008
    endloop
  endfacet
  facet normal -0.382684 0.923879 1.05452e-007
    outer loop
      vertex 11.6673 -11.6673 15.75
      vertex 7.92599 -13.2169 9.37153
      vertex 7.81433 -13.2632 9.55763
    endloop
  endfacet
  facet normal -0.382683 0.92388 -2.96096e-007
    outer loop
      vertex 11.6673 -11.6673 15.75
      vertex 7.9539 -13.2054 9.325
      vertex 7.92599 -13.2169 9.37153
    endloop
  endfacet
  facet normal -0.382678 0.923882 -3.90444e-006
    outer loop
      vertex 11.6673 -11.6673 15.75
      vertex 7.97717 -13.1957 9.27557
      vertex 7.9539 -13.2054 9.325
    endloop
  endfacet
  facet normal -0.382682 0.92388 -9.58486e-007
    outer loop
      vertex 11.6673 -11.6673 15.75
      vertex 8.07025 -13.1572 9.07785
      vertex 7.97717 -13.1957 9.27557
    endloop
  endfacet
  facet normal -0.382687 0.923878 2.13341e-006
    outer loop
      vertex 11.6673 -11.6673 15.75
      vertex 8.16208 -13.1192 8.81889
      vertex 8.07025 -13.1572 9.07785
    endloop
  endfacet
  facet normal -0.382679 0.923881 -2.50778e-006
    outer loop
      vertex 11.6673 -11.6673 15.75
      vertex 8.22841 -13.0917 8.55097
      vertex 8.16208 -13.1192 8.81889
    endloop
  endfacet
  facet normal -0.382699 0.923873 8.66965e-006
    outer loop
      vertex 11.6673 -11.6673 15.75
      vertex 8.23643 -13.0884 8.49617
      vertex 8.22841 -13.0917 8.55097
    endloop
  endfacet
  facet normal -0.38268 0.923881 -1.81256e-006
    outer loop
      vertex 11.6673 -11.6673 15.75
      vertex 8.2685 -13.0751 8.277
      vertex 8.23643 -13.0884 8.49617
    endloop
  endfacet
  facet normal -0.382688 0.923878 2.44537e-006
    outer loop
      vertex 11.6673 -11.6673 15.75
      vertex 8.27923 -13.0706 8.0554
      vertex 8.2685 -13.0751 8.277
    endloop
  endfacet
  facet normal -0.382678 0.923882 -2.62044e-006
    outer loop
      vertex 11.6673 -11.6673 15.75
      vertex 8.28191 -13.0695 8
      vertex 8.27923 -13.0706 8.0554
    endloop
  endfacet
  facet normal -0.382684 0.92388 0
    outer loop
      vertex 11.6673 -11.6673 0
      vertex 8.28191 -13.0695 8
      vertex 11.6673 -11.6673 15.75
    endloop
  endfacet
  facet normal -0.382678 0.923882 2.61201e-006
    outer loop
      vertex 8.28191 -13.0695 8
      vertex 11.6673 -11.6673 0
      vertex 8.27923 -13.0706 7.9446
    endloop
  endfacet
  facet normal -0.382688 0.923877 -2.43752e-006
    outer loop
      vertex 8.27923 -13.0706 7.9446
      vertex 11.6673 -11.6673 0
      vertex 8.2685 -13.0751 7.723
    endloop
  endfacet
  facet normal -0.38268 0.923881 1.79791e-006
    outer loop
      vertex 8.2685 -13.0751 7.723
      vertex 11.6673 -11.6673 0
      vertex 8.23643 -13.0884 7.50383
    endloop
  endfacet
  facet normal -0.3827 0.923873 -8.59968e-006
    outer loop
      vertex 8.23643 -13.0884 7.50383
      vertex 11.6673 -11.6673 0
      vertex 8.22841 -13.0917 7.44903
    endloop
  endfacet
  facet normal -0.382679 0.923881 2.47841e-006
    outer loop
      vertex 8.22841 -13.0917 7.44903
      vertex 11.6673 -11.6673 0
      vertex 8.16208 -13.1192 7.1811
    endloop
  endfacet
  facet normal -0.382684 0.923879 -4.93087e-007
    outer loop
      vertex 11.6673 -11.6673 0
      vertex 7.61682 -13.345 6.18758
      vertex 7.65306 -13.33 6.2268
    endloop
  endfacet
  facet normal -0.382683 0.92388 4.70769e-007
    outer loop
      vertex 11.6673 -11.6673 0
      vertex 7.31253 -13.4711 5.89102
      vertex 7.47185 -13.4051 6.03067
    endloop
  endfacet
  facet normal -0.382688 0.923878 -3.58068e-006
    outer loop
      vertex 11.6673 -11.6673 0
      vertex 7.22971 -13.5054 5.82589
      vertex 7.27269 -13.4876 5.8561
    endloop
  endfacet
  facet normal -0.382683 0.92388 8.27589e-008
    outer loop
      vertex 11.6673 -11.6673 0
      vertex 6.39216 -13.8523 5.42227
      vertex 6.59019 -13.7703 5.4797
    endloop
  endfacet
  facet normal -0.382682 0.92388 1.55543e-006
    outer loop
      vertex 6.03836 -13.9988 5.36161
      vertex 11.6673 -11.6673 0
      vertex 5.83363 -14.0836 5.35
    endloop
  endfacet
  facet normal -0.382691 0.923876 -9.62232e-006
    outer loop
      vertex 6.08955 -13.9776 5.36452
      vertex 11.6673 -11.6673 0
      vertex 6.03836 -13.9988 5.36161
    endloop
  endfacet
  facet normal -0.382684 0.923879 -6.7702e-007
    outer loop
      vertex 6.34266 -13.8728 5.40791
      vertex 11.6673 -11.6673 0
      vertex 6.08955 -13.9776 5.36452
    endloop
  endfacet
  facet normal -0.382676 0.923883 8.93223e-006
    outer loop
      vertex 6.39216 -13.8523 5.42227
      vertex 11.6673 -11.6673 0
      vertex 6.34266 -13.8728 5.40791
    endloop
  endfacet
  facet normal -0.382684 0.923879 -7.39035e-009
    outer loop
      vertex 6.78159 -13.691 5.55922
      vertex 11.6673 -11.6673 0
      vertex 6.59019 -13.7703 5.4797
    endloop
  endfacet
  facet normal -0.382691 0.923876 -7.77582e-006
    outer loop
      vertex 6.82944 -13.6712 5.5791
      vertex 11.6673 -11.6673 0
      vertex 6.78159 -13.691 5.55922
    endloop
  endfacet
  facet normal -0.382674 0.923883 9.32592e-006
    outer loop
      vertex 6.8751 -13.6522 5.60429
      vertex 11.6673 -11.6673 0
      vertex 6.82944 -13.6712 5.5791
    endloop
  endfacet
  facet normal -0.382684 0.923879 -2.43149e-007
    outer loop
      vertex 7.05777 -13.5766 5.70503
      vertex 11.6673 -11.6673 0
      vertex 6.8751 -13.6522 5.60429
    endloop
  endfacet
  facet normal -0.382684 0.923879 1.44625e-008
    outer loop
      vertex 7.22971 -13.5054 5.82589
      vertex 11.6673 -11.6673 0
      vertex 7.05777 -13.5766 5.70503
    endloop
  endfacet
  facet normal -0.382683 0.92388 4.70769e-007
    outer loop
      vertex 7.31253 -13.4711 5.89102
      vertex 11.6673 -11.6673 0
      vertex 7.27269 -13.4876 5.8561
    endloop
  endfacet
  facet normal -0.382684 0.923879 -4.93086e-007
    outer loop
      vertex 7.61682 -13.345 6.18758
      vertex 11.6673 -11.6673 0
      vertex 7.47185 -13.4051 6.03067
    endloop
  endfacet
  facet normal -0.382679 0.923881 3.08823e-006
    outer loop
      vertex 7.68531 -13.3166 6.26992
      vertex 11.6673 -11.6673 0
      vertex 7.65306 -13.33 6.2268
    endloop
  endfacet
  facet normal -0.382685 0.923879 -1.1175e-006
    outer loop
      vertex 7.81433 -13.2632 6.44237
      vertex 11.6673 -11.6673 0
      vertex 7.68531 -13.3166 6.26992
    endloop
  endfacet
  facet normal -0.382684 0.923879 -1.03402e-007
    outer loop
      vertex 7.92599 -13.2169 6.62847
      vertex 11.6673 -11.6673 0
      vertex 7.81433 -13.2632 6.44237
    endloop
  endfacet
  facet normal -0.382683 0.92388 2.90342e-007
    outer loop
      vertex 7.9539 -13.2054 6.675
      vertex 11.6673 -11.6673 0
      vertex 7.92599 -13.2169 6.62847
    endloop
  endfacet
  facet normal -0.382678 0.923882 3.83742e-006
    outer loop
      vertex 7.97717 -13.1957 6.72443
      vertex 11.6673 -11.6673 0
      vertex 7.9539 -13.2054 6.675
    endloop
  endfacet
  facet normal -0.382682 0.92388 9.42033e-007
    outer loop
      vertex 8.07025 -13.1572 6.92215
      vertex 11.6673 -11.6673 0
      vertex 7.97717 -13.1957 6.72443
    endloop
  endfacet
  facet normal -0.382687 0.923878 -2.10215e-006
    outer loop
      vertex 8.16208 -13.1192 7.1811
      vertex 11.6673 -11.6673 0
      vertex 8.07025 -13.1572 6.92215
    endloop
  endfacet
  facet normal -0.382688 0.923877 -6.66098e-006
    outer loop
      vertex 5.78245 -14.1048 10.6471
      vertex 0 -16.5 15.75
      vertex 5.83363 -14.0836 10.65
    endloop
  endfacet
  facet normal -0.382683 0.92388 6.05326e-007
    outer loop
      vertex 5.57772 -14.1896 10.6355
      vertex 0 -16.5 15.75
      vertex 5.78245 -14.1048 10.6471
    endloop
  endfacet
  facet normal -0.382684 0.923879 -7.049e-007
    outer loop
      vertex 5.3246 -14.2945 10.5921
      vertex 0 -16.5 15.75
      vertex 5.57772 -14.1896 10.6355
    endloop
  endfacet
  facet normal -0.382683 0.92388 7.3177e-007
    outer loop
      vertex 5.12658 -14.3765 10.5347
      vertex 0 -16.5 15.75
      vertex 5.3246 -14.2945 10.5921
    endloop
  endfacet
  facet normal -0.382678 0.923882 6.1287e-006
    outer loop
      vertex 5.07707 -14.397 10.5203
      vertex 0 -16.5 15.75
      vertex 5.12658 -14.3765 10.5347
    endloop
  endfacet
  facet normal -0.382683 0.92388 6.51899e-007
    outer loop
      vertex 4.88567 -14.4763 10.4408
      vertex 0 -16.5 15.75
      vertex 5.07707 -14.397 10.5203
    endloop
  endfacet
  facet normal -0.382691 0.923876 -8.01578e-006
    outer loop
      vertex 4.83782 -14.4961 10.4209
      vertex 0 -16.5 15.75
      vertex 4.88567 -14.4763 10.4408
    endloop
  endfacet
  facet normal -0.382685 0.923879 -2.03121e-006
    outer loop
      vertex 4.79216 -14.515 10.3957
      vertex 0 -16.5 15.75
      vertex 4.83782 -14.4961 10.4209
    endloop
  endfacet
  facet normal -0.382682 0.92388 1.95362e-006
    outer loop
      vertex 4.60949 -14.5907 10.295
      vertex 0 -16.5 15.75
      vertex 4.79216 -14.515 10.3957
    endloop
  endfacet
  facet normal -0.382684 0.923879 1.48783e-008
    outer loop
      vertex 4.43755 -14.6619 10.1741
      vertex 0 -16.5 15.75
      vertex 4.60949 -14.5907 10.295
    endloop
  endfacet
  facet normal -0.382688 0.923878 -3.68363e-006
    outer loop
      vertex 4.39457 -14.6797 10.1439
      vertex 0 -16.5 15.75
      vertex 4.43755 -14.6619 10.1741
    endloop
  endfacet
  facet normal -0.382682 0.92388 1.01538e-006
    outer loop
      vertex 4.23524 -14.7457 10.0042
      vertex 0 -16.5 15.75
      vertex 4.39457 -14.6797 10.1439
    endloop
  endfacet
  facet normal -0.382683 0.92388 5.02506e-007
    outer loop
      vertex 4.19541 -14.7622 9.96933
      vertex 0 -16.5 15.75
      vertex 4.23524 -14.7457 10.0042
    endloop
  endfacet
  facet normal -0.382684 0.923879 -4.87351e-007
    outer loop
      vertex 4.15917 -14.7772 9.93011
      vertex 0 -16.5 15.75
      vertex 4.19541 -14.7622 9.96933
    endloop
  endfacet
  facet normal -0.382685 0.923879 -9.9457e-007
    outer loop
      vertex 4.0142 -14.8373 9.7732
      vertex 0 -16.5 15.75
      vertex 4.15917 -14.7772 9.93011
    endloop
  endfacet
  facet normal -0.382679 0.923881 3.1563e-006
    outer loop
      vertex 3.98195 -14.8506 9.73008
      vertex 0 -16.5 15.75
      vertex 4.0142 -14.8373 9.7732
    endloop
  endfacet
  facet normal -0.382685 0.923879 -1.3904e-006
    outer loop
      vertex 3.85293 -14.9041 9.55763
      vertex 0 -16.5 15.75
      vertex 3.98195 -14.8506 9.73008
    endloop
  endfacet
  facet normal -0.382684 0.923879 -3.62272e-007
    outer loop
      vertex 3.74127 -14.9503 9.37153
      vertex 0 -16.5 15.75
      vertex 3.85293 -14.9041 9.55763
    endloop
  endfacet
  facet normal -0.38268 0.923881 2.22046e-006
    outer loop
      vertex 3.71336 -14.9619 9.325
      vertex 0 -16.5 15.75
      vertex 3.74127 -14.9503 9.37153
    endloop
  endfacet
  facet normal -0.382679 0.923881 2.88719e-006
    outer loop
      vertex 3.69009 -14.9715 9.27557
      vertex 0 -16.5 15.75
      vertex 3.71336 -14.9619 9.325
    endloop
  endfacet
  facet normal -0.382683 0.92388 4.46665e-007
    outer loop
      vertex 3.59702 -15.0101 9.07785
      vertex 0 -16.5 15.75
      vertex 3.69009 -14.9715 9.27557
    endloop
  endfacet
  facet normal -0.382686 0.923879 -1.29958e-006
    outer loop
      vertex 3.50518 -15.0481 8.81889
      vertex 0 -16.5 15.75
      vertex 3.59702 -15.0101 9.07785
    endloop
  endfacet
  facet normal -0.382681 0.92388 1.17961e-006
    outer loop
      vertex 3.45212 -15.0701 8.60455
      vertex 0 -16.5 15.75
      vertex 3.50518 -15.0481 8.81889
    endloop
  endfacet
  facet normal -0.382691 0.923876 -4.25622e-006
    outer loop
      vertex 3.43885 -15.0756 8.55097
      vertex 0 -16.5 15.75
      vertex 3.45212 -15.0701 8.60455
    endloop
  endfacet
  facet normal -0.382684 0.923879 -2.93002e-007
    outer loop
      vertex 3.39876 -15.0922 8.277
      vertex 0 -16.5 15.75
      vertex 3.43885 -15.0756 8.55097
    endloop
  endfacet
  facet normal -0.382681 0.92388 1.13671e-006
    outer loop
      vertex 3.39608 -15.0933 8.2216
      vertex 0 -16.5 15.75
      vertex 3.39876 -15.0922 8.277
    endloop
  endfacet
  facet normal -0.382682 0.92388 7.64882e-007
    outer loop
      vertex 3.38535 -15.0977 8
      vertex 0 -16.5 15.75
      vertex 3.39608 -15.0933 8.2216
    endloop
  endfacet
  facet normal -0.382682 0.92388 -7.62431e-007
    outer loop
      vertex 0 -16.5 0
      vertex 3.38535 -15.0977 8
      vertex 3.39608 -15.0933 7.7784
    endloop
  endfacet
  facet normal -0.382681 0.92388 -1.13306e-006
    outer loop
      vertex 0 -16.5 0
      vertex 3.39608 -15.0933 7.7784
      vertex 3.39876 -15.0922 7.723
    endloop
  endfacet
  facet normal -0.382684 0.923879 2.90635e-007
    outer loop
      vertex 0 -16.5 0
      vertex 3.39876 -15.0922 7.723
      vertex 3.43885 -15.0756 7.44903
    endloop
  endfacet
  facet normal -0.382691 0.923876 4.20636e-006
    outer loop
      vertex 0 -16.5 0
      vertex 3.43885 -15.0756 7.44903
      vertex 3.45212 -15.0701 7.39545
    endloop
  endfacet
  facet normal -0.382681 0.92388 -1.16579e-006
    outer loop
      vertex 0 -16.5 0
      vertex 3.45212 -15.0701 7.39545
      vertex 3.50518 -15.0481 7.1811
    endloop
  endfacet
  facet normal -0.382686 0.923879 1.28054e-006
    outer loop
      vertex 0 -16.5 0
      vertex 3.50518 -15.0481 7.1811
      vertex 3.59702 -15.0101 6.92215
    endloop
  endfacet
  facet normal -0.382679 0.923881 -2.83762e-006
    outer loop
      vertex 0 -16.5 0
      vertex 3.69009 -14.9715 6.72443
      vertex 3.71336 -14.9619 6.675
    endloop
  endfacet
  facet normal -0.382684 0.923879 3.55231e-007
    outer loop
      vertex 0 -16.5 0
      vertex 3.74127 -14.9503 6.62847
      vertex 3.85293 -14.9041 6.44237
    endloop
  endfacet
  facet normal -0.382684 0.923879 -1.44625e-008
    outer loop
      vertex 0 -16.5 0
      vertex 4.43755 -14.6619 5.82589
      vertex 4.60949 -14.5907 5.70503
    endloop
  endfacet
  facet normal -0.382688 0.923877 6.36779e-006
    outer loop
      vertex 0 -16.5 0
      vertex 5.78245 -14.1048 5.3529
      vertex 5.83363 -14.0836 5.35
    endloop
  endfacet
  facet normal -0.382684 0.92388 0
    outer loop
      vertex 0 -16.5 0
      vertex 5.83363 -14.0836 5.35
      vertex 11.6673 -11.6673 0
    endloop
  endfacet
  facet normal -0.382683 0.92388 -5.78689e-007
    outer loop
      vertex 5.78245 -14.1048 5.3529
      vertex 0 -16.5 0
      vertex 5.57772 -14.1896 5.36452
    endloop
  endfacet
  facet normal -0.382684 0.923879 6.7702e-007
    outer loop
      vertex 5.57772 -14.1896 5.36452
      vertex 0 -16.5 0
      vertex 5.3246 -14.2945 5.40791
    endloop
  endfacet
  facet normal -0.382683 0.92388 -7.05455e-007
    outer loop
      vertex 5.3246 -14.2945 5.40791
      vertex 0 -16.5 0
      vertex 5.12658 -14.3765 5.46534
    endloop
  endfacet
  facet normal -0.382678 0.923882 -5.90831e-006
    outer loop
      vertex 5.12658 -14.3765 5.46534
      vertex 0 -16.5 0
      vertex 5.07707 -14.397 5.4797
    endloop
  endfacet
  facet normal -0.382683 0.92388 -6.30424e-007
    outer loop
      vertex 5.07707 -14.397 5.4797
      vertex 0 -16.5 0
      vertex 4.88567 -14.4763 5.55922
    endloop
  endfacet
  facet normal -0.382691 0.923876 7.75178e-006
    outer loop
      vertex 4.88567 -14.4763 5.55922
      vertex 0 -16.5 0
      vertex 4.83782 -14.4961 5.5791
    endloop
  endfacet
  facet normal -0.382685 0.923879 1.96964e-006
    outer loop
      vertex 4.83782 -14.4961 5.5791
      vertex 0 -16.5 0
      vertex 4.79216 -14.515 5.60429
    endloop
  endfacet
  facet normal -0.382682 0.92388 -1.8944e-006
    outer loop
      vertex 4.79216 -14.515 5.60429
      vertex 0 -16.5 0
      vertex 4.60949 -14.5907 5.70503
    endloop
  endfacet
  facet normal -0.382683 0.92388 0
    outer loop
      vertex 3.38535 -15.0977 8
      vertex 0 -16.5 0
      vertex 0 -16.5 15.75
    endloop
  endfacet
  facet normal -0.382683 0.92388 -4.38997e-007
    outer loop
      vertex 3.69009 -14.9715 6.72443
      vertex 0 -16.5 0
      vertex 3.59702 -15.0101 6.92215
    endloop
  endfacet
  facet normal -0.38268 0.923881 -2.17731e-006
    outer loop
      vertex 3.74127 -14.9503 6.62847
      vertex 0 -16.5 0
      vertex 3.71336 -14.9619 6.675
    endloop
  endfacet
  facet normal -0.382685 0.923879 1.36042e-006
    outer loop
      vertex 3.98195 -14.8506 6.26992
      vertex 0 -16.5 0
      vertex 3.85293 -14.9041 6.44237
    endloop
  endfacet
  facet normal -0.382679 0.923881 -3.08823e-006
    outer loop
      vertex 4.0142 -14.8373 6.2268
      vertex 0 -16.5 0
      vertex 3.98195 -14.8506 6.26992
    endloop
  endfacet
  facet normal -0.382685 0.923879 9.71051e-007
    outer loop
      vertex 4.15917 -14.7772 6.06989
      vertex 0 -16.5 0
      vertex 4.0142 -14.8373 6.2268
    endloop
  endfacet
  facet normal -0.382684 0.923879 4.75826e-007
    outer loop
      vertex 4.19541 -14.7622 6.03067
      vertex 0 -16.5 0
      vertex 4.15917 -14.7772 6.06989
    endloop
  endfacet
  facet normal -0.382683 0.92388 -4.89565e-007
    outer loop
      vertex 4.23524 -14.7457 5.99575
      vertex 0 -16.5 0
      vertex 4.19541 -14.7622 6.03067
    endloop
  endfacet
  facet normal -0.382682 0.92388 -9.89227e-007
    outer loop
      vertex 4.39457 -14.6797 5.8561
      vertex 0 -16.5 0
      vertex 4.23524 -14.7457 5.99575
    endloop
  endfacet
  facet normal -0.382688 0.923878 3.58068e-006
    outer loop
      vertex 4.43755 -14.6619 5.82589
      vertex 0 -16.5 0
      vertex 4.39457 -14.6797 5.8561
    endloop
  endfacet
  facet normal 0.92388 0.382683 0
    outer loop
      vertex -16.5 0 15.75
      vertex -15.0977 -3.38535 8
      vertex -16.5 0 0
    endloop
  endfacet
  facet normal 0.92388 0.382682 7.64882e-007
    outer loop
      vertex -16.5 0 15.75
      vertex -15.0933 -3.39608 8.2216
      vertex -15.0977 -3.38535 8
    endloop
  endfacet
  facet normal 0.92388 0.382681 1.13671e-006
    outer loop
      vertex -16.5 0 15.75
      vertex -15.0922 -3.39876 8.277
      vertex -15.0933 -3.39608 8.2216
    endloop
  endfacet
  facet normal 0.923879 0.382684 -2.93002e-007
    outer loop
      vertex -16.5 0 15.75
      vertex -15.0756 -3.43885 8.55097
      vertex -15.0922 -3.39876 8.277
    endloop
  endfacet
  facet normal 0.923876 0.382691 -4.25622e-006
    outer loop
      vertex -16.5 0 15.75
      vertex -15.0701 -3.45212 8.60455
      vertex -15.0756 -3.43885 8.55097
    endloop
  endfacet
  facet normal 0.92388 0.382681 1.17961e-006
    outer loop
      vertex -16.5 0 15.75
      vertex -15.0481 -3.50518 8.81889
      vertex -15.0701 -3.45212 8.60455
    endloop
  endfacet
  facet normal 0.923879 0.382686 -1.29958e-006
    outer loop
      vertex -16.5 0 15.75
      vertex -15.0101 -3.59702 9.07785
      vertex -15.0481 -3.50518 8.81889
    endloop
  endfacet
  facet normal 0.92388 0.382683 4.46665e-007
    outer loop
      vertex -16.5 0 15.75
      vertex -14.9715 -3.69009 9.27557
      vertex -15.0101 -3.59702 9.07785
    endloop
  endfacet
  facet normal 0.923881 0.382679 2.88719e-006
    outer loop
      vertex -16.5 0 15.75
      vertex -14.9619 -3.71336 9.325
      vertex -14.9715 -3.69009 9.27557
    endloop
  endfacet
  facet normal 0.923881 0.38268 2.22046e-006
    outer loop
      vertex -16.5 0 15.75
      vertex -14.9503 -3.74127 9.37153
      vertex -14.9619 -3.71336 9.325
    endloop
  endfacet
  facet normal 0.923879 0.382684 -3.62272e-007
    outer loop
      vertex -16.5 0 15.75
      vertex -14.9041 -3.85293 9.55763
      vertex -14.9503 -3.74127 9.37153
    endloop
  endfacet
  facet normal 0.923879 0.382685 -1.3904e-006
    outer loop
      vertex -16.5 0 15.75
      vertex -14.8506 -3.98195 9.73008
      vertex -14.9041 -3.85293 9.55763
    endloop
  endfacet
  facet normal 0.923881 0.382679 3.1563e-006
    outer loop
      vertex -16.5 0 15.75
      vertex -14.8373 -4.0142 9.7732
      vertex -14.8506 -3.98195 9.73008
    endloop
  endfacet
  facet normal 0.923879 0.382685 -9.9457e-007
    outer loop
      vertex -16.5 0 15.75
      vertex -14.7772 -4.15917 9.93011
      vertex -14.8373 -4.0142 9.7732
    endloop
  endfacet
  facet normal 0.923879 0.382684 -4.87351e-007
    outer loop
      vertex -16.5 0 15.75
      vertex -14.7622 -4.19541 9.96933
      vertex -14.7772 -4.15917 9.93011
    endloop
  endfacet
  facet normal 0.92388 0.382683 5.02506e-007
    outer loop
      vertex -16.5 0 15.75
      vertex -14.7457 -4.23524 10.0042
      vertex -14.7622 -4.19541 9.96933
    endloop
  endfacet
  facet normal 0.92388 0.382682 1.01538e-006
    outer loop
      vertex -16.5 0 15.75
      vertex -14.6797 -4.39457 10.1439
      vertex -14.7457 -4.23524 10.0042
    endloop
  endfacet
  facet normal 0.923878 0.382688 -3.68363e-006
    outer loop
      vertex -16.5 0 15.75
      vertex -14.6619 -4.43755 10.1741
      vertex -14.6797 -4.39457 10.1439
    endloop
  endfacet
  facet normal 0.923879 0.382684 1.48783e-008
    outer loop
      vertex -16.5 0 15.75
      vertex -14.5907 -4.60949 10.295
      vertex -14.6619 -4.43755 10.1741
    endloop
  endfacet
  facet normal 0.92388 0.382682 1.95362e-006
    outer loop
      vertex -16.5 0 15.75
      vertex -14.515 -4.79216 10.3957
      vertex -14.5907 -4.60949 10.295
    endloop
  endfacet
  facet normal 0.923879 0.382685 -2.03121e-006
    outer loop
      vertex -16.5 0 15.75
      vertex -14.4961 -4.83782 10.4209
      vertex -14.515 -4.79216 10.3957
    endloop
  endfacet
  facet normal 0.923876 0.382691 -8.01578e-006
    outer loop
      vertex -16.5 0 15.75
      vertex -14.4763 -4.88567 10.4408
      vertex -14.4961 -4.83782 10.4209
    endloop
  endfacet
  facet normal 0.92388 0.382683 6.51899e-007
    outer loop
      vertex -16.5 0 15.75
      vertex -14.397 -5.07707 10.5203
      vertex -14.4763 -4.88567 10.4408
    endloop
  endfacet
  facet normal 0.923882 0.382678 6.1287e-006
    outer loop
      vertex -16.5 0 15.75
      vertex -14.3765 -5.12658 10.5347
      vertex -14.397 -5.07707 10.5203
    endloop
  endfacet
  facet normal 0.92388 0.382683 7.3177e-007
    outer loop
      vertex -16.5 0 15.75
      vertex -14.2945 -5.3246 10.5921
      vertex -14.3765 -5.12658 10.5347
    endloop
  endfacet
  facet normal 0.923879 0.382684 -7.049e-007
    outer loop
      vertex -16.5 0 15.75
      vertex -14.1896 -5.57772 10.6355
      vertex -14.2945 -5.3246 10.5921
    endloop
  endfacet
  facet normal 0.92388 0.382683 6.05326e-007
    outer loop
      vertex -16.5 0 15.75
      vertex -14.1048 -5.78245 10.6471
      vertex -14.1896 -5.57772 10.6355
    endloop
  endfacet
  facet normal 0.923877 0.382688 -6.66098e-006
    outer loop
      vertex -16.5 0 15.75
      vertex -14.0836 -5.83363 10.65
      vertex -14.1048 -5.78245 10.6471
    endloop
  endfacet
  facet normal 0.92388 0.382684 0
    outer loop
      vertex -11.6673 -11.6673 15.75
      vertex -14.0836 -5.83363 10.65
      vertex -16.5 0 15.75
    endloop
  endfacet
  facet normal 0.92388 0.382682 -1.62703e-006
    outer loop
      vertex -14.0836 -5.83363 10.65
      vertex -11.6673 -11.6673 15.75
      vertex -13.9988 -6.03836 10.6384
    endloop
  endfacet
  facet normal 0.923876 0.382691 1.00654e-005
    outer loop
      vertex -13.9988 -6.03836 10.6384
      vertex -11.6673 -11.6673 15.75
      vertex -13.9776 -6.08955 10.6355
    endloop
  endfacet
  facet normal 0.923879 0.382684 7.049e-007
    outer loop
      vertex -13.9776 -6.08955 10.6355
      vertex -11.6673 -11.6673 15.75
      vertex -13.8728 -6.34266 10.5921
    endloop
  endfacet
  facet normal 0.923883 0.382676 -9.26541e-006
    outer loop
      vertex -13.8728 -6.34266 10.5921
      vertex -11.6673 -11.6673 15.75
      vertex -13.8523 -6.39216 10.5777
    endloop
  endfacet
  facet normal 0.92388 0.382683 -8.58459e-008
    outer loop
      vertex -13.8523 -6.39216 10.5777
      vertex -11.6673 -11.6673 15.75
      vertex -13.7703 -6.59019 10.5203
    endloop
  endfacet
  facet normal 0.923879 0.382684 7.64211e-009
    outer loop
      vertex -13.7703 -6.59019 10.5203
      vertex -11.6673 -11.6673 15.75
      vertex -13.691 -6.78159 10.4408
    endloop
  endfacet
  facet normal 0.923876 0.382691 8.04064e-006
    outer loop
      vertex -13.691 -6.78159 10.4408
      vertex -11.6673 -11.6673 15.75
      vertex -13.6712 -6.82944 10.4209
    endloop
  endfacet
  facet normal 0.923883 0.382674 -9.61745e-006
    outer loop
      vertex -13.6712 -6.82944 10.4209
      vertex -11.6673 -11.6673 15.75
      vertex -13.6522 -6.8751 10.3957
    endloop
  endfacet
  facet normal 0.923879 0.382684 2.5075e-007
    outer loop
      vertex -13.6522 -6.8751 10.3957
      vertex -11.6673 -11.6673 15.75
      vertex -13.5766 -7.05777 10.295
    endloop
  endfacet
  facet normal 0.923879 0.382684 -1.48783e-008
    outer loop
      vertex -13.5766 -7.05777 10.295
      vertex -11.6673 -11.6673 15.75
      vertex -13.5054 -7.22971 10.1741
    endloop
  endfacet
  facet normal 0.92388 0.382683 -4.83212e-007
    outer loop
      vertex -11.6673 -11.6673 15.75
      vertex -13.4711 -7.31253 10.109
      vertex -13.4876 -7.27269 10.1439
    endloop
  endfacet
  facet normal 0.923879 0.382684 5.05028e-007
    outer loop
      vertex -11.6673 -11.6673 15.75
      vertex -13.345 -7.61682 9.81242
      vertex -13.4051 -7.47185 9.96933
    endloop
  endfacet
  facet normal 0.923873 0.382699 8.66965e-006
    outer loop
      vertex -11.6673 -11.6673 15.75
      vertex -13.0884 -8.23643 8.49617
      vertex -13.0917 -8.22841 8.55097
    endloop
  endfacet
  facet normal 0.923878 0.382688 2.44536e-006
    outer loop
      vertex -11.6673 -11.6673 15.75
      vertex -13.0706 -8.27923 8.0554
      vertex -13.0751 -8.2685 8.277
    endloop
  endfacet
  facet normal 0.923882 0.382678 -2.62044e-006
    outer loop
      vertex -13.0706 -8.27923 8.0554
      vertex -11.6673 -11.6673 15.75
      vertex -13.0695 -8.28191 8
    endloop
  endfacet
  facet normal 0.923881 0.38268 -1.81256e-006
    outer loop
      vertex -13.0884 -8.23643 8.49617
      vertex -11.6673 -11.6673 15.75
      vertex -13.0751 -8.2685 8.277
    endloop
  endfacet
  facet normal 0.923881 0.382679 -2.50778e-006
    outer loop
      vertex -13.1192 -8.16208 8.81889
      vertex -11.6673 -11.6673 15.75
      vertex -13.0917 -8.22841 8.55097
    endloop
  endfacet
  facet normal 0.923878 0.382687 2.13341e-006
    outer loop
      vertex -13.1572 -8.07025 9.07785
      vertex -11.6673 -11.6673 15.75
      vertex -13.1192 -8.16208 8.81889
    endloop
  endfacet
  facet normal 0.92388 0.382682 -9.58486e-007
    outer loop
      vertex -13.1957 -7.97717 9.27557
      vertex -11.6673 -11.6673 15.75
      vertex -13.1572 -8.07025 9.07785
    endloop
  endfacet
  facet normal 0.923882 0.382678 -3.90444e-006
    outer loop
      vertex -13.2054 -7.9539 9.325
      vertex -11.6673 -11.6673 15.75
      vertex -13.1957 -7.97717 9.27557
    endloop
  endfacet
  facet normal 0.92388 0.382683 -2.96096e-007
    outer loop
      vertex -13.2169 -7.92599 9.37153
      vertex -11.6673 -11.6673 15.75
      vertex -13.2054 -7.9539 9.325
    endloop
  endfacet
  facet normal 0.923879 0.382684 1.05452e-007
    outer loop
      vertex -13.2632 -7.81433 9.55763
      vertex -11.6673 -11.6673 15.75
      vertex -13.2169 -7.92599 9.37153
    endloop
  endfacet
  facet normal 0.923879 0.382685 1.14213e-006
    outer loop
      vertex -13.3166 -7.68531 9.73008
      vertex -11.6673 -11.6673 15.75
      vertex -13.2632 -7.81433 9.55763
    endloop
  endfacet
  facet normal 0.923881 0.382679 -3.1563e-006
    outer loop
      vertex -13.33 -7.65306 9.7732
      vertex -11.6673 -11.6673 15.75
      vertex -13.3166 -7.68531 9.73008
    endloop
  endfacet
  facet normal 0.923879 0.382684 5.0503e-007
    outer loop
      vertex -13.345 -7.61682 9.81242
      vertex -11.6673 -11.6673 15.75
      vertex -13.33 -7.65306 9.7732
    endloop
  endfacet
  facet normal 0.92388 0.382683 -4.83212e-007
    outer loop
      vertex -13.4711 -7.31253 10.109
      vertex -11.6673 -11.6673 15.75
      vertex -13.4051 -7.47185 9.96933
    endloop
  endfacet
  facet normal 0.923878 0.382688 3.68363e-006
    outer loop
      vertex -13.5054 -7.22971 10.1741
      vertex -11.6673 -11.6673 15.75
      vertex -13.4876 -7.27269 10.1439
    endloop
  endfacet
  facet normal 0.92388 0.382682 -7.62431e-007
    outer loop
      vertex -15.0933 -3.39608 7.7784
      vertex -16.5 0 0
      vertex -15.0977 -3.38535 8
    endloop
  endfacet
  facet normal 0.92388 0.382681 -1.13306e-006
    outer loop
      vertex -15.0922 -3.39876 7.723
      vertex -16.5 0 0
      vertex -15.0933 -3.39608 7.7784
    endloop
  endfacet
  facet normal 0.923879 0.382684 2.90635e-007
    outer loop
      vertex -15.0756 -3.43885 7.44903
      vertex -16.5 0 0
      vertex -15.0922 -3.39876 7.723
    endloop
  endfacet
  facet normal 0.923876 0.382691 4.20636e-006
    outer loop
      vertex -15.0701 -3.45212 7.39545
      vertex -16.5 0 0
      vertex -15.0756 -3.43885 7.44903
    endloop
  endfacet
  facet normal 0.92388 0.382681 -1.16579e-006
    outer loop
      vertex -15.0481 -3.50518 7.1811
      vertex -16.5 0 0
      vertex -15.0701 -3.45212 7.39545
    endloop
  endfacet
  facet normal 0.923879 0.382686 1.28054e-006
    outer loop
      vertex -15.0101 -3.59702 6.92215
      vertex -16.5 0 0
      vertex -15.0481 -3.50518 7.1811
    endloop
  endfacet
  facet normal 0.92388 0.382683 -4.38997e-007
    outer loop
      vertex -14.9715 -3.69009 6.72443
      vertex -16.5 0 0
      vertex -15.0101 -3.59702 6.92215
    endloop
  endfacet
  facet normal 0.923881 0.382679 -2.83762e-006
    outer loop
      vertex -14.9619 -3.71336 6.675
      vertex -16.5 0 0
      vertex -14.9715 -3.69009 6.72443
    endloop
  endfacet
  facet normal 0.923881 0.38268 -2.17731e-006
    outer loop
      vertex -14.9503 -3.74127 6.62847
      vertex -16.5 0 0
      vertex -14.9619 -3.71336 6.675
    endloop
  endfacet
  facet normal 0.923879 0.382684 3.55231e-007
    outer loop
      vertex -14.9041 -3.85293 6.44237
      vertex -16.5 0 0
      vertex -14.9503 -3.74127 6.62847
    endloop
  endfacet
  facet normal 0.923879 0.382685 1.36042e-006
    outer loop
      vertex -14.8506 -3.98195 6.26992
      vertex -16.5 0 0
      vertex -14.9041 -3.85293 6.44237
    endloop
  endfacet
  facet normal 0.923881 0.382679 -3.08823e-006
    outer loop
      vertex -14.8373 -4.0142 6.2268
      vertex -16.5 0 0
      vertex -14.8506 -3.98195 6.26992
    endloop
  endfacet
  facet normal 0.923879 0.382685 9.71051e-007
    outer loop
      vertex -14.7772 -4.15917 6.06989
      vertex -16.5 0 0
      vertex -14.8373 -4.0142 6.2268
    endloop
  endfacet
  facet normal 0.923879 0.382684 4.75826e-007
    outer loop
      vertex -14.7622 -4.19541 6.03067
      vertex -16.5 0 0
      vertex -14.7772 -4.15917 6.06989
    endloop
  endfacet
  facet normal 0.92388 0.382683 -4.89565e-007
    outer loop
      vertex -14.7457 -4.23524 5.99575
      vertex -16.5 0 0
      vertex -14.7622 -4.19541 6.03067
    endloop
  endfacet
  facet normal 0.92388 0.382682 -9.89227e-007
    outer loop
      vertex -14.6797 -4.39457 5.8561
      vertex -16.5 0 0
      vertex -14.7457 -4.23524 5.99575
    endloop
  endfacet
  facet normal 0.923878 0.382688 3.58068e-006
    outer loop
      vertex -14.6619 -4.43755 5.82589
      vertex -16.5 0 0
      vertex -14.6797 -4.39457 5.8561
    endloop
  endfacet
  facet normal 0.923879 0.382684 -1.44625e-008
    outer loop
      vertex -14.5907 -4.60949 5.70503
      vertex -16.5 0 0
      vertex -14.6619 -4.43755 5.82589
    endloop
  endfacet
  facet normal 0.92388 0.382682 -1.8944e-006
    outer loop
      vertex -14.515 -4.79216 5.60429
      vertex -16.5 0 0
      vertex -14.5907 -4.60949 5.70503
    endloop
  endfacet
  facet normal 0.923879 0.382685 1.96964e-006
    outer loop
      vertex -14.4961 -4.83782 5.5791
      vertex -16.5 0 0
      vertex -14.515 -4.79216 5.60429
    endloop
  endfacet
  facet normal 0.923876 0.382691 7.75178e-006
    outer loop
      vertex -14.4763 -4.88567 5.55922
      vertex -16.5 0 0
      vertex -14.4961 -4.83782 5.5791
    endloop
  endfacet
  facet normal 0.92388 0.382683 -6.30424e-007
    outer loop
      vertex -14.397 -5.07707 5.4797
      vertex -16.5 0 0
      vertex -14.4763 -4.88567 5.55922
    endloop
  endfacet
  facet normal 0.923882 0.382678 -5.90831e-006
    outer loop
      vertex -14.3765 -5.12658 5.46534
      vertex -16.5 0 0
      vertex -14.397 -5.07707 5.4797
    endloop
  endfacet
  facet normal 0.92388 0.382683 -7.05455e-007
    outer loop
      vertex -14.2945 -5.3246 5.40791
      vertex -16.5 0 0
      vertex -14.3765 -5.12658 5.46534
    endloop
  endfacet
  facet normal 0.923879 0.382684 6.7702e-007
    outer loop
      vertex -14.1896 -5.57772 5.36452
      vertex -16.5 0 0
      vertex -14.2945 -5.3246 5.40791
    endloop
  endfacet
  facet normal 0.92388 0.382683 -5.78689e-007
    outer loop
      vertex -14.1048 -5.78245 5.3529
      vertex -16.5 0 0
      vertex -14.1896 -5.57772 5.36452
    endloop
  endfacet
  facet normal 0.923877 0.382688 6.36779e-006
    outer loop
      vertex -14.0836 -5.83363 5.35
      vertex -16.5 0 0
      vertex -14.1048 -5.78245 5.3529
    endloop
  endfacet
  facet normal 0.92388 0.382682 1.55543e-006
    outer loop
      vertex -11.6673 -11.6673 0
      vertex -14.0836 -5.83363 5.35
      vertex -13.9988 -6.03836 5.36161
    endloop
  endfacet
  facet normal 0.923876 0.382691 -9.62232e-006
    outer loop
      vertex -11.6673 -11.6673 0
      vertex -13.9988 -6.03836 5.36161
      vertex -13.9776 -6.08955 5.36452
    endloop
  endfacet
  facet normal 0.923879 0.382684 -6.7702e-007
    outer loop
      vertex -11.6673 -11.6673 0
      vertex -13.9776 -6.08955 5.36452
      vertex -13.8728 -6.34266 5.40791
    endloop
  endfacet
  facet normal 0.923883 0.382676 8.93223e-006
    outer loop
      vertex -11.6673 -11.6673 0
      vertex -13.8728 -6.34266 5.40791
      vertex -13.8523 -6.39216 5.42227
    endloop
  endfacet
  facet normal 0.92388 0.382683 8.27589e-008
    outer loop
      vertex -11.6673 -11.6673 0
      vertex -13.8523 -6.39216 5.42227
      vertex -13.7703 -6.59019 5.4797
    endloop
  endfacet
  facet normal 0.923879 0.382684 -7.39035e-009
    outer loop
      vertex -11.6673 -11.6673 0
      vertex -13.7703 -6.59019 5.4797
      vertex -13.691 -6.78159 5.55922
    endloop
  endfacet
  facet normal 0.923876 0.382691 -7.77582e-006
    outer loop
      vertex -11.6673 -11.6673 0
      vertex -13.691 -6.78159 5.55922
      vertex -13.6712 -6.82944 5.5791
    endloop
  endfacet
  facet normal 0.923883 0.382674 9.32592e-006
    outer loop
      vertex -11.6673 -11.6673 0
      vertex -13.6712 -6.82944 5.5791
      vertex -13.6522 -6.8751 5.60429
    endloop
  endfacet
  facet normal 0.923879 0.382684 -2.43149e-007
    outer loop
      vertex -11.6673 -11.6673 0
      vertex -13.6522 -6.8751 5.60429
      vertex -13.5766 -7.05777 5.70503
    endloop
  endfacet
  facet normal 0.923879 0.382684 1.44625e-008
    outer loop
      vertex -11.6673 -11.6673 0
      vertex -13.5766 -7.05777 5.70503
      vertex -13.5054 -7.22971 5.82589
    endloop
  endfacet
  facet normal 0.923878 0.382688 -3.58068e-006
    outer loop
      vertex -11.6673 -11.6673 0
      vertex -13.5054 -7.22971 5.82589
      vertex -13.4876 -7.27269 5.8561
    endloop
  endfacet
  facet normal 0.92388 0.382683 4.70769e-007
    outer loop
      vertex -11.6673 -11.6673 0
      vertex -13.4711 -7.31253 5.89102
      vertex -13.4051 -7.47185 6.03067
    endloop
  endfacet
  facet normal 0.923879 0.382684 -4.93087e-007
    outer loop
      vertex -11.6673 -11.6673 0
      vertex -13.345 -7.61682 6.18758
      vertex -13.33 -7.65306 6.2268
    endloop
  endfacet
  facet normal 0.923881 0.38268 1.79791e-006
    outer loop
      vertex -11.6673 -11.6673 0
      vertex -13.0884 -8.23643 7.50383
      vertex -13.0751 -8.2685 7.723
    endloop
  endfacet
  facet normal 0.923882 0.382678 2.61203e-006
    outer loop
      vertex -11.6673 -11.6673 0
      vertex -13.0706 -8.27923 7.9446
      vertex -13.0695 -8.28191 8
    endloop
  endfacet
  facet normal 0.92388 0.382684 -0
    outer loop
      vertex -11.6673 -11.6673 0
      vertex -13.0695 -8.28191 8
      vertex -11.6673 -11.6673 15.75
    endloop
  endfacet
  facet normal 0.923877 0.382688 -2.43753e-006
    outer loop
      vertex -13.0706 -8.27923 7.9446
      vertex -11.6673 -11.6673 0
      vertex -13.0751 -8.2685 7.723
    endloop
  endfacet
  facet normal 0.923873 0.3827 -8.59968e-006
    outer loop
      vertex -13.0884 -8.23643 7.50383
      vertex -11.6673 -11.6673 0
      vertex -13.0917 -8.22841 7.44903
    endloop
  endfacet
  facet normal 0.923881 0.382679 2.47841e-006
    outer loop
      vertex -13.0917 -8.22841 7.44903
      vertex -11.6673 -11.6673 0
      vertex -13.1192 -8.16208 7.1811
    endloop
  endfacet
  facet normal 0.92388 0.382684 0
    outer loop
      vertex -14.0836 -5.83363 5.35
      vertex -11.6673 -11.6673 0
      vertex -16.5 0 0
    endloop
  endfacet
  facet normal 0.92388 0.382683 4.70769e-007
    outer loop
      vertex -13.4711 -7.31253 5.89102
      vertex -11.6673 -11.6673 0
      vertex -13.4876 -7.27269 5.8561
    endloop
  endfacet
  facet normal 0.923879 0.382684 -4.93086e-007
    outer loop
      vertex -13.345 -7.61682 6.18758
      vertex -11.6673 -11.6673 0
      vertex -13.4051 -7.47185 6.03067
    endloop
  endfacet
  facet normal 0.923881 0.382679 3.08823e-006
    outer loop
      vertex -13.3166 -7.68531 6.26992
      vertex -11.6673 -11.6673 0
      vertex -13.33 -7.65306 6.2268
    endloop
  endfacet
  facet normal 0.923879 0.382685 -1.1175e-006
    outer loop
      vertex -13.2632 -7.81433 6.44237
      vertex -11.6673 -11.6673 0
      vertex -13.3166 -7.68531 6.26992
    endloop
  endfacet
  facet normal 0.923879 0.382684 -1.03402e-007
    outer loop
      vertex -13.2169 -7.92599 6.62847
      vertex -11.6673 -11.6673 0
      vertex -13.2632 -7.81433 6.44237
    endloop
  endfacet
  facet normal 0.92388 0.382683 2.90342e-007
    outer loop
      vertex -13.2054 -7.9539 6.675
      vertex -11.6673 -11.6673 0
      vertex -13.2169 -7.92599 6.62847
    endloop
  endfacet
  facet normal 0.923882 0.382678 3.83742e-006
    outer loop
      vertex -13.1957 -7.97717 6.72443
      vertex -11.6673 -11.6673 0
      vertex -13.2054 -7.9539 6.675
    endloop
  endfacet
  facet normal 0.92388 0.382682 9.42033e-007
    outer loop
      vertex -13.1572 -8.07025 6.92215
      vertex -11.6673 -11.6673 0
      vertex -13.1957 -7.97717 6.72443
    endloop
  endfacet
  facet normal 0.923878 0.382687 -2.10215e-006
    outer loop
      vertex -13.1192 -8.16208 7.1811
      vertex -11.6673 -11.6673 0
      vertex -13.1572 -8.07025 6.92215
    endloop
  endfacet
  facet normal 0.382684 0.92388 0
    outer loop
      vertex 0 -16.5 15.75
      vertex -5.83363 -14.0836 10.65
      vertex -11.6673 -11.6673 15.75
    endloop
  endfacet
  facet normal 0.382688 0.923877 -6.66098e-006
    outer loop
      vertex 0 -16.5 15.75
      vertex -5.78245 -14.1048 10.6471
      vertex -5.83363 -14.0836 10.65
    endloop
  endfacet
  facet normal 0.382683 0.92388 6.05326e-007
    outer loop
      vertex 0 -16.5 15.75
      vertex -5.57772 -14.1896 10.6355
      vertex -5.78245 -14.1048 10.6471
    endloop
  endfacet
  facet normal 0.382684 0.923879 -7.049e-007
    outer loop
      vertex 0 -16.5 15.75
      vertex -5.3246 -14.2945 10.5921
      vertex -5.57772 -14.1896 10.6355
    endloop
  endfacet
  facet normal 0.382683 0.92388 7.3177e-007
    outer loop
      vertex 0 -16.5 15.75
      vertex -5.12658 -14.3765 10.5347
      vertex -5.3246 -14.2945 10.5921
    endloop
  endfacet
  facet normal 0.382678 0.923882 6.1287e-006
    outer loop
      vertex 0 -16.5 15.75
      vertex -5.07707 -14.397 10.5203
      vertex -5.12658 -14.3765 10.5347
    endloop
  endfacet
  facet normal 0.382683 0.92388 6.51899e-007
    outer loop
      vertex 0 -16.5 15.75
      vertex -4.88567 -14.4763 10.4408
      vertex -5.07707 -14.397 10.5203
    endloop
  endfacet
  facet normal 0.382691 0.923876 -8.01578e-006
    outer loop
      vertex 0 -16.5 15.75
      vertex -4.83782 -14.4961 10.4209
      vertex -4.88567 -14.4763 10.4408
    endloop
  endfacet
  facet normal 0.382685 0.923879 -2.03121e-006
    outer loop
      vertex 0 -16.5 15.75
      vertex -4.79216 -14.515 10.3957
      vertex -4.83782 -14.4961 10.4209
    endloop
  endfacet
  facet normal 0.382682 0.92388 1.95362e-006
    outer loop
      vertex 0 -16.5 15.75
      vertex -4.60949 -14.5907 10.295
      vertex -4.79216 -14.515 10.3957
    endloop
  endfacet
  facet normal 0.382684 0.923879 1.48783e-008
    outer loop
      vertex 0 -16.5 15.75
      vertex -4.43755 -14.6619 10.1741
      vertex -4.60949 -14.5907 10.295
    endloop
  endfacet
  facet normal 0.382688 0.923878 -3.68363e-006
    outer loop
      vertex 0 -16.5 15.75
      vertex -4.39457 -14.6797 10.1439
      vertex -4.43755 -14.6619 10.1741
    endloop
  endfacet
  facet normal 0.382682 0.92388 1.01538e-006
    outer loop
      vertex 0 -16.5 15.75
      vertex -4.23524 -14.7457 10.0042
      vertex -4.39457 -14.6797 10.1439
    endloop
  endfacet
  facet normal 0.382683 0.92388 5.02506e-007
    outer loop
      vertex 0 -16.5 15.75
      vertex -4.19541 -14.7622 9.96933
      vertex -4.23524 -14.7457 10.0042
    endloop
  endfacet
  facet normal 0.382684 0.923879 -4.87351e-007
    outer loop
      vertex 0 -16.5 15.75
      vertex -4.15917 -14.7772 9.93011
      vertex -4.19541 -14.7622 9.96933
    endloop
  endfacet
  facet normal 0.382685 0.923879 -9.9457e-007
    outer loop
      vertex 0 -16.5 15.75
      vertex -4.0142 -14.8373 9.7732
      vertex -4.15917 -14.7772 9.93011
    endloop
  endfacet
  facet normal 0.382679 0.923881 3.1563e-006
    outer loop
      vertex 0 -16.5 15.75
      vertex -3.98195 -14.8506 9.73008
      vertex -4.0142 -14.8373 9.7732
    endloop
  endfacet
  facet normal 0.382685 0.923879 -1.3904e-006
    outer loop
      vertex 0 -16.5 15.75
      vertex -3.85293 -14.9041 9.55763
      vertex -3.98195 -14.8506 9.73008
    endloop
  endfacet
  facet normal 0.382684 0.923879 -3.62272e-007
    outer loop
      vertex 0 -16.5 15.75
      vertex -3.74127 -14.9503 9.37153
      vertex -3.85293 -14.9041 9.55763
    endloop
  endfacet
  facet normal 0.38268 0.923881 2.22046e-006
    outer loop
      vertex 0 -16.5 15.75
      vertex -3.71336 -14.9619 9.325
      vertex -3.74127 -14.9503 9.37153
    endloop
  endfacet
  facet normal 0.382679 0.923881 2.88719e-006
    outer loop
      vertex 0 -16.5 15.75
      vertex -3.69009 -14.9715 9.27557
      vertex -3.71336 -14.9619 9.325
    endloop
  endfacet
  facet normal 0.382683 0.92388 4.46665e-007
    outer loop
      vertex 0 -16.5 15.75
      vertex -3.59702 -15.0101 9.07785
      vertex -3.69009 -14.9715 9.27557
    endloop
  endfacet
  facet normal 0.382686 0.923879 -1.29958e-006
    outer loop
      vertex 0 -16.5 15.75
      vertex -3.50518 -15.0481 8.81889
      vertex -3.59702 -15.0101 9.07785
    endloop
  endfacet
  facet normal 0.382681 0.92388 1.17961e-006
    outer loop
      vertex 0 -16.5 15.75
      vertex -3.45212 -15.0701 8.60455
      vertex -3.50518 -15.0481 8.81889
    endloop
  endfacet
  facet normal 0.382691 0.923876 -4.25622e-006
    outer loop
      vertex 0 -16.5 15.75
      vertex -3.43885 -15.0756 8.55097
      vertex -3.45212 -15.0701 8.60455
    endloop
  endfacet
  facet normal 0.382684 0.923879 -2.93002e-007
    outer loop
      vertex 0 -16.5 15.75
      vertex -3.39876 -15.0922 8.277
      vertex -3.43885 -15.0756 8.55097
    endloop
  endfacet
  facet normal 0.382681 0.92388 1.13671e-006
    outer loop
      vertex 0 -16.5 15.75
      vertex -3.39608 -15.0933 8.2216
      vertex -3.39876 -15.0922 8.277
    endloop
  endfacet
  facet normal 0.382682 0.92388 7.64882e-007
    outer loop
      vertex 0 -16.5 15.75
      vertex -3.38535 -15.0977 8
      vertex -3.39608 -15.0933 8.2216
    endloop
  endfacet
  facet normal 0.382683 0.92388 -0
    outer loop
      vertex 0 -16.5 0
      vertex -3.38535 -15.0977 8
      vertex 0 -16.5 15.75
    endloop
  endfacet
  facet normal 0.382682 0.92388 -7.62431e-007
    outer loop
      vertex -3.38535 -15.0977 8
      vertex 0 -16.5 0
      vertex -3.39608 -15.0933 7.7784
    endloop
  endfacet
  facet normal 0.382681 0.92388 -1.13306e-006
    outer loop
      vertex -3.39608 -15.0933 7.7784
      vertex 0 -16.5 0
      vertex -3.39876 -15.0922 7.723
    endloop
  endfacet
  facet normal 0.382684 0.923879 2.90635e-007
    outer loop
      vertex -3.39876 -15.0922 7.723
      vertex 0 -16.5 0
      vertex -3.43885 -15.0756 7.44903
    endloop
  endfacet
  facet normal 0.382691 0.923876 4.20636e-006
    outer loop
      vertex -3.43885 -15.0756 7.44903
      vertex 0 -16.5 0
      vertex -3.45212 -15.0701 7.39545
    endloop
  endfacet
  facet normal 0.382681 0.92388 -1.16579e-006
    outer loop
      vertex -3.45212 -15.0701 7.39545
      vertex 0 -16.5 0
      vertex -3.50518 -15.0481 7.1811
    endloop
  endfacet
  facet normal 0.382683 0.92388 -4.38997e-007
    outer loop
      vertex 0 -16.5 0
      vertex -3.69009 -14.9715 6.72443
      vertex -3.59702 -15.0101 6.92215
    endloop
  endfacet
  facet normal 0.38268 0.923881 -2.17731e-006
    outer loop
      vertex 0 -16.5 0
      vertex -3.74127 -14.9503 6.62847
      vertex -3.71336 -14.9619 6.675
    endloop
  endfacet
  facet normal 0.382688 0.923878 3.58068e-006
    outer loop
      vertex 0 -16.5 0
      vertex -4.43755 -14.6619 5.82589
      vertex -4.39457 -14.6797 5.8561
    endloop
  endfacet
  facet normal 0.382683 0.92388 -5.78689e-007
    outer loop
      vertex 0 -16.5 0
      vertex -5.78245 -14.1048 5.3529
      vertex -5.57772 -14.1896 5.36452
    endloop
  endfacet
  facet normal 0.382688 0.923877 6.36779e-006
    outer loop
      vertex -5.78245 -14.1048 5.3529
      vertex 0 -16.5 0
      vertex -5.83363 -14.0836 5.35
    endloop
  endfacet
  facet normal 0.382684 0.923879 6.7702e-007
    outer loop
      vertex -5.3246 -14.2945 5.40791
      vertex 0 -16.5 0
      vertex -5.57772 -14.1896 5.36452
    endloop
  endfacet
  facet normal 0.382683 0.92388 -7.05455e-007
    outer loop
      vertex -5.12658 -14.3765 5.46534
      vertex 0 -16.5 0
      vertex -5.3246 -14.2945 5.40791
    endloop
  endfacet
  facet normal 0.382678 0.923882 -5.90831e-006
    outer loop
      vertex -5.07707 -14.397 5.4797
      vertex 0 -16.5 0
      vertex -5.12658 -14.3765 5.46534
    endloop
  endfacet
  facet normal 0.382683 0.92388 -6.30424e-007
    outer loop
      vertex -4.88567 -14.4763 5.55922
      vertex 0 -16.5 0
      vertex -5.07707 -14.397 5.4797
    endloop
  endfacet
  facet normal 0.382691 0.923876 7.75178e-006
    outer loop
      vertex -4.83782 -14.4961 5.5791
      vertex 0 -16.5 0
      vertex -4.88567 -14.4763 5.55922
    endloop
  endfacet
  facet normal 0.382685 0.923879 1.96964e-006
    outer loop
      vertex -4.79216 -14.515 5.60429
      vertex 0 -16.5 0
      vertex -4.83782 -14.4961 5.5791
    endloop
  endfacet
  facet normal 0.382682 0.92388 -1.8944e-006
    outer loop
      vertex -4.60949 -14.5907 5.70503
      vertex 0 -16.5 0
      vertex -4.79216 -14.515 5.60429
    endloop
  endfacet
  facet normal 0.382684 0.923879 -1.44625e-008
    outer loop
      vertex -4.43755 -14.6619 5.82589
      vertex 0 -16.5 0
      vertex -4.60949 -14.5907 5.70503
    endloop
  endfacet
  facet normal 0.382682 0.92388 -9.89227e-007
    outer loop
      vertex -4.23524 -14.7457 5.99575
      vertex 0 -16.5 0
      vertex -4.39457 -14.6797 5.8561
    endloop
  endfacet
  facet normal 0.382683 0.92388 -4.89565e-007
    outer loop
      vertex -4.19541 -14.7622 6.03067
      vertex 0 -16.5 0
      vertex -4.23524 -14.7457 5.99575
    endloop
  endfacet
  facet normal 0.382684 0.923879 4.75826e-007
    outer loop
      vertex -4.15917 -14.7772 6.06989
      vertex 0 -16.5 0
      vertex -4.19541 -14.7622 6.03067
    endloop
  endfacet
  facet normal 0.382685 0.923879 9.71051e-007
    outer loop
      vertex -4.0142 -14.8373 6.2268
      vertex 0 -16.5 0
      vertex -4.15917 -14.7772 6.06989
    endloop
  endfacet
  facet normal 0.382679 0.923881 -3.08823e-006
    outer loop
      vertex -3.98195 -14.8506 6.26992
      vertex 0 -16.5 0
      vertex -4.0142 -14.8373 6.2268
    endloop
  endfacet
  facet normal 0.382685 0.923879 1.36042e-006
    outer loop
      vertex -3.85293 -14.9041 6.44237
      vertex 0 -16.5 0
      vertex -3.98195 -14.8506 6.26992
    endloop
  endfacet
  facet normal 0.382684 0.923879 3.55231e-007
    outer loop
      vertex -3.74127 -14.9503 6.62847
      vertex 0 -16.5 0
      vertex -3.85293 -14.9041 6.44237
    endloop
  endfacet
  facet normal 0.382679 0.923881 -2.83762e-006
    outer loop
      vertex -3.69009 -14.9715 6.72443
      vertex 0 -16.5 0
      vertex -3.71336 -14.9619 6.675
    endloop
  endfacet
  facet normal 0.382686 0.923879 1.28054e-006
    outer loop
      vertex -3.50518 -15.0481 7.1811
      vertex 0 -16.5 0
      vertex -3.59702 -15.0101 6.92215
    endloop
  endfacet
  facet normal 0.382682 0.92388 -1.62703e-006
    outer loop
      vertex -6.03836 -13.9988 10.6384
      vertex -11.6673 -11.6673 15.75
      vertex -5.83363 -14.0836 10.65
    endloop
  endfacet
  facet normal 0.382691 0.923876 1.00654e-005
    outer loop
      vertex -6.08955 -13.9776 10.6355
      vertex -11.6673 -11.6673 15.75
      vertex -6.03836 -13.9988 10.6384
    endloop
  endfacet
  facet normal 0.382684 0.923879 7.049e-007
    outer loop
      vertex -6.34266 -13.8728 10.5921
      vertex -11.6673 -11.6673 15.75
      vertex -6.08955 -13.9776 10.6355
    endloop
  endfacet
  facet normal 0.382676 0.923883 -9.26541e-006
    outer loop
      vertex -6.39216 -13.8523 10.5777
      vertex -11.6673 -11.6673 15.75
      vertex -6.34266 -13.8728 10.5921
    endloop
  endfacet
  facet normal 0.382683 0.92388 -8.58459e-008
    outer loop
      vertex -6.59019 -13.7703 10.5203
      vertex -11.6673 -11.6673 15.75
      vertex -6.39216 -13.8523 10.5777
    endloop
  endfacet
  facet normal 0.382684 0.923879 7.64211e-009
    outer loop
      vertex -6.78159 -13.691 10.4408
      vertex -11.6673 -11.6673 15.75
      vertex -6.59019 -13.7703 10.5203
    endloop
  endfacet
  facet normal 0.382691 0.923876 8.04064e-006
    outer loop
      vertex -6.82944 -13.6712 10.4209
      vertex -11.6673 -11.6673 15.75
      vertex -6.78159 -13.691 10.4408
    endloop
  endfacet
  facet normal 0.382674 0.923883 -9.61745e-006
    outer loop
      vertex -6.8751 -13.6522 10.3957
      vertex -11.6673 -11.6673 15.75
      vertex -6.82944 -13.6712 10.4209
    endloop
  endfacet
  facet normal 0.382684 0.923879 2.5075e-007
    outer loop
      vertex -7.05777 -13.5766 10.295
      vertex -11.6673 -11.6673 15.75
      vertex -6.8751 -13.6522 10.3957
    endloop
  endfacet
  facet normal 0.382684 0.923879 -1.48783e-008
    outer loop
      vertex -7.22971 -13.5054 10.1741
      vertex -11.6673 -11.6673 15.75
      vertex -7.05777 -13.5766 10.295
    endloop
  endfacet
  facet normal 0.382688 0.923878 3.68363e-006
    outer loop
      vertex -7.27269 -13.4876 10.1439
      vertex -11.6673 -11.6673 15.75
      vertex -7.22971 -13.5054 10.1741
    endloop
  endfacet
  facet normal 0.382683 0.92388 -4.83212e-007
    outer loop
      vertex -7.31253 -13.4711 10.109
      vertex -11.6673 -11.6673 15.75
      vertex -7.27269 -13.4876 10.1439
    endloop
  endfacet
  facet normal 0.382683 0.92388 -4.83212e-007
    outer loop
      vertex -7.47185 -13.4051 9.96933
      vertex -11.6673 -11.6673 15.75
      vertex -7.31253 -13.4711 10.109
    endloop
  endfacet
  facet normal 0.382684 0.923879 5.05028e-007
    outer loop
      vertex -7.61682 -13.345 9.81242
      vertex -11.6673 -11.6673 15.75
      vertex -7.47185 -13.4051 9.96933
    endloop
  endfacet
  facet normal 0.382684 0.923879 5.0503e-007
    outer loop
      vertex -7.65306 -13.33 9.7732
      vertex -11.6673 -11.6673 15.75
      vertex -7.61682 -13.345 9.81242
    endloop
  endfacet
  facet normal 0.382679 0.923881 -3.1563e-006
    outer loop
      vertex -7.68531 -13.3166 9.73008
      vertex -11.6673 -11.6673 15.75
      vertex -7.65306 -13.33 9.7732
    endloop
  endfacet
  facet normal 0.382685 0.923879 1.14213e-006
    outer loop
      vertex -7.81433 -13.2632 9.55763
      vertex -11.6673 -11.6673 15.75
      vertex -7.68531 -13.3166 9.73008
    endloop
  endfacet
  facet normal 0.382684 0.923879 1.05452e-007
    outer loop
      vertex -7.92599 -13.2169 9.37153
      vertex -11.6673 -11.6673 15.75
      vertex -7.81433 -13.2632 9.55763
    endloop
  endfacet
  facet normal 0.382683 0.92388 -2.96096e-007
    outer loop
      vertex -7.9539 -13.2054 9.325
      vertex -11.6673 -11.6673 15.75
      vertex -7.92599 -13.2169 9.37153
    endloop
  endfacet
  facet normal 0.382678 0.923882 -3.90444e-006
    outer loop
      vertex -7.97717 -13.1957 9.27557
      vertex -11.6673 -11.6673 15.75
      vertex -7.9539 -13.2054 9.325
    endloop
  endfacet
  facet normal 0.382682 0.92388 -9.58486e-007
    outer loop
      vertex -8.07025 -13.1572 9.07785
      vertex -11.6673 -11.6673 15.75
      vertex -7.97717 -13.1957 9.27557
    endloop
  endfacet
  facet normal 0.382687 0.923878 2.13341e-006
    outer loop
      vertex -8.16208 -13.1192 8.81889
      vertex -11.6673 -11.6673 15.75
      vertex -8.07025 -13.1572 9.07785
    endloop
  endfacet
  facet normal 0.382679 0.923881 -2.50778e-006
    outer loop
      vertex -8.22841 -13.0917 8.55097
      vertex -11.6673 -11.6673 15.75
      vertex -8.16208 -13.1192 8.81889
    endloop
  endfacet
  facet normal 0.382699 0.923873 8.66965e-006
    outer loop
      vertex -8.23643 -13.0884 8.49617
      vertex -11.6673 -11.6673 15.75
      vertex -8.22841 -13.0917 8.55097
    endloop
  endfacet
  facet normal 0.38268 0.923881 -1.81256e-006
    outer loop
      vertex -8.2685 -13.0751 8.277
      vertex -11.6673 -11.6673 15.75
      vertex -8.23643 -13.0884 8.49617
    endloop
  endfacet
  facet normal 0.382688 0.923878 2.44536e-006
    outer loop
      vertex -8.27923 -13.0706 8.0554
      vertex -11.6673 -11.6673 15.75
      vertex -8.2685 -13.0751 8.277
    endloop
  endfacet
  facet normal 0.382678 0.923882 -2.62044e-006
    outer loop
      vertex -8.28191 -13.0695 8
      vertex -11.6673 -11.6673 15.75
      vertex -8.27923 -13.0706 8.0554
    endloop
  endfacet
  facet normal 0.382678 0.923882 2.61203e-006
    outer loop
      vertex -11.6673 -11.6673 0
      vertex -8.28191 -13.0695 8
      vertex -8.27923 -13.0706 7.9446
    endloop
  endfacet
  facet normal 0.382688 0.923877 -2.43753e-006
    outer loop
      vertex -11.6673 -11.6673 0
      vertex -8.27923 -13.0706 7.9446
      vertex -8.2685 -13.0751 7.723
    endloop
  endfacet
  facet normal 0.38268 0.923881 1.79791e-006
    outer loop
      vertex -11.6673 -11.6673 0
      vertex -8.2685 -13.0751 7.723
      vertex -8.23643 -13.0884 7.50383
    endloop
  endfacet
  facet normal 0.3827 0.923873 -8.59968e-006
    outer loop
      vertex -11.6673 -11.6673 0
      vertex -8.23643 -13.0884 7.50383
      vertex -8.22841 -13.0917 7.44903
    endloop
  endfacet
  facet normal 0.382679 0.923881 2.47841e-006
    outer loop
      vertex -11.6673 -11.6673 0
      vertex -8.22841 -13.0917 7.44903
      vertex -8.16208 -13.1192 7.1811
    endloop
  endfacet
  facet normal 0.382687 0.923878 -2.10215e-006
    outer loop
      vertex -11.6673 -11.6673 0
      vertex -8.16208 -13.1192 7.1811
      vertex -8.07025 -13.1572 6.92215
    endloop
  endfacet
  facet normal 0.382684 0.923879 -4.93086e-007
    outer loop
      vertex -11.6673 -11.6673 0
      vertex -7.61682 -13.345 6.18758
      vertex -7.47185 -13.4051 6.03067
    endloop
  endfacet
  facet normal 0.382683 0.92388 4.70769e-007
    outer loop
      vertex -11.6673 -11.6673 0
      vertex -7.31253 -13.4711 5.89102
      vertex -7.27269 -13.4876 5.8561
    endloop
  endfacet
  facet normal 0.382684 0.923879 1.44625e-008
    outer loop
      vertex -11.6673 -11.6673 0
      vertex -7.22971 -13.5054 5.82589
      vertex -7.05777 -13.5766 5.70503
    endloop
  endfacet
  facet normal 0.382676 0.923883 8.93223e-006
    outer loop
      vertex -11.6673 -11.6673 0
      vertex -6.39216 -13.8523 5.42227
      vertex -6.34266 -13.8728 5.40791
    endloop
  endfacet
  facet normal 0.382684 0.92388 0
    outer loop
      vertex -11.6673 -11.6673 0
      vertex -5.83363 -14.0836 5.35
      vertex 0 -16.5 0
    endloop
  endfacet
  facet normal 0.382682 0.92388 1.55543e-006
    outer loop
      vertex -5.83363 -14.0836 5.35
      vertex -11.6673 -11.6673 0
      vertex -6.03836 -13.9988 5.36161
    endloop
  endfacet
  facet normal 0.382691 0.923876 -9.62232e-006
    outer loop
      vertex -6.03836 -13.9988 5.36161
      vertex -11.6673 -11.6673 0
      vertex -6.08955 -13.9776 5.36452
    endloop
  endfacet
  facet normal 0.382684 0.923879 -6.7702e-007
    outer loop
      vertex -6.08955 -13.9776 5.36452
      vertex -11.6673 -11.6673 0
      vertex -6.34266 -13.8728 5.40791
    endloop
  endfacet
  facet normal 0.382683 0.92388 8.27589e-008
    outer loop
      vertex -6.39216 -13.8523 5.42227
      vertex -11.6673 -11.6673 0
      vertex -6.59019 -13.7703 5.4797
    endloop
  endfacet
  facet normal 0.382684 0.923879 -7.39035e-009
    outer loop
      vertex -6.59019 -13.7703 5.4797
      vertex -11.6673 -11.6673 0
      vertex -6.78159 -13.691 5.55922
    endloop
  endfacet
  facet normal 0.382691 0.923876 -7.77582e-006
    outer loop
      vertex -6.78159 -13.691 5.55922
      vertex -11.6673 -11.6673 0
      vertex -6.82944 -13.6712 5.5791
    endloop
  endfacet
  facet normal 0.382674 0.923883 9.32592e-006
    outer loop
      vertex -6.82944 -13.6712 5.5791
      vertex -11.6673 -11.6673 0
      vertex -6.8751 -13.6522 5.60429
    endloop
  endfacet
  facet normal 0.382684 0.923879 -2.43149e-007
    outer loop
      vertex -6.8751 -13.6522 5.60429
      vertex -11.6673 -11.6673 0
      vertex -7.05777 -13.5766 5.70503
    endloop
  endfacet
  facet normal 0.382684 0.92388 0
    outer loop
      vertex -8.28191 -13.0695 8
      vertex -11.6673 -11.6673 0
      vertex -11.6673 -11.6673 15.75
    endloop
  endfacet
  facet normal 0.382682 0.92388 9.42033e-007
    outer loop
      vertex -7.97717 -13.1957 6.72443
      vertex -11.6673 -11.6673 0
      vertex -8.07025 -13.1572 6.92215
    endloop
  endfacet
  facet normal 0.382678 0.923882 3.83742e-006
    outer loop
      vertex -7.9539 -13.2054 6.675
      vertex -11.6673 -11.6673 0
      vertex -7.97717 -13.1957 6.72443
    endloop
  endfacet
  facet normal 0.382683 0.92388 2.90342e-007
    outer loop
      vertex -7.92599 -13.2169 6.62847
      vertex -11.6673 -11.6673 0
      vertex -7.9539 -13.2054 6.675
    endloop
  endfacet
  facet normal 0.382684 0.923879 -1.03402e-007
    outer loop
      vertex -7.81433 -13.2632 6.44237
      vertex -11.6673 -11.6673 0
      vertex -7.92599 -13.2169 6.62847
    endloop
  endfacet
  facet normal 0.382685 0.923879 -1.1175e-006
    outer loop
      vertex -7.68531 -13.3166 6.26992
      vertex -11.6673 -11.6673 0
      vertex -7.81433 -13.2632 6.44237
    endloop
  endfacet
  facet normal 0.382679 0.923881 3.08823e-006
    outer loop
      vertex -7.65306 -13.33 6.2268
      vertex -11.6673 -11.6673 0
      vertex -7.68531 -13.3166 6.26992
    endloop
  endfacet
  facet normal 0.382684 0.923879 -4.93087e-007
    outer loop
      vertex -7.61682 -13.345 6.18758
      vertex -11.6673 -11.6673 0
      vertex -7.65306 -13.33 6.2268
    endloop
  endfacet
  facet normal 0.382683 0.92388 4.70769e-007
    outer loop
      vertex -7.31253 -13.4711 5.89102
      vertex -11.6673 -11.6673 0
      vertex -7.47185 -13.4051 6.03067
    endloop
  endfacet
  facet normal 0.382688 0.923878 -3.58068e-006
    outer loop
      vertex -7.22971 -13.5054 5.82589
      vertex -11.6673 -11.6673 0
      vertex -7.27269 -13.4876 5.8561
    endloop
  endfacet
  facet normal -0.92388 0.382683 0
    outer loop
      vertex 16.5 0 0
      vertex 15.0977 -3.38535 8
      vertex 16.5 0 15.75
    endloop
  endfacet
  facet normal -0.92388 0.382682 -7.62429e-007
    outer loop
      vertex 16.5 0 0
      vertex 15.0933 -3.39608 7.7784
      vertex 15.0977 -3.38535 8
    endloop
  endfacet
  facet normal -0.92388 0.382681 -1.13305e-006
    outer loop
      vertex 16.5 0 0
      vertex 15.0922 -3.39876 7.723
      vertex 15.0933 -3.39608 7.7784
    endloop
  endfacet
  facet normal -0.923879 0.382684 2.90635e-007
    outer loop
      vertex 16.5 0 0
      vertex 15.0756 -3.43885 7.44903
      vertex 15.0922 -3.39876 7.723
    endloop
  endfacet
  facet normal -0.923876 0.382691 4.20636e-006
    outer loop
      vertex 16.5 0 0
      vertex 15.0701 -3.45212 7.39545
      vertex 15.0756 -3.43885 7.44903
    endloop
  endfacet
  facet normal -0.92388 0.382681 -1.16579e-006
    outer loop
      vertex 16.5 0 0
      vertex 15.0481 -3.50518 7.1811
      vertex 15.0701 -3.45212 7.39545
    endloop
  endfacet
  facet normal -0.923879 0.382686 1.28054e-006
    outer loop
      vertex 16.5 0 0
      vertex 15.0101 -3.59702 6.92215
      vertex 15.0481 -3.50518 7.1811
    endloop
  endfacet
  facet normal -0.92388 0.382683 -4.38997e-007
    outer loop
      vertex 16.5 0 0
      vertex 14.9715 -3.69009 6.72443
      vertex 15.0101 -3.59702 6.92215
    endloop
  endfacet
  facet normal -0.923881 0.382679 -2.83762e-006
    outer loop
      vertex 16.5 0 0
      vertex 14.9619 -3.71336 6.675
      vertex 14.9715 -3.69009 6.72443
    endloop
  endfacet
  facet normal -0.923881 0.38268 -2.17731e-006
    outer loop
      vertex 16.5 0 0
      vertex 14.9503 -3.74127 6.62847
      vertex 14.9619 -3.71336 6.675
    endloop
  endfacet
  facet normal -0.923879 0.382684 3.55231e-007
    outer loop
      vertex 16.5 0 0
      vertex 14.9041 -3.85293 6.44237
      vertex 14.9503 -3.74127 6.62847
    endloop
  endfacet
  facet normal -0.923879 0.382685 1.36042e-006
    outer loop
      vertex 16.5 0 0
      vertex 14.8506 -3.98195 6.26992
      vertex 14.9041 -3.85293 6.44237
    endloop
  endfacet
  facet normal -0.923881 0.382679 -3.08823e-006
    outer loop
      vertex 16.5 0 0
      vertex 14.8373 -4.0142 6.2268
      vertex 14.8506 -3.98195 6.26992
    endloop
  endfacet
  facet normal -0.923879 0.382685 9.71051e-007
    outer loop
      vertex 16.5 0 0
      vertex 14.7772 -4.15917 6.06989
      vertex 14.8373 -4.0142 6.2268
    endloop
  endfacet
  facet normal -0.923879 0.382684 4.75826e-007
    outer loop
      vertex 16.5 0 0
      vertex 14.7622 -4.19541 6.03067
      vertex 14.7772 -4.15917 6.06989
    endloop
  endfacet
  facet normal -0.92388 0.382683 -4.89565e-007
    outer loop
      vertex 16.5 0 0
      vertex 14.7457 -4.23524 5.99575
      vertex 14.7622 -4.19541 6.03067
    endloop
  endfacet
  facet normal -0.92388 0.382682 -9.89227e-007
    outer loop
      vertex 16.5 0 0
      vertex 14.6797 -4.39457 5.8561
      vertex 14.7457 -4.23524 5.99575
    endloop
  endfacet
  facet normal -0.923878 0.382688 3.58068e-006
    outer loop
      vertex 16.5 0 0
      vertex 14.6619 -4.43755 5.82589
      vertex 14.6797 -4.39457 5.8561
    endloop
  endfacet
  facet normal -0.923879 0.382684 -1.44625e-008
    outer loop
      vertex 16.5 0 0
      vertex 14.5907 -4.60949 5.70503
      vertex 14.6619 -4.43755 5.82589
    endloop
  endfacet
  facet normal -0.92388 0.382682 -1.8944e-006
    outer loop
      vertex 16.5 0 0
      vertex 14.515 -4.79216 5.60429
      vertex 14.5907 -4.60949 5.70503
    endloop
  endfacet
  facet normal -0.923879 0.382685 1.96964e-006
    outer loop
      vertex 16.5 0 0
      vertex 14.4961 -4.83782 5.5791
      vertex 14.515 -4.79216 5.60429
    endloop
  endfacet
  facet normal -0.923876 0.382691 7.75178e-006
    outer loop
      vertex 16.5 0 0
      vertex 14.4763 -4.88567 5.55922
      vertex 14.4961 -4.83782 5.5791
    endloop
  endfacet
  facet normal -0.92388 0.382683 -6.30424e-007
    outer loop
      vertex 16.5 0 0
      vertex 14.397 -5.07707 5.4797
      vertex 14.4763 -4.88567 5.55922
    endloop
  endfacet
  facet normal -0.923882 0.382678 -5.90831e-006
    outer loop
      vertex 16.5 0 0
      vertex 14.3765 -5.12658 5.46534
      vertex 14.397 -5.07707 5.4797
    endloop
  endfacet
  facet normal -0.92388 0.382683 -7.05455e-007
    outer loop
      vertex 16.5 0 0
      vertex 14.2945 -5.3246 5.40791
      vertex 14.3765 -5.12658 5.46534
    endloop
  endfacet
  facet normal -0.923879 0.382684 6.7702e-007
    outer loop
      vertex 16.5 0 0
      vertex 14.1896 -5.57772 5.36452
      vertex 14.2945 -5.3246 5.40791
    endloop
  endfacet
  facet normal -0.92388 0.382683 -5.78689e-007
    outer loop
      vertex 16.5 0 0
      vertex 14.1048 -5.78245 5.3529
      vertex 14.1896 -5.57772 5.36452
    endloop
  endfacet
  facet normal -0.923877 0.382688 6.36779e-006
    outer loop
      vertex 16.5 0 0
      vertex 14.0836 -5.83363 5.35
      vertex 14.1048 -5.78245 5.3529
    endloop
  endfacet
  facet normal -0.92388 0.382684 0
    outer loop
      vertex 11.6673 -11.6673 0
      vertex 14.0836 -5.83363 5.35
      vertex 16.5 0 0
    endloop
  endfacet
  facet normal -0.92388 0.382682 1.55543e-006
    outer loop
      vertex 14.0836 -5.83363 5.35
      vertex 11.6673 -11.6673 0
      vertex 13.9988 -6.03836 5.36161
    endloop
  endfacet
  facet normal -0.923876 0.382691 -9.62232e-006
    outer loop
      vertex 13.9988 -6.03836 5.36161
      vertex 11.6673 -11.6673 0
      vertex 13.9776 -6.08955 5.36452
    endloop
  endfacet
  facet normal -0.923879 0.382684 -6.7702e-007
    outer loop
      vertex 13.9776 -6.08955 5.36452
      vertex 11.6673 -11.6673 0
      vertex 13.8728 -6.34266 5.40791
    endloop
  endfacet
  facet normal -0.923883 0.382676 8.93223e-006
    outer loop
      vertex 13.8728 -6.34266 5.40791
      vertex 11.6673 -11.6673 0
      vertex 13.8523 -6.39216 5.42227
    endloop
  endfacet
  facet normal -0.92388 0.382683 8.27589e-008
    outer loop
      vertex 13.8523 -6.39216 5.42227
      vertex 11.6673 -11.6673 0
      vertex 13.7703 -6.59019 5.4797
    endloop
  endfacet
  facet normal -0.923879 0.382684 -7.39035e-009
    outer loop
      vertex 13.7703 -6.59019 5.4797
      vertex 11.6673 -11.6673 0
      vertex 13.691 -6.78159 5.55922
    endloop
  endfacet
  facet normal -0.923876 0.382691 -7.77582e-006
    outer loop
      vertex 13.691 -6.78159 5.55922
      vertex 11.6673 -11.6673 0
      vertex 13.6712 -6.82944 5.5791
    endloop
  endfacet
  facet normal -0.923883 0.382674 9.32592e-006
    outer loop
      vertex 13.6712 -6.82944 5.5791
      vertex 11.6673 -11.6673 0
      vertex 13.6522 -6.8751 5.60429
    endloop
  endfacet
  facet normal -0.923879 0.382684 -2.43149e-007
    outer loop
      vertex 13.6522 -6.8751 5.60429
      vertex 11.6673 -11.6673 0
      vertex 13.5766 -7.05777 5.70503
    endloop
  endfacet
  facet normal -0.923879 0.382684 1.44625e-008
    outer loop
      vertex 13.5766 -7.05777 5.70503
      vertex 11.6673 -11.6673 0
      vertex 13.5054 -7.22971 5.82589
    endloop
  endfacet
  facet normal -0.92388 0.382683 4.70769e-007
    outer loop
      vertex 11.6673 -11.6673 0
      vertex 13.4711 -7.31253 5.89102
      vertex 13.4876 -7.27269 5.8561
    endloop
  endfacet
  facet normal -0.923879 0.382684 -4.93086e-007
    outer loop
      vertex 11.6673 -11.6673 0
      vertex 13.345 -7.61682 6.18758
      vertex 13.4051 -7.47185 6.03067
    endloop
  endfacet
  facet normal -0.923873 0.3827 -8.59968e-006
    outer loop
      vertex 11.6673 -11.6673 0
      vertex 13.0884 -8.23643 7.50383
      vertex 13.0917 -8.22841 7.44903
    endloop
  endfacet
  facet normal -0.923877 0.382688 -2.43752e-006
    outer loop
      vertex 11.6673 -11.6673 0
      vertex 13.0706 -8.27923 7.9446
      vertex 13.0751 -8.2685 7.723
    endloop
  endfacet
  facet normal -0.923882 0.382678 2.61201e-006
    outer loop
      vertex 13.0706 -8.27923 7.9446
      vertex 11.6673 -11.6673 0
      vertex 13.0695 -8.28191 8
    endloop
  endfacet
  facet normal -0.923881 0.38268 1.79791e-006
    outer loop
      vertex 13.0884 -8.23643 7.50383
      vertex 11.6673 -11.6673 0
      vertex 13.0751 -8.2685 7.723
    endloop
  endfacet
  facet normal -0.923881 0.382679 2.47841e-006
    outer loop
      vertex 13.1192 -8.16208 7.1811
      vertex 11.6673 -11.6673 0
      vertex 13.0917 -8.22841 7.44903
    endloop
  endfacet
  facet normal -0.923878 0.382687 -2.10215e-006
    outer loop
      vertex 13.1572 -8.07025 6.92215
      vertex 11.6673 -11.6673 0
      vertex 13.1192 -8.16208 7.1811
    endloop
  endfacet
  facet normal -0.92388 0.382682 9.42033e-007
    outer loop
      vertex 13.1957 -7.97717 6.72443
      vertex 11.6673 -11.6673 0
      vertex 13.1572 -8.07025 6.92215
    endloop
  endfacet
  facet normal -0.923882 0.382678 3.83742e-006
    outer loop
      vertex 13.2054 -7.9539 6.675
      vertex 11.6673 -11.6673 0
      vertex 13.1957 -7.97717 6.72443
    endloop
  endfacet
  facet normal -0.92388 0.382683 2.90342e-007
    outer loop
      vertex 13.2169 -7.92599 6.62847
      vertex 11.6673 -11.6673 0
      vertex 13.2054 -7.9539 6.675
    endloop
  endfacet
  facet normal -0.923879 0.382684 -1.03402e-007
    outer loop
      vertex 13.2632 -7.81433 6.44237
      vertex 11.6673 -11.6673 0
      vertex 13.2169 -7.92599 6.62847
    endloop
  endfacet
  facet normal -0.923879 0.382685 -1.1175e-006
    outer loop
      vertex 13.3166 -7.68531 6.26992
      vertex 11.6673 -11.6673 0
      vertex 13.2632 -7.81433 6.44237
    endloop
  endfacet
  facet normal -0.923881 0.382679 3.08823e-006
    outer loop
      vertex 13.33 -7.65306 6.2268
      vertex 11.6673 -11.6673 0
      vertex 13.3166 -7.68531 6.26992
    endloop
  endfacet
  facet normal -0.923879 0.382684 -4.93087e-007
    outer loop
      vertex 13.345 -7.61682 6.18758
      vertex 11.6673 -11.6673 0
      vertex 13.33 -7.65306 6.2268
    endloop
  endfacet
  facet normal -0.92388 0.382683 4.70769e-007
    outer loop
      vertex 13.4711 -7.31253 5.89102
      vertex 11.6673 -11.6673 0
      vertex 13.4051 -7.47185 6.03067
    endloop
  endfacet
  facet normal -0.923878 0.382688 -3.58068e-006
    outer loop
      vertex 13.5054 -7.22971 5.82589
      vertex 11.6673 -11.6673 0
      vertex 13.4876 -7.27269 5.8561
    endloop
  endfacet
  facet normal -0.92388 0.382682 7.64885e-007
    outer loop
      vertex 15.0933 -3.39608 8.2216
      vertex 16.5 0 15.75
      vertex 15.0977 -3.38535 8
    endloop
  endfacet
  facet normal -0.92388 0.382681 1.13671e-006
    outer loop
      vertex 15.0922 -3.39876 8.277
      vertex 16.5 0 15.75
      vertex 15.0933 -3.39608 8.2216
    endloop
  endfacet
  facet normal -0.923879 0.382684 -2.93002e-007
    outer loop
      vertex 15.0756 -3.43885 8.55097
      vertex 16.5 0 15.75
      vertex 15.0922 -3.39876 8.277
    endloop
  endfacet
  facet normal -0.923876 0.382691 -4.25622e-006
    outer loop
      vertex 15.0701 -3.45212 8.60455
      vertex 16.5 0 15.75
      vertex 15.0756 -3.43885 8.55097
    endloop
  endfacet
  facet normal -0.92388 0.382681 1.17961e-006
    outer loop
      vertex 15.0481 -3.50518 8.81889
      vertex 16.5 0 15.75
      vertex 15.0701 -3.45212 8.60455
    endloop
  endfacet
  facet normal -0.923879 0.382686 -1.29958e-006
    outer loop
      vertex 15.0101 -3.59702 9.07785
      vertex 16.5 0 15.75
      vertex 15.0481 -3.50518 8.81889
    endloop
  endfacet
  facet normal -0.92388 0.382683 4.46665e-007
    outer loop
      vertex 14.9715 -3.69009 9.27557
      vertex 16.5 0 15.75
      vertex 15.0101 -3.59702 9.07785
    endloop
  endfacet
  facet normal -0.923881 0.382679 2.88719e-006
    outer loop
      vertex 14.9619 -3.71336 9.325
      vertex 16.5 0 15.75
      vertex 14.9715 -3.69009 9.27557
    endloop
  endfacet
  facet normal -0.923881 0.38268 2.22046e-006
    outer loop
      vertex 14.9503 -3.74127 9.37153
      vertex 16.5 0 15.75
      vertex 14.9619 -3.71336 9.325
    endloop
  endfacet
  facet normal -0.923879 0.382684 -3.62272e-007
    outer loop
      vertex 14.9041 -3.85293 9.55763
      vertex 16.5 0 15.75
      vertex 14.9503 -3.74127 9.37153
    endloop
  endfacet
  facet normal -0.923879 0.382685 -1.3904e-006
    outer loop
      vertex 14.8506 -3.98195 9.73008
      vertex 16.5 0 15.75
      vertex 14.9041 -3.85293 9.55763
    endloop
  endfacet
  facet normal -0.923881 0.382679 3.1563e-006
    outer loop
      vertex 14.8373 -4.0142 9.7732
      vertex 16.5 0 15.75
      vertex 14.8506 -3.98195 9.73008
    endloop
  endfacet
  facet normal -0.923879 0.382685 -9.9457e-007
    outer loop
      vertex 14.7772 -4.15917 9.93011
      vertex 16.5 0 15.75
      vertex 14.8373 -4.0142 9.7732
    endloop
  endfacet
  facet normal -0.923879 0.382684 -4.87351e-007
    outer loop
      vertex 14.7622 -4.19541 9.96933
      vertex 16.5 0 15.75
      vertex 14.7772 -4.15917 9.93011
    endloop
  endfacet
  facet normal -0.92388 0.382683 5.02506e-007
    outer loop
      vertex 14.7457 -4.23524 10.0042
      vertex 16.5 0 15.75
      vertex 14.7622 -4.19541 9.96933
    endloop
  endfacet
  facet normal -0.92388 0.382682 1.01538e-006
    outer loop
      vertex 14.6797 -4.39457 10.1439
      vertex 16.5 0 15.75
      vertex 14.7457 -4.23524 10.0042
    endloop
  endfacet
  facet normal -0.923878 0.382688 -3.68363e-006
    outer loop
      vertex 14.6619 -4.43755 10.1741
      vertex 16.5 0 15.75
      vertex 14.6797 -4.39457 10.1439
    endloop
  endfacet
  facet normal -0.923879 0.382684 1.48783e-008
    outer loop
      vertex 14.5907 -4.60949 10.295
      vertex 16.5 0 15.75
      vertex 14.6619 -4.43755 10.1741
    endloop
  endfacet
  facet normal -0.92388 0.382682 1.95362e-006
    outer loop
      vertex 14.515 -4.79216 10.3957
      vertex 16.5 0 15.75
      vertex 14.5907 -4.60949 10.295
    endloop
  endfacet
  facet normal -0.923879 0.382685 -2.03121e-006
    outer loop
      vertex 14.4961 -4.83782 10.4209
      vertex 16.5 0 15.75
      vertex 14.515 -4.79216 10.3957
    endloop
  endfacet
  facet normal -0.923876 0.382691 -8.01578e-006
    outer loop
      vertex 14.4763 -4.88567 10.4408
      vertex 16.5 0 15.75
      vertex 14.4961 -4.83782 10.4209
    endloop
  endfacet
  facet normal -0.92388 0.382683 6.51899e-007
    outer loop
      vertex 14.397 -5.07707 10.5203
      vertex 16.5 0 15.75
      vertex 14.4763 -4.88567 10.4408
    endloop
  endfacet
  facet normal -0.923882 0.382678 6.1287e-006
    outer loop
      vertex 14.3765 -5.12658 10.5347
      vertex 16.5 0 15.75
      vertex 14.397 -5.07707 10.5203
    endloop
  endfacet
  facet normal -0.92388 0.382683 7.3177e-007
    outer loop
      vertex 14.2945 -5.3246 10.5921
      vertex 16.5 0 15.75
      vertex 14.3765 -5.12658 10.5347
    endloop
  endfacet
  facet normal -0.923879 0.382684 -7.049e-007
    outer loop
      vertex 14.1896 -5.57772 10.6355
      vertex 16.5 0 15.75
      vertex 14.2945 -5.3246 10.5921
    endloop
  endfacet
  facet normal -0.92388 0.382683 6.05326e-007
    outer loop
      vertex 14.1048 -5.78245 10.6471
      vertex 16.5 0 15.75
      vertex 14.1896 -5.57772 10.6355
    endloop
  endfacet
  facet normal -0.923877 0.382688 -6.66098e-006
    outer loop
      vertex 14.0836 -5.83363 10.65
      vertex 16.5 0 15.75
      vertex 14.1048 -5.78245 10.6471
    endloop
  endfacet
  facet normal -0.92388 0.382682 -1.62703e-006
    outer loop
      vertex 11.6673 -11.6673 15.75
      vertex 14.0836 -5.83363 10.65
      vertex 13.9988 -6.03836 10.6384
    endloop
  endfacet
  facet normal -0.923876 0.382691 1.00654e-005
    outer loop
      vertex 11.6673 -11.6673 15.75
      vertex 13.9988 -6.03836 10.6384
      vertex 13.9776 -6.08955 10.6355
    endloop
  endfacet
  facet normal -0.923879 0.382684 7.049e-007
    outer loop
      vertex 11.6673 -11.6673 15.75
      vertex 13.9776 -6.08955 10.6355
      vertex 13.8728 -6.34266 10.5921
    endloop
  endfacet
  facet normal -0.923883 0.382676 -9.26541e-006
    outer loop
      vertex 11.6673 -11.6673 15.75
      vertex 13.8728 -6.34266 10.5921
      vertex 13.8523 -6.39216 10.5777
    endloop
  endfacet
  facet normal -0.92388 0.382683 -8.58459e-008
    outer loop
      vertex 11.6673 -11.6673 15.75
      vertex 13.8523 -6.39216 10.5777
      vertex 13.7703 -6.59019 10.5203
    endloop
  endfacet
  facet normal -0.923879 0.382684 7.64211e-009
    outer loop
      vertex 11.6673 -11.6673 15.75
      vertex 13.7703 -6.59019 10.5203
      vertex 13.691 -6.78159 10.4408
    endloop
  endfacet
  facet normal -0.923876 0.382691 8.04064e-006
    outer loop
      vertex 11.6673 -11.6673 15.75
      vertex 13.691 -6.78159 10.4408
      vertex 13.6712 -6.82944 10.4209
    endloop
  endfacet
  facet normal -0.923883 0.382674 -9.61745e-006
    outer loop
      vertex 11.6673 -11.6673 15.75
      vertex 13.6712 -6.82944 10.4209
      vertex 13.6522 -6.8751 10.3957
    endloop
  endfacet
  facet normal -0.923879 0.382684 2.5075e-007
    outer loop
      vertex 11.6673 -11.6673 15.75
      vertex 13.6522 -6.8751 10.3957
      vertex 13.5766 -7.05777 10.295
    endloop
  endfacet
  facet normal -0.923879 0.382684 -1.48783e-008
    outer loop
      vertex 11.6673 -11.6673 15.75
      vertex 13.5766 -7.05777 10.295
      vertex 13.5054 -7.22971 10.1741
    endloop
  endfacet
  facet normal -0.923878 0.382688 3.68363e-006
    outer loop
      vertex 11.6673 -11.6673 15.75
      vertex 13.5054 -7.22971 10.1741
      vertex 13.4876 -7.27269 10.1439
    endloop
  endfacet
  facet normal -0.92388 0.382683 -4.83212e-007
    outer loop
      vertex 11.6673 -11.6673 15.75
      vertex 13.4711 -7.31253 10.109
      vertex 13.4051 -7.47185 9.96933
    endloop
  endfacet
  facet normal -0.923879 0.382684 5.0503e-007
    outer loop
      vertex 11.6673 -11.6673 15.75
      vertex 13.345 -7.61682 9.81242
      vertex 13.33 -7.65306 9.7732
    endloop
  endfacet
  facet normal -0.923881 0.38268 -1.81256e-006
    outer loop
      vertex 11.6673 -11.6673 15.75
      vertex 13.0884 -8.23643 8.49617
      vertex 13.0751 -8.2685 8.277
    endloop
  endfacet
  facet normal -0.923882 0.382678 -2.62044e-006
    outer loop
      vertex 11.6673 -11.6673 15.75
      vertex 13.0706 -8.27923 8.0554
      vertex 13.0695 -8.28191 8
    endloop
  endfacet
  facet normal -0.92388 0.382684 0
    outer loop
      vertex 11.6673 -11.6673 15.75
      vertex 13.0695 -8.28191 8
      vertex 11.6673 -11.6673 0
    endloop
  endfacet
  facet normal -0.923878 0.382688 2.44537e-006
    outer loop
      vertex 13.0706 -8.27923 8.0554
      vertex 11.6673 -11.6673 15.75
      vertex 13.0751 -8.2685 8.277
    endloop
  endfacet
  facet normal -0.923873 0.382699 8.66965e-006
    outer loop
      vertex 13.0884 -8.23643 8.49617
      vertex 11.6673 -11.6673 15.75
      vertex 13.0917 -8.22841 8.55097
    endloop
  endfacet
  facet normal -0.923881 0.382679 -2.50778e-006
    outer loop
      vertex 13.0917 -8.22841 8.55097
      vertex 11.6673 -11.6673 15.75
      vertex 13.1192 -8.16208 8.81889
    endloop
  endfacet
  facet normal -0.92388 0.382684 0
    outer loop
      vertex 14.0836 -5.83363 10.65
      vertex 11.6673 -11.6673 15.75
      vertex 16.5 0 15.75
    endloop
  endfacet
  facet normal -0.92388 0.382683 -4.83212e-007
    outer loop
      vertex 13.4711 -7.31253 10.109
      vertex 11.6673 -11.6673 15.75
      vertex 13.4876 -7.27269 10.1439
    endloop
  endfacet
  facet normal -0.923879 0.382684 5.05028e-007
    outer loop
      vertex 13.345 -7.61682 9.81242
      vertex 11.6673 -11.6673 15.75
      vertex 13.4051 -7.47185 9.96933
    endloop
  endfacet
  facet normal -0.923881 0.382679 -3.1563e-006
    outer loop
      vertex 13.3166 -7.68531 9.73008
      vertex 11.6673 -11.6673 15.75
      vertex 13.33 -7.65306 9.7732
    endloop
  endfacet
  facet normal -0.923879 0.382685 1.14213e-006
    outer loop
      vertex 13.2632 -7.81433 9.55763
      vertex 11.6673 -11.6673 15.75
      vertex 13.3166 -7.68531 9.73008
    endloop
  endfacet
  facet normal -0.923879 0.382684 1.05452e-007
    outer loop
      vertex 13.2169 -7.92599 9.37153
      vertex 11.6673 -11.6673 15.75
      vertex 13.2632 -7.81433 9.55763
    endloop
  endfacet
  facet normal -0.92388 0.382683 -2.96096e-007
    outer loop
      vertex 13.2054 -7.9539 9.325
      vertex 11.6673 -11.6673 15.75
      vertex 13.2169 -7.92599 9.37153
    endloop
  endfacet
  facet normal -0.923882 0.382678 -3.90444e-006
    outer loop
      vertex 13.1957 -7.97717 9.27557
      vertex 11.6673 -11.6673 15.75
      vertex 13.2054 -7.9539 9.325
    endloop
  endfacet
  facet normal -0.92388 0.382682 -9.58486e-007
    outer loop
      vertex 13.1572 -8.07025 9.07785
      vertex 11.6673 -11.6673 15.75
      vertex 13.1957 -7.97717 9.27557
    endloop
  endfacet
  facet normal -0.923878 0.382687 2.13341e-006
    outer loop
      vertex 13.1192 -8.16208 8.81889
      vertex 11.6673 -11.6673 15.75
      vertex 13.1572 -8.07025 9.07785
    endloop
  endfacet
endsolid OpenSCAD_Model
