solid OpenSCAD_Model
  facet normal 0.99863 -0.0523359 0
    outer loop
      vertex 50.302 -3.77869 82
      vertex 50.5 0 -2
      vertex 50.5 0 82
    endloop
  endfacet
  facet normal 0.99863 -0.0523359 0
    outer loop
      vertex 50.5 0 -2
      vertex 50.302 -3.77869 82
      vertex 50.302 -3.77869 -2
    endloop
  endfacet
  facet normal 0.987688 0.156434 0
    outer loop
      vertex 49.9884 6.76225 82
      vertex 49.3965 10.4995 -2
      vertex 49.3965 10.4995 82
    endloop
  endfacet
  facet normal 0.987688 0.156434 0
    outer loop
      vertex 49.3965 10.4995 -2
      vertex 49.9884 6.76225 82
      vertex 49.9884 6.76225 -2
    endloop
  endfacet
  facet normal 0.965925 0.25882 0
    outer loop
      vertex 49.3965 10.4995 82
      vertex 49.264 10.9937 -2
      vertex 49.264 10.9937 82
    endloop
  endfacet
  facet normal 0.965925 0.25882 0
    outer loop
      vertex 49.264 10.9937 -2
      vertex 49.3965 10.4995 82
      vertex 49.3965 10.4995 -2
    endloop
  endfacet
  facet normal 0.99863 0.0523364 0
    outer loop
      vertex 50.5 0 82
      vertex 50.3544 2.77869 -2
      vertex 50.3544 2.77869 82
    endloop
  endfacet
  facet normal 0.99863 0.0523364 0
    outer loop
      vertex 50.3544 2.77869 -2
      vertex 50.5 0 82
      vertex 50.5 0 -2
    endloop
  endfacet
  facet normal 0.987688 -0.156435 0
    outer loop
      vertex 49.3965 -10.4995 82
      vertex 49.8317 -7.7513 -2
      vertex 49.8317 -7.7513 82
    endloop
  endfacet
  facet normal 0.987688 -0.156435 0
    outer loop
      vertex 49.8317 -7.7513 -2
      vertex 49.3965 -10.4995 82
      vertex 49.3965 -10.4995 -2
    endloop
  endfacet
  facet normal 0.965926 -0.258818 0
    outer loop
      vertex 49.2697 -10.9726 82
      vertex 49.3965 -10.4995 -2
      vertex 49.3965 -10.4995 82
    endloop
  endfacet
  facet normal 0.965926 -0.258818 0
    outer loop
      vertex 49.3965 -10.4995 -2
      vertex 49.2697 -10.9726 82
      vertex 49.2697 -10.9726 -2
    endloop
  endfacet
  facet normal -0.99863 0.0523357 0
    outer loop
      vertex 38 0 -2
      vertex 37.8186 -3.46178 0.847639
      vertex 38 0 0.847639
    endloop
  endfacet
  facet normal -0.99863 0.052336 3.54095e-007
    outer loop
      vertex 37.7918 -3.97208 -2
      vertex 37.8186 -3.46178 0.847639
      vertex 38 0 -2
    endloop
  endfacet
  facet normal -0.998629 0.0523379 0
    outer loop
      vertex 37.8186 -3.46178 0.847639
      vertex 37.7918 -3.97208 -2
      vertex 37.7918 -3.97208 0.847639
    endloop
  endfacet
  facet normal -0.998629 0.0523382 0
    outer loop
      vertex 37.9733 -0.510301 15.1524
      vertex 38 0 16.8476
      vertex 38 0 15.1524
    endloop
  endfacet
  facet normal -0.99863 0.0523357 7.45031e-007
    outer loop
      vertex 37.9733 -0.510301 15.1524
      vertex 37.8186 -3.46178 16.8476
      vertex 38 0 16.8476
    endloop
  endfacet
  facet normal -0.99863 0.0523357 6.91691e-007
    outer loop
      vertex 37.7918 -3.97208 15.1524
      vertex 37.8186 -3.46178 16.8476
      vertex 37.9733 -0.510301 15.1524
    endloop
  endfacet
  facet normal -0.998629 0.0523379 0
    outer loop
      vertex 37.8186 -3.46178 16.8476
      vertex 37.7918 -3.97208 15.1524
      vertex 37.7918 -3.97208 16.8476
    endloop
  endfacet
  facet normal -0.987688 -0.156435 0
    outer loop
      vertex 37.1696 7.90064 -2
      vertex 37.7119 4.47679 0.847638
      vertex 37.1696 7.90064 0.847638
    endloop
  endfacet
  facet normal -0.987688 -0.156434 5.58557e-007
    outer loop
      vertex 37.7918 3.97208 -2
      vertex 37.7119 4.47679 0.847638
      vertex 37.1696 7.90064 -2
    endloop
  endfacet
  facet normal -0.987689 -0.156431 1.30972e-008
    outer loop
      vertex 37.7119 4.47679 0.847638
      vertex 37.7918 3.97208 -2
      vertex 37.7918 3.97208 0.847639
    endloop
  endfacet
  facet normal -0.987689 -0.156432 0
    outer loop
      vertex 37.2495 7.39593 15.1524
      vertex 37.1696 7.90064 16.8476
      vertex 37.1696 7.90064 15.1524
    endloop
  endfacet
  facet normal -0.987688 -0.156435 9.44537e-007
    outer loop
      vertex 37.2495 7.39593 15.1524
      vertex 37.7119 4.47679 16.8476
      vertex 37.1696 7.90064 16.8476
    endloop
  endfacet
  facet normal -0.987688 -0.156435 1.03832e-006
    outer loop
      vertex 37.7918 3.97208 15.1524
      vertex 37.7119 4.47679 16.8476
      vertex 37.2495 7.39593 15.1524
    endloop
  endfacet
  facet normal -0.987689 -0.156431 0
    outer loop
      vertex 37.7918 3.97208 15.1524
      vertex 37.7918 3.97208 16.8476
      vertex 37.7119 4.47679 16.8476
    endloop
  endfacet
  facet normal -0.966337 -0.257281 0
    outer loop
      vertex 37.0372 8.39484 -2
      vertex 37.0373 8.39424 0.847638
      vertex 37.0372 8.39484 0.847638
    endloop
  endfacet
  facet normal -0.965925 -0.258822 -3.48819e-007
    outer loop
      vertex 37.0372 8.39484 -2
      vertex 37.1696 7.90064 0.847638
      vertex 37.0373 8.39424 0.847638
    endloop
  endfacet
  facet normal -0.965925 -0.25882 4.33395e-008
    outer loop
      vertex 37.1696 7.90064 -2
      vertex 37.1696 7.90064 0.847638
      vertex 37.0372 8.39484 -2
    endloop
  endfacet
  facet normal -0.966337 -0.257281 0
    outer loop
      vertex 37.0372 8.39484 15.1524
      vertex 37.0373 8.39424 16.8476
      vertex 37.0372 8.39484 16.8476
    endloop
  endfacet
  facet normal -0.965925 -0.258821 -5.85214e-007
    outer loop
      vertex 37.1696 7.90064 15.1524
      vertex 37.0373 8.39424 16.8476
      vertex 37.0372 8.39484 15.1524
    endloop
  endfacet
  facet normal -0.965925 -0.258822 0
    outer loop
      vertex 37.1696 7.90064 15.1524
      vertex 37.1696 7.90064 16.8476
      vertex 37.0373 8.39424 16.8476
    endloop
  endfacet
  facet normal -0.99863 -0.0523357 0
    outer loop
      vertex 37.7918 3.97208 -2
      vertex 37.9733 0.510301 0.847639
      vertex 37.7918 3.97208 0.847639
    endloop
  endfacet
  facet normal -0.99863 -0.052336 -3.91341e-007
    outer loop
      vertex 38 0 -2
      vertex 37.9733 0.510301 0.847639
      vertex 37.7918 3.97208 -2
    endloop
  endfacet
  facet normal -0.998629 -0.0523382 0
    outer loop
      vertex 37.9733 0.510301 0.847639
      vertex 38 0 -2
      vertex 38 0 0.847639
    endloop
  endfacet
  facet normal -0.998629 -0.0523379 0
    outer loop
      vertex 37.8186 3.46178 15.1524
      vertex 37.7918 3.97208 16.8476
      vertex 37.7918 3.97208 15.1524
    endloop
  endfacet
  facet normal -0.99863 -0.0523357 -6.91691e-007
    outer loop
      vertex 37.8186 3.46178 15.1524
      vertex 37.9733 0.510301 16.8476
      vertex 37.7918 3.97208 16.8476
    endloop
  endfacet
  facet normal -0.99863 -0.0523357 -7.45031e-007
    outer loop
      vertex 38 0 15.1524
      vertex 37.9733 0.510301 16.8476
      vertex 37.8186 3.46178 15.1524
    endloop
  endfacet
  facet normal -0.998629 -0.0523382 0
    outer loop
      vertex 37.9733 0.510301 16.8476
      vertex 38 0 15.1524
      vertex 38 0 16.8476
    endloop
  endfacet
  facet normal -0.987688 0.156435 1.30975e-008
    outer loop
      vertex 37.7918 -3.97208 -2
      vertex 37.2495 -7.39593 0.847639
      vertex 37.7918 -3.97208 0.847639
    endloop
  endfacet
  facet normal -0.987688 0.156434 -4.79972e-007
    outer loop
      vertex 37.1696 -7.90064 -2
      vertex 37.2495 -7.39593 0.847639
      vertex 37.7918 -3.97208 -2
    endloop
  endfacet
  facet normal -0.987689 0.156432 0
    outer loop
      vertex 37.2495 -7.39593 0.847639
      vertex 37.1696 -7.90064 -2
      vertex 37.1696 -7.90064 0.847638
    endloop
  endfacet
  facet normal -0.987689 0.156431 0
    outer loop
      vertex 37.7119 -4.47679 15.1524
      vertex 37.7918 -3.97208 16.8476
      vertex 37.7918 -3.97208 15.1524
    endloop
  endfacet
  facet normal -0.987688 0.156435 -1.03832e-006
    outer loop
      vertex 37.7119 -4.47679 15.1524
      vertex 37.2495 -7.39593 16.8476
      vertex 37.7918 -3.97208 16.8476
    endloop
  endfacet
  facet normal -0.987688 0.156435 -9.44537e-007
    outer loop
      vertex 37.1696 -7.90064 15.1524
      vertex 37.2495 -7.39593 16.8476
      vertex 37.7119 -4.47679 15.1524
    endloop
  endfacet
  facet normal -0.987689 0.156432 0
    outer loop
      vertex 37.2495 -7.39593 16.8476
      vertex 37.1696 -7.90064 15.1524
      vertex 37.1696 -7.90064 16.8476
    endloop
  endfacet
  facet normal -0.965926 0.258818 4.3339e-008
    outer loop
      vertex 37.0429 -8.3737 -2
      vertex 37.1696 -7.90064 0.847638
      vertex 37.1696 -7.90064 -2
    endloop
  endfacet
  facet normal -0.965926 0.258818 0
    outer loop
      vertex 37.1696 -7.90064 0.847638
      vertex 37.0429 -8.3737 -2
      vertex 37.0429 -8.3737 0.847638
    endloop
  endfacet
  facet normal -0.965926 0.258818 0
    outer loop
      vertex 37.0429 -8.3737 15.1524
      vertex 37.1696 -7.90064 16.8476
      vertex 37.1696 -7.90064 15.1524
    endloop
  endfacet
  facet normal -0.965926 0.258818 0
    outer loop
      vertex 37.1696 -7.90064 16.8476
      vertex 37.0429 -8.3737 15.1524
      vertex 37.0429 -8.3737 16.8476
    endloop
  endfacet
  facet normal -0.964606 -0.258467 -0.0522612
    outer loop
      vertex 41.2339 8.76453 8.85713
      vertex 41.1015 9.25873 8.85713
      vertex 41.1066 9.25981 8.75785
    endloop
  endfacet
  facet normal -0.964605 -0.258467 -0.0522637
    outer loop
      vertex 41.2778 8.77387 8
      vertex 41.1066 9.25981 8.75785
      vertex 41.1454 9.26807 8
    endloop
  endfacet
  facet normal -0.964605 -0.258467 -0.0522634
    outer loop
      vertex 41.1066 9.25981 8.75785
      vertex 41.2778 8.77387 8
      vertex 41.2339 8.76453 8.85713
    endloop
  endfacet
  facet normal -0.954066 -0.255642 -0.156224
    outer loop
      vertex 41.1026 8.73662 9.70487
      vertex 40.9701 9.23081 9.70487
      vertex 40.9854 9.23405 9.60658
    endloop
  endfacet
  facet normal -0.954065 -0.255642 -0.156227
    outer loop
      vertex 41.2339 8.76453 8.85713
      vertex 40.9854 9.23405 9.60658
      vertex 41.1015 9.25873 8.85713
    endloop
  endfacet
  facet normal -0.954065 -0.255643 -0.156227
    outer loop
      vertex 40.9854 9.23405 9.60658
      vertex 41.2339 8.76453 8.85713
      vertex 41.1026 8.73662 9.70487
    endloop
  endfacet
  facet normal -0.933097 -0.250024 -0.258492
    outer loop
      vertex 40.8853 8.69043 10.5339
      vertex 40.7528 9.18462 10.5339
      vertex 40.7781 9.19 10.4375
    endloop
  endfacet
  facet normal -0.933098 -0.250024 -0.258488
    outer loop
      vertex 41.1026 8.73662 9.70487
      vertex 40.7781 9.19 10.4375
      vertex 40.9701 9.23081 9.70487
    endloop
  endfacet
  facet normal -0.933098 -0.250023 -0.258488
    outer loop
      vertex 40.7781 9.19 10.4375
      vertex 41.1026 8.73662 9.70487
      vertex 40.8853 8.69043 10.5339
    endloop
  endfacet
  facet normal -0.90193 -0.241673 -0.357934
    outer loop
      vertex 40.5844 8.62648 11.3352
      vertex 40.452 9.12067 11.3352
      vertex 40.4872 9.12815 11.2415
    endloop
  endfacet
  facet normal -0.901928 -0.241672 -0.35794
    outer loop
      vertex 40.8853 8.69043 10.5339
      vertex 40.4872 9.12815 11.2415
      vertex 40.7528 9.18462 10.5339
    endloop
  endfacet
  facet normal -0.901928 -0.241673 -0.35794
    outer loop
      vertex 40.4872 9.12815 11.2415
      vertex 40.8853 8.69043 10.5339
      vertex 40.5844 8.62648 11.3352
    endloop
  endfacet
  facet normal -0.860885 -0.230675 -0.453504
    outer loop
      vertex 40.2032 8.54546 12.1
      vertex 40.0708 9.03966 12.1
      vertex 40.1157 9.0492 12.0099
    endloop
  endfacet
  facet normal -0.860889 -0.230676 -0.453495
    outer loop
      vertex 40.5844 8.62648 11.3352
      vertex 40.1157 9.0492 12.0099
      vertex 40.452 9.12067 11.3352
    endloop
  endfacet
  facet normal -0.860889 -0.230674 -0.453496
    outer loop
      vertex 40.1157 9.0492 12.0099
      vertex 40.5844 8.62648 11.3352
      vertex 40.2032 8.54546 12.1
    endloop
  endfacet
  facet normal -0.810421 -0.217153 -0.544117
    outer loop
      vertex 39.746 8.44827 12.8198
      vertex 39.6136 8.94246 12.8198
      vertex 39.6679 8.95402 12.7342
    endloop
  endfacet
  facet normal -0.810424 -0.217153 -0.544112
    outer loop
      vertex 40.2032 8.54546 12.1
      vertex 39.6679 8.95402 12.7342
      vertex 40.0708 9.03966 12.1
    endloop
  endfacet
  facet normal -0.810423 -0.217152 -0.544113
    outer loop
      vertex 39.6679 8.95402 12.7342
      vertex 40.2032 8.54546 12.1
      vertex 39.746 8.44827 12.8198
    endloop
  endfacet
  facet normal -0.751086 -0.201254 -0.628781
    outer loop
      vertex 39.2176 8.33597 13.4869
      vertex 39.0852 8.83016 13.4869
      vertex 39.1488 8.84367 13.4066
    endloop
  endfacet
  facet normal -0.751072 -0.20125 -0.6288
    outer loop
      vertex 39.746 8.44827 12.8198
      vertex 39.1488 8.84367 13.4066
      vertex 39.6136 8.94246 12.8198
    endloop
  endfacet
  facet normal -0.751072 -0.201255 -0.628798
    outer loop
      vertex 39.1488 8.84367 13.4066
      vertex 39.746 8.44827 12.8198
      vertex 39.2176 8.33597 13.4869
    endloop
  endfacet
  facet normal -0.683488 -0.183136 -0.706615
    outer loop
      vertex 38.624 8.20978 14.0938
      vertex 38.4916 8.70398 14.0938
      vertex 38.5639 8.71936 14.0198
    endloop
  endfacet
  facet normal -0.683479 -0.183136 -0.706624
    outer loop
      vertex 38.5639 8.71936 14.0198
      vertex 39.2176 8.33597 13.4869
      vertex 38.624 8.20978 14.0938
    endloop
  endfacet
  facet normal -0.683479 -0.183139 -0.706623
    outer loop
      vertex 39.2176 8.33597 13.4869
      vertex 38.5639 8.71936 14.0198
      vertex 39.0852 8.83016 13.4869
    endloop
  endfacet
  facet normal -0.60838 -0.163016 -0.776724
    outer loop
      vertex 37.9715 8.0711 14.6339
      vertex 37.8391 8.56529 14.6339
      vertex 37.9199 8.58246 14.5671
    endloop
  endfacet
  facet normal -0.608381 -0.163016 -0.776723
    outer loop
      vertex 37.9199 8.58246 14.5671
      vertex 38.624 8.20978 14.0938
      vertex 37.9715 8.0711 14.6339
    endloop
  endfacet
  facet normal -0.60838 -0.163011 -0.776725
    outer loop
      vertex 38.624 8.20978 14.0938
      vertex 37.9199 8.58246 14.5671
      vertex 38.4916 8.70398 14.0938
    endloop
  endfacet
  facet normal -0.526588 -0.1411 -0.838329
    outer loop
      vertex 37.2674 7.92144 15.1014
      vertex 37.135 8.41563 15.1014
      vertex 37.2237 8.43447 15.0425
    endloop
  endfacet
  facet normal -0.526588 -0.1411 -0.838329
    outer loop
      vertex 37.2237 8.43447 15.0425
      vertex 37.9715 8.0711 14.6339
      vertex 37.2674 7.92144 15.1014
    endloop
  endfacet
  facet normal -0.526588 -0.1411 -0.838329
    outer loop
      vertex 37.9715 8.0711 14.6339
      vertex 37.2237 8.43447 15.0425
      vertex 37.8391 8.56529 14.6339
    endloop
  endfacet
  facet normal -0.439008 -0.117632 -0.89075
    outer loop
      vertex 37.1696 7.90064 15.1524
      vertex 37.135 8.41563 15.1014
      vertex 37.2674 7.92144 15.1014
    endloop
  endfacet
  facet normal -0.439007 -0.117632 -0.89075
    outer loop
      vertex 37.135 8.41563 15.1014
      vertex 37.1696 7.90064 15.1524
      vertex 37.0372 8.39484 15.1524
    endloop
  endfacet
  facet normal -0.439002 -0.117631 0.890753
    outer loop
      vertex 37.135 8.41563 0.898591
      vertex 37.0373 8.39424 0.847638
      vertex 37.2674 7.92144 0.898591
    endloop
  endfacet
  facet normal -0.439163 -0.116925 0.890766
    outer loop
      vertex 37.0373 8.39424 0.847638
      vertex 37.135 8.41563 0.898591
      vertex 37.0372 8.39484 0.847638
    endloop
  endfacet
  facet normal -0.439006 -0.117633 0.890751
    outer loop
      vertex 37.2674 7.92144 0.898591
      vertex 37.0373 8.39424 0.847638
      vertex 37.1696 7.90064 0.847638
    endloop
  endfacet
  facet normal -0.5266 -0.141103 0.838321
    outer loop
      vertex 37.8391 8.56529 1.36606
      vertex 37.7488 8.54609 1.30609
      vertex 37.9715 8.0711 1.36606
    endloop
  endfacet
  facet normal -0.526589 -0.141097 0.838329
    outer loop
      vertex 37.7488 8.54609 1.30609
      vertex 37.2674 7.92144 0.898591
      vertex 37.9715 8.0711 1.36606
    endloop
  endfacet
  facet normal -0.526587 -0.141099 0.83833
    outer loop
      vertex 37.2674 7.92144 0.898591
      vertex 37.7488 8.54609 1.30609
      vertex 37.135 8.41563 0.898591
    endloop
  endfacet
  facet normal -0.608378 -0.163011 0.776726
    outer loop
      vertex 38.4916 8.70398 1.90621
      vertex 38.4094 8.68651 1.8382
      vertex 38.624 8.20978 1.90621
    endloop
  endfacet
  facet normal -0.608381 -0.163013 0.776723
    outer loop
      vertex 38.4094 8.68651 1.8382
      vertex 37.9715 8.0711 1.36606
      vertex 38.624 8.20978 1.90621
    endloop
  endfacet
  facet normal -0.608379 -0.163015 0.776725
    outer loop
      vertex 37.9715 8.0711 1.36606
      vertex 38.4094 8.68651 1.8382
      vertex 37.8391 8.56529 1.36606
    endloop
  endfacet
  facet normal -0.683478 -0.183138 0.706624
    outer loop
      vertex 39.0852 8.83016 2.51313
      vertex 39.0117 8.81454 2.438
      vertex 39.2176 8.33597 2.51313
    endloop
  endfacet
  facet normal -0.683478 -0.183138 0.706624
    outer loop
      vertex 39.0117 8.81454 2.438
      vertex 38.624 8.20978 1.90621
      vertex 39.2176 8.33597 2.51313
    endloop
  endfacet
  facet normal -0.683482 -0.183134 0.706622
    outer loop
      vertex 38.624 8.20978 1.90621
      vertex 39.0117 8.81454 2.438
      vertex 38.4916 8.70398 1.90621
    endloop
  endfacet
  facet normal -0.751077 -0.201252 0.628793
    outer loop
      vertex 39.6136 8.94246 3.18016
      vertex 39.5492 8.92877 3.09884
      vertex 39.746 8.44827 3.18016
    endloop
  endfacet
  facet normal -0.751073 -0.201249 0.628799
    outer loop
      vertex 39.0852 8.83016 2.51313
      vertex 39.746 8.44827 3.18016
      vertex 39.5492 8.92877 3.09884
    endloop
  endfacet
  facet normal -0.751073 -0.201251 0.628798
    outer loop
      vertex 39.746 8.44827 3.18016
      vertex 39.0852 8.83016 2.51313
      vertex 39.2176 8.33597 2.51313
    endloop
  endfacet
  facet normal -0.810421 -0.217153 0.544116
    outer loop
      vertex 40.0708 9.03966 3.9
      vertex 40.0158 9.02797 3.81341
      vertex 40.2032 8.54546 3.9
    endloop
  endfacet
  facet normal -0.810423 -0.217154 0.544112
    outer loop
      vertex 39.6136 8.94246 3.18016
      vertex 40.2032 8.54546 3.9
      vertex 40.0158 9.02797 3.81341
    endloop
  endfacet
  facet normal -0.810423 -0.217153 0.544113
    outer loop
      vertex 40.2032 8.54546 3.9
      vertex 39.6136 8.94246 3.18016
      vertex 39.746 8.44827 3.18016
    endloop
  endfacet
  facet normal -0.860894 -0.230677 0.453486
    outer loop
      vertex 40.452 9.12067 4.66476
      vertex 40.4066 9.11104 4.57381
      vertex 40.5844 8.62648 4.66476
    endloop
  endfacet
  facet normal -0.860889 -0.230673 0.453498
    outer loop
      vertex 40.0708 9.03966 3.9
      vertex 40.5844 8.62648 4.66476
      vertex 40.4066 9.11104 4.57381
    endloop
  endfacet
  facet normal -0.860889 -0.230676 0.453496
    outer loop
      vertex 40.5844 8.62648 4.66476
      vertex 40.0708 9.03966 3.9
      vertex 40.2032 8.54546 3.9
    endloop
  endfacet
  facet normal -0.901934 -0.241674 0.357923
    outer loop
      vertex 40.7528 9.18462 5.46606
      vertex 40.7174 9.17709 5.37166
      vertex 40.8853 8.69043 5.46606
    endloop
  endfacet
  facet normal -0.901927 -0.241672 0.357942
    outer loop
      vertex 40.5844 8.62648 4.66476
      vertex 40.7174 9.17709 5.37166
      vertex 40.452 9.12067 4.66476
    endloop
  endfacet
  facet normal -0.901929 -0.241669 0.35794
    outer loop
      vertex 40.7174 9.17709 5.37166
      vertex 40.5844 8.62648 4.66476
      vertex 40.8853 8.69043 5.46606
    endloop
  endfacet
  facet normal -0.933099 -0.250024 0.258484
    outer loop
      vertex 40.9701 9.23081 6.29512
      vertex 40.9447 9.22541 6.19817
      vertex 41.1026 8.73662 6.29512
    endloop
  endfacet
  facet normal -0.933098 -0.250024 0.258489
    outer loop
      vertex 40.8853 8.69043 5.46606
      vertex 40.9447 9.22541 6.19817
      vertex 40.7528 9.18462 5.46606
    endloop
  endfacet
  facet normal -0.933098 -0.250023 0.258488
    outer loop
      vertex 40.9447 9.22541 6.19817
      vertex 40.8853 8.69043 5.46606
      vertex 41.1026 8.73662 6.29512
    endloop
  endfacet
  facet normal -0.954064 -0.255642 0.156233
    outer loop
      vertex 41.1015 9.25873 7.14287
      vertex 41.0862 9.25548 7.04426
      vertex 41.2339 8.76453 7.14287
    endloop
  endfacet
  facet normal -0.954065 -0.255642 0.156226
    outer loop
      vertex 41.1026 8.73662 6.29512
      vertex 41.0862 9.25548 7.04426
      vertex 40.9701 9.23081 6.29512
    endloop
  endfacet
  facet normal -0.954065 -0.255644 0.156227
    outer loop
      vertex 41.0862 9.25548 7.04426
      vertex 41.1026 8.73662 6.29512
      vertex 41.2339 8.76453 7.14287
    endloop
  endfacet
  facet normal -0.964606 -0.258467 0.0522451
    outer loop
      vertex 41.1454 9.26807 8
      vertex 41.1403 9.26698 7.90061
      vertex 41.2778 8.77387 8
    endloop
  endfacet
  facet normal -0.964605 -0.258467 0.0522657
    outer loop
      vertex 41.2339 8.76453 7.14287
      vertex 41.1403 9.26698 7.90061
      vertex 41.1015 9.25873 7.14287
    endloop
  endfacet
  facet normal -0.964606 -0.258463 0.0522633
    outer loop
      vertex 41.1403 9.26698 7.90061
      vertex 41.2339 8.76453 7.14287
      vertex 41.2778 8.77387 8
    endloop
  endfacet
  facet normal -0.986339 -0.15622 -0.0522633
    outer loop
      vertex 41.9241 4.40641 8.85713
      vertex 41.2339 8.76453 8.85713
      vertex 41.2778 8.77387 8
    endloop
  endfacet
  facet normal -0.986339 -0.15622 -0.0522638
    outer loop
      vertex 41.9241 4.40641 8.85713
      vertex 41.2778 8.77387 8
      vertex 41.9688 4.4111 8
    endloop
  endfacet
  facet normal -0.975561 -0.154514 -0.156227
    outer loop
      vertex 41.7906 4.39237 9.70487
      vertex 41.1026 8.73662 9.70487
      vertex 41.2339 8.76453 8.85713
    endloop
  endfacet
  facet normal -0.975561 -0.154513 -0.156225
    outer loop
      vertex 41.7906 4.39237 9.70487
      vertex 41.2339 8.76453 8.85713
      vertex 41.9241 4.40641 8.85713
    endloop
  endfacet
  facet normal -0.954121 -0.151118 -0.258488
    outer loop
      vertex 41.5697 4.36915 10.5339
      vertex 40.8853 8.69043 10.5339
      vertex 41.1026 8.73662 9.70487
    endloop
  endfacet
  facet normal -0.954122 -0.151118 -0.258486
    outer loop
      vertex 41.5697 4.36915 10.5339
      vertex 41.1026 8.73662 9.70487
      vertex 41.7906 4.39237 9.70487
    endloop
  endfacet
  facet normal -0.922249 -0.14607 -0.357939
    outer loop
      vertex 41.2638 4.337 11.3352
      vertex 40.5844 8.62648 11.3352
      vertex 40.8853 8.69043 10.5339
    endloop
  endfacet
  facet normal -0.922248 -0.14607 -0.357942
    outer loop
      vertex 41.2638 4.337 11.3352
      vertex 40.8853 8.69043 10.5339
      vertex 41.5697 4.36915 10.5339
    endloop
  endfacet
  facet normal -0.880285 -0.139424 -0.453496
    outer loop
      vertex 40.8763 4.29627 12.1
      vertex 40.2032 8.54546 12.1
      vertex 40.5844 8.62648 11.3352
    endloop
  endfacet
  facet normal -0.880286 -0.139423 -0.453494
    outer loop
      vertex 40.8763 4.29627 12.1
      vertex 40.5844 8.62648 11.3352
      vertex 41.2638 4.337 11.3352
    endloop
  endfacet
  facet normal -0.828683 -0.13125 -0.544113
    outer loop
      vertex 40.4113 4.2474 12.8198
      vertex 39.746 8.44827 12.8198
      vertex 40.2032 8.54546 12.1
    endloop
  endfacet
  facet normal -0.828682 -0.131251 -0.544114
    outer loop
      vertex 40.4113 4.2474 12.8198
      vertex 40.2032 8.54546 12.1
      vertex 40.8763 4.29627 12.1
    endloop
  endfacet
  facet normal -0.767996 -0.121638 -0.628798
    outer loop
      vertex 39.8741 4.19094 13.4869
      vertex 39.2176 8.33597 13.4869
      vertex 39.746 8.44827 12.8198
    endloop
  endfacet
  facet normal -0.767995 -0.121638 -0.628799
    outer loop
      vertex 39.8741 4.19094 13.4869
      vertex 39.746 8.44827 12.8198
      vertex 40.4113 4.2474 12.8198
    endloop
  endfacet
  facet normal -0.698877 -0.110692 -0.706624
    outer loop
      vertex 39.2706 4.1275 14.0938
      vertex 38.624 8.20978 14.0938
      vertex 39.2176 8.33597 13.4869
    endloop
  endfacet
  facet normal -0.69888 -0.110691 -0.706622
    outer loop
      vertex 39.2706 4.1275 14.0938
      vertex 39.2176 8.33597 13.4869
      vertex 39.8741 4.19094 13.4869
    endloop
  endfacet
  facet normal -0.622088 -0.0985289 -0.776723
    outer loop
      vertex 38.6072 4.05778 14.6339
      vertex 37.9715 8.0711 14.6339
      vertex 38.624 8.20978 14.0938
    endloop
  endfacet
  facet normal -0.622086 -0.0985291 -0.776725
    outer loop
      vertex 39.2706 4.1275 14.0938
      vertex 38.6072 4.05778 14.6339
      vertex 38.624 8.20978 14.0938
    endloop
  endfacet
  facet normal -0.538453 -0.0852829 -0.838329
    outer loop
      vertex 37.8913 3.98253 15.1014
      vertex 37.2674 7.92144 15.1014
      vertex 37.9715 8.0711 14.6339
    endloop
  endfacet
  facet normal -0.538454 -0.0852827 -0.838328
    outer loop
      vertex 38.6072 4.05778 14.6339
      vertex 37.8913 3.98253 15.1014
      vertex 37.9715 8.0711 14.6339
    endloop
  endfacet
  facet normal -0.448899 -0.0710974 -0.890749
    outer loop
      vertex 37.1696 7.90064 15.1524
      vertex 37.2674 7.92144 15.1014
      vertex 37.2495 7.39593 15.1524
    endloop
  endfacet
  facet normal -0.448889 -0.0710972 -0.890755
    outer loop
      vertex 37.2495 7.39593 15.1524
      vertex 37.8913 3.98253 15.1014
      vertex 37.7918 3.97208 15.1524
    endloop
  endfacet
  facet normal -0.448893 -0.0710979 -0.890753
    outer loop
      vertex 37.8913 3.98253 15.1014
      vertex 37.2495 7.39593 15.1524
      vertex 37.2674 7.92144 15.1014
    endloop
  endfacet
  facet normal -0.448893 -0.071098 0.890752
    outer loop
      vertex 37.2674 7.92144 0.898591
      vertex 37.7119 4.47679 0.847638
      vertex 37.8913 3.98253 0.898591
    endloop
  endfacet
  facet normal -0.448897 -0.0710984 0.890751
    outer loop
      vertex 37.2674 7.92144 0.898591
      vertex 37.1696 7.90064 0.847638
      vertex 37.7119 4.47679 0.847638
    endloop
  endfacet
  facet normal -0.448886 -0.0710951 0.890756
    outer loop
      vertex 37.8913 3.98253 0.898591
      vertex 37.7119 4.47679 0.847638
      vertex 37.7918 3.97208 0.847639
    endloop
  endfacet
  facet normal -0.538453 -0.0852824 0.838329
    outer loop
      vertex 37.9715 8.0711 1.36606
      vertex 37.2674 7.92144 0.898591
      vertex 38.6072 4.05778 1.36606
    endloop
  endfacet
  facet normal -0.538454 -0.0852831 0.838328
    outer loop
      vertex 38.6072 4.05778 1.36606
      vertex 37.2674 7.92144 0.898591
      vertex 37.8913 3.98253 0.898591
    endloop
  endfacet
  facet normal -0.622088 -0.0985294 0.776723
    outer loop
      vertex 38.624 8.20978 1.90621
      vertex 37.9715 8.0711 1.36606
      vertex 39.2706 4.1275 1.90621
    endloop
  endfacet
  facet normal -0.622086 -0.0985286 0.776725
    outer loop
      vertex 39.2706 4.1275 1.90621
      vertex 37.9715 8.0711 1.36606
      vertex 38.6072 4.05778 1.36606
    endloop
  endfacet
  facet normal -0.698877 -0.110691 0.706624
    outer loop
      vertex 39.2176 8.33597 2.51313
      vertex 38.624 8.20978 1.90621
      vertex 39.8741 4.19094 2.51313
    endloop
  endfacet
  facet normal -0.69888 -0.110692 0.706622
    outer loop
      vertex 39.8741 4.19094 2.51313
      vertex 38.624 8.20978 1.90621
      vertex 39.2706 4.1275 1.90621
    endloop
  endfacet
  facet normal -0.767995 -0.121638 0.628798
    outer loop
      vertex 39.746 8.44827 3.18016
      vertex 39.2176 8.33597 2.51313
      vertex 40.4113 4.2474 3.18016
    endloop
  endfacet
  facet normal -0.767995 -0.121638 0.628799
    outer loop
      vertex 40.4113 4.2474 3.18016
      vertex 39.2176 8.33597 2.51313
      vertex 39.8741 4.19094 2.51313
    endloop
  endfacet
  facet normal -0.828682 -0.131251 0.544113
    outer loop
      vertex 40.2032 8.54546 3.9
      vertex 39.746 8.44827 3.18016
      vertex 40.8763 4.29627 3.9
    endloop
  endfacet
  facet normal -0.828682 -0.13125 0.544114
    outer loop
      vertex 40.8763 4.29627 3.9
      vertex 39.746 8.44827 3.18016
      vertex 40.4113 4.2474 3.18016
    endloop
  endfacet
  facet normal -0.880285 -0.139423 0.453496
    outer loop
      vertex 40.5844 8.62648 4.66476
      vertex 40.2032 8.54546 3.9
      vertex 41.2638 4.337 4.66476
    endloop
  endfacet
  facet normal -0.880286 -0.139424 0.453494
    outer loop
      vertex 41.2638 4.337 4.66476
      vertex 40.2032 8.54546 3.9
      vertex 40.8763 4.29627 3.9
    endloop
  endfacet
  facet normal -0.922249 -0.14607 0.357939
    outer loop
      vertex 40.8853 8.69043 5.46606
      vertex 40.5844 8.62648 4.66476
      vertex 41.5697 4.36915 5.46606
    endloop
  endfacet
  facet normal -0.922248 -0.14607 0.357942
    outer loop
      vertex 41.5697 4.36915 5.46606
      vertex 40.5844 8.62648 4.66476
      vertex 41.2638 4.337 4.66476
    endloop
  endfacet
  facet normal -0.954121 -0.151118 0.258488
    outer loop
      vertex 41.1026 8.73662 6.29512
      vertex 40.8853 8.69043 5.46606
      vertex 41.7906 4.39237 6.29512
    endloop
  endfacet
  facet normal -0.954122 -0.151118 0.258486
    outer loop
      vertex 41.7906 4.39237 6.29512
      vertex 40.8853 8.69043 5.46606
      vertex 41.5697 4.36915 5.46606
    endloop
  endfacet
  facet normal -0.975561 -0.154513 0.156227
    outer loop
      vertex 41.2339 8.76453 7.14287
      vertex 41.1026 8.73662 6.29512
      vertex 41.9241 4.40641 7.14287
    endloop
  endfacet
  facet normal -0.975561 -0.154514 0.156225
    outer loop
      vertex 41.9241 4.40641 7.14287
      vertex 41.1026 8.73662 6.29512
      vertex 41.7906 4.39237 6.29512
    endloop
  endfacet
  facet normal -0.986339 -0.15622 0.0522632
    outer loop
      vertex 41.2778 8.77387 8
      vertex 41.2339 8.76453 7.14287
      vertex 41.9688 4.4111 8
    endloop
  endfacet
  facet normal -0.986339 -0.15622 0.0522638
    outer loop
      vertex 41.9688 4.4111 8
      vertex 41.2339 8.76453 7.14287
      vertex 41.9241 4.40641 7.14287
    endloop
  endfacet
  facet normal -0.997265 -0.0522645 -0.0522639
    outer loop
      vertex 42.1551 0 8.85713
      vertex 41.9241 4.40641 8.85713
      vertex 41.9688 4.4111 8
    endloop
  endfacet
  facet normal -0.997265 -0.0522649 -0.0522661
    outer loop
      vertex 42.1551 0 8.85713
      vertex 41.9688 4.4111 8
      vertex 42.2 0 8
    endloop
  endfacet
  facet normal -0.986368 -0.0516933 -0.156225
    outer loop
      vertex 42.0208 0 9.70487
      vertex 41.7906 4.39237 9.70487
      vertex 41.9241 4.40641 8.85713
    endloop
  endfacet
  facet normal -0.986368 -0.0516934 -0.156226
    outer loop
      vertex 42.0208 0 9.70487
      vertex 41.9241 4.40641 8.85713
      vertex 42.1551 0 8.85713
    endloop
  endfacet
  facet normal -0.964691 -0.0505573 -0.258486
    outer loop
      vertex 41.7987 0 10.5339
      vertex 41.5697 4.36915 10.5339
      vertex 41.7906 4.39237 9.70487
    endloop
  endfacet
  facet normal -0.964691 -0.0505573 -0.258486
    outer loop
      vertex 41.7987 0 10.5339
      vertex 41.7906 4.39237 9.70487
      vertex 42.0208 0 9.70487
    endloop
  endfacet
  facet normal -0.932464 -0.0488689 -0.357942
    outer loop
      vertex 41.4911 0 11.3352
      vertex 41.2638 4.337 11.3352
      vertex 41.5697 4.36915 10.5339
    endloop
  endfacet
  facet normal -0.932465 -0.0488684 -0.357939
    outer loop
      vertex 41.7987 0 10.5339
      vertex 41.4911 0 11.3352
      vertex 41.5697 4.36915 10.5339
    endloop
  endfacet
  facet normal -0.890038 -0.0466451 -0.453494
    outer loop
      vertex 41.1014 0 12.1
      vertex 40.8763 4.29627 12.1
      vertex 41.2638 4.337 11.3352
    endloop
  endfacet
  facet normal -0.890037 -0.0466454 -0.453496
    outer loop
      vertex 41.4911 0 11.3352
      vertex 41.1014 0 12.1
      vertex 41.2638 4.337 11.3352
    endloop
  endfacet
  facet normal -0.837861 -0.0439101 -0.544114
    outer loop
      vertex 40.6339 0 12.8198
      vertex 40.4113 4.2474 12.8198
      vertex 40.8763 4.29627 12.1
    endloop
  endfacet
  facet normal -0.83786 -0.0439106 -0.544116
    outer loop
      vertex 41.1014 0 12.1
      vertex 40.6339 0 12.8198
      vertex 40.8763 4.29627 12.1
    endloop
  endfacet
  facet normal -0.776502 -0.0406949 -0.628799
    outer loop
      vertex 40.0938 0 13.4869
      vertex 39.8741 4.19094 13.4869
      vertex 40.4113 4.2474 12.8198
    endloop
  endfacet
  facet normal -0.776504 -0.0406945 -0.628797
    outer loop
      vertex 40.6339 0 12.8198
      vertex 40.0938 0 13.4869
      vertex 40.4113 4.2474 12.8198
    endloop
  endfacet
  facet normal -0.706622 -0.0370323 -0.706622
    outer loop
      vertex 39.4869 0 14.0938
      vertex 39.2706 4.1275 14.0938
      vertex 39.8741 4.19094 13.4869
    endloop
  endfacet
  facet normal -0.706621 -0.0370326 -0.706623
    outer loop
      vertex 40.0938 0 13.4869
      vertex 39.4869 0 14.0938
      vertex 39.8741 4.19094 13.4869
    endloop
  endfacet
  facet normal -0.628977 -0.0329637 -0.776725
    outer loop
      vertex 38.8198 0 14.6339
      vertex 38.6072 4.05778 14.6339
      vertex 39.2706 4.1275 14.0938
    endloop
  endfacet
  facet normal -0.628979 -0.0329633 -0.776723
    outer loop
      vertex 39.4869 0 14.0938
      vertex 38.8198 0 14.6339
      vertex 39.2706 4.1275 14.0938
    endloop
  endfacet
  facet normal -0.544419 -0.0285315 -0.838328
    outer loop
      vertex 38.1 0 15.1014
      vertex 37.8913 3.98253 15.1014
      vertex 38.6072 4.05778 14.6339
    endloop
  endfacet
  facet normal -0.544416 -0.028532 -0.83833
    outer loop
      vertex 38.8198 0 14.6339
      vertex 38.1 0 15.1014
      vertex 38.6072 4.05778 14.6339
    endloop
  endfacet
  facet normal -0.453862 -0.0237868 -0.890755
    outer loop
      vertex 37.7918 3.97208 15.1524
      vertex 37.8913 3.98253 15.1014
      vertex 37.8186 3.46178 15.1524
    endloop
  endfacet
  facet normal -0.453863 -0.0237856 -0.890754
    outer loop
      vertex 37.8186 3.46178 15.1524
      vertex 38.1 0 15.1014
      vertex 38 0 15.1524
    endloop
  endfacet
  facet normal -0.453866 -0.0237859 -0.890752
    outer loop
      vertex 38.1 0 15.1014
      vertex 37.8186 3.46178 15.1524
      vertex 37.8913 3.98253 15.1014
    endloop
  endfacet
  facet normal -0.45386 -0.0237856 0.890755
    outer loop
      vertex 37.8913 3.98253 0.898591
      vertex 37.9733 0.510301 0.847639
      vertex 38.1 0 0.898591
    endloop
  endfacet
  facet normal -0.453858 -0.0237855 0.890756
    outer loop
      vertex 37.8913 3.98253 0.898591
      vertex 37.7918 3.97208 0.847639
      vertex 37.9733 0.510301 0.847639
    endloop
  endfacet
  facet normal -0.453866 -0.0237872 0.890752
    outer loop
      vertex 38.1 0 0.898591
      vertex 37.9733 0.510301 0.847639
      vertex 38 0 0.847639
    endloop
  endfacet
  facet normal -0.544419 -0.0285321 0.838328
    outer loop
      vertex 38.6072 4.05778 1.36606
      vertex 37.8913 3.98253 0.898591
      vertex 38.8198 0 1.36606
    endloop
  endfacet
  facet normal -0.544416 -0.0285314 0.83833
    outer loop
      vertex 38.8198 0 1.36606
      vertex 37.8913 3.98253 0.898591
      vertex 38.1 0 0.898591
    endloop
  endfacet
  facet normal -0.628977 -0.0329632 0.776725
    outer loop
      vertex 39.2706 4.1275 1.90621
      vertex 38.6072 4.05778 1.36606
      vertex 39.4869 0 1.90621
    endloop
  endfacet
  facet normal -0.628979 -0.0329638 0.776723
    outer loop
      vertex 39.4869 0 1.90621
      vertex 38.6072 4.05778 1.36606
      vertex 38.8198 0 1.36606
    endloop
  endfacet
  facet normal -0.706622 -0.0370326 0.706622
    outer loop
      vertex 39.8741 4.19094 2.51313
      vertex 39.2706 4.1275 1.90621
      vertex 40.0938 0 2.51313
    endloop
  endfacet
  facet normal -0.706621 -0.0370323 0.706623
    outer loop
      vertex 40.0938 0 2.51313
      vertex 39.2706 4.1275 1.90621
      vertex 39.4869 0 1.90621
    endloop
  endfacet
  facet normal -0.776502 -0.0406944 0.628799
    outer loop
      vertex 40.4113 4.2474 3.18016
      vertex 39.8741 4.19094 2.51313
      vertex 40.6339 0 3.18016
    endloop
  endfacet
  facet normal -0.776504 -0.040695 0.628797
    outer loop
      vertex 40.6339 0 3.18016
      vertex 39.8741 4.19094 2.51313
      vertex 40.0938 0 2.51313
    endloop
  endfacet
  facet normal -0.837861 -0.0439106 0.544114
    outer loop
      vertex 40.8763 4.29627 3.9
      vertex 40.4113 4.2474 3.18016
      vertex 41.1014 0 3.9
    endloop
  endfacet
  facet normal -0.83786 -0.04391 0.544116
    outer loop
      vertex 41.1014 0 3.9
      vertex 40.4113 4.2474 3.18016
      vertex 40.6339 0 3.18016
    endloop
  endfacet
  facet normal -0.890038 -0.0466454 0.453494
    outer loop
      vertex 41.2638 4.337 4.66476
      vertex 40.8763 4.29627 3.9
      vertex 41.4911 0 4.66476
    endloop
  endfacet
  facet normal -0.890037 -0.046645 0.453496
    outer loop
      vertex 41.4911 0 4.66476
      vertex 40.8763 4.29627 3.9
      vertex 41.1014 0 3.9
    endloop
  endfacet
  facet normal -0.932464 -0.0488683 0.357942
    outer loop
      vertex 41.5697 4.36915 5.46606
      vertex 41.2638 4.337 4.66476
      vertex 41.7987 0 5.46606
    endloop
  endfacet
  facet normal -0.932465 -0.048869 0.357939
    outer loop
      vertex 41.7987 0 5.46606
      vertex 41.2638 4.337 4.66476
      vertex 41.4911 0 4.66476
    endloop
  endfacet
  facet normal -0.964691 -0.0505573 0.258486
    outer loop
      vertex 41.7906 4.39237 6.29512
      vertex 41.5697 4.36915 5.46606
      vertex 42.0208 0 6.29512
    endloop
  endfacet
  facet normal -0.964691 -0.0505573 0.258486
    outer loop
      vertex 42.0208 0 6.29512
      vertex 41.5697 4.36915 5.46606
      vertex 41.7987 0 5.46606
    endloop
  endfacet
  facet normal -0.986368 -0.0516934 0.156225
    outer loop
      vertex 41.9241 4.40641 7.14287
      vertex 41.7906 4.39237 6.29512
      vertex 42.1551 0 7.14287
    endloop
  endfacet
  facet normal -0.986368 -0.0516933 0.156226
    outer loop
      vertex 42.1551 0 7.14287
      vertex 41.7906 4.39237 6.29512
      vertex 42.0208 0 6.29512
    endloop
  endfacet
  facet normal -0.997265 -0.0522649 0.0522638
    outer loop
      vertex 41.9688 4.4111 8
      vertex 41.9241 4.40641 7.14287
      vertex 42.2 0 8
    endloop
  endfacet
  facet normal -0.997265 -0.0522645 0.052266
    outer loop
      vertex 42.2 0 8
      vertex 41.9241 4.40641 7.14287
      vertex 42.1551 0 7.14287
    endloop
  endfacet
  facet normal -0.997265 0.0522645 -0.0522661
    outer loop
      vertex 42.2 0 8
      vertex 41.9241 -4.40641 8.85713
      vertex 42.1551 0 8.85713
    endloop
  endfacet
  facet normal -0.997265 0.0522649 -0.0522639
    outer loop
      vertex 41.9688 -4.4111 8
      vertex 41.9241 -4.40641 8.85713
      vertex 42.2 0 8
    endloop
  endfacet
  facet normal -0.986368 0.0516933 -0.156226
    outer loop
      vertex 42.1551 0 8.85713
      vertex 41.7906 -4.39237 9.70487
      vertex 42.0208 0 9.70487
    endloop
  endfacet
  facet normal -0.986368 0.0516934 -0.156225
    outer loop
      vertex 41.9241 -4.40641 8.85713
      vertex 41.7906 -4.39237 9.70487
      vertex 42.1551 0 8.85713
    endloop
  endfacet
  facet normal -0.964691 0.0505573 -0.258486
    outer loop
      vertex 42.0208 0 9.70487
      vertex 41.5697 -4.36915 10.5339
      vertex 41.7987 0 10.5339
    endloop
  endfacet
  facet normal -0.964691 0.0505573 -0.258486
    outer loop
      vertex 41.7906 -4.39237 9.70487
      vertex 41.5697 -4.36915 10.5339
      vertex 42.0208 0 9.70487
    endloop
  endfacet
  facet normal -0.932465 0.048869 -0.357939
    outer loop
      vertex 41.7987 0 10.5339
      vertex 41.2638 -4.337 11.3352
      vertex 41.4911 0 11.3352
    endloop
  endfacet
  facet normal -0.932464 0.0488683 -0.357942
    outer loop
      vertex 41.5697 -4.36915 10.5339
      vertex 41.2638 -4.337 11.3352
      vertex 41.7987 0 10.5339
    endloop
  endfacet
  facet normal -0.890037 0.046645 -0.453496
    outer loop
      vertex 41.4911 0 11.3352
      vertex 40.8763 -4.29627 12.1
      vertex 41.1014 0 12.1
    endloop
  endfacet
  facet normal -0.890038 0.0466454 -0.453494
    outer loop
      vertex 41.2638 -4.337 11.3352
      vertex 40.8763 -4.29627 12.1
      vertex 41.4911 0 11.3352
    endloop
  endfacet
  facet normal -0.83786 0.04391 -0.544116
    outer loop
      vertex 41.1014 0 12.1
      vertex 40.4113 -4.2474 12.8198
      vertex 40.6339 0 12.8198
    endloop
  endfacet
  facet normal -0.837861 0.0439106 -0.544114
    outer loop
      vertex 40.8763 -4.29627 12.1
      vertex 40.4113 -4.2474 12.8198
      vertex 41.1014 0 12.1
    endloop
  endfacet
  facet normal -0.776504 0.040695 -0.628797
    outer loop
      vertex 40.6339 0 12.8198
      vertex 39.8741 -4.19094 13.4869
      vertex 40.0938 0 13.4869
    endloop
  endfacet
  facet normal -0.776502 0.0406944 -0.628799
    outer loop
      vertex 40.4113 -4.2474 12.8198
      vertex 39.8741 -4.19094 13.4869
      vertex 40.6339 0 12.8198
    endloop
  endfacet
  facet normal -0.706621 0.0370323 -0.706623
    outer loop
      vertex 40.0938 0 13.4869
      vertex 39.2706 -4.1275 14.0938
      vertex 39.4869 0 14.0938
    endloop
  endfacet
  facet normal -0.706622 0.0370326 -0.706622
    outer loop
      vertex 39.8741 -4.19094 13.4869
      vertex 39.2706 -4.1275 14.0938
      vertex 40.0938 0 13.4869
    endloop
  endfacet
  facet normal -0.628979 0.0329638 -0.776723
    outer loop
      vertex 39.4869 0 14.0938
      vertex 38.6072 -4.05778 14.6339
      vertex 38.8198 0 14.6339
    endloop
  endfacet
  facet normal -0.628977 0.0329632 -0.776725
    outer loop
      vertex 39.2706 -4.1275 14.0938
      vertex 38.6072 -4.05778 14.6339
      vertex 39.4869 0 14.0938
    endloop
  endfacet
  facet normal -0.544416 0.0285314 -0.83833
    outer loop
      vertex 38.8198 0 14.6339
      vertex 37.8913 -3.98253 15.1014
      vertex 38.1 0 15.1014
    endloop
  endfacet
  facet normal -0.544419 0.0285321 -0.838328
    outer loop
      vertex 38.6072 -4.05778 14.6339
      vertex 37.8913 -3.98253 15.1014
      vertex 38.8198 0 14.6339
    endloop
  endfacet
  facet normal -0.453863 0.023787 -0.890754
    outer loop
      vertex 38.1 0 15.1014
      vertex 37.9733 -0.510301 15.1524
      vertex 38 0 15.1524
    endloop
  endfacet
  facet normal -0.453858 0.0237854 -0.890756
    outer loop
      vertex 37.8913 -3.98253 15.1014
      vertex 37.9733 -0.510301 15.1524
      vertex 38.1 0 15.1014
    endloop
  endfacet
  facet normal -0.453862 0.0237855 -0.890755
    outer loop
      vertex 37.8913 -3.98253 15.1014
      vertex 37.7918 -3.97208 15.1524
      vertex 37.9733 -0.510301 15.1524
    endloop
  endfacet
  facet normal -0.453866 0.0237859 0.890752
    outer loop
      vertex 37.8186 -3.46178 0.847639
      vertex 38.1 0 0.898591
      vertex 38 0 0.847639
    endloop
  endfacet
  facet normal -0.453864 0.0237857 0.890754
    outer loop
      vertex 38.1 0 0.898591
      vertex 37.8186 -3.46178 0.847639
      vertex 37.8913 -3.98253 0.898591
    endloop
  endfacet
  facet normal -0.453858 0.0237867 0.890756
    outer loop
      vertex 37.7918 -3.97208 0.847639
      vertex 37.8913 -3.98253 0.898591
      vertex 37.8186 -3.46178 0.847639
    endloop
  endfacet
  facet normal -0.544416 0.028532 0.83833
    outer loop
      vertex 38.8198 0 1.36606
      vertex 38.1 0 0.898591
      vertex 38.6072 -4.05778 1.36606
    endloop
  endfacet
  facet normal -0.544419 0.0285315 0.838328
    outer loop
      vertex 38.1 0 0.898591
      vertex 37.8913 -3.98253 0.898591
      vertex 38.6072 -4.05778 1.36606
    endloop
  endfacet
  facet normal -0.628979 0.0329633 0.776723
    outer loop
      vertex 39.4869 0 1.90621
      vertex 38.8198 0 1.36606
      vertex 39.2706 -4.1275 1.90621
    endloop
  endfacet
  facet normal -0.628977 0.0329637 0.776725
    outer loop
      vertex 38.8198 0 1.36606
      vertex 38.6072 -4.05778 1.36606
      vertex 39.2706 -4.1275 1.90621
    endloop
  endfacet
  facet normal -0.706621 0.0370326 0.706623
    outer loop
      vertex 40.0938 0 2.51313
      vertex 39.4869 0 1.90621
      vertex 39.8741 -4.19094 2.51313
    endloop
  endfacet
  facet normal -0.706622 0.0370323 0.706622
    outer loop
      vertex 39.4869 0 1.90621
      vertex 39.2706 -4.1275 1.90621
      vertex 39.8741 -4.19094 2.51313
    endloop
  endfacet
  facet normal -0.776504 0.0406945 0.628797
    outer loop
      vertex 40.6339 0 3.18016
      vertex 40.0938 0 2.51313
      vertex 40.4113 -4.2474 3.18016
    endloop
  endfacet
  facet normal -0.776502 0.0406949 0.628799
    outer loop
      vertex 40.0938 0 2.51313
      vertex 39.8741 -4.19094 2.51313
      vertex 40.4113 -4.2474 3.18016
    endloop
  endfacet
  facet normal -0.83786 0.0439106 0.544116
    outer loop
      vertex 41.1014 0 3.9
      vertex 40.6339 0 3.18016
      vertex 40.8763 -4.29627 3.9
    endloop
  endfacet
  facet normal -0.837861 0.0439101 0.544114
    outer loop
      vertex 40.6339 0 3.18016
      vertex 40.4113 -4.2474 3.18016
      vertex 40.8763 -4.29627 3.9
    endloop
  endfacet
  facet normal -0.890037 0.0466454 0.453496
    outer loop
      vertex 41.4911 0 4.66476
      vertex 41.1014 0 3.9
      vertex 41.2638 -4.337 4.66476
    endloop
  endfacet
  facet normal -0.890038 0.0466451 0.453494
    outer loop
      vertex 41.1014 0 3.9
      vertex 40.8763 -4.29627 3.9
      vertex 41.2638 -4.337 4.66476
    endloop
  endfacet
  facet normal -0.932465 0.0488684 0.357939
    outer loop
      vertex 41.7987 0 5.46606
      vertex 41.4911 0 4.66476
      vertex 41.5697 -4.36915 5.46606
    endloop
  endfacet
  facet normal -0.932464 0.0488689 0.357942
    outer loop
      vertex 41.4911 0 4.66476
      vertex 41.2638 -4.337 4.66476
      vertex 41.5697 -4.36915 5.46606
    endloop
  endfacet
  facet normal -0.964691 0.0505573 0.258486
    outer loop
      vertex 41.7987 0 5.46606
      vertex 41.7906 -4.39237 6.29512
      vertex 42.0208 0 6.29512
    endloop
  endfacet
  facet normal -0.964691 0.0505573 0.258486
    outer loop
      vertex 41.7987 0 5.46606
      vertex 41.5697 -4.36915 5.46606
      vertex 41.7906 -4.39237 6.29512
    endloop
  endfacet
  facet normal -0.986368 0.0516934 0.156226
    outer loop
      vertex 42.0208 0 6.29512
      vertex 41.9241 -4.40641 7.14287
      vertex 42.1551 0 7.14287
    endloop
  endfacet
  facet normal -0.986368 0.0516933 0.156225
    outer loop
      vertex 42.0208 0 6.29512
      vertex 41.7906 -4.39237 6.29512
      vertex 41.9241 -4.40641 7.14287
    endloop
  endfacet
  facet normal -0.997265 0.0522649 0.052266
    outer loop
      vertex 42.1551 0 7.14287
      vertex 41.9688 -4.4111 8
      vertex 42.2 0 8
    endloop
  endfacet
  facet normal -0.997265 0.0522645 0.0522638
    outer loop
      vertex 42.1551 0 7.14287
      vertex 41.9241 -4.40641 7.14287
      vertex 41.9688 -4.4111 8
    endloop
  endfacet
  facet normal -0.986339 0.15622 -0.0522638
    outer loop
      vertex 41.9688 -4.4111 8
      vertex 41.2339 -8.76453 8.85713
      vertex 41.9241 -4.40641 8.85713
    endloop
  endfacet
  facet normal -0.986339 0.15622 -0.0522633
    outer loop
      vertex 41.2778 -8.77387 8
      vertex 41.2339 -8.76453 8.85713
      vertex 41.9688 -4.4111 8
    endloop
  endfacet
  facet normal -0.975561 0.154514 -0.156225
    outer loop
      vertex 41.9241 -4.40641 8.85713
      vertex 41.1026 -8.73662 9.70487
      vertex 41.7906 -4.39237 9.70487
    endloop
  endfacet
  facet normal -0.975561 0.154513 -0.156227
    outer loop
      vertex 41.2339 -8.76453 8.85713
      vertex 41.1026 -8.73662 9.70487
      vertex 41.9241 -4.40641 8.85713
    endloop
  endfacet
  facet normal -0.954122 0.151118 -0.258486
    outer loop
      vertex 41.7906 -4.39237 9.70487
      vertex 40.8853 -8.69043 10.5339
      vertex 41.5697 -4.36915 10.5339
    endloop
  endfacet
  facet normal -0.954121 0.151118 -0.258488
    outer loop
      vertex 41.1026 -8.73662 9.70487
      vertex 40.8853 -8.69043 10.5339
      vertex 41.7906 -4.39237 9.70487
    endloop
  endfacet
  facet normal -0.922248 0.14607 -0.357942
    outer loop
      vertex 41.5697 -4.36915 10.5339
      vertex 40.5844 -8.62648 11.3352
      vertex 41.2638 -4.337 11.3352
    endloop
  endfacet
  facet normal -0.922249 0.14607 -0.357939
    outer loop
      vertex 40.8853 -8.69043 10.5339
      vertex 40.5844 -8.62648 11.3352
      vertex 41.5697 -4.36915 10.5339
    endloop
  endfacet
  facet normal -0.880286 0.139424 -0.453494
    outer loop
      vertex 41.2638 -4.337 11.3352
      vertex 40.2032 -8.54546 12.1
      vertex 40.8763 -4.29627 12.1
    endloop
  endfacet
  facet normal -0.880285 0.139423 -0.453496
    outer loop
      vertex 40.5844 -8.62648 11.3352
      vertex 40.2032 -8.54546 12.1
      vertex 41.2638 -4.337 11.3352
    endloop
  endfacet
  facet normal -0.828682 0.13125 -0.544114
    outer loop
      vertex 40.8763 -4.29627 12.1
      vertex 39.746 -8.44827 12.8198
      vertex 40.4113 -4.2474 12.8198
    endloop
  endfacet
  facet normal -0.828682 0.131251 -0.544113
    outer loop
      vertex 40.2032 -8.54546 12.1
      vertex 39.746 -8.44827 12.8198
      vertex 40.8763 -4.29627 12.1
    endloop
  endfacet
  facet normal -0.767995 0.121638 -0.628799
    outer loop
      vertex 40.4113 -4.2474 12.8198
      vertex 39.2176 -8.33597 13.4869
      vertex 39.8741 -4.19094 13.4869
    endloop
  endfacet
  facet normal -0.767995 0.121638 -0.628798
    outer loop
      vertex 39.746 -8.44827 12.8198
      vertex 39.2176 -8.33597 13.4869
      vertex 40.4113 -4.2474 12.8198
    endloop
  endfacet
  facet normal -0.69888 0.110692 -0.706622
    outer loop
      vertex 39.8741 -4.19094 13.4869
      vertex 38.624 -8.20978 14.0938
      vertex 39.2706 -4.1275 14.0938
    endloop
  endfacet
  facet normal -0.698877 0.110691 -0.706624
    outer loop
      vertex 39.2176 -8.33597 13.4869
      vertex 38.624 -8.20978 14.0938
      vertex 39.8741 -4.19094 13.4869
    endloop
  endfacet
  facet normal -0.622086 0.0985286 -0.776725
    outer loop
      vertex 39.2706 -4.1275 14.0938
      vertex 37.9715 -8.0711 14.6339
      vertex 38.6072 -4.05778 14.6339
    endloop
  endfacet
  facet normal -0.622088 0.0985294 -0.776723
    outer loop
      vertex 38.624 -8.20978 14.0938
      vertex 37.9715 -8.0711 14.6339
      vertex 39.2706 -4.1275 14.0938
    endloop
  endfacet
  facet normal -0.538454 0.0852831 -0.838328
    outer loop
      vertex 38.6072 -4.05778 14.6339
      vertex 37.2674 -7.92144 15.1014
      vertex 37.8913 -3.98253 15.1014
    endloop
  endfacet
  facet normal -0.538453 0.0852824 -0.838329
    outer loop
      vertex 37.9715 -8.0711 14.6339
      vertex 37.2674 -7.92144 15.1014
      vertex 38.6072 -4.05778 14.6339
    endloop
  endfacet
  facet normal -0.448889 0.0710957 -0.890755
    outer loop
      vertex 37.8913 -3.98253 15.1014
      vertex 37.7119 -4.47679 15.1524
      vertex 37.7918 -3.97208 15.1524
    endloop
  endfacet
  facet normal -0.448896 0.0710984 -0.890751
    outer loop
      vertex 37.2674 -7.92144 15.1014
      vertex 37.7119 -4.47679 15.1524
      vertex 37.8913 -3.98253 15.1014
    endloop
  endfacet
  facet normal -0.448899 0.0710988 -0.89075
    outer loop
      vertex 37.2674 -7.92144 15.1014
      vertex 37.1696 -7.90064 15.1524
      vertex 37.7119 -4.47679 15.1524
    endloop
  endfacet
  facet normal -0.448886 0.0710968 0.890756
    outer loop
      vertex 37.2495 -7.39593 0.847639
      vertex 37.8913 -3.98253 0.898591
      vertex 37.7918 -3.97208 0.847639
    endloop
  endfacet
  facet normal -0.44889 0.0710975 0.890754
    outer loop
      vertex 37.8913 -3.98253 0.898591
      vertex 37.2495 -7.39593 0.847639
      vertex 37.2674 -7.92144 0.898591
    endloop
  endfacet
  facet normal -0.448897 0.0710969 0.890751
    outer loop
      vertex 37.1696 -7.90064 0.847638
      vertex 37.2674 -7.92144 0.898591
      vertex 37.2495 -7.39593 0.847639
    endloop
  endfacet
  facet normal -0.538454 0.0852827 0.838328
    outer loop
      vertex 38.6072 -4.05778 1.36606
      vertex 37.8913 -3.98253 0.898591
      vertex 37.9715 -8.0711 1.36606
    endloop
  endfacet
  facet normal -0.538453 0.0852829 0.838329
    outer loop
      vertex 37.8913 -3.98253 0.898591
      vertex 37.2674 -7.92144 0.898591
      vertex 37.9715 -8.0711 1.36606
    endloop
  endfacet
  facet normal -0.622086 0.0985291 0.776725
    outer loop
      vertex 39.2706 -4.1275 1.90621
      vertex 38.6072 -4.05778 1.36606
      vertex 38.624 -8.20978 1.90621
    endloop
  endfacet
  facet normal -0.622088 0.0985289 0.776723
    outer loop
      vertex 38.6072 -4.05778 1.36606
      vertex 37.9715 -8.0711 1.36606
      vertex 38.624 -8.20978 1.90621
    endloop
  endfacet
  facet normal -0.69888 0.110691 0.706622
    outer loop
      vertex 39.2706 -4.1275 1.90621
      vertex 39.2176 -8.33597 2.51313
      vertex 39.8741 -4.19094 2.51313
    endloop
  endfacet
  facet normal -0.698877 0.110692 0.706624
    outer loop
      vertex 39.2706 -4.1275 1.90621
      vertex 38.624 -8.20978 1.90621
      vertex 39.2176 -8.33597 2.51313
    endloop
  endfacet
  facet normal -0.767995 0.121638 0.628799
    outer loop
      vertex 39.8741 -4.19094 2.51313
      vertex 39.746 -8.44827 3.18016
      vertex 40.4113 -4.2474 3.18016
    endloop
  endfacet
  facet normal -0.767996 0.121638 0.628798
    outer loop
      vertex 39.8741 -4.19094 2.51313
      vertex 39.2176 -8.33597 2.51313
      vertex 39.746 -8.44827 3.18016
    endloop
  endfacet
  facet normal -0.828682 0.131251 0.544114
    outer loop
      vertex 40.4113 -4.2474 3.18016
      vertex 40.2032 -8.54546 3.9
      vertex 40.8763 -4.29627 3.9
    endloop
  endfacet
  facet normal -0.828683 0.13125 0.544113
    outer loop
      vertex 40.4113 -4.2474 3.18016
      vertex 39.746 -8.44827 3.18016
      vertex 40.2032 -8.54546 3.9
    endloop
  endfacet
  facet normal -0.880286 0.139423 0.453494
    outer loop
      vertex 40.8763 -4.29627 3.9
      vertex 40.5844 -8.62648 4.66476
      vertex 41.2638 -4.337 4.66476
    endloop
  endfacet
  facet normal -0.880285 0.139424 0.453496
    outer loop
      vertex 40.8763 -4.29627 3.9
      vertex 40.2032 -8.54546 3.9
      vertex 40.5844 -8.62648 4.66476
    endloop
  endfacet
  facet normal -0.922248 0.14607 0.357942
    outer loop
      vertex 41.2638 -4.337 4.66476
      vertex 40.8853 -8.69043 5.46606
      vertex 41.5697 -4.36915 5.46606
    endloop
  endfacet
  facet normal -0.922249 0.14607 0.357939
    outer loop
      vertex 41.2638 -4.337 4.66476
      vertex 40.5844 -8.62648 4.66476
      vertex 40.8853 -8.69043 5.46606
    endloop
  endfacet
  facet normal -0.954122 0.151118 0.258486
    outer loop
      vertex 41.5697 -4.36915 5.46606
      vertex 41.1026 -8.73662 6.29512
      vertex 41.7906 -4.39237 6.29512
    endloop
  endfacet
  facet normal -0.954121 0.151118 0.258488
    outer loop
      vertex 41.5697 -4.36915 5.46606
      vertex 40.8853 -8.69043 5.46606
      vertex 41.1026 -8.73662 6.29512
    endloop
  endfacet
  facet normal -0.975561 0.154513 0.156225
    outer loop
      vertex 41.7906 -4.39237 6.29512
      vertex 41.2339 -8.76453 7.14287
      vertex 41.9241 -4.40641 7.14287
    endloop
  endfacet
  facet normal -0.975561 0.154514 0.156227
    outer loop
      vertex 41.7906 -4.39237 6.29512
      vertex 41.1026 -8.73662 6.29512
      vertex 41.2339 -8.76453 7.14287
    endloop
  endfacet
  facet normal -0.986339 0.15622 0.0522638
    outer loop
      vertex 41.9241 -4.40641 7.14287
      vertex 41.2778 -8.77387 8
      vertex 41.9688 -4.4111 8
    endloop
  endfacet
  facet normal -0.986339 0.15622 0.0522632
    outer loop
      vertex 41.9241 -4.40641 7.14287
      vertex 41.2339 -8.76453 7.14287
      vertex 41.2778 -8.77387 8
    endloop
  endfacet
  facet normal -0.964605 0.258469 -0.0522634
    outer loop
      vertex 41.1462 -9.24589 8.09513
      vertex 41.2339 -8.76453 8.85713
      vertex 41.2778 -8.77387 8
    endloop
  endfacet
  facet normal -0.964606 0.258464 -0.0522602
    outer loop
      vertex 41.2339 -8.76453 8.85713
      vertex 41.1462 -9.24589 8.09513
      vertex 41.1071 -9.23759 8.85713
    endloop
  endfacet
  facet normal -0.964605 0.258464 -0.0522863
    outer loop
      vertex 41.1511 -9.24693 8
      vertex 41.1462 -9.24589 8.09513
      vertex 41.2778 -8.77387 8
    endloop
  endfacet
  facet normal -0.954065 0.255643 -0.156227
    outer loop
      vertex 41.0925 -9.23448 8.95153
      vertex 41.1026 -8.73662 9.70487
      vertex 41.2339 -8.76453 8.85713
    endloop
  endfacet
  facet normal -0.954066 0.25564 -0.156224
    outer loop
      vertex 41.1026 -8.73662 9.70487
      vertex 41.0925 -9.23448 8.95153
      vertex 40.9758 -9.20967 9.70487
    endloop
  endfacet
  facet normal -0.954063 0.255639 -0.156243
    outer loop
      vertex 41.1071 -9.23759 8.85713
      vertex 41.0925 -9.23448 8.95153
      vertex 41.2339 -8.76453 8.85713
    endloop
  endfacet
  facet normal -0.933099 0.25002 -0.258488
    outer loop
      vertex 40.9515 -9.2045 9.79768
      vertex 40.8853 -8.69043 10.5339
      vertex 41.1026 -8.73662 9.70487
    endloop
  endfacet
  facet normal -0.933098 0.250022 -0.25849
    outer loop
      vertex 40.8853 -8.69043 10.5339
      vertex 40.9515 -9.2045 9.79768
      vertex 40.7585 -9.16349 10.5339
    endloop
  endfacet
  facet normal -0.933101 0.250022 -0.25848
    outer loop
      vertex 40.9758 -9.20967 9.70487
      vertex 40.9515 -9.2045 9.79768
      vertex 41.1026 -8.73662 9.70487
    endloop
  endfacet
  facet normal -0.901929 0.24167 -0.35794
    outer loop
      vertex 40.7246 -9.15628 10.6243
      vertex 40.5844 -8.62648 11.3352
      vertex 40.8853 -8.69043 10.5339
    endloop
  endfacet
  facet normal -0.901928 0.24167 -0.35794
    outer loop
      vertex 40.5844 -8.62648 11.3352
      vertex 40.7246 -9.15628 10.6243
      vertex 40.4576 -9.09954 11.3352
    endloop
  endfacet
  facet normal -0.901929 0.24167 -0.357937
    outer loop
      vertex 40.7585 -9.16349 10.5339
      vertex 40.7246 -9.15628 10.6243
      vertex 40.8853 -8.69043 10.5339
    endloop
  endfacet
  facet normal -0.860889 0.230673 -0.453497
    outer loop
      vertex 40.5844 -8.62648 11.3352
      vertex 40.0765 -9.01852 12.1
      vertex 40.2032 -8.54546 12.1
    endloop
  endfacet
  facet normal -0.860889 0.230672 -0.453497
    outer loop
      vertex 40.0765 -9.01852 12.1
      vertex 40.5844 -8.62648 11.3352
      vertex 40.4142 -9.09031 11.4223
    endloop
  endfacet
  facet normal -0.860891 0.230674 -0.453492
    outer loop
      vertex 40.4576 -9.09954 11.3352
      vertex 40.4142 -9.09031 11.4223
      vertex 40.5844 -8.62648 11.3352
    endloop
  endfacet
  facet normal -0.810424 0.217152 -0.544113
    outer loop
      vertex 40.2032 -8.54546 12.1
      vertex 39.6192 -8.92133 12.8198
      vertex 39.746 -8.44827 12.8198
    endloop
  endfacet
  facet normal -0.810424 0.21715 -0.544113
    outer loop
      vertex 39.6192 -8.92133 12.8198
      vertex 40.2032 -8.54546 12.1
      vertex 40.0238 -9.00733 12.1829
    endloop
  endfacet
  facet normal -0.810425 0.217152 -0.54411
    outer loop
      vertex 40.0765 -9.01852 12.1
      vertex 40.0238 -9.00733 12.1829
      vertex 40.2032 -8.54546 12.1
    endloop
  endfacet
  facet normal -0.751072 0.201255 -0.628798
    outer loop
      vertex 39.746 -8.44827 12.8198
      vertex 39.0909 -8.80902 13.4869
      vertex 39.2176 -8.33597 13.4869
    endloop
  endfacet
  facet normal -0.751072 0.201248 -0.628801
    outer loop
      vertex 39.0909 -8.80902 13.4869
      vertex 39.746 -8.44827 12.8198
      vertex 39.5576 -8.90822 12.8977
    endloop
  endfacet
  facet normal -0.751072 0.201249 -0.6288
    outer loop
      vertex 39.6192 -8.92133 12.8198
      vertex 39.5576 -8.90822 12.8977
      vertex 39.746 -8.44827 12.8198
    endloop
  endfacet
  facet normal -0.683477 0.183141 -0.706624
    outer loop
      vertex 39.0205 -8.79407 13.5588
      vertex 38.624 -8.20978 14.0938
      vertex 39.2176 -8.33597 13.4869
    endloop
  endfacet
  facet normal -0.683481 0.183137 -0.706622
    outer loop
      vertex 38.624 -8.20978 14.0938
      vertex 39.0205 -8.79407 13.5588
      vertex 38.4972 -8.68284 14.0938
    endloop
  endfacet
  facet normal -0.683481 0.183143 -0.706621
    outer loop
      vertex 39.0909 -8.80902 13.4869
      vertex 39.0205 -8.79407 13.5588
      vertex 39.2176 -8.33597 13.4869
    endloop
  endfacet
  facet normal -0.608382 0.163011 -0.776723
    outer loop
      vertex 38.4186 -8.66612 14.1589
      vertex 37.9715 -8.0711 14.6339
      vertex 38.624 -8.20978 14.0938
    endloop
  endfacet
  facet normal -0.608379 0.163014 -0.776725
    outer loop
      vertex 37.9715 -8.0711 14.6339
      vertex 38.4186 -8.66612 14.1589
      vertex 37.8448 -8.54416 14.6339
    endloop
  endfacet
  facet normal -0.608393 0.163018 -0.776713
    outer loop
      vertex 38.4972 -8.68284 14.0938
      vertex 38.4186 -8.66612 14.1589
      vertex 38.624 -8.20978 14.0938
    endloop
  endfacet
  facet normal -0.526589 0.141098 -0.838329
    outer loop
      vertex 37.7583 -8.52578 14.6913
      vertex 37.2674 -7.92144 15.1014
      vertex 37.9715 -8.0711 14.6339
    endloop
  endfacet
  facet normal -0.526588 0.141098 -0.838329
    outer loop
      vertex 37.2674 -7.92144 15.1014
      vertex 37.7583 -8.52578 14.6913
      vertex 37.1407 -8.39449 15.1014
    endloop
  endfacet
  facet normal -0.526589 0.141099 -0.838329
    outer loop
      vertex 37.8448 -8.54416 14.6339
      vertex 37.7583 -8.52578 14.6913
      vertex 37.9715 -8.0711 14.6339
    endloop
  endfacet
  facet normal -0.439007 0.117634 -0.890749
    outer loop
      vertex 37.0469 -8.37457 15.1502
      vertex 37.1696 -7.90064 15.1524
      vertex 37.2674 -7.92144 15.1014
    endloop
  endfacet
  facet normal -0.439275 0.117703 -0.890609
    outer loop
      vertex 37.1696 -7.90064 15.1524
      vertex 37.0469 -8.37457 15.1502
      vertex 37.0429 -8.3737 15.1524
    endloop
  endfacet
  facet normal -0.438997 0.117628 -0.890755
    outer loop
      vertex 37.1407 -8.39449 15.1014
      vertex 37.0469 -8.37457 15.1502
      vertex 37.2674 -7.92144 15.1014
    endloop
  endfacet
  facet normal -0.439006 0.117631 0.890751
    outer loop
      vertex 37.1696 -7.90064 0.847638
      vertex 37.1407 -8.39449 0.898591
      vertex 37.2674 -7.92144 0.898591
    endloop
  endfacet
  facet normal -0.439006 0.117631 0.89075
    outer loop
      vertex 37.1407 -8.39449 0.898591
      vertex 37.1696 -7.90064 0.847638
      vertex 37.0429 -8.3737 0.847638
    endloop
  endfacet
  facet normal -0.526589 0.141097 0.838329
    outer loop
      vertex 37.2255 -8.41253 0.954934
      vertex 37.9715 -8.0711 1.36606
      vertex 37.2674 -7.92144 0.898591
    endloop
  endfacet
  facet normal -0.526589 0.141099 0.838329
    outer loop
      vertex 37.9715 -8.0711 1.36606
      vertex 37.2255 -8.41253 0.954934
      vertex 37.8448 -8.54416 1.36606
    endloop
  endfacet
  facet normal -0.526584 0.141097 0.838332
    outer loop
      vertex 37.2674 -7.92144 0.898591
      vertex 37.1407 -8.39449 0.898591
      vertex 37.2255 -8.41253 0.954934
    endloop
  endfacet
  facet normal -0.608382 0.163012 0.776723
    outer loop
      vertex 37.9221 -8.56059 1.43006
      vertex 38.624 -8.20978 1.90621
      vertex 37.9715 -8.0711 1.36606
    endloop
  endfacet
  facet normal -0.608382 0.163015 0.776722
    outer loop
      vertex 38.624 -8.20978 1.90621
      vertex 37.9221 -8.56059 1.43006
      vertex 38.4972 -8.68284 1.90621
    endloop
  endfacet
  facet normal -0.608371 0.163012 0.776731
    outer loop
      vertex 37.9715 -8.0711 1.36606
      vertex 37.8448 -8.54416 1.36606
      vertex 37.9221 -8.56059 1.43006
    endloop
  endfacet
  facet normal -0.683479 0.183137 0.706624
    outer loop
      vertex 38.5665 -8.69756 1.97704
      vertex 39.2176 -8.33597 2.51313
      vertex 38.624 -8.20978 1.90621
    endloop
  endfacet
  facet normal -0.68348 0.183143 0.706622
    outer loop
      vertex 39.2176 -8.33597 2.51313
      vertex 38.5665 -8.69756 1.97704
      vertex 39.0909 -8.80902 2.51313
    endloop
  endfacet
  facet normal -0.683479 0.183137 0.706624
    outer loop
      vertex 38.624 -8.20978 1.90621
      vertex 38.4972 -8.68284 1.90621
      vertex 38.5665 -8.69756 1.97704
    endloop
  endfacet
  facet normal -0.751074 0.20125 0.628798
    outer loop
      vertex 39.1517 -8.82196 2.58993
      vertex 39.746 -8.44827 3.18016
      vertex 39.2176 -8.33597 2.51313
    endloop
  endfacet
  facet normal -0.751073 0.201249 0.628798
    outer loop
      vertex 39.746 -8.44827 3.18016
      vertex 39.1517 -8.82196 2.58993
      vertex 39.6192 -8.92133 3.18016
    endloop
  endfacet
  facet normal -0.751057 0.201251 0.628818
    outer loop
      vertex 39.2176 -8.33597 2.51313
      vertex 39.0909 -8.80902 2.51313
      vertex 39.1517 -8.82196 2.58993
    endloop
  endfacet
  facet normal -0.810423 0.217152 0.544113
    outer loop
      vertex 39.6713 -8.93239 3.2621
      vertex 40.2032 -8.54546 3.9
      vertex 39.746 -8.44827 3.18016
    endloop
  endfacet
  facet normal -0.810423 0.217151 0.544113
    outer loop
      vertex 40.2032 -8.54546 3.9
      vertex 39.6713 -8.93239 3.2621
      vertex 40.0765 -9.01852 3.9
    endloop
  endfacet
  facet normal -0.810426 0.217152 0.544109
    outer loop
      vertex 39.746 -8.44827 3.18016
      vertex 39.6192 -8.92133 3.18016
      vertex 39.6713 -8.93239 3.2621
    endloop
  endfacet
  facet normal -0.860889 0.230675 0.453496
    outer loop
      vertex 40.1195 -9.02766 3.98624
      vertex 40.5844 -8.62648 4.66476
      vertex 40.2032 -8.54546 3.9
    endloop
  endfacet
  facet normal -0.860889 0.230673 0.453498
    outer loop
      vertex 40.5844 -8.62648 4.66476
      vertex 40.1195 -9.02766 3.98624
      vertex 40.4576 -9.09954 4.66476
    endloop
  endfacet
  facet normal -0.860894 0.230675 0.453487
    outer loop
      vertex 40.2032 -8.54546 3.9
      vertex 40.0765 -9.01852 3.9
      vertex 40.1195 -9.02766 3.98624
    endloop
  endfacet
  facet normal -0.901927 0.241675 0.357939
    outer loop
      vertex 40.4913 -9.10669 4.75446
      vertex 40.8853 -8.69043 5.46606
      vertex 40.5844 -8.62648 4.66476
    endloop
  endfacet
  facet normal -0.901927 0.24167 0.357942
    outer loop
      vertex 40.8853 -8.69043 5.46606
      vertex 40.4913 -9.10669 4.75446
      vertex 40.7585 -9.16349 5.46606
    endloop
  endfacet
  facet normal -0.901937 0.241672 0.357915
    outer loop
      vertex 40.5844 -8.62648 4.66476
      vertex 40.4576 -9.09954 4.66476
      vertex 40.4913 -9.10669 4.75446
    endloop
  endfacet
  facet normal -0.933098 0.250025 0.258488
    outer loop
      vertex 40.7827 -9.16863 5.55837
      vertex 41.1026 -8.73662 6.29512
      vertex 40.8853 -8.69043 5.46606
    endloop
  endfacet
  facet normal -0.933098 0.250022 0.258491
    outer loop
      vertex 41.1026 -8.73662 6.29512
      vertex 40.7827 -9.16863 5.55837
      vertex 40.9758 -9.20967 6.29512
    endloop
  endfacet
  facet normal -0.933103 0.250023 0.258472
    outer loop
      vertex 40.8853 -8.69043 5.46606
      vertex 40.7585 -9.16349 5.46606
      vertex 40.7827 -9.16863 5.55837
    endloop
  endfacet
  facet normal -0.954065 0.255642 0.156227
    outer loop
      vertex 40.9904 -9.21277 6.38922
      vertex 41.2339 -8.76453 7.14287
      vertex 41.1026 -8.73662 6.29512
    endloop
  endfacet
  facet normal -0.954066 0.25564 0.156228
    outer loop
      vertex 41.2339 -8.76453 7.14287
      vertex 40.9904 -9.21277 6.38922
      vertex 41.1071 -9.23759 7.14287
    endloop
  endfacet
  facet normal -0.954068 0.25564 0.156214
    outer loop
      vertex 41.1026 -8.73662 6.29512
      vertex 40.9758 -9.20967 6.29512
      vertex 40.9904 -9.21277 6.38922
    endloop
  endfacet
  facet normal -0.964606 0.258464 0.0522633
    outer loop
      vertex 41.112 -9.23863 7.2379
      vertex 41.2778 -8.77387 8
      vertex 41.2339 -8.76453 7.14287
    endloop
  endfacet
  facet normal -0.964606 0.258465 0.0522632
    outer loop
      vertex 41.2778 -8.77387 8
      vertex 41.112 -9.23863 7.2379
      vertex 41.1511 -9.24693 8
    endloop
  endfacet
  facet normal -0.964606 0.258464 0.0522619
    outer loop
      vertex 41.2339 -8.76453 7.14287
      vertex 41.1071 -9.23759 7.14287
      vertex 41.112 -9.23863 7.2379
    endloop
  endfacet
  facet normal -0.208056 -0.978117 0
    outer loop
      vertex 37.0469 -8.37457 79.1502
      vertex 37.0429 -8.3737 82
      vertex 37.0429 -8.3737 79.1524
    endloop
  endfacet
  facet normal -0.207909 -0.978148 2.20223e-007
    outer loop
      vertex 37.1407 -8.39449 79.1014
      vertex 37.0429 -8.3737 82
      vertex 37.0469 -8.37457 79.1502
    endloop
  endfacet
  facet normal -0.207912 -0.978148 1.1388e-007
    outer loop
      vertex 37.7583 -8.52578 78.6913
      vertex 37.0429 -8.3737 82
      vertex 37.1407 -8.39449 79.1014
    endloop
  endfacet
  facet normal -0.207911 -0.978148 3.34176e-007
    outer loop
      vertex 37.8448 -8.54416 78.6339
      vertex 37.0429 -8.3737 82
      vertex 37.7583 -8.52578 78.6913
    endloop
  endfacet
  facet normal -0.20791 -0.978148 3.80771e-007
    outer loop
      vertex 38.4186 -8.66612 78.1589
      vertex 37.0429 -8.3737 82
      vertex 37.8448 -8.54416 78.6339
    endloop
  endfacet
  facet normal -0.207935 -0.978143 -8.77524e-006
    outer loop
      vertex 38.4972 -8.68284 78.0938
      vertex 37.0429 -8.3737 82
      vertex 38.4186 -8.66612 78.1589
    endloop
  endfacet
  facet normal -0.207912 -0.978148 2.74574e-007
    outer loop
      vertex 37.0429 -8.3737 82
      vertex 38.4972 -8.68284 78.0938
      vertex 49.2697 -10.9726 82
    endloop
  endfacet
  facet normal -0.207911 -0.978148 -6.80335e-007
    outer loop
      vertex 39.0205 -8.79407 77.5588
      vertex 49.2697 -10.9726 82
      vertex 38.4972 -8.68284 78.0938
    endloop
  endfacet
  facet normal -0.207911 -0.978148 -1.5281e-006
    outer loop
      vertex 39.0909 -8.80902 77.4869
      vertex 49.2697 -10.9726 82
      vertex 39.0205 -8.79407 77.5588
    endloop
  endfacet
  facet normal -0.207911 -0.978148 -5.96099e-007
    outer loop
      vertex 39.5576 -8.90822 76.8977
      vertex 49.2697 -10.9726 82
      vertex 39.0909 -8.80902 77.4869
    endloop
  endfacet
  facet normal -0.207911 -0.978148 -1.75461e-006
    outer loop
      vertex 39.6192 -8.92133 76.8198
      vertex 49.2697 -10.9726 82
      vertex 39.5576 -8.90822 76.8977
    endloop
  endfacet
  facet normal -0.207912 -0.978148 6.45747e-007
    outer loop
      vertex 40.0238 -9.00733 76.1829
      vertex 49.2697 -10.9726 82
      vertex 39.6192 -8.92133 76.8198
    endloop
  endfacet
  facet normal -0.207913 -0.978147 1.44041e-006
    outer loop
      vertex 40.0765 -9.01852 76.1
      vertex 49.2697 -10.9726 82
      vertex 40.0238 -9.00733 76.1829
    endloop
  endfacet
  facet normal -0.207911 -0.978148 -7.44889e-007
    outer loop
      vertex 40.4142 -9.09031 75.4223
      vertex 49.2697 -10.9726 82
      vertex 40.0765 -9.01852 76.1
    endloop
  endfacet
  facet normal -0.207915 -0.978147 4.10965e-006
    outer loop
      vertex 40.4576 -9.09954 75.3352
      vertex 49.2697 -10.9726 82
      vertex 40.4142 -9.09031 75.4223
    endloop
  endfacet
  facet normal -0.207911 -0.978148 -2.79377e-007
    outer loop
      vertex 40.7246 -9.15628 74.6243
      vertex 49.2697 -10.9726 82
      vertex 40.4576 -9.09954 75.3352
    endloop
  endfacet
  facet normal -0.207912 -0.978147 6.84373e-007
    outer loop
      vertex 40.7585 -9.16349 74.5339
      vertex 49.2697 -10.9726 82
      vertex 40.7246 -9.15628 74.6243
    endloop
  endfacet
  facet normal -0.207912 -0.978148 4.70956e-007
    outer loop
      vertex 40.9515 -9.2045 73.7977
      vertex 49.2697 -10.9726 82
      vertex 40.7585 -9.16349 74.5339
    endloop
  endfacet
  facet normal -0.207911 -0.978148 -3.27077e-007
    outer loop
      vertex 40.9758 -9.20967 73.7049
      vertex 49.2697 -10.9726 82
      vertex 40.9515 -9.2045 73.7977
    endloop
  endfacet
  facet normal -0.207912 -0.978148 3.59253e-007
    outer loop
      vertex 41.0925 -9.23448 72.9515
      vertex 49.2697 -10.9726 82
      vertex 40.9758 -9.20967 73.7049
    endloop
  endfacet
  facet normal -0.207905 -0.978149 -6.46166e-006
    outer loop
      vertex 41.1071 -9.23759 72.8571
      vertex 49.2697 -10.9726 82
      vertex 41.0925 -9.23448 72.9515
    endloop
  endfacet
  facet normal -0.207912 -0.978147 6.17959e-007
    outer loop
      vertex 41.1462 -9.24589 72.0951
      vertex 49.2697 -10.9726 82
      vertex 41.1071 -9.23759 72.8571
    endloop
  endfacet
  facet normal -0.207907 -0.978149 -4.05149e-006
    outer loop
      vertex 41.1511 -9.24693 72
      vertex 49.2697 -10.9726 82
      vertex 41.1462 -9.24589 72.0951
    endloop
  endfacet
  facet normal -0.207912 -0.978148 2.17178e-007
    outer loop
      vertex 41.112 -9.23863 71.2379
      vertex 49.2697 -10.9726 82
      vertex 41.1511 -9.24693 72
    endloop
  endfacet
  facet normal -0.207908 -0.978148 -2.75073e-006
    outer loop
      vertex 41.1071 -9.23759 71.1429
      vertex 49.2697 -10.9726 82
      vertex 41.112 -9.23863 71.2379
    endloop
  endfacet
  facet normal -0.207913 -0.978147 1.12876e-006
    outer loop
      vertex 40.9904 -9.21277 70.3892
      vertex 49.2697 -10.9726 82
      vertex 41.1071 -9.23759 71.1429
    endloop
  endfacet
  facet normal -0.207907 -0.978149 -3.63374e-006
    outer loop
      vertex 40.9758 -9.20967 70.2951
      vertex 49.2697 -10.9726 82
      vertex 40.9904 -9.21277 70.3892
    endloop
  endfacet
  facet normal -0.207913 -0.978147 8.85865e-007
    outer loop
      vertex 40.7827 -9.16863 69.5584
      vertex 49.2697 -10.9726 82
      vertex 40.9758 -9.20967 70.2951
    endloop
  endfacet
  facet normal -0.207892 -0.978152 -1.42426e-005
    outer loop
      vertex 40.7585 -9.16349 69.4661
      vertex 49.2697 -10.9726 82
      vertex 40.7827 -9.16863 69.5584
    endloop
  endfacet
  facet normal -0.20791 -0.978148 -1.19884e-008
    outer loop
      vertex 40.7246 -9.15628 58.6243
      vertex 40.7585 -9.16349 69.4661
      vertex 40.4913 -9.10669 68.7545
    endloop
  endfacet
  facet normal -0.207917 -0.978146 0
    outer loop
      vertex 40.4576 -9.09954 59.3352
      vertex 40.4913 -9.10669 68.7545
      vertex 40.4576 -9.09954 68.6648
    endloop
  endfacet
  facet normal -0.20791 -0.978148 -6.28983e-008
    outer loop
      vertex 40.4142 -9.09031 59.4223
      vertex 40.4576 -9.09954 68.6648
      vertex 40.1195 -9.02766 67.9862
    endloop
  endfacet
  facet normal -0.207922 -0.978145 0
    outer loop
      vertex 40.0765 -9.01852 60.1
      vertex 40.1195 -9.02766 67.9862
      vertex 40.0765 -9.01852 67.9
    endloop
  endfacet
  facet normal -0.207912 -0.978148 -1.97986e-008
    outer loop
      vertex 40.0238 -9.00733 60.1829
      vertex 40.0765 -9.01852 67.9
      vertex 39.6713 -8.93239 67.2621
    endloop
  endfacet
  facet normal -0.207923 -0.978145 0
    outer loop
      vertex 39.6192 -8.92133 60.8198
      vertex 39.6713 -8.93239 67.2621
      vertex 39.6192 -8.92133 67.1802
    endloop
  endfacet
  facet normal -0.208056 -0.978117 0
    outer loop
      vertex 37.0469 -8.37457 63.1502
      vertex 37.0429 -8.3737 64.8476
      vertex 37.0429 -8.3737 63.1524
    endloop
  endfacet
  facet normal -0.207915 -0.978147 3.53655e-007
    outer loop
      vertex 37.0429 -8.3737 64.8476
      vertex 37.0469 -8.37457 63.1502
      vertex 37.1407 -8.39449 64.8986
    endloop
  endfacet
  facet normal -0.207909 -0.978148 0
    outer loop
      vertex 37.1407 -8.39449 63.1014
      vertex 37.1407 -8.39449 64.8986
      vertex 37.0469 -8.37457 63.1502
    endloop
  endfacet
  facet normal -0.207912 -0.978148 -0
    outer loop
      vertex 37.1407 -8.39449 64.8986
      vertex 37.1407 -8.39449 63.1014
      vertex 37.2255 -8.41253 64.9549
    endloop
  endfacet
  facet normal -0.207912 -0.978148 -6.93226e-009
    outer loop
      vertex 37.7583 -8.52578 62.6913
      vertex 37.2255 -8.41253 64.9549
      vertex 37.1407 -8.39449 63.1014
    endloop
  endfacet
  facet normal -0.207912 -0.978148 2.40943e-008
    outer loop
      vertex 37.2255 -8.41253 64.9549
      vertex 37.7583 -8.52578 62.6913
      vertex 37.8448 -8.54416 65.3661
    endloop
  endfacet
  facet normal -0.207911 -0.978148 0
    outer loop
      vertex 37.8448 -8.54416 62.6339
      vertex 37.8448 -8.54416 65.3661
      vertex 37.7583 -8.52578 62.6913
    endloop
  endfacet
  facet normal -0.207906 -0.978149 -0
    outer loop
      vertex 37.8448 -8.54416 65.3661
      vertex 37.8448 -8.54416 62.6339
      vertex 37.9221 -8.56059 65.4301
    endloop
  endfacet
  facet normal -0.207911 -0.978148 1.48996e-007
    outer loop
      vertex 38.4186 -8.66612 62.1589
      vertex 37.9221 -8.56059 65.4301
      vertex 37.8448 -8.54416 62.6339
    endloop
  endfacet
  facet normal -0.207914 -0.978147 -3.15723e-007
    outer loop
      vertex 37.9221 -8.56059 65.4301
      vertex 38.4186 -8.66612 62.1589
      vertex 38.4972 -8.68284 65.9062
    endloop
  endfacet
  facet normal -0.207928 -0.978144 0
    outer loop
      vertex 38.4972 -8.68284 62.0938
      vertex 38.4972 -8.68284 65.9062
      vertex 38.4186 -8.66612 62.1589
    endloop
  endfacet
  facet normal -0.207899 -0.97815 -0
    outer loop
      vertex 38.4972 -8.68284 65.9062
      vertex 38.4972 -8.68284 62.0938
      vertex 38.5665 -8.69756 65.977
    endloop
  endfacet
  facet normal -0.20791 -0.978148 2.07874e-007
    outer loop
      vertex 39.0205 -8.79407 61.5588
      vertex 38.5665 -8.69756 65.977
      vertex 38.4972 -8.68284 62.0938
    endloop
  endfacet
  facet normal -0.207912 -0.978148 3.79778e-008
    outer loop
      vertex 38.5665 -8.69756 65.977
      vertex 39.0205 -8.79407 61.5588
      vertex 39.0909 -8.80902 66.5131
    endloop
  endfacet
  facet normal -0.20791 -0.978148 0
    outer loop
      vertex 39.0909 -8.80902 61.4869
      vertex 39.0909 -8.80902 66.5131
      vertex 39.0205 -8.79407 61.5588
    endloop
  endfacet
  facet normal -0.207908 -0.978148 -0
    outer loop
      vertex 39.0909 -8.80902 66.5131
      vertex 39.0909 -8.80902 61.4869
      vertex 39.1517 -8.82196 66.5899
    endloop
  endfacet
  facet normal -0.207911 -0.978148 3.41111e-008
    outer loop
      vertex 39.5576 -8.90822 60.8977
      vertex 39.1517 -8.82196 66.5899
      vertex 39.0909 -8.80902 61.4869
    endloop
  endfacet
  facet normal -0.207911 -0.978148 2.1624e-008
    outer loop
      vertex 39.1517 -8.82196 66.5899
      vertex 39.5576 -8.90822 60.8977
      vertex 39.6192 -8.92133 67.1802
    endloop
  endfacet
  facet normal -0.207909 -0.978148 0
    outer loop
      vertex 39.6192 -8.92133 60.8198
      vertex 39.6192 -8.92133 67.1802
      vertex 39.5576 -8.90822 60.8977
    endloop
  endfacet
  facet normal -0.207913 -0.978147 -8.3678e-008
    outer loop
      vertex 39.6713 -8.93239 67.2621
      vertex 39.6192 -8.92133 60.8198
      vertex 40.0238 -9.00733 60.1829
    endloop
  endfacet
  facet normal -0.207915 -0.978147 -0
    outer loop
      vertex 40.0765 -9.01852 67.9
      vertex 40.0238 -9.00733 60.1829
      vertex 40.0765 -9.01852 60.1
    endloop
  endfacet
  facet normal -0.20791 -0.978148 -6.95101e-008
    outer loop
      vertex 40.1195 -9.02766 67.9862
      vertex 40.0765 -9.01852 60.1
      vertex 40.4142 -9.09031 59.4223
    endloop
  endfacet
  facet normal -0.207923 -0.978145 -0
    outer loop
      vertex 40.4576 -9.09954 68.6648
      vertex 40.4142 -9.09031 59.4223
      vertex 40.4576 -9.09954 59.3352
    endloop
  endfacet
  facet normal -0.207911 -0.978148 -2.33754e-008
    outer loop
      vertex 40.4913 -9.10669 68.7545
      vertex 40.4576 -9.09954 59.3352
      vertex 40.7246 -9.15628 58.6243
    endloop
  endfacet
  facet normal -0.207914 -0.978147 -0
    outer loop
      vertex 40.7585 -9.16349 69.4661
      vertex 40.7246 -9.15628 58.6243
      vertex 40.7585 -9.16349 58.5339
    endloop
  endfacet
  facet normal -0.207912 -0.978148 -0
    outer loop
      vertex 40.7585 -9.16349 69.4661
      vertex 40.7585 -9.16349 58.5339
      vertex 49.2697 -10.9726 82
    endloop
  endfacet
  facet normal -0.207913 -0.978147 3.36252e-007
    outer loop
      vertex 40.9515 -9.2045 57.7977
      vertex 49.2697 -10.9726 82
      vertex 40.7585 -9.16349 58.5339
    endloop
  endfacet
  facet normal -0.207911 -0.978148 -2.33528e-007
    outer loop
      vertex 40.9758 -9.20967 57.7049
      vertex 49.2697 -10.9726 82
      vertex 40.9515 -9.2045 57.7977
    endloop
  endfacet
  facet normal -0.207912 -0.978147 2.854e-007
    outer loop
      vertex 41.0925 -9.23448 56.9515
      vertex 49.2697 -10.9726 82
      vertex 40.9758 -9.20967 57.7049
    endloop
  endfacet
  facet normal -0.207897 -0.978151 -5.13304e-006
    outer loop
      vertex 41.1071 -9.23759 56.8571
      vertex 49.2697 -10.9726 82
      vertex 41.0925 -9.23448 56.9515
    endloop
  endfacet
  facet normal -0.207913 -0.978147 5.64339e-007
    outer loop
      vertex 41.1462 -9.24589 56.0951
      vertex 49.2697 -10.9726 82
      vertex 41.1071 -9.23759 56.8571
    endloop
  endfacet
  facet normal -0.2079 -0.97815 -3.69963e-006
    outer loop
      vertex 41.1511 -9.24693 56
      vertex 49.2697 -10.9726 82
      vertex 41.1462 -9.24589 56.0951
    endloop
  endfacet
  facet normal -0.207912 -0.978147 2.43428e-007
    outer loop
      vertex 41.112 -9.23863 55.2379
      vertex 49.2697 -10.9726 82
      vertex 41.1511 -9.24693 56
    endloop
  endfacet
  facet normal -0.207902 -0.97815 -3.0832e-006
    outer loop
      vertex 41.1071 -9.23759 55.1429
      vertex 49.2697 -10.9726 82
      vertex 41.112 -9.23863 55.2379
    endloop
  endfacet
  facet normal -0.207906 -0.978149 0
    outer loop
      vertex 41.1071 -9.23759 40.8571
      vertex 41.1071 -9.23759 55.1429
      vertex 40.9904 -9.21277 54.3892
    endloop
  endfacet
  facet normal -0.207928 -0.978144 -1.29574e-007
    outer loop
      vertex 41.0925 -9.23448 40.9515
      vertex 40.9904 -9.21277 54.3892
      vertex 40.9758 -9.20967 54.2951
    endloop
  endfacet
  facet normal -0.20791 -0.978148 -1.08745e-009
    outer loop
      vertex 40.9515 -9.2045 41.7977
      vertex 40.9758 -9.20967 54.2951
      vertex 40.7827 -9.16863 53.5584
    endloop
  endfacet
  facet normal -0.207944 -0.978141 0
    outer loop
      vertex 40.7585 -9.16349 42.5339
      vertex 40.7827 -9.16863 53.5584
      vertex 40.7585 -9.16349 53.4661
    endloop
  endfacet
  facet normal -0.207917 -0.978146 0
    outer loop
      vertex 40.4576 -9.09954 43.3352
      vertex 40.4913 -9.10669 52.7545
      vertex 40.4576 -9.09954 52.6648
    endloop
  endfacet
  facet normal -0.207922 -0.978145 0
    outer loop
      vertex 40.0765 -9.01852 44.1
      vertex 40.1195 -9.02766 51.9862
      vertex 40.0765 -9.01852 51.9
    endloop
  endfacet
  facet normal -0.207923 -0.978145 0
    outer loop
      vertex 39.6192 -8.92133 44.8198
      vertex 39.6713 -8.93239 51.2621
      vertex 39.6192 -8.92133 51.1802
    endloop
  endfacet
  facet normal -0.207899 -0.97815 0
    outer loop
      vertex 38.4972 -8.68284 46.0938
      vertex 38.5665 -8.69756 49.977
      vertex 38.4972 -8.68284 49.9062
    endloop
  endfacet
  facet normal -0.207906 -0.978149 0
    outer loop
      vertex 37.8448 -8.54416 46.6339
      vertex 37.9221 -8.56059 49.4301
      vertex 37.8448 -8.54416 49.3661
    endloop
  endfacet
  facet normal -0.208056 -0.978117 0
    outer loop
      vertex 37.0469 -8.37457 47.1502
      vertex 37.0429 -8.3737 48.8476
      vertex 37.0429 -8.3737 47.1524
    endloop
  endfacet
  facet normal -0.207915 -0.978147 3.53656e-007
    outer loop
      vertex 37.0429 -8.3737 48.8476
      vertex 37.0469 -8.37457 47.1502
      vertex 37.1407 -8.39449 48.8986
    endloop
  endfacet
  facet normal -0.207909 -0.978148 0
    outer loop
      vertex 37.1407 -8.39449 47.1014
      vertex 37.1407 -8.39449 48.8986
      vertex 37.0469 -8.37457 47.1502
    endloop
  endfacet
  facet normal -0.207912 -0.978148 -0
    outer loop
      vertex 37.1407 -8.39449 48.8986
      vertex 37.1407 -8.39449 47.1014
      vertex 37.2255 -8.41253 48.9549
    endloop
  endfacet
  facet normal -0.207912 -0.978148 -6.93226e-009
    outer loop
      vertex 37.7583 -8.52578 46.6913
      vertex 37.2255 -8.41253 48.9549
      vertex 37.1407 -8.39449 47.1014
    endloop
  endfacet
  facet normal -0.207912 -0.978148 2.40943e-008
    outer loop
      vertex 37.2255 -8.41253 48.9549
      vertex 37.7583 -8.52578 46.6913
      vertex 37.8448 -8.54416 49.3661
    endloop
  endfacet
  facet normal -0.207911 -0.978148 0
    outer loop
      vertex 37.8448 -8.54416 46.6339
      vertex 37.8448 -8.54416 49.3661
      vertex 37.7583 -8.52578 46.6913
    endloop
  endfacet
  facet normal -0.207911 -0.978148 1.48996e-007
    outer loop
      vertex 37.9221 -8.56059 49.4301
      vertex 37.8448 -8.54416 46.6339
      vertex 38.4186 -8.66612 46.1589
    endloop
  endfacet
  facet normal -0.207914 -0.978147 -3.15723e-007
    outer loop
      vertex 37.9221 -8.56059 49.4301
      vertex 38.4186 -8.66612 46.1589
      vertex 38.4972 -8.68284 49.9062
    endloop
  endfacet
  facet normal -0.207928 -0.978144 0
    outer loop
      vertex 38.4972 -8.68284 46.0938
      vertex 38.4972 -8.68284 49.9062
      vertex 38.4186 -8.66612 46.1589
    endloop
  endfacet
  facet normal -0.20791 -0.978148 2.07874e-007
    outer loop
      vertex 38.5665 -8.69756 49.977
      vertex 38.4972 -8.68284 46.0938
      vertex 39.0205 -8.79407 45.5588
    endloop
  endfacet
  facet normal -0.207912 -0.978148 3.79778e-008
    outer loop
      vertex 38.5665 -8.69756 49.977
      vertex 39.0205 -8.79407 45.5588
      vertex 39.0909 -8.80902 50.5131
    endloop
  endfacet
  facet normal -0.20791 -0.978148 0
    outer loop
      vertex 39.0909 -8.80902 45.4869
      vertex 39.0909 -8.80902 50.5131
      vertex 39.0205 -8.79407 45.5588
    endloop
  endfacet
  facet normal -0.207908 -0.978148 -0
    outer loop
      vertex 39.0909 -8.80902 50.5131
      vertex 39.0909 -8.80902 45.4869
      vertex 39.1517 -8.82196 50.5899
    endloop
  endfacet
  facet normal -0.207911 -0.978148 3.41111e-008
    outer loop
      vertex 39.5576 -8.90822 44.8977
      vertex 39.1517 -8.82196 50.5899
      vertex 39.0909 -8.80902 45.4869
    endloop
  endfacet
  facet normal -0.207911 -0.978148 2.1624e-008
    outer loop
      vertex 39.1517 -8.82196 50.5899
      vertex 39.5576 -8.90822 44.8977
      vertex 39.6192 -8.92133 51.1802
    endloop
  endfacet
  facet normal -0.207909 -0.978148 0
    outer loop
      vertex 39.6192 -8.92133 44.8198
      vertex 39.6192 -8.92133 51.1802
      vertex 39.5576 -8.90822 44.8977
    endloop
  endfacet
  facet normal -0.207913 -0.978147 -8.3678e-008
    outer loop
      vertex 40.0238 -9.00733 44.1829
      vertex 39.6713 -8.93239 51.2621
      vertex 39.6192 -8.92133 44.8198
    endloop
  endfacet
  facet normal -0.207912 -0.978148 -1.97986e-008
    outer loop
      vertex 39.6713 -8.93239 51.2621
      vertex 40.0238 -9.00733 44.1829
      vertex 40.0765 -9.01852 51.9
    endloop
  endfacet
  facet normal -0.207915 -0.978147 0
    outer loop
      vertex 40.0765 -9.01852 44.1
      vertex 40.0765 -9.01852 51.9
      vertex 40.0238 -9.00733 44.1829
    endloop
  endfacet
  facet normal -0.20791 -0.978148 -6.95101e-008
    outer loop
      vertex 40.4142 -9.09031 43.4223
      vertex 40.1195 -9.02766 51.9862
      vertex 40.0765 -9.01852 44.1
    endloop
  endfacet
  facet normal -0.20791 -0.978148 -6.28983e-008
    outer loop
      vertex 40.1195 -9.02766 51.9862
      vertex 40.4142 -9.09031 43.4223
      vertex 40.4576 -9.09954 52.6648
    endloop
  endfacet
  facet normal -0.207923 -0.978145 0
    outer loop
      vertex 40.4576 -9.09954 43.3352
      vertex 40.4576 -9.09954 52.6648
      vertex 40.4142 -9.09031 43.4223
    endloop
  endfacet
  facet normal -0.20791 -0.978148 -2.52698e-008
    outer loop
      vertex 40.4913 -9.10669 52.7545
      vertex 40.4576 -9.09954 43.3352
      vertex 40.7585 -9.16349 53.4661
    endloop
  endfacet
  facet normal -0.207911 -0.978148 -1.05478e-008
    outer loop
      vertex 40.7246 -9.15628 42.6243
      vertex 40.7585 -9.16349 53.4661
      vertex 40.4576 -9.09954 43.3352
    endloop
  endfacet
  facet normal -0.207914 -0.978147 0
    outer loop
      vertex 40.7585 -9.16349 42.5339
      vertex 40.7585 -9.16349 53.4661
      vertex 40.7246 -9.15628 42.6243
    endloop
  endfacet
  facet normal -0.207914 -0.978147 -6.78088e-008
    outer loop
      vertex 40.7827 -9.16863 53.5584
      vertex 40.7585 -9.16349 42.5339
      vertex 40.9515 -9.2045 41.7977
    endloop
  endfacet
  facet normal -0.20791 -0.978148 -0
    outer loop
      vertex 40.9758 -9.20967 54.2951
      vertex 40.9515 -9.2045 41.7977
      vertex 40.9758 -9.20967 41.7049
    endloop
  endfacet
  facet normal -0.207914 -0.978147 -0
    outer loop
      vertex 40.9758 -9.20967 54.2951
      vertex 40.9758 -9.20967 41.7049
      vertex 41.0925 -9.23448 40.9515
    endloop
  endfacet
  facet normal -0.207862 -0.978158 3.94328e-007
    outer loop
      vertex 40.9904 -9.21277 54.3892
      vertex 41.0925 -9.23448 40.9515
      vertex 41.1071 -9.23759 40.8571
    endloop
  endfacet
  facet normal -0.207912 -0.978148 -0
    outer loop
      vertex 41.1071 -9.23759 55.1429
      vertex 41.1071 -9.23759 40.8571
      vertex 49.2697 -10.9726 82
    endloop
  endfacet
  facet normal -0.207914 -0.978147 5.19279e-007
    outer loop
      vertex 41.1462 -9.24589 40.0951
      vertex 49.2697 -10.9726 82
      vertex 41.1071 -9.23759 40.8571
    endloop
  endfacet
  facet normal -0.207895 -0.978151 -3.40412e-006
    outer loop
      vertex 41.1511 -9.24693 40
      vertex 49.2697 -10.9726 82
      vertex 41.1462 -9.24589 40.0951
    endloop
  endfacet
  facet normal -0.207911 -0.978148 1.60818e-007
    outer loop
      vertex 49.2697 -10.9726 -2
      vertex 41.1511 -9.24693 40
      vertex 41.112 -9.23863 39.2379
    endloop
  endfacet
  facet normal -0.207922 -0.978146 -2.03689e-006
    outer loop
      vertex 49.2697 -10.9726 -2
      vertex 41.112 -9.23863 39.2379
      vertex 41.1071 -9.23759 39.1429
    endloop
  endfacet
  facet normal -0.207906 -0.978149 0
    outer loop
      vertex 41.1071 -9.23759 24.8571
      vertex 41.1071 -9.23759 39.1429
      vertex 40.9904 -9.21277 38.3892
    endloop
  endfacet
  facet normal -0.207928 -0.978144 -1.29574e-007
    outer loop
      vertex 41.0925 -9.23448 24.9515
      vertex 40.9904 -9.21277 38.3892
      vertex 40.9758 -9.20967 38.2951
    endloop
  endfacet
  facet normal -0.207944 -0.978141 0
    outer loop
      vertex 40.7585 -9.16349 26.5339
      vertex 40.7827 -9.16863 37.5584
      vertex 40.7585 -9.16349 37.4661
    endloop
  endfacet
  facet normal -0.207917 -0.978146 0
    outer loop
      vertex 40.4576 -9.09954 27.3352
      vertex 40.4913 -9.10669 36.7545
      vertex 40.4576 -9.09954 36.6648
    endloop
  endfacet
  facet normal -0.207922 -0.978145 0
    outer loop
      vertex 40.0765 -9.01852 28.1
      vertex 40.1195 -9.02766 35.9862
      vertex 40.0765 -9.01852 35.9
    endloop
  endfacet
  facet normal -0.207923 -0.978145 0
    outer loop
      vertex 39.6192 -8.92133 28.8198
      vertex 39.6713 -8.93239 35.2621
      vertex 39.6192 -8.92133 35.1802
    endloop
  endfacet
  facet normal -0.207899 -0.97815 0
    outer loop
      vertex 38.4972 -8.68284 30.0938
      vertex 38.5665 -8.69756 33.977
      vertex 38.4972 -8.68284 33.9062
    endloop
  endfacet
  facet normal -0.207906 -0.978149 0
    outer loop
      vertex 37.8448 -8.54416 30.6339
      vertex 37.9221 -8.56059 33.4301
      vertex 37.8448 -8.54416 33.3661
    endloop
  endfacet
  facet normal -0.208056 -0.978117 0
    outer loop
      vertex 37.0469 -8.37457 31.1502
      vertex 37.0429 -8.3737 32.8476
      vertex 37.0429 -8.3737 31.1524
    endloop
  endfacet
  facet normal -0.207915 -0.978147 3.53655e-007
    outer loop
      vertex 37.0429 -8.3737 32.8476
      vertex 37.0469 -8.37457 31.1502
      vertex 37.1407 -8.39449 32.8986
    endloop
  endfacet
  facet normal -0.207909 -0.978148 0
    outer loop
      vertex 37.1407 -8.39449 31.1014
      vertex 37.1407 -8.39449 32.8986
      vertex 37.0469 -8.37457 31.1502
    endloop
  endfacet
  facet normal -0.207912 -0.978148 -0
    outer loop
      vertex 37.1407 -8.39449 32.8986
      vertex 37.1407 -8.39449 31.1014
      vertex 37.2255 -8.41253 32.9549
    endloop
  endfacet
  facet normal -0.207912 -0.978148 -6.93226e-009
    outer loop
      vertex 37.7583 -8.52578 30.6913
      vertex 37.2255 -8.41253 32.9549
      vertex 37.1407 -8.39449 31.1014
    endloop
  endfacet
  facet normal -0.207912 -0.978148 2.40943e-008
    outer loop
      vertex 37.2255 -8.41253 32.9549
      vertex 37.7583 -8.52578 30.6913
      vertex 37.8448 -8.54416 33.3661
    endloop
  endfacet
  facet normal -0.207911 -0.978148 0
    outer loop
      vertex 37.8448 -8.54416 30.6339
      vertex 37.8448 -8.54416 33.3661
      vertex 37.7583 -8.52578 30.6913
    endloop
  endfacet
  facet normal -0.207911 -0.978148 1.48996e-007
    outer loop
      vertex 37.9221 -8.56059 33.4301
      vertex 37.8448 -8.54416 30.6339
      vertex 38.4186 -8.66612 30.1589
    endloop
  endfacet
  facet normal -0.207914 -0.978147 -3.15723e-007
    outer loop
      vertex 37.9221 -8.56059 33.4301
      vertex 38.4186 -8.66612 30.1589
      vertex 38.4972 -8.68284 33.9062
    endloop
  endfacet
  facet normal -0.207928 -0.978144 0
    outer loop
      vertex 38.4972 -8.68284 30.0938
      vertex 38.4972 -8.68284 33.9062
      vertex 38.4186 -8.66612 30.1589
    endloop
  endfacet
  facet normal -0.20791 -0.978148 2.07874e-007
    outer loop
      vertex 38.5665 -8.69756 33.977
      vertex 38.4972 -8.68284 30.0938
      vertex 39.0205 -8.79407 29.5588
    endloop
  endfacet
  facet normal -0.207912 -0.978148 3.79778e-008
    outer loop
      vertex 38.5665 -8.69756 33.977
      vertex 39.0205 -8.79407 29.5588
      vertex 39.0909 -8.80902 34.5131
    endloop
  endfacet
  facet normal -0.20791 -0.978148 0
    outer loop
      vertex 39.0909 -8.80902 29.4869
      vertex 39.0909 -8.80902 34.5131
      vertex 39.0205 -8.79407 29.5588
    endloop
  endfacet
  facet normal -0.207908 -0.978148 -0
    outer loop
      vertex 39.0909 -8.80902 34.5131
      vertex 39.0909 -8.80902 29.4869
      vertex 39.1517 -8.82196 34.5899
    endloop
  endfacet
  facet normal -0.207911 -0.978148 3.41111e-008
    outer loop
      vertex 39.5576 -8.90822 28.8977
      vertex 39.1517 -8.82196 34.5899
      vertex 39.0909 -8.80902 29.4869
    endloop
  endfacet
  facet normal -0.207911 -0.978148 2.1624e-008
    outer loop
      vertex 39.1517 -8.82196 34.5899
      vertex 39.5576 -8.90822 28.8977
      vertex 39.6192 -8.92133 35.1802
    endloop
  endfacet
  facet normal -0.207909 -0.978148 0
    outer loop
      vertex 39.6192 -8.92133 28.8198
      vertex 39.6192 -8.92133 35.1802
      vertex 39.5576 -8.90822 28.8977
    endloop
  endfacet
  facet normal -0.207913 -0.978147 -8.3678e-008
    outer loop
      vertex 40.0238 -9.00733 28.1829
      vertex 39.6713 -8.93239 35.2621
      vertex 39.6192 -8.92133 28.8198
    endloop
  endfacet
  facet normal -0.207912 -0.978148 -1.97986e-008
    outer loop
      vertex 39.6713 -8.93239 35.2621
      vertex 40.0238 -9.00733 28.1829
      vertex 40.0765 -9.01852 35.9
    endloop
  endfacet
  facet normal -0.207915 -0.978147 0
    outer loop
      vertex 40.0765 -9.01852 28.1
      vertex 40.0765 -9.01852 35.9
      vertex 40.0238 -9.00733 28.1829
    endloop
  endfacet
  facet normal -0.20791 -0.978148 -6.95101e-008
    outer loop
      vertex 40.4142 -9.09031 27.4223
      vertex 40.1195 -9.02766 35.9862
      vertex 40.0765 -9.01852 28.1
    endloop
  endfacet
  facet normal -0.20791 -0.978148 -6.28983e-008
    outer loop
      vertex 40.1195 -9.02766 35.9862
      vertex 40.4142 -9.09031 27.4223
      vertex 40.4576 -9.09954 36.6648
    endloop
  endfacet
  facet normal -0.207923 -0.978145 0
    outer loop
      vertex 40.4576 -9.09954 27.3352
      vertex 40.4576 -9.09954 36.6648
      vertex 40.4142 -9.09031 27.4223
    endloop
  endfacet
  facet normal -0.20791 -0.978148 -2.52698e-008
    outer loop
      vertex 40.4913 -9.10669 36.7545
      vertex 40.4576 -9.09954 27.3352
      vertex 40.7585 -9.16349 37.4661
    endloop
  endfacet
  facet normal -0.207911 -0.978148 -1.05478e-008
    outer loop
      vertex 40.7246 -9.15628 26.6243
      vertex 40.7585 -9.16349 37.4661
      vertex 40.4576 -9.09954 27.3352
    endloop
  endfacet
  facet normal -0.207914 -0.978147 0
    outer loop
      vertex 40.7585 -9.16349 26.5339
      vertex 40.7585 -9.16349 37.4661
      vertex 40.7246 -9.15628 26.6243
    endloop
  endfacet
  facet normal -0.207909 -0.978148 -7.86611e-008
    outer loop
      vertex 40.7827 -9.16863 37.5584
      vertex 40.7585 -9.16349 26.5339
      vertex 40.9758 -9.20967 38.2951
    endloop
  endfacet
  facet normal -0.207914 -0.978147 7.40244e-009
    outer loop
      vertex 40.9515 -9.2045 25.7977
      vertex 40.9758 -9.20967 38.2951
      vertex 40.7585 -9.16349 26.5339
    endloop
  endfacet
  facet normal -0.20791 -0.978148 0
    outer loop
      vertex 40.9758 -9.20967 25.7049
      vertex 40.9758 -9.20967 38.2951
      vertex 40.9515 -9.2045 25.7977
    endloop
  endfacet
  facet normal -0.207914 -0.978147 0
    outer loop
      vertex 41.0925 -9.23448 24.9515
      vertex 40.9758 -9.20967 38.2951
      vertex 40.9758 -9.20967 25.7049
    endloop
  endfacet
  facet normal -0.207862 -0.978158 3.94328e-007
    outer loop
      vertex 40.9904 -9.21277 38.3892
      vertex 41.0925 -9.23448 24.9515
      vertex 41.1071 -9.23759 24.8571
    endloop
  endfacet
  facet normal -0.207912 -0.978148 -0
    outer loop
      vertex 41.1071 -9.23759 39.1429
      vertex 41.1071 -9.23759 24.8571
      vertex 49.2697 -10.9726 -2
    endloop
  endfacet
  facet normal -0.207909 -0.978148 7.86005e-007
    outer loop
      vertex 49.2697 -10.9726 -2
      vertex 41.1071 -9.23759 24.8571
      vertex 41.1462 -9.24589 24.0951
    endloop
  endfacet
  facet normal -0.207927 -0.978144 -5.15369e-006
    outer loop
      vertex 49.2697 -10.9726 -2
      vertex 41.1462 -9.24589 24.0951
      vertex 41.1511 -9.24693 24
    endloop
  endfacet
  facet normal -0.207911 -0.978148 1.74774e-007
    outer loop
      vertex 49.2697 -10.9726 -2
      vertex 41.1511 -9.24693 24
      vertex 41.112 -9.23863 23.2379
    endloop
  endfacet
  facet normal -0.207918 -0.978146 -2.21361e-006
    outer loop
      vertex 49.2697 -10.9726 -2
      vertex 41.112 -9.23863 23.2379
      vertex 41.1071 -9.23759 23.1429
    endloop
  endfacet
  facet normal -0.207917 -0.978146 -1.9531e-006
    outer loop
      vertex 49.2697 -10.9726 -2
      vertex 40.9904 -9.21277 22.3892
      vertex 40.9758 -9.20967 22.2951
    endloop
  endfacet
  facet normal -0.207925 -0.978145 -5.07673e-006
    outer loop
      vertex 49.2697 -10.9726 -2
      vertex 40.7827 -9.16863 21.5584
      vertex 40.7585 -9.16349 21.4661
    endloop
  endfacet
  facet normal -0.207917 -0.978146 0
    outer loop
      vertex 40.4576 -9.09954 11.3352
      vertex 40.4913 -9.10669 20.7545
      vertex 40.4576 -9.09954 20.6648
    endloop
  endfacet
  facet normal -0.207922 -0.978145 0
    outer loop
      vertex 40.0765 -9.01852 12.1
      vertex 40.1195 -9.02766 19.9862
      vertex 40.0765 -9.01852 19.9
    endloop
  endfacet
  facet normal -0.207923 -0.978145 0
    outer loop
      vertex 39.6192 -8.92133 12.8198
      vertex 39.6713 -8.93239 19.2621
      vertex 39.6192 -8.92133 19.1802
    endloop
  endfacet
  facet normal -0.208056 -0.978117 0
    outer loop
      vertex 37.0469 -8.37457 15.1502
      vertex 37.0429 -8.3737 16.8476
      vertex 37.0429 -8.3737 15.1524
    endloop
  endfacet
  facet normal -0.207915 -0.978147 3.53655e-007
    outer loop
      vertex 37.0429 -8.3737 16.8476
      vertex 37.0469 -8.37457 15.1502
      vertex 37.1407 -8.39449 16.8986
    endloop
  endfacet
  facet normal -0.207909 -0.978148 0
    outer loop
      vertex 37.1407 -8.39449 15.1014
      vertex 37.1407 -8.39449 16.8986
      vertex 37.0469 -8.37457 15.1502
    endloop
  endfacet
  facet normal -0.207912 -0.978148 -0
    outer loop
      vertex 37.1407 -8.39449 16.8986
      vertex 37.1407 -8.39449 15.1014
      vertex 37.2255 -8.41253 16.9549
    endloop
  endfacet
  facet normal -0.207912 -0.978148 -6.93226e-009
    outer loop
      vertex 37.7583 -8.52578 14.6913
      vertex 37.2255 -8.41253 16.9549
      vertex 37.1407 -8.39449 15.1014
    endloop
  endfacet
  facet normal -0.207912 -0.978148 2.40942e-008
    outer loop
      vertex 37.2255 -8.41253 16.9549
      vertex 37.7583 -8.52578 14.6913
      vertex 37.8448 -8.54416 17.3661
    endloop
  endfacet
  facet normal -0.207911 -0.978148 0
    outer loop
      vertex 37.8448 -8.54416 14.6339
      vertex 37.8448 -8.54416 17.3661
      vertex 37.7583 -8.52578 14.6913
    endloop
  endfacet
  facet normal -0.207906 -0.978149 -0
    outer loop
      vertex 37.8448 -8.54416 17.3661
      vertex 37.8448 -8.54416 14.6339
      vertex 37.9221 -8.56059 17.4301
    endloop
  endfacet
  facet normal -0.207911 -0.978148 1.48996e-007
    outer loop
      vertex 38.4186 -8.66612 14.1589
      vertex 37.9221 -8.56059 17.4301
      vertex 37.8448 -8.54416 14.6339
    endloop
  endfacet
  facet normal -0.207914 -0.978147 -3.15723e-007
    outer loop
      vertex 37.9221 -8.56059 17.4301
      vertex 38.4186 -8.66612 14.1589
      vertex 38.4972 -8.68284 17.9062
    endloop
  endfacet
  facet normal -0.207928 -0.978144 0
    outer loop
      vertex 38.4972 -8.68284 14.0938
      vertex 38.4972 -8.68284 17.9062
      vertex 38.4186 -8.66612 14.1589
    endloop
  endfacet
  facet normal -0.207899 -0.97815 -0
    outer loop
      vertex 38.4972 -8.68284 17.9062
      vertex 38.4972 -8.68284 14.0938
      vertex 38.5665 -8.69756 17.977
    endloop
  endfacet
  facet normal -0.20791 -0.978148 2.07874e-007
    outer loop
      vertex 39.0205 -8.79407 13.5588
      vertex 38.5665 -8.69756 17.977
      vertex 38.4972 -8.68284 14.0938
    endloop
  endfacet
  facet normal -0.207912 -0.978148 3.79778e-008
    outer loop
      vertex 38.5665 -8.69756 17.977
      vertex 39.0205 -8.79407 13.5588
      vertex 39.0909 -8.80902 18.5131
    endloop
  endfacet
  facet normal -0.20791 -0.978148 0
    outer loop
      vertex 39.0909 -8.80902 13.4869
      vertex 39.0909 -8.80902 18.5131
      vertex 39.0205 -8.79407 13.5588
    endloop
  endfacet
  facet normal -0.207908 -0.978148 -0
    outer loop
      vertex 39.0909 -8.80902 18.5131
      vertex 39.0909 -8.80902 13.4869
      vertex 39.1517 -8.82196 18.5899
    endloop
  endfacet
  facet normal -0.207911 -0.978148 3.41111e-008
    outer loop
      vertex 39.5576 -8.90822 12.8977
      vertex 39.1517 -8.82196 18.5899
      vertex 39.0909 -8.80902 13.4869
    endloop
  endfacet
  facet normal -0.207911 -0.978148 2.1624e-008
    outer loop
      vertex 39.1517 -8.82196 18.5899
      vertex 39.5576 -8.90822 12.8977
      vertex 39.6192 -8.92133 19.1802
    endloop
  endfacet
  facet normal -0.207909 -0.978148 0
    outer loop
      vertex 39.6192 -8.92133 12.8198
      vertex 39.6192 -8.92133 19.1802
      vertex 39.5576 -8.90822 12.8977
    endloop
  endfacet
  facet normal -0.207913 -0.978147 -8.3678e-008
    outer loop
      vertex 40.0238 -9.00733 12.1829
      vertex 39.6713 -8.93239 19.2621
      vertex 39.6192 -8.92133 12.8198
    endloop
  endfacet
  facet normal -0.207912 -0.978148 -1.97986e-008
    outer loop
      vertex 39.6713 -8.93239 19.2621
      vertex 40.0238 -9.00733 12.1829
      vertex 40.0765 -9.01852 19.9
    endloop
  endfacet
  facet normal -0.207915 -0.978147 0
    outer loop
      vertex 40.0765 -9.01852 12.1
      vertex 40.0765 -9.01852 19.9
      vertex 40.0238 -9.00733 12.1829
    endloop
  endfacet
  facet normal -0.20791 -0.978148 -6.95101e-008
    outer loop
      vertex 40.4142 -9.09031 11.4223
      vertex 40.1195 -9.02766 19.9862
      vertex 40.0765 -9.01852 12.1
    endloop
  endfacet
  facet normal -0.20791 -0.978148 -6.28983e-008
    outer loop
      vertex 40.1195 -9.02766 19.9862
      vertex 40.4142 -9.09031 11.4223
      vertex 40.4576 -9.09954 20.6648
    endloop
  endfacet
  facet normal -0.207923 -0.978145 0
    outer loop
      vertex 40.4576 -9.09954 11.3352
      vertex 40.4576 -9.09954 20.6648
      vertex 40.4142 -9.09031 11.4223
    endloop
  endfacet
  facet normal -0.20791 -0.978148 -2.52698e-008
    outer loop
      vertex 40.4913 -9.10669 20.7545
      vertex 40.4576 -9.09954 11.3352
      vertex 40.7585 -9.16349 21.4661
    endloop
  endfacet
  facet normal -0.207911 -0.978148 -1.05478e-008
    outer loop
      vertex 40.7246 -9.15628 10.6243
      vertex 40.7585 -9.16349 21.4661
      vertex 40.4576 -9.09954 11.3352
    endloop
  endfacet
  facet normal -0.207914 -0.978147 0
    outer loop
      vertex 40.7585 -9.16349 10.5339
      vertex 40.7585 -9.16349 21.4661
      vertex 40.7246 -9.15628 10.6243
    endloop
  endfacet
  facet normal -0.207912 -0.978148 0
    outer loop
      vertex 49.2697 -10.9726 -2
      vertex 40.7585 -9.16349 21.4661
      vertex 40.7585 -9.16349 10.5339
    endloop
  endfacet
  facet normal -0.207911 -0.978148 3.15763e-007
    outer loop
      vertex 40.7827 -9.16863 21.5584
      vertex 49.2697 -10.9726 -2
      vertex 40.9758 -9.20967 22.2951
    endloop
  endfacet
  facet normal -0.20791 -0.978148 6.0666e-007
    outer loop
      vertex 40.9904 -9.21277 22.3892
      vertex 49.2697 -10.9726 -2
      vertex 41.1071 -9.23759 23.1429
    endloop
  endfacet
  facet normal -0.20791 -0.978148 9.43337e-007
    outer loop
      vertex 49.2697 -10.9726 -2
      vertex 40.7585 -9.16349 10.5339
      vertex 40.9515 -9.2045 9.79768
    endloop
  endfacet
  facet normal -0.207913 -0.978147 -6.55122e-007
    outer loop
      vertex 49.2697 -10.9726 -2
      vertex 40.9515 -9.2045 9.79768
      vertex 40.9758 -9.20967 9.70487
    endloop
  endfacet
  facet normal -0.207911 -0.978148 5.31017e-007
    outer loop
      vertex 49.2697 -10.9726 -2
      vertex 40.9758 -9.20967 9.70487
      vertex 41.0925 -9.23448 8.95153
    endloop
  endfacet
  facet normal -0.207924 -0.978145 -9.5514e-006
    outer loop
      vertex 49.2697 -10.9726 -2
      vertex 41.0925 -9.23448 8.95153
      vertex 41.1071 -9.23759 8.85713
    endloop
  endfacet
  facet normal -0.207911 -0.978148 7.01252e-007
    outer loop
      vertex 49.2697 -10.9726 -2
      vertex 41.1071 -9.23759 8.85713
      vertex 41.1462 -9.24589 8.09513
    endloop
  endfacet
  facet normal -0.207917 -0.978146 -4.59769e-006
    outer loop
      vertex 49.2697 -10.9726 -2
      vertex 41.1462 -9.24589 8.09513
      vertex 41.1511 -9.24693 8
    endloop
  endfacet
  facet normal -0.207911 -0.978148 1.91382e-007
    outer loop
      vertex 49.2697 -10.9726 -2
      vertex 41.1511 -9.24693 8
      vertex 41.112 -9.23863 7.2379
    endloop
  endfacet
  facet normal -0.207914 -0.978147 -2.42395e-006
    outer loop
      vertex 49.2697 -10.9726 -2
      vertex 41.112 -9.23863 7.2379
      vertex 41.1071 -9.23759 7.14287
    endloop
  endfacet
  facet normal -0.207914 -0.978147 -2.45846e-006
    outer loop
      vertex 49.2697 -10.9726 -2
      vertex 40.9904 -9.21277 6.38922
      vertex 40.9758 -9.20967 6.29512
    endloop
  endfacet
  facet normal -0.207918 -0.978146 -7.1104e-006
    outer loop
      vertex 49.2697 -10.9726 -2
      vertex 40.7827 -9.16863 5.55837
      vertex 40.7585 -9.16349 5.46606
    endloop
  endfacet
  facet normal -0.207913 -0.978147 -1.65066e-006
    outer loop
      vertex 49.2697 -10.9726 -2
      vertex 40.4913 -9.10669 4.75446
      vertex 40.4576 -9.09954 4.66476
    endloop
  endfacet
  facet normal -0.207914 -0.978147 -4.12376e-006
    outer loop
      vertex 49.2697 -10.9726 -2
      vertex 40.1195 -9.02766 3.98624
      vertex 40.0765 -9.01852 3.9
    endloop
  endfacet
  facet normal -0.207915 -0.978147 -5.61399e-006
    outer loop
      vertex 49.2697 -10.9726 -2
      vertex 39.6713 -8.93239 3.2621
      vertex 39.6192 -8.92133 3.18016
    endloop
  endfacet
  facet normal -0.207915 -0.978147 0
    outer loop
      vertex 37.0429 -8.3737 -2
      vertex 37.1407 -8.39449 0.898591
      vertex 37.0429 -8.3737 0.847638
    endloop
  endfacet
  facet normal -0.207912 -0.978148 -1.08495e-007
    outer loop
      vertex 37.0429 -8.3737 -2
      vertex 37.2255 -8.41253 0.954934
      vertex 37.1407 -8.39449 0.898591
    endloop
  endfacet
  facet normal -0.207911 -0.978148 -1.27785e-007
    outer loop
      vertex 37.0429 -8.3737 -2
      vertex 37.8448 -8.54416 1.36606
      vertex 37.2255 -8.41253 0.954934
    endloop
  endfacet
  facet normal -0.207904 -0.978149 -2.01656e-006
    outer loop
      vertex 37.0429 -8.3737 -2
      vertex 37.9221 -8.56059 1.43006
      vertex 37.8448 -8.54416 1.36606
    endloop
  endfacet
  facet normal -0.207914 -0.978147 8.18085e-007
    outer loop
      vertex 37.0429 -8.3737 -2
      vertex 38.4972 -8.68284 1.90621
      vertex 37.9221 -8.56059 1.43006
    endloop
  endfacet
  facet normal -0.207891 -0.978152 -8.20178e-006
    outer loop
      vertex 37.0429 -8.3737 -2
      vertex 38.5665 -8.69756 1.97704
      vertex 38.4972 -8.68284 1.90621
    endloop
  endfacet
  facet normal -0.207912 -0.978147 1.5306e-007
    outer loop
      vertex 37.0429 -8.3737 -2
      vertex 39.0909 -8.80902 2.51313
      vertex 38.5665 -8.69756 1.97704
    endloop
  endfacet
  facet normal -0.207912 -0.978148 -8.13779e-008
    outer loop
      vertex 49.2697 -10.9726 -2
      vertex 39.0909 -8.80902 2.51313
      vertex 37.0429 -8.3737 -2
    endloop
  endfacet
  facet normal -0.207911 -0.978148 2.29863e-006
    outer loop
      vertex 39.0909 -8.80902 2.51313
      vertex 49.2697 -10.9726 -2
      vertex 39.1517 -8.82196 2.58993
    endloop
  endfacet
  facet normal -0.207911 -0.978148 5.45218e-007
    outer loop
      vertex 39.1517 -8.82196 2.58993
      vertex 49.2697 -10.9726 -2
      vertex 39.6192 -8.92133 3.18016
    endloop
  endfacet
  facet normal -0.207912 -0.978148 0
    outer loop
      vertex 41.1511 -9.24693 40
      vertex 49.2697 -10.9726 -2
      vertex 49.2697 -10.9726 82
    endloop
  endfacet
  facet normal -0.207911 -0.978148 7.63649e-007
    outer loop
      vertex 40.9904 -9.21277 6.38922
      vertex 49.2697 -10.9726 -2
      vertex 41.1071 -9.23759 7.14287
    endloop
  endfacet
  facet normal -0.207911 -0.978148 4.42259e-007
    outer loop
      vertex 40.7827 -9.16863 5.55837
      vertex 49.2697 -10.9726 -2
      vertex 40.9758 -9.20967 6.29512
    endloop
  endfacet
  facet normal -0.207911 -0.978148 3.88625e-007
    outer loop
      vertex 40.4913 -9.10669 4.75446
      vertex 49.2697 -10.9726 -2
      vertex 40.7585 -9.16349 5.46606
    endloop
  endfacet
  facet normal -0.207911 -0.978148 6.94473e-007
    outer loop
      vertex 40.1195 -9.02766 3.98624
      vertex 49.2697 -10.9726 -2
      vertex 40.4576 -9.09954 4.66476
    endloop
  endfacet
  facet normal -0.207912 -0.978148 -1.44961e-007
    outer loop
      vertex 39.6713 -8.93239 3.2621
      vertex 49.2697 -10.9726 -2
      vertex 40.0765 -9.01852 3.9
    endloop
  endfacet
  facet normal -0.207912 0.978148 1.60004e-007
    outer loop
      vertex 38.5639 8.71936 78.0198
      vertex 37.0372 8.39484 82
      vertex 49.264 10.9937 82
    endloop
  endfacet
  facet normal -0.207924 0.978145 0
    outer loop
      vertex 37.0372 8.39484 82
      vertex 37.135 8.41563 79.1014
      vertex 37.0372 8.39484 79.1524
    endloop
  endfacet
  facet normal -0.2079 0.97815 8.46519e-007
    outer loop
      vertex 37.0372 8.39484 82
      vertex 37.2237 8.43447 79.0425
      vertex 37.135 8.41563 79.1014
    endloop
  endfacet
  facet normal -0.207913 0.978147 -2.53239e-008
    outer loop
      vertex 37.0372 8.39484 82
      vertex 37.8391 8.56529 78.6339
      vertex 37.2237 8.43447 79.0425
    endloop
  endfacet
  facet normal -0.207911 0.978148 4.10913e-007
    outer loop
      vertex 37.0372 8.39484 82
      vertex 37.9199 8.58246 78.5671
      vertex 37.8391 8.56529 78.6339
    endloop
  endfacet
  facet normal -0.207909 0.978148 9.84856e-007
    outer loop
      vertex 37.0372 8.39484 82
      vertex 38.4916 8.70398 78.0938
      vertex 37.9199 8.58246 78.5671
    endloop
  endfacet
  facet normal -0.207922 0.978145 -3.82093e-006
    outer loop
      vertex 37.0372 8.39484 82
      vertex 38.5639 8.71936 78.0198
      vertex 38.4916 8.70398 78.0938
    endloop
  endfacet
  facet normal -0.207912 0.978148 -3.50964e-007
    outer loop
      vertex 49.264 10.9937 82
      vertex 39.0852 8.83016 77.4869
      vertex 38.5639 8.71936 78.0198
    endloop
  endfacet
  facet normal -0.207913 0.978147 1.9636e-006
    outer loop
      vertex 49.264 10.9937 82
      vertex 39.1488 8.84367 77.4066
      vertex 39.0852 8.83016 77.4869
    endloop
  endfacet
  facet normal -0.207912 0.978148 -1.45541e-007
    outer loop
      vertex 49.264 10.9937 82
      vertex 39.6136 8.94246 76.8198
      vertex 39.1488 8.84367 77.4066
    endloop
  endfacet
  facet normal -0.207912 0.978148 1.88739e-007
    outer loop
      vertex 49.264 10.9937 82
      vertex 39.6679 8.95402 76.7342
      vertex 39.6136 8.94246 76.8198
    endloop
  endfacet
  facet normal -0.207912 0.978148 -2.78347e-007
    outer loop
      vertex 49.264 10.9937 82
      vertex 40.0708 9.03966 76.1
      vertex 39.6679 8.95402 76.7342
    endloop
  endfacet
  facet normal -0.207912 0.978148 -1.22617e-007
    outer loop
      vertex 49.264 10.9937 82
      vertex 40.1157 9.0492 76.0099
      vertex 40.0708 9.03966 76.1
    endloop
  endfacet
  facet normal -0.207912 0.978148 -2.20657e-007
    outer loop
      vertex 49.264 10.9937 82
      vertex 40.452 9.12067 75.3352
      vertex 40.1157 9.0492 76.0099
    endloop
  endfacet
  facet normal -0.207914 0.978147 2.7949e-006
    outer loop
      vertex 49.264 10.9937 82
      vertex 40.4872 9.12815 75.2415
      vertex 40.452 9.12067 75.3352
    endloop
  endfacet
  facet normal -0.207912 0.978148 4.41539e-007
    outer loop
      vertex 49.264 10.9937 82
      vertex 40.7528 9.18462 74.5339
      vertex 40.4872 9.12815 75.2415
    endloop
  endfacet
  facet normal -0.207908 0.978148 -4.70977e-006
    outer loop
      vertex 49.264 10.9937 82
      vertex 40.7781 9.19 74.4375
      vertex 40.7528 9.18462 74.5339
    endloop
  endfacet
  facet normal -0.207912 0.978148 1.80032e-010
    outer loop
      vertex 49.264 10.9937 82
      vertex 40.9701 9.23081 73.7049
      vertex 40.7781 9.19 74.4375
    endloop
  endfacet
  facet normal -0.207911 0.978148 -8.55257e-007
    outer loop
      vertex 49.264 10.9937 82
      vertex 40.9854 9.23405 73.6066
      vertex 40.9701 9.23081 73.7049
    endloop
  endfacet
  facet normal -0.207911 0.978148 -3.70768e-007
    outer loop
      vertex 49.264 10.9937 82
      vertex 41.1015 9.25873 72.8571
      vertex 40.9854 9.23405 73.6066
    endloop
  endfacet
  facet normal -0.207919 0.978146 7.08728e-006
    outer loop
      vertex 49.264 10.9937 82
      vertex 41.1066 9.25981 72.7579
      vertex 41.1015 9.25873 72.8571
    endloop
  endfacet
  facet normal -0.207912 0.978148 3.43477e-007
    outer loop
      vertex 49.264 10.9937 82
      vertex 41.1454 9.26807 72
      vertex 41.1066 9.25981 72.7579
    endloop
  endfacet
  facet normal -0.2079 0.97815 -9.49774e-006
    outer loop
      vertex 49.264 10.9937 82
      vertex 41.1403 9.26698 71.9006
      vertex 41.1454 9.26807 72
    endloop
  endfacet
  facet normal -0.207912 0.978148 -1.87183e-007
    outer loop
      vertex 49.264 10.9937 82
      vertex 41.1015 9.25873 71.1429
      vertex 41.1403 9.26698 71.9006
    endloop
  endfacet
  facet normal -0.207914 0.978147 1.88104e-006
    outer loop
      vertex 49.264 10.9937 82
      vertex 41.0862 9.25548 71.0443
      vertex 41.1015 9.25873 71.1429
    endloop
  endfacet
  facet normal -0.207912 0.978147 4.62571e-007
    outer loop
      vertex 49.264 10.9937 82
      vertex 40.9701 9.23081 70.2951
      vertex 41.0862 9.25548 71.0443
    endloop
  endfacet
  facet normal -0.207919 0.978146 5.47522e-006
    outer loop
      vertex 49.264 10.9937 82
      vertex 40.9447 9.22541 70.1982
      vertex 40.9701 9.23081 70.2951
    endloop
  endfacet
  facet normal -0.207912 0.978147 4.73869e-007
    outer loop
      vertex 49.264 10.9937 82
      vertex 40.7528 9.18462 69.4661
      vertex 40.9447 9.22541 70.1982
    endloop
  endfacet
  facet normal -0.207912 0.978148 0
    outer loop
      vertex 40.7528 9.18462 58.5339
      vertex 40.7528 9.18462 69.4661
      vertex 49.264 10.9937 82
    endloop
  endfacet
  facet normal -0.207925 0.978145 0
    outer loop
      vertex 40.7528 9.18462 69.4661
      vertex 40.7528 9.18462 58.5339
      vertex 40.7174 9.17709 69.3717
    endloop
  endfacet
  facet normal -0.207913 0.978147 4.38188e-008
    outer loop
      vertex 40.7174 9.17709 69.3717
      vertex 40.7528 9.18462 58.5339
      vertex 40.452 9.12067 68.6648
    endloop
  endfacet
  facet normal -0.207913 0.978147 3.04708e-008
    outer loop
      vertex 40.4872 9.12815 59.2415
      vertex 40.452 9.12067 68.6648
      vertex 40.7528 9.18462 58.5339
    endloop
  endfacet
  facet normal -0.207921 0.978146 0
    outer loop
      vertex 40.452 9.12067 59.3352
      vertex 40.452 9.12067 68.6648
      vertex 40.4872 9.12815 59.2415
    endloop
  endfacet
  facet normal -0.207904 0.978149 0
    outer loop
      vertex 40.452 9.12067 68.6648
      vertex 40.452 9.12067 59.3352
      vertex 40.4066 9.11104 68.5738
    endloop
  endfacet
  facet normal -0.207915 0.978147 0
    outer loop
      vertex 39.0852 8.83016 61.4869
      vertex 39.0117 8.81454 66.438
      vertex 39.0852 8.83016 66.5131
    endloop
  endfacet
  facet normal -0.207907 0.978149 0
    outer loop
      vertex 38.4916 8.70398 62.0938
      vertex 38.4094 8.68651 65.8382
      vertex 38.4916 8.70398 65.9062
    endloop
  endfacet
  facet normal -0.207926 0.978144 0
    outer loop
      vertex 37.8391 8.56529 62.6339
      vertex 37.7488 8.54609 65.3061
      vertex 37.8391 8.56529 65.3661
    endloop
  endfacet
  facet normal -0.207924 0.978145 0
    outer loop
      vertex 37.135 8.41563 64.8986
      vertex 37.0372 8.39484 63.1524
      vertex 37.0372 8.39484 64.8476
    endloop
  endfacet
  facet normal -0.207909 0.978148 -4.30585e-007
    outer loop
      vertex 37.7488 8.54609 65.3061
      vertex 37.2237 8.43447 63.0425
      vertex 37.135 8.41563 64.8986
    endloop
  endfacet
  facet normal -0.207911 0.978148 2.73939e-008
    outer loop
      vertex 38.4094 8.68651 65.8382
      vertex 37.9199 8.58246 62.5671
      vertex 37.8391 8.56529 65.3661
    endloop
  endfacet
  facet normal -0.207912 0.978148 1.19597e-007
    outer loop
      vertex 39.0117 8.81454 66.438
      vertex 38.5639 8.71936 62.0198
      vertex 38.4916 8.70398 65.9062
    endloop
  endfacet
  facet normal -0.207912 0.978148 3.69555e-008
    outer loop
      vertex 39.1488 8.84367 61.4066
      vertex 39.0852 8.83016 66.5131
      vertex 39.5492 8.92877 67.0988
    endloop
  endfacet
  facet normal -0.207911 0.978148 0
    outer loop
      vertex 39.6136 8.94246 60.8198
      vertex 39.5492 8.92877 67.0988
      vertex 39.6136 8.94246 67.1802
    endloop
  endfacet
  facet normal -0.207911 0.978148 -3.6947e-008
    outer loop
      vertex 40.1157 9.0492 60.0099
      vertex 40.4066 9.11104 68.5738
      vertex 40.452 9.12067 59.3352
    endloop
  endfacet
  facet normal -0.207924 0.978145 0
    outer loop
      vertex 37.135 8.41563 64.8986
      vertex 37.135 8.41563 63.1014
      vertex 37.0372 8.39484 63.1524
    endloop
  endfacet
  facet normal -0.207901 0.97815 0
    outer loop
      vertex 37.135 8.41563 64.8986
      vertex 37.2237 8.43447 63.0425
      vertex 37.135 8.41563 63.1014
    endloop
  endfacet
  facet normal -0.207913 0.978147 4.78129e-007
    outer loop
      vertex 37.7488 8.54609 65.3061
      vertex 37.8391 8.56529 62.6339
      vertex 37.2237 8.43447 63.0425
    endloop
  endfacet
  facet normal -0.207912 0.978148 0
    outer loop
      vertex 37.8391 8.56529 65.3661
      vertex 37.9199 8.58246 62.5671
      vertex 37.8391 8.56529 62.6339
    endloop
  endfacet
  facet normal -0.20791 0.978148 -8.3171e-008
    outer loop
      vertex 38.4094 8.68651 65.8382
      vertex 38.4916 8.70398 62.0938
      vertex 37.9199 8.58246 62.5671
    endloop
  endfacet
  facet normal -0.207918 0.978146 0
    outer loop
      vertex 38.4916 8.70398 65.9062
      vertex 38.5639 8.71936 62.0198
      vertex 38.4916 8.70398 62.0938
    endloop
  endfacet
  facet normal -0.207911 0.978148 5.34141e-008
    outer loop
      vertex 39.0117 8.81454 66.438
      vertex 39.0852 8.83016 61.4869
      vertex 38.5639 8.71936 62.0198
    endloop
  endfacet
  facet normal -0.207915 0.978147 0
    outer loop
      vertex 39.0852 8.83016 66.5131
      vertex 39.1488 8.84367 61.4066
      vertex 39.0852 8.83016 61.4869
    endloop
  endfacet
  facet normal -0.207911 0.978148 -8.13079e-009
    outer loop
      vertex 39.5492 8.92877 67.0988
      vertex 39.6136 8.94246 60.8198
      vertex 39.1488 8.84367 61.4066
    endloop
  endfacet
  facet normal -0.207912 0.978148 0
    outer loop
      vertex 39.6136 8.94246 67.1802
      vertex 39.6679 8.95402 60.7342
      vertex 39.6136 8.94246 60.8198
    endloop
  endfacet
  facet normal -0.207912 0.978148 -1.76075e-010
    outer loop
      vertex 40.0158 9.02797 67.8134
      vertex 39.6679 8.95402 60.7342
      vertex 39.6136 8.94246 67.1802
    endloop
  endfacet
  facet normal -0.207911 0.978148 -4.63455e-008
    outer loop
      vertex 39.6679 8.95402 60.7342
      vertex 40.0158 9.02797 67.8134
      vertex 40.0708 9.03966 60.1
    endloop
  endfacet
  facet normal -0.207905 0.978149 0
    outer loop
      vertex 40.0708 9.03966 67.9
      vertex 40.0708 9.03966 60.1
      vertex 40.0158 9.02797 67.8134
    endloop
  endfacet
  facet normal -0.207911 0.978148 0
    outer loop
      vertex 40.0708 9.03966 60.1
      vertex 40.0708 9.03966 67.9
      vertex 40.1157 9.0492 60.0099
    endloop
  endfacet
  facet normal -0.207912 0.978147 -4.39112e-009
    outer loop
      vertex 40.4066 9.11104 68.5738
      vertex 40.1157 9.0492 60.0099
      vertex 40.0708 9.03966 67.9
    endloop
  endfacet
  facet normal -0.207903 0.978149 -3.36257e-006
    outer loop
      vertex 49.264 10.9937 82
      vertex 40.7781 9.19 58.4375
      vertex 40.7528 9.18462 58.5339
    endloop
  endfacet
  facet normal -0.207912 0.978148 1.28539e-010
    outer loop
      vertex 49.264 10.9937 82
      vertex 40.9701 9.23081 57.7049
      vertex 40.7781 9.19 58.4375
    endloop
  endfacet
  facet normal -0.20791 0.978148 -6.7944e-007
    outer loop
      vertex 49.264 10.9937 82
      vertex 40.9854 9.23405 57.6066
      vertex 40.9701 9.23081 57.7049
    endloop
  endfacet
  facet normal -0.207911 0.978148 -2.94546e-007
    outer loop
      vertex 49.264 10.9937 82
      vertex 41.1015 9.25873 56.8571
      vertex 40.9854 9.23405 57.6066
    endloop
  endfacet
  facet normal -0.207931 0.978144 6.4725e-006
    outer loop
      vertex 49.264 10.9937 82
      vertex 41.1066 9.25981 56.7579
      vertex 41.1015 9.25873 56.8571
    endloop
  endfacet
  facet normal -0.207913 0.978147 3.13669e-007
    outer loop
      vertex 49.264 10.9937 82
      vertex 41.1454 9.26807 56
      vertex 41.1066 9.25981 56.7579
    endloop
  endfacet
  facet normal -0.207879 0.978155 -1.06457e-005
    outer loop
      vertex 49.264 10.9937 82
      vertex 41.1403 9.26698 55.9006
      vertex 41.1454 9.26807 56
    endloop
  endfacet
  facet normal -0.207911 0.978148 -2.09807e-007
    outer loop
      vertex 49.264 10.9937 82
      vertex 41.1015 9.25873 55.1429
      vertex 41.1403 9.26698 55.9006
    endloop
  endfacet
  facet normal -0.207912 0.978148 0
    outer loop
      vertex 41.1015 9.25873 40.8571
      vertex 41.1015 9.25873 55.1429
      vertex 49.264 10.9937 82
    endloop
  endfacet
  facet normal -0.207903 0.97815 0
    outer loop
      vertex 41.1015 9.25873 55.1429
      vertex 41.1015 9.25873 40.8571
      vertex 41.0862 9.25548 55.0443
    endloop
  endfacet
  facet normal -0.207909 0.978148 -7.75879e-009
    outer loop
      vertex 41.0862 9.25548 55.0443
      vertex 41.1015 9.25873 40.8571
      vertex 40.9701 9.23081 54.2951
    endloop
  endfacet
  facet normal -0.207909 0.978148 -4.37681e-009
    outer loop
      vertex 40.9854 9.23405 41.6066
      vertex 40.9701 9.23081 54.2951
      vertex 41.1015 9.25873 40.8571
    endloop
  endfacet
  facet normal -0.207911 0.978148 0
    outer loop
      vertex 39.6136 8.94246 44.8198
      vertex 39.5492 8.92877 51.0988
      vertex 39.6136 8.94246 51.1802
    endloop
  endfacet
  facet normal -0.207907 0.978149 0
    outer loop
      vertex 38.4916 8.70398 46.0938
      vertex 38.4094 8.68651 49.8382
      vertex 38.4916 8.70398 49.9062
    endloop
  endfacet
  facet normal -0.207924 0.978145 0
    outer loop
      vertex 37.135 8.41563 48.8986
      vertex 37.0372 8.39484 47.1524
      vertex 37.0372 8.39484 48.8476
    endloop
  endfacet
  facet normal -0.207909 0.978148 -4.30586e-007
    outer loop
      vertex 37.2237 8.43447 47.0425
      vertex 37.135 8.41563 48.8986
      vertex 37.7488 8.54609 49.3061
    endloop
  endfacet
  facet normal -0.207926 0.978144 0
    outer loop
      vertex 37.8391 8.56529 46.6339
      vertex 37.7488 8.54609 49.3061
      vertex 37.8391 8.56529 49.3661
    endloop
  endfacet
  facet normal -0.207911 0.978148 2.7394e-008
    outer loop
      vertex 38.4094 8.68651 49.8382
      vertex 37.9199 8.58246 46.5671
      vertex 37.8391 8.56529 49.3661
    endloop
  endfacet
  facet normal -0.207912 0.978148 1.19597e-007
    outer loop
      vertex 38.5639 8.71936 46.0198
      vertex 38.4916 8.70398 49.9062
      vertex 39.0117 8.81454 50.438
    endloop
  endfacet
  facet normal -0.207915 0.978147 0
    outer loop
      vertex 39.0852 8.83016 45.4869
      vertex 39.0117 8.81454 50.438
      vertex 39.0852 8.83016 50.5131
    endloop
  endfacet
  facet normal -0.207912 0.978148 3.69555e-008
    outer loop
      vertex 39.5492 8.92877 51.0988
      vertex 39.1488 8.84367 45.4066
      vertex 39.0852 8.83016 50.5131
    endloop
  endfacet
  facet normal -0.207924 0.978145 0
    outer loop
      vertex 37.135 8.41563 48.8986
      vertex 37.135 8.41563 47.1014
      vertex 37.0372 8.39484 47.1524
    endloop
  endfacet
  facet normal -0.207912 0.978148 -1.76075e-010
    outer loop
      vertex 39.6679 8.95402 44.7342
      vertex 39.6136 8.94246 51.1802
      vertex 40.0158 9.02797 51.8134
    endloop
  endfacet
  facet normal -0.207905 0.978149 0
    outer loop
      vertex 40.0708 9.03966 44.1
      vertex 40.0158 9.02797 51.8134
      vertex 40.0708 9.03966 51.9
    endloop
  endfacet
  facet normal -0.207901 0.97815 0
    outer loop
      vertex 37.135 8.41563 48.8986
      vertex 37.2237 8.43447 47.0425
      vertex 37.135 8.41563 47.1014
    endloop
  endfacet
  facet normal -0.207913 0.978147 4.78129e-007
    outer loop
      vertex 37.7488 8.54609 49.3061
      vertex 37.8391 8.56529 46.6339
      vertex 37.2237 8.43447 47.0425
    endloop
  endfacet
  facet normal -0.207912 0.978147 -4.39112e-009
    outer loop
      vertex 40.1157 9.0492 44.0099
      vertex 40.0708 9.03966 51.9
      vertex 40.4066 9.11104 52.5738
    endloop
  endfacet
  facet normal -0.207904 0.978149 0
    outer loop
      vertex 40.452 9.12067 43.3352
      vertex 40.4066 9.11104 52.5738
      vertex 40.452 9.12067 52.6648
    endloop
  endfacet
  facet normal -0.207912 0.978148 0
    outer loop
      vertex 37.8391 8.56529 49.3661
      vertex 37.9199 8.58246 46.5671
      vertex 37.8391 8.56529 46.6339
    endloop
  endfacet
  facet normal -0.20791 0.978148 -8.31711e-008
    outer loop
      vertex 38.4094 8.68651 49.8382
      vertex 38.4916 8.70398 46.0938
      vertex 37.9199 8.58246 46.5671
    endloop
  endfacet
  facet normal -0.207913 0.978147 3.22638e-008
    outer loop
      vertex 40.4872 9.12815 43.2415
      vertex 40.452 9.12067 52.6648
      vertex 40.7174 9.17709 53.3717
    endloop
  endfacet
  facet normal -0.207925 0.978145 0
    outer loop
      vertex 40.7528 9.18462 42.5339
      vertex 40.7174 9.17709 53.3717
      vertex 40.7528 9.18462 53.4661
    endloop
  endfacet
  facet normal -0.207918 0.978146 0
    outer loop
      vertex 38.4916 8.70398 49.9062
      vertex 38.5639 8.71936 46.0198
      vertex 38.4916 8.70398 46.0938
    endloop
  endfacet
  facet normal -0.207906 0.978149 0
    outer loop
      vertex 40.9701 9.23081 41.7049
      vertex 40.9701 9.23081 54.2951
      vertex 40.9854 9.23405 41.6066
    endloop
  endfacet
  facet normal -0.207911 0.978148 5.34142e-008
    outer loop
      vertex 39.0117 8.81454 50.438
      vertex 39.0852 8.83016 45.4869
      vertex 38.5639 8.71936 46.0198
    endloop
  endfacet
  facet normal -0.207915 0.978147 0
    outer loop
      vertex 39.0852 8.83016 50.5131
      vertex 39.1488 8.84367 45.4066
      vertex 39.0852 8.83016 45.4869
    endloop
  endfacet
  facet normal -0.207911 0.978148 -8.13078e-009
    outer loop
      vertex 39.5492 8.92877 51.0988
      vertex 39.6136 8.94246 44.8198
      vertex 39.1488 8.84367 45.4066
    endloop
  endfacet
  facet normal -0.207912 0.978148 0
    outer loop
      vertex 39.6136 8.94246 51.1802
      vertex 39.6679 8.95402 44.7342
      vertex 39.6136 8.94246 44.8198
    endloop
  endfacet
  facet normal -0.207911 0.978148 -4.63455e-008
    outer loop
      vertex 40.0158 9.02797 51.8134
      vertex 40.0708 9.03966 44.1
      vertex 39.6679 8.95402 44.7342
    endloop
  endfacet
  facet normal -0.207911 0.978148 0
    outer loop
      vertex 40.0708 9.03966 51.9
      vertex 40.1157 9.0492 44.0099
      vertex 40.0708 9.03966 44.1
    endloop
  endfacet
  facet normal -0.207911 0.978148 -3.6947e-008
    outer loop
      vertex 40.4066 9.11104 52.5738
      vertex 40.452 9.12067 43.3352
      vertex 40.1157 9.0492 44.0099
    endloop
  endfacet
  facet normal -0.207921 0.978146 0
    outer loop
      vertex 40.452 9.12067 52.6648
      vertex 40.4872 9.12815 43.2415
      vertex 40.452 9.12067 43.3352
    endloop
  endfacet
  facet normal -0.207913 0.978147 4.24534e-008
    outer loop
      vertex 40.7174 9.17709 53.3717
      vertex 40.7528 9.18462 42.5339
      vertex 40.4872 9.12815 43.2415
    endloop
  endfacet
  facet normal -0.207891 0.978152 0
    outer loop
      vertex 40.7528 9.18462 53.4661
      vertex 40.7781 9.19 42.4375
      vertex 40.7528 9.18462 42.5339
    endloop
  endfacet
  facet normal -0.207912 0.978148 -5.12527e-008
    outer loop
      vertex 40.7528 9.18462 53.4661
      vertex 40.9701 9.23081 41.7049
      vertex 40.7781 9.19 42.4375
    endloop
  endfacet
  facet normal -0.207911 0.978148 -2.41921e-008
    outer loop
      vertex 40.9447 9.22541 54.1982
      vertex 40.9701 9.23081 41.7049
      vertex 40.7528 9.18462 53.4661
    endloop
  endfacet
  facet normal -0.207899 0.97815 0
    outer loop
      vertex 40.9701 9.23081 54.2951
      vertex 40.9701 9.23081 41.7049
      vertex 40.9447 9.22541 54.1982
    endloop
  endfacet
  facet normal -0.207941 0.978141 5.95569e-006
    outer loop
      vertex 49.264 10.9937 82
      vertex 41.1066 9.25981 40.7579
      vertex 41.1015 9.25873 40.8571
    endloop
  endfacet
  facet normal -0.207913 0.978147 2.88622e-007
    outer loop
      vertex 49.264 10.9937 82
      vertex 41.1454 9.26807 40
      vertex 41.1066 9.25981 40.7579
    endloop
  endfacet
  facet normal -0.207912 0.978148 0
    outer loop
      vertex 49.264 10.9937 -2
      vertex 41.1454 9.26807 40
      vertex 49.264 10.9937 82
    endloop
  endfacet
  facet normal -0.207946 0.97814 -7.03394e-006
    outer loop
      vertex 41.1454 9.26807 40
      vertex 49.264 10.9937 -2
      vertex 41.1403 9.26698 39.9006
    endloop
  endfacet
  facet normal -0.207912 0.978147 -1.38604e-007
    outer loop
      vertex 41.1403 9.26698 39.9006
      vertex 49.264 10.9937 -2
      vertex 41.1015 9.25873 39.1429
    endloop
  endfacet
  facet normal -0.207912 0.978148 0
    outer loop
      vertex 41.1015 9.25873 24.8571
      vertex 41.1015 9.25873 39.1429
      vertex 49.264 10.9937 -2
    endloop
  endfacet
  facet normal -0.207911 0.978148 0
    outer loop
      vertex 39.6136 8.94246 28.8198
      vertex 39.5492 8.92877 35.0988
      vertex 39.6136 8.94246 35.1802
    endloop
  endfacet
  facet normal -0.207907 0.978149 0
    outer loop
      vertex 38.4916 8.70398 30.0938
      vertex 38.4094 8.68651 33.8382
      vertex 38.4916 8.70398 33.9062
    endloop
  endfacet
  facet normal -0.207924 0.978145 0
    outer loop
      vertex 37.135 8.41563 32.8986
      vertex 37.0372 8.39484 31.1524
      vertex 37.0372 8.39484 32.8476
    endloop
  endfacet
  facet normal -0.207909 0.978148 -4.30585e-007
    outer loop
      vertex 37.2237 8.43447 31.0425
      vertex 37.135 8.41563 32.8986
      vertex 37.7488 8.54609 33.3061
    endloop
  endfacet
  facet normal -0.207926 0.978144 0
    outer loop
      vertex 37.8391 8.56529 30.6339
      vertex 37.7488 8.54609 33.3061
      vertex 37.8391 8.56529 33.3661
    endloop
  endfacet
  facet normal -0.207911 0.978148 2.73939e-008
    outer loop
      vertex 38.4094 8.68651 33.8382
      vertex 37.9199 8.58246 30.5671
      vertex 37.8391 8.56529 33.3661
    endloop
  endfacet
  facet normal -0.207912 0.978148 1.19597e-007
    outer loop
      vertex 38.5639 8.71936 30.0198
      vertex 38.4916 8.70398 33.9062
      vertex 39.0117 8.81454 34.438
    endloop
  endfacet
  facet normal -0.207915 0.978147 0
    outer loop
      vertex 39.0852 8.83016 29.4869
      vertex 39.0117 8.81454 34.438
      vertex 39.0852 8.83016 34.5131
    endloop
  endfacet
  facet normal -0.207912 0.978148 3.69555e-008
    outer loop
      vertex 39.5492 8.92877 35.0988
      vertex 39.1488 8.84367 29.4066
      vertex 39.0852 8.83016 34.5131
    endloop
  endfacet
  facet normal -0.207924 0.978145 0
    outer loop
      vertex 37.135 8.41563 32.8986
      vertex 37.135 8.41563 31.1014
      vertex 37.0372 8.39484 31.1524
    endloop
  endfacet
  facet normal -0.207912 0.978148 -1.76075e-010
    outer loop
      vertex 39.6679 8.95402 28.7342
      vertex 39.6136 8.94246 35.1802
      vertex 40.0158 9.02797 35.8134
    endloop
  endfacet
  facet normal -0.207905 0.978149 0
    outer loop
      vertex 40.0708 9.03966 28.1
      vertex 40.0158 9.02797 35.8134
      vertex 40.0708 9.03966 35.9
    endloop
  endfacet
  facet normal -0.207901 0.97815 0
    outer loop
      vertex 37.135 8.41563 32.8986
      vertex 37.2237 8.43447 31.0425
      vertex 37.135 8.41563 31.1014
    endloop
  endfacet
  facet normal -0.207913 0.978147 4.78129e-007
    outer loop
      vertex 37.7488 8.54609 33.3061
      vertex 37.8391 8.56529 30.6339
      vertex 37.2237 8.43447 31.0425
    endloop
  endfacet
  facet normal -0.207912 0.978147 -4.39112e-009
    outer loop
      vertex 40.1157 9.0492 28.0099
      vertex 40.0708 9.03966 35.9
      vertex 40.4066 9.11104 36.5738
    endloop
  endfacet
  facet normal -0.207904 0.978149 0
    outer loop
      vertex 40.452 9.12067 27.3352
      vertex 40.4066 9.11104 36.5738
      vertex 40.452 9.12067 36.6648
    endloop
  endfacet
  facet normal -0.207912 0.978148 0
    outer loop
      vertex 37.8391 8.56529 33.3661
      vertex 37.9199 8.58246 30.5671
      vertex 37.8391 8.56529 30.6339
    endloop
  endfacet
  facet normal -0.20791 0.978148 -8.31711e-008
    outer loop
      vertex 38.4094 8.68651 33.8382
      vertex 38.4916 8.70398 30.0938
      vertex 37.9199 8.58246 30.5671
    endloop
  endfacet
  facet normal -0.207913 0.978147 3.22638e-008
    outer loop
      vertex 40.4872 9.12815 27.2415
      vertex 40.452 9.12067 36.6648
      vertex 40.7174 9.17709 37.3717
    endloop
  endfacet
  facet normal -0.207925 0.978145 0
    outer loop
      vertex 40.7528 9.18462 26.5339
      vertex 40.7174 9.17709 37.3717
      vertex 40.7528 9.18462 37.4661
    endloop
  endfacet
  facet normal -0.207918 0.978146 0
    outer loop
      vertex 38.4916 8.70398 33.9062
      vertex 38.5639 8.71936 30.0198
      vertex 38.4916 8.70398 30.0938
    endloop
  endfacet
  facet normal -0.207911 0.978148 5.34142e-008
    outer loop
      vertex 39.0117 8.81454 34.438
      vertex 39.0852 8.83016 29.4869
      vertex 38.5639 8.71936 30.0198
    endloop
  endfacet
  facet normal -0.20791 0.978148 -4.76904e-008
    outer loop
      vertex 40.7781 9.19 26.4375
      vertex 40.7528 9.18462 37.4661
      vertex 40.9447 9.22541 38.1982
    endloop
  endfacet
  facet normal -0.207899 0.97815 0
    outer loop
      vertex 40.9701 9.23081 25.7049
      vertex 40.9447 9.22541 38.1982
      vertex 40.9701 9.23081 38.2951
    endloop
  endfacet
  facet normal -0.207915 0.978147 0
    outer loop
      vertex 39.0852 8.83016 34.5131
      vertex 39.1488 8.84367 29.4066
      vertex 39.0852 8.83016 29.4869
    endloop
  endfacet
  facet normal -0.207911 0.978148 -8.13078e-009
    outer loop
      vertex 39.5492 8.92877 35.0988
      vertex 39.6136 8.94246 28.8198
      vertex 39.1488 8.84367 29.4066
    endloop
  endfacet
  facet normal -0.207903 0.97815 0
    outer loop
      vertex 41.1015 9.25873 39.1429
      vertex 41.1015 9.25873 24.8571
      vertex 41.0862 9.25548 39.0443
    endloop
  endfacet
  facet normal -0.207912 0.978148 0
    outer loop
      vertex 39.6136 8.94246 35.1802
      vertex 39.6679 8.95402 28.7342
      vertex 39.6136 8.94246 28.8198
    endloop
  endfacet
  facet normal -0.207911 0.978148 -4.63455e-008
    outer loop
      vertex 40.0158 9.02797 35.8134
      vertex 40.0708 9.03966 28.1
      vertex 39.6679 8.95402 28.7342
    endloop
  endfacet
  facet normal -0.207911 0.978148 0
    outer loop
      vertex 40.0708 9.03966 35.9
      vertex 40.1157 9.0492 28.0099
      vertex 40.0708 9.03966 28.1
    endloop
  endfacet
  facet normal -0.207911 0.978148 -3.6947e-008
    outer loop
      vertex 40.4066 9.11104 36.5738
      vertex 40.452 9.12067 27.3352
      vertex 40.1157 9.0492 28.0099
    endloop
  endfacet
  facet normal -0.207921 0.978146 0
    outer loop
      vertex 40.452 9.12067 36.6648
      vertex 40.4872 9.12815 27.2415
      vertex 40.452 9.12067 27.3352
    endloop
  endfacet
  facet normal -0.207913 0.978147 4.24534e-008
    outer loop
      vertex 40.7174 9.17709 37.3717
      vertex 40.7528 9.18462 26.5339
      vertex 40.4872 9.12815 27.2415
    endloop
  endfacet
  facet normal -0.207891 0.978152 0
    outer loop
      vertex 40.7528 9.18462 37.4661
      vertex 40.7781 9.19 26.4375
      vertex 40.7528 9.18462 26.5339
    endloop
  endfacet
  facet normal -0.207912 0.978148 -2.69827e-008
    outer loop
      vertex 40.9447 9.22541 38.1982
      vertex 40.9701 9.23081 25.7049
      vertex 40.7781 9.19 26.4375
    endloop
  endfacet
  facet normal -0.207906 0.978149 0
    outer loop
      vertex 40.9701 9.23081 38.2951
      vertex 40.9854 9.23405 25.6066
      vertex 40.9701 9.23081 25.7049
    endloop
  endfacet
  facet normal -0.207909 0.978148 -4.37681e-009
    outer loop
      vertex 40.9701 9.23081 38.2951
      vertex 41.1015 9.25873 24.8571
      vertex 40.9854 9.23405 25.6066
    endloop
  endfacet
  facet normal -0.207909 0.978148 -7.75879e-009
    outer loop
      vertex 41.0862 9.25548 39.0443
      vertex 41.1015 9.25873 24.8571
      vertex 40.9701 9.23081 38.2951
    endloop
  endfacet
  facet normal -0.207883 0.978154 9.01472e-006
    outer loop
      vertex 41.1015 9.25873 24.8571
      vertex 49.264 10.9937 -2
      vertex 41.1066 9.25981 24.7579
    endloop
  endfacet
  facet normal -0.20791 0.978148 4.36886e-007
    outer loop
      vertex 41.1066 9.25981 24.7579
      vertex 49.264 10.9937 -2
      vertex 41.1454 9.26807 24
    endloop
  endfacet
  facet normal -0.207935 0.978143 -7.64403e-006
    outer loop
      vertex 41.1454 9.26807 24
      vertex 49.264 10.9937 -2
      vertex 41.1403 9.26698 23.9006
    endloop
  endfacet
  facet normal -0.207909 0.978148 1.01095e-006
    outer loop
      vertex 49.264 10.9937 -2
      vertex 41.0862 9.25548 23.0443
      vertex 41.1015 9.25873 23.1429
    endloop
  endfacet
  facet normal -0.207905 0.978149 0
    outer loop
      vertex 40.0708 9.03966 12.1
      vertex 40.0158 9.02797 19.8134
      vertex 40.0708 9.03966 19.9
    endloop
  endfacet
  facet normal -0.207915 0.978147 0
    outer loop
      vertex 39.0852 8.83016 13.4869
      vertex 39.0117 8.81454 18.438
      vertex 39.0852 8.83016 18.5131
    endloop
  endfacet
  facet normal -0.207907 0.978149 0
    outer loop
      vertex 38.4916 8.70398 14.0938
      vertex 38.4094 8.68651 17.8382
      vertex 38.4916 8.70398 17.9062
    endloop
  endfacet
  facet normal -0.207924 0.978145 0
    outer loop
      vertex 37.135 8.41563 16.8986
      vertex 37.0372 8.39484 15.1524
      vertex 37.0372 8.39484 16.8476
    endloop
  endfacet
  facet normal -0.207909 0.978148 -4.30585e-007
    outer loop
      vertex 37.2237 8.43447 15.0425
      vertex 37.135 8.41563 16.8986
      vertex 37.7488 8.54609 17.3061
    endloop
  endfacet
  facet normal -0.207926 0.978144 0
    outer loop
      vertex 37.8391 8.56529 14.6339
      vertex 37.7488 8.54609 17.3061
      vertex 37.8391 8.56529 17.3661
    endloop
  endfacet
  facet normal -0.207911 0.978148 2.73939e-008
    outer loop
      vertex 38.4094 8.68651 17.8382
      vertex 37.9199 8.58246 14.5671
      vertex 37.8391 8.56529 17.3661
    endloop
  endfacet
  facet normal -0.207912 0.978148 1.19597e-007
    outer loop
      vertex 39.0117 8.81454 18.438
      vertex 38.5639 8.71936 14.0198
      vertex 38.4916 8.70398 17.9062
    endloop
  endfacet
  facet normal -0.207912 0.978148 3.69555e-008
    outer loop
      vertex 39.1488 8.84367 13.4066
      vertex 39.0852 8.83016 18.5131
      vertex 39.5492 8.92877 19.0988
    endloop
  endfacet
  facet normal -0.207911 0.978148 0
    outer loop
      vertex 39.6136 8.94246 12.8198
      vertex 39.5492 8.92877 19.0988
      vertex 39.6136 8.94246 19.1802
    endloop
  endfacet
  facet normal -0.207924 0.978145 0
    outer loop
      vertex 37.135 8.41563 16.8986
      vertex 37.135 8.41563 15.1014
      vertex 37.0372 8.39484 15.1524
    endloop
  endfacet
  facet normal -0.207912 0.978148 -1.76075e-010
    outer loop
      vertex 40.0158 9.02797 19.8134
      vertex 39.6679 8.95402 12.7342
      vertex 39.6136 8.94246 19.1802
    endloop
  endfacet
  facet normal -0.207901 0.97815 0
    outer loop
      vertex 37.135 8.41563 16.8986
      vertex 37.2237 8.43447 15.0425
      vertex 37.135 8.41563 15.1014
    endloop
  endfacet
  facet normal -0.207913 0.978147 4.78129e-007
    outer loop
      vertex 37.7488 8.54609 17.3061
      vertex 37.8391 8.56529 14.6339
      vertex 37.2237 8.43447 15.0425
    endloop
  endfacet
  facet normal -0.207912 0.978147 -4.39112e-009
    outer loop
      vertex 40.1157 9.0492 12.0099
      vertex 40.0708 9.03966 19.9
      vertex 40.4066 9.11104 20.5738
    endloop
  endfacet
  facet normal -0.207904 0.978149 0
    outer loop
      vertex 40.452 9.12067 11.3352
      vertex 40.4066 9.11104 20.5738
      vertex 40.452 9.12067 20.6648
    endloop
  endfacet
  facet normal -0.207912 0.978148 0
    outer loop
      vertex 37.8391 8.56529 17.3661
      vertex 37.9199 8.58246 14.5671
      vertex 37.8391 8.56529 14.6339
    endloop
  endfacet
  facet normal -0.20791 0.978148 -8.31711e-008
    outer loop
      vertex 38.4094 8.68651 17.8382
      vertex 38.4916 8.70398 14.0938
      vertex 37.9199 8.58246 14.5671
    endloop
  endfacet
  facet normal -0.207913 0.978147 3.22638e-008
    outer loop
      vertex 40.4872 9.12815 11.2415
      vertex 40.452 9.12067 20.6648
      vertex 40.7174 9.17709 21.3717
    endloop
  endfacet
  facet normal -0.207925 0.978145 0
    outer loop
      vertex 40.7528 9.18462 10.5339
      vertex 40.7174 9.17709 21.3717
      vertex 40.7528 9.18462 21.4661
    endloop
  endfacet
  facet normal -0.207918 0.978146 0
    outer loop
      vertex 38.4916 8.70398 17.9062
      vertex 38.5639 8.71936 14.0198
      vertex 38.4916 8.70398 14.0938
    endloop
  endfacet
  facet normal -0.207911 0.978148 5.34142e-008
    outer loop
      vertex 39.0117 8.81454 18.438
      vertex 39.0852 8.83016 13.4869
      vertex 38.5639 8.71936 14.0198
    endloop
  endfacet
  facet normal -0.207911 0.978148 0
    outer loop
      vertex 40.7528 9.18462 10.5339
      vertex 40.7528 9.18462 21.4661
      vertex 40.9447 9.22541 22.1982
    endloop
  endfacet
  facet normal -0.207906 0.978149 1.95157e-006
    outer loop
      vertex 49.264 10.9937 -2
      vertex 40.9447 9.22541 22.1982
      vertex 40.9701 9.23081 22.2951
    endloop
  endfacet
  facet normal -0.207915 0.978147 0
    outer loop
      vertex 39.0852 8.83016 18.5131
      vertex 39.1488 8.84367 13.4066
      vertex 39.0852 8.83016 13.4869
    endloop
  endfacet
  facet normal -0.207911 0.978148 -8.13078e-009
    outer loop
      vertex 39.5492 8.92877 19.0988
      vertex 39.6136 8.94246 12.8198
      vertex 39.1488 8.84367 13.4066
    endloop
  endfacet
  facet normal -0.207911 0.978148 2.48614e-007
    outer loop
      vertex 41.0862 9.25548 23.0443
      vertex 49.264 10.9937 -2
      vertex 40.9701 9.23081 22.2951
    endloop
  endfacet
  facet normal -0.207912 0.978148 0
    outer loop
      vertex 39.6136 8.94246 19.1802
      vertex 39.6679 8.95402 12.7342
      vertex 39.6136 8.94246 12.8198
    endloop
  endfacet
  facet normal -0.207912 0.978147 -1.50633e-007
    outer loop
      vertex 41.1403 9.26698 23.9006
      vertex 49.264 10.9937 -2
      vertex 41.1015 9.25873 23.1429
    endloop
  endfacet
  facet normal -0.207911 0.978148 -4.63455e-008
    outer loop
      vertex 40.0158 9.02797 19.8134
      vertex 40.0708 9.03966 12.1
      vertex 39.6679 8.95402 12.7342
    endloop
  endfacet
  facet normal -0.207911 0.978148 0
    outer loop
      vertex 40.0708 9.03966 19.9
      vertex 40.1157 9.0492 12.0099
      vertex 40.0708 9.03966 12.1
    endloop
  endfacet
  facet normal -0.207911 0.978148 -3.6947e-008
    outer loop
      vertex 40.4066 9.11104 20.5738
      vertex 40.452 9.12067 11.3352
      vertex 40.1157 9.0492 12.0099
    endloop
  endfacet
  facet normal -0.207912 0.978148 1.78307e-008
    outer loop
      vertex 40.9447 9.22541 22.1982
      vertex 49.264 10.9937 -2
      vertex 40.7528 9.18462 10.5339
    endloop
  endfacet
  facet normal -0.207921 0.978146 0
    outer loop
      vertex 40.452 9.12067 20.6648
      vertex 40.4872 9.12815 11.2415
      vertex 40.452 9.12067 11.3352
    endloop
  endfacet
  facet normal -0.207913 0.978147 4.24534e-008
    outer loop
      vertex 40.7174 9.17709 21.3717
      vertex 40.7528 9.18462 10.5339
      vertex 40.4872 9.12815 11.2415
    endloop
  endfacet
  facet normal -0.207925 0.978145 -9.43371e-006
    outer loop
      vertex 40.7528 9.18462 10.5339
      vertex 49.264 10.9937 -2
      vertex 40.7781 9.19 10.4375
    endloop
  endfacet
  facet normal -0.207912 0.978148 3.60607e-010
    outer loop
      vertex 40.7781 9.19 10.4375
      vertex 49.264 10.9937 -2
      vertex 40.9701 9.23081 9.70487
    endloop
  endfacet
  facet normal -0.207913 0.978147 -1.26418e-006
    outer loop
      vertex 40.9701 9.23081 9.70487
      vertex 49.264 10.9937 -2
      vertex 40.9854 9.23405 9.60658
    endloop
  endfacet
  facet normal -0.207912 0.978147 -5.48039e-007
    outer loop
      vertex 40.9854 9.23405 9.60658
      vertex 49.264 10.9937 -2
      vertex 41.1015 9.25873 8.85713
    endloop
  endfacet
  facet normal -0.207902 0.97815 8.04268e-006
    outer loop
      vertex 41.1015 9.25873 8.85713
      vertex 49.264 10.9937 -2
      vertex 41.1066 9.25981 8.75785
    endloop
  endfacet
  facet normal -0.207911 0.978148 3.89774e-007
    outer loop
      vertex 41.1066 9.25981 8.75785
      vertex 49.264 10.9937 -2
      vertex 41.1454 9.26807 8
    endloop
  endfacet
  facet normal -0.207922 0.978146 -8.37023e-006
    outer loop
      vertex 41.1454 9.26807 8
      vertex 49.264 10.9937 -2
      vertex 41.1403 9.26698 7.90061
    endloop
  endfacet
  facet normal -0.20791 0.978148 1.27256e-006
    outer loop
      vertex 49.264 10.9937 -2
      vertex 41.0862 9.25548 7.04426
      vertex 41.1015 9.25873 7.14287
    endloop
  endfacet
  facet normal -0.20791 0.978148 3.17822e-006
    outer loop
      vertex 49.264 10.9937 -2
      vertex 40.0158 9.02797 3.81341
      vertex 40.0708 9.03966 3.9
    endloop
  endfacet
  facet normal -0.207913 0.978147 -2.06707e-006
    outer loop
      vertex 49.264 10.9937 -2
      vertex 39.0117 8.81454 2.438
      vertex 39.0852 8.83016 2.51313
    endloop
  endfacet
  facet normal -0.207904 0.978149 -2.9881e-006
    outer loop
      vertex 37.0372 8.39484 -2
      vertex 38.4094 8.68651 1.8382
      vertex 38.4916 8.70398 1.90621
    endloop
  endfacet
  facet normal -0.207912 0.978148 -1.64947e-007
    outer loop
      vertex 41.1403 9.26698 7.90061
      vertex 49.264 10.9937 -2
      vertex 41.1015 9.25873 7.14287
    endloop
  endfacet
  facet normal -0.207911 0.978148 3.12949e-007
    outer loop
      vertex 41.0862 9.25548 7.04426
      vertex 49.264 10.9937 -2
      vertex 40.9701 9.23081 6.29512
    endloop
  endfacet
  facet normal -0.207909 0.978148 2.73337e-006
    outer loop
      vertex 49.264 10.9937 -2
      vertex 40.9447 9.22541 6.19817
      vertex 40.9701 9.23081 6.29512
    endloop
  endfacet
  facet normal -0.207911 0.978148 2.36575e-007
    outer loop
      vertex 49.264 10.9937 -2
      vertex 40.7528 9.18462 5.46606
      vertex 40.9447 9.22541 6.19817
    endloop
  endfacet
  facet normal -0.207915 0.978147 -4.07604e-006
    outer loop
      vertex 49.264 10.9937 -2
      vertex 40.7174 9.17709 5.37166
      vertex 40.7528 9.18462 5.46606
    endloop
  endfacet
  facet normal -0.207912 0.978148 -2.42817e-007
    outer loop
      vertex 49.264 10.9937 -2
      vertex 40.452 9.12067 4.66476
      vertex 40.7174 9.17709 5.37166
    endloop
  endfacet
  facet normal -0.20791 0.978148 2.91953e-006
    outer loop
      vertex 49.264 10.9937 -2
      vertex 40.4066 9.11104 4.57381
      vertex 40.452 9.12067 4.66476
    endloop
  endfacet
  facet normal -0.207912 0.978148 -1.72069e-007
    outer loop
      vertex 49.264 10.9937 -2
      vertex 40.0708 9.03966 3.9
      vertex 40.4066 9.11104 4.57381
    endloop
  endfacet
  facet normal -0.207912 0.978148 -1.98762e-007
    outer loop
      vertex 40.0158 9.02797 3.81341
      vertex 49.264 10.9937 -2
      vertex 39.6136 8.94246 3.18016
    endloop
  endfacet
  facet normal -0.207911 0.978148 5.80351e-007
    outer loop
      vertex 49.264 10.9937 -2
      vertex 39.5492 8.92877 3.09884
      vertex 39.6136 8.94246 3.18016
    endloop
  endfacet
  facet normal -0.207912 0.978148 -1.95629e-007
    outer loop
      vertex 49.264 10.9937 -2
      vertex 39.0852 8.83016 2.51313
      vertex 39.5492 8.92877 3.09884
    endloop
  endfacet
  facet normal -0.207912 0.978148 4.12414e-008
    outer loop
      vertex 39.0117 8.81454 2.438
      vertex 49.264 10.9937 -2
      vertex 38.4916 8.70398 1.90621
    endloop
  endfacet
  facet normal -0.207912 0.978148 -4.31268e-008
    outer loop
      vertex 37.0372 8.39484 -2
      vertex 38.4916 8.70398 1.90621
      vertex 49.264 10.9937 -2
    endloop
  endfacet
  facet normal -0.20791 0.978148 -6.99383e-007
    outer loop
      vertex 38.4094 8.68651 1.8382
      vertex 37.0372 8.39484 -2
      vertex 37.8391 8.56529 1.36606
    endloop
  endfacet
  facet normal -0.207929 0.978144 3.93834e-006
    outer loop
      vertex 37.8391 8.56529 1.36606
      vertex 37.0372 8.39484 -2
      vertex 37.7488 8.54609 1.30609
    endloop
  endfacet
  facet normal -0.207909 0.978148 -5.25492e-007
    outer loop
      vertex 37.7488 8.54609 1.30609
      vertex 37.0372 8.39484 -2
      vertex 37.135 8.41563 0.898591
    endloop
  endfacet
  facet normal -0.207924 0.978145 0
    outer loop
      vertex 37.135 8.41563 0.898591
      vertex 37.0372 8.39484 -2
      vertex 37.0372 8.39484 0.847638
    endloop
  endfacet
  facet normal -0.998629 0.0523382 0
    outer loop
      vertex 37.9733 -0.510301 31.1524
      vertex 38 0 32.8476
      vertex 38 0 31.1524
    endloop
  endfacet
  facet normal -0.99863 0.0523357 7.45032e-007
    outer loop
      vertex 37.9733 -0.510301 31.1524
      vertex 37.8186 -3.46178 32.8476
      vertex 38 0 32.8476
    endloop
  endfacet
  facet normal -0.99863 0.0523357 6.91692e-007
    outer loop
      vertex 37.7918 -3.97208 31.1524
      vertex 37.8186 -3.46178 32.8476
      vertex 37.9733 -0.510301 31.1524
    endloop
  endfacet
  facet normal -0.998629 0.0523379 0
    outer loop
      vertex 37.8186 -3.46178 32.8476
      vertex 37.7918 -3.97208 31.1524
      vertex 37.7918 -3.97208 32.8476
    endloop
  endfacet
  facet normal -0.987689 -0.156432 0
    outer loop
      vertex 37.2495 7.39593 31.1524
      vertex 37.1696 7.90064 32.8476
      vertex 37.1696 7.90064 31.1524
    endloop
  endfacet
  facet normal -0.987688 -0.156435 9.44538e-007
    outer loop
      vertex 37.2495 7.39593 31.1524
      vertex 37.7119 4.47679 32.8476
      vertex 37.1696 7.90064 32.8476
    endloop
  endfacet
  facet normal -0.987688 -0.156435 1.03832e-006
    outer loop
      vertex 37.7918 3.97208 31.1524
      vertex 37.7119 4.47679 32.8476
      vertex 37.2495 7.39593 31.1524
    endloop
  endfacet
  facet normal -0.987689 -0.156431 0
    outer loop
      vertex 37.7918 3.97208 31.1524
      vertex 37.7918 3.97208 32.8476
      vertex 37.7119 4.47679 32.8476
    endloop
  endfacet
  facet normal -0.966337 -0.257281 0
    outer loop
      vertex 37.0372 8.39484 31.1524
      vertex 37.0373 8.39424 32.8476
      vertex 37.0372 8.39484 32.8476
    endloop
  endfacet
  facet normal -0.965925 -0.258821 -5.85215e-007
    outer loop
      vertex 37.1696 7.90064 31.1524
      vertex 37.0373 8.39424 32.8476
      vertex 37.0372 8.39484 31.1524
    endloop
  endfacet
  facet normal -0.965925 -0.258822 0
    outer loop
      vertex 37.1696 7.90064 31.1524
      vertex 37.1696 7.90064 32.8476
      vertex 37.0373 8.39424 32.8476
    endloop
  endfacet
  facet normal -0.998629 -0.0523379 0
    outer loop
      vertex 37.8186 3.46178 31.1524
      vertex 37.7918 3.97208 32.8476
      vertex 37.7918 3.97208 31.1524
    endloop
  endfacet
  facet normal -0.99863 -0.0523357 -6.91692e-007
    outer loop
      vertex 37.8186 3.46178 31.1524
      vertex 37.9733 0.510301 32.8476
      vertex 37.7918 3.97208 32.8476
    endloop
  endfacet
  facet normal -0.99863 -0.0523357 -7.45032e-007
    outer loop
      vertex 38 0 31.1524
      vertex 37.9733 0.510301 32.8476
      vertex 37.8186 3.46178 31.1524
    endloop
  endfacet
  facet normal -0.998629 -0.0523382 0
    outer loop
      vertex 37.9733 0.510301 32.8476
      vertex 38 0 31.1524
      vertex 38 0 32.8476
    endloop
  endfacet
  facet normal -0.987689 0.156431 0
    outer loop
      vertex 37.7119 -4.47679 31.1524
      vertex 37.7918 -3.97208 32.8476
      vertex 37.7918 -3.97208 31.1524
    endloop
  endfacet
  facet normal -0.987688 0.156435 -1.03832e-006
    outer loop
      vertex 37.7119 -4.47679 31.1524
      vertex 37.2495 -7.39593 32.8476
      vertex 37.7918 -3.97208 32.8476
    endloop
  endfacet
  facet normal -0.987688 0.156435 -9.44538e-007
    outer loop
      vertex 37.1696 -7.90064 31.1524
      vertex 37.2495 -7.39593 32.8476
      vertex 37.7119 -4.47679 31.1524
    endloop
  endfacet
  facet normal -0.987689 0.156432 0
    outer loop
      vertex 37.2495 -7.39593 32.8476
      vertex 37.1696 -7.90064 31.1524
      vertex 37.1696 -7.90064 32.8476
    endloop
  endfacet
  facet normal -0.965926 0.258818 0
    outer loop
      vertex 37.0429 -8.3737 31.1524
      vertex 37.1696 -7.90064 32.8476
      vertex 37.1696 -7.90064 31.1524
    endloop
  endfacet
  facet normal -0.965926 0.258818 0
    outer loop
      vertex 37.1696 -7.90064 32.8476
      vertex 37.0429 -8.3737 31.1524
      vertex 37.0429 -8.3737 32.8476
    endloop
  endfacet
  facet normal -0.964606 -0.258467 -0.0522612
    outer loop
      vertex 41.2339 8.76453 24.8571
      vertex 41.1015 9.25873 24.8571
      vertex 41.1066 9.25981 24.7579
    endloop
  endfacet
  facet normal -0.964605 -0.258467 -0.0522638
    outer loop
      vertex 41.2778 8.77387 24
      vertex 41.1066 9.25981 24.7579
      vertex 41.1454 9.26807 24
    endloop
  endfacet
  facet normal -0.964605 -0.258467 -0.0522635
    outer loop
      vertex 41.1066 9.25981 24.7579
      vertex 41.2778 8.77387 24
      vertex 41.2339 8.76453 24.8571
    endloop
  endfacet
  facet normal -0.954066 -0.255642 -0.156223
    outer loop
      vertex 41.1026 8.73662 25.7049
      vertex 40.9701 9.23081 25.7049
      vertex 40.9854 9.23405 25.6066
    endloop
  endfacet
  facet normal -0.954065 -0.255642 -0.156227
    outer loop
      vertex 41.2339 8.76453 24.8571
      vertex 40.9854 9.23405 25.6066
      vertex 41.1015 9.25873 24.8571
    endloop
  endfacet
  facet normal -0.954065 -0.255643 -0.156226
    outer loop
      vertex 40.9854 9.23405 25.6066
      vertex 41.2339 8.76453 24.8571
      vertex 41.1026 8.73662 25.7049
    endloop
  endfacet
  facet normal -0.933098 -0.250024 -0.258487
    outer loop
      vertex 40.8853 8.69043 26.5339
      vertex 40.7528 9.18462 26.5339
      vertex 40.7781 9.19 26.4375
    endloop
  endfacet
  facet normal -0.933098 -0.250024 -0.258488
    outer loop
      vertex 41.1026 8.73662 25.7049
      vertex 40.7781 9.19 26.4375
      vertex 40.9701 9.23081 25.7049
    endloop
  endfacet
  facet normal -0.933098 -0.250024 -0.258488
    outer loop
      vertex 40.7781 9.19 26.4375
      vertex 41.1026 8.73662 25.7049
      vertex 40.8853 8.69043 26.5339
    endloop
  endfacet
  facet normal -0.901927 -0.241672 -0.357941
    outer loop
      vertex 40.5844 8.62648 27.3352
      vertex 40.452 9.12067 27.3352
      vertex 40.4872 9.12815 27.2415
    endloop
  endfacet
  facet normal -0.901928 -0.241672 -0.35794
    outer loop
      vertex 40.8853 8.69043 26.5339
      vertex 40.4872 9.12815 27.2415
      vertex 40.7528 9.18462 26.5339
    endloop
  endfacet
  facet normal -0.901928 -0.241672 -0.35794
    outer loop
      vertex 40.4872 9.12815 27.2415
      vertex 40.8853 8.69043 26.5339
      vertex 40.5844 8.62648 27.3352
    endloop
  endfacet
  facet normal -0.860881 -0.230674 -0.453512
    outer loop
      vertex 40.2032 8.54546 28.1
      vertex 40.0708 9.03966 28.1
      vertex 40.1157 9.0492 28.0099
    endloop
  endfacet
  facet normal -0.86089 -0.230676 -0.453494
    outer loop
      vertex 40.5844 8.62648 27.3352
      vertex 40.1157 9.0492 28.0099
      vertex 40.452 9.12067 27.3352
    endloop
  endfacet
  facet normal -0.86089 -0.230672 -0.453497
    outer loop
      vertex 40.1157 9.0492 28.0099
      vertex 40.5844 8.62648 27.3352
      vertex 40.2032 8.54546 28.1
    endloop
  endfacet
  facet normal -0.810421 -0.217153 -0.544117
    outer loop
      vertex 39.746 8.44827 28.8198
      vertex 39.6136 8.94246 28.8198
      vertex 39.6679 8.95402 28.7342
    endloop
  endfacet
  facet normal -0.810424 -0.217154 -0.544111
    outer loop
      vertex 40.2032 8.54546 28.1
      vertex 39.6679 8.95402 28.7342
      vertex 40.0708 9.03966 28.1
    endloop
  endfacet
  facet normal -0.810424 -0.217152 -0.544112
    outer loop
      vertex 39.6679 8.95402 28.7342
      vertex 40.2032 8.54546 28.1
      vertex 39.746 8.44827 28.8198
    endloop
  endfacet
  facet normal -0.751079 -0.201252 -0.62879
    outer loop
      vertex 39.2176 8.33597 29.4869
      vertex 39.0852 8.83016 29.4869
      vertex 39.1488 8.84367 29.4066
    endloop
  endfacet
  facet normal -0.751072 -0.20125 -0.6288
    outer loop
      vertex 39.746 8.44827 28.8198
      vertex 39.1488 8.84367 29.4066
      vertex 39.6136 8.94246 28.8198
    endloop
  endfacet
  facet normal -0.751072 -0.201253 -0.628799
    outer loop
      vertex 39.1488 8.84367 29.4066
      vertex 39.746 8.44827 28.8198
      vertex 39.2176 8.33597 29.4869
    endloop
  endfacet
  facet normal -0.683493 -0.183137 -0.706611
    outer loop
      vertex 38.624 8.20978 30.0938
      vertex 38.4916 8.70398 30.0938
      vertex 38.5639 8.71936 30.0198
    endloop
  endfacet
  facet normal -0.68348 -0.183137 -0.706623
    outer loop
      vertex 38.5639 8.71936 30.0198
      vertex 39.2176 8.33597 29.4869
      vertex 38.624 8.20978 30.0938
    endloop
  endfacet
  facet normal -0.68348 -0.183139 -0.706623
    outer loop
      vertex 39.2176 8.33597 29.4869
      vertex 38.5639 8.71936 30.0198
      vertex 39.0852 8.83016 29.4869
    endloop
  endfacet
  facet normal -0.608374 -0.163014 -0.776728
    outer loop
      vertex 37.9715 8.0711 30.6339
      vertex 37.8391 8.56529 30.6339
      vertex 37.9199 8.58246 30.5671
    endloop
  endfacet
  facet normal -0.60838 -0.163014 -0.776724
    outer loop
      vertex 37.9199 8.58246 30.5671
      vertex 38.624 8.20978 30.0938
      vertex 37.9715 8.0711 30.6339
    endloop
  endfacet
  facet normal -0.608379 -0.163011 -0.776726
    outer loop
      vertex 38.624 8.20978 30.0938
      vertex 37.9199 8.58246 30.5671
      vertex 38.4916 8.70398 30.0938
    endloop
  endfacet
  facet normal -0.526588 -0.1411 -0.838329
    outer loop
      vertex 37.2674 7.92144 31.1014
      vertex 37.135 8.41563 31.1014
      vertex 37.2237 8.43447 31.0425
    endloop
  endfacet
  facet normal -0.526589 -0.1411 -0.838329
    outer loop
      vertex 37.2237 8.43447 31.0425
      vertex 37.9715 8.0711 30.6339
      vertex 37.2674 7.92144 31.1014
    endloop
  endfacet
  facet normal -0.526589 -0.1411 -0.838328
    outer loop
      vertex 37.9715 8.0711 30.6339
      vertex 37.2237 8.43447 31.0425
      vertex 37.8391 8.56529 30.6339
    endloop
  endfacet
  facet normal -0.439008 -0.117632 -0.89075
    outer loop
      vertex 37.1696 7.90064 31.1524
      vertex 37.135 8.41563 31.1014
      vertex 37.2674 7.92144 31.1014
    endloop
  endfacet
  facet normal -0.439007 -0.117632 -0.89075
    outer loop
      vertex 37.135 8.41563 31.1014
      vertex 37.1696 7.90064 31.1524
      vertex 37.0372 8.39484 31.1524
    endloop
  endfacet
  facet normal -0.438991 -0.117628 0.890758
    outer loop
      vertex 37.135 8.41563 16.8986
      vertex 37.0373 8.39424 16.8476
      vertex 37.2674 7.92144 16.8986
    endloop
  endfacet
  facet normal -0.439153 -0.116922 0.890772
    outer loop
      vertex 37.0373 8.39424 16.8476
      vertex 37.135 8.41563 16.8986
      vertex 37.0372 8.39484 16.8476
    endloop
  endfacet
  facet normal -0.438995 -0.11763 0.890756
    outer loop
      vertex 37.2674 7.92144 16.8986
      vertex 37.0373 8.39424 16.8476
      vertex 37.1696 7.90064 16.8476
    endloop
  endfacet
  facet normal -0.526602 -0.141103 0.83832
    outer loop
      vertex 37.8391 8.56529 17.3661
      vertex 37.7488 8.54609 17.3061
      vertex 37.9715 8.0711 17.3661
    endloop
  endfacet
  facet normal -0.52659 -0.141097 0.838329
    outer loop
      vertex 37.7488 8.54609 17.3061
      vertex 37.2674 7.92144 16.8986
      vertex 37.9715 8.0711 17.3661
    endloop
  endfacet
  facet normal -0.526587 -0.141099 0.83833
    outer loop
      vertex 37.2674 7.92144 16.8986
      vertex 37.7488 8.54609 17.3061
      vertex 37.135 8.41563 16.8986
    endloop
  endfacet
  facet normal -0.608379 -0.163011 0.776725
    outer loop
      vertex 38.4916 8.70398 17.9062
      vertex 38.4094 8.68651 17.8382
      vertex 38.624 8.20978 17.9062
    endloop
  endfacet
  facet normal -0.608382 -0.163012 0.776723
    outer loop
      vertex 38.4094 8.68651 17.8382
      vertex 37.9715 8.0711 17.3661
      vertex 38.624 8.20978 17.9062
    endloop
  endfacet
  facet normal -0.608379 -0.163015 0.776725
    outer loop
      vertex 37.9715 8.0711 17.3661
      vertex 38.4094 8.68651 17.8382
      vertex 37.8391 8.56529 17.3661
    endloop
  endfacet
  facet normal -0.683474 -0.183137 0.706629
    outer loop
      vertex 39.0852 8.83016 18.5131
      vertex 39.0117 8.81454 18.438
      vertex 39.2176 8.33597 18.5131
    endloop
  endfacet
  facet normal -0.683478 -0.18314 0.706624
    outer loop
      vertex 39.0117 8.81454 18.438
      vertex 38.624 8.20978 17.9062
      vertex 39.2176 8.33597 18.5131
    endloop
  endfacet
  facet normal -0.683482 -0.183134 0.706621
    outer loop
      vertex 38.624 8.20978 17.9062
      vertex 39.0117 8.81454 18.438
      vertex 38.4916 8.70398 17.9062
    endloop
  endfacet
  facet normal -0.751079 -0.201252 0.628791
    outer loop
      vertex 39.6136 8.94246 19.1802
      vertex 39.5492 8.92877 19.0988
      vertex 39.746 8.44827 19.1802
    endloop
  endfacet
  facet normal -0.751073 -0.201248 0.628799
    outer loop
      vertex 39.0852 8.83016 18.5131
      vertex 39.746 8.44827 19.1802
      vertex 39.5492 8.92877 19.0988
    endloop
  endfacet
  facet normal -0.751073 -0.201251 0.628798
    outer loop
      vertex 39.746 8.44827 19.1802
      vertex 39.0852 8.83016 18.5131
      vertex 39.2176 8.33597 18.5131
    endloop
  endfacet
  facet normal -0.810419 -0.217152 0.544119
    outer loop
      vertex 40.0708 9.03966 19.9
      vertex 40.0158 9.02797 19.8134
      vertex 40.2032 8.54546 19.9
    endloop
  endfacet
  facet normal -0.810423 -0.217155 0.544112
    outer loop
      vertex 39.6136 8.94246 19.1802
      vertex 40.2032 8.54546 19.9
      vertex 40.0158 9.02797 19.8134
    endloop
  endfacet
  facet normal -0.810423 -0.217153 0.544113
    outer loop
      vertex 40.2032 8.54546 19.9
      vertex 39.6136 8.94246 19.1802
      vertex 39.746 8.44827 19.1802
    endloop
  endfacet
  facet normal -0.860895 -0.230677 0.453484
    outer loop
      vertex 40.452 9.12067 20.6648
      vertex 40.4066 9.11104 20.5738
      vertex 40.5844 8.62648 20.6648
    endloop
  endfacet
  facet normal -0.860889 -0.230672 0.453498
    outer loop
      vertex 40.0708 9.03966 19.9
      vertex 40.5844 8.62648 20.6648
      vertex 40.4066 9.11104 20.5738
    endloop
  endfacet
  facet normal -0.860889 -0.230676 0.453496
    outer loop
      vertex 40.5844 8.62648 20.6648
      vertex 40.0708 9.03966 19.9
      vertex 40.2032 8.54546 19.9
    endloop
  endfacet
  facet normal -0.901934 -0.241674 0.357923
    outer loop
      vertex 40.7528 9.18462 21.4661
      vertex 40.7174 9.17709 21.3717
      vertex 40.8853 8.69043 21.4661
    endloop
  endfacet
  facet normal -0.901927 -0.241672 0.357942
    outer loop
      vertex 40.5844 8.62648 20.6648
      vertex 40.7174 9.17709 21.3717
      vertex 40.452 9.12067 20.6648
    endloop
  endfacet
  facet normal -0.901929 -0.241669 0.35794
    outer loop
      vertex 40.7174 9.17709 21.3717
      vertex 40.5844 8.62648 20.6648
      vertex 40.8853 8.69043 21.4661
    endloop
  endfacet
  facet normal -0.933099 -0.250025 0.258483
    outer loop
      vertex 40.9701 9.23081 22.2951
      vertex 40.9447 9.22541 22.1982
      vertex 41.1026 8.73662 22.2951
    endloop
  endfacet
  facet normal -0.933098 -0.250024 0.258489
    outer loop
      vertex 40.8853 8.69043 21.4661
      vertex 40.9447 9.22541 22.1982
      vertex 40.7528 9.18462 21.4661
    endloop
  endfacet
  facet normal -0.933098 -0.250023 0.258488
    outer loop
      vertex 40.9447 9.22541 22.1982
      vertex 40.8853 8.69043 21.4661
      vertex 41.1026 8.73662 22.2951
    endloop
  endfacet
  facet normal -0.954064 -0.255642 0.156234
    outer loop
      vertex 41.1015 9.25873 23.1429
      vertex 41.0862 9.25548 23.0443
      vertex 41.2339 8.76453 23.1429
    endloop
  endfacet
  facet normal -0.954065 -0.255642 0.156226
    outer loop
      vertex 41.1026 8.73662 22.2951
      vertex 41.0862 9.25548 23.0443
      vertex 40.9701 9.23081 22.2951
    endloop
  endfacet
  facet normal -0.954065 -0.255644 0.156227
    outer loop
      vertex 41.0862 9.25548 23.0443
      vertex 41.1026 8.73662 22.2951
      vertex 41.2339 8.76453 23.1429
    endloop
  endfacet
  facet normal -0.964606 -0.258467 0.0522446
    outer loop
      vertex 41.1454 9.26807 24
      vertex 41.1403 9.26698 23.9006
      vertex 41.2778 8.77387 24
    endloop
  endfacet
  facet normal -0.964605 -0.258467 0.0522658
    outer loop
      vertex 41.2339 8.76453 23.1429
      vertex 41.1403 9.26698 23.9006
      vertex 41.1015 9.25873 23.1429
    endloop
  endfacet
  facet normal -0.964606 -0.258463 0.0522633
    outer loop
      vertex 41.1403 9.26698 23.9006
      vertex 41.2339 8.76453 23.1429
      vertex 41.2778 8.77387 24
    endloop
  endfacet
  facet normal -0.986339 -0.15622 -0.0522633
    outer loop
      vertex 41.9241 4.40641 24.8571
      vertex 41.2339 8.76453 24.8571
      vertex 41.2778 8.77387 24
    endloop
  endfacet
  facet normal -0.986339 -0.15622 -0.0522639
    outer loop
      vertex 41.9241 4.40641 24.8571
      vertex 41.2778 8.77387 24
      vertex 41.9688 4.4111 24
    endloop
  endfacet
  facet normal -0.975561 -0.154514 -0.156226
    outer loop
      vertex 41.7906 4.39237 25.7049
      vertex 41.1026 8.73662 25.7049
      vertex 41.2339 8.76453 24.8571
    endloop
  endfacet
  facet normal -0.975561 -0.154513 -0.156225
    outer loop
      vertex 41.7906 4.39237 25.7049
      vertex 41.2339 8.76453 24.8571
      vertex 41.9241 4.40641 24.8571
    endloop
  endfacet
  facet normal -0.954121 -0.151118 -0.258488
    outer loop
      vertex 41.5697 4.36915 26.5339
      vertex 40.8853 8.69043 26.5339
      vertex 41.1026 8.73662 25.7049
    endloop
  endfacet
  facet normal -0.954122 -0.151118 -0.258486
    outer loop
      vertex 41.5697 4.36915 26.5339
      vertex 41.1026 8.73662 25.7049
      vertex 41.7906 4.39237 25.7049
    endloop
  endfacet
  facet normal -0.922249 -0.14607 -0.35794
    outer loop
      vertex 41.2638 4.337 27.3352
      vertex 40.5844 8.62648 27.3352
      vertex 40.8853 8.69043 26.5339
    endloop
  endfacet
  facet normal -0.922248 -0.14607 -0.357943
    outer loop
      vertex 41.2638 4.337 27.3352
      vertex 40.8853 8.69043 26.5339
      vertex 41.5697 4.36915 26.5339
    endloop
  endfacet
  facet normal -0.880285 -0.139424 -0.453496
    outer loop
      vertex 40.8763 4.29627 28.1
      vertex 40.2032 8.54546 28.1
      vertex 40.5844 8.62648 27.3352
    endloop
  endfacet
  facet normal -0.880286 -0.139423 -0.453494
    outer loop
      vertex 40.8763 4.29627 28.1
      vertex 40.5844 8.62648 27.3352
      vertex 41.2638 4.337 27.3352
    endloop
  endfacet
  facet normal -0.828683 -0.13125 -0.544112
    outer loop
      vertex 40.4113 4.2474 28.8198
      vertex 39.746 8.44827 28.8198
      vertex 40.2032 8.54546 28.1
    endloop
  endfacet
  facet normal -0.828682 -0.131251 -0.544113
    outer loop
      vertex 40.4113 4.2474 28.8198
      vertex 40.2032 8.54546 28.1
      vertex 40.8763 4.29627 28.1
    endloop
  endfacet
  facet normal -0.767995 -0.121638 -0.628799
    outer loop
      vertex 39.8741 4.19094 29.4869
      vertex 39.2176 8.33597 29.4869
      vertex 39.746 8.44827 28.8198
    endloop
  endfacet
  facet normal -0.767994 -0.121638 -0.6288
    outer loop
      vertex 39.8741 4.19094 29.4869
      vertex 39.746 8.44827 28.8198
      vertex 40.4113 4.2474 28.8198
    endloop
  endfacet
  facet normal -0.698878 -0.110692 -0.706623
    outer loop
      vertex 39.2706 4.1275 30.0938
      vertex 38.624 8.20978 30.0938
      vertex 39.2176 8.33597 29.4869
    endloop
  endfacet
  facet normal -0.698881 -0.110692 -0.706621
    outer loop
      vertex 39.2706 4.1275 30.0938
      vertex 39.2176 8.33597 29.4869
      vertex 39.8741 4.19094 29.4869
    endloop
  endfacet
  facet normal -0.622086 -0.0985287 -0.776724
    outer loop
      vertex 38.6072 4.05778 30.6339
      vertex 37.9715 8.0711 30.6339
      vertex 38.624 8.20978 30.0938
    endloop
  endfacet
  facet normal -0.622085 -0.0985289 -0.776726
    outer loop
      vertex 39.2706 4.1275 30.0938
      vertex 38.6072 4.05778 30.6339
      vertex 38.624 8.20978 30.0938
    endloop
  endfacet
  facet normal -0.538453 -0.085283 -0.838329
    outer loop
      vertex 37.8913 3.98253 31.1014
      vertex 37.2674 7.92144 31.1014
      vertex 37.9715 8.0711 30.6339
    endloop
  endfacet
  facet normal -0.538455 -0.0852828 -0.838327
    outer loop
      vertex 38.6072 4.05778 30.6339
      vertex 37.8913 3.98253 31.1014
      vertex 37.9715 8.0711 30.6339
    endloop
  endfacet
  facet normal -0.448899 -0.0710974 -0.890749
    outer loop
      vertex 37.1696 7.90064 31.1524
      vertex 37.2674 7.92144 31.1014
      vertex 37.2495 7.39593 31.1524
    endloop
  endfacet
  facet normal -0.448889 -0.0710972 -0.890755
    outer loop
      vertex 37.2495 7.39593 31.1524
      vertex 37.8913 3.98253 31.1014
      vertex 37.7918 3.97208 31.1524
    endloop
  endfacet
  facet normal -0.448893 -0.0710979 -0.890753
    outer loop
      vertex 37.8913 3.98253 31.1014
      vertex 37.2495 7.39593 31.1524
      vertex 37.2674 7.92144 31.1014
    endloop
  endfacet
  facet normal -0.448883 -0.0710963 0.890758
    outer loop
      vertex 37.2674 7.92144 16.8986
      vertex 37.7119 4.47679 16.8476
      vertex 37.8913 3.98253 16.8986
    endloop
  endfacet
  facet normal -0.448886 -0.0710967 0.890756
    outer loop
      vertex 37.2674 7.92144 16.8986
      vertex 37.1696 7.90064 16.8476
      vertex 37.7119 4.47679 16.8476
    endloop
  endfacet
  facet normal -0.448876 -0.0710936 0.890761
    outer loop
      vertex 37.8913 3.98253 16.8986
      vertex 37.7119 4.47679 16.8476
      vertex 37.7918 3.97208 16.8476
    endloop
  endfacet
  facet normal -0.538453 -0.0852825 0.838329
    outer loop
      vertex 37.9715 8.0711 17.3661
      vertex 37.2674 7.92144 16.8986
      vertex 38.6072 4.05778 17.3661
    endloop
  endfacet
  facet normal -0.538455 -0.0852833 0.838327
    outer loop
      vertex 38.6072 4.05778 17.3661
      vertex 37.2674 7.92144 16.8986
      vertex 37.8913 3.98253 16.8986
    endloop
  endfacet
  facet normal -0.622088 -0.0985294 0.776723
    outer loop
      vertex 38.624 8.20978 17.9062
      vertex 37.9715 8.0711 17.3661
      vertex 39.2706 4.1275 17.9062
    endloop
  endfacet
  facet normal -0.622086 -0.0985286 0.776725
    outer loop
      vertex 39.2706 4.1275 17.9062
      vertex 37.9715 8.0711 17.3661
      vertex 38.6072 4.05778 17.3661
    endloop
  endfacet
  facet normal -0.698877 -0.110691 0.706624
    outer loop
      vertex 39.2176 8.33597 18.5131
      vertex 38.624 8.20978 17.9062
      vertex 39.8741 4.19094 18.5131
    endloop
  endfacet
  facet normal -0.69888 -0.110692 0.706622
    outer loop
      vertex 39.8741 4.19094 18.5131
      vertex 38.624 8.20978 17.9062
      vertex 39.2706 4.1275 17.9062
    endloop
  endfacet
  facet normal -0.767995 -0.121638 0.628798
    outer loop
      vertex 39.746 8.44827 19.1802
      vertex 39.2176 8.33597 18.5131
      vertex 40.4113 4.2474 19.1802
    endloop
  endfacet
  facet normal -0.767995 -0.121638 0.628799
    outer loop
      vertex 40.4113 4.2474 19.1802
      vertex 39.2176 8.33597 18.5131
      vertex 39.8741 4.19094 18.5131
    endloop
  endfacet
  facet normal -0.828682 -0.131251 0.544113
    outer loop
      vertex 40.2032 8.54546 19.9
      vertex 39.746 8.44827 19.1802
      vertex 40.8763 4.29627 19.9
    endloop
  endfacet
  facet normal -0.828682 -0.13125 0.544114
    outer loop
      vertex 40.8763 4.29627 19.9
      vertex 39.746 8.44827 19.1802
      vertex 40.4113 4.2474 19.1802
    endloop
  endfacet
  facet normal -0.880285 -0.139423 0.453496
    outer loop
      vertex 40.5844 8.62648 20.6648
      vertex 40.2032 8.54546 19.9
      vertex 41.2638 4.337 20.6648
    endloop
  endfacet
  facet normal -0.880286 -0.139424 0.453494
    outer loop
      vertex 41.2638 4.337 20.6648
      vertex 40.2032 8.54546 19.9
      vertex 40.8763 4.29627 19.9
    endloop
  endfacet
  facet normal -0.922249 -0.14607 0.357939
    outer loop
      vertex 40.8853 8.69043 21.4661
      vertex 40.5844 8.62648 20.6648
      vertex 41.5697 4.36915 21.4661
    endloop
  endfacet
  facet normal -0.922248 -0.14607 0.357942
    outer loop
      vertex 41.5697 4.36915 21.4661
      vertex 40.5844 8.62648 20.6648
      vertex 41.2638 4.337 20.6648
    endloop
  endfacet
  facet normal -0.954121 -0.151118 0.258488
    outer loop
      vertex 41.1026 8.73662 22.2951
      vertex 40.8853 8.69043 21.4661
      vertex 41.7906 4.39237 22.2951
    endloop
  endfacet
  facet normal -0.954122 -0.151118 0.258486
    outer loop
      vertex 41.7906 4.39237 22.2951
      vertex 40.8853 8.69043 21.4661
      vertex 41.5697 4.36915 21.4661
    endloop
  endfacet
  facet normal -0.975561 -0.154513 0.156227
    outer loop
      vertex 41.2339 8.76453 23.1429
      vertex 41.1026 8.73662 22.2951
      vertex 41.9241 4.40641 23.1429
    endloop
  endfacet
  facet normal -0.975561 -0.154514 0.156225
    outer loop
      vertex 41.9241 4.40641 23.1429
      vertex 41.1026 8.73662 22.2951
      vertex 41.7906 4.39237 22.2951
    endloop
  endfacet
  facet normal -0.986339 -0.15622 0.0522632
    outer loop
      vertex 41.2778 8.77387 24
      vertex 41.2339 8.76453 23.1429
      vertex 41.9688 4.4111 24
    endloop
  endfacet
  facet normal -0.986339 -0.15622 0.0522638
    outer loop
      vertex 41.9688 4.4111 24
      vertex 41.2339 8.76453 23.1429
      vertex 41.9241 4.40641 23.1429
    endloop
  endfacet
  facet normal -0.997265 -0.0522645 -0.052264
    outer loop
      vertex 42.1551 0 24.8571
      vertex 41.9241 4.40641 24.8571
      vertex 41.9688 4.4111 24
    endloop
  endfacet
  facet normal -0.997265 -0.0522649 -0.0522662
    outer loop
      vertex 42.1551 0 24.8571
      vertex 41.9688 4.4111 24
      vertex 42.2 0 24
    endloop
  endfacet
  facet normal -0.986368 -0.0516933 -0.156225
    outer loop
      vertex 42.0208 0 25.7049
      vertex 41.7906 4.39237 25.7049
      vertex 41.9241 4.40641 24.8571
    endloop
  endfacet
  facet normal -0.986368 -0.0516934 -0.156226
    outer loop
      vertex 42.0208 0 25.7049
      vertex 41.9241 4.40641 24.8571
      vertex 42.1551 0 24.8571
    endloop
  endfacet
  facet normal -0.964691 -0.0505573 -0.258486
    outer loop
      vertex 41.7987 0 26.5339
      vertex 41.5697 4.36915 26.5339
      vertex 41.7906 4.39237 25.7049
    endloop
  endfacet
  facet normal -0.964691 -0.0505573 -0.258486
    outer loop
      vertex 41.7987 0 26.5339
      vertex 41.7906 4.39237 25.7049
      vertex 42.0208 0 25.7049
    endloop
  endfacet
  facet normal -0.932464 -0.0488689 -0.357943
    outer loop
      vertex 41.4911 0 27.3352
      vertex 41.2638 4.337 27.3352
      vertex 41.5697 4.36915 26.5339
    endloop
  endfacet
  facet normal -0.932465 -0.0488684 -0.35794
    outer loop
      vertex 41.7987 0 26.5339
      vertex 41.4911 0 27.3352
      vertex 41.5697 4.36915 26.5339
    endloop
  endfacet
  facet normal -0.890038 -0.0466451 -0.453494
    outer loop
      vertex 41.1014 0 28.1
      vertex 40.8763 4.29627 28.1
      vertex 41.2638 4.337 27.3352
    endloop
  endfacet
  facet normal -0.890037 -0.0466454 -0.453496
    outer loop
      vertex 41.4911 0 27.3352
      vertex 41.1014 0 28.1
      vertex 41.2638 4.337 27.3352
    endloop
  endfacet
  facet normal -0.837862 -0.0439101 -0.544113
    outer loop
      vertex 40.6339 0 28.8198
      vertex 40.4113 4.2474 28.8198
      vertex 40.8763 4.29627 28.1
    endloop
  endfacet
  facet normal -0.837861 -0.0439106 -0.544115
    outer loop
      vertex 41.1014 0 28.1
      vertex 40.6339 0 28.8198
      vertex 40.8763 4.29627 28.1
    endloop
  endfacet
  facet normal -0.776501 -0.0406949 -0.6288
    outer loop
      vertex 40.0938 0 29.4869
      vertex 39.8741 4.19094 29.4869
      vertex 40.4113 4.2474 28.8198
    endloop
  endfacet
  facet normal -0.776503 -0.0406945 -0.628799
    outer loop
      vertex 40.6339 0 28.8198
      vertex 40.0938 0 29.4869
      vertex 40.4113 4.2474 28.8198
    endloop
  endfacet
  facet normal -0.706623 -0.0370324 -0.706621
    outer loop
      vertex 39.4869 0 30.0938
      vertex 39.2706 4.1275 30.0938
      vertex 39.8741 4.19094 29.4869
    endloop
  endfacet
  facet normal -0.706622 -0.0370326 -0.706622
    outer loop
      vertex 40.0938 0 29.4869
      vertex 39.4869 0 30.0938
      vertex 39.8741 4.19094 29.4869
    endloop
  endfacet
  facet normal -0.628976 -0.0329636 -0.776726
    outer loop
      vertex 38.8198 0 30.6339
      vertex 38.6072 4.05778 30.6339
      vertex 39.2706 4.1275 30.0938
    endloop
  endfacet
  facet normal -0.628978 -0.0329632 -0.776724
    outer loop
      vertex 39.4869 0 30.0938
      vertex 38.8198 0 30.6339
      vertex 39.2706 4.1275 30.0938
    endloop
  endfacet
  facet normal -0.54442 -0.0285315 -0.838327
    outer loop
      vertex 38.1 0 31.1014
      vertex 37.8913 3.98253 31.1014
      vertex 38.6072 4.05778 30.6339
    endloop
  endfacet
  facet normal -0.544417 -0.0285321 -0.838329
    outer loop
      vertex 38.8198 0 30.6339
      vertex 38.1 0 31.1014
      vertex 38.6072 4.05778 30.6339
    endloop
  endfacet
  facet normal -0.453862 -0.0237868 -0.890755
    outer loop
      vertex 37.7918 3.97208 31.1524
      vertex 37.8913 3.98253 31.1014
      vertex 37.8186 3.46178 31.1524
    endloop
  endfacet
  facet normal -0.45387 -0.0237862 -0.89075
    outer loop
      vertex 37.8186 3.46178 31.1524
      vertex 38.1 0 31.1014
      vertex 38 0 31.1524
    endloop
  endfacet
  facet normal -0.453866 -0.0237859 -0.890752
    outer loop
      vertex 38.1 0 31.1014
      vertex 37.8186 3.46178 31.1524
      vertex 37.8913 3.98253 31.1014
    endloop
  endfacet
  facet normal -0.453852 -0.0237851 0.89076
    outer loop
      vertex 37.8913 3.98253 16.8986
      vertex 37.9733 0.510301 16.8476
      vertex 38.1 0 16.8986
    endloop
  endfacet
  facet normal -0.453848 -0.023785 0.890761
    outer loop
      vertex 37.8913 3.98253 16.8986
      vertex 37.7918 3.97208 16.8476
      vertex 37.9733 0.510301 16.8476
    endloop
  endfacet
  facet normal -0.453857 -0.0237866 0.890757
    outer loop
      vertex 38.1 0 16.8986
      vertex 37.9733 0.510301 16.8476
      vertex 38 0 16.8476
    endloop
  endfacet
  facet normal -0.54442 -0.0285322 0.838327
    outer loop
      vertex 38.6072 4.05778 17.3661
      vertex 37.8913 3.98253 16.8986
      vertex 38.8198 0 17.3661
    endloop
  endfacet
  facet normal -0.544417 -0.0285314 0.838329
    outer loop
      vertex 38.8198 0 17.3661
      vertex 37.8913 3.98253 16.8986
      vertex 38.1 0 16.8986
    endloop
  endfacet
  facet normal -0.628977 -0.0329632 0.776725
    outer loop
      vertex 39.2706 4.1275 17.9062
      vertex 38.6072 4.05778 17.3661
      vertex 39.4869 0 17.9062
    endloop
  endfacet
  facet normal -0.628979 -0.0329638 0.776723
    outer loop
      vertex 39.4869 0 17.9062
      vertex 38.6072 4.05778 17.3661
      vertex 38.8198 0 17.3661
    endloop
  endfacet
  facet normal -0.706622 -0.0370326 0.706622
    outer loop
      vertex 39.8741 4.19094 18.5131
      vertex 39.2706 4.1275 17.9062
      vertex 40.0938 0 18.5131
    endloop
  endfacet
  facet normal -0.706621 -0.0370323 0.706623
    outer loop
      vertex 40.0938 0 18.5131
      vertex 39.2706 4.1275 17.9062
      vertex 39.4869 0 17.9062
    endloop
  endfacet
  facet normal -0.776502 -0.0406944 0.628799
    outer loop
      vertex 40.4113 4.2474 19.1802
      vertex 39.8741 4.19094 18.5131
      vertex 40.6339 0 19.1802
    endloop
  endfacet
  facet normal -0.776504 -0.040695 0.628797
    outer loop
      vertex 40.6339 0 19.1802
      vertex 39.8741 4.19094 18.5131
      vertex 40.0938 0 18.5131
    endloop
  endfacet
  facet normal -0.837861 -0.0439106 0.544114
    outer loop
      vertex 40.8763 4.29627 19.9
      vertex 40.4113 4.2474 19.1802
      vertex 41.1014 0 19.9
    endloop
  endfacet
  facet normal -0.83786 -0.04391 0.544116
    outer loop
      vertex 41.1014 0 19.9
      vertex 40.4113 4.2474 19.1802
      vertex 40.6339 0 19.1802
    endloop
  endfacet
  facet normal -0.890038 -0.0466454 0.453494
    outer loop
      vertex 41.2638 4.337 20.6648
      vertex 40.8763 4.29627 19.9
      vertex 41.4911 0 20.6648
    endloop
  endfacet
  facet normal -0.890037 -0.046645 0.453496
    outer loop
      vertex 41.4911 0 20.6648
      vertex 40.8763 4.29627 19.9
      vertex 41.1014 0 19.9
    endloop
  endfacet
  facet normal -0.932464 -0.0488683 0.357942
    outer loop
      vertex 41.5697 4.36915 21.4661
      vertex 41.2638 4.337 20.6648
      vertex 41.7987 0 21.4661
    endloop
  endfacet
  facet normal -0.932465 -0.048869 0.357939
    outer loop
      vertex 41.7987 0 21.4661
      vertex 41.2638 4.337 20.6648
      vertex 41.4911 0 20.6648
    endloop
  endfacet
  facet normal -0.964691 -0.0505573 0.258486
    outer loop
      vertex 41.7906 4.39237 22.2951
      vertex 41.5697 4.36915 21.4661
      vertex 42.0208 0 22.2951
    endloop
  endfacet
  facet normal -0.964691 -0.0505573 0.258486
    outer loop
      vertex 42.0208 0 22.2951
      vertex 41.5697 4.36915 21.4661
      vertex 41.7987 0 21.4661
    endloop
  endfacet
  facet normal -0.986368 -0.0516934 0.156225
    outer loop
      vertex 41.9241 4.40641 23.1429
      vertex 41.7906 4.39237 22.2951
      vertex 42.1551 0 23.1429
    endloop
  endfacet
  facet normal -0.986368 -0.0516933 0.156226
    outer loop
      vertex 42.1551 0 23.1429
      vertex 41.7906 4.39237 22.2951
      vertex 42.0208 0 22.2951
    endloop
  endfacet
  facet normal -0.997265 -0.0522649 0.0522638
    outer loop
      vertex 41.9688 4.4111 24
      vertex 41.9241 4.40641 23.1429
      vertex 42.2 0 24
    endloop
  endfacet
  facet normal -0.997265 -0.0522645 0.052266
    outer loop
      vertex 42.2 0 24
      vertex 41.9241 4.40641 23.1429
      vertex 42.1551 0 23.1429
    endloop
  endfacet
  facet normal -0.997265 0.0522645 -0.0522662
    outer loop
      vertex 42.2 0 24
      vertex 41.9241 -4.40641 24.8571
      vertex 42.1551 0 24.8571
    endloop
  endfacet
  facet normal -0.997265 0.0522649 -0.052264
    outer loop
      vertex 41.9688 -4.4111 24
      vertex 41.9241 -4.40641 24.8571
      vertex 42.2 0 24
    endloop
  endfacet
  facet normal -0.986368 0.0516933 -0.156226
    outer loop
      vertex 42.1551 0 24.8571
      vertex 41.7906 -4.39237 25.7049
      vertex 42.0208 0 25.7049
    endloop
  endfacet
  facet normal -0.986368 0.0516934 -0.156225
    outer loop
      vertex 41.9241 -4.40641 24.8571
      vertex 41.7906 -4.39237 25.7049
      vertex 42.1551 0 24.8571
    endloop
  endfacet
  facet normal -0.964691 0.0505573 -0.258486
    outer loop
      vertex 42.0208 0 25.7049
      vertex 41.5697 -4.36915 26.5339
      vertex 41.7987 0 26.5339
    endloop
  endfacet
  facet normal -0.964691 0.0505573 -0.258486
    outer loop
      vertex 41.7906 -4.39237 25.7049
      vertex 41.5697 -4.36915 26.5339
      vertex 42.0208 0 25.7049
    endloop
  endfacet
  facet normal -0.932465 0.0488689 -0.35794
    outer loop
      vertex 41.7987 0 26.5339
      vertex 41.2638 -4.337 27.3352
      vertex 41.4911 0 27.3352
    endloop
  endfacet
  facet normal -0.932464 0.0488683 -0.357943
    outer loop
      vertex 41.5697 -4.36915 26.5339
      vertex 41.2638 -4.337 27.3352
      vertex 41.7987 0 26.5339
    endloop
  endfacet
  facet normal -0.890037 0.046645 -0.453496
    outer loop
      vertex 41.4911 0 27.3352
      vertex 40.8763 -4.29627 28.1
      vertex 41.1014 0 28.1
    endloop
  endfacet
  facet normal -0.890038 0.0466454 -0.453494
    outer loop
      vertex 41.2638 -4.337 27.3352
      vertex 40.8763 -4.29627 28.1
      vertex 41.4911 0 27.3352
    endloop
  endfacet
  facet normal -0.837861 0.0439101 -0.544115
    outer loop
      vertex 41.1014 0 28.1
      vertex 40.4113 -4.2474 28.8198
      vertex 40.6339 0 28.8198
    endloop
  endfacet
  facet normal -0.837862 0.0439107 -0.544113
    outer loop
      vertex 40.8763 -4.29627 28.1
      vertex 40.4113 -4.2474 28.8198
      vertex 41.1014 0 28.1
    endloop
  endfacet
  facet normal -0.776503 0.0406949 -0.628798
    outer loop
      vertex 40.6339 0 28.8198
      vertex 39.8741 -4.19094 29.4869
      vertex 40.0938 0 29.4869
    endloop
  endfacet
  facet normal -0.776501 0.0406944 -0.6288
    outer loop
      vertex 40.4113 -4.2474 28.8198
      vertex 39.8741 -4.19094 29.4869
      vertex 40.6339 0 28.8198
    endloop
  endfacet
  facet normal -0.706622 0.0370323 -0.706622
    outer loop
      vertex 40.0938 0 29.4869
      vertex 39.2706 -4.1275 30.0938
      vertex 39.4869 0 30.0938
    endloop
  endfacet
  facet normal -0.706623 0.0370327 -0.706621
    outer loop
      vertex 39.8741 -4.19094 29.4869
      vertex 39.2706 -4.1275 30.0938
      vertex 40.0938 0 29.4869
    endloop
  endfacet
  facet normal -0.628978 0.0329637 -0.776724
    outer loop
      vertex 39.4869 0 30.0938
      vertex 38.6072 -4.05778 30.6339
      vertex 38.8198 0 30.6339
    endloop
  endfacet
  facet normal -0.628976 0.0329631 -0.776726
    outer loop
      vertex 39.2706 -4.1275 30.0938
      vertex 38.6072 -4.05778 30.6339
      vertex 39.4869 0 30.0938
    endloop
  endfacet
  facet normal -0.544417 0.0285314 -0.838329
    outer loop
      vertex 38.8198 0 30.6339
      vertex 37.8913 -3.98253 31.1014
      vertex 38.1 0 31.1014
    endloop
  endfacet
  facet normal -0.54442 0.0285322 -0.838327
    outer loop
      vertex 38.6072 -4.05778 30.6339
      vertex 37.8913 -3.98253 31.1014
      vertex 38.8198 0 30.6339
    endloop
  endfacet
  facet normal -0.45387 0.0237873 -0.89075
    outer loop
      vertex 38.1 0 31.1014
      vertex 37.9733 -0.510301 31.1524
      vertex 38 0 31.1524
    endloop
  endfacet
  facet normal -0.453865 0.0237858 -0.890753
    outer loop
      vertex 37.8913 -3.98253 31.1014
      vertex 37.9733 -0.510301 31.1524
      vertex 38.1 0 31.1014
    endloop
  endfacet
  facet normal -0.453862 0.0237857 -0.890755
    outer loop
      vertex 37.8913 -3.98253 31.1014
      vertex 37.7918 -3.97208 31.1524
      vertex 37.9733 -0.510301 31.1524
    endloop
  endfacet
  facet normal -0.453857 0.0237855 0.890757
    outer loop
      vertex 37.8186 -3.46178 16.8476
      vertex 38.1 0 16.8986
      vertex 38 0 16.8476
    endloop
  endfacet
  facet normal -0.453853 0.0237852 0.890759
    outer loop
      vertex 38.1 0 16.8986
      vertex 37.8186 -3.46178 16.8476
      vertex 37.8913 -3.98253 16.8986
    endloop
  endfacet
  facet normal -0.453848 0.0237861 0.890761
    outer loop
      vertex 37.7918 -3.97208 16.8476
      vertex 37.8913 -3.98253 16.8986
      vertex 37.8186 -3.46178 16.8476
    endloop
  endfacet
  facet normal -0.544417 0.0285321 0.838329
    outer loop
      vertex 38.8198 0 17.3661
      vertex 38.1 0 16.8986
      vertex 38.6072 -4.05778 17.3661
    endloop
  endfacet
  facet normal -0.54442 0.0285315 0.838327
    outer loop
      vertex 38.1 0 16.8986
      vertex 37.8913 -3.98253 16.8986
      vertex 38.6072 -4.05778 17.3661
    endloop
  endfacet
  facet normal -0.628979 0.0329633 0.776723
    outer loop
      vertex 39.4869 0 17.9062
      vertex 38.8198 0 17.3661
      vertex 39.2706 -4.1275 17.9062
    endloop
  endfacet
  facet normal -0.628977 0.0329637 0.776725
    outer loop
      vertex 38.8198 0 17.3661
      vertex 38.6072 -4.05778 17.3661
      vertex 39.2706 -4.1275 17.9062
    endloop
  endfacet
  facet normal -0.706621 0.0370326 0.706623
    outer loop
      vertex 40.0938 0 18.5131
      vertex 39.4869 0 17.9062
      vertex 39.8741 -4.19094 18.5131
    endloop
  endfacet
  facet normal -0.706622 0.0370323 0.706622
    outer loop
      vertex 39.4869 0 17.9062
      vertex 39.2706 -4.1275 17.9062
      vertex 39.8741 -4.19094 18.5131
    endloop
  endfacet
  facet normal -0.776504 0.0406945 0.628797
    outer loop
      vertex 40.6339 0 19.1802
      vertex 40.0938 0 18.5131
      vertex 40.4113 -4.2474 19.1802
    endloop
  endfacet
  facet normal -0.776502 0.0406949 0.628799
    outer loop
      vertex 40.0938 0 18.5131
      vertex 39.8741 -4.19094 18.5131
      vertex 40.4113 -4.2474 19.1802
    endloop
  endfacet
  facet normal -0.83786 0.0439106 0.544116
    outer loop
      vertex 41.1014 0 19.9
      vertex 40.6339 0 19.1802
      vertex 40.8763 -4.29627 19.9
    endloop
  endfacet
  facet normal -0.837861 0.0439101 0.544114
    outer loop
      vertex 40.6339 0 19.1802
      vertex 40.4113 -4.2474 19.1802
      vertex 40.8763 -4.29627 19.9
    endloop
  endfacet
  facet normal -0.890037 0.0466454 0.453496
    outer loop
      vertex 41.4911 0 20.6648
      vertex 41.1014 0 19.9
      vertex 41.2638 -4.337 20.6648
    endloop
  endfacet
  facet normal -0.890038 0.0466451 0.453494
    outer loop
      vertex 41.1014 0 19.9
      vertex 40.8763 -4.29627 19.9
      vertex 41.2638 -4.337 20.6648
    endloop
  endfacet
  facet normal -0.932465 0.0488684 0.357939
    outer loop
      vertex 41.7987 0 21.4661
      vertex 41.4911 0 20.6648
      vertex 41.5697 -4.36915 21.4661
    endloop
  endfacet
  facet normal -0.932464 0.0488689 0.357942
    outer loop
      vertex 41.4911 0 20.6648
      vertex 41.2638 -4.337 20.6648
      vertex 41.5697 -4.36915 21.4661
    endloop
  endfacet
  facet normal -0.964691 0.0505573 0.258486
    outer loop
      vertex 41.7987 0 21.4661
      vertex 41.7906 -4.39237 22.2951
      vertex 42.0208 0 22.2951
    endloop
  endfacet
  facet normal -0.964691 0.0505573 0.258486
    outer loop
      vertex 41.7987 0 21.4661
      vertex 41.5697 -4.36915 21.4661
      vertex 41.7906 -4.39237 22.2951
    endloop
  endfacet
  facet normal -0.986368 0.0516934 0.156226
    outer loop
      vertex 42.0208 0 22.2951
      vertex 41.9241 -4.40641 23.1429
      vertex 42.1551 0 23.1429
    endloop
  endfacet
  facet normal -0.986368 0.0516933 0.156225
    outer loop
      vertex 42.0208 0 22.2951
      vertex 41.7906 -4.39237 22.2951
      vertex 41.9241 -4.40641 23.1429
    endloop
  endfacet
  facet normal -0.997265 0.0522649 0.052266
    outer loop
      vertex 42.1551 0 23.1429
      vertex 41.9688 -4.4111 24
      vertex 42.2 0 24
    endloop
  endfacet
  facet normal -0.997265 0.0522645 0.0522638
    outer loop
      vertex 42.1551 0 23.1429
      vertex 41.9241 -4.40641 23.1429
      vertex 41.9688 -4.4111 24
    endloop
  endfacet
  facet normal -0.986339 0.15622 -0.0522639
    outer loop
      vertex 41.9688 -4.4111 24
      vertex 41.2339 -8.76453 24.8571
      vertex 41.9241 -4.40641 24.8571
    endloop
  endfacet
  facet normal -0.986339 0.15622 -0.0522633
    outer loop
      vertex 41.2778 -8.77387 24
      vertex 41.2339 -8.76453 24.8571
      vertex 41.9688 -4.4111 24
    endloop
  endfacet
  facet normal -0.975561 0.154514 -0.156225
    outer loop
      vertex 41.9241 -4.40641 24.8571
      vertex 41.1026 -8.73662 25.7049
      vertex 41.7906 -4.39237 25.7049
    endloop
  endfacet
  facet normal -0.975561 0.154513 -0.156226
    outer loop
      vertex 41.2339 -8.76453 24.8571
      vertex 41.1026 -8.73662 25.7049
      vertex 41.9241 -4.40641 24.8571
    endloop
  endfacet
  facet normal -0.954122 0.151118 -0.258486
    outer loop
      vertex 41.7906 -4.39237 25.7049
      vertex 40.8853 -8.69043 26.5339
      vertex 41.5697 -4.36915 26.5339
    endloop
  endfacet
  facet normal -0.954121 0.151118 -0.258488
    outer loop
      vertex 41.1026 -8.73662 25.7049
      vertex 40.8853 -8.69043 26.5339
      vertex 41.7906 -4.39237 25.7049
    endloop
  endfacet
  facet normal -0.922248 0.14607 -0.357943
    outer loop
      vertex 41.5697 -4.36915 26.5339
      vertex 40.5844 -8.62648 27.3352
      vertex 41.2638 -4.337 27.3352
    endloop
  endfacet
  facet normal -0.922249 0.14607 -0.35794
    outer loop
      vertex 40.8853 -8.69043 26.5339
      vertex 40.5844 -8.62648 27.3352
      vertex 41.5697 -4.36915 26.5339
    endloop
  endfacet
  facet normal -0.880286 0.139424 -0.453494
    outer loop
      vertex 41.2638 -4.337 27.3352
      vertex 40.2032 -8.54546 28.1
      vertex 40.8763 -4.29627 28.1
    endloop
  endfacet
  facet normal -0.880285 0.139423 -0.453496
    outer loop
      vertex 40.5844 -8.62648 27.3352
      vertex 40.2032 -8.54546 28.1
      vertex 41.2638 -4.337 27.3352
    endloop
  endfacet
  facet normal -0.828682 0.13125 -0.544113
    outer loop
      vertex 40.8763 -4.29627 28.1
      vertex 39.746 -8.44827 28.8198
      vertex 40.4113 -4.2474 28.8198
    endloop
  endfacet
  facet normal -0.828683 0.131251 -0.544112
    outer loop
      vertex 40.2032 -8.54546 28.1
      vertex 39.746 -8.44827 28.8198
      vertex 40.8763 -4.29627 28.1
    endloop
  endfacet
  facet normal -0.767994 0.121638 -0.6288
    outer loop
      vertex 40.4113 -4.2474 28.8198
      vertex 39.2176 -8.33597 29.4869
      vertex 39.8741 -4.19094 29.4869
    endloop
  endfacet
  facet normal -0.767995 0.121638 -0.628799
    outer loop
      vertex 39.746 -8.44827 28.8198
      vertex 39.2176 -8.33597 29.4869
      vertex 40.4113 -4.2474 28.8198
    endloop
  endfacet
  facet normal -0.698881 0.110692 -0.706621
    outer loop
      vertex 39.8741 -4.19094 29.4869
      vertex 38.624 -8.20978 30.0938
      vertex 39.2706 -4.1275 30.0938
    endloop
  endfacet
  facet normal -0.698878 0.110691 -0.706623
    outer loop
      vertex 39.2176 -8.33597 29.4869
      vertex 38.624 -8.20978 30.0938
      vertex 39.8741 -4.19094 29.4869
    endloop
  endfacet
  facet normal -0.622085 0.0985284 -0.776726
    outer loop
      vertex 39.2706 -4.1275 30.0938
      vertex 37.9715 -8.0711 30.6339
      vertex 38.6072 -4.05778 30.6339
    endloop
  endfacet
  facet normal -0.622086 0.0985292 -0.776724
    outer loop
      vertex 38.624 -8.20978 30.0938
      vertex 37.9715 -8.0711 30.6339
      vertex 39.2706 -4.1275 30.0938
    endloop
  endfacet
  facet normal -0.538455 0.0852833 -0.838327
    outer loop
      vertex 38.6072 -4.05778 30.6339
      vertex 37.2674 -7.92144 31.1014
      vertex 37.8913 -3.98253 31.1014
    endloop
  endfacet
  facet normal -0.538453 0.0852825 -0.838329
    outer loop
      vertex 37.9715 -8.0711 30.6339
      vertex 37.2674 -7.92144 31.1014
      vertex 38.6072 -4.05778 30.6339
    endloop
  endfacet
  facet normal -0.448889 0.0710957 -0.890755
    outer loop
      vertex 37.8913 -3.98253 31.1014
      vertex 37.7119 -4.47679 31.1524
      vertex 37.7918 -3.97208 31.1524
    endloop
  endfacet
  facet normal -0.448896 0.0710984 -0.890751
    outer loop
      vertex 37.2674 -7.92144 31.1014
      vertex 37.7119 -4.47679 31.1524
      vertex 37.8913 -3.98253 31.1014
    endloop
  endfacet
  facet normal -0.448899 0.0710988 -0.89075
    outer loop
      vertex 37.2674 -7.92144 31.1014
      vertex 37.1696 -7.90064 31.1524
      vertex 37.7119 -4.47679 31.1524
    endloop
  endfacet
  facet normal -0.448876 0.0710951 0.890761
    outer loop
      vertex 37.2495 -7.39593 16.8476
      vertex 37.8913 -3.98253 16.8986
      vertex 37.7918 -3.97208 16.8476
    endloop
  endfacet
  facet normal -0.448879 0.0710958 0.89076
    outer loop
      vertex 37.8913 -3.98253 16.8986
      vertex 37.2495 -7.39593 16.8476
      vertex 37.2674 -7.92144 16.8986
    endloop
  endfacet
  facet normal -0.448886 0.0710953 0.890756
    outer loop
      vertex 37.1696 -7.90064 16.8476
      vertex 37.2674 -7.92144 16.8986
      vertex 37.2495 -7.39593 16.8476
    endloop
  endfacet
  facet normal -0.538455 0.0852828 0.838327
    outer loop
      vertex 38.6072 -4.05778 17.3661
      vertex 37.8913 -3.98253 16.8986
      vertex 37.9715 -8.0711 17.3661
    endloop
  endfacet
  facet normal -0.538453 0.085283 0.838329
    outer loop
      vertex 37.8913 -3.98253 16.8986
      vertex 37.2674 -7.92144 16.8986
      vertex 37.9715 -8.0711 17.3661
    endloop
  endfacet
  facet normal -0.622086 0.0985291 0.776725
    outer loop
      vertex 39.2706 -4.1275 17.9062
      vertex 38.6072 -4.05778 17.3661
      vertex 38.624 -8.20978 17.9062
    endloop
  endfacet
  facet normal -0.622088 0.0985289 0.776723
    outer loop
      vertex 38.6072 -4.05778 17.3661
      vertex 37.9715 -8.0711 17.3661
      vertex 38.624 -8.20978 17.9062
    endloop
  endfacet
  facet normal -0.69888 0.110691 0.706622
    outer loop
      vertex 39.2706 -4.1275 17.9062
      vertex 39.2176 -8.33597 18.5131
      vertex 39.8741 -4.19094 18.5131
    endloop
  endfacet
  facet normal -0.698877 0.110692 0.706624
    outer loop
      vertex 39.2706 -4.1275 17.9062
      vertex 38.624 -8.20978 17.9062
      vertex 39.2176 -8.33597 18.5131
    endloop
  endfacet
  facet normal -0.767995 0.121638 0.628799
    outer loop
      vertex 39.8741 -4.19094 18.5131
      vertex 39.746 -8.44827 19.1802
      vertex 40.4113 -4.2474 19.1802
    endloop
  endfacet
  facet normal -0.767996 0.121638 0.628798
    outer loop
      vertex 39.8741 -4.19094 18.5131
      vertex 39.2176 -8.33597 18.5131
      vertex 39.746 -8.44827 19.1802
    endloop
  endfacet
  facet normal -0.828682 0.131251 0.544114
    outer loop
      vertex 40.4113 -4.2474 19.1802
      vertex 40.2032 -8.54546 19.9
      vertex 40.8763 -4.29627 19.9
    endloop
  endfacet
  facet normal -0.828683 0.13125 0.544113
    outer loop
      vertex 40.4113 -4.2474 19.1802
      vertex 39.746 -8.44827 19.1802
      vertex 40.2032 -8.54546 19.9
    endloop
  endfacet
  facet normal -0.880286 0.139423 0.453494
    outer loop
      vertex 40.8763 -4.29627 19.9
      vertex 40.5844 -8.62648 20.6648
      vertex 41.2638 -4.337 20.6648
    endloop
  endfacet
  facet normal -0.880285 0.139424 0.453496
    outer loop
      vertex 40.8763 -4.29627 19.9
      vertex 40.2032 -8.54546 19.9
      vertex 40.5844 -8.62648 20.6648
    endloop
  endfacet
  facet normal -0.922248 0.14607 0.357942
    outer loop
      vertex 41.2638 -4.337 20.6648
      vertex 40.8853 -8.69043 21.4661
      vertex 41.5697 -4.36915 21.4661
    endloop
  endfacet
  facet normal -0.922249 0.14607 0.357939
    outer loop
      vertex 41.2638 -4.337 20.6648
      vertex 40.5844 -8.62648 20.6648
      vertex 40.8853 -8.69043 21.4661
    endloop
  endfacet
  facet normal -0.954122 0.151118 0.258486
    outer loop
      vertex 41.5697 -4.36915 21.4661
      vertex 41.1026 -8.73662 22.2951
      vertex 41.7906 -4.39237 22.2951
    endloop
  endfacet
  facet normal -0.954121 0.151118 0.258488
    outer loop
      vertex 41.5697 -4.36915 21.4661
      vertex 40.8853 -8.69043 21.4661
      vertex 41.1026 -8.73662 22.2951
    endloop
  endfacet
  facet normal -0.975561 0.154513 0.156225
    outer loop
      vertex 41.7906 -4.39237 22.2951
      vertex 41.2339 -8.76453 23.1429
      vertex 41.9241 -4.40641 23.1429
    endloop
  endfacet
  facet normal -0.975561 0.154514 0.156227
    outer loop
      vertex 41.7906 -4.39237 22.2951
      vertex 41.1026 -8.73662 22.2951
      vertex 41.2339 -8.76453 23.1429
    endloop
  endfacet
  facet normal -0.986339 0.15622 0.0522638
    outer loop
      vertex 41.9241 -4.40641 23.1429
      vertex 41.2778 -8.77387 24
      vertex 41.9688 -4.4111 24
    endloop
  endfacet
  facet normal -0.986339 0.15622 0.0522632
    outer loop
      vertex 41.9241 -4.40641 23.1429
      vertex 41.2339 -8.76453 23.1429
      vertex 41.2778 -8.77387 24
    endloop
  endfacet
  facet normal -0.964605 0.258469 -0.0522634
    outer loop
      vertex 41.1462 -9.24589 24.0951
      vertex 41.2339 -8.76453 24.8571
      vertex 41.2778 -8.77387 24
    endloop
  endfacet
  facet normal -0.964606 0.258464 -0.0522603
    outer loop
      vertex 41.2339 -8.76453 24.8571
      vertex 41.1462 -9.24589 24.0951
      vertex 41.1071 -9.23759 24.8571
    endloop
  endfacet
  facet normal -0.964605 0.258464 -0.0522863
    outer loop
      vertex 41.1511 -9.24693 24
      vertex 41.1462 -9.24589 24.0951
      vertex 41.2778 -8.77387 24
    endloop
  endfacet
  facet normal -0.954065 0.255642 -0.156226
    outer loop
      vertex 41.0925 -9.23448 24.9515
      vertex 41.1026 -8.73662 25.7049
      vertex 41.2339 -8.76453 24.8571
    endloop
  endfacet
  facet normal -0.954066 0.25564 -0.156224
    outer loop
      vertex 41.1026 -8.73662 25.7049
      vertex 41.0925 -9.23448 24.9515
      vertex 40.9758 -9.20967 25.7049
    endloop
  endfacet
  facet normal -0.954064 0.255639 -0.15624
    outer loop
      vertex 41.1071 -9.23759 24.8571
      vertex 41.0925 -9.23448 24.9515
      vertex 41.2339 -8.76453 24.8571
    endloop
  endfacet
  facet normal -0.933099 0.250021 -0.258488
    outer loop
      vertex 40.9515 -9.2045 25.7977
      vertex 40.8853 -8.69043 26.5339
      vertex 41.1026 -8.73662 25.7049
    endloop
  endfacet
  facet normal -0.933098 0.250022 -0.258489
    outer loop
      vertex 40.8853 -8.69043 26.5339
      vertex 40.9515 -9.2045 25.7977
      vertex 40.7585 -9.16349 26.5339
    endloop
  endfacet
  facet normal -0.9331 0.250022 -0.258485
    outer loop
      vertex 40.9758 -9.20967 25.7049
      vertex 40.9515 -9.2045 25.7977
      vertex 41.1026 -8.73662 25.7049
    endloop
  endfacet
  facet normal -0.901928 0.241669 -0.35794
    outer loop
      vertex 40.7246 -9.15628 26.6243
      vertex 40.5844 -8.62648 27.3352
      vertex 40.8853 -8.69043 26.5339
    endloop
  endfacet
  facet normal -0.901928 0.24167 -0.35794
    outer loop
      vertex 40.5844 -8.62648 27.3352
      vertex 40.7246 -9.15628 26.6243
      vertex 40.4576 -9.09954 27.3352
    endloop
  endfacet
  facet normal -0.901929 0.24167 -0.357937
    outer loop
      vertex 40.7585 -9.16349 26.5339
      vertex 40.7246 -9.15628 26.6243
      vertex 40.8853 -8.69043 26.5339
    endloop
  endfacet
  facet normal -0.860889 0.230673 -0.453497
    outer loop
      vertex 40.5844 -8.62648 27.3352
      vertex 40.0765 -9.01852 28.1
      vertex 40.2032 -8.54546 28.1
    endloop
  endfacet
  facet normal -0.860889 0.230671 -0.453498
    outer loop
      vertex 40.0765 -9.01852 28.1
      vertex 40.5844 -8.62648 27.3352
      vertex 40.4142 -9.09031 27.4223
    endloop
  endfacet
  facet normal -0.860893 0.230674 -0.453489
    outer loop
      vertex 40.4576 -9.09954 27.3352
      vertex 40.4142 -9.09031 27.4223
      vertex 40.5844 -8.62648 27.3352
    endloop
  endfacet
  facet normal -0.810424 0.217152 -0.544112
    outer loop
      vertex 40.2032 -8.54546 28.1
      vertex 39.6192 -8.92133 28.8198
      vertex 39.746 -8.44827 28.8198
    endloop
  endfacet
  facet normal -0.810424 0.21715 -0.544113
    outer loop
      vertex 39.6192 -8.92133 28.8198
      vertex 40.2032 -8.54546 28.1
      vertex 40.0238 -9.00733 28.1829
    endloop
  endfacet
  facet normal -0.810428 0.217152 -0.544106
    outer loop
      vertex 40.0765 -9.01852 28.1
      vertex 40.0238 -9.00733 28.1829
      vertex 40.2032 -8.54546 28.1
    endloop
  endfacet
  facet normal -0.751072 0.201254 -0.628799
    outer loop
      vertex 39.746 -8.44827 28.8198
      vertex 39.0909 -8.80902 29.4869
      vertex 39.2176 -8.33597 29.4869
    endloop
  endfacet
  facet normal -0.751071 0.201248 -0.628802
    outer loop
      vertex 39.0909 -8.80902 29.4869
      vertex 39.746 -8.44827 28.8198
      vertex 39.5576 -8.90822 28.8977
    endloop
  endfacet
  facet normal -0.751072 0.201249 -0.6288
    outer loop
      vertex 39.6192 -8.92133 28.8198
      vertex 39.5576 -8.90822 28.8977
      vertex 39.746 -8.44827 28.8198
    endloop
  endfacet
  facet normal -0.683478 0.183142 -0.706623
    outer loop
      vertex 39.0205 -8.79407 29.5588
      vertex 38.624 -8.20978 30.0938
      vertex 39.2176 -8.33597 29.4869
    endloop
  endfacet
  facet normal -0.683482 0.183137 -0.706621
    outer loop
      vertex 38.624 -8.20978 30.0938
      vertex 39.0205 -8.79407 29.5588
      vertex 38.4972 -8.68284 30.0938
    endloop
  endfacet
  facet normal -0.683481 0.183143 -0.706621
    outer loop
      vertex 39.0909 -8.80902 29.4869
      vertex 39.0205 -8.79407 29.5588
      vertex 39.2176 -8.33597 29.4869
    endloop
  endfacet
  facet normal -0.60838 0.163013 -0.776724
    outer loop
      vertex 38.4186 -8.66612 30.1589
      vertex 37.9715 -8.0711 30.6339
      vertex 38.624 -8.20978 30.0938
    endloop
  endfacet
  facet normal -0.608379 0.163014 -0.776725
    outer loop
      vertex 37.9715 -8.0711 30.6339
      vertex 38.4186 -8.66612 30.1589
      vertex 37.8448 -8.54416 30.6339
    endloop
  endfacet
  facet normal -0.608383 0.163015 -0.776722
    outer loop
      vertex 38.4972 -8.68284 30.0938
      vertex 38.4186 -8.66612 30.1589
      vertex 38.624 -8.20978 30.0938
    endloop
  endfacet
  facet normal -0.526589 0.141099 -0.838329
    outer loop
      vertex 37.7583 -8.52578 30.6913
      vertex 37.2674 -7.92144 31.1014
      vertex 37.9715 -8.0711 30.6339
    endloop
  endfacet
  facet normal -0.526589 0.141099 -0.838329
    outer loop
      vertex 37.2674 -7.92144 31.1014
      vertex 37.7583 -8.52578 30.6913
      vertex 37.1407 -8.39449 31.1014
    endloop
  endfacet
  facet normal -0.526589 0.141099 -0.838329
    outer loop
      vertex 37.8448 -8.54416 30.6339
      vertex 37.7583 -8.52578 30.6913
      vertex 37.9715 -8.0711 30.6339
    endloop
  endfacet
  facet normal -0.439007 0.117636 -0.890749
    outer loop
      vertex 37.0469 -8.37457 31.1502
      vertex 37.1696 -7.90064 31.1524
      vertex 37.2674 -7.92144 31.1014
    endloop
  endfacet
  facet normal -0.439431 0.117745 -0.890526
    outer loop
      vertex 37.1696 -7.90064 31.1524
      vertex 37.0469 -8.37457 31.1502
      vertex 37.0429 -8.3737 31.1524
    endloop
  endfacet
  facet normal -0.43899 0.117627 -0.890759
    outer loop
      vertex 37.1407 -8.39449 31.1014
      vertex 37.0469 -8.37457 31.1502
      vertex 37.2674 -7.92144 31.1014
    endloop
  endfacet
  facet normal -0.438995 0.117628 0.890756
    outer loop
      vertex 37.1696 -7.90064 16.8476
      vertex 37.1407 -8.39449 16.8986
      vertex 37.2674 -7.92144 16.8986
    endloop
  endfacet
  facet normal -0.438995 0.117628 0.890756
    outer loop
      vertex 37.1407 -8.39449 16.8986
      vertex 37.1696 -7.90064 16.8476
      vertex 37.0429 -8.3737 16.8476
    endloop
  endfacet
  facet normal -0.52659 0.141098 0.838329
    outer loop
      vertex 37.2255 -8.41253 16.9549
      vertex 37.9715 -8.0711 17.3661
      vertex 37.2674 -7.92144 16.8986
    endloop
  endfacet
  facet normal -0.52659 0.141099 0.838328
    outer loop
      vertex 37.9715 -8.0711 17.3661
      vertex 37.2255 -8.41253 16.9549
      vertex 37.8448 -8.54416 17.3661
    endloop
  endfacet
  facet normal -0.526585 0.141098 0.838331
    outer loop
      vertex 37.2674 -7.92144 16.8986
      vertex 37.1407 -8.39449 16.8986
      vertex 37.2255 -8.41253 16.9549
    endloop
  endfacet
  facet normal -0.608382 0.163011 0.776723
    outer loop
      vertex 37.9221 -8.56059 17.4301
      vertex 38.624 -8.20978 17.9062
      vertex 37.9715 -8.0711 17.3661
    endloop
  endfacet
  facet normal -0.608382 0.163015 0.776722
    outer loop
      vertex 38.624 -8.20978 17.9062
      vertex 37.9221 -8.56059 17.4301
      vertex 38.4972 -8.68284 17.9062
    endloop
  endfacet
  facet normal -0.608369 0.163011 0.776733
    outer loop
      vertex 37.9715 -8.0711 17.3661
      vertex 37.8448 -8.54416 17.3661
      vertex 37.9221 -8.56059 17.4301
    endloop
  endfacet
  facet normal -0.683479 0.183136 0.706624
    outer loop
      vertex 38.5665 -8.69756 17.977
      vertex 39.2176 -8.33597 18.5131
      vertex 38.624 -8.20978 17.9062
    endloop
  endfacet
  facet normal -0.68348 0.183143 0.706622
    outer loop
      vertex 39.2176 -8.33597 18.5131
      vertex 38.5665 -8.69756 17.977
      vertex 39.0909 -8.80902 18.5131
    endloop
  endfacet
  facet normal -0.683478 0.183136 0.706625
    outer loop
      vertex 38.624 -8.20978 17.9062
      vertex 38.4972 -8.68284 17.9062
      vertex 38.5665 -8.69756 17.977
    endloop
  endfacet
  facet normal -0.751073 0.20125 0.628798
    outer loop
      vertex 39.1517 -8.82196 18.5899
      vertex 39.746 -8.44827 19.1802
      vertex 39.2176 -8.33597 18.5131
    endloop
  endfacet
  facet normal -0.751073 0.201249 0.628799
    outer loop
      vertex 39.746 -8.44827 19.1802
      vertex 39.1517 -8.82196 18.5899
      vertex 39.6192 -8.92133 19.1802
    endloop
  endfacet
  facet normal -0.751059 0.201251 0.628815
    outer loop
      vertex 39.2176 -8.33597 18.5131
      vertex 39.0909 -8.80902 18.5131
      vertex 39.1517 -8.82196 18.5899
    endloop
  endfacet
  facet normal -0.810424 0.217152 0.544113
    outer loop
      vertex 39.6713 -8.93239 19.2621
      vertex 40.2032 -8.54546 19.9
      vertex 39.746 -8.44827 19.1802
    endloop
  endfacet
  facet normal -0.810424 0.217151 0.544113
    outer loop
      vertex 40.2032 -8.54546 19.9
      vertex 39.6713 -8.93239 19.2621
      vertex 40.0765 -9.01852 19.9
    endloop
  endfacet
  facet normal -0.810424 0.217152 0.544113
    outer loop
      vertex 39.746 -8.44827 19.1802
      vertex 39.6192 -8.92133 19.1802
      vertex 39.6713 -8.93239 19.2621
    endloop
  endfacet
  facet normal -0.860889 0.230676 0.453496
    outer loop
      vertex 40.1195 -9.02766 19.9862
      vertex 40.5844 -8.62648 20.6648
      vertex 40.2032 -8.54546 19.9
    endloop
  endfacet
  facet normal -0.860889 0.230673 0.453498
    outer loop
      vertex 40.5844 -8.62648 20.6648
      vertex 40.1195 -9.02766 19.9862
      vertex 40.4576 -9.09954 20.6648
    endloop
  endfacet
  facet normal -0.860895 0.230675 0.453485
    outer loop
      vertex 40.2032 -8.54546 19.9
      vertex 40.0765 -9.01852 19.9
      vertex 40.1195 -9.02766 19.9862
    endloop
  endfacet
  facet normal -0.901927 0.241675 0.357939
    outer loop
      vertex 40.4913 -9.10669 20.7545
      vertex 40.8853 -8.69043 21.4661
      vertex 40.5844 -8.62648 20.6648
    endloop
  endfacet
  facet normal -0.901927 0.24167 0.357943
    outer loop
      vertex 40.8853 -8.69043 21.4661
      vertex 40.4913 -9.10669 20.7545
      vertex 40.7585 -9.16349 21.4661
    endloop
  endfacet
  facet normal -0.901938 0.241672 0.357914
    outer loop
      vertex 40.5844 -8.62648 20.6648
      vertex 40.4576 -9.09954 20.6648
      vertex 40.4913 -9.10669 20.7545
    endloop
  endfacet
  facet normal -0.933097 0.250026 0.258488
    outer loop
      vertex 40.7827 -9.16863 21.5584
      vertex 41.1026 -8.73662 22.2951
      vertex 40.8853 -8.69043 21.4661
    endloop
  endfacet
  facet normal -0.933098 0.250021 0.258491
    outer loop
      vertex 41.1026 -8.73662 22.2951
      vertex 40.7827 -9.16863 21.5584
      vertex 40.9758 -9.20967 22.2951
    endloop
  endfacet
  facet normal -0.933103 0.250023 0.25847
    outer loop
      vertex 40.8853 -8.69043 21.4661
      vertex 40.7585 -9.16349 21.4661
      vertex 40.7827 -9.16863 21.5584
    endloop
  endfacet
  facet normal -0.954065 0.255642 0.156227
    outer loop
      vertex 40.9904 -9.21277 22.3892
      vertex 41.2339 -8.76453 23.1429
      vertex 41.1026 -8.73662 22.2951
    endloop
  endfacet
  facet normal -0.954066 0.25564 0.156228
    outer loop
      vertex 41.2339 -8.76453 23.1429
      vertex 40.9904 -9.21277 22.3892
      vertex 41.1071 -9.23759 23.1429
    endloop
  endfacet
  facet normal -0.954067 0.25564 0.156216
    outer loop
      vertex 41.1026 -8.73662 22.2951
      vertex 40.9758 -9.20967 22.2951
      vertex 40.9904 -9.21277 22.3892
    endloop
  endfacet
  facet normal -0.964606 0.258464 0.0522633
    outer loop
      vertex 41.112 -9.23863 23.2379
      vertex 41.2778 -8.77387 24
      vertex 41.2339 -8.76453 23.1429
    endloop
  endfacet
  facet normal -0.964606 0.258465 0.0522632
    outer loop
      vertex 41.2778 -8.77387 24
      vertex 41.112 -9.23863 23.2379
      vertex 41.1511 -9.24693 24
    endloop
  endfacet
  facet normal -0.964606 0.258464 0.0522619
    outer loop
      vertex 41.2339 -8.76453 23.1429
      vertex 41.1071 -9.23759 23.1429
      vertex 41.112 -9.23863 23.2379
    endloop
  endfacet
  facet normal -0.998629 0.0523382 0
    outer loop
      vertex 37.9733 -0.510301 47.1524
      vertex 38 0 48.8476
      vertex 38 0 47.1524
    endloop
  endfacet
  facet normal -0.99863 0.0523357 7.45032e-007
    outer loop
      vertex 37.9733 -0.510301 47.1524
      vertex 37.8186 -3.46178 48.8476
      vertex 38 0 48.8476
    endloop
  endfacet
  facet normal -0.99863 0.0523357 6.91691e-007
    outer loop
      vertex 37.7918 -3.97208 47.1524
      vertex 37.8186 -3.46178 48.8476
      vertex 37.9733 -0.510301 47.1524
    endloop
  endfacet
  facet normal -0.998629 0.0523379 0
    outer loop
      vertex 37.8186 -3.46178 48.8476
      vertex 37.7918 -3.97208 47.1524
      vertex 37.7918 -3.97208 48.8476
    endloop
  endfacet
  facet normal -0.987689 -0.156432 0
    outer loop
      vertex 37.2495 7.39593 47.1524
      vertex 37.1696 7.90064 48.8476
      vertex 37.1696 7.90064 47.1524
    endloop
  endfacet
  facet normal -0.987688 -0.156435 9.44537e-007
    outer loop
      vertex 37.2495 7.39593 47.1524
      vertex 37.7119 4.47679 48.8476
      vertex 37.1696 7.90064 48.8476
    endloop
  endfacet
  facet normal -0.987688 -0.156435 1.03832e-006
    outer loop
      vertex 37.7918 3.97208 47.1524
      vertex 37.7119 4.47679 48.8476
      vertex 37.2495 7.39593 47.1524
    endloop
  endfacet
  facet normal -0.987689 -0.156431 0
    outer loop
      vertex 37.7918 3.97208 47.1524
      vertex 37.7918 3.97208 48.8476
      vertex 37.7119 4.47679 48.8476
    endloop
  endfacet
  facet normal -0.966337 -0.257281 0
    outer loop
      vertex 37.0372 8.39484 47.1524
      vertex 37.0373 8.39424 48.8476
      vertex 37.0372 8.39484 48.8476
    endloop
  endfacet
  facet normal -0.965925 -0.258821 -5.85214e-007
    outer loop
      vertex 37.1696 7.90064 47.1524
      vertex 37.0373 8.39424 48.8476
      vertex 37.0372 8.39484 47.1524
    endloop
  endfacet
  facet normal -0.965925 -0.258822 0
    outer loop
      vertex 37.1696 7.90064 47.1524
      vertex 37.1696 7.90064 48.8476
      vertex 37.0373 8.39424 48.8476
    endloop
  endfacet
  facet normal -0.998629 -0.0523379 0
    outer loop
      vertex 37.8186 3.46178 47.1524
      vertex 37.7918 3.97208 48.8476
      vertex 37.7918 3.97208 47.1524
    endloop
  endfacet
  facet normal -0.99863 -0.0523357 -6.91691e-007
    outer loop
      vertex 37.8186 3.46178 47.1524
      vertex 37.9733 0.510301 48.8476
      vertex 37.7918 3.97208 48.8476
    endloop
  endfacet
  facet normal -0.99863 -0.0523357 -7.45032e-007
    outer loop
      vertex 38 0 47.1524
      vertex 37.9733 0.510301 48.8476
      vertex 37.8186 3.46178 47.1524
    endloop
  endfacet
  facet normal -0.998629 -0.0523382 0
    outer loop
      vertex 37.9733 0.510301 48.8476
      vertex 38 0 47.1524
      vertex 38 0 48.8476
    endloop
  endfacet
  facet normal -0.987689 0.156431 0
    outer loop
      vertex 37.7119 -4.47679 47.1524
      vertex 37.7918 -3.97208 48.8476
      vertex 37.7918 -3.97208 47.1524
    endloop
  endfacet
  facet normal -0.987688 0.156435 -1.03832e-006
    outer loop
      vertex 37.7119 -4.47679 47.1524
      vertex 37.2495 -7.39593 48.8476
      vertex 37.7918 -3.97208 48.8476
    endloop
  endfacet
  facet normal -0.987688 0.156435 -9.44537e-007
    outer loop
      vertex 37.1696 -7.90064 47.1524
      vertex 37.2495 -7.39593 48.8476
      vertex 37.7119 -4.47679 47.1524
    endloop
  endfacet
  facet normal -0.987689 0.156432 0
    outer loop
      vertex 37.2495 -7.39593 48.8476
      vertex 37.1696 -7.90064 47.1524
      vertex 37.1696 -7.90064 48.8476
    endloop
  endfacet
  facet normal -0.965926 0.258818 0
    outer loop
      vertex 37.0429 -8.3737 47.1524
      vertex 37.1696 -7.90064 48.8476
      vertex 37.1696 -7.90064 47.1524
    endloop
  endfacet
  facet normal -0.965926 0.258818 0
    outer loop
      vertex 37.1696 -7.90064 48.8476
      vertex 37.0429 -8.3737 47.1524
      vertex 37.0429 -8.3737 48.8476
    endloop
  endfacet
  facet normal -0.964605 -0.258467 -0.0522622
    outer loop
      vertex 41.2339 8.76453 40.8571
      vertex 41.1015 9.25873 40.8571
      vertex 41.1066 9.25981 40.7579
    endloop
  endfacet
  facet normal -0.964605 -0.258467 -0.0522636
    outer loop
      vertex 41.2778 8.77387 40
      vertex 41.1066 9.25981 40.7579
      vertex 41.1454 9.26807 40
    endloop
  endfacet
  facet normal -0.964605 -0.258467 -0.0522635
    outer loop
      vertex 41.1066 9.25981 40.7579
      vertex 41.2778 8.77387 40
      vertex 41.2339 8.76453 40.8571
    endloop
  endfacet
  facet normal -0.954066 -0.255642 -0.156223
    outer loop
      vertex 41.1026 8.73662 41.7049
      vertex 40.9701 9.23081 41.7049
      vertex 40.9854 9.23405 41.6066
    endloop
  endfacet
  facet normal -0.954065 -0.255642 -0.156227
    outer loop
      vertex 41.2339 8.76453 40.8571
      vertex 40.9854 9.23405 41.6066
      vertex 41.1015 9.25873 40.8571
    endloop
  endfacet
  facet normal -0.954065 -0.255643 -0.156226
    outer loop
      vertex 40.9854 9.23405 41.6066
      vertex 41.2339 8.76453 40.8571
      vertex 41.1026 8.73662 41.7049
    endloop
  endfacet
  facet normal -0.933098 -0.250024 -0.258487
    outer loop
      vertex 40.8853 8.69043 42.5339
      vertex 40.7528 9.18462 42.5339
      vertex 40.7781 9.19 42.4375
    endloop
  endfacet
  facet normal -0.933098 -0.250024 -0.258488
    outer loop
      vertex 41.1026 8.73662 41.7049
      vertex 40.7781 9.19 42.4375
      vertex 40.9701 9.23081 41.7049
    endloop
  endfacet
  facet normal -0.933098 -0.250024 -0.258488
    outer loop
      vertex 40.7781 9.19 42.4375
      vertex 41.1026 8.73662 41.7049
      vertex 40.8853 8.69043 42.5339
    endloop
  endfacet
  facet normal -0.90193 -0.241673 -0.357934
    outer loop
      vertex 40.5844 8.62648 43.3352
      vertex 40.452 9.12067 43.3352
      vertex 40.4872 9.12815 43.2415
    endloop
  endfacet
  facet normal -0.901927 -0.241672 -0.357941
    outer loop
      vertex 40.8853 8.69043 42.5339
      vertex 40.4872 9.12815 43.2415
      vertex 40.7528 9.18462 42.5339
    endloop
  endfacet
  facet normal -0.901927 -0.241673 -0.35794
    outer loop
      vertex 40.4872 9.12815 43.2415
      vertex 40.8853 8.69043 42.5339
      vertex 40.5844 8.62648 43.3352
    endloop
  endfacet
  facet normal -0.860881 -0.230674 -0.453512
    outer loop
      vertex 40.2032 8.54546 44.1
      vertex 40.0708 9.03966 44.1
      vertex 40.1157 9.0492 44.0099
    endloop
  endfacet
  facet normal -0.86089 -0.230676 -0.453494
    outer loop
      vertex 40.5844 8.62648 43.3352
      vertex 40.1157 9.0492 44.0099
      vertex 40.452 9.12067 43.3352
    endloop
  endfacet
  facet normal -0.86089 -0.230672 -0.453497
    outer loop
      vertex 40.1157 9.0492 44.0099
      vertex 40.5844 8.62648 43.3352
      vertex 40.2032 8.54546 44.1
    endloop
  endfacet
  facet normal -0.810421 -0.217153 -0.544117
    outer loop
      vertex 39.746 8.44827 44.8198
      vertex 39.6136 8.94246 44.8198
      vertex 39.6679 8.95402 44.7342
    endloop
  endfacet
  facet normal -0.810424 -0.217154 -0.544111
    outer loop
      vertex 40.2032 8.54546 44.1
      vertex 39.6679 8.95402 44.7342
      vertex 40.0708 9.03966 44.1
    endloop
  endfacet
  facet normal -0.810424 -0.217152 -0.544112
    outer loop
      vertex 39.6679 8.95402 44.7342
      vertex 40.2032 8.54546 44.1
      vertex 39.746 8.44827 44.8198
    endloop
  endfacet
  facet normal -0.751086 -0.201254 -0.628781
    outer loop
      vertex 39.2176 8.33597 45.4869
      vertex 39.0852 8.83016 45.4869
      vertex 39.1488 8.84367 45.4066
    endloop
  endfacet
  facet normal -0.751071 -0.20125 -0.628802
    outer loop
      vertex 39.746 8.44827 44.8198
      vertex 39.1488 8.84367 45.4066
      vertex 39.6136 8.94246 44.8198
    endloop
  endfacet
  facet normal -0.751071 -0.201255 -0.628799
    outer loop
      vertex 39.1488 8.84367 45.4066
      vertex 39.746 8.44827 44.8198
      vertex 39.2176 8.33597 45.4869
    endloop
  endfacet
  facet normal -0.683484 -0.183135 -0.70662
    outer loop
      vertex 38.624 8.20978 46.0938
      vertex 38.4916 8.70398 46.0938
      vertex 38.5639 8.71936 46.0198
    endloop
  endfacet
  facet normal -0.68348 -0.183135 -0.706623
    outer loop
      vertex 38.5639 8.71936 46.0198
      vertex 39.2176 8.33597 45.4869
      vertex 38.624 8.20978 46.0938
    endloop
  endfacet
  facet normal -0.683481 -0.183139 -0.706621
    outer loop
      vertex 39.2176 8.33597 45.4869
      vertex 38.5639 8.71936 46.0198
      vertex 39.0852 8.83016 45.4869
    endloop
  endfacet
  facet normal -0.608364 -0.163011 -0.776737
    outer loop
      vertex 37.9715 8.0711 46.6339
      vertex 37.8391 8.56529 46.6339
      vertex 37.9199 8.58246 46.5671
    endloop
  endfacet
  facet normal -0.60838 -0.163011 -0.776724
    outer loop
      vertex 37.9199 8.58246 46.5671
      vertex 38.624 8.20978 46.0938
      vertex 37.9715 8.0711 46.6339
    endloop
  endfacet
  facet normal -0.60838 -0.163011 -0.776724
    outer loop
      vertex 38.624 8.20978 46.0938
      vertex 37.9199 8.58246 46.5671
      vertex 38.4916 8.70398 46.0938
    endloop
  endfacet
  facet normal -0.526588 -0.1411 -0.838329
    outer loop
      vertex 37.2674 7.92144 47.1014
      vertex 37.135 8.41563 47.1014
      vertex 37.2237 8.43447 47.0425
    endloop
  endfacet
  facet normal -0.526591 -0.1411 -0.838328
    outer loop
      vertex 37.2237 8.43447 47.0425
      vertex 37.9715 8.0711 46.6339
      vertex 37.2674 7.92144 47.1014
    endloop
  endfacet
  facet normal -0.526591 -0.1411 -0.838327
    outer loop
      vertex 37.9715 8.0711 46.6339
      vertex 37.2237 8.43447 47.0425
      vertex 37.8391 8.56529 46.6339
    endloop
  endfacet
  facet normal -0.438982 -0.117625 -0.890763
    outer loop
      vertex 37.1696 7.90064 47.1524
      vertex 37.135 8.41563 47.1014
      vertex 37.2674 7.92144 47.1014
    endloop
  endfacet
  facet normal -0.438981 -0.117625 -0.890764
    outer loop
      vertex 37.135 8.41563 47.1014
      vertex 37.1696 7.90064 47.1524
      vertex 37.0372 8.39484 47.1524
    endloop
  endfacet
  facet normal -0.439004 -0.117631 0.890752
    outer loop
      vertex 37.135 8.41563 32.8986
      vertex 37.0373 8.39424 32.8476
      vertex 37.2674 7.92144 32.8986
    endloop
  endfacet
  facet normal -0.439166 -0.116925 0.890765
    outer loop
      vertex 37.0373 8.39424 32.8476
      vertex 37.135 8.41563 32.8986
      vertex 37.0372 8.39484 32.8476
    endloop
  endfacet
  facet normal -0.439008 -0.117633 0.89075
    outer loop
      vertex 37.2674 7.92144 32.8986
      vertex 37.0373 8.39424 32.8476
      vertex 37.1696 7.90064 32.8476
    endloop
  endfacet
  facet normal -0.52659 -0.1411 0.838328
    outer loop
      vertex 37.8391 8.56529 33.3661
      vertex 37.7488 8.54609 33.3061
      vertex 37.9715 8.0711 33.3661
    endloop
  endfacet
  facet normal -0.526588 -0.141099 0.83833
    outer loop
      vertex 37.7488 8.54609 33.3061
      vertex 37.2674 7.92144 32.8986
      vertex 37.9715 8.0711 33.3661
    endloop
  endfacet
  facet normal -0.526587 -0.141099 0.83833
    outer loop
      vertex 37.2674 7.92144 32.8986
      vertex 37.7488 8.54609 33.3061
      vertex 37.135 8.41563 32.8986
    endloop
  endfacet
  facet normal -0.608379 -0.163011 0.776725
    outer loop
      vertex 38.4916 8.70398 33.9062
      vertex 38.4094 8.68651 33.8382
      vertex 38.624 8.20978 33.9062
    endloop
  endfacet
  facet normal -0.608383 -0.163013 0.776722
    outer loop
      vertex 38.4094 8.68651 33.8382
      vertex 37.9715 8.0711 33.3661
      vertex 38.624 8.20978 33.9062
    endloop
  endfacet
  facet normal -0.60838 -0.163016 0.776723
    outer loop
      vertex 37.9715 8.0711 33.3661
      vertex 38.4094 8.68651 33.8382
      vertex 37.8391 8.56529 33.3661
    endloop
  endfacet
  facet normal -0.683491 -0.183142 0.706611
    outer loop
      vertex 39.0852 8.83016 34.5131
      vertex 39.0117 8.81454 34.438
      vertex 39.2176 8.33597 34.5131
    endloop
  endfacet
  facet normal -0.68348 -0.183135 0.706623
    outer loop
      vertex 39.0117 8.81454 34.438
      vertex 38.624 8.20978 33.9062
      vertex 39.2176 8.33597 34.5131
    endloop
  endfacet
  facet normal -0.683481 -0.183134 0.706623
    outer loop
      vertex 38.624 8.20978 33.9062
      vertex 39.0117 8.81454 34.438
      vertex 38.4916 8.70398 33.9062
    endloop
  endfacet
  facet normal -0.751072 -0.20125 0.6288
    outer loop
      vertex 39.6136 8.94246 35.1802
      vertex 39.5492 8.92877 35.0988
      vertex 39.746 8.44827 35.1802
    endloop
  endfacet
  facet normal -0.751073 -0.201251 0.628799
    outer loop
      vertex 39.0852 8.83016 34.5131
      vertex 39.746 8.44827 35.1802
      vertex 39.5492 8.92877 35.0988
    endloop
  endfacet
  facet normal -0.751073 -0.20125 0.628799
    outer loop
      vertex 39.746 8.44827 35.1802
      vertex 39.0852 8.83016 34.5131
      vertex 39.2176 8.33597 34.5131
    endloop
  endfacet
  facet normal -0.81043 -0.217155 0.544102
    outer loop
      vertex 40.0708 9.03966 35.9
      vertex 40.0158 9.02797 35.8134
      vertex 40.2032 8.54546 35.9
    endloop
  endfacet
  facet normal -0.810424 -0.217151 0.544113
    outer loop
      vertex 39.6136 8.94246 35.1802
      vertex 40.2032 8.54546 35.9
      vertex 40.0158 9.02797 35.8134
    endloop
  endfacet
  facet normal -0.810424 -0.217154 0.544112
    outer loop
      vertex 40.2032 8.54546 35.9
      vertex 39.6136 8.94246 35.1802
      vertex 39.746 8.44827 35.1802
    endloop
  endfacet
  facet normal -0.860891 -0.230676 0.453491
    outer loop
      vertex 40.452 9.12067 36.6648
      vertex 40.4066 9.11104 36.5738
      vertex 40.5844 8.62648 36.6648
    endloop
  endfacet
  facet normal -0.860888 -0.230674 0.453499
    outer loop
      vertex 40.0708 9.03966 35.9
      vertex 40.5844 8.62648 36.6648
      vertex 40.4066 9.11104 36.5738
    endloop
  endfacet
  facet normal -0.860888 -0.230675 0.453498
    outer loop
      vertex 40.5844 8.62648 36.6648
      vertex 40.0708 9.03966 35.9
      vertex 40.2032 8.54546 35.9
    endloop
  endfacet
  facet normal -0.901934 -0.241674 0.357923
    outer loop
      vertex 40.7528 9.18462 37.4661
      vertex 40.7174 9.17709 37.3717
      vertex 40.8853 8.69043 37.4661
    endloop
  endfacet
  facet normal -0.901927 -0.241672 0.357941
    outer loop
      vertex 40.5844 8.62648 36.6648
      vertex 40.7174 9.17709 37.3717
      vertex 40.452 9.12067 36.6648
    endloop
  endfacet
  facet normal -0.901929 -0.241669 0.357939
    outer loop
      vertex 40.7174 9.17709 37.3717
      vertex 40.5844 8.62648 36.6648
      vertex 40.8853 8.69043 37.4661
    endloop
  endfacet
  facet normal -0.933099 -0.250025 0.258483
    outer loop
      vertex 40.9701 9.23081 38.2951
      vertex 40.9447 9.22541 38.1982
      vertex 41.1026 8.73662 38.2951
    endloop
  endfacet
  facet normal -0.933098 -0.250024 0.258489
    outer loop
      vertex 40.8853 8.69043 37.4661
      vertex 40.9447 9.22541 38.1982
      vertex 40.7528 9.18462 37.4661
    endloop
  endfacet
  facet normal -0.933098 -0.250023 0.258488
    outer loop
      vertex 40.9447 9.22541 38.1982
      vertex 40.8853 8.69043 37.4661
      vertex 41.1026 8.73662 38.2951
    endloop
  endfacet
  facet normal -0.954065 -0.255642 0.156228
    outer loop
      vertex 41.1015 9.25873 39.1429
      vertex 41.0862 9.25548 39.0443
      vertex 41.2339 8.76453 39.1429
    endloop
  endfacet
  facet normal -0.954065 -0.255642 0.156226
    outer loop
      vertex 41.1026 8.73662 38.2951
      vertex 41.0862 9.25548 39.0443
      vertex 40.9701 9.23081 38.2951
    endloop
  endfacet
  facet normal -0.954065 -0.255643 0.156226
    outer loop
      vertex 41.0862 9.25548 39.0443
      vertex 41.1026 8.73662 38.2951
      vertex 41.2339 8.76453 39.1429
    endloop
  endfacet
  facet normal -0.964606 -0.258467 0.0522456
    outer loop
      vertex 41.1454 9.26807 40
      vertex 41.1403 9.26698 39.9006
      vertex 41.2778 8.77387 40
    endloop
  endfacet
  facet normal -0.964605 -0.258467 0.0522658
    outer loop
      vertex 41.2339 8.76453 39.1429
      vertex 41.1403 9.26698 39.9006
      vertex 41.1015 9.25873 39.1429
    endloop
  endfacet
  facet normal -0.964606 -0.258463 0.0522635
    outer loop
      vertex 41.1403 9.26698 39.9006
      vertex 41.2339 8.76453 39.1429
      vertex 41.2778 8.77387 40
    endloop
  endfacet
  facet normal -0.986339 -0.15622 -0.0522633
    outer loop
      vertex 41.9241 4.40641 40.8571
      vertex 41.2339 8.76453 40.8571
      vertex 41.2778 8.77387 40
    endloop
  endfacet
  facet normal -0.986339 -0.15622 -0.0522639
    outer loop
      vertex 41.9241 4.40641 40.8571
      vertex 41.2778 8.77387 40
      vertex 41.9688 4.4111 40
    endloop
  endfacet
  facet normal -0.975561 -0.154514 -0.156226
    outer loop
      vertex 41.7906 4.39237 41.7049
      vertex 41.1026 8.73662 41.7049
      vertex 41.2339 8.76453 40.8571
    endloop
  endfacet
  facet normal -0.975561 -0.154513 -0.156225
    outer loop
      vertex 41.7906 4.39237 41.7049
      vertex 41.2339 8.76453 40.8571
      vertex 41.9241 4.40641 40.8571
    endloop
  endfacet
  facet normal -0.954121 -0.151118 -0.258488
    outer loop
      vertex 41.5697 4.36915 42.5339
      vertex 40.8853 8.69043 42.5339
      vertex 41.1026 8.73662 41.7049
    endloop
  endfacet
  facet normal -0.954122 -0.151118 -0.258486
    outer loop
      vertex 41.5697 4.36915 42.5339
      vertex 41.1026 8.73662 41.7049
      vertex 41.7906 4.39237 41.7049
    endloop
  endfacet
  facet normal -0.922249 -0.14607 -0.35794
    outer loop
      vertex 41.2638 4.337 43.3352
      vertex 40.5844 8.62648 43.3352
      vertex 40.8853 8.69043 42.5339
    endloop
  endfacet
  facet normal -0.922248 -0.14607 -0.357943
    outer loop
      vertex 41.2638 4.337 43.3352
      vertex 40.8853 8.69043 42.5339
      vertex 41.5697 4.36915 42.5339
    endloop
  endfacet
  facet normal -0.880285 -0.139424 -0.453496
    outer loop
      vertex 40.8763 4.29627 44.1
      vertex 40.2032 8.54546 44.1
      vertex 40.5844 8.62648 43.3352
    endloop
  endfacet
  facet normal -0.880286 -0.139423 -0.453494
    outer loop
      vertex 40.8763 4.29627 44.1
      vertex 40.5844 8.62648 43.3352
      vertex 41.2638 4.337 43.3352
    endloop
  endfacet
  facet normal -0.828683 -0.13125 -0.544112
    outer loop
      vertex 40.4113 4.2474 44.8198
      vertex 39.746 8.44827 44.8198
      vertex 40.2032 8.54546 44.1
    endloop
  endfacet
  facet normal -0.828682 -0.131251 -0.544113
    outer loop
      vertex 40.4113 4.2474 44.8198
      vertex 40.2032 8.54546 44.1
      vertex 40.8763 4.29627 44.1
    endloop
  endfacet
  facet normal -0.767995 -0.121638 -0.628799
    outer loop
      vertex 39.8741 4.19094 45.4869
      vertex 39.2176 8.33597 45.4869
      vertex 39.746 8.44827 44.8198
    endloop
  endfacet
  facet normal -0.767994 -0.121638 -0.6288
    outer loop
      vertex 39.8741 4.19094 45.4869
      vertex 39.746 8.44827 44.8198
      vertex 40.4113 4.2474 44.8198
    endloop
  endfacet
  facet normal -0.698878 -0.110692 -0.706623
    outer loop
      vertex 39.2706 4.1275 46.0938
      vertex 38.624 8.20978 46.0938
      vertex 39.2176 8.33597 45.4869
    endloop
  endfacet
  facet normal -0.698881 -0.110692 -0.706621
    outer loop
      vertex 39.2706 4.1275 46.0938
      vertex 39.2176 8.33597 45.4869
      vertex 39.8741 4.19094 45.4869
    endloop
  endfacet
  facet normal -0.622086 -0.0985287 -0.776724
    outer loop
      vertex 38.6072 4.05778 46.6339
      vertex 37.9715 8.0711 46.6339
      vertex 38.624 8.20978 46.0938
    endloop
  endfacet
  facet normal -0.622085 -0.0985289 -0.776726
    outer loop
      vertex 39.2706 4.1275 46.0938
      vertex 38.6072 4.05778 46.6339
      vertex 38.624 8.20978 46.0938
    endloop
  endfacet
  facet normal -0.538455 -0.0852832 -0.838328
    outer loop
      vertex 37.8913 3.98253 47.1014
      vertex 37.2674 7.92144 47.1014
      vertex 37.9715 8.0711 46.6339
    endloop
  endfacet
  facet normal -0.538457 -0.0852831 -0.838326
    outer loop
      vertex 38.6072 4.05778 46.6339
      vertex 37.8913 3.98253 47.1014
      vertex 37.9715 8.0711 46.6339
    endloop
  endfacet
  facet normal -0.448873 -0.0710932 -0.890763
    outer loop
      vertex 37.1696 7.90064 47.1524
      vertex 37.2674 7.92144 47.1014
      vertex 37.2495 7.39593 47.1524
    endloop
  endfacet
  facet normal -0.448862 -0.071093 -0.890768
    outer loop
      vertex 37.2495 7.39593 47.1524
      vertex 37.8913 3.98253 47.1014
      vertex 37.7918 3.97208 47.1524
    endloop
  endfacet
  facet normal -0.448866 -0.0710937 -0.890766
    outer loop
      vertex 37.8913 3.98253 47.1014
      vertex 37.2495 7.39593 47.1524
      vertex 37.2674 7.92144 47.1014
    endloop
  endfacet
  facet normal -0.448896 -0.0710984 0.890751
    outer loop
      vertex 37.2674 7.92144 32.8986
      vertex 37.7119 4.47679 32.8476
      vertex 37.8913 3.98253 32.8986
    endloop
  endfacet
  facet normal -0.448899 -0.0710988 0.89075
    outer loop
      vertex 37.2674 7.92144 32.8986
      vertex 37.1696 7.90064 32.8476
      vertex 37.7119 4.47679 32.8476
    endloop
  endfacet
  facet normal -0.448889 -0.0710957 0.890755
    outer loop
      vertex 37.8913 3.98253 32.8986
      vertex 37.7119 4.47679 32.8476
      vertex 37.7918 3.97208 32.8476
    endloop
  endfacet
  facet normal -0.538452 -0.0852823 0.83833
    outer loop
      vertex 37.9715 8.0711 33.3661
      vertex 37.2674 7.92144 32.8986
      vertex 38.6072 4.05778 33.3661
    endloop
  endfacet
  facet normal -0.538454 -0.085283 0.838328
    outer loop
      vertex 38.6072 4.05778 33.3661
      vertex 37.2674 7.92144 32.8986
      vertex 37.8913 3.98253 32.8986
    endloop
  endfacet
  facet normal -0.622089 -0.0985296 0.776722
    outer loop
      vertex 38.624 8.20978 33.9062
      vertex 37.9715 8.0711 33.3661
      vertex 39.2706 4.1275 33.9062
    endloop
  endfacet
  facet normal -0.622087 -0.0985288 0.776724
    outer loop
      vertex 39.2706 4.1275 33.9062
      vertex 37.9715 8.0711 33.3661
      vertex 38.6072 4.05778 33.3661
    endloop
  endfacet
  facet normal -0.698878 -0.110691 0.706623
    outer loop
      vertex 39.2176 8.33597 34.5131
      vertex 38.624 8.20978 33.9062
      vertex 39.8741 4.19094 34.5131
    endloop
  endfacet
  facet normal -0.698881 -0.110692 0.706621
    outer loop
      vertex 39.8741 4.19094 34.5131
      vertex 38.624 8.20978 33.9062
      vertex 39.2706 4.1275 33.9062
    endloop
  endfacet
  facet normal -0.767995 -0.121638 0.628799
    outer loop
      vertex 39.746 8.44827 35.1802
      vertex 39.2176 8.33597 34.5131
      vertex 40.4113 4.2474 35.1802
    endloop
  endfacet
  facet normal -0.767994 -0.121638 0.6288
    outer loop
      vertex 40.4113 4.2474 35.1802
      vertex 39.2176 8.33597 34.5131
      vertex 39.8741 4.19094 34.5131
    endloop
  endfacet
  facet normal -0.828683 -0.131251 0.544112
    outer loop
      vertex 40.2032 8.54546 35.9
      vertex 39.746 8.44827 35.1802
      vertex 40.8763 4.29627 35.9
    endloop
  endfacet
  facet normal -0.828682 -0.13125 0.544113
    outer loop
      vertex 40.8763 4.29627 35.9
      vertex 39.746 8.44827 35.1802
      vertex 40.4113 4.2474 35.1802
    endloop
  endfacet
  facet normal -0.880284 -0.139423 0.453498
    outer loop
      vertex 40.5844 8.62648 36.6648
      vertex 40.2032 8.54546 35.9
      vertex 41.2638 4.337 36.6648
    endloop
  endfacet
  facet normal -0.880285 -0.139424 0.453496
    outer loop
      vertex 41.2638 4.337 36.6648
      vertex 40.2032 8.54546 35.9
      vertex 40.8763 4.29627 35.9
    endloop
  endfacet
  facet normal -0.922249 -0.14607 0.357939
    outer loop
      vertex 40.8853 8.69043 37.4661
      vertex 40.5844 8.62648 36.6648
      vertex 41.5697 4.36915 37.4661
    endloop
  endfacet
  facet normal -0.922248 -0.14607 0.357941
    outer loop
      vertex 41.5697 4.36915 37.4661
      vertex 40.5844 8.62648 36.6648
      vertex 41.2638 4.337 36.6648
    endloop
  endfacet
  facet normal -0.954121 -0.151118 0.258488
    outer loop
      vertex 41.1026 8.73662 38.2951
      vertex 40.8853 8.69043 37.4661
      vertex 41.7906 4.39237 38.2951
    endloop
  endfacet
  facet normal -0.954122 -0.151118 0.258486
    outer loop
      vertex 41.7906 4.39237 38.2951
      vertex 40.8853 8.69043 37.4661
      vertex 41.5697 4.36915 37.4661
    endloop
  endfacet
  facet normal -0.975561 -0.154513 0.156226
    outer loop
      vertex 41.2339 8.76453 39.1429
      vertex 41.1026 8.73662 38.2951
      vertex 41.9241 4.40641 39.1429
    endloop
  endfacet
  facet normal -0.975561 -0.154514 0.156225
    outer loop
      vertex 41.9241 4.40641 39.1429
      vertex 41.1026 8.73662 38.2951
      vertex 41.7906 4.39237 38.2951
    endloop
  endfacet
  facet normal -0.986339 -0.15622 0.0522633
    outer loop
      vertex 41.2778 8.77387 40
      vertex 41.2339 8.76453 39.1429
      vertex 41.9688 4.4111 40
    endloop
  endfacet
  facet normal -0.986339 -0.15622 0.0522639
    outer loop
      vertex 41.9688 4.4111 40
      vertex 41.2339 8.76453 39.1429
      vertex 41.9241 4.40641 39.1429
    endloop
  endfacet
  facet normal -0.997265 -0.0522645 -0.052264
    outer loop
      vertex 42.1551 0 40.8571
      vertex 41.9241 4.40641 40.8571
      vertex 41.9688 4.4111 40
    endloop
  endfacet
  facet normal -0.997265 -0.0522649 -0.0522662
    outer loop
      vertex 42.1551 0 40.8571
      vertex 41.9688 4.4111 40
      vertex 42.2 0 40
    endloop
  endfacet
  facet normal -0.986368 -0.0516933 -0.156225
    outer loop
      vertex 42.0208 0 41.7049
      vertex 41.7906 4.39237 41.7049
      vertex 41.9241 4.40641 40.8571
    endloop
  endfacet
  facet normal -0.986368 -0.0516934 -0.156226
    outer loop
      vertex 42.0208 0 41.7049
      vertex 41.9241 4.40641 40.8571
      vertex 42.1551 0 40.8571
    endloop
  endfacet
  facet normal -0.964691 -0.0505573 -0.258486
    outer loop
      vertex 41.7987 0 42.5339
      vertex 41.5697 4.36915 42.5339
      vertex 41.7906 4.39237 41.7049
    endloop
  endfacet
  facet normal -0.964691 -0.0505573 -0.258486
    outer loop
      vertex 41.7987 0 42.5339
      vertex 41.7906 4.39237 41.7049
      vertex 42.0208 0 41.7049
    endloop
  endfacet
  facet normal -0.932464 -0.0488689 -0.357943
    outer loop
      vertex 41.4911 0 43.3352
      vertex 41.2638 4.337 43.3352
      vertex 41.5697 4.36915 42.5339
    endloop
  endfacet
  facet normal -0.932465 -0.0488684 -0.35794
    outer loop
      vertex 41.7987 0 42.5339
      vertex 41.4911 0 43.3352
      vertex 41.5697 4.36915 42.5339
    endloop
  endfacet
  facet normal -0.890038 -0.0466451 -0.453494
    outer loop
      vertex 41.1014 0 44.1
      vertex 40.8763 4.29627 44.1
      vertex 41.2638 4.337 43.3352
    endloop
  endfacet
  facet normal -0.890037 -0.0466454 -0.453496
    outer loop
      vertex 41.4911 0 43.3352
      vertex 41.1014 0 44.1
      vertex 41.2638 4.337 43.3352
    endloop
  endfacet
  facet normal -0.837862 -0.0439101 -0.544113
    outer loop
      vertex 40.6339 0 44.8198
      vertex 40.4113 4.2474 44.8198
      vertex 40.8763 4.29627 44.1
    endloop
  endfacet
  facet normal -0.837861 -0.0439106 -0.544115
    outer loop
      vertex 41.1014 0 44.1
      vertex 40.6339 0 44.8198
      vertex 40.8763 4.29627 44.1
    endloop
  endfacet
  facet normal -0.776501 -0.0406949 -0.6288
    outer loop
      vertex 40.0938 0 45.4869
      vertex 39.8741 4.19094 45.4869
      vertex 40.4113 4.2474 44.8198
    endloop
  endfacet
  facet normal -0.776503 -0.0406945 -0.628799
    outer loop
      vertex 40.6339 0 44.8198
      vertex 40.0938 0 45.4869
      vertex 40.4113 4.2474 44.8198
    endloop
  endfacet
  facet normal -0.706623 -0.0370324 -0.706621
    outer loop
      vertex 39.4869 0 46.0938
      vertex 39.2706 4.1275 46.0938
      vertex 39.8741 4.19094 45.4869
    endloop
  endfacet
  facet normal -0.706622 -0.0370326 -0.706622
    outer loop
      vertex 40.0938 0 45.4869
      vertex 39.4869 0 46.0938
      vertex 39.8741 4.19094 45.4869
    endloop
  endfacet
  facet normal -0.628976 -0.0329636 -0.776726
    outer loop
      vertex 38.8198 0 46.6339
      vertex 38.6072 4.05778 46.6339
      vertex 39.2706 4.1275 46.0938
    endloop
  endfacet
  facet normal -0.628978 -0.0329632 -0.776724
    outer loop
      vertex 39.4869 0 46.0938
      vertex 38.8198 0 46.6339
      vertex 39.2706 4.1275 46.0938
    endloop
  endfacet
  facet normal -0.544421 -0.0285316 -0.838326
    outer loop
      vertex 38.1 0 47.1014
      vertex 37.8913 3.98253 47.1014
      vertex 38.6072 4.05778 46.6339
    endloop
  endfacet
  facet normal -0.544419 -0.0285321 -0.838328
    outer loop
      vertex 38.8198 0 46.6339
      vertex 38.1 0 47.1014
      vertex 38.6072 4.05778 46.6339
    endloop
  endfacet
  facet normal -0.453835 -0.0237854 -0.890768
    outer loop
      vertex 37.7918 3.97208 47.1524
      vertex 37.8913 3.98253 47.1014
      vertex 37.8186 3.46178 47.1524
    endloop
  endfacet
  facet normal -0.453843 -0.0237848 -0.890764
    outer loop
      vertex 37.8186 3.46178 47.1524
      vertex 38.1 0 47.1014
      vertex 38 0 47.1524
    endloop
  endfacet
  facet normal -0.45384 -0.0237845 -0.890766
    outer loop
      vertex 38.1 0 47.1014
      vertex 37.8186 3.46178 47.1524
      vertex 37.8913 3.98253 47.1014
    endloop
  endfacet
  facet normal -0.453865 -0.0237858 0.890753
    outer loop
      vertex 37.8913 3.98253 32.8986
      vertex 37.9733 0.510301 32.8476
      vertex 38.1 0 32.8986
    endloop
  endfacet
  facet normal -0.453862 -0.0237857 0.890755
    outer loop
      vertex 37.8913 3.98253 32.8986
      vertex 37.7918 3.97208 32.8476
      vertex 37.9733 0.510301 32.8476
    endloop
  endfacet
  facet normal -0.45387 -0.0237873 0.89075
    outer loop
      vertex 38.1 0 32.8986
      vertex 37.9733 0.510301 32.8476
      vertex 38 0 32.8476
    endloop
  endfacet
  facet normal -0.544418 -0.0285321 0.838328
    outer loop
      vertex 38.6072 4.05778 33.3661
      vertex 37.8913 3.98253 32.8986
      vertex 38.8198 0 33.3661
    endloop
  endfacet
  facet normal -0.544416 -0.0285313 0.83833
    outer loop
      vertex 38.8198 0 33.3661
      vertex 37.8913 3.98253 32.8986
      vertex 38.1 0 32.8986
    endloop
  endfacet
  facet normal -0.628979 -0.0329633 0.776724
    outer loop
      vertex 39.2706 4.1275 33.9062
      vertex 38.6072 4.05778 33.3661
      vertex 39.4869 0 33.9062
    endloop
  endfacet
  facet normal -0.62898 -0.0329639 0.776722
    outer loop
      vertex 39.4869 0 33.9062
      vertex 38.6072 4.05778 33.3661
      vertex 38.8198 0 33.3661
    endloop
  endfacet
  facet normal -0.706623 -0.0370327 0.706621
    outer loop
      vertex 39.8741 4.19094 34.5131
      vertex 39.2706 4.1275 33.9062
      vertex 40.0938 0 34.5131
    endloop
  endfacet
  facet normal -0.706622 -0.0370323 0.706622
    outer loop
      vertex 40.0938 0 34.5131
      vertex 39.2706 4.1275 33.9062
      vertex 39.4869 0 33.9062
    endloop
  endfacet
  facet normal -0.776501 -0.0406944 0.6288
    outer loop
      vertex 40.4113 4.2474 35.1802
      vertex 39.8741 4.19094 34.5131
      vertex 40.6339 0 35.1802
    endloop
  endfacet
  facet normal -0.776503 -0.0406949 0.628798
    outer loop
      vertex 40.6339 0 35.1802
      vertex 39.8741 4.19094 34.5131
      vertex 40.0938 0 34.5131
    endloop
  endfacet
  facet normal -0.837862 -0.0439107 0.544113
    outer loop
      vertex 40.8763 4.29627 35.9
      vertex 40.4113 4.2474 35.1802
      vertex 41.1014 0 35.9
    endloop
  endfacet
  facet normal -0.837861 -0.0439101 0.544115
    outer loop
      vertex 41.1014 0 35.9
      vertex 40.4113 4.2474 35.1802
      vertex 40.6339 0 35.1802
    endloop
  endfacet
  facet normal -0.890037 -0.0466454 0.453496
    outer loop
      vertex 41.2638 4.337 36.6648
      vertex 40.8763 4.29627 35.9
      vertex 41.4911 0 36.6648
    endloop
  endfacet
  facet normal -0.890036 -0.046645 0.453498
    outer loop
      vertex 41.4911 0 36.6648
      vertex 40.8763 4.29627 35.9
      vertex 41.1014 0 35.9
    endloop
  endfacet
  facet normal -0.932464 -0.0488683 0.357941
    outer loop
      vertex 41.5697 4.36915 37.4661
      vertex 41.2638 4.337 36.6648
      vertex 41.7987 0 37.4661
    endloop
  endfacet
  facet normal -0.932465 -0.048869 0.357939
    outer loop
      vertex 41.7987 0 37.4661
      vertex 41.2638 4.337 36.6648
      vertex 41.4911 0 36.6648
    endloop
  endfacet
  facet normal -0.964691 -0.0505573 0.258486
    outer loop
      vertex 41.7906 4.39237 38.2951
      vertex 41.5697 4.36915 37.4661
      vertex 42.0208 0 38.2951
    endloop
  endfacet
  facet normal -0.964691 -0.0505573 0.258486
    outer loop
      vertex 42.0208 0 38.2951
      vertex 41.5697 4.36915 37.4661
      vertex 41.7987 0 37.4661
    endloop
  endfacet
  facet normal -0.986368 -0.0516934 0.156225
    outer loop
      vertex 41.9241 4.40641 39.1429
      vertex 41.7906 4.39237 38.2951
      vertex 42.1551 0 39.1429
    endloop
  endfacet
  facet normal -0.986368 -0.0516933 0.156226
    outer loop
      vertex 42.1551 0 39.1429
      vertex 41.7906 4.39237 38.2951
      vertex 42.0208 0 38.2951
    endloop
  endfacet
  facet normal -0.997265 -0.0522649 0.052264
    outer loop
      vertex 41.9688 4.4111 40
      vertex 41.9241 4.40641 39.1429
      vertex 42.2 0 40
    endloop
  endfacet
  facet normal -0.997265 -0.0522645 0.0522662
    outer loop
      vertex 42.2 0 40
      vertex 41.9241 4.40641 39.1429
      vertex 42.1551 0 39.1429
    endloop
  endfacet
  facet normal -0.997265 0.0522645 -0.0522662
    outer loop
      vertex 42.2 0 40
      vertex 41.9241 -4.40641 40.8571
      vertex 42.1551 0 40.8571
    endloop
  endfacet
  facet normal -0.997265 0.0522649 -0.052264
    outer loop
      vertex 41.9688 -4.4111 40
      vertex 41.9241 -4.40641 40.8571
      vertex 42.2 0 40
    endloop
  endfacet
  facet normal -0.986368 0.0516933 -0.156226
    outer loop
      vertex 42.1551 0 40.8571
      vertex 41.7906 -4.39237 41.7049
      vertex 42.0208 0 41.7049
    endloop
  endfacet
  facet normal -0.986368 0.0516934 -0.156225
    outer loop
      vertex 41.9241 -4.40641 40.8571
      vertex 41.7906 -4.39237 41.7049
      vertex 42.1551 0 40.8571
    endloop
  endfacet
  facet normal -0.964691 0.0505573 -0.258486
    outer loop
      vertex 42.0208 0 41.7049
      vertex 41.5697 -4.36915 42.5339
      vertex 41.7987 0 42.5339
    endloop
  endfacet
  facet normal -0.964691 0.0505573 -0.258486
    outer loop
      vertex 41.7906 -4.39237 41.7049
      vertex 41.5697 -4.36915 42.5339
      vertex 42.0208 0 41.7049
    endloop
  endfacet
  facet normal -0.932465 0.0488689 -0.35794
    outer loop
      vertex 41.7987 0 42.5339
      vertex 41.2638 -4.337 43.3352
      vertex 41.4911 0 43.3352
    endloop
  endfacet
  facet normal -0.932464 0.0488683 -0.357943
    outer loop
      vertex 41.5697 -4.36915 42.5339
      vertex 41.2638 -4.337 43.3352
      vertex 41.7987 0 42.5339
    endloop
  endfacet
  facet normal -0.890037 0.046645 -0.453496
    outer loop
      vertex 41.4911 0 43.3352
      vertex 40.8763 -4.29627 44.1
      vertex 41.1014 0 44.1
    endloop
  endfacet
  facet normal -0.890038 0.0466454 -0.453494
    outer loop
      vertex 41.2638 -4.337 43.3352
      vertex 40.8763 -4.29627 44.1
      vertex 41.4911 0 43.3352
    endloop
  endfacet
  facet normal -0.837861 0.0439101 -0.544115
    outer loop
      vertex 41.1014 0 44.1
      vertex 40.4113 -4.2474 44.8198
      vertex 40.6339 0 44.8198
    endloop
  endfacet
  facet normal -0.837862 0.0439107 -0.544113
    outer loop
      vertex 40.8763 -4.29627 44.1
      vertex 40.4113 -4.2474 44.8198
      vertex 41.1014 0 44.1
    endloop
  endfacet
  facet normal -0.776503 0.0406949 -0.628798
    outer loop
      vertex 40.6339 0 44.8198
      vertex 39.8741 -4.19094 45.4869
      vertex 40.0938 0 45.4869
    endloop
  endfacet
  facet normal -0.776501 0.0406944 -0.6288
    outer loop
      vertex 40.4113 -4.2474 44.8198
      vertex 39.8741 -4.19094 45.4869
      vertex 40.6339 0 44.8198
    endloop
  endfacet
  facet normal -0.706622 0.0370323 -0.706622
    outer loop
      vertex 40.0938 0 45.4869
      vertex 39.2706 -4.1275 46.0938
      vertex 39.4869 0 46.0938
    endloop
  endfacet
  facet normal -0.706623 0.0370327 -0.706621
    outer loop
      vertex 39.8741 -4.19094 45.4869
      vertex 39.2706 -4.1275 46.0938
      vertex 40.0938 0 45.4869
    endloop
  endfacet
  facet normal -0.628978 0.0329637 -0.776724
    outer loop
      vertex 39.4869 0 46.0938
      vertex 38.6072 -4.05778 46.6339
      vertex 38.8198 0 46.6339
    endloop
  endfacet
  facet normal -0.628976 0.0329631 -0.776726
    outer loop
      vertex 39.2706 -4.1275 46.0938
      vertex 38.6072 -4.05778 46.6339
      vertex 39.4869 0 46.0938
    endloop
  endfacet
  facet normal -0.544419 0.0285315 -0.838328
    outer loop
      vertex 38.8198 0 46.6339
      vertex 37.8913 -3.98253 47.1014
      vertex 38.1 0 47.1014
    endloop
  endfacet
  facet normal -0.544421 0.0285323 -0.838326
    outer loop
      vertex 38.6072 -4.05778 46.6339
      vertex 37.8913 -3.98253 47.1014
      vertex 38.8198 0 46.6339
    endloop
  endfacet
  facet normal -0.453843 0.0237859 -0.890764
    outer loop
      vertex 38.1 0 47.1014
      vertex 37.9733 -0.510301 47.1524
      vertex 38 0 47.1524
    endloop
  endfacet
  facet normal -0.453838 0.0237844 -0.890767
    outer loop
      vertex 37.8913 -3.98253 47.1014
      vertex 37.9733 -0.510301 47.1524
      vertex 38.1 0 47.1014
    endloop
  endfacet
  facet normal -0.453835 0.0237843 -0.890768
    outer loop
      vertex 37.8913 -3.98253 47.1014
      vertex 37.7918 -3.97208 47.1524
      vertex 37.9733 -0.510301 47.1524
    endloop
  endfacet
  facet normal -0.45387 0.0237862 0.89075
    outer loop
      vertex 37.8186 -3.46178 32.8476
      vertex 38.1 0 32.8986
      vertex 38 0 32.8476
    endloop
  endfacet
  facet normal -0.453866 0.0237859 0.890752
    outer loop
      vertex 38.1 0 32.8986
      vertex 37.8186 -3.46178 32.8476
      vertex 37.8913 -3.98253 32.8986
    endloop
  endfacet
  facet normal -0.453862 0.0237868 0.890755
    outer loop
      vertex 37.7918 -3.97208 32.8476
      vertex 37.8913 -3.98253 32.8986
      vertex 37.8186 -3.46178 32.8476
    endloop
  endfacet
  facet normal -0.544416 0.028532 0.83833
    outer loop
      vertex 38.8198 0 33.3661
      vertex 38.1 0 32.8986
      vertex 38.6072 -4.05778 33.3661
    endloop
  endfacet
  facet normal -0.544418 0.0285314 0.838328
    outer loop
      vertex 38.1 0 32.8986
      vertex 37.8913 -3.98253 32.8986
      vertex 38.6072 -4.05778 33.3661
    endloop
  endfacet
  facet normal -0.62898 0.0329634 0.776722
    outer loop
      vertex 39.4869 0 33.9062
      vertex 38.8198 0 33.3661
      vertex 39.2706 -4.1275 33.9062
    endloop
  endfacet
  facet normal -0.628979 0.0329638 0.776724
    outer loop
      vertex 38.8198 0 33.3661
      vertex 38.6072 -4.05778 33.3661
      vertex 39.2706 -4.1275 33.9062
    endloop
  endfacet
  facet normal -0.706622 0.0370326 0.706622
    outer loop
      vertex 40.0938 0 34.5131
      vertex 39.4869 0 33.9062
      vertex 39.8741 -4.19094 34.5131
    endloop
  endfacet
  facet normal -0.706623 0.0370324 0.706621
    outer loop
      vertex 39.4869 0 33.9062
      vertex 39.2706 -4.1275 33.9062
      vertex 39.8741 -4.19094 34.5131
    endloop
  endfacet
  facet normal -0.776503 0.0406945 0.628799
    outer loop
      vertex 40.6339 0 35.1802
      vertex 40.0938 0 34.5131
      vertex 40.4113 -4.2474 35.1802
    endloop
  endfacet
  facet normal -0.776501 0.0406949 0.6288
    outer loop
      vertex 40.0938 0 34.5131
      vertex 39.8741 -4.19094 34.5131
      vertex 40.4113 -4.2474 35.1802
    endloop
  endfacet
  facet normal -0.837861 0.0439106 0.544115
    outer loop
      vertex 41.1014 0 35.9
      vertex 40.6339 0 35.1802
      vertex 40.8763 -4.29627 35.9
    endloop
  endfacet
  facet normal -0.837862 0.0439101 0.544113
    outer loop
      vertex 40.6339 0 35.1802
      vertex 40.4113 -4.2474 35.1802
      vertex 40.8763 -4.29627 35.9
    endloop
  endfacet
  facet normal -0.890036 0.0466453 0.453498
    outer loop
      vertex 41.4911 0 36.6648
      vertex 41.1014 0 35.9
      vertex 41.2638 -4.337 36.6648
    endloop
  endfacet
  facet normal -0.890037 0.046645 0.453496
    outer loop
      vertex 41.1014 0 35.9
      vertex 40.8763 -4.29627 35.9
      vertex 41.2638 -4.337 36.6648
    endloop
  endfacet
  facet normal -0.932465 0.0488684 0.357939
    outer loop
      vertex 41.7987 0 37.4661
      vertex 41.4911 0 36.6648
      vertex 41.5697 -4.36915 37.4661
    endloop
  endfacet
  facet normal -0.932464 0.0488689 0.357941
    outer loop
      vertex 41.4911 0 36.6648
      vertex 41.2638 -4.337 36.6648
      vertex 41.5697 -4.36915 37.4661
    endloop
  endfacet
  facet normal -0.964691 0.0505573 0.258486
    outer loop
      vertex 41.7987 0 37.4661
      vertex 41.7906 -4.39237 38.2951
      vertex 42.0208 0 38.2951
    endloop
  endfacet
  facet normal -0.964691 0.0505573 0.258486
    outer loop
      vertex 41.7987 0 37.4661
      vertex 41.5697 -4.36915 37.4661
      vertex 41.7906 -4.39237 38.2951
    endloop
  endfacet
  facet normal -0.986368 0.0516934 0.156226
    outer loop
      vertex 42.0208 0 38.2951
      vertex 41.9241 -4.40641 39.1429
      vertex 42.1551 0 39.1429
    endloop
  endfacet
  facet normal -0.986368 0.0516933 0.156225
    outer loop
      vertex 42.0208 0 38.2951
      vertex 41.7906 -4.39237 38.2951
      vertex 41.9241 -4.40641 39.1429
    endloop
  endfacet
  facet normal -0.997265 0.0522649 0.0522662
    outer loop
      vertex 42.1551 0 39.1429
      vertex 41.9688 -4.4111 40
      vertex 42.2 0 40
    endloop
  endfacet
  facet normal -0.997265 0.0522645 0.052264
    outer loop
      vertex 42.1551 0 39.1429
      vertex 41.9241 -4.40641 39.1429
      vertex 41.9688 -4.4111 40
    endloop
  endfacet
  facet normal -0.986339 0.15622 -0.0522639
    outer loop
      vertex 41.9688 -4.4111 40
      vertex 41.2339 -8.76453 40.8571
      vertex 41.9241 -4.40641 40.8571
    endloop
  endfacet
  facet normal -0.986339 0.15622 -0.0522633
    outer loop
      vertex 41.2778 -8.77387 40
      vertex 41.2339 -8.76453 40.8571
      vertex 41.9688 -4.4111 40
    endloop
  endfacet
  facet normal -0.975561 0.154514 -0.156225
    outer loop
      vertex 41.9241 -4.40641 40.8571
      vertex 41.1026 -8.73662 41.7049
      vertex 41.7906 -4.39237 41.7049
    endloop
  endfacet
  facet normal -0.975561 0.154513 -0.156226
    outer loop
      vertex 41.2339 -8.76453 40.8571
      vertex 41.1026 -8.73662 41.7049
      vertex 41.9241 -4.40641 40.8571
    endloop
  endfacet
  facet normal -0.954122 0.151118 -0.258486
    outer loop
      vertex 41.7906 -4.39237 41.7049
      vertex 40.8853 -8.69043 42.5339
      vertex 41.5697 -4.36915 42.5339
    endloop
  endfacet
  facet normal -0.954121 0.151118 -0.258488
    outer loop
      vertex 41.1026 -8.73662 41.7049
      vertex 40.8853 -8.69043 42.5339
      vertex 41.7906 -4.39237 41.7049
    endloop
  endfacet
  facet normal -0.922248 0.14607 -0.357943
    outer loop
      vertex 41.5697 -4.36915 42.5339
      vertex 40.5844 -8.62648 43.3352
      vertex 41.2638 -4.337 43.3352
    endloop
  endfacet
  facet normal -0.922249 0.14607 -0.35794
    outer loop
      vertex 40.8853 -8.69043 42.5339
      vertex 40.5844 -8.62648 43.3352
      vertex 41.5697 -4.36915 42.5339
    endloop
  endfacet
  facet normal -0.880286 0.139424 -0.453494
    outer loop
      vertex 41.2638 -4.337 43.3352
      vertex 40.2032 -8.54546 44.1
      vertex 40.8763 -4.29627 44.1
    endloop
  endfacet
  facet normal -0.880285 0.139423 -0.453496
    outer loop
      vertex 40.5844 -8.62648 43.3352
      vertex 40.2032 -8.54546 44.1
      vertex 41.2638 -4.337 43.3352
    endloop
  endfacet
  facet normal -0.828682 0.13125 -0.544113
    outer loop
      vertex 40.8763 -4.29627 44.1
      vertex 39.746 -8.44827 44.8198
      vertex 40.4113 -4.2474 44.8198
    endloop
  endfacet
  facet normal -0.828683 0.131251 -0.544112
    outer loop
      vertex 40.2032 -8.54546 44.1
      vertex 39.746 -8.44827 44.8198
      vertex 40.8763 -4.29627 44.1
    endloop
  endfacet
  facet normal -0.767994 0.121638 -0.6288
    outer loop
      vertex 40.4113 -4.2474 44.8198
      vertex 39.2176 -8.33597 45.4869
      vertex 39.8741 -4.19094 45.4869
    endloop
  endfacet
  facet normal -0.767995 0.121638 -0.628799
    outer loop
      vertex 39.746 -8.44827 44.8198
      vertex 39.2176 -8.33597 45.4869
      vertex 40.4113 -4.2474 44.8198
    endloop
  endfacet
  facet normal -0.698881 0.110692 -0.706621
    outer loop
      vertex 39.8741 -4.19094 45.4869
      vertex 38.624 -8.20978 46.0938
      vertex 39.2706 -4.1275 46.0938
    endloop
  endfacet
  facet normal -0.698878 0.110691 -0.706623
    outer loop
      vertex 39.2176 -8.33597 45.4869
      vertex 38.624 -8.20978 46.0938
      vertex 39.8741 -4.19094 45.4869
    endloop
  endfacet
  facet normal -0.622085 0.0985284 -0.776726
    outer loop
      vertex 39.2706 -4.1275 46.0938
      vertex 37.9715 -8.0711 46.6339
      vertex 38.6072 -4.05778 46.6339
    endloop
  endfacet
  facet normal -0.622086 0.0985292 -0.776724
    outer loop
      vertex 38.624 -8.20978 46.0938
      vertex 37.9715 -8.0711 46.6339
      vertex 39.2706 -4.1275 46.0938
    endloop
  endfacet
  facet normal -0.538457 0.0852835 -0.838326
    outer loop
      vertex 38.6072 -4.05778 46.6339
      vertex 37.2674 -7.92144 47.1014
      vertex 37.8913 -3.98253 47.1014
    endloop
  endfacet
  facet normal -0.538455 0.0852828 -0.838328
    outer loop
      vertex 37.9715 -8.0711 46.6339
      vertex 37.2674 -7.92144 47.1014
      vertex 38.6072 -4.05778 46.6339
    endloop
  endfacet
  facet normal -0.448863 0.0710914 -0.890768
    outer loop
      vertex 37.8913 -3.98253 47.1014
      vertex 37.7119 -4.47679 47.1524
      vertex 37.7918 -3.97208 47.1524
    endloop
  endfacet
  facet normal -0.448869 0.0710942 -0.890765
    outer loop
      vertex 37.2674 -7.92144 47.1014
      vertex 37.7119 -4.47679 47.1524
      vertex 37.8913 -3.98253 47.1014
    endloop
  endfacet
  facet normal -0.448872 0.0710946 -0.890763
    outer loop
      vertex 37.2674 -7.92144 47.1014
      vertex 37.1696 -7.90064 47.1524
      vertex 37.7119 -4.47679 47.1524
    endloop
  endfacet
  facet normal -0.448889 0.0710972 0.890755
    outer loop
      vertex 37.2495 -7.39593 32.8476
      vertex 37.8913 -3.98253 32.8986
      vertex 37.7918 -3.97208 32.8476
    endloop
  endfacet
  facet normal -0.448893 0.0710979 0.890753
    outer loop
      vertex 37.8913 -3.98253 32.8986
      vertex 37.2495 -7.39593 32.8476
      vertex 37.2674 -7.92144 32.8986
    endloop
  endfacet
  facet normal -0.448899 0.0710974 0.890749
    outer loop
      vertex 37.1696 -7.90064 32.8476
      vertex 37.2674 -7.92144 32.8986
      vertex 37.2495 -7.39593 32.8476
    endloop
  endfacet
  facet normal -0.538454 0.0852826 0.838328
    outer loop
      vertex 38.6072 -4.05778 33.3661
      vertex 37.8913 -3.98253 32.8986
      vertex 37.9715 -8.0711 33.3661
    endloop
  endfacet
  facet normal -0.538452 0.0852827 0.83833
    outer loop
      vertex 37.8913 -3.98253 32.8986
      vertex 37.2674 -7.92144 32.8986
      vertex 37.9715 -8.0711 33.3661
    endloop
  endfacet
  facet normal -0.622087 0.0985293 0.776723
    outer loop
      vertex 39.2706 -4.1275 33.9062
      vertex 38.6072 -4.05778 33.3661
      vertex 38.624 -8.20978 33.9062
    endloop
  endfacet
  facet normal -0.622089 0.0985291 0.776722
    outer loop
      vertex 38.6072 -4.05778 33.3661
      vertex 37.9715 -8.0711 33.3661
      vertex 38.624 -8.20978 33.9062
    endloop
  endfacet
  facet normal -0.698881 0.110692 0.706621
    outer loop
      vertex 39.2706 -4.1275 33.9062
      vertex 39.2176 -8.33597 34.5131
      vertex 39.8741 -4.19094 34.5131
    endloop
  endfacet
  facet normal -0.698878 0.110692 0.706623
    outer loop
      vertex 39.2706 -4.1275 33.9062
      vertex 38.624 -8.20978 33.9062
      vertex 39.2176 -8.33597 34.5131
    endloop
  endfacet
  facet normal -0.767994 0.121638 0.6288
    outer loop
      vertex 39.8741 -4.19094 34.5131
      vertex 39.746 -8.44827 35.1802
      vertex 40.4113 -4.2474 35.1802
    endloop
  endfacet
  facet normal -0.767995 0.121638 0.628799
    outer loop
      vertex 39.8741 -4.19094 34.5131
      vertex 39.2176 -8.33597 34.5131
      vertex 39.746 -8.44827 35.1802
    endloop
  endfacet
  facet normal -0.828682 0.131251 0.544113
    outer loop
      vertex 40.4113 -4.2474 35.1802
      vertex 40.2032 -8.54546 35.9
      vertex 40.8763 -4.29627 35.9
    endloop
  endfacet
  facet normal -0.828683 0.13125 0.544112
    outer loop
      vertex 40.4113 -4.2474 35.1802
      vertex 39.746 -8.44827 35.1802
      vertex 40.2032 -8.54546 35.9
    endloop
  endfacet
  facet normal -0.880285 0.139423 0.453496
    outer loop
      vertex 40.8763 -4.29627 35.9
      vertex 40.5844 -8.62648 36.6648
      vertex 41.2638 -4.337 36.6648
    endloop
  endfacet
  facet normal -0.880284 0.139424 0.453498
    outer loop
      vertex 40.8763 -4.29627 35.9
      vertex 40.2032 -8.54546 35.9
      vertex 40.5844 -8.62648 36.6648
    endloop
  endfacet
  facet normal -0.922248 0.14607 0.357941
    outer loop
      vertex 41.2638 -4.337 36.6648
      vertex 40.8853 -8.69043 37.4661
      vertex 41.5697 -4.36915 37.4661
    endloop
  endfacet
  facet normal -0.922249 0.14607 0.357939
    outer loop
      vertex 41.2638 -4.337 36.6648
      vertex 40.5844 -8.62648 36.6648
      vertex 40.8853 -8.69043 37.4661
    endloop
  endfacet
  facet normal -0.954122 0.151118 0.258486
    outer loop
      vertex 41.5697 -4.36915 37.4661
      vertex 41.1026 -8.73662 38.2951
      vertex 41.7906 -4.39237 38.2951
    endloop
  endfacet
  facet normal -0.954121 0.151118 0.258488
    outer loop
      vertex 41.5697 -4.36915 37.4661
      vertex 40.8853 -8.69043 37.4661
      vertex 41.1026 -8.73662 38.2951
    endloop
  endfacet
  facet normal -0.975561 0.154513 0.156225
    outer loop
      vertex 41.7906 -4.39237 38.2951
      vertex 41.2339 -8.76453 39.1429
      vertex 41.9241 -4.40641 39.1429
    endloop
  endfacet
  facet normal -0.975561 0.154514 0.156226
    outer loop
      vertex 41.7906 -4.39237 38.2951
      vertex 41.1026 -8.73662 38.2951
      vertex 41.2339 -8.76453 39.1429
    endloop
  endfacet
  facet normal -0.986339 0.15622 0.0522639
    outer loop
      vertex 41.9241 -4.40641 39.1429
      vertex 41.2778 -8.77387 40
      vertex 41.9688 -4.4111 40
    endloop
  endfacet
  facet normal -0.986339 0.15622 0.0522633
    outer loop
      vertex 41.9241 -4.40641 39.1429
      vertex 41.2339 -8.76453 39.1429
      vertex 41.2778 -8.77387 40
    endloop
  endfacet
  facet normal -0.964605 0.258469 -0.0522634
    outer loop
      vertex 41.1462 -9.24589 40.0951
      vertex 41.2339 -8.76453 40.8571
      vertex 41.2778 -8.77387 40
    endloop
  endfacet
  facet normal -0.964606 0.258464 -0.0522603
    outer loop
      vertex 41.2339 -8.76453 40.8571
      vertex 41.1462 -9.24589 40.0951
      vertex 41.1071 -9.23759 40.8571
    endloop
  endfacet
  facet normal -0.964605 0.258464 -0.0522863
    outer loop
      vertex 41.1511 -9.24693 40
      vertex 41.1462 -9.24589 40.0951
      vertex 41.2778 -8.77387 40
    endloop
  endfacet
  facet normal -0.954065 0.255642 -0.156226
    outer loop
      vertex 41.0925 -9.23448 40.9515
      vertex 41.1026 -8.73662 41.7049
      vertex 41.2339 -8.76453 40.8571
    endloop
  endfacet
  facet normal -0.954066 0.25564 -0.156224
    outer loop
      vertex 41.1026 -8.73662 41.7049
      vertex 41.0925 -9.23448 40.9515
      vertex 40.9758 -9.20967 41.7049
    endloop
  endfacet
  facet normal -0.954064 0.255639 -0.15624
    outer loop
      vertex 41.1071 -9.23759 40.8571
      vertex 41.0925 -9.23448 40.9515
      vertex 41.2339 -8.76453 40.8571
    endloop
  endfacet
  facet normal -0.933099 0.25002 -0.258488
    outer loop
      vertex 40.9515 -9.2045 41.7977
      vertex 40.8853 -8.69043 42.5339
      vertex 41.1026 -8.73662 41.7049
    endloop
  endfacet
  facet normal -0.933098 0.250022 -0.25849
    outer loop
      vertex 40.8853 -8.69043 42.5339
      vertex 40.9515 -9.2045 41.7977
      vertex 40.7585 -9.16349 42.5339
    endloop
  endfacet
  facet normal -0.933101 0.250022 -0.25848
    outer loop
      vertex 40.9758 -9.20967 41.7049
      vertex 40.9515 -9.2045 41.7977
      vertex 41.1026 -8.73662 41.7049
    endloop
  endfacet
  facet normal -0.901928 0.241671 -0.35794
    outer loop
      vertex 40.7246 -9.15628 42.6243
      vertex 40.5844 -8.62648 43.3352
      vertex 40.8853 -8.69043 42.5339
    endloop
  endfacet
  facet normal -0.901928 0.24167 -0.35794
    outer loop
      vertex 40.5844 -8.62648 43.3352
      vertex 40.7246 -9.15628 42.6243
      vertex 40.4576 -9.09954 43.3352
    endloop
  endfacet
  facet normal -0.901927 0.24167 -0.357944
    outer loop
      vertex 40.7585 -9.16349 42.5339
      vertex 40.7246 -9.15628 42.6243
      vertex 40.8853 -8.69043 42.5339
    endloop
  endfacet
  facet normal -0.860889 0.230673 -0.453497
    outer loop
      vertex 40.5844 -8.62648 43.3352
      vertex 40.0765 -9.01852 44.1
      vertex 40.2032 -8.54546 44.1
    endloop
  endfacet
  facet normal -0.860889 0.230671 -0.453498
    outer loop
      vertex 40.0765 -9.01852 44.1
      vertex 40.5844 -8.62648 43.3352
      vertex 40.4142 -9.09031 43.4223
    endloop
  endfacet
  facet normal -0.860893 0.230674 -0.453489
    outer loop
      vertex 40.4576 -9.09954 43.3352
      vertex 40.4142 -9.09031 43.4223
      vertex 40.5844 -8.62648 43.3352
    endloop
  endfacet
  facet normal -0.810424 0.217152 -0.544112
    outer loop
      vertex 40.2032 -8.54546 44.1
      vertex 39.6192 -8.92133 44.8198
      vertex 39.746 -8.44827 44.8198
    endloop
  endfacet
  facet normal -0.810424 0.217147 -0.544114
    outer loop
      vertex 39.6192 -8.92133 44.8198
      vertex 40.2032 -8.54546 44.1
      vertex 40.0238 -9.00733 44.1829
    endloop
  endfacet
  facet normal -0.810434 0.217154 -0.544097
    outer loop
      vertex 40.0765 -9.01852 44.1
      vertex 40.0238 -9.00733 44.1829
      vertex 40.2032 -8.54546 44.1
    endloop
  endfacet
  facet normal -0.751072 0.201254 -0.628799
    outer loop
      vertex 39.746 -8.44827 44.8198
      vertex 39.0909 -8.80902 45.4869
      vertex 39.2176 -8.33597 45.4869
    endloop
  endfacet
  facet normal -0.751071 0.20125 -0.628801
    outer loop
      vertex 39.0909 -8.80902 45.4869
      vertex 39.746 -8.44827 44.8198
      vertex 39.5576 -8.90822 44.8977
    endloop
  endfacet
  facet normal -0.751065 0.201247 -0.628809
    outer loop
      vertex 39.6192 -8.92133 44.8198
      vertex 39.5576 -8.90822 44.8977
      vertex 39.746 -8.44827 44.8198
    endloop
  endfacet
  facet normal -0.683478 0.183142 -0.706623
    outer loop
      vertex 39.0205 -8.79407 45.5588
      vertex 38.624 -8.20978 46.0938
      vertex 39.2176 -8.33597 45.4869
    endloop
  endfacet
  facet normal -0.683482 0.183137 -0.706621
    outer loop
      vertex 38.624 -8.20978 46.0938
      vertex 39.0205 -8.79407 45.5588
      vertex 38.4972 -8.68284 46.0938
    endloop
  endfacet
  facet normal -0.683481 0.183143 -0.706621
    outer loop
      vertex 39.0909 -8.80902 45.4869
      vertex 39.0205 -8.79407 45.5588
      vertex 39.2176 -8.33597 45.4869
    endloop
  endfacet
  facet normal -0.60838 0.163013 -0.776724
    outer loop
      vertex 38.4186 -8.66612 46.1589
      vertex 37.9715 -8.0711 46.6339
      vertex 38.624 -8.20978 46.0938
    endloop
  endfacet
  facet normal -0.608379 0.163014 -0.776725
    outer loop
      vertex 37.9715 -8.0711 46.6339
      vertex 38.4186 -8.66612 46.1589
      vertex 37.8448 -8.54416 46.6339
    endloop
  endfacet
  facet normal -0.608383 0.163015 -0.776722
    outer loop
      vertex 38.4972 -8.68284 46.0938
      vertex 38.4186 -8.66612 46.1589
      vertex 38.624 -8.20978 46.0938
    endloop
  endfacet
  facet normal -0.526591 0.1411 -0.838328
    outer loop
      vertex 37.7583 -8.52578 46.6913
      vertex 37.2674 -7.92144 47.1014
      vertex 37.9715 -8.0711 46.6339
    endloop
  endfacet
  facet normal -0.526591 0.141099 -0.838327
    outer loop
      vertex 37.2674 -7.92144 47.1014
      vertex 37.7583 -8.52578 46.6913
      vertex 37.1407 -8.39449 47.1014
    endloop
  endfacet
  facet normal -0.526589 0.141099 -0.838329
    outer loop
      vertex 37.8448 -8.54416 46.6339
      vertex 37.7583 -8.52578 46.6913
      vertex 37.9715 -8.0711 46.6339
    endloop
  endfacet
  facet normal -0.438982 0.117622 -0.890763
    outer loop
      vertex 37.0469 -8.37457 47.1502
      vertex 37.1696 -7.90064 47.1524
      vertex 37.2674 -7.92144 47.1014
    endloop
  endfacet
  facet normal -0.438804 0.117577 -0.890857
    outer loop
      vertex 37.1696 -7.90064 47.1524
      vertex 37.0469 -8.37457 47.1502
      vertex 37.0429 -8.3737 47.1524
    endloop
  endfacet
  facet normal -0.43899 0.117627 -0.890759
    outer loop
      vertex 37.1407 -8.39449 47.1014
      vertex 37.0469 -8.37457 47.1502
      vertex 37.2674 -7.92144 47.1014
    endloop
  endfacet
  facet normal -0.439008 0.117631 0.89075
    outer loop
      vertex 37.1696 -7.90064 32.8476
      vertex 37.1407 -8.39449 32.8986
      vertex 37.2674 -7.92144 32.8986
    endloop
  endfacet
  facet normal -0.439009 0.117631 0.890749
    outer loop
      vertex 37.1407 -8.39449 32.8986
      vertex 37.1696 -7.90064 32.8476
      vertex 37.0429 -8.3737 32.8476
    endloop
  endfacet
  facet normal -0.526588 0.141098 0.83833
    outer loop
      vertex 37.2255 -8.41253 32.9549
      vertex 37.9715 -8.0711 33.3661
      vertex 37.2674 -7.92144 32.8986
    endloop
  endfacet
  facet normal -0.526588 0.141098 0.838329
    outer loop
      vertex 37.9715 -8.0711 33.3661
      vertex 37.2255 -8.41253 32.9549
      vertex 37.8448 -8.54416 33.3661
    endloop
  endfacet
  facet normal -0.526585 0.141098 0.838331
    outer loop
      vertex 37.2674 -7.92144 32.8986
      vertex 37.1407 -8.39449 32.8986
      vertex 37.2255 -8.41253 32.9549
    endloop
  endfacet
  facet normal -0.608382 0.163017 0.776722
    outer loop
      vertex 37.9221 -8.56059 33.4301
      vertex 38.624 -8.20978 33.9062
      vertex 37.9715 -8.0711 33.3661
    endloop
  endfacet
  facet normal -0.608381 0.163014 0.776723
    outer loop
      vertex 38.624 -8.20978 33.9062
      vertex 37.9221 -8.56059 33.4301
      vertex 38.4972 -8.68284 33.9062
    endloop
  endfacet
  facet normal -0.608391 0.163017 0.776715
    outer loop
      vertex 37.9715 -8.0711 33.3661
      vertex 37.8448 -8.54416 33.3661
      vertex 37.9221 -8.56059 33.4301
    endloop
  endfacet
  facet normal -0.683479 0.183139 0.706623
    outer loop
      vertex 38.5665 -8.69756 33.977
      vertex 39.2176 -8.33597 34.5131
      vertex 38.624 -8.20978 33.9062
    endloop
  endfacet
  facet normal -0.68348 0.183143 0.706622
    outer loop
      vertex 39.2176 -8.33597 34.5131
      vertex 38.5665 -8.69756 33.977
      vertex 39.0909 -8.80902 34.5131
    endloop
  endfacet
  facet normal -0.683487 0.183139 0.706615
    outer loop
      vertex 38.624 -8.20978 33.9062
      vertex 38.4972 -8.68284 33.9062
      vertex 38.5665 -8.69756 33.977
    endloop
  endfacet
  facet normal -0.751073 0.201248 0.628799
    outer loop
      vertex 39.1517 -8.82196 34.5899
      vertex 39.746 -8.44827 35.1802
      vertex 39.2176 -8.33597 34.5131
    endloop
  endfacet
  facet normal -0.751073 0.201249 0.628799
    outer loop
      vertex 39.746 -8.44827 35.1802
      vertex 39.1517 -8.82196 34.5899
      vertex 39.6192 -8.92133 35.1802
    endloop
  endfacet
  facet normal -0.751052 0.201249 0.628825
    outer loop
      vertex 39.2176 -8.33597 34.5131
      vertex 39.0909 -8.80902 34.5131
      vertex 39.1517 -8.82196 34.5899
    endloop
  endfacet
  facet normal -0.810424 0.217152 0.544112
    outer loop
      vertex 39.6713 -8.93239 35.2621
      vertex 40.2032 -8.54546 35.9
      vertex 39.746 -8.44827 35.1802
    endloop
  endfacet
  facet normal -0.810424 0.217151 0.544112
    outer loop
      vertex 40.2032 -8.54546 35.9
      vertex 39.6713 -8.93239 35.2621
      vertex 40.0765 -9.01852 35.9
    endloop
  endfacet
  facet normal -0.810424 0.217152 0.544113
    outer loop
      vertex 39.746 -8.44827 35.1802
      vertex 39.6192 -8.92133 35.1802
      vertex 39.6713 -8.93239 35.2621
    endloop
  endfacet
  facet normal -0.860888 0.230674 0.453498
    outer loop
      vertex 40.1195 -9.02766 35.9862
      vertex 40.5844 -8.62648 36.6648
      vertex 40.2032 -8.54546 35.9
    endloop
  endfacet
  facet normal -0.860888 0.230673 0.453499
    outer loop
      vertex 40.5844 -8.62648 36.6648
      vertex 40.1195 -9.02766 35.9862
      vertex 40.4576 -9.09954 36.6648
    endloop
  endfacet
  facet normal -0.860891 0.230674 0.453493
    outer loop
      vertex 40.2032 -8.54546 35.9
      vertex 40.0765 -9.01852 35.9
      vertex 40.1195 -9.02766 35.9862
    endloop
  endfacet
  facet normal -0.901927 0.241676 0.357939
    outer loop
      vertex 40.4913 -9.10669 36.7545
      vertex 40.8853 -8.69043 37.4661
      vertex 40.5844 -8.62648 36.6648
    endloop
  endfacet
  facet normal -0.901927 0.24167 0.357943
    outer loop
      vertex 40.8853 -8.69043 37.4661
      vertex 40.4913 -9.10669 36.7545
      vertex 40.7585 -9.16349 37.4661
    endloop
  endfacet
  facet normal -0.90194 0.241673 0.357907
    outer loop
      vertex 40.5844 -8.62648 36.6648
      vertex 40.4576 -9.09954 36.6648
      vertex 40.4913 -9.10669 36.7545
    endloop
  endfacet
  facet normal -0.933098 0.250025 0.258488
    outer loop
      vertex 40.7827 -9.16863 37.5584
      vertex 41.1026 -8.73662 38.2951
      vertex 40.8853 -8.69043 37.4661
    endloop
  endfacet
  facet normal -0.933098 0.250022 0.25849
    outer loop
      vertex 41.1026 -8.73662 38.2951
      vertex 40.7827 -9.16863 37.5584
      vertex 40.9758 -9.20967 38.2951
    endloop
  endfacet
  facet normal -0.933102 0.250023 0.258475
    outer loop
      vertex 40.8853 -8.69043 37.4661
      vertex 40.7585 -9.16349 37.4661
      vertex 40.7827 -9.16863 37.5584
    endloop
  endfacet
  facet normal -0.954065 0.255642 0.156226
    outer loop
      vertex 40.9904 -9.21277 38.3892
      vertex 41.2339 -8.76453 39.1429
      vertex 41.1026 -8.73662 38.2951
    endloop
  endfacet
  facet normal -0.954066 0.25564 0.156228
    outer loop
      vertex 41.2339 -8.76453 39.1429
      vertex 40.9904 -9.21277 38.3892
      vertex 41.1071 -9.23759 39.1429
    endloop
  endfacet
  facet normal -0.954068 0.25564 0.156213
    outer loop
      vertex 41.1026 -8.73662 38.2951
      vertex 40.9758 -9.20967 38.2951
      vertex 40.9904 -9.21277 38.3892
    endloop
  endfacet
  facet normal -0.964606 0.258464 0.0522635
    outer loop
      vertex 41.112 -9.23863 39.2379
      vertex 41.2778 -8.77387 40
      vertex 41.2339 -8.76453 39.1429
    endloop
  endfacet
  facet normal -0.964606 0.258465 0.0522632
    outer loop
      vertex 41.2778 -8.77387 40
      vertex 41.112 -9.23863 39.2379
      vertex 41.1511 -9.24693 40
    endloop
  endfacet
  facet normal -0.964606 0.258464 0.052263
    outer loop
      vertex 41.2339 -8.76453 39.1429
      vertex 41.1071 -9.23759 39.1429
      vertex 41.112 -9.23863 39.2379
    endloop
  endfacet
  facet normal -0.998629 0.0523382 0
    outer loop
      vertex 37.9733 -0.510301 63.1524
      vertex 38 0 64.8476
      vertex 38 0 63.1524
    endloop
  endfacet
  facet normal -0.99863 0.0523357 7.4503e-007
    outer loop
      vertex 37.9733 -0.510301 63.1524
      vertex 37.8186 -3.46178 64.8476
      vertex 38 0 64.8476
    endloop
  endfacet
  facet normal -0.99863 0.0523357 6.9169e-007
    outer loop
      vertex 37.7918 -3.97208 63.1524
      vertex 37.8186 -3.46178 64.8476
      vertex 37.9733 -0.510301 63.1524
    endloop
  endfacet
  facet normal -0.998629 0.0523379 0
    outer loop
      vertex 37.8186 -3.46178 64.8476
      vertex 37.7918 -3.97208 63.1524
      vertex 37.7918 -3.97208 64.8476
    endloop
  endfacet
  facet normal -0.987689 -0.156432 0
    outer loop
      vertex 37.2495 7.39593 63.1524
      vertex 37.1696 7.90064 64.8476
      vertex 37.1696 7.90064 63.1524
    endloop
  endfacet
  facet normal -0.987688 -0.156435 9.44534e-007
    outer loop
      vertex 37.2495 7.39593 63.1524
      vertex 37.7119 4.47679 64.8476
      vertex 37.1696 7.90064 64.8476
    endloop
  endfacet
  facet normal -0.987688 -0.156435 1.03832e-006
    outer loop
      vertex 37.7918 3.97208 63.1524
      vertex 37.7119 4.47679 64.8476
      vertex 37.2495 7.39593 63.1524
    endloop
  endfacet
  facet normal -0.987689 -0.156431 0
    outer loop
      vertex 37.7918 3.97208 63.1524
      vertex 37.7918 3.97208 64.8476
      vertex 37.7119 4.47679 64.8476
    endloop
  endfacet
  facet normal -0.966337 -0.257281 0
    outer loop
      vertex 37.0372 8.39484 63.1524
      vertex 37.0373 8.39424 64.8476
      vertex 37.0372 8.39484 64.8476
    endloop
  endfacet
  facet normal -0.965925 -0.258821 -5.85213e-007
    outer loop
      vertex 37.1696 7.90064 63.1524
      vertex 37.0373 8.39424 64.8476
      vertex 37.0372 8.39484 63.1524
    endloop
  endfacet
  facet normal -0.965925 -0.258822 0
    outer loop
      vertex 37.1696 7.90064 63.1524
      vertex 37.1696 7.90064 64.8476
      vertex 37.0373 8.39424 64.8476
    endloop
  endfacet
  facet normal -0.998629 -0.0523379 0
    outer loop
      vertex 37.8186 3.46178 63.1524
      vertex 37.7918 3.97208 64.8476
      vertex 37.7918 3.97208 63.1524
    endloop
  endfacet
  facet normal -0.99863 -0.0523357 -6.9169e-007
    outer loop
      vertex 37.8186 3.46178 63.1524
      vertex 37.9733 0.510301 64.8476
      vertex 37.7918 3.97208 64.8476
    endloop
  endfacet
  facet normal -0.99863 -0.0523357 -7.4503e-007
    outer loop
      vertex 38 0 63.1524
      vertex 37.9733 0.510301 64.8476
      vertex 37.8186 3.46178 63.1524
    endloop
  endfacet
  facet normal -0.998629 -0.0523382 0
    outer loop
      vertex 37.9733 0.510301 64.8476
      vertex 38 0 63.1524
      vertex 38 0 64.8476
    endloop
  endfacet
  facet normal -0.987689 0.156431 0
    outer loop
      vertex 37.7119 -4.47679 63.1524
      vertex 37.7918 -3.97208 64.8476
      vertex 37.7918 -3.97208 63.1524
    endloop
  endfacet
  facet normal -0.987688 0.156435 -1.03832e-006
    outer loop
      vertex 37.7119 -4.47679 63.1524
      vertex 37.2495 -7.39593 64.8476
      vertex 37.7918 -3.97208 64.8476
    endloop
  endfacet
  facet normal -0.987688 0.156435 -9.44534e-007
    outer loop
      vertex 37.1696 -7.90064 63.1524
      vertex 37.2495 -7.39593 64.8476
      vertex 37.7119 -4.47679 63.1524
    endloop
  endfacet
  facet normal -0.987689 0.156432 0
    outer loop
      vertex 37.2495 -7.39593 64.8476
      vertex 37.1696 -7.90064 63.1524
      vertex 37.1696 -7.90064 64.8476
    endloop
  endfacet
  facet normal -0.965926 0.258818 0
    outer loop
      vertex 37.0429 -8.3737 63.1524
      vertex 37.1696 -7.90064 64.8476
      vertex 37.1696 -7.90064 63.1524
    endloop
  endfacet
  facet normal -0.965926 0.258818 0
    outer loop
      vertex 37.1696 -7.90064 64.8476
      vertex 37.0429 -8.3737 63.1524
      vertex 37.0429 -8.3737 64.8476
    endloop
  endfacet
  facet normal -0.964605 -0.258467 -0.0522622
    outer loop
      vertex 41.2339 8.76453 56.8571
      vertex 41.1015 9.25873 56.8571
      vertex 41.1066 9.25981 56.7579
    endloop
  endfacet
  facet normal -0.964605 -0.258467 -0.0522636
    outer loop
      vertex 41.2778 8.77387 56
      vertex 41.1066 9.25981 56.7579
      vertex 41.1454 9.26807 56
    endloop
  endfacet
  facet normal -0.964605 -0.258467 -0.0522635
    outer loop
      vertex 41.1066 9.25981 56.7579
      vertex 41.2778 8.77387 56
      vertex 41.2339 8.76453 56.8571
    endloop
  endfacet
  facet normal -0.954066 -0.255642 -0.156223
    outer loop
      vertex 41.1026 8.73662 57.7049
      vertex 40.9701 9.23081 57.7049
      vertex 40.9854 9.23405 57.6066
    endloop
  endfacet
  facet normal -0.954065 -0.255642 -0.156227
    outer loop
      vertex 41.2339 8.76453 56.8571
      vertex 40.9854 9.23405 57.6066
      vertex 41.1015 9.25873 56.8571
    endloop
  endfacet
  facet normal -0.954065 -0.255643 -0.156226
    outer loop
      vertex 40.9854 9.23405 57.6066
      vertex 41.2339 8.76453 56.8571
      vertex 41.1026 8.73662 57.7049
    endloop
  endfacet
  facet normal -0.933098 -0.250024 -0.258487
    outer loop
      vertex 40.8853 8.69043 58.5339
      vertex 40.7528 9.18462 58.5339
      vertex 40.7781 9.19 58.4375
    endloop
  endfacet
  facet normal -0.933098 -0.250024 -0.258488
    outer loop
      vertex 41.1026 8.73662 57.7049
      vertex 40.7781 9.19 58.4375
      vertex 40.9701 9.23081 57.7049
    endloop
  endfacet
  facet normal -0.933098 -0.250024 -0.258488
    outer loop
      vertex 40.7781 9.19 58.4375
      vertex 41.1026 8.73662 57.7049
      vertex 40.8853 8.69043 58.5339
    endloop
  endfacet
  facet normal -0.90193 -0.241673 -0.357934
    outer loop
      vertex 40.5844 8.62648 59.3352
      vertex 40.452 9.12067 59.3352
      vertex 40.4872 9.12815 59.2415
    endloop
  endfacet
  facet normal -0.901927 -0.241672 -0.357941
    outer loop
      vertex 40.8853 8.69043 58.5339
      vertex 40.4872 9.12815 59.2415
      vertex 40.7528 9.18462 58.5339
    endloop
  endfacet
  facet normal -0.901927 -0.241673 -0.35794
    outer loop
      vertex 40.4872 9.12815 59.2415
      vertex 40.8853 8.69043 58.5339
      vertex 40.5844 8.62648 59.3352
    endloop
  endfacet
  facet normal -0.860881 -0.230674 -0.453512
    outer loop
      vertex 40.2032 8.54546 60.1
      vertex 40.0708 9.03966 60.1
      vertex 40.1157 9.0492 60.0099
    endloop
  endfacet
  facet normal -0.86089 -0.230676 -0.453494
    outer loop
      vertex 40.5844 8.62648 59.3352
      vertex 40.1157 9.0492 60.0099
      vertex 40.452 9.12067 59.3352
    endloop
  endfacet
  facet normal -0.86089 -0.230672 -0.453497
    outer loop
      vertex 40.1157 9.0492 60.0099
      vertex 40.5844 8.62648 59.3352
      vertex 40.2032 8.54546 60.1
    endloop
  endfacet
  facet normal -0.810421 -0.217153 -0.544117
    outer loop
      vertex 39.746 8.44827 60.8198
      vertex 39.6136 8.94246 60.8198
      vertex 39.6679 8.95402 60.7342
    endloop
  endfacet
  facet normal -0.810424 -0.217154 -0.544111
    outer loop
      vertex 40.2032 8.54546 60.1
      vertex 39.6679 8.95402 60.7342
      vertex 40.0708 9.03966 60.1
    endloop
  endfacet
  facet normal -0.810424 -0.217152 -0.544112
    outer loop
      vertex 39.6679 8.95402 60.7342
      vertex 40.2032 8.54546 60.1
      vertex 39.746 8.44827 60.8198
    endloop
  endfacet
  facet normal -0.751086 -0.201254 -0.628781
    outer loop
      vertex 39.2176 8.33597 61.4869
      vertex 39.0852 8.83016 61.4869
      vertex 39.1488 8.84367 61.4066
    endloop
  endfacet
  facet normal -0.751071 -0.20125 -0.628802
    outer loop
      vertex 39.746 8.44827 60.8198
      vertex 39.1488 8.84367 61.4066
      vertex 39.6136 8.94246 60.8198
    endloop
  endfacet
  facet normal -0.751071 -0.201255 -0.628799
    outer loop
      vertex 39.1488 8.84367 61.4066
      vertex 39.746 8.44827 60.8198
      vertex 39.2176 8.33597 61.4869
    endloop
  endfacet
  facet normal -0.683484 -0.183135 -0.70662
    outer loop
      vertex 38.624 8.20978 62.0938
      vertex 38.4916 8.70398 62.0938
      vertex 38.5639 8.71936 62.0198
    endloop
  endfacet
  facet normal -0.68348 -0.183135 -0.706623
    outer loop
      vertex 38.5639 8.71936 62.0198
      vertex 39.2176 8.33597 61.4869
      vertex 38.624 8.20978 62.0938
    endloop
  endfacet
  facet normal -0.683481 -0.183139 -0.706621
    outer loop
      vertex 39.2176 8.33597 61.4869
      vertex 38.5639 8.71936 62.0198
      vertex 39.0852 8.83016 61.4869
    endloop
  endfacet
  facet normal -0.608364 -0.163011 -0.776737
    outer loop
      vertex 37.9715 8.0711 62.6339
      vertex 37.8391 8.56529 62.6339
      vertex 37.9199 8.58246 62.5671
    endloop
  endfacet
  facet normal -0.60838 -0.163011 -0.776724
    outer loop
      vertex 37.9199 8.58246 62.5671
      vertex 38.624 8.20978 62.0938
      vertex 37.9715 8.0711 62.6339
    endloop
  endfacet
  facet normal -0.60838 -0.163011 -0.776724
    outer loop
      vertex 38.624 8.20978 62.0938
      vertex 37.9199 8.58246 62.5671
      vertex 38.4916 8.70398 62.0938
    endloop
  endfacet
  facet normal -0.526588 -0.1411 -0.838329
    outer loop
      vertex 37.2674 7.92144 63.1014
      vertex 37.135 8.41563 63.1014
      vertex 37.2237 8.43447 63.0425
    endloop
  endfacet
  facet normal -0.526591 -0.1411 -0.838328
    outer loop
      vertex 37.2237 8.43447 63.0425
      vertex 37.9715 8.0711 62.6339
      vertex 37.2674 7.92144 63.1014
    endloop
  endfacet
  facet normal -0.526591 -0.1411 -0.838327
    outer loop
      vertex 37.9715 8.0711 62.6339
      vertex 37.2237 8.43447 63.0425
      vertex 37.8391 8.56529 62.6339
    endloop
  endfacet
  facet normal -0.438982 -0.117625 -0.890763
    outer loop
      vertex 37.1696 7.90064 63.1524
      vertex 37.135 8.41563 63.1014
      vertex 37.2674 7.92144 63.1014
    endloop
  endfacet
  facet normal -0.438981 -0.117625 -0.890764
    outer loop
      vertex 37.135 8.41563 63.1014
      vertex 37.1696 7.90064 63.1524
      vertex 37.0372 8.39484 63.1524
    endloop
  endfacet
  facet normal -0.439004 -0.117631 0.890752
    outer loop
      vertex 37.135 8.41563 48.8986
      vertex 37.0373 8.39424 48.8476
      vertex 37.2674 7.92144 48.8986
    endloop
  endfacet
  facet normal -0.439166 -0.116925 0.890765
    outer loop
      vertex 37.0373 8.39424 48.8476
      vertex 37.135 8.41563 48.8986
      vertex 37.0372 8.39484 48.8476
    endloop
  endfacet
  facet normal -0.439008 -0.117633 0.89075
    outer loop
      vertex 37.2674 7.92144 48.8986
      vertex 37.0373 8.39424 48.8476
      vertex 37.1696 7.90064 48.8476
    endloop
  endfacet
  facet normal -0.52659 -0.1411 0.838328
    outer loop
      vertex 37.8391 8.56529 49.3661
      vertex 37.7488 8.54609 49.3061
      vertex 37.9715 8.0711 49.3661
    endloop
  endfacet
  facet normal -0.526588 -0.141099 0.83833
    outer loop
      vertex 37.7488 8.54609 49.3061
      vertex 37.2674 7.92144 48.8986
      vertex 37.9715 8.0711 49.3661
    endloop
  endfacet
  facet normal -0.526587 -0.141099 0.83833
    outer loop
      vertex 37.2674 7.92144 48.8986
      vertex 37.7488 8.54609 49.3061
      vertex 37.135 8.41563 48.8986
    endloop
  endfacet
  facet normal -0.608379 -0.163011 0.776725
    outer loop
      vertex 38.4916 8.70398 49.9062
      vertex 38.4094 8.68651 49.8382
      vertex 38.624 8.20978 49.9062
    endloop
  endfacet
  facet normal -0.608383 -0.163013 0.776722
    outer loop
      vertex 38.4094 8.68651 49.8382
      vertex 37.9715 8.0711 49.3661
      vertex 38.624 8.20978 49.9062
    endloop
  endfacet
  facet normal -0.60838 -0.163016 0.776723
    outer loop
      vertex 37.9715 8.0711 49.3661
      vertex 38.4094 8.68651 49.8382
      vertex 37.8391 8.56529 49.3661
    endloop
  endfacet
  facet normal -0.683491 -0.183142 0.706611
    outer loop
      vertex 39.0852 8.83016 50.5131
      vertex 39.0117 8.81454 50.438
      vertex 39.2176 8.33597 50.5131
    endloop
  endfacet
  facet normal -0.68348 -0.183135 0.706623
    outer loop
      vertex 39.0117 8.81454 50.438
      vertex 38.624 8.20978 49.9062
      vertex 39.2176 8.33597 50.5131
    endloop
  endfacet
  facet normal -0.683481 -0.183134 0.706623
    outer loop
      vertex 38.624 8.20978 49.9062
      vertex 39.0117 8.81454 50.438
      vertex 38.4916 8.70398 49.9062
    endloop
  endfacet
  facet normal -0.751072 -0.20125 0.6288
    outer loop
      vertex 39.6136 8.94246 51.1802
      vertex 39.5492 8.92877 51.0988
      vertex 39.746 8.44827 51.1802
    endloop
  endfacet
  facet normal -0.751073 -0.201251 0.628799
    outer loop
      vertex 39.0852 8.83016 50.5131
      vertex 39.746 8.44827 51.1802
      vertex 39.5492 8.92877 51.0988
    endloop
  endfacet
  facet normal -0.751073 -0.20125 0.628799
    outer loop
      vertex 39.746 8.44827 51.1802
      vertex 39.0852 8.83016 50.5131
      vertex 39.2176 8.33597 50.5131
    endloop
  endfacet
  facet normal -0.81043 -0.217155 0.544102
    outer loop
      vertex 40.0708 9.03966 51.9
      vertex 40.0158 9.02797 51.8134
      vertex 40.2032 8.54546 51.9
    endloop
  endfacet
  facet normal -0.810424 -0.217151 0.544113
    outer loop
      vertex 39.6136 8.94246 51.1802
      vertex 40.2032 8.54546 51.9
      vertex 40.0158 9.02797 51.8134
    endloop
  endfacet
  facet normal -0.810424 -0.217154 0.544112
    outer loop
      vertex 40.2032 8.54546 51.9
      vertex 39.6136 8.94246 51.1802
      vertex 39.746 8.44827 51.1802
    endloop
  endfacet
  facet normal -0.860891 -0.230676 0.453491
    outer loop
      vertex 40.452 9.12067 52.6648
      vertex 40.4066 9.11104 52.5738
      vertex 40.5844 8.62648 52.6648
    endloop
  endfacet
  facet normal -0.860888 -0.230674 0.453499
    outer loop
      vertex 40.0708 9.03966 51.9
      vertex 40.5844 8.62648 52.6648
      vertex 40.4066 9.11104 52.5738
    endloop
  endfacet
  facet normal -0.860888 -0.230675 0.453498
    outer loop
      vertex 40.5844 8.62648 52.6648
      vertex 40.0708 9.03966 51.9
      vertex 40.2032 8.54546 51.9
    endloop
  endfacet
  facet normal -0.901934 -0.241674 0.357923
    outer loop
      vertex 40.7528 9.18462 53.4661
      vertex 40.7174 9.17709 53.3717
      vertex 40.8853 8.69043 53.4661
    endloop
  endfacet
  facet normal -0.901927 -0.241672 0.357941
    outer loop
      vertex 40.5844 8.62648 52.6648
      vertex 40.7174 9.17709 53.3717
      vertex 40.452 9.12067 52.6648
    endloop
  endfacet
  facet normal -0.901929 -0.241669 0.357939
    outer loop
      vertex 40.7174 9.17709 53.3717
      vertex 40.5844 8.62648 52.6648
      vertex 40.8853 8.69043 53.4661
    endloop
  endfacet
  facet normal -0.933099 -0.250025 0.258483
    outer loop
      vertex 40.9701 9.23081 54.2951
      vertex 40.9447 9.22541 54.1982
      vertex 41.1026 8.73662 54.2951
    endloop
  endfacet
  facet normal -0.933098 -0.250024 0.258489
    outer loop
      vertex 40.8853 8.69043 53.4661
      vertex 40.9447 9.22541 54.1982
      vertex 40.7528 9.18462 53.4661
    endloop
  endfacet
  facet normal -0.933098 -0.250023 0.258488
    outer loop
      vertex 40.9447 9.22541 54.1982
      vertex 40.8853 8.69043 53.4661
      vertex 41.1026 8.73662 54.2951
    endloop
  endfacet
  facet normal -0.954065 -0.255642 0.156228
    outer loop
      vertex 41.1015 9.25873 55.1429
      vertex 41.0862 9.25548 55.0443
      vertex 41.2339 8.76453 55.1429
    endloop
  endfacet
  facet normal -0.954065 -0.255642 0.156226
    outer loop
      vertex 41.1026 8.73662 54.2951
      vertex 41.0862 9.25548 55.0443
      vertex 40.9701 9.23081 54.2951
    endloop
  endfacet
  facet normal -0.954065 -0.255643 0.156226
    outer loop
      vertex 41.0862 9.25548 55.0443
      vertex 41.1026 8.73662 54.2951
      vertex 41.2339 8.76453 55.1429
    endloop
  endfacet
  facet normal -0.964606 -0.258467 0.0522456
    outer loop
      vertex 41.1454 9.26807 56
      vertex 41.1403 9.26698 55.9006
      vertex 41.2778 8.77387 56
    endloop
  endfacet
  facet normal -0.964605 -0.258467 0.0522658
    outer loop
      vertex 41.2339 8.76453 55.1429
      vertex 41.1403 9.26698 55.9006
      vertex 41.1015 9.25873 55.1429
    endloop
  endfacet
  facet normal -0.964606 -0.258463 0.0522635
    outer loop
      vertex 41.1403 9.26698 55.9006
      vertex 41.2339 8.76453 55.1429
      vertex 41.2778 8.77387 56
    endloop
  endfacet
  facet normal -0.986339 -0.15622 -0.0522633
    outer loop
      vertex 41.9241 4.40641 56.8571
      vertex 41.2339 8.76453 56.8571
      vertex 41.2778 8.77387 56
    endloop
  endfacet
  facet normal -0.986339 -0.15622 -0.0522639
    outer loop
      vertex 41.9241 4.40641 56.8571
      vertex 41.2778 8.77387 56
      vertex 41.9688 4.4111 56
    endloop
  endfacet
  facet normal -0.975561 -0.154514 -0.156226
    outer loop
      vertex 41.7906 4.39237 57.7049
      vertex 41.1026 8.73662 57.7049
      vertex 41.2339 8.76453 56.8571
    endloop
  endfacet
  facet normal -0.975561 -0.154513 -0.156225
    outer loop
      vertex 41.7906 4.39237 57.7049
      vertex 41.2339 8.76453 56.8571
      vertex 41.9241 4.40641 56.8571
    endloop
  endfacet
  facet normal -0.954121 -0.151118 -0.258488
    outer loop
      vertex 41.5697 4.36915 58.5339
      vertex 40.8853 8.69043 58.5339
      vertex 41.1026 8.73662 57.7049
    endloop
  endfacet
  facet normal -0.954122 -0.151118 -0.258486
    outer loop
      vertex 41.5697 4.36915 58.5339
      vertex 41.1026 8.73662 57.7049
      vertex 41.7906 4.39237 57.7049
    endloop
  endfacet
  facet normal -0.922249 -0.14607 -0.35794
    outer loop
      vertex 41.2638 4.337 59.3352
      vertex 40.5844 8.62648 59.3352
      vertex 40.8853 8.69043 58.5339
    endloop
  endfacet
  facet normal -0.922248 -0.14607 -0.357943
    outer loop
      vertex 41.2638 4.337 59.3352
      vertex 40.8853 8.69043 58.5339
      vertex 41.5697 4.36915 58.5339
    endloop
  endfacet
  facet normal -0.880285 -0.139424 -0.453496
    outer loop
      vertex 40.8763 4.29627 60.1
      vertex 40.2032 8.54546 60.1
      vertex 40.5844 8.62648 59.3352
    endloop
  endfacet
  facet normal -0.880286 -0.139423 -0.453494
    outer loop
      vertex 40.8763 4.29627 60.1
      vertex 40.5844 8.62648 59.3352
      vertex 41.2638 4.337 59.3352
    endloop
  endfacet
  facet normal -0.828683 -0.13125 -0.544112
    outer loop
      vertex 40.4113 4.2474 60.8198
      vertex 39.746 8.44827 60.8198
      vertex 40.2032 8.54546 60.1
    endloop
  endfacet
  facet normal -0.828682 -0.131251 -0.544113
    outer loop
      vertex 40.4113 4.2474 60.8198
      vertex 40.2032 8.54546 60.1
      vertex 40.8763 4.29627 60.1
    endloop
  endfacet
  facet normal -0.767995 -0.121638 -0.628799
    outer loop
      vertex 39.8741 4.19094 61.4869
      vertex 39.2176 8.33597 61.4869
      vertex 39.746 8.44827 60.8198
    endloop
  endfacet
  facet normal -0.767994 -0.121638 -0.6288
    outer loop
      vertex 39.8741 4.19094 61.4869
      vertex 39.746 8.44827 60.8198
      vertex 40.4113 4.2474 60.8198
    endloop
  endfacet
  facet normal -0.698878 -0.110692 -0.706623
    outer loop
      vertex 39.2706 4.1275 62.0938
      vertex 38.624 8.20978 62.0938
      vertex 39.2176 8.33597 61.4869
    endloop
  endfacet
  facet normal -0.698881 -0.110692 -0.706621
    outer loop
      vertex 39.2706 4.1275 62.0938
      vertex 39.2176 8.33597 61.4869
      vertex 39.8741 4.19094 61.4869
    endloop
  endfacet
  facet normal -0.622086 -0.0985287 -0.776724
    outer loop
      vertex 38.6072 4.05778 62.6339
      vertex 37.9715 8.0711 62.6339
      vertex 38.624 8.20978 62.0938
    endloop
  endfacet
  facet normal -0.622085 -0.0985289 -0.776726
    outer loop
      vertex 39.2706 4.1275 62.0938
      vertex 38.6072 4.05778 62.6339
      vertex 38.624 8.20978 62.0938
    endloop
  endfacet
  facet normal -0.538455 -0.0852832 -0.838328
    outer loop
      vertex 37.8913 3.98253 63.1014
      vertex 37.2674 7.92144 63.1014
      vertex 37.9715 8.0711 62.6339
    endloop
  endfacet
  facet normal -0.538457 -0.0852831 -0.838326
    outer loop
      vertex 38.6072 4.05778 62.6339
      vertex 37.8913 3.98253 63.1014
      vertex 37.9715 8.0711 62.6339
    endloop
  endfacet
  facet normal -0.448873 -0.0710932 -0.890763
    outer loop
      vertex 37.1696 7.90064 63.1524
      vertex 37.2674 7.92144 63.1014
      vertex 37.2495 7.39593 63.1524
    endloop
  endfacet
  facet normal -0.448862 -0.071093 -0.890768
    outer loop
      vertex 37.2495 7.39593 63.1524
      vertex 37.8913 3.98253 63.1014
      vertex 37.7918 3.97208 63.1524
    endloop
  endfacet
  facet normal -0.448866 -0.0710937 -0.890766
    outer loop
      vertex 37.8913 3.98253 63.1014
      vertex 37.2495 7.39593 63.1524
      vertex 37.2674 7.92144 63.1014
    endloop
  endfacet
  facet normal -0.448896 -0.0710984 0.890751
    outer loop
      vertex 37.2674 7.92144 48.8986
      vertex 37.7119 4.47679 48.8476
      vertex 37.8913 3.98253 48.8986
    endloop
  endfacet
  facet normal -0.448899 -0.0710988 0.89075
    outer loop
      vertex 37.2674 7.92144 48.8986
      vertex 37.1696 7.90064 48.8476
      vertex 37.7119 4.47679 48.8476
    endloop
  endfacet
  facet normal -0.448889 -0.0710957 0.890755
    outer loop
      vertex 37.8913 3.98253 48.8986
      vertex 37.7119 4.47679 48.8476
      vertex 37.7918 3.97208 48.8476
    endloop
  endfacet
  facet normal -0.538452 -0.0852823 0.83833
    outer loop
      vertex 37.9715 8.0711 49.3661
      vertex 37.2674 7.92144 48.8986
      vertex 38.6072 4.05778 49.3661
    endloop
  endfacet
  facet normal -0.538454 -0.085283 0.838328
    outer loop
      vertex 38.6072 4.05778 49.3661
      vertex 37.2674 7.92144 48.8986
      vertex 37.8913 3.98253 48.8986
    endloop
  endfacet
  facet normal -0.622089 -0.0985296 0.776722
    outer loop
      vertex 38.624 8.20978 49.9062
      vertex 37.9715 8.0711 49.3661
      vertex 39.2706 4.1275 49.9062
    endloop
  endfacet
  facet normal -0.622087 -0.0985288 0.776724
    outer loop
      vertex 39.2706 4.1275 49.9062
      vertex 37.9715 8.0711 49.3661
      vertex 38.6072 4.05778 49.3661
    endloop
  endfacet
  facet normal -0.698878 -0.110691 0.706623
    outer loop
      vertex 39.2176 8.33597 50.5131
      vertex 38.624 8.20978 49.9062
      vertex 39.8741 4.19094 50.5131
    endloop
  endfacet
  facet normal -0.698881 -0.110692 0.706621
    outer loop
      vertex 39.8741 4.19094 50.5131
      vertex 38.624 8.20978 49.9062
      vertex 39.2706 4.1275 49.9062
    endloop
  endfacet
  facet normal -0.767995 -0.121638 0.628799
    outer loop
      vertex 39.746 8.44827 51.1802
      vertex 39.2176 8.33597 50.5131
      vertex 40.4113 4.2474 51.1802
    endloop
  endfacet
  facet normal -0.767994 -0.121638 0.6288
    outer loop
      vertex 40.4113 4.2474 51.1802
      vertex 39.2176 8.33597 50.5131
      vertex 39.8741 4.19094 50.5131
    endloop
  endfacet
  facet normal -0.828683 -0.131251 0.544112
    outer loop
      vertex 40.2032 8.54546 51.9
      vertex 39.746 8.44827 51.1802
      vertex 40.8763 4.29627 51.9
    endloop
  endfacet
  facet normal -0.828682 -0.13125 0.544113
    outer loop
      vertex 40.8763 4.29627 51.9
      vertex 39.746 8.44827 51.1802
      vertex 40.4113 4.2474 51.1802
    endloop
  endfacet
  facet normal -0.880284 -0.139423 0.453498
    outer loop
      vertex 40.5844 8.62648 52.6648
      vertex 40.2032 8.54546 51.9
      vertex 41.2638 4.337 52.6648
    endloop
  endfacet
  facet normal -0.880285 -0.139424 0.453496
    outer loop
      vertex 41.2638 4.337 52.6648
      vertex 40.2032 8.54546 51.9
      vertex 40.8763 4.29627 51.9
    endloop
  endfacet
  facet normal -0.922249 -0.14607 0.357939
    outer loop
      vertex 40.8853 8.69043 53.4661
      vertex 40.5844 8.62648 52.6648
      vertex 41.5697 4.36915 53.4661
    endloop
  endfacet
  facet normal -0.922248 -0.14607 0.357941
    outer loop
      vertex 41.5697 4.36915 53.4661
      vertex 40.5844 8.62648 52.6648
      vertex 41.2638 4.337 52.6648
    endloop
  endfacet
  facet normal -0.954121 -0.151118 0.258488
    outer loop
      vertex 41.1026 8.73662 54.2951
      vertex 40.8853 8.69043 53.4661
      vertex 41.7906 4.39237 54.2951
    endloop
  endfacet
  facet normal -0.954122 -0.151118 0.258486
    outer loop
      vertex 41.7906 4.39237 54.2951
      vertex 40.8853 8.69043 53.4661
      vertex 41.5697 4.36915 53.4661
    endloop
  endfacet
  facet normal -0.975561 -0.154513 0.156226
    outer loop
      vertex 41.2339 8.76453 55.1429
      vertex 41.1026 8.73662 54.2951
      vertex 41.9241 4.40641 55.1429
    endloop
  endfacet
  facet normal -0.975561 -0.154514 0.156225
    outer loop
      vertex 41.9241 4.40641 55.1429
      vertex 41.1026 8.73662 54.2951
      vertex 41.7906 4.39237 54.2951
    endloop
  endfacet
  facet normal -0.986339 -0.15622 0.0522633
    outer loop
      vertex 41.2778 8.77387 56
      vertex 41.2339 8.76453 55.1429
      vertex 41.9688 4.4111 56
    endloop
  endfacet
  facet normal -0.986339 -0.15622 0.0522639
    outer loop
      vertex 41.9688 4.4111 56
      vertex 41.2339 8.76453 55.1429
      vertex 41.9241 4.40641 55.1429
    endloop
  endfacet
  facet normal -0.997265 -0.0522645 -0.052264
    outer loop
      vertex 42.1551 0 56.8571
      vertex 41.9241 4.40641 56.8571
      vertex 41.9688 4.4111 56
    endloop
  endfacet
  facet normal -0.997265 -0.0522649 -0.0522662
    outer loop
      vertex 42.1551 0 56.8571
      vertex 41.9688 4.4111 56
      vertex 42.2 0 56
    endloop
  endfacet
  facet normal -0.986368 -0.0516933 -0.156225
    outer loop
      vertex 42.0208 0 57.7049
      vertex 41.7906 4.39237 57.7049
      vertex 41.9241 4.40641 56.8571
    endloop
  endfacet
  facet normal -0.986368 -0.0516934 -0.156226
    outer loop
      vertex 42.0208 0 57.7049
      vertex 41.9241 4.40641 56.8571
      vertex 42.1551 0 56.8571
    endloop
  endfacet
  facet normal -0.964691 -0.0505573 -0.258486
    outer loop
      vertex 41.7987 0 58.5339
      vertex 41.5697 4.36915 58.5339
      vertex 41.7906 4.39237 57.7049
    endloop
  endfacet
  facet normal -0.964691 -0.0505573 -0.258486
    outer loop
      vertex 41.7987 0 58.5339
      vertex 41.7906 4.39237 57.7049
      vertex 42.0208 0 57.7049
    endloop
  endfacet
  facet normal -0.932464 -0.0488689 -0.357943
    outer loop
      vertex 41.4911 0 59.3352
      vertex 41.2638 4.337 59.3352
      vertex 41.5697 4.36915 58.5339
    endloop
  endfacet
  facet normal -0.932465 -0.0488684 -0.35794
    outer loop
      vertex 41.7987 0 58.5339
      vertex 41.4911 0 59.3352
      vertex 41.5697 4.36915 58.5339
    endloop
  endfacet
  facet normal -0.890038 -0.0466451 -0.453494
    outer loop
      vertex 41.1014 0 60.1
      vertex 40.8763 4.29627 60.1
      vertex 41.2638 4.337 59.3352
    endloop
  endfacet
  facet normal -0.890037 -0.0466454 -0.453496
    outer loop
      vertex 41.4911 0 59.3352
      vertex 41.1014 0 60.1
      vertex 41.2638 4.337 59.3352
    endloop
  endfacet
  facet normal -0.837862 -0.0439101 -0.544113
    outer loop
      vertex 40.6339 0 60.8198
      vertex 40.4113 4.2474 60.8198
      vertex 40.8763 4.29627 60.1
    endloop
  endfacet
  facet normal -0.837861 -0.0439106 -0.544115
    outer loop
      vertex 41.1014 0 60.1
      vertex 40.6339 0 60.8198
      vertex 40.8763 4.29627 60.1
    endloop
  endfacet
  facet normal -0.776501 -0.0406949 -0.6288
    outer loop
      vertex 40.0938 0 61.4869
      vertex 39.8741 4.19094 61.4869
      vertex 40.4113 4.2474 60.8198
    endloop
  endfacet
  facet normal -0.776503 -0.0406945 -0.628799
    outer loop
      vertex 40.6339 0 60.8198
      vertex 40.0938 0 61.4869
      vertex 40.4113 4.2474 60.8198
    endloop
  endfacet
  facet normal -0.706623 -0.0370324 -0.706621
    outer loop
      vertex 39.4869 0 62.0938
      vertex 39.2706 4.1275 62.0938
      vertex 39.8741 4.19094 61.4869
    endloop
  endfacet
  facet normal -0.706622 -0.0370326 -0.706622
    outer loop
      vertex 40.0938 0 61.4869
      vertex 39.4869 0 62.0938
      vertex 39.8741 4.19094 61.4869
    endloop
  endfacet
  facet normal -0.628976 -0.0329636 -0.776726
    outer loop
      vertex 38.8198 0 62.6339
      vertex 38.6072 4.05778 62.6339
      vertex 39.2706 4.1275 62.0938
    endloop
  endfacet
  facet normal -0.628978 -0.0329632 -0.776724
    outer loop
      vertex 39.4869 0 62.0938
      vertex 38.8198 0 62.6339
      vertex 39.2706 4.1275 62.0938
    endloop
  endfacet
  facet normal -0.544421 -0.0285316 -0.838326
    outer loop
      vertex 38.1 0 63.1014
      vertex 37.8913 3.98253 63.1014
      vertex 38.6072 4.05778 62.6339
    endloop
  endfacet
  facet normal -0.544419 -0.0285321 -0.838328
    outer loop
      vertex 38.8198 0 62.6339
      vertex 38.1 0 63.1014
      vertex 38.6072 4.05778 62.6339
    endloop
  endfacet
  facet normal -0.453835 -0.0237854 -0.890768
    outer loop
      vertex 37.7918 3.97208 63.1524
      vertex 37.8913 3.98253 63.1014
      vertex 37.8186 3.46178 63.1524
    endloop
  endfacet
  facet normal -0.453843 -0.0237848 -0.890764
    outer loop
      vertex 37.8186 3.46178 63.1524
      vertex 38.1 0 63.1014
      vertex 38 0 63.1524
    endloop
  endfacet
  facet normal -0.45384 -0.0237845 -0.890766
    outer loop
      vertex 38.1 0 63.1014
      vertex 37.8186 3.46178 63.1524
      vertex 37.8913 3.98253 63.1014
    endloop
  endfacet
  facet normal -0.453865 -0.0237858 0.890753
    outer loop
      vertex 37.8913 3.98253 48.8986
      vertex 37.9733 0.510301 48.8476
      vertex 38.1 0 48.8986
    endloop
  endfacet
  facet normal -0.453862 -0.0237857 0.890755
    outer loop
      vertex 37.8913 3.98253 48.8986
      vertex 37.7918 3.97208 48.8476
      vertex 37.9733 0.510301 48.8476
    endloop
  endfacet
  facet normal -0.45387 -0.0237873 0.89075
    outer loop
      vertex 38.1 0 48.8986
      vertex 37.9733 0.510301 48.8476
      vertex 38 0 48.8476
    endloop
  endfacet
  facet normal -0.544418 -0.0285321 0.838328
    outer loop
      vertex 38.6072 4.05778 49.3661
      vertex 37.8913 3.98253 48.8986
      vertex 38.8198 0 49.3661
    endloop
  endfacet
  facet normal -0.544416 -0.0285313 0.83833
    outer loop
      vertex 38.8198 0 49.3661
      vertex 37.8913 3.98253 48.8986
      vertex 38.1 0 48.8986
    endloop
  endfacet
  facet normal -0.628979 -0.0329633 0.776724
    outer loop
      vertex 39.2706 4.1275 49.9062
      vertex 38.6072 4.05778 49.3661
      vertex 39.4869 0 49.9062
    endloop
  endfacet
  facet normal -0.62898 -0.0329639 0.776722
    outer loop
      vertex 39.4869 0 49.9062
      vertex 38.6072 4.05778 49.3661
      vertex 38.8198 0 49.3661
    endloop
  endfacet
  facet normal -0.706623 -0.0370327 0.706621
    outer loop
      vertex 39.8741 4.19094 50.5131
      vertex 39.2706 4.1275 49.9062
      vertex 40.0938 0 50.5131
    endloop
  endfacet
  facet normal -0.706622 -0.0370323 0.706622
    outer loop
      vertex 40.0938 0 50.5131
      vertex 39.2706 4.1275 49.9062
      vertex 39.4869 0 49.9062
    endloop
  endfacet
  facet normal -0.776501 -0.0406944 0.6288
    outer loop
      vertex 40.4113 4.2474 51.1802
      vertex 39.8741 4.19094 50.5131
      vertex 40.6339 0 51.1802
    endloop
  endfacet
  facet normal -0.776503 -0.0406949 0.628798
    outer loop
      vertex 40.6339 0 51.1802
      vertex 39.8741 4.19094 50.5131
      vertex 40.0938 0 50.5131
    endloop
  endfacet
  facet normal -0.837862 -0.0439107 0.544113
    outer loop
      vertex 40.8763 4.29627 51.9
      vertex 40.4113 4.2474 51.1802
      vertex 41.1014 0 51.9
    endloop
  endfacet
  facet normal -0.837861 -0.0439101 0.544115
    outer loop
      vertex 41.1014 0 51.9
      vertex 40.4113 4.2474 51.1802
      vertex 40.6339 0 51.1802
    endloop
  endfacet
  facet normal -0.890037 -0.0466454 0.453496
    outer loop
      vertex 41.2638 4.337 52.6648
      vertex 40.8763 4.29627 51.9
      vertex 41.4911 0 52.6648
    endloop
  endfacet
  facet normal -0.890036 -0.046645 0.453498
    outer loop
      vertex 41.4911 0 52.6648
      vertex 40.8763 4.29627 51.9
      vertex 41.1014 0 51.9
    endloop
  endfacet
  facet normal -0.932464 -0.0488683 0.357941
    outer loop
      vertex 41.5697 4.36915 53.4661
      vertex 41.2638 4.337 52.6648
      vertex 41.7987 0 53.4661
    endloop
  endfacet
  facet normal -0.932465 -0.048869 0.357939
    outer loop
      vertex 41.7987 0 53.4661
      vertex 41.2638 4.337 52.6648
      vertex 41.4911 0 52.6648
    endloop
  endfacet
  facet normal -0.964691 -0.0505573 0.258486
    outer loop
      vertex 41.7906 4.39237 54.2951
      vertex 41.5697 4.36915 53.4661
      vertex 42.0208 0 54.2951
    endloop
  endfacet
  facet normal -0.964691 -0.0505573 0.258486
    outer loop
      vertex 42.0208 0 54.2951
      vertex 41.5697 4.36915 53.4661
      vertex 41.7987 0 53.4661
    endloop
  endfacet
  facet normal -0.986368 -0.0516934 0.156225
    outer loop
      vertex 41.9241 4.40641 55.1429
      vertex 41.7906 4.39237 54.2951
      vertex 42.1551 0 55.1429
    endloop
  endfacet
  facet normal -0.986368 -0.0516933 0.156226
    outer loop
      vertex 42.1551 0 55.1429
      vertex 41.7906 4.39237 54.2951
      vertex 42.0208 0 54.2951
    endloop
  endfacet
  facet normal -0.997265 -0.0522649 0.052264
    outer loop
      vertex 41.9688 4.4111 56
      vertex 41.9241 4.40641 55.1429
      vertex 42.2 0 56
    endloop
  endfacet
  facet normal -0.997265 -0.0522645 0.0522662
    outer loop
      vertex 42.2 0 56
      vertex 41.9241 4.40641 55.1429
      vertex 42.1551 0 55.1429
    endloop
  endfacet
  facet normal -0.997265 0.0522645 -0.0522662
    outer loop
      vertex 42.2 0 56
      vertex 41.9241 -4.40641 56.8571
      vertex 42.1551 0 56.8571
    endloop
  endfacet
  facet normal -0.997265 0.0522649 -0.052264
    outer loop
      vertex 41.9688 -4.4111 56
      vertex 41.9241 -4.40641 56.8571
      vertex 42.2 0 56
    endloop
  endfacet
  facet normal -0.986368 0.0516933 -0.156226
    outer loop
      vertex 42.1551 0 56.8571
      vertex 41.7906 -4.39237 57.7049
      vertex 42.0208 0 57.7049
    endloop
  endfacet
  facet normal -0.986368 0.0516934 -0.156225
    outer loop
      vertex 41.9241 -4.40641 56.8571
      vertex 41.7906 -4.39237 57.7049
      vertex 42.1551 0 56.8571
    endloop
  endfacet
  facet normal -0.964691 0.0505573 -0.258486
    outer loop
      vertex 42.0208 0 57.7049
      vertex 41.5697 -4.36915 58.5339
      vertex 41.7987 0 58.5339
    endloop
  endfacet
  facet normal -0.964691 0.0505573 -0.258486
    outer loop
      vertex 41.7906 -4.39237 57.7049
      vertex 41.5697 -4.36915 58.5339
      vertex 42.0208 0 57.7049
    endloop
  endfacet
  facet normal -0.932465 0.0488689 -0.35794
    outer loop
      vertex 41.7987 0 58.5339
      vertex 41.2638 -4.337 59.3352
      vertex 41.4911 0 59.3352
    endloop
  endfacet
  facet normal -0.932464 0.0488683 -0.357943
    outer loop
      vertex 41.5697 -4.36915 58.5339
      vertex 41.2638 -4.337 59.3352
      vertex 41.7987 0 58.5339
    endloop
  endfacet
  facet normal -0.890037 0.046645 -0.453496
    outer loop
      vertex 41.4911 0 59.3352
      vertex 40.8763 -4.29627 60.1
      vertex 41.1014 0 60.1
    endloop
  endfacet
  facet normal -0.890038 0.0466454 -0.453494
    outer loop
      vertex 41.2638 -4.337 59.3352
      vertex 40.8763 -4.29627 60.1
      vertex 41.4911 0 59.3352
    endloop
  endfacet
  facet normal -0.837861 0.0439101 -0.544115
    outer loop
      vertex 41.1014 0 60.1
      vertex 40.4113 -4.2474 60.8198
      vertex 40.6339 0 60.8198
    endloop
  endfacet
  facet normal -0.837862 0.0439107 -0.544113
    outer loop
      vertex 40.8763 -4.29627 60.1
      vertex 40.4113 -4.2474 60.8198
      vertex 41.1014 0 60.1
    endloop
  endfacet
  facet normal -0.776503 0.0406949 -0.628798
    outer loop
      vertex 40.6339 0 60.8198
      vertex 39.8741 -4.19094 61.4869
      vertex 40.0938 0 61.4869
    endloop
  endfacet
  facet normal -0.776501 0.0406944 -0.6288
    outer loop
      vertex 40.4113 -4.2474 60.8198
      vertex 39.8741 -4.19094 61.4869
      vertex 40.6339 0 60.8198
    endloop
  endfacet
  facet normal -0.706622 0.0370323 -0.706622
    outer loop
      vertex 40.0938 0 61.4869
      vertex 39.2706 -4.1275 62.0938
      vertex 39.4869 0 62.0938
    endloop
  endfacet
  facet normal -0.706623 0.0370327 -0.706621
    outer loop
      vertex 39.8741 -4.19094 61.4869
      vertex 39.2706 -4.1275 62.0938
      vertex 40.0938 0 61.4869
    endloop
  endfacet
  facet normal -0.628978 0.0329637 -0.776724
    outer loop
      vertex 39.4869 0 62.0938
      vertex 38.6072 -4.05778 62.6339
      vertex 38.8198 0 62.6339
    endloop
  endfacet
  facet normal -0.628976 0.0329631 -0.776726
    outer loop
      vertex 39.2706 -4.1275 62.0938
      vertex 38.6072 -4.05778 62.6339
      vertex 39.4869 0 62.0938
    endloop
  endfacet
  facet normal -0.544419 0.0285315 -0.838328
    outer loop
      vertex 38.8198 0 62.6339
      vertex 37.8913 -3.98253 63.1014
      vertex 38.1 0 63.1014
    endloop
  endfacet
  facet normal -0.544421 0.0285323 -0.838326
    outer loop
      vertex 38.6072 -4.05778 62.6339
      vertex 37.8913 -3.98253 63.1014
      vertex 38.8198 0 62.6339
    endloop
  endfacet
  facet normal -0.453843 0.0237859 -0.890764
    outer loop
      vertex 38.1 0 63.1014
      vertex 37.9733 -0.510301 63.1524
      vertex 38 0 63.1524
    endloop
  endfacet
  facet normal -0.453838 0.0237844 -0.890767
    outer loop
      vertex 37.8913 -3.98253 63.1014
      vertex 37.9733 -0.510301 63.1524
      vertex 38.1 0 63.1014
    endloop
  endfacet
  facet normal -0.453835 0.0237843 -0.890768
    outer loop
      vertex 37.8913 -3.98253 63.1014
      vertex 37.7918 -3.97208 63.1524
      vertex 37.9733 -0.510301 63.1524
    endloop
  endfacet
  facet normal -0.45387 0.0237862 0.89075
    outer loop
      vertex 37.8186 -3.46178 48.8476
      vertex 38.1 0 48.8986
      vertex 38 0 48.8476
    endloop
  endfacet
  facet normal -0.453866 0.0237859 0.890752
    outer loop
      vertex 38.1 0 48.8986
      vertex 37.8186 -3.46178 48.8476
      vertex 37.8913 -3.98253 48.8986
    endloop
  endfacet
  facet normal -0.453862 0.0237868 0.890755
    outer loop
      vertex 37.7918 -3.97208 48.8476
      vertex 37.8913 -3.98253 48.8986
      vertex 37.8186 -3.46178 48.8476
    endloop
  endfacet
  facet normal -0.544416 0.028532 0.83833
    outer loop
      vertex 38.8198 0 49.3661
      vertex 38.1 0 48.8986
      vertex 38.6072 -4.05778 49.3661
    endloop
  endfacet
  facet normal -0.544418 0.0285314 0.838328
    outer loop
      vertex 38.1 0 48.8986
      vertex 37.8913 -3.98253 48.8986
      vertex 38.6072 -4.05778 49.3661
    endloop
  endfacet
  facet normal -0.62898 0.0329634 0.776722
    outer loop
      vertex 39.4869 0 49.9062
      vertex 38.8198 0 49.3661
      vertex 39.2706 -4.1275 49.9062
    endloop
  endfacet
  facet normal -0.628979 0.0329638 0.776724
    outer loop
      vertex 38.8198 0 49.3661
      vertex 38.6072 -4.05778 49.3661
      vertex 39.2706 -4.1275 49.9062
    endloop
  endfacet
  facet normal -0.706622 0.0370326 0.706622
    outer loop
      vertex 40.0938 0 50.5131
      vertex 39.4869 0 49.9062
      vertex 39.8741 -4.19094 50.5131
    endloop
  endfacet
  facet normal -0.706623 0.0370324 0.706621
    outer loop
      vertex 39.4869 0 49.9062
      vertex 39.2706 -4.1275 49.9062
      vertex 39.8741 -4.19094 50.5131
    endloop
  endfacet
  facet normal -0.776503 0.0406945 0.628799
    outer loop
      vertex 40.6339 0 51.1802
      vertex 40.0938 0 50.5131
      vertex 40.4113 -4.2474 51.1802
    endloop
  endfacet
  facet normal -0.776501 0.0406949 0.6288
    outer loop
      vertex 40.0938 0 50.5131
      vertex 39.8741 -4.19094 50.5131
      vertex 40.4113 -4.2474 51.1802
    endloop
  endfacet
  facet normal -0.837861 0.0439106 0.544115
    outer loop
      vertex 41.1014 0 51.9
      vertex 40.6339 0 51.1802
      vertex 40.8763 -4.29627 51.9
    endloop
  endfacet
  facet normal -0.837862 0.0439101 0.544113
    outer loop
      vertex 40.6339 0 51.1802
      vertex 40.4113 -4.2474 51.1802
      vertex 40.8763 -4.29627 51.9
    endloop
  endfacet
  facet normal -0.890036 0.0466453 0.453498
    outer loop
      vertex 41.4911 0 52.6648
      vertex 41.1014 0 51.9
      vertex 41.2638 -4.337 52.6648
    endloop
  endfacet
  facet normal -0.890037 0.046645 0.453496
    outer loop
      vertex 41.1014 0 51.9
      vertex 40.8763 -4.29627 51.9
      vertex 41.2638 -4.337 52.6648
    endloop
  endfacet
  facet normal -0.932465 0.0488684 0.357939
    outer loop
      vertex 41.7987 0 53.4661
      vertex 41.4911 0 52.6648
      vertex 41.5697 -4.36915 53.4661
    endloop
  endfacet
  facet normal -0.932464 0.0488689 0.357941
    outer loop
      vertex 41.4911 0 52.6648
      vertex 41.2638 -4.337 52.6648
      vertex 41.5697 -4.36915 53.4661
    endloop
  endfacet
  facet normal -0.964691 0.0505573 0.258486
    outer loop
      vertex 41.7987 0 53.4661
      vertex 41.7906 -4.39237 54.2951
      vertex 42.0208 0 54.2951
    endloop
  endfacet
  facet normal -0.964691 0.0505573 0.258486
    outer loop
      vertex 41.7987 0 53.4661
      vertex 41.5697 -4.36915 53.4661
      vertex 41.7906 -4.39237 54.2951
    endloop
  endfacet
  facet normal -0.986368 0.0516934 0.156226
    outer loop
      vertex 42.0208 0 54.2951
      vertex 41.9241 -4.40641 55.1429
      vertex 42.1551 0 55.1429
    endloop
  endfacet
  facet normal -0.986368 0.0516933 0.156225
    outer loop
      vertex 42.0208 0 54.2951
      vertex 41.7906 -4.39237 54.2951
      vertex 41.9241 -4.40641 55.1429
    endloop
  endfacet
  facet normal -0.997265 0.0522649 0.0522662
    outer loop
      vertex 42.1551 0 55.1429
      vertex 41.9688 -4.4111 56
      vertex 42.2 0 56
    endloop
  endfacet
  facet normal -0.997265 0.0522645 0.052264
    outer loop
      vertex 42.1551 0 55.1429
      vertex 41.9241 -4.40641 55.1429
      vertex 41.9688 -4.4111 56
    endloop
  endfacet
  facet normal -0.986339 0.15622 -0.0522639
    outer loop
      vertex 41.9688 -4.4111 56
      vertex 41.2339 -8.76453 56.8571
      vertex 41.9241 -4.40641 56.8571
    endloop
  endfacet
  facet normal -0.986339 0.15622 -0.0522633
    outer loop
      vertex 41.2778 -8.77387 56
      vertex 41.2339 -8.76453 56.8571
      vertex 41.9688 -4.4111 56
    endloop
  endfacet
  facet normal -0.975561 0.154514 -0.156225
    outer loop
      vertex 41.9241 -4.40641 56.8571
      vertex 41.1026 -8.73662 57.7049
      vertex 41.7906 -4.39237 57.7049
    endloop
  endfacet
  facet normal -0.975561 0.154513 -0.156226
    outer loop
      vertex 41.2339 -8.76453 56.8571
      vertex 41.1026 -8.73662 57.7049
      vertex 41.9241 -4.40641 56.8571
    endloop
  endfacet
  facet normal -0.954122 0.151118 -0.258486
    outer loop
      vertex 41.7906 -4.39237 57.7049
      vertex 40.8853 -8.69043 58.5339
      vertex 41.5697 -4.36915 58.5339
    endloop
  endfacet
  facet normal -0.954121 0.151118 -0.258488
    outer loop
      vertex 41.1026 -8.73662 57.7049
      vertex 40.8853 -8.69043 58.5339
      vertex 41.7906 -4.39237 57.7049
    endloop
  endfacet
  facet normal -0.922248 0.14607 -0.357943
    outer loop
      vertex 41.5697 -4.36915 58.5339
      vertex 40.5844 -8.62648 59.3352
      vertex 41.2638 -4.337 59.3352
    endloop
  endfacet
  facet normal -0.922249 0.14607 -0.35794
    outer loop
      vertex 40.8853 -8.69043 58.5339
      vertex 40.5844 -8.62648 59.3352
      vertex 41.5697 -4.36915 58.5339
    endloop
  endfacet
  facet normal -0.880286 0.139424 -0.453494
    outer loop
      vertex 41.2638 -4.337 59.3352
      vertex 40.2032 -8.54546 60.1
      vertex 40.8763 -4.29627 60.1
    endloop
  endfacet
  facet normal -0.880285 0.139423 -0.453496
    outer loop
      vertex 40.5844 -8.62648 59.3352
      vertex 40.2032 -8.54546 60.1
      vertex 41.2638 -4.337 59.3352
    endloop
  endfacet
  facet normal -0.828682 0.13125 -0.544113
    outer loop
      vertex 40.8763 -4.29627 60.1
      vertex 39.746 -8.44827 60.8198
      vertex 40.4113 -4.2474 60.8198
    endloop
  endfacet
  facet normal -0.828683 0.131251 -0.544112
    outer loop
      vertex 40.2032 -8.54546 60.1
      vertex 39.746 -8.44827 60.8198
      vertex 40.8763 -4.29627 60.1
    endloop
  endfacet
  facet normal -0.767994 0.121638 -0.6288
    outer loop
      vertex 40.4113 -4.2474 60.8198
      vertex 39.2176 -8.33597 61.4869
      vertex 39.8741 -4.19094 61.4869
    endloop
  endfacet
  facet normal -0.767995 0.121638 -0.628799
    outer loop
      vertex 39.746 -8.44827 60.8198
      vertex 39.2176 -8.33597 61.4869
      vertex 40.4113 -4.2474 60.8198
    endloop
  endfacet
  facet normal -0.698881 0.110692 -0.706621
    outer loop
      vertex 39.8741 -4.19094 61.4869
      vertex 38.624 -8.20978 62.0938
      vertex 39.2706 -4.1275 62.0938
    endloop
  endfacet
  facet normal -0.698878 0.110691 -0.706623
    outer loop
      vertex 39.2176 -8.33597 61.4869
      vertex 38.624 -8.20978 62.0938
      vertex 39.8741 -4.19094 61.4869
    endloop
  endfacet
  facet normal -0.622085 0.0985284 -0.776726
    outer loop
      vertex 39.2706 -4.1275 62.0938
      vertex 37.9715 -8.0711 62.6339
      vertex 38.6072 -4.05778 62.6339
    endloop
  endfacet
  facet normal -0.622086 0.0985292 -0.776724
    outer loop
      vertex 38.624 -8.20978 62.0938
      vertex 37.9715 -8.0711 62.6339
      vertex 39.2706 -4.1275 62.0938
    endloop
  endfacet
  facet normal -0.538457 0.0852835 -0.838326
    outer loop
      vertex 38.6072 -4.05778 62.6339
      vertex 37.2674 -7.92144 63.1014
      vertex 37.8913 -3.98253 63.1014
    endloop
  endfacet
  facet normal -0.538455 0.0852828 -0.838328
    outer loop
      vertex 37.9715 -8.0711 62.6339
      vertex 37.2674 -7.92144 63.1014
      vertex 38.6072 -4.05778 62.6339
    endloop
  endfacet
  facet normal -0.448863 0.0710914 -0.890768
    outer loop
      vertex 37.8913 -3.98253 63.1014
      vertex 37.7119 -4.47679 63.1524
      vertex 37.7918 -3.97208 63.1524
    endloop
  endfacet
  facet normal -0.448869 0.0710942 -0.890765
    outer loop
      vertex 37.2674 -7.92144 63.1014
      vertex 37.7119 -4.47679 63.1524
      vertex 37.8913 -3.98253 63.1014
    endloop
  endfacet
  facet normal -0.448872 0.0710946 -0.890763
    outer loop
      vertex 37.2674 -7.92144 63.1014
      vertex 37.1696 -7.90064 63.1524
      vertex 37.7119 -4.47679 63.1524
    endloop
  endfacet
  facet normal -0.448889 0.0710972 0.890755
    outer loop
      vertex 37.2495 -7.39593 48.8476
      vertex 37.8913 -3.98253 48.8986
      vertex 37.7918 -3.97208 48.8476
    endloop
  endfacet
  facet normal -0.448893 0.0710979 0.890753
    outer loop
      vertex 37.8913 -3.98253 48.8986
      vertex 37.2495 -7.39593 48.8476
      vertex 37.2674 -7.92144 48.8986
    endloop
  endfacet
  facet normal -0.448899 0.0710974 0.890749
    outer loop
      vertex 37.1696 -7.90064 48.8476
      vertex 37.2674 -7.92144 48.8986
      vertex 37.2495 -7.39593 48.8476
    endloop
  endfacet
  facet normal -0.538454 0.0852826 0.838328
    outer loop
      vertex 38.6072 -4.05778 49.3661
      vertex 37.8913 -3.98253 48.8986
      vertex 37.9715 -8.0711 49.3661
    endloop
  endfacet
  facet normal -0.538452 0.0852827 0.83833
    outer loop
      vertex 37.8913 -3.98253 48.8986
      vertex 37.2674 -7.92144 48.8986
      vertex 37.9715 -8.0711 49.3661
    endloop
  endfacet
  facet normal -0.622087 0.0985293 0.776723
    outer loop
      vertex 39.2706 -4.1275 49.9062
      vertex 38.6072 -4.05778 49.3661
      vertex 38.624 -8.20978 49.9062
    endloop
  endfacet
  facet normal -0.622089 0.0985291 0.776722
    outer loop
      vertex 38.6072 -4.05778 49.3661
      vertex 37.9715 -8.0711 49.3661
      vertex 38.624 -8.20978 49.9062
    endloop
  endfacet
  facet normal -0.698881 0.110692 0.706621
    outer loop
      vertex 39.2706 -4.1275 49.9062
      vertex 39.2176 -8.33597 50.5131
      vertex 39.8741 -4.19094 50.5131
    endloop
  endfacet
  facet normal -0.698878 0.110692 0.706623
    outer loop
      vertex 39.2706 -4.1275 49.9062
      vertex 38.624 -8.20978 49.9062
      vertex 39.2176 -8.33597 50.5131
    endloop
  endfacet
  facet normal -0.767994 0.121638 0.6288
    outer loop
      vertex 39.8741 -4.19094 50.5131
      vertex 39.746 -8.44827 51.1802
      vertex 40.4113 -4.2474 51.1802
    endloop
  endfacet
  facet normal -0.767995 0.121638 0.628799
    outer loop
      vertex 39.8741 -4.19094 50.5131
      vertex 39.2176 -8.33597 50.5131
      vertex 39.746 -8.44827 51.1802
    endloop
  endfacet
  facet normal -0.828682 0.131251 0.544113
    outer loop
      vertex 40.4113 -4.2474 51.1802
      vertex 40.2032 -8.54546 51.9
      vertex 40.8763 -4.29627 51.9
    endloop
  endfacet
  facet normal -0.828683 0.13125 0.544112
    outer loop
      vertex 40.4113 -4.2474 51.1802
      vertex 39.746 -8.44827 51.1802
      vertex 40.2032 -8.54546 51.9
    endloop
  endfacet
  facet normal -0.880285 0.139423 0.453496
    outer loop
      vertex 40.8763 -4.29627 51.9
      vertex 40.5844 -8.62648 52.6648
      vertex 41.2638 -4.337 52.6648
    endloop
  endfacet
  facet normal -0.880284 0.139424 0.453498
    outer loop
      vertex 40.8763 -4.29627 51.9
      vertex 40.2032 -8.54546 51.9
      vertex 40.5844 -8.62648 52.6648
    endloop
  endfacet
  facet normal -0.922248 0.14607 0.357941
    outer loop
      vertex 41.2638 -4.337 52.6648
      vertex 40.8853 -8.69043 53.4661
      vertex 41.5697 -4.36915 53.4661
    endloop
  endfacet
  facet normal -0.922249 0.14607 0.357939
    outer loop
      vertex 41.2638 -4.337 52.6648
      vertex 40.5844 -8.62648 52.6648
      vertex 40.8853 -8.69043 53.4661
    endloop
  endfacet
  facet normal -0.954122 0.151118 0.258486
    outer loop
      vertex 41.5697 -4.36915 53.4661
      vertex 41.1026 -8.73662 54.2951
      vertex 41.7906 -4.39237 54.2951
    endloop
  endfacet
  facet normal -0.954121 0.151118 0.258488
    outer loop
      vertex 41.5697 -4.36915 53.4661
      vertex 40.8853 -8.69043 53.4661
      vertex 41.1026 -8.73662 54.2951
    endloop
  endfacet
  facet normal -0.975561 0.154513 0.156225
    outer loop
      vertex 41.7906 -4.39237 54.2951
      vertex 41.2339 -8.76453 55.1429
      vertex 41.9241 -4.40641 55.1429
    endloop
  endfacet
  facet normal -0.975561 0.154514 0.156226
    outer loop
      vertex 41.7906 -4.39237 54.2951
      vertex 41.1026 -8.73662 54.2951
      vertex 41.2339 -8.76453 55.1429
    endloop
  endfacet
  facet normal -0.986339 0.15622 0.0522639
    outer loop
      vertex 41.9241 -4.40641 55.1429
      vertex 41.2778 -8.77387 56
      vertex 41.9688 -4.4111 56
    endloop
  endfacet
  facet normal -0.986339 0.15622 0.0522633
    outer loop
      vertex 41.9241 -4.40641 55.1429
      vertex 41.2339 -8.76453 55.1429
      vertex 41.2778 -8.77387 56
    endloop
  endfacet
  facet normal -0.964605 0.258469 -0.0522634
    outer loop
      vertex 41.1462 -9.24589 56.0951
      vertex 41.2339 -8.76453 56.8571
      vertex 41.2778 -8.77387 56
    endloop
  endfacet
  facet normal -0.964606 0.258464 -0.0522603
    outer loop
      vertex 41.2339 -8.76453 56.8571
      vertex 41.1462 -9.24589 56.0951
      vertex 41.1071 -9.23759 56.8571
    endloop
  endfacet
  facet normal -0.964605 0.258464 -0.0522863
    outer loop
      vertex 41.1511 -9.24693 56
      vertex 41.1462 -9.24589 56.0951
      vertex 41.2778 -8.77387 56
    endloop
  endfacet
  facet normal -0.954065 0.255642 -0.156226
    outer loop
      vertex 41.0925 -9.23448 56.9515
      vertex 41.1026 -8.73662 57.7049
      vertex 41.2339 -8.76453 56.8571
    endloop
  endfacet
  facet normal -0.954066 0.25564 -0.156224
    outer loop
      vertex 41.1026 -8.73662 57.7049
      vertex 41.0925 -9.23448 56.9515
      vertex 40.9758 -9.20967 57.7049
    endloop
  endfacet
  facet normal -0.954064 0.255639 -0.15624
    outer loop
      vertex 41.1071 -9.23759 56.8571
      vertex 41.0925 -9.23448 56.9515
      vertex 41.2339 -8.76453 56.8571
    endloop
  endfacet
  facet normal -0.933099 0.25002 -0.258488
    outer loop
      vertex 40.9515 -9.2045 57.7977
      vertex 40.8853 -8.69043 58.5339
      vertex 41.1026 -8.73662 57.7049
    endloop
  endfacet
  facet normal -0.933098 0.250022 -0.25849
    outer loop
      vertex 40.8853 -8.69043 58.5339
      vertex 40.9515 -9.2045 57.7977
      vertex 40.7585 -9.16349 58.5339
    endloop
  endfacet
  facet normal -0.933101 0.250022 -0.25848
    outer loop
      vertex 40.9758 -9.20967 57.7049
      vertex 40.9515 -9.2045 57.7977
      vertex 41.1026 -8.73662 57.7049
    endloop
  endfacet
  facet normal -0.901928 0.241671 -0.35794
    outer loop
      vertex 40.7246 -9.15628 58.6243
      vertex 40.5844 -8.62648 59.3352
      vertex 40.8853 -8.69043 58.5339
    endloop
  endfacet
  facet normal -0.901928 0.24167 -0.35794
    outer loop
      vertex 40.5844 -8.62648 59.3352
      vertex 40.7246 -9.15628 58.6243
      vertex 40.4576 -9.09954 59.3352
    endloop
  endfacet
  facet normal -0.901927 0.24167 -0.357944
    outer loop
      vertex 40.7585 -9.16349 58.5339
      vertex 40.7246 -9.15628 58.6243
      vertex 40.8853 -8.69043 58.5339
    endloop
  endfacet
  facet normal -0.860889 0.230673 -0.453497
    outer loop
      vertex 40.5844 -8.62648 59.3352
      vertex 40.0765 -9.01852 60.1
      vertex 40.2032 -8.54546 60.1
    endloop
  endfacet
  facet normal -0.860889 0.230671 -0.453498
    outer loop
      vertex 40.0765 -9.01852 60.1
      vertex 40.5844 -8.62648 59.3352
      vertex 40.4142 -9.09031 59.4223
    endloop
  endfacet
  facet normal -0.860893 0.230674 -0.453489
    outer loop
      vertex 40.4576 -9.09954 59.3352
      vertex 40.4142 -9.09031 59.4223
      vertex 40.5844 -8.62648 59.3352
    endloop
  endfacet
  facet normal -0.810424 0.217152 -0.544112
    outer loop
      vertex 40.2032 -8.54546 60.1
      vertex 39.6192 -8.92133 60.8198
      vertex 39.746 -8.44827 60.8198
    endloop
  endfacet
  facet normal -0.810424 0.217147 -0.544114
    outer loop
      vertex 39.6192 -8.92133 60.8198
      vertex 40.2032 -8.54546 60.1
      vertex 40.0238 -9.00733 60.1829
    endloop
  endfacet
  facet normal -0.810434 0.217154 -0.544097
    outer loop
      vertex 40.0765 -9.01852 60.1
      vertex 40.0238 -9.00733 60.1829
      vertex 40.2032 -8.54546 60.1
    endloop
  endfacet
  facet normal -0.751072 0.201254 -0.628799
    outer loop
      vertex 39.746 -8.44827 60.8198
      vertex 39.0909 -8.80902 61.4869
      vertex 39.2176 -8.33597 61.4869
    endloop
  endfacet
  facet normal -0.751071 0.20125 -0.628801
    outer loop
      vertex 39.0909 -8.80902 61.4869
      vertex 39.746 -8.44827 60.8198
      vertex 39.5576 -8.90822 60.8977
    endloop
  endfacet
  facet normal -0.751065 0.201247 -0.628809
    outer loop
      vertex 39.6192 -8.92133 60.8198
      vertex 39.5576 -8.90822 60.8977
      vertex 39.746 -8.44827 60.8198
    endloop
  endfacet
  facet normal -0.683478 0.183142 -0.706623
    outer loop
      vertex 39.0205 -8.79407 61.5588
      vertex 38.624 -8.20978 62.0938
      vertex 39.2176 -8.33597 61.4869
    endloop
  endfacet
  facet normal -0.683482 0.183137 -0.706621
    outer loop
      vertex 38.624 -8.20978 62.0938
      vertex 39.0205 -8.79407 61.5588
      vertex 38.4972 -8.68284 62.0938
    endloop
  endfacet
  facet normal -0.683481 0.183143 -0.706621
    outer loop
      vertex 39.0909 -8.80902 61.4869
      vertex 39.0205 -8.79407 61.5588
      vertex 39.2176 -8.33597 61.4869
    endloop
  endfacet
  facet normal -0.60838 0.163013 -0.776724
    outer loop
      vertex 38.4186 -8.66612 62.1589
      vertex 37.9715 -8.0711 62.6339
      vertex 38.624 -8.20978 62.0938
    endloop
  endfacet
  facet normal -0.608379 0.163014 -0.776725
    outer loop
      vertex 37.9715 -8.0711 62.6339
      vertex 38.4186 -8.66612 62.1589
      vertex 37.8448 -8.54416 62.6339
    endloop
  endfacet
  facet normal -0.608383 0.163015 -0.776722
    outer loop
      vertex 38.4972 -8.68284 62.0938
      vertex 38.4186 -8.66612 62.1589
      vertex 38.624 -8.20978 62.0938
    endloop
  endfacet
  facet normal -0.526591 0.1411 -0.838328
    outer loop
      vertex 37.7583 -8.52578 62.6913
      vertex 37.2674 -7.92144 63.1014
      vertex 37.9715 -8.0711 62.6339
    endloop
  endfacet
  facet normal -0.526591 0.141099 -0.838327
    outer loop
      vertex 37.2674 -7.92144 63.1014
      vertex 37.7583 -8.52578 62.6913
      vertex 37.1407 -8.39449 63.1014
    endloop
  endfacet
  facet normal -0.526589 0.141099 -0.838329
    outer loop
      vertex 37.8448 -8.54416 62.6339
      vertex 37.7583 -8.52578 62.6913
      vertex 37.9715 -8.0711 62.6339
    endloop
  endfacet
  facet normal -0.438982 0.117622 -0.890763
    outer loop
      vertex 37.0469 -8.37457 63.1502
      vertex 37.1696 -7.90064 63.1524
      vertex 37.2674 -7.92144 63.1014
    endloop
  endfacet
  facet normal -0.438804 0.117577 -0.890857
    outer loop
      vertex 37.1696 -7.90064 63.1524
      vertex 37.0469 -8.37457 63.1502
      vertex 37.0429 -8.3737 63.1524
    endloop
  endfacet
  facet normal -0.43899 0.117627 -0.890759
    outer loop
      vertex 37.1407 -8.39449 63.1014
      vertex 37.0469 -8.37457 63.1502
      vertex 37.2674 -7.92144 63.1014
    endloop
  endfacet
  facet normal -0.439008 0.117631 0.89075
    outer loop
      vertex 37.1696 -7.90064 48.8476
      vertex 37.1407 -8.39449 48.8986
      vertex 37.2674 -7.92144 48.8986
    endloop
  endfacet
  facet normal -0.439009 0.117631 0.890749
    outer loop
      vertex 37.1407 -8.39449 48.8986
      vertex 37.1696 -7.90064 48.8476
      vertex 37.0429 -8.3737 48.8476
    endloop
  endfacet
  facet normal -0.526588 0.141098 0.83833
    outer loop
      vertex 37.2255 -8.41253 48.9549
      vertex 37.9715 -8.0711 49.3661
      vertex 37.2674 -7.92144 48.8986
    endloop
  endfacet
  facet normal -0.526588 0.141098 0.838329
    outer loop
      vertex 37.9715 -8.0711 49.3661
      vertex 37.2255 -8.41253 48.9549
      vertex 37.8448 -8.54416 49.3661
    endloop
  endfacet
  facet normal -0.526585 0.141098 0.838331
    outer loop
      vertex 37.2674 -7.92144 48.8986
      vertex 37.1407 -8.39449 48.8986
      vertex 37.2255 -8.41253 48.9549
    endloop
  endfacet
  facet normal -0.608382 0.163017 0.776722
    outer loop
      vertex 37.9221 -8.56059 49.4301
      vertex 38.624 -8.20978 49.9062
      vertex 37.9715 -8.0711 49.3661
    endloop
  endfacet
  facet normal -0.608381 0.163014 0.776723
    outer loop
      vertex 38.624 -8.20978 49.9062
      vertex 37.9221 -8.56059 49.4301
      vertex 38.4972 -8.68284 49.9062
    endloop
  endfacet
  facet normal -0.608391 0.163017 0.776715
    outer loop
      vertex 37.9715 -8.0711 49.3661
      vertex 37.8448 -8.54416 49.3661
      vertex 37.9221 -8.56059 49.4301
    endloop
  endfacet
  facet normal -0.683479 0.183139 0.706623
    outer loop
      vertex 38.5665 -8.69756 49.977
      vertex 39.2176 -8.33597 50.5131
      vertex 38.624 -8.20978 49.9062
    endloop
  endfacet
  facet normal -0.68348 0.183143 0.706622
    outer loop
      vertex 39.2176 -8.33597 50.5131
      vertex 38.5665 -8.69756 49.977
      vertex 39.0909 -8.80902 50.5131
    endloop
  endfacet
  facet normal -0.683487 0.183139 0.706615
    outer loop
      vertex 38.624 -8.20978 49.9062
      vertex 38.4972 -8.68284 49.9062
      vertex 38.5665 -8.69756 49.977
    endloop
  endfacet
  facet normal -0.751073 0.201248 0.628799
    outer loop
      vertex 39.1517 -8.82196 50.5899
      vertex 39.746 -8.44827 51.1802
      vertex 39.2176 -8.33597 50.5131
    endloop
  endfacet
  facet normal -0.751073 0.201249 0.628799
    outer loop
      vertex 39.746 -8.44827 51.1802
      vertex 39.1517 -8.82196 50.5899
      vertex 39.6192 -8.92133 51.1802
    endloop
  endfacet
  facet normal -0.751052 0.201249 0.628825
    outer loop
      vertex 39.2176 -8.33597 50.5131
      vertex 39.0909 -8.80902 50.5131
      vertex 39.1517 -8.82196 50.5899
    endloop
  endfacet
  facet normal -0.810424 0.217152 0.544112
    outer loop
      vertex 39.6713 -8.93239 51.2621
      vertex 40.2032 -8.54546 51.9
      vertex 39.746 -8.44827 51.1802
    endloop
  endfacet
  facet normal -0.810424 0.217151 0.544112
    outer loop
      vertex 40.2032 -8.54546 51.9
      vertex 39.6713 -8.93239 51.2621
      vertex 40.0765 -9.01852 51.9
    endloop
  endfacet
  facet normal -0.810424 0.217152 0.544113
    outer loop
      vertex 39.746 -8.44827 51.1802
      vertex 39.6192 -8.92133 51.1802
      vertex 39.6713 -8.93239 51.2621
    endloop
  endfacet
  facet normal -0.860888 0.230674 0.453498
    outer loop
      vertex 40.1195 -9.02766 51.9862
      vertex 40.5844 -8.62648 52.6648
      vertex 40.2032 -8.54546 51.9
    endloop
  endfacet
  facet normal -0.860888 0.230673 0.453499
    outer loop
      vertex 40.5844 -8.62648 52.6648
      vertex 40.1195 -9.02766 51.9862
      vertex 40.4576 -9.09954 52.6648
    endloop
  endfacet
  facet normal -0.860891 0.230674 0.453493
    outer loop
      vertex 40.2032 -8.54546 51.9
      vertex 40.0765 -9.01852 51.9
      vertex 40.1195 -9.02766 51.9862
    endloop
  endfacet
  facet normal -0.901927 0.241676 0.357939
    outer loop
      vertex 40.4913 -9.10669 52.7545
      vertex 40.8853 -8.69043 53.4661
      vertex 40.5844 -8.62648 52.6648
    endloop
  endfacet
  facet normal -0.901927 0.24167 0.357943
    outer loop
      vertex 40.8853 -8.69043 53.4661
      vertex 40.4913 -9.10669 52.7545
      vertex 40.7585 -9.16349 53.4661
    endloop
  endfacet
  facet normal -0.90194 0.241673 0.357907
    outer loop
      vertex 40.5844 -8.62648 52.6648
      vertex 40.4576 -9.09954 52.6648
      vertex 40.4913 -9.10669 52.7545
    endloop
  endfacet
  facet normal -0.933098 0.250025 0.258488
    outer loop
      vertex 40.7827 -9.16863 53.5584
      vertex 41.1026 -8.73662 54.2951
      vertex 40.8853 -8.69043 53.4661
    endloop
  endfacet
  facet normal -0.933098 0.250022 0.25849
    outer loop
      vertex 41.1026 -8.73662 54.2951
      vertex 40.7827 -9.16863 53.5584
      vertex 40.9758 -9.20967 54.2951
    endloop
  endfacet
  facet normal -0.933102 0.250023 0.258475
    outer loop
      vertex 40.8853 -8.69043 53.4661
      vertex 40.7585 -9.16349 53.4661
      vertex 40.7827 -9.16863 53.5584
    endloop
  endfacet
  facet normal -0.954065 0.255642 0.156226
    outer loop
      vertex 40.9904 -9.21277 54.3892
      vertex 41.2339 -8.76453 55.1429
      vertex 41.1026 -8.73662 54.2951
    endloop
  endfacet
  facet normal -0.954066 0.25564 0.156228
    outer loop
      vertex 41.2339 -8.76453 55.1429
      vertex 40.9904 -9.21277 54.3892
      vertex 41.1071 -9.23759 55.1429
    endloop
  endfacet
  facet normal -0.954068 0.25564 0.156213
    outer loop
      vertex 41.1026 -8.73662 54.2951
      vertex 40.9758 -9.20967 54.2951
      vertex 40.9904 -9.21277 54.3892
    endloop
  endfacet
  facet normal -0.964606 0.258464 0.0522635
    outer loop
      vertex 41.112 -9.23863 55.2379
      vertex 41.2778 -8.77387 56
      vertex 41.2339 -8.76453 55.1429
    endloop
  endfacet
  facet normal -0.964606 0.258465 0.0522632
    outer loop
      vertex 41.2778 -8.77387 56
      vertex 41.112 -9.23863 55.2379
      vertex 41.1511 -9.24693 56
    endloop
  endfacet
  facet normal -0.964606 0.258464 0.052263
    outer loop
      vertex 41.2339 -8.76453 55.1429
      vertex 41.1071 -9.23759 55.1429
      vertex 41.112 -9.23863 55.2379
    endloop
  endfacet
  facet normal -0.998629 0.0523382 0
    outer loop
      vertex 37.9733 -0.510301 79.1524
      vertex 38 0 82
      vertex 38 0 79.1524
    endloop
  endfacet
  facet normal -0.99863 0.0523357 0
    outer loop
      vertex 37.7918 -3.97208 82
      vertex 37.9733 -0.510301 79.1524
      vertex 37.7918 -3.97208 79.1524
    endloop
  endfacet
  facet normal -0.99863 0.052336 3.9134e-007
    outer loop
      vertex 37.9733 -0.510301 79.1524
      vertex 37.7918 -3.97208 82
      vertex 38 0 82
    endloop
  endfacet
  facet normal -0.987689 -0.156432 0
    outer loop
      vertex 37.2495 7.39593 79.1524
      vertex 37.1696 7.90064 82
      vertex 37.1696 7.90064 79.1524
    endloop
  endfacet
  facet normal -0.987688 -0.156435 -1.30975e-008
    outer loop
      vertex 37.7918 3.97208 82
      vertex 37.2495 7.39593 79.1524
      vertex 37.7918 3.97208 79.1524
    endloop
  endfacet
  facet normal -0.987688 -0.156434 4.79971e-007
    outer loop
      vertex 37.2495 7.39593 79.1524
      vertex 37.7918 3.97208 82
      vertex 37.1696 7.90064 82
    endloop
  endfacet
  facet normal -0.965925 -0.258821 0
    outer loop
      vertex 37.1696 7.90064 79.1524
      vertex 37.0372 8.39484 82
      vertex 37.0372 8.39484 79.1524
    endloop
  endfacet
  facet normal -0.965925 -0.25882 -4.33394e-008
    outer loop
      vertex 37.1696 7.90064 79.1524
      vertex 37.1696 7.90064 82
      vertex 37.0372 8.39484 82
    endloop
  endfacet
  facet normal -0.998629 -0.0523379 0
    outer loop
      vertex 37.8186 3.46178 79.1524
      vertex 37.7918 3.97208 82
      vertex 37.7918 3.97208 79.1524
    endloop
  endfacet
  facet normal -0.99863 -0.0523357 -0
    outer loop
      vertex 38 0 82
      vertex 37.8186 3.46178 79.1524
      vertex 38 0 79.1524
    endloop
  endfacet
  facet normal -0.99863 -0.052336 -3.54095e-007
    outer loop
      vertex 37.8186 3.46178 79.1524
      vertex 38 0 82
      vertex 37.7918 3.97208 82
    endloop
  endfacet
  facet normal -0.987689 0.156431 -1.30972e-008
    outer loop
      vertex 37.7119 -4.47679 79.1524
      vertex 37.7918 -3.97208 82
      vertex 37.7918 -3.97208 79.1524
    endloop
  endfacet
  facet normal -0.987688 0.156435 0
    outer loop
      vertex 37.1696 -7.90064 82
      vertex 37.7119 -4.47679 79.1524
      vertex 37.1696 -7.90064 79.1524
    endloop
  endfacet
  facet normal -0.987688 0.156434 -5.58556e-007
    outer loop
      vertex 37.7119 -4.47679 79.1524
      vertex 37.1696 -7.90064 82
      vertex 37.7918 -3.97208 82
    endloop
  endfacet
  facet normal -0.965926 0.258818 -4.3339e-008
    outer loop
      vertex 37.0429 -8.3737 79.1524
      vertex 37.1696 -7.90064 82
      vertex 37.1696 -7.90064 79.1524
    endloop
  endfacet
  facet normal -0.965926 0.258818 0
    outer loop
      vertex 37.1696 -7.90064 82
      vertex 37.0429 -8.3737 79.1524
      vertex 37.0429 -8.3737 82
    endloop
  endfacet
  facet normal -0.964606 -0.258467 -0.0522602
    outer loop
      vertex 41.2339 8.76453 72.8571
      vertex 41.1015 9.25873 72.8571
      vertex 41.1066 9.25981 72.7579
    endloop
  endfacet
  facet normal -0.964605 -0.258467 -0.0522639
    outer loop
      vertex 41.2778 8.77387 72
      vertex 41.1066 9.25981 72.7579
      vertex 41.1454 9.26807 72
    endloop
  endfacet
  facet normal -0.964605 -0.258467 -0.0522635
    outer loop
      vertex 41.1066 9.25981 72.7579
      vertex 41.2778 8.77387 72
      vertex 41.2339 8.76453 72.8571
    endloop
  endfacet
  facet normal -0.954066 -0.255642 -0.156223
    outer loop
      vertex 41.1026 8.73662 73.7049
      vertex 40.9701 9.23081 73.7049
      vertex 40.9854 9.23405 73.6066
    endloop
  endfacet
  facet normal -0.954065 -0.255642 -0.156227
    outer loop
      vertex 41.2339 8.76453 72.8571
      vertex 40.9854 9.23405 73.6066
      vertex 41.1015 9.25873 72.8571
    endloop
  endfacet
  facet normal -0.954065 -0.255643 -0.156227
    outer loop
      vertex 40.9854 9.23405 73.6066
      vertex 41.2339 8.76453 72.8571
      vertex 41.1026 8.73662 73.7049
    endloop
  endfacet
  facet normal -0.933096 -0.250024 -0.258496
    outer loop
      vertex 40.8853 8.69043 74.5339
      vertex 40.7528 9.18462 74.5339
      vertex 40.7781 9.19 74.4375
    endloop
  endfacet
  facet normal -0.933098 -0.250024 -0.258487
    outer loop
      vertex 41.1026 8.73662 73.7049
      vertex 40.7781 9.19 74.4375
      vertex 40.9701 9.23081 73.7049
    endloop
  endfacet
  facet normal -0.933098 -0.250023 -0.258488
    outer loop
      vertex 40.7781 9.19 74.4375
      vertex 41.1026 8.73662 73.7049
      vertex 40.8853 8.69043 74.5339
    endloop
  endfacet
  facet normal -0.90193 -0.241673 -0.357934
    outer loop
      vertex 40.5844 8.62648 75.3352
      vertex 40.452 9.12067 75.3352
      vertex 40.4872 9.12815 75.2415
    endloop
  endfacet
  facet normal -0.901929 -0.241672 -0.357938
    outer loop
      vertex 40.8853 8.69043 74.5339
      vertex 40.4872 9.12815 75.2415
      vertex 40.7528 9.18462 74.5339
    endloop
  endfacet
  facet normal -0.901929 -0.241673 -0.357937
    outer loop
      vertex 40.4872 9.12815 75.2415
      vertex 40.8853 8.69043 74.5339
      vertex 40.5844 8.62648 75.3352
    endloop
  endfacet
  facet normal -0.860889 -0.230676 -0.453496
    outer loop
      vertex 40.2032 8.54546 76.1
      vertex 40.0708 9.03966 76.1
      vertex 40.1157 9.0492 76.0099
    endloop
  endfacet
  facet normal -0.860888 -0.230675 -0.453499
    outer loop
      vertex 40.5844 8.62648 75.3352
      vertex 40.1157 9.0492 76.0099
      vertex 40.452 9.12067 75.3352
    endloop
  endfacet
  facet normal -0.860888 -0.230676 -0.453498
    outer loop
      vertex 40.1157 9.0492 76.0099
      vertex 40.5844 8.62648 75.3352
      vertex 40.2032 8.54546 76.1
    endloop
  endfacet
  facet normal -0.810431 -0.217156 -0.5441
    outer loop
      vertex 39.746 8.44827 76.8198
      vertex 39.6136 8.94246 76.8198
      vertex 39.6679 8.95402 76.7342
    endloop
  endfacet
  facet normal -0.810423 -0.217153 -0.544113
    outer loop
      vertex 40.2032 8.54546 76.1
      vertex 39.6679 8.95402 76.7342
      vertex 40.0708 9.03966 76.1
    endloop
  endfacet
  facet normal -0.810423 -0.217156 -0.544112
    outer loop
      vertex 39.6679 8.95402 76.7342
      vertex 40.2032 8.54546 76.1
      vertex 39.746 8.44827 76.8198
    endloop
  endfacet
  facet normal -0.751086 -0.201254 -0.628781
    outer loop
      vertex 39.2176 8.33597 77.4869
      vertex 39.0852 8.83016 77.4869
      vertex 39.1488 8.84367 77.4066
    endloop
  endfacet
  facet normal -0.751071 -0.20125 -0.628802
    outer loop
      vertex 39.746 8.44827 76.8198
      vertex 39.1488 8.84367 77.4066
      vertex 39.6136 8.94246 76.8198
    endloop
  endfacet
  facet normal -0.751071 -0.201255 -0.628799
    outer loop
      vertex 39.1488 8.84367 77.4066
      vertex 39.746 8.44827 76.8198
      vertex 39.2176 8.33597 77.4869
    endloop
  endfacet
  facet normal -0.683484 -0.183135 -0.70662
    outer loop
      vertex 38.624 8.20978 78.0938
      vertex 38.4916 8.70398 78.0938
      vertex 38.5639 8.71936 78.0198
    endloop
  endfacet
  facet normal -0.68348 -0.183135 -0.706623
    outer loop
      vertex 38.5639 8.71936 78.0198
      vertex 39.2176 8.33597 77.4869
      vertex 38.624 8.20978 78.0938
    endloop
  endfacet
  facet normal -0.683481 -0.183139 -0.706621
    outer loop
      vertex 39.2176 8.33597 77.4869
      vertex 38.5639 8.71936 78.0198
      vertex 39.0852 8.83016 77.4869
    endloop
  endfacet
  facet normal -0.608385 -0.163017 -0.77672
    outer loop
      vertex 37.9715 8.0711 78.6339
      vertex 37.8391 8.56529 78.6339
      vertex 37.9199 8.58246 78.5671
    endloop
  endfacet
  facet normal -0.608382 -0.163017 -0.776722
    outer loop
      vertex 37.9199 8.58246 78.5671
      vertex 38.624 8.20978 78.0938
      vertex 37.9715 8.0711 78.6339
    endloop
  endfacet
  facet normal -0.60838 -0.163011 -0.776724
    outer loop
      vertex 38.624 8.20978 78.0938
      vertex 37.9199 8.58246 78.5671
      vertex 38.4916 8.70398 78.0938
    endloop
  endfacet
  facet normal -0.526588 -0.1411 -0.838329
    outer loop
      vertex 37.2674 7.92144 79.1014
      vertex 37.135 8.41563 79.1014
      vertex 37.2237 8.43447 79.0425
    endloop
  endfacet
  facet normal -0.526588 -0.1411 -0.83833
    outer loop
      vertex 37.2237 8.43447 79.0425
      vertex 37.9715 8.0711 78.6339
      vertex 37.2674 7.92144 79.1014
    endloop
  endfacet
  facet normal -0.526587 -0.141099 -0.83833
    outer loop
      vertex 37.9715 8.0711 78.6339
      vertex 37.2237 8.43447 79.0425
      vertex 37.8391 8.56529 78.6339
    endloop
  endfacet
  facet normal -0.438982 -0.117625 -0.890763
    outer loop
      vertex 37.1696 7.90064 79.1524
      vertex 37.135 8.41563 79.1014
      vertex 37.2674 7.92144 79.1014
    endloop
  endfacet
  facet normal -0.438981 -0.117625 -0.890764
    outer loop
      vertex 37.135 8.41563 79.1014
      vertex 37.1696 7.90064 79.1524
      vertex 37.0372 8.39484 79.1524
    endloop
  endfacet
  facet normal -0.438978 -0.117624 0.890765
    outer loop
      vertex 37.135 8.41563 64.8986
      vertex 37.0373 8.39424 64.8476
      vertex 37.2674 7.92144 64.8986
    endloop
  endfacet
  facet normal -0.43914 -0.116918 0.890779
    outer loop
      vertex 37.0373 8.39424 64.8476
      vertex 37.135 8.41563 64.8986
      vertex 37.0372 8.39484 64.8476
    endloop
  endfacet
  facet normal -0.438982 -0.117626 0.890763
    outer loop
      vertex 37.2674 7.92144 64.8986
      vertex 37.0373 8.39424 64.8476
      vertex 37.1696 7.90064 64.8476
    endloop
  endfacet
  facet normal -0.526567 -0.141094 0.838344
    outer loop
      vertex 37.8391 8.56529 65.3661
      vertex 37.7488 8.54609 65.3061
      vertex 37.9715 8.0711 65.3661
    endloop
  endfacet
  facet normal -0.526586 -0.141105 0.838329
    outer loop
      vertex 37.7488 8.54609 65.3061
      vertex 37.2674 7.92144 64.8986
      vertex 37.9715 8.0711 65.3661
    endloop
  endfacet
  facet normal -0.526591 -0.1411 0.838328
    outer loop
      vertex 37.2674 7.92144 64.8986
      vertex 37.7488 8.54609 65.3061
      vertex 37.135 8.41563 64.8986
    endloop
  endfacet
  facet normal -0.608359 -0.163005 0.776743
    outer loop
      vertex 38.4916 8.70398 65.9062
      vertex 38.4094 8.68651 65.8382
      vertex 38.624 8.20978 65.9062
    endloop
  endfacet
  facet normal -0.608381 -0.163019 0.776722
    outer loop
      vertex 38.4094 8.68651 65.8382
      vertex 37.9715 8.0711 65.3661
      vertex 38.624 8.20978 65.9062
    endloop
  endfacet
  facet normal -0.608383 -0.163017 0.776721
    outer loop
      vertex 37.9715 8.0711 65.3661
      vertex 38.4094 8.68651 65.8382
      vertex 37.8391 8.56529 65.3661
    endloop
  endfacet
  facet normal -0.683474 -0.183137 0.706629
    outer loop
      vertex 39.0852 8.83016 66.5131
      vertex 39.0117 8.81454 66.438
      vertex 39.2176 8.33597 66.5131
    endloop
  endfacet
  facet normal -0.683479 -0.18314 0.706623
    outer loop
      vertex 39.0117 8.81454 66.438
      vertex 38.624 8.20978 65.9062
      vertex 39.2176 8.33597 66.5131
    endloop
  endfacet
  facet normal -0.683483 -0.183135 0.70662
    outer loop
      vertex 38.624 8.20978 65.9062
      vertex 39.0117 8.81454 66.438
      vertex 38.4916 8.70398 65.9062
    endloop
  endfacet
  facet normal -0.751086 -0.201254 0.628782
    outer loop
      vertex 39.6136 8.94246 67.1802
      vertex 39.5492 8.92877 67.0988
      vertex 39.746 8.44827 67.1802
    endloop
  endfacet
  facet normal -0.751072 -0.201245 0.628802
    outer loop
      vertex 39.0852 8.83016 66.5131
      vertex 39.746 8.44827 67.1802
      vertex 39.5492 8.92877 67.0988
    endloop
  endfacet
  facet normal -0.751073 -0.20125 0.628799
    outer loop
      vertex 39.746 8.44827 67.1802
      vertex 39.0852 8.83016 66.5131
      vertex 39.2176 8.33597 66.5131
    endloop
  endfacet
  facet normal -0.81043 -0.217155 0.544102
    outer loop
      vertex 40.0708 9.03966 67.9
      vertex 40.0158 9.02797 67.8134
      vertex 40.2032 8.54546 67.9
    endloop
  endfacet
  facet normal -0.810424 -0.217151 0.544113
    outer loop
      vertex 39.6136 8.94246 67.1802
      vertex 40.2032 8.54546 67.9
      vertex 40.0158 9.02797 67.8134
    endloop
  endfacet
  facet normal -0.810424 -0.217154 0.544112
    outer loop
      vertex 40.2032 8.54546 67.9
      vertex 39.6136 8.94246 67.1802
      vertex 39.746 8.44827 67.1802
    endloop
  endfacet
  facet normal -0.860884 -0.230674 0.453506
    outer loop
      vertex 40.452 9.12067 68.6648
      vertex 40.4066 9.11104 68.5738
      vertex 40.5844 8.62648 68.6648
    endloop
  endfacet
  facet normal -0.860888 -0.230678 0.453497
    outer loop
      vertex 40.0708 9.03966 67.9
      vertex 40.5844 8.62648 68.6648
      vertex 40.4066 9.11104 68.5738
    endloop
  endfacet
  facet normal -0.860888 -0.230675 0.453498
    outer loop
      vertex 40.5844 8.62648 68.6648
      vertex 40.0708 9.03966 67.9
      vertex 40.2032 8.54546 67.9
    endloop
  endfacet
  facet normal -0.901934 -0.241674 0.357923
    outer loop
      vertex 40.7528 9.18462 69.4661
      vertex 40.7174 9.17709 69.3717
      vertex 40.8853 8.69043 69.4661
    endloop
  endfacet
  facet normal -0.901928 -0.241672 0.357939
    outer loop
      vertex 40.5844 8.62648 68.6648
      vertex 40.7174 9.17709 69.3717
      vertex 40.452 9.12067 68.6648
    endloop
  endfacet
  facet normal -0.901929 -0.241669 0.357937
    outer loop
      vertex 40.7174 9.17709 69.3717
      vertex 40.5844 8.62648 68.6648
      vertex 40.8853 8.69043 69.4661
    endloop
  endfacet
  facet normal -0.933097 -0.250024 0.258493
    outer loop
      vertex 40.9701 9.23081 70.2951
      vertex 40.9447 9.22541 70.1982
      vertex 41.1026 8.73662 70.2951
    endloop
  endfacet
  facet normal -0.933097 -0.250024 0.25849
    outer loop
      vertex 40.8853 8.69043 69.4661
      vertex 40.9447 9.22541 70.1982
      vertex 40.7528 9.18462 69.4661
    endloop
  endfacet
  facet normal -0.933097 -0.250024 0.25849
    outer loop
      vertex 40.9447 9.22541 70.1982
      vertex 40.8853 8.69043 69.4661
      vertex 41.1026 8.73662 70.2951
    endloop
  endfacet
  facet normal -0.954064 -0.255642 0.156234
    outer loop
      vertex 41.1015 9.25873 71.1429
      vertex 41.0862 9.25548 71.0443
      vertex 41.2339 8.76453 71.1429
    endloop
  endfacet
  facet normal -0.954065 -0.255642 0.156224
    outer loop
      vertex 41.1026 8.73662 70.2951
      vertex 41.0862 9.25548 71.0443
      vertex 40.9701 9.23081 70.2951
    endloop
  endfacet
  facet normal -0.954065 -0.255644 0.156225
    outer loop
      vertex 41.0862 9.25548 71.0443
      vertex 41.1026 8.73662 70.2951
      vertex 41.2339 8.76453 71.1429
    endloop
  endfacet
  facet normal -0.964606 -0.258467 0.0522436
    outer loop
      vertex 41.1454 9.26807 72
      vertex 41.1403 9.26698 71.9006
      vertex 41.2778 8.77387 72
    endloop
  endfacet
  facet normal -0.964605 -0.258467 0.0522661
    outer loop
      vertex 41.2339 8.76453 71.1429
      vertex 41.1403 9.26698 71.9006
      vertex 41.1015 9.25873 71.1429
    endloop
  endfacet
  facet normal -0.964606 -0.258463 0.0522635
    outer loop
      vertex 41.1403 9.26698 71.9006
      vertex 41.2339 8.76453 71.1429
      vertex 41.2778 8.77387 72
    endloop
  endfacet
  facet normal -0.986339 -0.15622 -0.0522633
    outer loop
      vertex 41.9241 4.40641 72.8571
      vertex 41.2339 8.76453 72.8571
      vertex 41.2778 8.77387 72
    endloop
  endfacet
  facet normal -0.986339 -0.15622 -0.0522639
    outer loop
      vertex 41.9241 4.40641 72.8571
      vertex 41.2778 8.77387 72
      vertex 41.9688 4.4111 72
    endloop
  endfacet
  facet normal -0.975561 -0.154514 -0.156227
    outer loop
      vertex 41.7906 4.39237 73.7049
      vertex 41.1026 8.73662 73.7049
      vertex 41.2339 8.76453 72.8571
    endloop
  endfacet
  facet normal -0.975561 -0.154513 -0.156226
    outer loop
      vertex 41.7906 4.39237 73.7049
      vertex 41.2339 8.76453 72.8571
      vertex 41.9241 4.40641 72.8571
    endloop
  endfacet
  facet normal -0.954121 -0.151118 -0.258488
    outer loop
      vertex 41.5697 4.36915 74.5339
      vertex 40.8853 8.69043 74.5339
      vertex 41.1026 8.73662 73.7049
    endloop
  endfacet
  facet normal -0.954122 -0.151118 -0.258486
    outer loop
      vertex 41.5697 4.36915 74.5339
      vertex 41.1026 8.73662 73.7049
      vertex 41.7906 4.39237 73.7049
    endloop
  endfacet
  facet normal -0.92225 -0.14607 -0.357937
    outer loop
      vertex 41.2638 4.337 75.3352
      vertex 40.5844 8.62648 75.3352
      vertex 40.8853 8.69043 74.5339
    endloop
  endfacet
  facet normal -0.922249 -0.14607 -0.35794
    outer loop
      vertex 41.2638 4.337 75.3352
      vertex 40.8853 8.69043 74.5339
      vertex 41.5697 4.36915 74.5339
    endloop
  endfacet
  facet normal -0.880284 -0.139424 -0.453498
    outer loop
      vertex 40.8763 4.29627 76.1
      vertex 40.2032 8.54546 76.1
      vertex 40.5844 8.62648 75.3352
    endloop
  endfacet
  facet normal -0.880285 -0.139423 -0.453496
    outer loop
      vertex 40.8763 4.29627 76.1
      vertex 40.5844 8.62648 75.3352
      vertex 41.2638 4.337 75.3352
    endloop
  endfacet
  facet normal -0.828683 -0.13125 -0.544112
    outer loop
      vertex 40.4113 4.2474 76.8198
      vertex 39.746 8.44827 76.8198
      vertex 40.2032 8.54546 76.1
    endloop
  endfacet
  facet normal -0.828682 -0.131251 -0.544113
    outer loop
      vertex 40.4113 4.2474 76.8198
      vertex 40.2032 8.54546 76.1
      vertex 40.8763 4.29627 76.1
    endloop
  endfacet
  facet normal -0.767995 -0.121638 -0.628799
    outer loop
      vertex 39.8741 4.19094 77.4869
      vertex 39.2176 8.33597 77.4869
      vertex 39.746 8.44827 76.8198
    endloop
  endfacet
  facet normal -0.767994 -0.121638 -0.6288
    outer loop
      vertex 39.8741 4.19094 77.4869
      vertex 39.746 8.44827 76.8198
      vertex 40.4113 4.2474 76.8198
    endloop
  endfacet
  facet normal -0.698878 -0.110692 -0.706623
    outer loop
      vertex 39.2706 4.1275 78.0938
      vertex 38.624 8.20978 78.0938
      vertex 39.2176 8.33597 77.4869
    endloop
  endfacet
  facet normal -0.698881 -0.110692 -0.706621
    outer loop
      vertex 39.2706 4.1275 78.0938
      vertex 39.2176 8.33597 77.4869
      vertex 39.8741 4.19094 77.4869
    endloop
  endfacet
  facet normal -0.622089 -0.0985291 -0.776722
    outer loop
      vertex 38.6072 4.05778 78.6339
      vertex 37.9715 8.0711 78.6339
      vertex 38.624 8.20978 78.0938
    endloop
  endfacet
  facet normal -0.622087 -0.0985293 -0.776723
    outer loop
      vertex 39.2706 4.1275 78.0938
      vertex 38.6072 4.05778 78.6339
      vertex 38.624 8.20978 78.0938
    endloop
  endfacet
  facet normal -0.538452 -0.0852827 -0.83833
    outer loop
      vertex 37.8913 3.98253 79.1014
      vertex 37.2674 7.92144 79.1014
      vertex 37.9715 8.0711 78.6339
    endloop
  endfacet
  facet normal -0.538454 -0.0852826 -0.838328
    outer loop
      vertex 38.6072 4.05778 78.6339
      vertex 37.8913 3.98253 79.1014
      vertex 37.9715 8.0711 78.6339
    endloop
  endfacet
  facet normal -0.448873 -0.0710932 -0.890763
    outer loop
      vertex 37.1696 7.90064 79.1524
      vertex 37.2674 7.92144 79.1014
      vertex 37.2495 7.39593 79.1524
    endloop
  endfacet
  facet normal -0.448862 -0.071093 -0.890768
    outer loop
      vertex 37.2495 7.39593 79.1524
      vertex 37.8913 3.98253 79.1014
      vertex 37.7918 3.97208 79.1524
    endloop
  endfacet
  facet normal -0.448866 -0.0710937 -0.890766
    outer loop
      vertex 37.8913 3.98253 79.1014
      vertex 37.2495 7.39593 79.1524
      vertex 37.2674 7.92144 79.1014
    endloop
  endfacet
  facet normal -0.448869 -0.0710942 0.890765
    outer loop
      vertex 37.2674 7.92144 64.8986
      vertex 37.7119 4.47679 64.8476
      vertex 37.8913 3.98253 64.8986
    endloop
  endfacet
  facet normal -0.448872 -0.0710946 0.890763
    outer loop
      vertex 37.2674 7.92144 64.8986
      vertex 37.1696 7.90064 64.8476
      vertex 37.7119 4.47679 64.8476
    endloop
  endfacet
  facet normal -0.448863 -0.0710914 0.890768
    outer loop
      vertex 37.8913 3.98253 64.8986
      vertex 37.7119 4.47679 64.8476
      vertex 37.7918 3.97208 64.8476
    endloop
  endfacet
  facet normal -0.538452 -0.0852823 0.83833
    outer loop
      vertex 37.9715 8.0711 65.3661
      vertex 37.2674 7.92144 64.8986
      vertex 38.6072 4.05778 65.3661
    endloop
  endfacet
  facet normal -0.538454 -0.085283 0.838328
    outer loop
      vertex 38.6072 4.05778 65.3661
      vertex 37.2674 7.92144 64.8986
      vertex 37.8913 3.98253 64.8986
    endloop
  endfacet
  facet normal -0.622089 -0.0985296 0.776722
    outer loop
      vertex 38.624 8.20978 65.9062
      vertex 37.9715 8.0711 65.3661
      vertex 39.2706 4.1275 65.9062
    endloop
  endfacet
  facet normal -0.622087 -0.0985288 0.776724
    outer loop
      vertex 39.2706 4.1275 65.9062
      vertex 37.9715 8.0711 65.3661
      vertex 38.6072 4.05778 65.3661
    endloop
  endfacet
  facet normal -0.698878 -0.110691 0.706623
    outer loop
      vertex 39.2176 8.33597 66.5131
      vertex 38.624 8.20978 65.9062
      vertex 39.8741 4.19094 66.5131
    endloop
  endfacet
  facet normal -0.698881 -0.110692 0.706621
    outer loop
      vertex 39.8741 4.19094 66.5131
      vertex 38.624 8.20978 65.9062
      vertex 39.2706 4.1275 65.9062
    endloop
  endfacet
  facet normal -0.767995 -0.121638 0.628799
    outer loop
      vertex 39.746 8.44827 67.1802
      vertex 39.2176 8.33597 66.5131
      vertex 40.4113 4.2474 67.1802
    endloop
  endfacet
  facet normal -0.767994 -0.121638 0.6288
    outer loop
      vertex 40.4113 4.2474 67.1802
      vertex 39.2176 8.33597 66.5131
      vertex 39.8741 4.19094 66.5131
    endloop
  endfacet
  facet normal -0.828683 -0.131251 0.544112
    outer loop
      vertex 40.2032 8.54546 67.9
      vertex 39.746 8.44827 67.1802
      vertex 40.8763 4.29627 67.9
    endloop
  endfacet
  facet normal -0.828682 -0.13125 0.544113
    outer loop
      vertex 40.8763 4.29627 67.9
      vertex 39.746 8.44827 67.1802
      vertex 40.4113 4.2474 67.1802
    endloop
  endfacet
  facet normal -0.880284 -0.139423 0.453498
    outer loop
      vertex 40.5844 8.62648 68.6648
      vertex 40.2032 8.54546 67.9
      vertex 41.2638 4.337 68.6648
    endloop
  endfacet
  facet normal -0.880285 -0.139424 0.453496
    outer loop
      vertex 41.2638 4.337 68.6648
      vertex 40.2032 8.54546 67.9
      vertex 40.8763 4.29627 67.9
    endloop
  endfacet
  facet normal -0.92225 -0.14607 0.357937
    outer loop
      vertex 40.8853 8.69043 69.4661
      vertex 40.5844 8.62648 68.6648
      vertex 41.5697 4.36915 69.4661
    endloop
  endfacet
  facet normal -0.922249 -0.14607 0.35794
    outer loop
      vertex 41.5697 4.36915 69.4661
      vertex 40.5844 8.62648 68.6648
      vertex 41.2638 4.337 68.6648
    endloop
  endfacet
  facet normal -0.954121 -0.151118 0.258491
    outer loop
      vertex 41.1026 8.73662 70.2951
      vertex 40.8853 8.69043 69.4661
      vertex 41.7906 4.39237 70.2951
    endloop
  endfacet
  facet normal -0.954121 -0.151118 0.258488
    outer loop
      vertex 41.7906 4.39237 70.2951
      vertex 40.8853 8.69043 69.4661
      vertex 41.5697 4.36915 69.4661
    endloop
  endfacet
  facet normal -0.975561 -0.154513 0.156226
    outer loop
      vertex 41.2339 8.76453 71.1429
      vertex 41.1026 8.73662 70.2951
      vertex 41.9241 4.40641 71.1429
    endloop
  endfacet
  facet normal -0.975561 -0.154514 0.156224
    outer loop
      vertex 41.9241 4.40641 71.1429
      vertex 41.1026 8.73662 70.2951
      vertex 41.7906 4.39237 70.2951
    endloop
  endfacet
  facet normal -0.986339 -0.15622 0.0522633
    outer loop
      vertex 41.2778 8.77387 72
      vertex 41.2339 8.76453 71.1429
      vertex 41.9688 4.4111 72
    endloop
  endfacet
  facet normal -0.986339 -0.15622 0.0522639
    outer loop
      vertex 41.9688 4.4111 72
      vertex 41.2339 8.76453 71.1429
      vertex 41.9241 4.40641 71.1429
    endloop
  endfacet
  facet normal -0.997265 -0.0522645 -0.052264
    outer loop
      vertex 42.1551 0 72.8571
      vertex 41.9241 4.40641 72.8571
      vertex 41.9688 4.4111 72
    endloop
  endfacet
  facet normal -0.997265 -0.0522649 -0.0522662
    outer loop
      vertex 42.1551 0 72.8571
      vertex 41.9688 4.4111 72
      vertex 42.2 0 72
    endloop
  endfacet
  facet normal -0.986368 -0.0516933 -0.156226
    outer loop
      vertex 42.0208 0 73.7049
      vertex 41.7906 4.39237 73.7049
      vertex 41.9241 4.40641 72.8571
    endloop
  endfacet
  facet normal -0.986368 -0.0516934 -0.156226
    outer loop
      vertex 42.0208 0 73.7049
      vertex 41.9241 4.40641 72.8571
      vertex 42.1551 0 72.8571
    endloop
  endfacet
  facet normal -0.964691 -0.0505573 -0.258486
    outer loop
      vertex 41.7987 0 74.5339
      vertex 41.5697 4.36915 74.5339
      vertex 41.7906 4.39237 73.7049
    endloop
  endfacet
  facet normal -0.964691 -0.0505573 -0.258486
    outer loop
      vertex 41.7987 0 74.5339
      vertex 41.7906 4.39237 73.7049
      vertex 42.0208 0 73.7049
    endloop
  endfacet
  facet normal -0.932465 -0.048869 -0.35794
    outer loop
      vertex 41.4911 0 75.3352
      vertex 41.2638 4.337 75.3352
      vertex 41.5697 4.36915 74.5339
    endloop
  endfacet
  facet normal -0.932466 -0.0488684 -0.357937
    outer loop
      vertex 41.7987 0 74.5339
      vertex 41.4911 0 75.3352
      vertex 41.5697 4.36915 74.5339
    endloop
  endfacet
  facet normal -0.890037 -0.046645 -0.453496
    outer loop
      vertex 41.1014 0 76.1
      vertex 40.8763 4.29627 76.1
      vertex 41.2638 4.337 75.3352
    endloop
  endfacet
  facet normal -0.890036 -0.0466453 -0.453498
    outer loop
      vertex 41.4911 0 75.3352
      vertex 41.1014 0 76.1
      vertex 41.2638 4.337 75.3352
    endloop
  endfacet
  facet normal -0.837862 -0.0439101 -0.544113
    outer loop
      vertex 40.6339 0 76.8198
      vertex 40.4113 4.2474 76.8198
      vertex 40.8763 4.29627 76.1
    endloop
  endfacet
  facet normal -0.837861 -0.0439106 -0.544115
    outer loop
      vertex 41.1014 0 76.1
      vertex 40.6339 0 76.8198
      vertex 40.8763 4.29627 76.1
    endloop
  endfacet
  facet normal -0.776501 -0.0406949 -0.6288
    outer loop
      vertex 40.0938 0 77.4869
      vertex 39.8741 4.19094 77.4869
      vertex 40.4113 4.2474 76.8198
    endloop
  endfacet
  facet normal -0.776503 -0.0406945 -0.628799
    outer loop
      vertex 40.6339 0 76.8198
      vertex 40.0938 0 77.4869
      vertex 40.4113 4.2474 76.8198
    endloop
  endfacet
  facet normal -0.706623 -0.0370324 -0.706621
    outer loop
      vertex 39.4869 0 78.0938
      vertex 39.2706 4.1275 78.0938
      vertex 39.8741 4.19094 77.4869
    endloop
  endfacet
  facet normal -0.706622 -0.0370326 -0.706622
    outer loop
      vertex 40.0938 0 77.4869
      vertex 39.4869 0 78.0938
      vertex 39.8741 4.19094 77.4869
    endloop
  endfacet
  facet normal -0.628979 -0.0329638 -0.776724
    outer loop
      vertex 38.8198 0 78.6339
      vertex 38.6072 4.05778 78.6339
      vertex 39.2706 4.1275 78.0938
    endloop
  endfacet
  facet normal -0.62898 -0.0329634 -0.776722
    outer loop
      vertex 39.4869 0 78.0938
      vertex 38.8198 0 78.6339
      vertex 39.2706 4.1275 78.0938
    endloop
  endfacet
  facet normal -0.544418 -0.0285314 -0.838328
    outer loop
      vertex 38.1 0 79.1014
      vertex 37.8913 3.98253 79.1014
      vertex 38.6072 4.05778 78.6339
    endloop
  endfacet
  facet normal -0.544416 -0.028532 -0.83833
    outer loop
      vertex 38.8198 0 78.6339
      vertex 38.1 0 79.1014
      vertex 38.6072 4.05778 78.6339
    endloop
  endfacet
  facet normal -0.453835 -0.0237854 -0.890768
    outer loop
      vertex 37.7918 3.97208 79.1524
      vertex 37.8913 3.98253 79.1014
      vertex 37.8186 3.46178 79.1524
    endloop
  endfacet
  facet normal -0.453843 -0.0237848 -0.890764
    outer loop
      vertex 37.8186 3.46178 79.1524
      vertex 38.1 0 79.1014
      vertex 38 0 79.1524
    endloop
  endfacet
  facet normal -0.45384 -0.0237845 -0.890766
    outer loop
      vertex 38.1 0 79.1014
      vertex 37.8186 3.46178 79.1524
      vertex 37.8913 3.98253 79.1014
    endloop
  endfacet
  facet normal -0.453838 -0.0237844 0.890767
    outer loop
      vertex 37.8913 3.98253 64.8986
      vertex 37.9733 0.510301 64.8476
      vertex 38.1 0 64.8986
    endloop
  endfacet
  facet normal -0.453835 -0.0237843 0.890768
    outer loop
      vertex 37.8913 3.98253 64.8986
      vertex 37.7918 3.97208 64.8476
      vertex 37.9733 0.510301 64.8476
    endloop
  endfacet
  facet normal -0.453843 -0.0237859 0.890764
    outer loop
      vertex 38.1 0 64.8986
      vertex 37.9733 0.510301 64.8476
      vertex 38 0 64.8476
    endloop
  endfacet
  facet normal -0.544418 -0.0285321 0.838328
    outer loop
      vertex 38.6072 4.05778 65.3661
      vertex 37.8913 3.98253 64.8986
      vertex 38.8198 0 65.3661
    endloop
  endfacet
  facet normal -0.544416 -0.0285313 0.83833
    outer loop
      vertex 38.8198 0 65.3661
      vertex 37.8913 3.98253 64.8986
      vertex 38.1 0 64.8986
    endloop
  endfacet
  facet normal -0.628979 -0.0329633 0.776724
    outer loop
      vertex 39.2706 4.1275 65.9062
      vertex 38.6072 4.05778 65.3661
      vertex 39.4869 0 65.9062
    endloop
  endfacet
  facet normal -0.62898 -0.0329639 0.776722
    outer loop
      vertex 39.4869 0 65.9062
      vertex 38.6072 4.05778 65.3661
      vertex 38.8198 0 65.3661
    endloop
  endfacet
  facet normal -0.706623 -0.0370327 0.706621
    outer loop
      vertex 39.8741 4.19094 66.5131
      vertex 39.2706 4.1275 65.9062
      vertex 40.0938 0 66.5131
    endloop
  endfacet
  facet normal -0.706622 -0.0370323 0.706622
    outer loop
      vertex 40.0938 0 66.5131
      vertex 39.2706 4.1275 65.9062
      vertex 39.4869 0 65.9062
    endloop
  endfacet
  facet normal -0.776501 -0.0406944 0.6288
    outer loop
      vertex 40.4113 4.2474 67.1802
      vertex 39.8741 4.19094 66.5131
      vertex 40.6339 0 67.1802
    endloop
  endfacet
  facet normal -0.776503 -0.0406949 0.628798
    outer loop
      vertex 40.6339 0 67.1802
      vertex 39.8741 4.19094 66.5131
      vertex 40.0938 0 66.5131
    endloop
  endfacet
  facet normal -0.837862 -0.0439107 0.544113
    outer loop
      vertex 40.8763 4.29627 67.9
      vertex 40.4113 4.2474 67.1802
      vertex 41.1014 0 67.9
    endloop
  endfacet
  facet normal -0.837861 -0.0439101 0.544115
    outer loop
      vertex 41.1014 0 67.9
      vertex 40.4113 4.2474 67.1802
      vertex 40.6339 0 67.1802
    endloop
  endfacet
  facet normal -0.890037 -0.0466454 0.453496
    outer loop
      vertex 41.2638 4.337 68.6648
      vertex 40.8763 4.29627 67.9
      vertex 41.4911 0 68.6648
    endloop
  endfacet
  facet normal -0.890036 -0.046645 0.453498
    outer loop
      vertex 41.4911 0 68.6648
      vertex 40.8763 4.29627 67.9
      vertex 41.1014 0 67.9
    endloop
  endfacet
  facet normal -0.932465 -0.0488684 0.35794
    outer loop
      vertex 41.5697 4.36915 69.4661
      vertex 41.2638 4.337 68.6648
      vertex 41.7987 0 69.4661
    endloop
  endfacet
  facet normal -0.932466 -0.048869 0.357937
    outer loop
      vertex 41.7987 0 69.4661
      vertex 41.2638 4.337 68.6648
      vertex 41.4911 0 68.6648
    endloop
  endfacet
  facet normal -0.96469 -0.0505572 0.258488
    outer loop
      vertex 41.7906 4.39237 70.2951
      vertex 41.5697 4.36915 69.4661
      vertex 42.0208 0 70.2951
    endloop
  endfacet
  facet normal -0.96469 -0.0505572 0.258488
    outer loop
      vertex 42.0208 0 70.2951
      vertex 41.5697 4.36915 69.4661
      vertex 41.7987 0 69.4661
    endloop
  endfacet
  facet normal -0.986368 -0.0516934 0.156224
    outer loop
      vertex 41.9241 4.40641 71.1429
      vertex 41.7906 4.39237 70.2951
      vertex 42.1551 0 71.1429
    endloop
  endfacet
  facet normal -0.986368 -0.0516933 0.156225
    outer loop
      vertex 42.1551 0 71.1429
      vertex 41.7906 4.39237 70.2951
      vertex 42.0208 0 70.2951
    endloop
  endfacet
  facet normal -0.997265 -0.0522649 0.052264
    outer loop
      vertex 41.9688 4.4111 72
      vertex 41.9241 4.40641 71.1429
      vertex 42.2 0 72
    endloop
  endfacet
  facet normal -0.997265 -0.0522645 0.0522662
    outer loop
      vertex 42.2 0 72
      vertex 41.9241 4.40641 71.1429
      vertex 42.1551 0 71.1429
    endloop
  endfacet
  facet normal -0.997265 0.0522645 -0.0522662
    outer loop
      vertex 42.2 0 72
      vertex 41.9241 -4.40641 72.8571
      vertex 42.1551 0 72.8571
    endloop
  endfacet
  facet normal -0.997265 0.0522649 -0.052264
    outer loop
      vertex 41.9688 -4.4111 72
      vertex 41.9241 -4.40641 72.8571
      vertex 42.2 0 72
    endloop
  endfacet
  facet normal -0.986368 0.0516933 -0.156226
    outer loop
      vertex 42.1551 0 72.8571
      vertex 41.7906 -4.39237 73.7049
      vertex 42.0208 0 73.7049
    endloop
  endfacet
  facet normal -0.986368 0.0516934 -0.156226
    outer loop
      vertex 41.9241 -4.40641 72.8571
      vertex 41.7906 -4.39237 73.7049
      vertex 42.1551 0 72.8571
    endloop
  endfacet
  facet normal -0.964691 0.0505573 -0.258486
    outer loop
      vertex 42.0208 0 73.7049
      vertex 41.5697 -4.36915 74.5339
      vertex 41.7987 0 74.5339
    endloop
  endfacet
  facet normal -0.964691 0.0505573 -0.258486
    outer loop
      vertex 41.7906 -4.39237 73.7049
      vertex 41.5697 -4.36915 74.5339
      vertex 42.0208 0 73.7049
    endloop
  endfacet
  facet normal -0.932466 0.048869 -0.357937
    outer loop
      vertex 41.7987 0 74.5339
      vertex 41.2638 -4.337 75.3352
      vertex 41.4911 0 75.3352
    endloop
  endfacet
  facet normal -0.932465 0.0488684 -0.35794
    outer loop
      vertex 41.5697 -4.36915 74.5339
      vertex 41.2638 -4.337 75.3352
      vertex 41.7987 0 74.5339
    endloop
  endfacet
  facet normal -0.890036 0.046645 -0.453498
    outer loop
      vertex 41.4911 0 75.3352
      vertex 40.8763 -4.29627 76.1
      vertex 41.1014 0 76.1
    endloop
  endfacet
  facet normal -0.890037 0.0466454 -0.453496
    outer loop
      vertex 41.2638 -4.337 75.3352
      vertex 40.8763 -4.29627 76.1
      vertex 41.4911 0 75.3352
    endloop
  endfacet
  facet normal -0.837861 0.0439101 -0.544115
    outer loop
      vertex 41.1014 0 76.1
      vertex 40.4113 -4.2474 76.8198
      vertex 40.6339 0 76.8198
    endloop
  endfacet
  facet normal -0.837862 0.0439107 -0.544113
    outer loop
      vertex 40.8763 -4.29627 76.1
      vertex 40.4113 -4.2474 76.8198
      vertex 41.1014 0 76.1
    endloop
  endfacet
  facet normal -0.776503 0.0406949 -0.628798
    outer loop
      vertex 40.6339 0 76.8198
      vertex 39.8741 -4.19094 77.4869
      vertex 40.0938 0 77.4869
    endloop
  endfacet
  facet normal -0.776501 0.0406944 -0.6288
    outer loop
      vertex 40.4113 -4.2474 76.8198
      vertex 39.8741 -4.19094 77.4869
      vertex 40.6339 0 76.8198
    endloop
  endfacet
  facet normal -0.706622 0.0370323 -0.706622
    outer loop
      vertex 40.0938 0 77.4869
      vertex 39.2706 -4.1275 78.0938
      vertex 39.4869 0 78.0938
    endloop
  endfacet
  facet normal -0.706623 0.0370327 -0.706621
    outer loop
      vertex 39.8741 -4.19094 77.4869
      vertex 39.2706 -4.1275 78.0938
      vertex 40.0938 0 77.4869
    endloop
  endfacet
  facet normal -0.62898 0.0329639 -0.776722
    outer loop
      vertex 39.4869 0 78.0938
      vertex 38.6072 -4.05778 78.6339
      vertex 38.8198 0 78.6339
    endloop
  endfacet
  facet normal -0.628979 0.0329633 -0.776724
    outer loop
      vertex 39.2706 -4.1275 78.0938
      vertex 38.6072 -4.05778 78.6339
      vertex 39.4869 0 78.0938
    endloop
  endfacet
  facet normal -0.544416 0.0285313 -0.83833
    outer loop
      vertex 38.8198 0 78.6339
      vertex 37.8913 -3.98253 79.1014
      vertex 38.1 0 79.1014
    endloop
  endfacet
  facet normal -0.544418 0.0285321 -0.838328
    outer loop
      vertex 38.6072 -4.05778 78.6339
      vertex 37.8913 -3.98253 79.1014
      vertex 38.8198 0 78.6339
    endloop
  endfacet
  facet normal -0.453843 0.0237859 -0.890764
    outer loop
      vertex 38.1 0 79.1014
      vertex 37.9733 -0.510301 79.1524
      vertex 38 0 79.1524
    endloop
  endfacet
  facet normal -0.453838 0.0237844 -0.890767
    outer loop
      vertex 37.8913 -3.98253 79.1014
      vertex 37.9733 -0.510301 79.1524
      vertex 38.1 0 79.1014
    endloop
  endfacet
  facet normal -0.453835 0.0237843 -0.890768
    outer loop
      vertex 37.8913 -3.98253 79.1014
      vertex 37.7918 -3.97208 79.1524
      vertex 37.9733 -0.510301 79.1524
    endloop
  endfacet
  facet normal -0.453843 0.0237848 0.890764
    outer loop
      vertex 37.8186 -3.46178 64.8476
      vertex 38.1 0 64.8986
      vertex 38 0 64.8476
    endloop
  endfacet
  facet normal -0.45384 0.0237845 0.890766
    outer loop
      vertex 38.1 0 64.8986
      vertex 37.8186 -3.46178 64.8476
      vertex 37.8913 -3.98253 64.8986
    endloop
  endfacet
  facet normal -0.453835 0.0237854 0.890768
    outer loop
      vertex 37.7918 -3.97208 64.8476
      vertex 37.8913 -3.98253 64.8986
      vertex 37.8186 -3.46178 64.8476
    endloop
  endfacet
  facet normal -0.544416 0.028532 0.83833
    outer loop
      vertex 38.8198 0 65.3661
      vertex 38.1 0 64.8986
      vertex 38.6072 -4.05778 65.3661
    endloop
  endfacet
  facet normal -0.544418 0.0285314 0.838328
    outer loop
      vertex 38.1 0 64.8986
      vertex 37.8913 -3.98253 64.8986
      vertex 38.6072 -4.05778 65.3661
    endloop
  endfacet
  facet normal -0.62898 0.0329634 0.776722
    outer loop
      vertex 39.4869 0 65.9062
      vertex 38.8198 0 65.3661
      vertex 39.2706 -4.1275 65.9062
    endloop
  endfacet
  facet normal -0.628979 0.0329638 0.776724
    outer loop
      vertex 38.8198 0 65.3661
      vertex 38.6072 -4.05778 65.3661
      vertex 39.2706 -4.1275 65.9062
    endloop
  endfacet
  facet normal -0.706622 0.0370326 0.706622
    outer loop
      vertex 40.0938 0 66.5131
      vertex 39.4869 0 65.9062
      vertex 39.8741 -4.19094 66.5131
    endloop
  endfacet
  facet normal -0.706623 0.0370324 0.706621
    outer loop
      vertex 39.4869 0 65.9062
      vertex 39.2706 -4.1275 65.9062
      vertex 39.8741 -4.19094 66.5131
    endloop
  endfacet
  facet normal -0.776503 0.0406945 0.628799
    outer loop
      vertex 40.6339 0 67.1802
      vertex 40.0938 0 66.5131
      vertex 40.4113 -4.2474 67.1802
    endloop
  endfacet
  facet normal -0.776501 0.0406949 0.6288
    outer loop
      vertex 40.0938 0 66.5131
      vertex 39.8741 -4.19094 66.5131
      vertex 40.4113 -4.2474 67.1802
    endloop
  endfacet
  facet normal -0.837861 0.0439106 0.544115
    outer loop
      vertex 41.1014 0 67.9
      vertex 40.6339 0 67.1802
      vertex 40.8763 -4.29627 67.9
    endloop
  endfacet
  facet normal -0.837862 0.0439101 0.544113
    outer loop
      vertex 40.6339 0 67.1802
      vertex 40.4113 -4.2474 67.1802
      vertex 40.8763 -4.29627 67.9
    endloop
  endfacet
  facet normal -0.890036 0.0466453 0.453498
    outer loop
      vertex 41.4911 0 68.6648
      vertex 41.1014 0 67.9
      vertex 41.2638 -4.337 68.6648
    endloop
  endfacet
  facet normal -0.890037 0.046645 0.453496
    outer loop
      vertex 41.1014 0 67.9
      vertex 40.8763 -4.29627 67.9
      vertex 41.2638 -4.337 68.6648
    endloop
  endfacet
  facet normal -0.932466 0.0488684 0.357937
    outer loop
      vertex 41.7987 0 69.4661
      vertex 41.4911 0 68.6648
      vertex 41.5697 -4.36915 69.4661
    endloop
  endfacet
  facet normal -0.932465 0.048869 0.35794
    outer loop
      vertex 41.4911 0 68.6648
      vertex 41.2638 -4.337 68.6648
      vertex 41.5697 -4.36915 69.4661
    endloop
  endfacet
  facet normal -0.96469 0.0505572 0.258488
    outer loop
      vertex 41.7987 0 69.4661
      vertex 41.7906 -4.39237 70.2951
      vertex 42.0208 0 70.2951
    endloop
  endfacet
  facet normal -0.96469 0.0505572 0.258488
    outer loop
      vertex 41.7987 0 69.4661
      vertex 41.5697 -4.36915 69.4661
      vertex 41.7906 -4.39237 70.2951
    endloop
  endfacet
  facet normal -0.986368 0.0516934 0.156225
    outer loop
      vertex 42.0208 0 70.2951
      vertex 41.9241 -4.40641 71.1429
      vertex 42.1551 0 71.1429
    endloop
  endfacet
  facet normal -0.986368 0.0516933 0.156224
    outer loop
      vertex 42.0208 0 70.2951
      vertex 41.7906 -4.39237 70.2951
      vertex 41.9241 -4.40641 71.1429
    endloop
  endfacet
  facet normal -0.997265 0.0522649 0.0522662
    outer loop
      vertex 42.1551 0 71.1429
      vertex 41.9688 -4.4111 72
      vertex 42.2 0 72
    endloop
  endfacet
  facet normal -0.997265 0.0522645 0.052264
    outer loop
      vertex 42.1551 0 71.1429
      vertex 41.9241 -4.40641 71.1429
      vertex 41.9688 -4.4111 72
    endloop
  endfacet
  facet normal -0.986339 0.15622 -0.0522639
    outer loop
      vertex 41.9688 -4.4111 72
      vertex 41.2339 -8.76453 72.8571
      vertex 41.9241 -4.40641 72.8571
    endloop
  endfacet
  facet normal -0.986339 0.15622 -0.0522633
    outer loop
      vertex 41.2778 -8.77387 72
      vertex 41.2339 -8.76453 72.8571
      vertex 41.9688 -4.4111 72
    endloop
  endfacet
  facet normal -0.975561 0.154514 -0.156226
    outer loop
      vertex 41.9241 -4.40641 72.8571
      vertex 41.1026 -8.73662 73.7049
      vertex 41.7906 -4.39237 73.7049
    endloop
  endfacet
  facet normal -0.975561 0.154513 -0.156227
    outer loop
      vertex 41.2339 -8.76453 72.8571
      vertex 41.1026 -8.73662 73.7049
      vertex 41.9241 -4.40641 72.8571
    endloop
  endfacet
  facet normal -0.954122 0.151118 -0.258486
    outer loop
      vertex 41.7906 -4.39237 73.7049
      vertex 40.8853 -8.69043 74.5339
      vertex 41.5697 -4.36915 74.5339
    endloop
  endfacet
  facet normal -0.954121 0.151118 -0.258488
    outer loop
      vertex 41.1026 -8.73662 73.7049
      vertex 40.8853 -8.69043 74.5339
      vertex 41.7906 -4.39237 73.7049
    endloop
  endfacet
  facet normal -0.922249 0.14607 -0.35794
    outer loop
      vertex 41.5697 -4.36915 74.5339
      vertex 40.5844 -8.62648 75.3352
      vertex 41.2638 -4.337 75.3352
    endloop
  endfacet
  facet normal -0.92225 0.14607 -0.357937
    outer loop
      vertex 40.8853 -8.69043 74.5339
      vertex 40.5844 -8.62648 75.3352
      vertex 41.5697 -4.36915 74.5339
    endloop
  endfacet
  facet normal -0.880285 0.139424 -0.453496
    outer loop
      vertex 41.2638 -4.337 75.3352
      vertex 40.2032 -8.54546 76.1
      vertex 40.8763 -4.29627 76.1
    endloop
  endfacet
  facet normal -0.880284 0.139423 -0.453498
    outer loop
      vertex 40.5844 -8.62648 75.3352
      vertex 40.2032 -8.54546 76.1
      vertex 41.2638 -4.337 75.3352
    endloop
  endfacet
  facet normal -0.828682 0.13125 -0.544113
    outer loop
      vertex 40.8763 -4.29627 76.1
      vertex 39.746 -8.44827 76.8198
      vertex 40.4113 -4.2474 76.8198
    endloop
  endfacet
  facet normal -0.828683 0.131251 -0.544112
    outer loop
      vertex 40.2032 -8.54546 76.1
      vertex 39.746 -8.44827 76.8198
      vertex 40.8763 -4.29627 76.1
    endloop
  endfacet
  facet normal -0.767994 0.121638 -0.6288
    outer loop
      vertex 40.4113 -4.2474 76.8198
      vertex 39.2176 -8.33597 77.4869
      vertex 39.8741 -4.19094 77.4869
    endloop
  endfacet
  facet normal -0.767995 0.121638 -0.628799
    outer loop
      vertex 39.746 -8.44827 76.8198
      vertex 39.2176 -8.33597 77.4869
      vertex 40.4113 -4.2474 76.8198
    endloop
  endfacet
  facet normal -0.698881 0.110692 -0.706621
    outer loop
      vertex 39.8741 -4.19094 77.4869
      vertex 38.624 -8.20978 78.0938
      vertex 39.2706 -4.1275 78.0938
    endloop
  endfacet
  facet normal -0.698878 0.110691 -0.706623
    outer loop
      vertex 39.2176 -8.33597 77.4869
      vertex 38.624 -8.20978 78.0938
      vertex 39.8741 -4.19094 77.4869
    endloop
  endfacet
  facet normal -0.622087 0.0985288 -0.776724
    outer loop
      vertex 39.2706 -4.1275 78.0938
      vertex 37.9715 -8.0711 78.6339
      vertex 38.6072 -4.05778 78.6339
    endloop
  endfacet
  facet normal -0.622089 0.0985296 -0.776722
    outer loop
      vertex 38.624 -8.20978 78.0938
      vertex 37.9715 -8.0711 78.6339
      vertex 39.2706 -4.1275 78.0938
    endloop
  endfacet
  facet normal -0.538454 0.085283 -0.838328
    outer loop
      vertex 38.6072 -4.05778 78.6339
      vertex 37.2674 -7.92144 79.1014
      vertex 37.8913 -3.98253 79.1014
    endloop
  endfacet
  facet normal -0.538452 0.0852823 -0.83833
    outer loop
      vertex 37.9715 -8.0711 78.6339
      vertex 37.2674 -7.92144 79.1014
      vertex 38.6072 -4.05778 78.6339
    endloop
  endfacet
  facet normal -0.448863 0.0710914 -0.890768
    outer loop
      vertex 37.8913 -3.98253 79.1014
      vertex 37.7119 -4.47679 79.1524
      vertex 37.7918 -3.97208 79.1524
    endloop
  endfacet
  facet normal -0.448869 0.0710942 -0.890765
    outer loop
      vertex 37.2674 -7.92144 79.1014
      vertex 37.7119 -4.47679 79.1524
      vertex 37.8913 -3.98253 79.1014
    endloop
  endfacet
  facet normal -0.448872 0.0710946 -0.890763
    outer loop
      vertex 37.2674 -7.92144 79.1014
      vertex 37.1696 -7.90064 79.1524
      vertex 37.7119 -4.47679 79.1524
    endloop
  endfacet
  facet normal -0.448862 0.071093 0.890768
    outer loop
      vertex 37.2495 -7.39593 64.8476
      vertex 37.8913 -3.98253 64.8986
      vertex 37.7918 -3.97208 64.8476
    endloop
  endfacet
  facet normal -0.448866 0.0710937 0.890766
    outer loop
      vertex 37.8913 -3.98253 64.8986
      vertex 37.2495 -7.39593 64.8476
      vertex 37.2674 -7.92144 64.8986
    endloop
  endfacet
  facet normal -0.448873 0.0710932 0.890763
    outer loop
      vertex 37.1696 -7.90064 64.8476
      vertex 37.2674 -7.92144 64.8986
      vertex 37.2495 -7.39593 64.8476
    endloop
  endfacet
  facet normal -0.538454 0.0852826 0.838328
    outer loop
      vertex 38.6072 -4.05778 65.3661
      vertex 37.8913 -3.98253 64.8986
      vertex 37.9715 -8.0711 65.3661
    endloop
  endfacet
  facet normal -0.538452 0.0852827 0.83833
    outer loop
      vertex 37.8913 -3.98253 64.8986
      vertex 37.2674 -7.92144 64.8986
      vertex 37.9715 -8.0711 65.3661
    endloop
  endfacet
  facet normal -0.622087 0.0985293 0.776723
    outer loop
      vertex 39.2706 -4.1275 65.9062
      vertex 38.6072 -4.05778 65.3661
      vertex 38.624 -8.20978 65.9062
    endloop
  endfacet
  facet normal -0.622089 0.0985291 0.776722
    outer loop
      vertex 38.6072 -4.05778 65.3661
      vertex 37.9715 -8.0711 65.3661
      vertex 38.624 -8.20978 65.9062
    endloop
  endfacet
  facet normal -0.698881 0.110692 0.706621
    outer loop
      vertex 39.2706 -4.1275 65.9062
      vertex 39.2176 -8.33597 66.5131
      vertex 39.8741 -4.19094 66.5131
    endloop
  endfacet
  facet normal -0.698878 0.110692 0.706623
    outer loop
      vertex 39.2706 -4.1275 65.9062
      vertex 38.624 -8.20978 65.9062
      vertex 39.2176 -8.33597 66.5131
    endloop
  endfacet
  facet normal -0.767994 0.121638 0.6288
    outer loop
      vertex 39.8741 -4.19094 66.5131
      vertex 39.746 -8.44827 67.1802
      vertex 40.4113 -4.2474 67.1802
    endloop
  endfacet
  facet normal -0.767995 0.121638 0.628799
    outer loop
      vertex 39.8741 -4.19094 66.5131
      vertex 39.2176 -8.33597 66.5131
      vertex 39.746 -8.44827 67.1802
    endloop
  endfacet
  facet normal -0.828682 0.131251 0.544113
    outer loop
      vertex 40.4113 -4.2474 67.1802
      vertex 40.2032 -8.54546 67.9
      vertex 40.8763 -4.29627 67.9
    endloop
  endfacet
  facet normal -0.828683 0.13125 0.544112
    outer loop
      vertex 40.4113 -4.2474 67.1802
      vertex 39.746 -8.44827 67.1802
      vertex 40.2032 -8.54546 67.9
    endloop
  endfacet
  facet normal -0.880285 0.139423 0.453496
    outer loop
      vertex 40.8763 -4.29627 67.9
      vertex 40.5844 -8.62648 68.6648
      vertex 41.2638 -4.337 68.6648
    endloop
  endfacet
  facet normal -0.880284 0.139424 0.453498
    outer loop
      vertex 40.8763 -4.29627 67.9
      vertex 40.2032 -8.54546 67.9
      vertex 40.5844 -8.62648 68.6648
    endloop
  endfacet
  facet normal -0.922249 0.14607 0.35794
    outer loop
      vertex 41.2638 -4.337 68.6648
      vertex 40.8853 -8.69043 69.4661
      vertex 41.5697 -4.36915 69.4661
    endloop
  endfacet
  facet normal -0.92225 0.14607 0.357937
    outer loop
      vertex 41.2638 -4.337 68.6648
      vertex 40.5844 -8.62648 68.6648
      vertex 40.8853 -8.69043 69.4661
    endloop
  endfacet
  facet normal -0.954121 0.151118 0.258488
    outer loop
      vertex 41.5697 -4.36915 69.4661
      vertex 41.1026 -8.73662 70.2951
      vertex 41.7906 -4.39237 70.2951
    endloop
  endfacet
  facet normal -0.95412 0.151118 0.258491
    outer loop
      vertex 41.5697 -4.36915 69.4661
      vertex 40.8853 -8.69043 69.4661
      vertex 41.1026 -8.73662 70.2951
    endloop
  endfacet
  facet normal -0.975561 0.154513 0.156224
    outer loop
      vertex 41.7906 -4.39237 70.2951
      vertex 41.2339 -8.76453 71.1429
      vertex 41.9241 -4.40641 71.1429
    endloop
  endfacet
  facet normal -0.975561 0.154514 0.156226
    outer loop
      vertex 41.7906 -4.39237 70.2951
      vertex 41.1026 -8.73662 70.2951
      vertex 41.2339 -8.76453 71.1429
    endloop
  endfacet
  facet normal -0.986339 0.15622 0.0522639
    outer loop
      vertex 41.9241 -4.40641 71.1429
      vertex 41.2778 -8.77387 72
      vertex 41.9688 -4.4111 72
    endloop
  endfacet
  facet normal -0.986339 0.15622 0.0522633
    outer loop
      vertex 41.9241 -4.40641 71.1429
      vertex 41.2339 -8.76453 71.1429
      vertex 41.2778 -8.77387 72
    endloop
  endfacet
  facet normal -0.964605 0.258469 -0.0522634
    outer loop
      vertex 41.1462 -9.24589 72.0951
      vertex 41.2339 -8.76453 72.8571
      vertex 41.2778 -8.77387 72
    endloop
  endfacet
  facet normal -0.964606 0.258464 -0.05226
    outer loop
      vertex 41.2339 -8.76453 72.8571
      vertex 41.1462 -9.24589 72.0951
      vertex 41.1071 -9.23759 72.8571
    endloop
  endfacet
  facet normal -0.964605 0.258464 -0.0522884
    outer loop
      vertex 41.1511 -9.24693 72
      vertex 41.1462 -9.24589 72.0951
      vertex 41.2778 -8.77387 72
    endloop
  endfacet
  facet normal -0.954065 0.255643 -0.156227
    outer loop
      vertex 41.0925 -9.23448 72.9515
      vertex 41.1026 -8.73662 73.7049
      vertex 41.2339 -8.76453 72.8571
    endloop
  endfacet
  facet normal -0.954066 0.25564 -0.156224
    outer loop
      vertex 41.1026 -8.73662 73.7049
      vertex 41.0925 -9.23448 72.9515
      vertex 40.9758 -9.20967 73.7049
    endloop
  endfacet
  facet normal -0.954063 0.255639 -0.156246
    outer loop
      vertex 41.1071 -9.23759 72.8571
      vertex 41.0925 -9.23448 72.9515
      vertex 41.2339 -8.76453 72.8571
    endloop
  endfacet
  facet normal -0.933099 0.25002 -0.258488
    outer loop
      vertex 40.9515 -9.2045 73.7977
      vertex 40.8853 -8.69043 74.5339
      vertex 41.1026 -8.73662 73.7049
    endloop
  endfacet
  facet normal -0.933098 0.250022 -0.25849
    outer loop
      vertex 40.8853 -8.69043 74.5339
      vertex 40.9515 -9.2045 73.7977
      vertex 40.7585 -9.16349 74.5339
    endloop
  endfacet
  facet normal -0.933101 0.250022 -0.25848
    outer loop
      vertex 40.9758 -9.20967 73.7049
      vertex 40.9515 -9.2045 73.7977
      vertex 41.1026 -8.73662 73.7049
    endloop
  endfacet
  facet normal -0.90193 0.241669 -0.357937
    outer loop
      vertex 40.7246 -9.15628 74.6243
      vertex 40.5844 -8.62648 75.3352
      vertex 40.8853 -8.69043 74.5339
    endloop
  endfacet
  facet normal -0.901929 0.24167 -0.357938
    outer loop
      vertex 40.5844 -8.62648 75.3352
      vertex 40.7246 -9.15628 74.6243
      vertex 40.4576 -9.09954 75.3352
    endloop
  endfacet
  facet normal -0.901932 0.241671 -0.357931
    outer loop
      vertex 40.7585 -9.16349 74.5339
      vertex 40.7246 -9.15628 74.6243
      vertex 40.8853 -8.69043 74.5339
    endloop
  endfacet
  facet normal -0.860889 0.230673 -0.453498
    outer loop
      vertex 40.5844 -8.62648 75.3352
      vertex 40.0765 -9.01852 76.1
      vertex 40.2032 -8.54546 76.1
    endloop
  endfacet
  facet normal -0.860889 0.230679 -0.453495
    outer loop
      vertex 40.0765 -9.01852 76.1
      vertex 40.5844 -8.62648 75.3352
      vertex 40.4142 -9.09031 75.4223
    endloop
  endfacet
  facet normal -0.860878 0.23067 -0.45352
    outer loop
      vertex 40.4576 -9.09954 75.3352
      vertex 40.4142 -9.09031 75.4223
      vertex 40.5844 -8.62648 75.3352
    endloop
  endfacet
  facet normal -0.810424 0.217152 -0.544112
    outer loop
      vertex 40.2032 -8.54546 76.1
      vertex 39.6192 -8.92133 76.8198
      vertex 39.746 -8.44827 76.8198
    endloop
  endfacet
  facet normal -0.810424 0.217152 -0.544112
    outer loop
      vertex 39.6192 -8.92133 76.8198
      vertex 40.2032 -8.54546 76.1
      vertex 40.0238 -9.00733 76.1829
    endloop
  endfacet
  facet normal -0.810423 0.217151 -0.544115
    outer loop
      vertex 40.0765 -9.01852 76.1
      vertex 40.0238 -9.00733 76.1829
      vertex 40.2032 -8.54546 76.1
    endloop
  endfacet
  facet normal -0.751072 0.201254 -0.628799
    outer loop
      vertex 39.746 -8.44827 76.8198
      vertex 39.0909 -8.80902 77.4869
      vertex 39.2176 -8.33597 77.4869
    endloop
  endfacet
  facet normal -0.751071 0.201245 -0.628803
    outer loop
      vertex 39.0909 -8.80902 77.4869
      vertex 39.746 -8.44827 76.8198
      vertex 39.5576 -8.90822 76.8977
    endloop
  endfacet
  facet normal -0.75108 0.201251 -0.62879
    outer loop
      vertex 39.6192 -8.92133 76.8198
      vertex 39.5576 -8.90822 76.8977
      vertex 39.746 -8.44827 76.8198
    endloop
  endfacet
  facet normal -0.683478 0.183142 -0.706623
    outer loop
      vertex 39.0205 -8.79407 77.5588
      vertex 38.624 -8.20978 78.0938
      vertex 39.2176 -8.33597 77.4869
    endloop
  endfacet
  facet normal -0.683482 0.183137 -0.706621
    outer loop
      vertex 38.624 -8.20978 78.0938
      vertex 39.0205 -8.79407 77.5588
      vertex 38.4972 -8.68284 78.0938
    endloop
  endfacet
  facet normal -0.683481 0.183143 -0.706621
    outer loop
      vertex 39.0909 -8.80902 77.4869
      vertex 39.0205 -8.79407 77.5588
      vertex 39.2176 -8.33597 77.4869
    endloop
  endfacet
  facet normal -0.608382 0.163015 -0.776722
    outer loop
      vertex 38.4186 -8.66612 78.1589
      vertex 37.9715 -8.0711 78.6339
      vertex 38.624 -8.20978 78.0938
    endloop
  endfacet
  facet normal -0.608382 0.163015 -0.776722
    outer loop
      vertex 37.9715 -8.0711 78.6339
      vertex 38.4186 -8.66612 78.1589
      vertex 37.8448 -8.54416 78.6339
    endloop
  endfacet
  facet normal -0.608383 0.163015 -0.776722
    outer loop
      vertex 38.4972 -8.68284 78.0938
      vertex 38.4186 -8.66612 78.1589
      vertex 38.624 -8.20978 78.0938
    endloop
  endfacet
  facet normal -0.526586 0.141104 -0.838329
    outer loop
      vertex 37.7583 -8.52578 78.6913
      vertex 37.2674 -7.92144 79.1014
      vertex 37.9715 -8.0711 78.6339
    endloop
  endfacet
  facet normal -0.526591 0.141099 -0.838327
    outer loop
      vertex 37.2674 -7.92144 79.1014
      vertex 37.7583 -8.52578 78.6913
      vertex 37.1407 -8.39449 79.1014
    endloop
  endfacet
  facet normal -0.526565 0.141092 -0.838345
    outer loop
      vertex 37.8448 -8.54416 78.6339
      vertex 37.7583 -8.52578 78.6913
      vertex 37.9715 -8.0711 78.6339
    endloop
  endfacet
  facet normal -0.438981 0.117629 -0.890763
    outer loop
      vertex 37.0469 -8.37457 79.1502
      vertex 37.1696 -7.90064 79.1524
      vertex 37.2674 -7.92144 79.1014
    endloop
  endfacet
  facet normal -0.439431 0.117745 -0.890526
    outer loop
      vertex 37.1696 -7.90064 79.1524
      vertex 37.0469 -8.37457 79.1502
      vertex 37.0429 -8.3737 79.1524
    endloop
  endfacet
  facet normal -0.438963 0.117619 -0.890773
    outer loop
      vertex 37.1407 -8.39449 79.1014
      vertex 37.0469 -8.37457 79.1502
      vertex 37.2674 -7.92144 79.1014
    endloop
  endfacet
  facet normal -0.438982 0.117624 0.890763
    outer loop
      vertex 37.1696 -7.90064 64.8476
      vertex 37.1407 -8.39449 64.8986
      vertex 37.2674 -7.92144 64.8986
    endloop
  endfacet
  facet normal -0.438982 0.117624 0.890763
    outer loop
      vertex 37.1407 -8.39449 64.8986
      vertex 37.1696 -7.90064 64.8476
      vertex 37.0429 -8.3737 64.8476
    endloop
  endfacet
  facet normal -0.526588 0.141098 0.83833
    outer loop
      vertex 37.2255 -8.41253 64.9549
      vertex 37.9715 -8.0711 65.3661
      vertex 37.2674 -7.92144 64.8986
    endloop
  endfacet
  facet normal -0.526588 0.141098 0.838329
    outer loop
      vertex 37.9715 -8.0711 65.3661
      vertex 37.2255 -8.41253 64.9549
      vertex 37.8448 -8.54416 65.3661
    endloop
  endfacet
  facet normal -0.526585 0.141098 0.838331
    outer loop
      vertex 37.2674 -7.92144 64.8986
      vertex 37.1407 -8.39449 64.8986
      vertex 37.2255 -8.41253 64.9549
    endloop
  endfacet
  facet normal -0.608383 0.163011 0.776722
    outer loop
      vertex 37.9221 -8.56059 65.4301
      vertex 38.624 -8.20978 65.9062
      vertex 37.9715 -8.0711 65.3661
    endloop
  endfacet
  facet normal -0.608384 0.163015 0.776721
    outer loop
      vertex 38.624 -8.20978 65.9062
      vertex 37.9221 -8.56059 65.4301
      vertex 38.4972 -8.68284 65.9062
    endloop
  endfacet
  facet normal -0.608369 0.163011 0.776733
    outer loop
      vertex 37.9715 -8.0711 65.3661
      vertex 37.8448 -8.54416 65.3661
      vertex 37.9221 -8.56059 65.4301
    endloop
  endfacet
  facet normal -0.68348 0.183134 0.706623
    outer loop
      vertex 38.5665 -8.69756 65.977
      vertex 39.2176 -8.33597 66.5131
      vertex 38.624 -8.20978 65.9062
    endloop
  endfacet
  facet normal -0.683482 0.183143 0.706619
    outer loop
      vertex 39.2176 -8.33597 66.5131
      vertex 38.5665 -8.69756 65.977
      vertex 39.0909 -8.80902 66.5131
    endloop
  endfacet
  facet normal -0.683469 0.183134 0.706634
    outer loop
      vertex 38.624 -8.20978 65.9062
      vertex 38.4972 -8.68284 65.9062
      vertex 38.5665 -8.69756 65.977
    endloop
  endfacet
  facet normal -0.751073 0.201248 0.628799
    outer loop
      vertex 39.1517 -8.82196 66.5899
      vertex 39.746 -8.44827 67.1802
      vertex 39.2176 -8.33597 66.5131
    endloop
  endfacet
  facet normal -0.751073 0.201249 0.628799
    outer loop
      vertex 39.746 -8.44827 67.1802
      vertex 39.1517 -8.82196 66.5899
      vertex 39.6192 -8.92133 67.1802
    endloop
  endfacet
  facet normal -0.751052 0.201249 0.628825
    outer loop
      vertex 39.2176 -8.33597 66.5131
      vertex 39.0909 -8.80902 66.5131
      vertex 39.1517 -8.82196 66.5899
    endloop
  endfacet
  facet normal -0.810423 0.217156 0.544112
    outer loop
      vertex 39.6713 -8.93239 67.2621
      vertex 40.2032 -8.54546 67.9
      vertex 39.746 -8.44827 67.1802
    endloop
  endfacet
  facet normal -0.810423 0.217151 0.544114
    outer loop
      vertex 40.2032 -8.54546 67.9
      vertex 39.6713 -8.93239 67.2621
      vertex 40.0765 -9.01852 67.9
    endloop
  endfacet
  facet normal -0.810435 0.217155 0.544095
    outer loop
      vertex 39.746 -8.44827 67.1802
      vertex 39.6192 -8.92133 67.1802
      vertex 39.6713 -8.93239 67.2621
    endloop
  endfacet
  facet normal -0.860889 0.230671 0.453498
    outer loop
      vertex 40.1195 -9.02766 67.9862
      vertex 40.5844 -8.62648 68.6648
      vertex 40.2032 -8.54546 67.9
    endloop
  endfacet
  facet normal -0.860889 0.230673 0.453497
    outer loop
      vertex 40.5844 -8.62648 68.6648
      vertex 40.1195 -9.02766 67.9862
      vertex 40.4576 -9.09954 68.6648
    endloop
  endfacet
  facet normal -0.860883 0.230672 0.453509
    outer loop
      vertex 40.2032 -8.54546 67.9
      vertex 40.0765 -9.01852 67.9
      vertex 40.1195 -9.02766 67.9862
    endloop
  endfacet
  facet normal -0.901928 0.241676 0.357937
    outer loop
      vertex 40.4913 -9.10669 68.7545
      vertex 40.8853 -8.69043 69.4661
      vertex 40.5844 -8.62648 68.6648
    endloop
  endfacet
  facet normal -0.901928 0.24167 0.357941
    outer loop
      vertex 40.8853 -8.69043 69.4661
      vertex 40.4913 -9.10669 68.7545
      vertex 40.7585 -9.16349 69.4661
    endloop
  endfacet
  facet normal -0.90194 0.241673 0.357907
    outer loop
      vertex 40.5844 -8.62648 68.6648
      vertex 40.4576 -9.09954 68.6648
      vertex 40.4913 -9.10669 68.7545
    endloop
  endfacet
  facet normal -0.933098 0.250023 0.258491
    outer loop
      vertex 40.7827 -9.16863 69.5584
      vertex 41.1026 -8.73662 70.2951
      vertex 40.8853 -8.69043 69.4661
    endloop
  endfacet
  facet normal -0.933098 0.250021 0.258492
    outer loop
      vertex 41.1026 -8.73662 70.2951
      vertex 40.7827 -9.16863 69.5584
      vertex 40.9758 -9.20967 70.2951
    endloop
  endfacet
  facet normal -0.933099 0.250022 0.258485
    outer loop
      vertex 40.8853 -8.69043 69.4661
      vertex 40.7585 -9.16349 69.4661
      vertex 40.7827 -9.16863 69.5584
    endloop
  endfacet
  facet normal -0.954065 0.255642 0.156225
    outer loop
      vertex 40.9904 -9.21277 70.3892
      vertex 41.2339 -8.76453 71.1429
      vertex 41.1026 -8.73662 70.2951
    endloop
  endfacet
  facet normal -0.954066 0.25564 0.156227
    outer loop
      vertex 41.2339 -8.76453 71.1429
      vertex 40.9904 -9.21277 70.3892
      vertex 41.1071 -9.23759 71.1429
    endloop
  endfacet
  facet normal -0.954068 0.25564 0.156213
    outer loop
      vertex 41.1026 -8.73662 70.2951
      vertex 40.9758 -9.20967 70.2951
      vertex 40.9904 -9.21277 70.3892
    endloop
  endfacet
  facet normal -0.964606 0.258464 0.0522635
    outer loop
      vertex 41.112 -9.23863 71.2379
      vertex 41.2778 -8.77387 72
      vertex 41.2339 -8.76453 71.1429
    endloop
  endfacet
  facet normal -0.964606 0.258465 0.0522632
    outer loop
      vertex 41.2778 -8.77387 72
      vertex 41.112 -9.23863 71.2379
      vertex 41.1511 -9.24693 72
    endloop
  endfacet
  facet normal -0.964606 0.258464 0.052263
    outer loop
      vertex 41.2339 -8.76453 71.1429
      vertex 41.1071 -9.23759 71.1429
      vertex 41.112 -9.23863 71.2379
    endloop
  endfacet
  facet normal 0 0 -1
    outer loop
      vertex 45.279 -0.56943 -2
      vertex 50.5 0 -2
      vertex 50.302 -3.77869 -2
    endloop
  endfacet
  facet normal 0 0 -1
    outer loop
      vertex 49.9884 6.76225 -2
      vertex 51.4792 2.89691 -2
      vertex 50.3544 2.77869 -2
    endloop
  endfacet
  facet normal 0 0 -1
    outer loop
      vertex 51.4792 2.89691 -2
      vertex 49.9884 6.76225 -2
      vertex 51.0611 6.875 -2
    endloop
  endfacet
  facet normal 0 -0 -1
    outer loop
      vertex 45.4 0 -2
      vertex 50.5 0 -2
      vertex 45.3923 -0.146339 -2
    endloop
  endfacet
  facet normal 0 0 -1
    outer loop
      vertex 50.9566 -7.86952 -2
      vertex 50.302 -3.77869 -2
      vertex 51.3747 -3.89143 -2
    endloop
  endfacet
  facet normal 0 0 -1
    outer loop
      vertex 49.8317 -7.7513 -2
      vertex 50.302 -3.77869 -2
      vertex 50.9566 -7.86952 -2
    endloop
  endfacet
  facet normal 0 0 -1
    outer loop
      vertex 44.5694 -1.27896 -2
      vertex 50.302 -3.77869 -2
      vertex 49.8317 -7.7513 -2
    endloop
  endfacet
  facet normal 0 0 -1
    outer loop
      vertex 37.1696 -7.90064 -2
      vertex 49.8317 -7.7513 -2
      vertex 49.3965 -10.4995 -2
    endloop
  endfacet
  facet normal 0 0 -1
    outer loop
      vertex 50.5 0 -2
      vertex 45.3694 -0.291076 -2
      vertex 45.3923 -0.146339 -2
    endloop
  endfacet
  facet normal 0 0 -1
    outer loop
      vertex 37.1696 -7.90064 -2
      vertex 49.3965 -10.4995 -2
      vertex 49.2697 -10.9726 -2
    endloop
  endfacet
  facet normal 0 0 -1
    outer loop
      vertex 45.3315 0.432623 -2
      vertex 50.5 0 -2
      vertex 45.3694 0.291076 -2
    endloop
  endfacet
  facet normal 0 0 -1
    outer loop
      vertex 50.5 0 -2
      vertex 45.3315 0.432623 -2
      vertex 50.3544 2.77869 -2
    endloop
  endfacet
  facet normal 0 0 -1
    outer loop
      vertex 45.3694 0.291076 -2
      vertex 50.5 0 -2
      vertex 45.3923 0.146339 -2
    endloop
  endfacet
  facet normal 0 0 -1
    outer loop
      vertex 45.3923 0.146339 -2
      vertex 50.5 0 -2
      vertex 45.4 0 -2
    endloop
  endfacet
  facet normal 0 0 -1
    outer loop
      vertex 50.5 0 -2
      vertex 45.3315 -0.432623 -2
      vertex 45.3694 -0.291076 -2
    endloop
  endfacet
  facet normal 0 0 -1
    outer loop
      vertex 50.5 0 -2
      vertex 45.279 -0.56943 -2
      vertex 45.3315 -0.432623 -2
    endloop
  endfacet
  facet normal 0 0 -1
    outer loop
      vertex 50.302 -3.77869 -2
      vertex 45.2124 -0.7 -2
      vertex 45.279 -0.56943 -2
    endloop
  endfacet
  facet normal 0 0 -1
    outer loop
      vertex 50.302 -3.77869 -2
      vertex 45.1326 -0.822899 -2
      vertex 45.2124 -0.7 -2
    endloop
  endfacet
  facet normal 0 0 -1
    outer loop
      vertex 50.302 -3.77869 -2
      vertex 45.0404 -0.936783 -2
      vertex 45.1326 -0.822899 -2
    endloop
  endfacet
  facet normal 0 0 -1
    outer loop
      vertex 50.302 -3.77869 -2
      vertex 44.9368 -1.0404 -2
      vertex 45.0404 -0.936783 -2
    endloop
  endfacet
  facet normal 0 0 -1
    outer loop
      vertex 50.302 -3.77869 -2
      vertex 44.8229 -1.13262 -2
      vertex 44.9368 -1.0404 -2
    endloop
  endfacet
  facet normal 0 0 -1
    outer loop
      vertex 50.302 -3.77869 -2
      vertex 44.7 -1.21243 -2
      vertex 44.8229 -1.13262 -2
    endloop
  endfacet
  facet normal 0 0 -1
    outer loop
      vertex 50.302 -3.77869 -2
      vertex 44.5694 -1.27896 -2
      vertex 44.7 -1.21243 -2
    endloop
  endfacet
  facet normal 0 0 -1
    outer loop
      vertex 49.8317 -7.7513 -2
      vertex 44.4326 -1.33148 -2
      vertex 44.5694 -1.27896 -2
    endloop
  endfacet
  facet normal 0 0 -1
    outer loop
      vertex 49.8317 -7.7513 -2
      vertex 44.2911 -1.36941 -2
      vertex 44.4326 -1.33148 -2
    endloop
  endfacet
  facet normal 0 0 -1
    outer loop
      vertex 49.8317 -7.7513 -2
      vertex 44.1463 -1.39233 -2
      vertex 44.2911 -1.36941 -2
    endloop
  endfacet
  facet normal 0 0 -1
    outer loop
      vertex 49.8317 -7.7513 -2
      vertex 44 -1.4 -2
      vertex 44.1463 -1.39233 -2
    endloop
  endfacet
  facet normal 0 0 -1
    outer loop
      vertex 49.8317 -7.7513 -2
      vertex 43.8537 -1.39233 -2
      vertex 44 -1.4 -2
    endloop
  endfacet
  facet normal -0 0 -1
    outer loop
      vertex 49.8317 -7.7513 -2
      vertex 37.1696 -7.90064 -2
      vertex 43.8537 -1.39233 -2
    endloop
  endfacet
  facet normal -0 0 -1
    outer loop
      vertex 43.8537 -1.39233 -2
      vertex 37.1696 -7.90064 -2
      vertex 43.7089 -1.36941 -2
    endloop
  endfacet
  facet normal 0 -0 -1
    outer loop
      vertex 37.7918 -3.97208 -2
      vertex 43.7089 -1.36941 -2
      vertex 37.1696 -7.90064 -2
    endloop
  endfacet
  facet normal -0 0 -1
    outer loop
      vertex 43.7089 -1.36941 -2
      vertex 37.7918 -3.97208 -2
      vertex 43.5674 -1.33148 -2
    endloop
  endfacet
  facet normal -0 0 -1
    outer loop
      vertex 43.5674 -1.33148 -2
      vertex 37.7918 -3.97208 -2
      vertex 43.4306 -1.27896 -2
    endloop
  endfacet
  facet normal -0 0 -1
    outer loop
      vertex 43.4306 -1.27896 -2
      vertex 37.7918 -3.97208 -2
      vertex 43.3 -1.21243 -2
    endloop
  endfacet
  facet normal -0 0 -1
    outer loop
      vertex 43.3 -1.21243 -2
      vertex 37.7918 -3.97208 -2
      vertex 43.1771 -1.13262 -2
    endloop
  endfacet
  facet normal -0 0 -1
    outer loop
      vertex 43.1771 -1.13262 -2
      vertex 37.7918 -3.97208 -2
      vertex 43.0632 -1.0404 -2
    endloop
  endfacet
  facet normal -0 0 -1
    outer loop
      vertex 43.0632 -1.0404 -2
      vertex 37.7918 -3.97208 -2
      vertex 42.9596 -0.936783 -2
    endloop
  endfacet
  facet normal 0 0 -1
    outer loop
      vertex 42.6077 -0.146339 -2
      vertex 38 0 -2
      vertex 42.6 0 -2
    endloop
  endfacet
  facet normal 0 0 -1
    outer loop
      vertex 42.6306 -0.291076 -2
      vertex 38 0 -2
      vertex 42.6077 -0.146339 -2
    endloop
  endfacet
  facet normal 0 0 -1
    outer loop
      vertex 42.6685 -0.432623 -2
      vertex 38 0 -2
      vertex 42.6306 -0.291076 -2
    endloop
  endfacet
  facet normal 0 0 -1
    outer loop
      vertex 42.721 -0.56943 -2
      vertex 38 0 -2
      vertex 42.6685 -0.432623 -2
    endloop
  endfacet
  facet normal 0 0 -1
    outer loop
      vertex 42.7876 -0.7 -2
      vertex 38 0 -2
      vertex 42.721 -0.56943 -2
    endloop
  endfacet
  facet normal -0 0 -1
    outer loop
      vertex 42.9596 -0.936783 -2
      vertex 37.7918 -3.97208 -2
      vertex 42.8674 -0.822899 -2
    endloop
  endfacet
  facet normal -0 0 -1
    outer loop
      vertex 42.7876 -0.7 -2
      vertex 37.7918 -3.97208 -2
      vertex 38 0 -2
    endloop
  endfacet
  facet normal -0 0 -1
    outer loop
      vertex 42.8674 -0.822899 -2
      vertex 37.7918 -3.97208 -2
      vertex 42.7876 -0.7 -2
    endloop
  endfacet
  facet normal 0 -0 -1
    outer loop
      vertex 37.1696 -7.90064 -2
      vertex 49.2697 -10.9726 -2
      vertex 37.0429 -8.3737 -2
    endloop
  endfacet
  facet normal 0 0 -1
    outer loop
      vertex 45.279 0.56943 -2
      vertex 50.3544 2.77869 -2
      vertex 45.3315 0.432623 -2
    endloop
  endfacet
  facet normal 0 0 -1
    outer loop
      vertex 45.2124 0.7 -2
      vertex 50.3544 2.77869 -2
      vertex 45.279 0.56943 -2
    endloop
  endfacet
  facet normal 0 0 -1
    outer loop
      vertex 45.1326 0.822899 -2
      vertex 50.3544 2.77869 -2
      vertex 45.2124 0.7 -2
    endloop
  endfacet
  facet normal 0 0 -1
    outer loop
      vertex 45.0404 0.936783 -2
      vertex 50.3544 2.77869 -2
      vertex 45.1326 0.822899 -2
    endloop
  endfacet
  facet normal 0 0 -1
    outer loop
      vertex 44.9368 1.0404 -2
      vertex 50.3544 2.77869 -2
      vertex 45.0404 0.936783 -2
    endloop
  endfacet
  facet normal 0 0 -1
    outer loop
      vertex 44.8229 1.13262 -2
      vertex 50.3544 2.77869 -2
      vertex 44.9368 1.0404 -2
    endloop
  endfacet
  facet normal 0 0 -1
    outer loop
      vertex 44.7 1.21243 -2
      vertex 50.3544 2.77869 -2
      vertex 44.8229 1.13262 -2
    endloop
  endfacet
  facet normal -0 0 -1
    outer loop
      vertex 50.3544 2.77869 -2
      vertex 44.7 1.21243 -2
      vertex 49.9884 6.76225 -2
    endloop
  endfacet
  facet normal 0 0 -1
    outer loop
      vertex 44.5694 1.27896 -2
      vertex 49.9884 6.76225 -2
      vertex 44.7 1.21243 -2
    endloop
  endfacet
  facet normal 0 0 -1
    outer loop
      vertex 44.4326 1.33148 -2
      vertex 49.9884 6.76225 -2
      vertex 44.5694 1.27896 -2
    endloop
  endfacet
  facet normal 0 0 -1
    outer loop
      vertex 44.2911 1.36941 -2
      vertex 49.9884 6.76225 -2
      vertex 44.4326 1.33148 -2
    endloop
  endfacet
  facet normal 0 0 -1
    outer loop
      vertex 44.1463 1.39233 -2
      vertex 49.9884 6.76225 -2
      vertex 44.2911 1.36941 -2
    endloop
  endfacet
  facet normal 0 0 -1
    outer loop
      vertex 44 1.4 -2
      vertex 49.9884 6.76225 -2
      vertex 44.1463 1.39233 -2
    endloop
  endfacet
  facet normal -0 0 -1
    outer loop
      vertex 49.9884 6.76225 -2
      vertex 44 1.4 -2
      vertex 49.3965 10.4995 -2
    endloop
  endfacet
  facet normal 0 0 -1
    outer loop
      vertex 43.8537 1.39233 -2
      vertex 49.3965 10.4995 -2
      vertex 44 1.4 -2
    endloop
  endfacet
  facet normal 0 0 -1
    outer loop
      vertex 37.1696 7.90064 -2
      vertex 49.3965 10.4995 -2
      vertex 43.8537 1.39233 -2
    endloop
  endfacet
  facet normal 0 0 -1
    outer loop
      vertex 37.1696 7.90064 -2
      vertex 43.8537 1.39233 -2
      vertex 43.7089 1.36941 -2
    endloop
  endfacet
  facet normal 0 0 -1
    outer loop
      vertex 37.7918 3.97208 -2
      vertex 43.7089 1.36941 -2
      vertex 43.5674 1.33148 -2
    endloop
  endfacet
  facet normal 0 0 -1
    outer loop
      vertex 37.7918 3.97208 -2
      vertex 43.5674 1.33148 -2
      vertex 43.4306 1.27896 -2
    endloop
  endfacet
  facet normal 0 0 -1
    outer loop
      vertex 37.7918 3.97208 -2
      vertex 43.4306 1.27896 -2
      vertex 43.3 1.21243 -2
    endloop
  endfacet
  facet normal 0 0 -1
    outer loop
      vertex 37.7918 3.97208 -2
      vertex 43.3 1.21243 -2
      vertex 43.1771 1.13262 -2
    endloop
  endfacet
  facet normal 0 0 -1
    outer loop
      vertex 37.7918 3.97208 -2
      vertex 43.1771 1.13262 -2
      vertex 43.0632 1.0404 -2
    endloop
  endfacet
  facet normal 0 0 -1
    outer loop
      vertex 37.7918 3.97208 -2
      vertex 43.0632 1.0404 -2
      vertex 42.9596 0.936783 -2
    endloop
  endfacet
  facet normal 0 0 -1
    outer loop
      vertex 37.7918 3.97208 -2
      vertex 42.9596 0.936783 -2
      vertex 42.8674 0.822899 -2
    endloop
  endfacet
  facet normal 0 0 -1
    outer loop
      vertex 37.7918 3.97208 -2
      vertex 42.8674 0.822899 -2
      vertex 42.7876 0.7 -2
    endloop
  endfacet
  facet normal 0 0 -1
    outer loop
      vertex 38 0 -2
      vertex 42.6077 0.146339 -2
      vertex 42.6 0 -2
    endloop
  endfacet
  facet normal 0 0 -1
    outer loop
      vertex 38 0 -2
      vertex 42.6306 0.291076 -2
      vertex 42.6077 0.146339 -2
    endloop
  endfacet
  facet normal 0 0 -1
    outer loop
      vertex 38 0 -2
      vertex 42.6685 0.432623 -2
      vertex 42.6306 0.291076 -2
    endloop
  endfacet
  facet normal 0 0 -1
    outer loop
      vertex 38 0 -2
      vertex 42.721 0.56943 -2
      vertex 42.6685 0.432623 -2
    endloop
  endfacet
  facet normal 0 0 -1
    outer loop
      vertex 38 0 -2
      vertex 42.7876 0.7 -2
      vertex 42.721 0.56943 -2
    endloop
  endfacet
  facet normal 0 0 -1
    outer loop
      vertex 37.7918 3.97208 -2
      vertex 42.7876 0.7 -2
      vertex 38 0 -2
    endloop
  endfacet
  facet normal 0 0 -1
    outer loop
      vertex 43.7089 1.36941 -2
      vertex 37.7918 3.97208 -2
      vertex 37.1696 7.90064 -2
    endloop
  endfacet
  facet normal -0 0 -1
    outer loop
      vertex 49.3965 10.4995 -2
      vertex 37.1696 7.90064 -2
      vertex 49.264 10.9937 -2
    endloop
  endfacet
  facet normal 0 0 -1
    outer loop
      vertex 49.264 10.9937 -2
      vertex 37.1696 7.90064 -2
      vertex 37.0372 8.39484 -2
    endloop
  endfacet
  facet normal -0 0 1
    outer loop
      vertex 49.9884 6.76225 82
      vertex 51.4792 2.89691 82
      vertex 51.0611 6.875 82
    endloop
  endfacet
  facet normal 0 0 1
    outer loop
      vertex 44.7 1.21243 82
      vertex 50.3544 2.77869 82
      vertex 49.9884 6.76225 82
    endloop
  endfacet
  facet normal 0 0 1
    outer loop
      vertex 51.4792 2.89691 82
      vertex 49.9884 6.76225 82
      vertex 50.3544 2.77869 82
    endloop
  endfacet
  facet normal 0 0 1
    outer loop
      vertex 50.5 0 82
      vertex 50.3544 2.77869 82
      vertex 50.302 -3.77869 82
    endloop
  endfacet
  facet normal 0 0 1
    outer loop
      vertex 50.302 -3.77869 82
      vertex 50.9566 -7.86952 82
      vertex 51.3747 -3.89143 82
    endloop
  endfacet
  facet normal 0 0 1
    outer loop
      vertex 50.302 -3.77869 82
      vertex 49.8317 -7.7513 82
      vertex 50.9566 -7.86952 82
    endloop
  endfacet
  facet normal 0 -0 1
    outer loop
      vertex 45.3923 0.146339 82
      vertex 50.3544 2.77869 82
      vertex 45.3694 0.291076 82
    endloop
  endfacet
  facet normal 0 0 1
    outer loop
      vertex 44 1.4 82
      vertex 49.9884 6.76225 82
      vertex 49.3965 10.4995 82
    endloop
  endfacet
  facet normal 0 0 1
    outer loop
      vertex 45.3923 -0.146339 82
      vertex 50.3544 2.77869 82
      vertex 45.4 0 82
    endloop
  endfacet
  facet normal -0 0 1
    outer loop
      vertex 45.3694 -0.291076 82
      vertex 50.302 -3.77869 82
      vertex 45.3923 -0.146339 82
    endloop
  endfacet
  facet normal 0 0 1
    outer loop
      vertex 37.1696 7.90064 82
      vertex 49.3965 10.4995 82
      vertex 49.264 10.9937 82
    endloop
  endfacet
  facet normal -0 0 1
    outer loop
      vertex 45.3315 -0.432623 82
      vertex 50.302 -3.77869 82
      vertex 45.3694 -0.291076 82
    endloop
  endfacet
  facet normal -0 0 1
    outer loop
      vertex 45.279 -0.56943 82
      vertex 50.302 -3.77869 82
      vertex 45.3315 -0.432623 82
    endloop
  endfacet
  facet normal -0 0 1
    outer loop
      vertex 45.2124 -0.7 82
      vertex 50.302 -3.77869 82
      vertex 45.279 -0.56943 82
    endloop
  endfacet
  facet normal -0 0 1
    outer loop
      vertex 45.1326 -0.822899 82
      vertex 50.302 -3.77869 82
      vertex 45.2124 -0.7 82
    endloop
  endfacet
  facet normal -0 0 1
    outer loop
      vertex 45.0404 -0.936783 82
      vertex 50.302 -3.77869 82
      vertex 45.1326 -0.822899 82
    endloop
  endfacet
  facet normal -0 0 1
    outer loop
      vertex 44.9368 -1.0404 82
      vertex 50.302 -3.77869 82
      vertex 45.0404 -0.936783 82
    endloop
  endfacet
  facet normal -0 0 1
    outer loop
      vertex 44.8229 -1.13262 82
      vertex 50.302 -3.77869 82
      vertex 44.9368 -1.0404 82
    endloop
  endfacet
  facet normal -0 0 1
    outer loop
      vertex 44.7 -1.21243 82
      vertex 50.302 -3.77869 82
      vertex 44.8229 -1.13262 82
    endloop
  endfacet
  facet normal -0 0 1
    outer loop
      vertex 44.5694 -1.27896 82
      vertex 50.302 -3.77869 82
      vertex 44.7 -1.21243 82
    endloop
  endfacet
  facet normal 0 0 1
    outer loop
      vertex 50.302 -3.77869 82
      vertex 44.5694 -1.27896 82
      vertex 49.8317 -7.7513 82
    endloop
  endfacet
  facet normal -0 0 1
    outer loop
      vertex 44.4326 -1.33148 82
      vertex 49.8317 -7.7513 82
      vertex 44.5694 -1.27896 82
    endloop
  endfacet
  facet normal -0 0 1
    outer loop
      vertex 44.2911 -1.36941 82
      vertex 49.8317 -7.7513 82
      vertex 44.4326 -1.33148 82
    endloop
  endfacet
  facet normal -0 0 1
    outer loop
      vertex 44.1463 -1.39233 82
      vertex 49.8317 -7.7513 82
      vertex 44.2911 -1.36941 82
    endloop
  endfacet
  facet normal -0 0 1
    outer loop
      vertex 44 -1.4 82
      vertex 49.8317 -7.7513 82
      vertex 44.1463 -1.39233 82
    endloop
  endfacet
  facet normal 0 0 1
    outer loop
      vertex 43.8537 -1.39233 82
      vertex 49.8317 -7.7513 82
      vertex 44 -1.4 82
    endloop
  endfacet
  facet normal 0 0 1
    outer loop
      vertex 37.1696 -7.90064 82
      vertex 49.8317 -7.7513 82
      vertex 43.8537 -1.39233 82
    endloop
  endfacet
  facet normal 0 0 1
    outer loop
      vertex 49.8317 -7.7513 82
      vertex 37.1696 -7.90064 82
      vertex 49.3965 -10.4995 82
    endloop
  endfacet
  facet normal 0 0 1
    outer loop
      vertex 37.1696 -7.90064 82
      vertex 43.8537 -1.39233 82
      vertex 43.7089 -1.36941 82
    endloop
  endfacet
  facet normal 0 0 1
    outer loop
      vertex 37.7918 -3.97208 82
      vertex 43.7089 -1.36941 82
      vertex 43.5674 -1.33148 82
    endloop
  endfacet
  facet normal 0 0 1
    outer loop
      vertex 37.7918 -3.97208 82
      vertex 43.5674 -1.33148 82
      vertex 43.4306 -1.27896 82
    endloop
  endfacet
  facet normal 0 0 1
    outer loop
      vertex 37.7918 -3.97208 82
      vertex 43.4306 -1.27896 82
      vertex 43.3 -1.21243 82
    endloop
  endfacet
  facet normal 0 0 1
    outer loop
      vertex 37.7918 -3.97208 82
      vertex 43.3 -1.21243 82
      vertex 43.1771 -1.13262 82
    endloop
  endfacet
  facet normal 0 0 1
    outer loop
      vertex 37.7918 -3.97208 82
      vertex 43.1771 -1.13262 82
      vertex 43.0632 -1.0404 82
    endloop
  endfacet
  facet normal 0 0 1
    outer loop
      vertex 37.7918 -3.97208 82
      vertex 43.0632 -1.0404 82
      vertex 42.9596 -0.936783 82
    endloop
  endfacet
  facet normal 0 0 1
    outer loop
      vertex 37.7918 -3.97208 82
      vertex 42.9596 -0.936783 82
      vertex 42.8674 -0.822899 82
    endloop
  endfacet
  facet normal 0 0 1
    outer loop
      vertex 37.7918 -3.97208 82
      vertex 42.8674 -0.822899 82
      vertex 42.7876 -0.7 82
    endloop
  endfacet
  facet normal -0 0 1
    outer loop
      vertex 38 0 82
      vertex 42.6077 -0.146339 82
      vertex 42.6 0 82
    endloop
  endfacet
  facet normal 0 0 1
    outer loop
      vertex 38 0 82
      vertex 42.6306 -0.291076 82
      vertex 42.6077 -0.146339 82
    endloop
  endfacet
  facet normal 0 0 1
    outer loop
      vertex 38 0 82
      vertex 42.6685 -0.432623 82
      vertex 42.6306 -0.291076 82
    endloop
  endfacet
  facet normal 0 0 1
    outer loop
      vertex 38 0 82
      vertex 42.721 -0.56943 82
      vertex 42.6685 -0.432623 82
    endloop
  endfacet
  facet normal 0 0 1
    outer loop
      vertex 38 0 82
      vertex 42.7876 -0.7 82
      vertex 42.721 -0.56943 82
    endloop
  endfacet
  facet normal 0 0 1
    outer loop
      vertex 37.7918 -3.97208 82
      vertex 42.7876 -0.7 82
      vertex 38 0 82
    endloop
  endfacet
  facet normal 0 0 1
    outer loop
      vertex 43.7089 -1.36941 82
      vertex 37.7918 -3.97208 82
      vertex 37.1696 -7.90064 82
    endloop
  endfacet
  facet normal 0 0 1
    outer loop
      vertex 49.3965 -10.4995 82
      vertex 37.1696 -7.90064 82
      vertex 49.2697 -10.9726 82
    endloop
  endfacet
  facet normal 0 0 1
    outer loop
      vertex 49.2697 -10.9726 82
      vertex 37.1696 -7.90064 82
      vertex 37.0429 -8.3737 82
    endloop
  endfacet
  facet normal 0 0 1
    outer loop
      vertex 50.3544 2.77869 82
      vertex 45.3923 -0.146339 82
      vertex 50.302 -3.77869 82
    endloop
  endfacet
  facet normal 0 -0 1
    outer loop
      vertex 45.4 0 82
      vertex 50.3544 2.77869 82
      vertex 45.3923 0.146339 82
    endloop
  endfacet
  facet normal 0 0 1
    outer loop
      vertex 50.3544 2.77869 82
      vertex 45.3315 0.432623 82
      vertex 45.3694 0.291076 82
    endloop
  endfacet
  facet normal 0 0 1
    outer loop
      vertex 50.3544 2.77869 82
      vertex 45.279 0.56943 82
      vertex 45.3315 0.432623 82
    endloop
  endfacet
  facet normal 0 0 1
    outer loop
      vertex 50.3544 2.77869 82
      vertex 45.2124 0.7 82
      vertex 45.279 0.56943 82
    endloop
  endfacet
  facet normal 0 0 1
    outer loop
      vertex 50.3544 2.77869 82
      vertex 45.1326 0.822899 82
      vertex 45.2124 0.7 82
    endloop
  endfacet
  facet normal 0 0 1
    outer loop
      vertex 50.3544 2.77869 82
      vertex 45.0404 0.936783 82
      vertex 45.1326 0.822899 82
    endloop
  endfacet
  facet normal 0 0 1
    outer loop
      vertex 50.3544 2.77869 82
      vertex 44.9368 1.0404 82
      vertex 45.0404 0.936783 82
    endloop
  endfacet
  facet normal 0 0 1
    outer loop
      vertex 50.3544 2.77869 82
      vertex 44.8229 1.13262 82
      vertex 44.9368 1.0404 82
    endloop
  endfacet
  facet normal 0 0 1
    outer loop
      vertex 50.3544 2.77869 82
      vertex 44.7 1.21243 82
      vertex 44.8229 1.13262 82
    endloop
  endfacet
  facet normal 0 0 1
    outer loop
      vertex 49.9884 6.76225 82
      vertex 44.5694 1.27896 82
      vertex 44.7 1.21243 82
    endloop
  endfacet
  facet normal 0 0 1
    outer loop
      vertex 49.9884 6.76225 82
      vertex 44.4326 1.33148 82
      vertex 44.5694 1.27896 82
    endloop
  endfacet
  facet normal 0 0 1
    outer loop
      vertex 49.9884 6.76225 82
      vertex 44.2911 1.36941 82
      vertex 44.4326 1.33148 82
    endloop
  endfacet
  facet normal 0 0 1
    outer loop
      vertex 49.9884 6.76225 82
      vertex 44.1463 1.39233 82
      vertex 44.2911 1.36941 82
    endloop
  endfacet
  facet normal 0 0 1
    outer loop
      vertex 49.9884 6.76225 82
      vertex 44 1.4 82
      vertex 44.1463 1.39233 82
    endloop
  endfacet
  facet normal 0 0 1
    outer loop
      vertex 49.3965 10.4995 82
      vertex 43.8537 1.39233 82
      vertex 44 1.4 82
    endloop
  endfacet
  facet normal 0 0 1
    outer loop
      vertex 49.3965 10.4995 82
      vertex 37.1696 7.90064 82
      vertex 43.8537 1.39233 82
    endloop
  endfacet
  facet normal 0 0 1
    outer loop
      vertex 43.8537 1.39233 82
      vertex 37.1696 7.90064 82
      vertex 43.7089 1.36941 82
    endloop
  endfacet
  facet normal -0 -0 1
    outer loop
      vertex 37.7918 3.97208 82
      vertex 43.7089 1.36941 82
      vertex 37.1696 7.90064 82
    endloop
  endfacet
  facet normal 0 0 1
    outer loop
      vertex 43.7089 1.36941 82
      vertex 37.7918 3.97208 82
      vertex 43.5674 1.33148 82
    endloop
  endfacet
  facet normal 0 0 1
    outer loop
      vertex 43.5674 1.33148 82
      vertex 37.7918 3.97208 82
      vertex 43.4306 1.27896 82
    endloop
  endfacet
  facet normal 0 0 1
    outer loop
      vertex 43.4306 1.27896 82
      vertex 37.7918 3.97208 82
      vertex 43.3 1.21243 82
    endloop
  endfacet
  facet normal 0 0 1
    outer loop
      vertex 43.3 1.21243 82
      vertex 37.7918 3.97208 82
      vertex 43.1771 1.13262 82
    endloop
  endfacet
  facet normal 0 0 1
    outer loop
      vertex 43.1771 1.13262 82
      vertex 37.7918 3.97208 82
      vertex 43.0632 1.0404 82
    endloop
  endfacet
  facet normal 0 0 1
    outer loop
      vertex 43.0632 1.0404 82
      vertex 37.7918 3.97208 82
      vertex 42.9596 0.936783 82
    endloop
  endfacet
  facet normal 0 0 1
    outer loop
      vertex 42.6077 0.146339 82
      vertex 38 0 82
      vertex 42.6 0 82
    endloop
  endfacet
  facet normal 0 0 1
    outer loop
      vertex 42.6306 0.291076 82
      vertex 38 0 82
      vertex 42.6077 0.146339 82
    endloop
  endfacet
  facet normal 0 0 1
    outer loop
      vertex 42.6685 0.432623 82
      vertex 38 0 82
      vertex 42.6306 0.291076 82
    endloop
  endfacet
  facet normal 0 0 1
    outer loop
      vertex 42.721 0.56943 82
      vertex 38 0 82
      vertex 42.6685 0.432623 82
    endloop
  endfacet
  facet normal 0 0 1
    outer loop
      vertex 42.7876 0.7 82
      vertex 38 0 82
      vertex 42.721 0.56943 82
    endloop
  endfacet
  facet normal 0 0 1
    outer loop
      vertex 42.9596 0.936783 82
      vertex 37.7918 3.97208 82
      vertex 42.8674 0.822899 82
    endloop
  endfacet
  facet normal 0 0 1
    outer loop
      vertex 42.7876 0.7 82
      vertex 37.7918 3.97208 82
      vertex 38 0 82
    endloop
  endfacet
  facet normal 0 0 1
    outer loop
      vertex 42.8674 0.822899 82
      vertex 37.7918 3.97208 82
      vertex 42.7876 0.7 82
    endloop
  endfacet
  facet normal 0 -0 1
    outer loop
      vertex 37.1696 7.90064 82
      vertex 49.264 10.9937 82
      vertex 37.0372 8.39484 82
    endloop
  endfacet
  facet normal 0.994522 0.104528 0
    outer loop
      vertex 51.4792 2.89691 82
      vertex 51.0611 6.875 -2
      vertex 51.0611 6.875 82
    endloop
  endfacet
  facet normal 0.994522 0.104528 0
    outer loop
      vertex 51.0611 6.875 -2
      vertex 51.4792 2.89691 82
      vertex 51.4792 2.89691 -2
    endloop
  endfacet
  facet normal -0.104528 0.994522 0
    outer loop
      vertex 51.0611 6.875 -2
      vertex 49.9884 6.76225 82
      vertex 51.0611 6.875 82
    endloop
  endfacet
  facet normal -0.104528 0.994522 0
    outer loop
      vertex 49.9884 6.76225 82
      vertex 51.0611 6.875 -2
      vertex 49.9884 6.76225 -2
    endloop
  endfacet
  facet normal 0.104528 -0.994522 0
    outer loop
      vertex 50.3544 2.77869 -2
      vertex 51.4792 2.89691 82
      vertex 50.3544 2.77869 82
    endloop
  endfacet
  facet normal 0.104528 -0.994522 0
    outer loop
      vertex 51.4792 2.89691 82
      vertex 50.3544 2.77869 -2
      vertex 51.4792 2.89691 -2
    endloop
  endfacet
  facet normal 0.994522 -0.104528 0
    outer loop
      vertex 50.9566 -7.86952 82
      vertex 51.3747 -3.89143 -2
      vertex 51.3747 -3.89143 82
    endloop
  endfacet
  facet normal 0.994522 -0.104528 0
    outer loop
      vertex 51.3747 -3.89143 -2
      vertex 50.9566 -7.86952 82
      vertex 50.9566 -7.86952 -2
    endloop
  endfacet
  facet normal 0.104528 0.994522 -0
    outer loop
      vertex 51.3747 -3.89143 -2
      vertex 50.302 -3.77869 82
      vertex 51.3747 -3.89143 82
    endloop
  endfacet
  facet normal 0.104528 0.994522 0
    outer loop
      vertex 50.302 -3.77869 82
      vertex 51.3747 -3.89143 -2
      vertex 50.302 -3.77869 -2
    endloop
  endfacet
  facet normal -0.104528 -0.994522 0
    outer loop
      vertex 49.8317 -7.7513 -2
      vertex 50.9566 -7.86952 82
      vertex 49.8317 -7.7513 82
    endloop
  endfacet
  facet normal -0.104528 -0.994522 -0
    outer loop
      vertex 50.9566 -7.86952 82
      vertex 49.8317 -7.7513 -2
      vertex 50.9566 -7.86952 -2
    endloop
  endfacet
  facet normal -0.62932 -0.777147 0
    outer loop
      vertex 44.8229 1.13262 -2
      vertex 44.9368 1.0404 6.9
      vertex 44.8229 1.13262 6.9
    endloop
  endfacet
  facet normal -0.62932 -0.777147 -0
    outer loop
      vertex 44.9368 1.0404 6.9
      vertex 44.8229 1.13262 -2
      vertex 44.9368 1.0404 -2
    endloop
  endfacet
  facet normal 0.258812 -0.965928 0
    outer loop
      vertex 43.5674 1.33148 -2
      vertex 43.7089 1.36941 6.9
      vertex 43.5674 1.33148 6.9
    endloop
  endfacet
  facet normal 0.258812 -0.965928 0
    outer loop
      vertex 43.7089 1.36941 6.9
      vertex 43.5674 1.33148 -2
      vertex 43.7089 1.36941 -2
    endloop
  endfacet
  facet normal 0.891007 -0.45399 0
    outer loop
      vertex 42.721 0.56943 6.9
      vertex 42.7876 0.7 -2
      vertex 42.7876 0.7 6.9
    endloop
  endfacet
  facet normal 0.891007 -0.45399 0
    outer loop
      vertex 42.7876 0.7 -2
      vertex 42.721 0.56943 6.9
      vertex 42.721 0.56943 -2
    endloop
  endfacet
  facet normal 0.358373 0.933578 -0
    outer loop
      vertex 43.5674 -1.33148 -2
      vertex 43.4306 -1.27896 6.9
      vertex 43.5674 -1.33148 6.9
    endloop
  endfacet
  facet normal 0.358373 0.933578 0
    outer loop
      vertex 43.4306 -1.27896 6.9
      vertex 43.5674 -1.33148 -2
      vertex 43.4306 -1.27896 -2
    endloop
  endfacet
  facet normal -0.891007 -0.45399 0
    outer loop
      vertex 45.279 0.56943 -2
      vertex 45.2124 0.7 6.9
      vertex 45.2124 0.7 -2
    endloop
  endfacet
  facet normal -0.891007 -0.45399 0
    outer loop
      vertex 45.2124 0.7 6.9
      vertex 45.279 0.56943 -2
      vertex 45.279 0.56943 6.9
    endloop
  endfacet
  facet normal -0.838672 -0.544637 0
    outer loop
      vertex 45.2124 0.7 -2
      vertex 45.1326 0.822899 6.9
      vertex 45.1326 0.822899 -2
    endloop
  endfacet
  facet normal -0.838672 -0.544637 0
    outer loop
      vertex 45.1326 0.822899 6.9
      vertex 45.2124 0.7 -2
      vertex 45.2124 0.7 6.9
    endloop
  endfacet
  facet normal -0.358373 -0.933578 0
    outer loop
      vertex 44.4326 1.33148 -2
      vertex 44.5694 1.27896 6.9
      vertex 44.4326 1.33148 6.9
    endloop
  endfacet
  facet normal -0.358373 -0.933578 -0
    outer loop
      vertex 44.5694 1.27896 6.9
      vertex 44.4326 1.33148 -2
      vertex 44.5694 1.27896 -2
    endloop
  endfacet
  facet normal -0.0523368 -0.998629 0
    outer loop
      vertex 44 1.4 -2
      vertex 44.1463 1.39233 6.9
      vertex 44 1.4 6.9
    endloop
  endfacet
  facet normal -0.0523368 -0.998629 -0
    outer loop
      vertex 44.1463 1.39233 6.9
      vertex 44 1.4 -2
      vertex 44.1463 1.39233 -2
    endloop
  endfacet
  facet normal 0.98769 -0.156425 0
    outer loop
      vertex 42.6077 0.146339 6.9
      vertex 42.6306 0.291076 -2
      vertex 42.6306 0.291076 6.9
    endloop
  endfacet
  facet normal 0.98769 -0.156425 0
    outer loop
      vertex 42.6306 0.291076 -2
      vertex 42.6077 0.146339 6.9
      vertex 42.6077 0.146339 -2
    endloop
  endfacet
  facet normal 0.707097 -0.707117 0
    outer loop
      vertex 42.9596 0.936783 -2
      vertex 43.0632 1.0404 6.9
      vertex 42.9596 0.936783 6.9
    endloop
  endfacet
  facet normal 0.707097 -0.707117 0
    outer loop
      vertex 43.0632 1.0404 6.9
      vertex 42.9596 0.936783 -2
      vertex 43.0632 1.0404 -2
    endloop
  endfacet
  facet normal 0.0523368 -0.998629 0
    outer loop
      vertex 43.8537 1.39233 -2
      vertex 44 1.4 6.9
      vertex 43.8537 1.39233 6.9
    endloop
  endfacet
  facet normal 0.0523368 -0.998629 0
    outer loop
      vertex 44 1.4 6.9
      vertex 43.8537 1.39233 -2
      vertex 44 1.4 -2
    endloop
  endfacet
  facet normal -0.998629 0.0523498 0
    outer loop
      vertex 45.3923 -0.146339 -2
      vertex 45.4 0 6.9
      vertex 45.4 0 -2
    endloop
  endfacet
  facet normal -0.998629 0.0523498 0
    outer loop
      vertex 45.4 0 6.9
      vertex 45.3923 -0.146339 -2
      vertex 45.3923 -0.146339 6.9
    endloop
  endfacet
  facet normal -0.77715 0.629316 0
    outer loop
      vertex 45.0404 -0.936783 -2
      vertex 45.1326 -0.822899 6.9
      vertex 45.1326 -0.822899 -2
    endloop
  endfacet
  facet normal -0.77715 0.629316 0
    outer loop
      vertex 45.1326 -0.822899 6.9
      vertex 45.0404 -0.936783 -2
      vertex 45.0404 -0.936783 6.9
    endloop
  endfacet
  facet normal 0.0523368 0.998629 -0
    outer loop
      vertex 44 -1.4 -2
      vertex 43.8537 -1.39233 6.9
      vertex 44 -1.4 6.9
    endloop
  endfacet
  facet normal 0.0523368 0.998629 0
    outer loop
      vertex 43.8537 -1.39233 6.9
      vertex 44 -1.4 -2
      vertex 43.8537 -1.39233 -2
    endloop
  endfacet
  facet normal 0.62932 0.777147 -0
    outer loop
      vertex 43.1771 -1.13262 -2
      vertex 43.0632 -1.0404 6.9
      vertex 43.1771 -1.13262 6.9
    endloop
  endfacet
  facet normal 0.62932 0.777147 0
    outer loop
      vertex 43.0632 -1.0404 6.9
      vertex 43.1771 -1.13262 -2
      vertex 43.0632 -1.0404 -2
    endloop
  endfacet
  facet normal 0.707097 0.707117 -0
    outer loop
      vertex 43.0632 -1.0404 -2
      vertex 42.9596 -0.936783 6.9
      vertex 43.0632 -1.0404 6.9
    endloop
  endfacet
  facet normal 0.707097 0.707117 0
    outer loop
      vertex 42.9596 -0.936783 6.9
      vertex 43.0632 -1.0404 -2
      vertex 42.9596 -0.936783 -2
    endloop
  endfacet
  facet normal -0.98769 -0.156425 0
    outer loop
      vertex 45.3923 0.146339 -2
      vertex 45.3694 0.291076 6.9
      vertex 45.3694 0.291076 -2
    endloop
  endfacet
  facet normal -0.98769 -0.156425 0
    outer loop
      vertex 45.3694 0.291076 6.9
      vertex 45.3923 0.146339 -2
      vertex 45.3923 0.146339 6.9
    endloop
  endfacet
  facet normal -0.965922 -0.258832 0
    outer loop
      vertex 45.3694 0.291076 -2
      vertex 45.3315 0.432623 6.9
      vertex 45.3315 0.432623 -2
    endloop
  endfacet
  facet normal -0.965922 -0.258832 0
    outer loop
      vertex 45.3315 0.432623 6.9
      vertex 45.3694 0.291076 -2
      vertex 45.3694 0.291076 6.9
    endloop
  endfacet
  facet normal -0.933577 -0.358377 0
    outer loop
      vertex 45.3315 0.432623 -2
      vertex 45.279 0.56943 6.9
      vertex 45.279 0.56943 -2
    endloop
  endfacet
  facet normal -0.933577 -0.358377 0
    outer loop
      vertex 45.279 0.56943 6.9
      vertex 45.3315 0.432623 -2
      vertex 45.3315 0.432623 6.9
    endloop
  endfacet
  facet normal -0.77715 -0.629316 0
    outer loop
      vertex 45.1326 0.822899 -2
      vertex 45.0404 0.936783 6.9
      vertex 45.0404 0.936783 -2
    endloop
  endfacet
  facet normal -0.77715 -0.629316 0
    outer loop
      vertex 45.0404 0.936783 6.9
      vertex 45.1326 0.822899 -2
      vertex 45.1326 0.822899 6.9
    endloop
  endfacet
  facet normal -0.70711 -0.707104 0
    outer loop
      vertex 45.0404 0.936783 -2
      vertex 44.9368 1.0404 6.9
      vertex 44.9368 1.0404 -2
    endloop
  endfacet
  facet normal -0.70711 -0.707104 0
    outer loop
      vertex 44.9368 1.0404 6.9
      vertex 45.0404 0.936783 -2
      vertex 45.0404 0.936783 6.9
    endloop
  endfacet
  facet normal -0.54464 -0.83867 0
    outer loop
      vertex 44.7 1.21243 -2
      vertex 44.8229 1.13262 6.9
      vertex 44.7 1.21243 6.9
    endloop
  endfacet
  facet normal -0.54464 -0.83867 -0
    outer loop
      vertex 44.8229 1.13262 6.9
      vertex 44.7 1.21243 -2
      vertex 44.8229 1.13262 -2
    endloop
  endfacet
  facet normal -0.45399 -0.891007 0
    outer loop
      vertex 44.5694 1.27896 -2
      vertex 44.7 1.21243 6.9
      vertex 44.5694 1.27896 6.9
    endloop
  endfacet
  facet normal -0.45399 -0.891007 -0
    outer loop
      vertex 44.7 1.21243 6.9
      vertex 44.5694 1.27896 -2
      vertex 44.7 1.21243 -2
    endloop
  endfacet
  facet normal -0.258812 -0.965928 0
    outer loop
      vertex 44.2911 1.36941 -2
      vertex 44.4326 1.33148 6.9
      vertex 44.2911 1.36941 6.9
    endloop
  endfacet
  facet normal -0.258812 -0.965928 -0
    outer loop
      vertex 44.4326 1.33148 6.9
      vertex 44.2911 1.36941 -2
      vertex 44.4326 1.33148 -2
    endloop
  endfacet
  facet normal -0.156436 -0.987688 0
    outer loop
      vertex 44.1463 1.39233 -2
      vertex 44.2911 1.36941 6.9
      vertex 44.1463 1.39233 6.9
    endloop
  endfacet
  facet normal -0.156436 -0.987688 -0
    outer loop
      vertex 44.2911 1.36941 6.9
      vertex 44.1463 1.39233 -2
      vertex 44.2911 1.36941 -2
    endloop
  endfacet
  facet normal 0.998629 -0.0523498 0
    outer loop
      vertex 42.6 0 6.9
      vertex 42.6077 0.146339 -2
      vertex 42.6077 0.146339 6.9
    endloop
  endfacet
  facet normal 0.998629 -0.0523498 0
    outer loop
      vertex 42.6077 0.146339 -2
      vertex 42.6 0 6.9
      vertex 42.6 0 -2
    endloop
  endfacet
  facet normal 0 0 -1
    outer loop
      vertex 45.3923 -0.146339 6.9
      vertex 45.3923 0.146339 6.9
      vertex 45.4 0 6.9
    endloop
  endfacet
  facet normal 0 0 -1
    outer loop
      vertex 45.3694 -0.291076 6.9
      vertex 45.3923 0.146339 6.9
      vertex 45.3923 -0.146339 6.9
    endloop
  endfacet
  facet normal 0 0 -1
    outer loop
      vertex 45.3694 -0.291076 6.9
      vertex 45.3694 0.291076 6.9
      vertex 45.3923 0.146339 6.9
    endloop
  endfacet
  facet normal 0 0 -1
    outer loop
      vertex 45.3315 -0.432623 6.9
      vertex 45.3694 0.291076 6.9
      vertex 45.3694 -0.291076 6.9
    endloop
  endfacet
  facet normal 0 0 -1
    outer loop
      vertex 45.3315 -0.432623 6.9
      vertex 45.3315 0.432623 6.9
      vertex 45.3694 0.291076 6.9
    endloop
  endfacet
  facet normal 0 0 -1
    outer loop
      vertex 45.279 -0.56943 6.9
      vertex 45.3315 0.432623 6.9
      vertex 45.3315 -0.432623 6.9
    endloop
  endfacet
  facet normal 0 0 -1
    outer loop
      vertex 45.279 -0.56943 6.9
      vertex 45.279 0.56943 6.9
      vertex 45.3315 0.432623 6.9
    endloop
  endfacet
  facet normal 0 0 -1
    outer loop
      vertex 45.2124 -0.7 6.9
      vertex 45.279 0.56943 6.9
      vertex 45.279 -0.56943 6.9
    endloop
  endfacet
  facet normal 0 0 -1
    outer loop
      vertex 45.2124 -0.7 6.9
      vertex 45.2124 0.7 6.9
      vertex 45.279 0.56943 6.9
    endloop
  endfacet
  facet normal 0 0 -1
    outer loop
      vertex 45.1326 -0.822899 6.9
      vertex 45.2124 0.7 6.9
      vertex 45.2124 -0.7 6.9
    endloop
  endfacet
  facet normal 0 0 -1
    outer loop
      vertex 45.1326 -0.822899 6.9
      vertex 45.1326 0.822899 6.9
      vertex 45.2124 0.7 6.9
    endloop
  endfacet
  facet normal 0 0 -1
    outer loop
      vertex 45.0404 -0.936783 6.9
      vertex 45.1326 0.822899 6.9
      vertex 45.1326 -0.822899 6.9
    endloop
  endfacet
  facet normal 0 0 -1
    outer loop
      vertex 45.0404 -0.936783 6.9
      vertex 45.0404 0.936783 6.9
      vertex 45.1326 0.822899 6.9
    endloop
  endfacet
  facet normal 0 0 -1
    outer loop
      vertex 44.9368 -1.0404 6.9
      vertex 45.0404 0.936783 6.9
      vertex 45.0404 -0.936783 6.9
    endloop
  endfacet
  facet normal 0 0 -1
    outer loop
      vertex 44.9368 -1.0404 6.9
      vertex 44.9368 1.0404 6.9
      vertex 45.0404 0.936783 6.9
    endloop
  endfacet
  facet normal 0 0 -1
    outer loop
      vertex 44.8229 -1.13262 6.9
      vertex 44.9368 1.0404 6.9
      vertex 44.9368 -1.0404 6.9
    endloop
  endfacet
  facet normal 0 0 -1
    outer loop
      vertex 44.8229 -1.13262 6.9
      vertex 44.8229 1.13262 6.9
      vertex 44.9368 1.0404 6.9
    endloop
  endfacet
  facet normal 0 0 -1
    outer loop
      vertex 44.7 -1.21243 6.9
      vertex 44.8229 1.13262 6.9
      vertex 44.8229 -1.13262 6.9
    endloop
  endfacet
  facet normal 0 0 -1
    outer loop
      vertex 44.7 -1.21243 6.9
      vertex 44.7 1.21243 6.9
      vertex 44.8229 1.13262 6.9
    endloop
  endfacet
  facet normal 0 0 -1
    outer loop
      vertex 44.5694 -1.27896 6.9
      vertex 44.7 1.21243 6.9
      vertex 44.7 -1.21243 6.9
    endloop
  endfacet
  facet normal 0 0 -1
    outer loop
      vertex 44.5694 -1.27896 6.9
      vertex 44.5694 1.27896 6.9
      vertex 44.7 1.21243 6.9
    endloop
  endfacet
  facet normal 0 0 -1
    outer loop
      vertex 44.4326 -1.33148 6.9
      vertex 44.5694 1.27896 6.9
      vertex 44.5694 -1.27896 6.9
    endloop
  endfacet
  facet normal 0 0 -1
    outer loop
      vertex 44.4326 -1.33148 6.9
      vertex 44.4326 1.33148 6.9
      vertex 44.5694 1.27896 6.9
    endloop
  endfacet
  facet normal 0 0 -1
    outer loop
      vertex 44.2911 -1.36941 6.9
      vertex 44.4326 1.33148 6.9
      vertex 44.4326 -1.33148 6.9
    endloop
  endfacet
  facet normal 0 0 -1
    outer loop
      vertex 44.2911 -1.36941 6.9
      vertex 44.2911 1.36941 6.9
      vertex 44.4326 1.33148 6.9
    endloop
  endfacet
  facet normal 0 0 -1
    outer loop
      vertex 44.1463 -1.39233 6.9
      vertex 44.2911 1.36941 6.9
      vertex 44.2911 -1.36941 6.9
    endloop
  endfacet
  facet normal 0 0 -1
    outer loop
      vertex 44.1463 -1.39233 6.9
      vertex 44.1463 1.39233 6.9
      vertex 44.2911 1.36941 6.9
    endloop
  endfacet
  facet normal 0 0 -1
    outer loop
      vertex 44 -1.4 6.9
      vertex 44.1463 1.39233 6.9
      vertex 44.1463 -1.39233 6.9
    endloop
  endfacet
  facet normal 0 0 -1
    outer loop
      vertex 44 -1.4 6.9
      vertex 44 1.4 6.9
      vertex 44.1463 1.39233 6.9
    endloop
  endfacet
  facet normal 0 0 -1
    outer loop
      vertex 43.8537 -1.39233 6.9
      vertex 44 1.4 6.9
      vertex 44 -1.4 6.9
    endloop
  endfacet
  facet normal 0 0 -1
    outer loop
      vertex 43.8537 -1.39233 6.9
      vertex 43.8537 1.39233 6.9
      vertex 44 1.4 6.9
    endloop
  endfacet
  facet normal 0 0 -1
    outer loop
      vertex 43.7089 -1.36941 6.9
      vertex 43.8537 1.39233 6.9
      vertex 43.8537 -1.39233 6.9
    endloop
  endfacet
  facet normal 0 0 -1
    outer loop
      vertex 43.7089 -1.36941 6.9
      vertex 43.7089 1.36941 6.9
      vertex 43.8537 1.39233 6.9
    endloop
  endfacet
  facet normal 0 0 -1
    outer loop
      vertex 43.5674 -1.33148 6.9
      vertex 43.7089 1.36941 6.9
      vertex 43.7089 -1.36941 6.9
    endloop
  endfacet
  facet normal 0 0 -1
    outer loop
      vertex 43.5674 -1.33148 6.9
      vertex 43.5674 1.33148 6.9
      vertex 43.7089 1.36941 6.9
    endloop
  endfacet
  facet normal 0 0 -1
    outer loop
      vertex 43.4306 -1.27896 6.9
      vertex 43.5674 1.33148 6.9
      vertex 43.5674 -1.33148 6.9
    endloop
  endfacet
  facet normal 0 0 -1
    outer loop
      vertex 43.4306 -1.27896 6.9
      vertex 43.4306 1.27896 6.9
      vertex 43.5674 1.33148 6.9
    endloop
  endfacet
  facet normal 0 0 -1
    outer loop
      vertex 43.3 -1.21243 6.9
      vertex 43.4306 1.27896 6.9
      vertex 43.4306 -1.27896 6.9
    endloop
  endfacet
  facet normal 0 0 -1
    outer loop
      vertex 43.3 -1.21243 6.9
      vertex 43.3 1.21243 6.9
      vertex 43.4306 1.27896 6.9
    endloop
  endfacet
  facet normal 0 0 -1
    outer loop
      vertex 43.1771 -1.13262 6.9
      vertex 43.3 1.21243 6.9
      vertex 43.3 -1.21243 6.9
    endloop
  endfacet
  facet normal 0 0 -1
    outer loop
      vertex 43.1771 -1.13262 6.9
      vertex 43.1771 1.13262 6.9
      vertex 43.3 1.21243 6.9
    endloop
  endfacet
  facet normal 0 0 -1
    outer loop
      vertex 43.0632 -1.0404 6.9
      vertex 43.1771 1.13262 6.9
      vertex 43.1771 -1.13262 6.9
    endloop
  endfacet
  facet normal 0 0 -1
    outer loop
      vertex 43.0632 -1.0404 6.9
      vertex 43.0632 1.0404 6.9
      vertex 43.1771 1.13262 6.9
    endloop
  endfacet
  facet normal 0 0 -1
    outer loop
      vertex 42.9596 -0.936783 6.9
      vertex 43.0632 1.0404 6.9
      vertex 43.0632 -1.0404 6.9
    endloop
  endfacet
  facet normal 0 0 -1
    outer loop
      vertex 42.9596 -0.936783 6.9
      vertex 42.9596 0.936783 6.9
      vertex 43.0632 1.0404 6.9
    endloop
  endfacet
  facet normal 0 0 -1
    outer loop
      vertex 42.8674 -0.822899 6.9
      vertex 42.9596 0.936783 6.9
      vertex 42.9596 -0.936783 6.9
    endloop
  endfacet
  facet normal 0 0 -1
    outer loop
      vertex 42.8674 -0.822899 6.9
      vertex 42.8674 0.822899 6.9
      vertex 42.9596 0.936783 6.9
    endloop
  endfacet
  facet normal 0 0 -1
    outer loop
      vertex 42.7876 -0.7 6.9
      vertex 42.8674 0.822899 6.9
      vertex 42.8674 -0.822899 6.9
    endloop
  endfacet
  facet normal 0 0 -1
    outer loop
      vertex 42.7876 -0.7 6.9
      vertex 42.7876 0.7 6.9
      vertex 42.8674 0.822899 6.9
    endloop
  endfacet
  facet normal 0 0 -1
    outer loop
      vertex 42.721 -0.56943 6.9
      vertex 42.7876 0.7 6.9
      vertex 42.7876 -0.7 6.9
    endloop
  endfacet
  facet normal 0 0 -1
    outer loop
      vertex 42.721 -0.56943 6.9
      vertex 42.721 0.56943 6.9
      vertex 42.7876 0.7 6.9
    endloop
  endfacet
  facet normal 0 0 -1
    outer loop
      vertex 42.6685 -0.432623 6.9
      vertex 42.721 0.56943 6.9
      vertex 42.721 -0.56943 6.9
    endloop
  endfacet
  facet normal 0 0 -1
    outer loop
      vertex 42.6685 -0.432623 6.9
      vertex 42.6685 0.432623 6.9
      vertex 42.721 0.56943 6.9
    endloop
  endfacet
  facet normal 0 0 -1
    outer loop
      vertex 42.6306 -0.291076 6.9
      vertex 42.6685 0.432623 6.9
      vertex 42.6685 -0.432623 6.9
    endloop
  endfacet
  facet normal 0 0 -1
    outer loop
      vertex 42.6306 -0.291076 6.9
      vertex 42.6306 0.291076 6.9
      vertex 42.6685 0.432623 6.9
    endloop
  endfacet
  facet normal 0 0 -1
    outer loop
      vertex 42.6077 -0.146339 6.9
      vertex 42.6306 0.291076 6.9
      vertex 42.6306 -0.291076 6.9
    endloop
  endfacet
  facet normal 0 0 -1
    outer loop
      vertex 42.6077 -0.146339 6.9
      vertex 42.6077 0.146339 6.9
      vertex 42.6306 0.291076 6.9
    endloop
  endfacet
  facet normal 0 -0 -1
    outer loop
      vertex 42.6077 0.146339 6.9
      vertex 42.6077 -0.146339 6.9
      vertex 42.6 0 6.9
    endloop
  endfacet
  facet normal 0.933577 -0.358377 0
    outer loop
      vertex 42.6685 0.432623 6.9
      vertex 42.721 0.56943 -2
      vertex 42.721 0.56943 6.9
    endloop
  endfacet
  facet normal 0.933577 -0.358377 0
    outer loop
      vertex 42.721 0.56943 -2
      vertex 42.6685 0.432623 6.9
      vertex 42.6685 0.432623 -2
    endloop
  endfacet
  facet normal 0.965929 -0.258808 0
    outer loop
      vertex 42.6306 0.291076 6.9
      vertex 42.6685 0.432623 -2
      vertex 42.6685 0.432623 6.9
    endloop
  endfacet
  facet normal 0.965929 -0.258808 0
    outer loop
      vertex 42.6685 0.432623 -2
      vertex 42.6306 0.291076 6.9
      vertex 42.6306 0.291076 -2
    endloop
  endfacet
  facet normal 0.838672 -0.544637 0
    outer loop
      vertex 42.7876 0.7 6.9
      vertex 42.8674 0.822899 -2
      vertex 42.8674 0.822899 6.9
    endloop
  endfacet
  facet normal 0.838672 -0.544637 0
    outer loop
      vertex 42.8674 0.822899 -2
      vertex 42.7876 0.7 6.9
      vertex 42.7876 0.7 -2
    endloop
  endfacet
  facet normal 0.77715 -0.629316 0
    outer loop
      vertex 42.8674 0.822899 6.9
      vertex 42.9596 0.936783 -2
      vertex 42.9596 0.936783 6.9
    endloop
  endfacet
  facet normal 0.77715 -0.629316 0
    outer loop
      vertex 42.9596 0.936783 -2
      vertex 42.8674 0.822899 6.9
      vertex 42.8674 0.822899 -2
    endloop
  endfacet
  facet normal 0.156436 -0.987688 0
    outer loop
      vertex 43.7089 1.36941 -2
      vertex 43.8537 1.39233 6.9
      vertex 43.7089 1.36941 6.9
    endloop
  endfacet
  facet normal 0.156436 -0.987688 0
    outer loop
      vertex 43.8537 1.39233 6.9
      vertex 43.7089 1.36941 -2
      vertex 43.8537 1.39233 -2
    endloop
  endfacet
  facet normal 0.45399 -0.891007 0
    outer loop
      vertex 43.3 1.21243 -2
      vertex 43.4306 1.27896 6.9
      vertex 43.3 1.21243 6.9
    endloop
  endfacet
  facet normal 0.45399 -0.891007 0
    outer loop
      vertex 43.4306 1.27896 6.9
      vertex 43.3 1.21243 -2
      vertex 43.4306 1.27896 -2
    endloop
  endfacet
  facet normal 0.54464 -0.83867 0
    outer loop
      vertex 43.1771 1.13262 -2
      vertex 43.3 1.21243 6.9
      vertex 43.1771 1.13262 6.9
    endloop
  endfacet
  facet normal 0.54464 -0.83867 0
    outer loop
      vertex 43.3 1.21243 6.9
      vertex 43.1771 1.13262 -2
      vertex 43.3 1.21243 -2
    endloop
  endfacet
  facet normal 0.358373 -0.933578 0
    outer loop
      vertex 43.4306 1.27896 -2
      vertex 43.5674 1.33148 6.9
      vertex 43.4306 1.27896 6.9
    endloop
  endfacet
  facet normal 0.358373 -0.933578 0
    outer loop
      vertex 43.5674 1.33148 6.9
      vertex 43.4306 1.27896 -2
      vertex 43.5674 1.33148 -2
    endloop
  endfacet
  facet normal 0.62932 -0.777147 0
    outer loop
      vertex 43.0632 1.0404 -2
      vertex 43.1771 1.13262 6.9
      vertex 43.0632 1.0404 6.9
    endloop
  endfacet
  facet normal 0.62932 -0.777147 0
    outer loop
      vertex 43.1771 1.13262 6.9
      vertex 43.0632 1.0404 -2
      vertex 43.1771 1.13262 -2
    endloop
  endfacet
  facet normal -0.998629 -0.0523498 0
    outer loop
      vertex 45.4 0 -2
      vertex 45.3923 0.146339 6.9
      vertex 45.3923 0.146339 -2
    endloop
  endfacet
  facet normal -0.998629 -0.0523498 0
    outer loop
      vertex 45.3923 0.146339 6.9
      vertex 45.4 0 -2
      vertex 45.4 0 6.9
    endloop
  endfacet
  facet normal -0.0523368 0.998629 0
    outer loop
      vertex 44.1463 -1.39233 -2
      vertex 44 -1.4 6.9
      vertex 44.1463 -1.39233 6.9
    endloop
  endfacet
  facet normal -0.0523368 0.998629 0
    outer loop
      vertex 44 -1.4 6.9
      vertex 44.1463 -1.39233 -2
      vertex 44 -1.4 -2
    endloop
  endfacet
  facet normal -0.965922 0.258832 0
    outer loop
      vertex 45.3315 -0.432623 -2
      vertex 45.3694 -0.291076 6.9
      vertex 45.3694 -0.291076 -2
    endloop
  endfacet
  facet normal -0.965922 0.258832 0
    outer loop
      vertex 45.3694 -0.291076 6.9
      vertex 45.3315 -0.432623 -2
      vertex 45.3315 -0.432623 6.9
    endloop
  endfacet
  facet normal -0.258812 0.965928 0
    outer loop
      vertex 44.4326 -1.33148 -2
      vertex 44.2911 -1.36941 6.9
      vertex 44.4326 -1.33148 6.9
    endloop
  endfacet
  facet normal -0.258812 0.965928 0
    outer loop
      vertex 44.2911 -1.36941 6.9
      vertex 44.4326 -1.33148 -2
      vertex 44.2911 -1.36941 -2
    endloop
  endfacet
  facet normal -0.62932 0.777147 0
    outer loop
      vertex 44.9368 -1.0404 -2
      vertex 44.8229 -1.13262 6.9
      vertex 44.9368 -1.0404 6.9
    endloop
  endfacet
  facet normal -0.62932 0.777147 0
    outer loop
      vertex 44.8229 -1.13262 6.9
      vertex 44.9368 -1.0404 -2
      vertex 44.8229 -1.13262 -2
    endloop
  endfacet
  facet normal -0.45399 0.891007 0
    outer loop
      vertex 44.7 -1.21243 -2
      vertex 44.5694 -1.27896 6.9
      vertex 44.7 -1.21243 6.9
    endloop
  endfacet
  facet normal -0.45399 0.891007 0
    outer loop
      vertex 44.5694 -1.27896 6.9
      vertex 44.7 -1.21243 -2
      vertex 44.5694 -1.27896 -2
    endloop
  endfacet
  facet normal -0.891007 0.45399 0
    outer loop
      vertex 45.2124 -0.7 -2
      vertex 45.279 -0.56943 6.9
      vertex 45.279 -0.56943 -2
    endloop
  endfacet
  facet normal -0.891007 0.45399 0
    outer loop
      vertex 45.279 -0.56943 6.9
      vertex 45.2124 -0.7 -2
      vertex 45.2124 -0.7 6.9
    endloop
  endfacet
  facet normal 0.258812 0.965928 -0
    outer loop
      vertex 43.7089 -1.36941 -2
      vertex 43.5674 -1.33148 6.9
      vertex 43.7089 -1.36941 6.9
    endloop
  endfacet
  facet normal 0.258812 0.965928 0
    outer loop
      vertex 43.5674 -1.33148 6.9
      vertex 43.7089 -1.36941 -2
      vertex 43.5674 -1.33148 -2
    endloop
  endfacet
  facet normal 0.45399 0.891007 -0
    outer loop
      vertex 43.4306 -1.27896 -2
      vertex 43.3 -1.21243 6.9
      vertex 43.4306 -1.27896 6.9
    endloop
  endfacet
  facet normal 0.45399 0.891007 0
    outer loop
      vertex 43.3 -1.21243 6.9
      vertex 43.4306 -1.27896 -2
      vertex 43.3 -1.21243 -2
    endloop
  endfacet
  facet normal 0.965929 0.258808 0
    outer loop
      vertex 42.6685 -0.432623 6.9
      vertex 42.6306 -0.291076 -2
      vertex 42.6306 -0.291076 6.9
    endloop
  endfacet
  facet normal 0.965929 0.258808 0
    outer loop
      vertex 42.6306 -0.291076 -2
      vertex 42.6685 -0.432623 6.9
      vertex 42.6685 -0.432623 -2
    endloop
  endfacet
  facet normal 0.998629 0.0523498 0
    outer loop
      vertex 42.6077 -0.146339 6.9
      vertex 42.6 0 -2
      vertex 42.6 0 6.9
    endloop
  endfacet
  facet normal 0.998629 0.0523498 0
    outer loop
      vertex 42.6 0 -2
      vertex 42.6077 -0.146339 6.9
      vertex 42.6077 -0.146339 -2
    endloop
  endfacet
  facet normal 0.77715 0.629316 0
    outer loop
      vertex 42.9596 -0.936783 6.9
      vertex 42.8674 -0.822899 -2
      vertex 42.8674 -0.822899 6.9
    endloop
  endfacet
  facet normal 0.77715 0.629316 0
    outer loop
      vertex 42.8674 -0.822899 -2
      vertex 42.9596 -0.936783 6.9
      vertex 42.9596 -0.936783 -2
    endloop
  endfacet
  facet normal 0.838672 0.544637 0
    outer loop
      vertex 42.8674 -0.822899 6.9
      vertex 42.7876 -0.7 -2
      vertex 42.7876 -0.7 6.9
    endloop
  endfacet
  facet normal 0.838672 0.544637 0
    outer loop
      vertex 42.7876 -0.7 -2
      vertex 42.8674 -0.822899 6.9
      vertex 42.8674 -0.822899 -2
    endloop
  endfacet
  facet normal 0.891007 0.45399 0
    outer loop
      vertex 42.7876 -0.7 6.9
      vertex 42.721 -0.56943 -2
      vertex 42.721 -0.56943 6.9
    endloop
  endfacet
  facet normal 0.891007 0.45399 0
    outer loop
      vertex 42.721 -0.56943 -2
      vertex 42.7876 -0.7 6.9
      vertex 42.7876 -0.7 -2
    endloop
  endfacet
  facet normal -0.98769 0.156425 0
    outer loop
      vertex 45.3694 -0.291076 -2
      vertex 45.3923 -0.146339 6.9
      vertex 45.3923 -0.146339 -2
    endloop
  endfacet
  facet normal -0.98769 0.156425 0
    outer loop
      vertex 45.3923 -0.146339 6.9
      vertex 45.3694 -0.291076 -2
      vertex 45.3694 -0.291076 6.9
    endloop
  endfacet
  facet normal -0.156436 0.987688 0
    outer loop
      vertex 44.2911 -1.36941 -2
      vertex 44.1463 -1.39233 6.9
      vertex 44.2911 -1.36941 6.9
    endloop
  endfacet
  facet normal -0.156436 0.987688 0
    outer loop
      vertex 44.1463 -1.39233 6.9
      vertex 44.2911 -1.36941 -2
      vertex 44.1463 -1.39233 -2
    endloop
  endfacet
  facet normal -0.358373 0.933578 0
    outer loop
      vertex 44.5694 -1.27896 -2
      vertex 44.4326 -1.33148 6.9
      vertex 44.5694 -1.27896 6.9
    endloop
  endfacet
  facet normal -0.358373 0.933578 0
    outer loop
      vertex 44.4326 -1.33148 6.9
      vertex 44.5694 -1.27896 -2
      vertex 44.4326 -1.33148 -2
    endloop
  endfacet
  facet normal -0.70711 0.707104 0
    outer loop
      vertex 44.9368 -1.0404 -2
      vertex 45.0404 -0.936783 6.9
      vertex 45.0404 -0.936783 -2
    endloop
  endfacet
  facet normal -0.70711 0.707104 0
    outer loop
      vertex 45.0404 -0.936783 6.9
      vertex 44.9368 -1.0404 -2
      vertex 44.9368 -1.0404 6.9
    endloop
  endfacet
  facet normal -0.54464 0.83867 0
    outer loop
      vertex 44.8229 -1.13262 -2
      vertex 44.7 -1.21243 6.9
      vertex 44.8229 -1.13262 6.9
    endloop
  endfacet
  facet normal -0.54464 0.83867 0
    outer loop
      vertex 44.7 -1.21243 6.9
      vertex 44.8229 -1.13262 -2
      vertex 44.7 -1.21243 -2
    endloop
  endfacet
  facet normal -0.933577 0.358377 0
    outer loop
      vertex 45.279 -0.56943 -2
      vertex 45.3315 -0.432623 6.9
      vertex 45.3315 -0.432623 -2
    endloop
  endfacet
  facet normal -0.933577 0.358377 0
    outer loop
      vertex 45.3315 -0.432623 6.9
      vertex 45.279 -0.56943 -2
      vertex 45.279 -0.56943 6.9
    endloop
  endfacet
  facet normal -0.838672 0.544637 0
    outer loop
      vertex 45.1326 -0.822899 -2
      vertex 45.2124 -0.7 6.9
      vertex 45.2124 -0.7 -2
    endloop
  endfacet
  facet normal -0.838672 0.544637 0
    outer loop
      vertex 45.2124 -0.7 6.9
      vertex 45.1326 -0.822899 -2
      vertex 45.1326 -0.822899 6.9
    endloop
  endfacet
  facet normal 0.156436 0.987688 -0
    outer loop
      vertex 43.8537 -1.39233 -2
      vertex 43.7089 -1.36941 6.9
      vertex 43.8537 -1.39233 6.9
    endloop
  endfacet
  facet normal 0.156436 0.987688 0
    outer loop
      vertex 43.7089 -1.36941 6.9
      vertex 43.8537 -1.39233 -2
      vertex 43.7089 -1.36941 -2
    endloop
  endfacet
  facet normal 0.54464 0.83867 -0
    outer loop
      vertex 43.3 -1.21243 -2
      vertex 43.1771 -1.13262 6.9
      vertex 43.3 -1.21243 6.9
    endloop
  endfacet
  facet normal 0.54464 0.83867 0
    outer loop
      vertex 43.1771 -1.13262 6.9
      vertex 43.3 -1.21243 -2
      vertex 43.1771 -1.13262 -2
    endloop
  endfacet
  facet normal 0.933577 0.358377 0
    outer loop
      vertex 42.721 -0.56943 6.9
      vertex 42.6685 -0.432623 -2
      vertex 42.6685 -0.432623 6.9
    endloop
  endfacet
  facet normal 0.933577 0.358377 0
    outer loop
      vertex 42.6685 -0.432623 -2
      vertex 42.721 -0.56943 6.9
      vertex 42.721 -0.56943 -2
    endloop
  endfacet
  facet normal 0.98769 0.156425 0
    outer loop
      vertex 42.6306 -0.291076 6.9
      vertex 42.6077 -0.146339 -2
      vertex 42.6077 -0.146339 6.9
    endloop
  endfacet
  facet normal 0.98769 0.156425 0
    outer loop
      vertex 42.6077 -0.146339 -2
      vertex 42.6306 -0.291076 6.9
      vertex 42.6306 -0.291076 -2
    endloop
  endfacet
  facet normal -0.62932 -0.777147 0
    outer loop
      vertex 44.8229 1.13262 73.1
      vertex 44.9368 1.0404 82
      vertex 44.8229 1.13262 82
    endloop
  endfacet
  facet normal -0.62932 -0.777147 -0
    outer loop
      vertex 44.9368 1.0404 82
      vertex 44.8229 1.13262 73.1
      vertex 44.9368 1.0404 73.1
    endloop
  endfacet
  facet normal 0.258812 -0.965928 0
    outer loop
      vertex 43.5674 1.33148 73.1
      vertex 43.7089 1.36941 82
      vertex 43.5674 1.33148 82
    endloop
  endfacet
  facet normal 0.258812 -0.965928 0
    outer loop
      vertex 43.7089 1.36941 82
      vertex 43.5674 1.33148 73.1
      vertex 43.7089 1.36941 73.1
    endloop
  endfacet
  facet normal 0.891007 -0.45399 0
    outer loop
      vertex 42.721 0.56943 82
      vertex 42.7876 0.7 73.1
      vertex 42.7876 0.7 82
    endloop
  endfacet
  facet normal 0.891007 -0.45399 0
    outer loop
      vertex 42.7876 0.7 73.1
      vertex 42.721 0.56943 82
      vertex 42.721 0.56943 73.1
    endloop
  endfacet
  facet normal 0.358373 0.933578 -0
    outer loop
      vertex 43.5674 -1.33148 73.1
      vertex 43.4306 -1.27896 82
      vertex 43.5674 -1.33148 82
    endloop
  endfacet
  facet normal 0.358373 0.933578 0
    outer loop
      vertex 43.4306 -1.27896 82
      vertex 43.5674 -1.33148 73.1
      vertex 43.4306 -1.27896 73.1
    endloop
  endfacet
  facet normal -0.891007 -0.45399 0
    outer loop
      vertex 45.279 0.56943 73.1
      vertex 45.2124 0.7 82
      vertex 45.2124 0.7 73.1
    endloop
  endfacet
  facet normal -0.891007 -0.45399 0
    outer loop
      vertex 45.2124 0.7 82
      vertex 45.279 0.56943 73.1
      vertex 45.279 0.56943 82
    endloop
  endfacet
  facet normal -0.838672 -0.544637 0
    outer loop
      vertex 45.2124 0.7 73.1
      vertex 45.1326 0.822899 82
      vertex 45.1326 0.822899 73.1
    endloop
  endfacet
  facet normal -0.838672 -0.544637 0
    outer loop
      vertex 45.1326 0.822899 82
      vertex 45.2124 0.7 73.1
      vertex 45.2124 0.7 82
    endloop
  endfacet
  facet normal -0.358373 -0.933578 0
    outer loop
      vertex 44.4326 1.33148 73.1
      vertex 44.5694 1.27896 82
      vertex 44.4326 1.33148 82
    endloop
  endfacet
  facet normal -0.358373 -0.933578 -0
    outer loop
      vertex 44.5694 1.27896 82
      vertex 44.4326 1.33148 73.1
      vertex 44.5694 1.27896 73.1
    endloop
  endfacet
  facet normal -0.0523368 -0.998629 0
    outer loop
      vertex 44 1.4 73.1
      vertex 44.1463 1.39233 82
      vertex 44 1.4 82
    endloop
  endfacet
  facet normal -0.0523368 -0.998629 -0
    outer loop
      vertex 44.1463 1.39233 82
      vertex 44 1.4 73.1
      vertex 44.1463 1.39233 73.1
    endloop
  endfacet
  facet normal 0.98769 -0.156425 0
    outer loop
      vertex 42.6077 0.146339 82
      vertex 42.6306 0.291076 73.1
      vertex 42.6306 0.291076 82
    endloop
  endfacet
  facet normal 0.98769 -0.156425 0
    outer loop
      vertex 42.6306 0.291076 73.1
      vertex 42.6077 0.146339 82
      vertex 42.6077 0.146339 73.1
    endloop
  endfacet
  facet normal 0.707097 -0.707117 0
    outer loop
      vertex 42.9596 0.936783 73.1
      vertex 43.0632 1.0404 82
      vertex 42.9596 0.936783 82
    endloop
  endfacet
  facet normal 0.707097 -0.707117 0
    outer loop
      vertex 43.0632 1.0404 82
      vertex 42.9596 0.936783 73.1
      vertex 43.0632 1.0404 73.1
    endloop
  endfacet
  facet normal 0.0523368 -0.998629 0
    outer loop
      vertex 43.8537 1.39233 73.1
      vertex 44 1.4 82
      vertex 43.8537 1.39233 82
    endloop
  endfacet
  facet normal 0.0523368 -0.998629 0
    outer loop
      vertex 44 1.4 82
      vertex 43.8537 1.39233 73.1
      vertex 44 1.4 73.1
    endloop
  endfacet
  facet normal -0.998629 0.0523498 0
    outer loop
      vertex 45.3923 -0.146339 73.1
      vertex 45.4 0 82
      vertex 45.4 0 73.1
    endloop
  endfacet
  facet normal -0.998629 0.0523498 0
    outer loop
      vertex 45.4 0 82
      vertex 45.3923 -0.146339 73.1
      vertex 45.3923 -0.146339 82
    endloop
  endfacet
  facet normal -0.77715 0.629316 0
    outer loop
      vertex 45.0404 -0.936783 73.1
      vertex 45.1326 -0.822899 82
      vertex 45.1326 -0.822899 73.1
    endloop
  endfacet
  facet normal -0.77715 0.629316 0
    outer loop
      vertex 45.1326 -0.822899 82
      vertex 45.0404 -0.936783 73.1
      vertex 45.0404 -0.936783 82
    endloop
  endfacet
  facet normal 0.0523368 0.998629 -0
    outer loop
      vertex 44 -1.4 73.1
      vertex 43.8537 -1.39233 82
      vertex 44 -1.4 82
    endloop
  endfacet
  facet normal 0.0523368 0.998629 0
    outer loop
      vertex 43.8537 -1.39233 82
      vertex 44 -1.4 73.1
      vertex 43.8537 -1.39233 73.1
    endloop
  endfacet
  facet normal 0.62932 0.777147 -0
    outer loop
      vertex 43.1771 -1.13262 73.1
      vertex 43.0632 -1.0404 82
      vertex 43.1771 -1.13262 82
    endloop
  endfacet
  facet normal 0.62932 0.777147 0
    outer loop
      vertex 43.0632 -1.0404 82
      vertex 43.1771 -1.13262 73.1
      vertex 43.0632 -1.0404 73.1
    endloop
  endfacet
  facet normal 0 0 1
    outer loop
      vertex 45.3923 0.146339 73.1
      vertex 45.3923 -0.146339 73.1
      vertex 45.4 0 73.1
    endloop
  endfacet
  facet normal 0 0 1
    outer loop
      vertex 45.3694 0.291076 73.1
      vertex 45.3923 -0.146339 73.1
      vertex 45.3923 0.146339 73.1
    endloop
  endfacet
  facet normal 0 0 1
    outer loop
      vertex 45.3694 0.291076 73.1
      vertex 45.3694 -0.291076 73.1
      vertex 45.3923 -0.146339 73.1
    endloop
  endfacet
  facet normal 0 0 1
    outer loop
      vertex 45.3315 0.432623 73.1
      vertex 45.3694 -0.291076 73.1
      vertex 45.3694 0.291076 73.1
    endloop
  endfacet
  facet normal 0 0 1
    outer loop
      vertex 45.3315 0.432623 73.1
      vertex 45.3315 -0.432623 73.1
      vertex 45.3694 -0.291076 73.1
    endloop
  endfacet
  facet normal 0 0 1
    outer loop
      vertex 45.279 0.56943 73.1
      vertex 45.3315 -0.432623 73.1
      vertex 45.3315 0.432623 73.1
    endloop
  endfacet
  facet normal 0 0 1
    outer loop
      vertex 45.279 0.56943 73.1
      vertex 45.279 -0.56943 73.1
      vertex 45.3315 -0.432623 73.1
    endloop
  endfacet
  facet normal 0 0 1
    outer loop
      vertex 45.2124 0.7 73.1
      vertex 45.279 -0.56943 73.1
      vertex 45.279 0.56943 73.1
    endloop
  endfacet
  facet normal 0 0 1
    outer loop
      vertex 45.2124 0.7 73.1
      vertex 45.2124 -0.7 73.1
      vertex 45.279 -0.56943 73.1
    endloop
  endfacet
  facet normal 0 0 1
    outer loop
      vertex 45.1326 0.822899 73.1
      vertex 45.2124 -0.7 73.1
      vertex 45.2124 0.7 73.1
    endloop
  endfacet
  facet normal 0 0 1
    outer loop
      vertex 45.1326 0.822899 73.1
      vertex 45.1326 -0.822899 73.1
      vertex 45.2124 -0.7 73.1
    endloop
  endfacet
  facet normal 0 0 1
    outer loop
      vertex 45.0404 0.936783 73.1
      vertex 45.1326 -0.822899 73.1
      vertex 45.1326 0.822899 73.1
    endloop
  endfacet
  facet normal 0 0 1
    outer loop
      vertex 45.0404 0.936783 73.1
      vertex 45.0404 -0.936783 73.1
      vertex 45.1326 -0.822899 73.1
    endloop
  endfacet
  facet normal 0 0 1
    outer loop
      vertex 44.9368 1.0404 73.1
      vertex 45.0404 -0.936783 73.1
      vertex 45.0404 0.936783 73.1
    endloop
  endfacet
  facet normal 0 0 1
    outer loop
      vertex 44.9368 1.0404 73.1
      vertex 44.9368 -1.0404 73.1
      vertex 45.0404 -0.936783 73.1
    endloop
  endfacet
  facet normal 0 0 1
    outer loop
      vertex 44.8229 1.13262 73.1
      vertex 44.9368 -1.0404 73.1
      vertex 44.9368 1.0404 73.1
    endloop
  endfacet
  facet normal 0 0 1
    outer loop
      vertex 44.8229 1.13262 73.1
      vertex 44.8229 -1.13262 73.1
      vertex 44.9368 -1.0404 73.1
    endloop
  endfacet
  facet normal 0 0 1
    outer loop
      vertex 44.7 1.21243 73.1
      vertex 44.8229 -1.13262 73.1
      vertex 44.8229 1.13262 73.1
    endloop
  endfacet
  facet normal 0 0 1
    outer loop
      vertex 44.7 1.21243 73.1
      vertex 44.7 -1.21243 73.1
      vertex 44.8229 -1.13262 73.1
    endloop
  endfacet
  facet normal 0 0 1
    outer loop
      vertex 44.5694 1.27896 73.1
      vertex 44.7 -1.21243 73.1
      vertex 44.7 1.21243 73.1
    endloop
  endfacet
  facet normal 0 0 1
    outer loop
      vertex 44.5694 1.27896 73.1
      vertex 44.5694 -1.27896 73.1
      vertex 44.7 -1.21243 73.1
    endloop
  endfacet
  facet normal 0 0 1
    outer loop
      vertex 44.4326 1.33148 73.1
      vertex 44.5694 -1.27896 73.1
      vertex 44.5694 1.27896 73.1
    endloop
  endfacet
  facet normal 0 0 1
    outer loop
      vertex 44.4326 1.33148 73.1
      vertex 44.4326 -1.33148 73.1
      vertex 44.5694 -1.27896 73.1
    endloop
  endfacet
  facet normal 0 0 1
    outer loop
      vertex 44.2911 1.36941 73.1
      vertex 44.4326 -1.33148 73.1
      vertex 44.4326 1.33148 73.1
    endloop
  endfacet
  facet normal 0 0 1
    outer loop
      vertex 44.2911 1.36941 73.1
      vertex 44.2911 -1.36941 73.1
      vertex 44.4326 -1.33148 73.1
    endloop
  endfacet
  facet normal 0 0 1
    outer loop
      vertex 44.1463 1.39233 73.1
      vertex 44.2911 -1.36941 73.1
      vertex 44.2911 1.36941 73.1
    endloop
  endfacet
  facet normal 0 0 1
    outer loop
      vertex 44.1463 1.39233 73.1
      vertex 44.1463 -1.39233 73.1
      vertex 44.2911 -1.36941 73.1
    endloop
  endfacet
  facet normal 0 0 1
    outer loop
      vertex 44 1.4 73.1
      vertex 44.1463 -1.39233 73.1
      vertex 44.1463 1.39233 73.1
    endloop
  endfacet
  facet normal 0 0 1
    outer loop
      vertex 44 1.4 73.1
      vertex 44 -1.4 73.1
      vertex 44.1463 -1.39233 73.1
    endloop
  endfacet
  facet normal -0 0 1
    outer loop
      vertex 43.8537 1.39233 73.1
      vertex 44 -1.4 73.1
      vertex 44 1.4 73.1
    endloop
  endfacet
  facet normal 0 0 1
    outer loop
      vertex 43.8537 1.39233 73.1
      vertex 43.8537 -1.39233 73.1
      vertex 44 -1.4 73.1
    endloop
  endfacet
  facet normal -0 0 1
    outer loop
      vertex 43.7089 1.36941 73.1
      vertex 43.8537 -1.39233 73.1
      vertex 43.8537 1.39233 73.1
    endloop
  endfacet
  facet normal 0 0 1
    outer loop
      vertex 43.7089 1.36941 73.1
      vertex 43.7089 -1.36941 73.1
      vertex 43.8537 -1.39233 73.1
    endloop
  endfacet
  facet normal -0 0 1
    outer loop
      vertex 43.5674 1.33148 73.1
      vertex 43.7089 -1.36941 73.1
      vertex 43.7089 1.36941 73.1
    endloop
  endfacet
  facet normal 0 0 1
    outer loop
      vertex 43.5674 1.33148 73.1
      vertex 43.5674 -1.33148 73.1
      vertex 43.7089 -1.36941 73.1
    endloop
  endfacet
  facet normal -0 0 1
    outer loop
      vertex 43.4306 1.27896 73.1
      vertex 43.5674 -1.33148 73.1
      vertex 43.5674 1.33148 73.1
    endloop
  endfacet
  facet normal 0 0 1
    outer loop
      vertex 43.4306 1.27896 73.1
      vertex 43.4306 -1.27896 73.1
      vertex 43.5674 -1.33148 73.1
    endloop
  endfacet
  facet normal -0 0 1
    outer loop
      vertex 43.3 1.21243 73.1
      vertex 43.4306 -1.27896 73.1
      vertex 43.4306 1.27896 73.1
    endloop
  endfacet
  facet normal 0 0 1
    outer loop
      vertex 43.3 1.21243 73.1
      vertex 43.3 -1.21243 73.1
      vertex 43.4306 -1.27896 73.1
    endloop
  endfacet
  facet normal -0 0 1
    outer loop
      vertex 43.1771 1.13262 73.1
      vertex 43.3 -1.21243 73.1
      vertex 43.3 1.21243 73.1
    endloop
  endfacet
  facet normal 0 0 1
    outer loop
      vertex 43.1771 1.13262 73.1
      vertex 43.1771 -1.13262 73.1
      vertex 43.3 -1.21243 73.1
    endloop
  endfacet
  facet normal -0 0 1
    outer loop
      vertex 43.0632 1.0404 73.1
      vertex 43.1771 -1.13262 73.1
      vertex 43.1771 1.13262 73.1
    endloop
  endfacet
  facet normal 0 0 1
    outer loop
      vertex 43.0632 1.0404 73.1
      vertex 43.0632 -1.0404 73.1
      vertex 43.1771 -1.13262 73.1
    endloop
  endfacet
  facet normal -0 0 1
    outer loop
      vertex 42.9596 0.936783 73.1
      vertex 43.0632 -1.0404 73.1
      vertex 43.0632 1.0404 73.1
    endloop
  endfacet
  facet normal 0 0 1
    outer loop
      vertex 42.9596 0.936783 73.1
      vertex 42.9596 -0.936783 73.1
      vertex 43.0632 -1.0404 73.1
    endloop
  endfacet
  facet normal -0 0 1
    outer loop
      vertex 42.8674 0.822899 73.1
      vertex 42.9596 -0.936783 73.1
      vertex 42.9596 0.936783 73.1
    endloop
  endfacet
  facet normal 0 0 1
    outer loop
      vertex 42.8674 0.822899 73.1
      vertex 42.8674 -0.822899 73.1
      vertex 42.9596 -0.936783 73.1
    endloop
  endfacet
  facet normal -0 0 1
    outer loop
      vertex 42.7876 0.7 73.1
      vertex 42.8674 -0.822899 73.1
      vertex 42.8674 0.822899 73.1
    endloop
  endfacet
  facet normal 0 0 1
    outer loop
      vertex 42.7876 0.7 73.1
      vertex 42.7876 -0.7 73.1
      vertex 42.8674 -0.822899 73.1
    endloop
  endfacet
  facet normal -0 0 1
    outer loop
      vertex 42.721 0.56943 73.1
      vertex 42.7876 -0.7 73.1
      vertex 42.7876 0.7 73.1
    endloop
  endfacet
  facet normal 0 0 1
    outer loop
      vertex 42.721 0.56943 73.1
      vertex 42.721 -0.56943 73.1
      vertex 42.7876 -0.7 73.1
    endloop
  endfacet
  facet normal -0 0 1
    outer loop
      vertex 42.6685 0.432623 73.1
      vertex 42.721 -0.56943 73.1
      vertex 42.721 0.56943 73.1
    endloop
  endfacet
  facet normal 0 0 1
    outer loop
      vertex 42.6685 0.432623 73.1
      vertex 42.6685 -0.432623 73.1
      vertex 42.721 -0.56943 73.1
    endloop
  endfacet
  facet normal -0 0 1
    outer loop
      vertex 42.6306 0.291076 73.1
      vertex 42.6685 -0.432623 73.1
      vertex 42.6685 0.432623 73.1
    endloop
  endfacet
  facet normal 0 0 1
    outer loop
      vertex 42.6306 0.291076 73.1
      vertex 42.6306 -0.291076 73.1
      vertex 42.6685 -0.432623 73.1
    endloop
  endfacet
  facet normal -0 0 1
    outer loop
      vertex 42.6077 0.146339 73.1
      vertex 42.6306 -0.291076 73.1
      vertex 42.6306 0.291076 73.1
    endloop
  endfacet
  facet normal 0 0 1
    outer loop
      vertex 42.6077 0.146339 73.1
      vertex 42.6077 -0.146339 73.1
      vertex 42.6306 -0.291076 73.1
    endloop
  endfacet
  facet normal 0 -0 1
    outer loop
      vertex 42.6077 -0.146339 73.1
      vertex 42.6077 0.146339 73.1
      vertex 42.6 0 73.1
    endloop
  endfacet
  facet normal 0.707097 0.707117 -0
    outer loop
      vertex 43.0632 -1.0404 73.1
      vertex 42.9596 -0.936783 82
      vertex 43.0632 -1.0404 82
    endloop
  endfacet
  facet normal 0.707097 0.707117 0
    outer loop
      vertex 42.9596 -0.936783 82
      vertex 43.0632 -1.0404 73.1
      vertex 42.9596 -0.936783 73.1
    endloop
  endfacet
  facet normal -0.98769 -0.156425 0
    outer loop
      vertex 45.3923 0.146339 73.1
      vertex 45.3694 0.291076 82
      vertex 45.3694 0.291076 73.1
    endloop
  endfacet
  facet normal -0.98769 -0.156425 0
    outer loop
      vertex 45.3694 0.291076 82
      vertex 45.3923 0.146339 73.1
      vertex 45.3923 0.146339 82
    endloop
  endfacet
  facet normal -0.965922 -0.258832 0
    outer loop
      vertex 45.3694 0.291076 73.1
      vertex 45.3315 0.432623 82
      vertex 45.3315 0.432623 73.1
    endloop
  endfacet
  facet normal -0.965922 -0.258832 0
    outer loop
      vertex 45.3315 0.432623 82
      vertex 45.3694 0.291076 73.1
      vertex 45.3694 0.291076 82
    endloop
  endfacet
  facet normal -0.933577 -0.358377 0
    outer loop
      vertex 45.3315 0.432623 73.1
      vertex 45.279 0.56943 82
      vertex 45.279 0.56943 73.1
    endloop
  endfacet
  facet normal -0.933577 -0.358377 0
    outer loop
      vertex 45.279 0.56943 82
      vertex 45.3315 0.432623 73.1
      vertex 45.3315 0.432623 82
    endloop
  endfacet
  facet normal -0.77715 -0.629316 0
    outer loop
      vertex 45.1326 0.822899 73.1
      vertex 45.0404 0.936783 82
      vertex 45.0404 0.936783 73.1
    endloop
  endfacet
  facet normal -0.77715 -0.629316 0
    outer loop
      vertex 45.0404 0.936783 82
      vertex 45.1326 0.822899 73.1
      vertex 45.1326 0.822899 82
    endloop
  endfacet
  facet normal -0.70711 -0.707104 0
    outer loop
      vertex 45.0404 0.936783 73.1
      vertex 44.9368 1.0404 82
      vertex 44.9368 1.0404 73.1
    endloop
  endfacet
  facet normal -0.70711 -0.707104 0
    outer loop
      vertex 44.9368 1.0404 82
      vertex 45.0404 0.936783 73.1
      vertex 45.0404 0.936783 82
    endloop
  endfacet
  facet normal -0.54464 -0.83867 0
    outer loop
      vertex 44.7 1.21243 73.1
      vertex 44.8229 1.13262 82
      vertex 44.7 1.21243 82
    endloop
  endfacet
  facet normal -0.54464 -0.83867 -0
    outer loop
      vertex 44.8229 1.13262 82
      vertex 44.7 1.21243 73.1
      vertex 44.8229 1.13262 73.1
    endloop
  endfacet
  facet normal -0.45399 -0.891007 0
    outer loop
      vertex 44.5694 1.27896 73.1
      vertex 44.7 1.21243 82
      vertex 44.5694 1.27896 82
    endloop
  endfacet
  facet normal -0.45399 -0.891007 -0
    outer loop
      vertex 44.7 1.21243 82
      vertex 44.5694 1.27896 73.1
      vertex 44.7 1.21243 73.1
    endloop
  endfacet
  facet normal -0.258812 -0.965928 0
    outer loop
      vertex 44.2911 1.36941 73.1
      vertex 44.4326 1.33148 82
      vertex 44.2911 1.36941 82
    endloop
  endfacet
  facet normal -0.258812 -0.965928 -0
    outer loop
      vertex 44.4326 1.33148 82
      vertex 44.2911 1.36941 73.1
      vertex 44.4326 1.33148 73.1
    endloop
  endfacet
  facet normal -0.156436 -0.987688 0
    outer loop
      vertex 44.1463 1.39233 73.1
      vertex 44.2911 1.36941 82
      vertex 44.1463 1.39233 82
    endloop
  endfacet
  facet normal -0.156436 -0.987688 -0
    outer loop
      vertex 44.2911 1.36941 82
      vertex 44.1463 1.39233 73.1
      vertex 44.2911 1.36941 73.1
    endloop
  endfacet
  facet normal 0.998629 -0.0523498 0
    outer loop
      vertex 42.6 0 82
      vertex 42.6077 0.146339 73.1
      vertex 42.6077 0.146339 82
    endloop
  endfacet
  facet normal 0.998629 -0.0523498 0
    outer loop
      vertex 42.6077 0.146339 73.1
      vertex 42.6 0 82
      vertex 42.6 0 73.1
    endloop
  endfacet
  facet normal 0.933577 -0.358377 0
    outer loop
      vertex 42.6685 0.432623 82
      vertex 42.721 0.56943 73.1
      vertex 42.721 0.56943 82
    endloop
  endfacet
  facet normal 0.933577 -0.358377 0
    outer loop
      vertex 42.721 0.56943 73.1
      vertex 42.6685 0.432623 82
      vertex 42.6685 0.432623 73.1
    endloop
  endfacet
  facet normal 0.965929 -0.258808 0
    outer loop
      vertex 42.6306 0.291076 82
      vertex 42.6685 0.432623 73.1
      vertex 42.6685 0.432623 82
    endloop
  endfacet
  facet normal 0.965929 -0.258808 0
    outer loop
      vertex 42.6685 0.432623 73.1
      vertex 42.6306 0.291076 82
      vertex 42.6306 0.291076 73.1
    endloop
  endfacet
  facet normal 0.838672 -0.544637 0
    outer loop
      vertex 42.7876 0.7 82
      vertex 42.8674 0.822899 73.1
      vertex 42.8674 0.822899 82
    endloop
  endfacet
  facet normal 0.838672 -0.544637 0
    outer loop
      vertex 42.8674 0.822899 73.1
      vertex 42.7876 0.7 82
      vertex 42.7876 0.7 73.1
    endloop
  endfacet
  facet normal 0.77715 -0.629316 0
    outer loop
      vertex 42.8674 0.822899 82
      vertex 42.9596 0.936783 73.1
      vertex 42.9596 0.936783 82
    endloop
  endfacet
  facet normal 0.77715 -0.629316 0
    outer loop
      vertex 42.9596 0.936783 73.1
      vertex 42.8674 0.822899 82
      vertex 42.8674 0.822899 73.1
    endloop
  endfacet
  facet normal 0.156436 -0.987688 0
    outer loop
      vertex 43.7089 1.36941 73.1
      vertex 43.8537 1.39233 82
      vertex 43.7089 1.36941 82
    endloop
  endfacet
  facet normal 0.156436 -0.987688 0
    outer loop
      vertex 43.8537 1.39233 82
      vertex 43.7089 1.36941 73.1
      vertex 43.8537 1.39233 73.1
    endloop
  endfacet
  facet normal 0.45399 -0.891007 0
    outer loop
      vertex 43.3 1.21243 73.1
      vertex 43.4306 1.27896 82
      vertex 43.3 1.21243 82
    endloop
  endfacet
  facet normal 0.45399 -0.891007 0
    outer loop
      vertex 43.4306 1.27896 82
      vertex 43.3 1.21243 73.1
      vertex 43.4306 1.27896 73.1
    endloop
  endfacet
  facet normal 0.54464 -0.83867 0
    outer loop
      vertex 43.1771 1.13262 73.1
      vertex 43.3 1.21243 82
      vertex 43.1771 1.13262 82
    endloop
  endfacet
  facet normal 0.54464 -0.83867 0
    outer loop
      vertex 43.3 1.21243 82
      vertex 43.1771 1.13262 73.1
      vertex 43.3 1.21243 73.1
    endloop
  endfacet
  facet normal 0.358373 -0.933578 0
    outer loop
      vertex 43.4306 1.27896 73.1
      vertex 43.5674 1.33148 82
      vertex 43.4306 1.27896 82
    endloop
  endfacet
  facet normal 0.358373 -0.933578 0
    outer loop
      vertex 43.5674 1.33148 82
      vertex 43.4306 1.27896 73.1
      vertex 43.5674 1.33148 73.1
    endloop
  endfacet
  facet normal 0.62932 -0.777147 0
    outer loop
      vertex 43.0632 1.0404 73.1
      vertex 43.1771 1.13262 82
      vertex 43.0632 1.0404 82
    endloop
  endfacet
  facet normal 0.62932 -0.777147 0
    outer loop
      vertex 43.1771 1.13262 82
      vertex 43.0632 1.0404 73.1
      vertex 43.1771 1.13262 73.1
    endloop
  endfacet
  facet normal -0.998629 -0.0523498 0
    outer loop
      vertex 45.4 0 73.1
      vertex 45.3923 0.146339 82
      vertex 45.3923 0.146339 73.1
    endloop
  endfacet
  facet normal -0.998629 -0.0523498 0
    outer loop
      vertex 45.3923 0.146339 82
      vertex 45.4 0 73.1
      vertex 45.4 0 82
    endloop
  endfacet
  facet normal -0.0523368 0.998629 0
    outer loop
      vertex 44.1463 -1.39233 73.1
      vertex 44 -1.4 82
      vertex 44.1463 -1.39233 82
    endloop
  endfacet
  facet normal -0.0523368 0.998629 0
    outer loop
      vertex 44 -1.4 82
      vertex 44.1463 -1.39233 73.1
      vertex 44 -1.4 73.1
    endloop
  endfacet
  facet normal -0.965922 0.258832 0
    outer loop
      vertex 45.3315 -0.432623 73.1
      vertex 45.3694 -0.291076 82
      vertex 45.3694 -0.291076 73.1
    endloop
  endfacet
  facet normal -0.965922 0.258832 0
    outer loop
      vertex 45.3694 -0.291076 82
      vertex 45.3315 -0.432623 73.1
      vertex 45.3315 -0.432623 82
    endloop
  endfacet
  facet normal -0.258812 0.965928 0
    outer loop
      vertex 44.4326 -1.33148 73.1
      vertex 44.2911 -1.36941 82
      vertex 44.4326 -1.33148 82
    endloop
  endfacet
  facet normal -0.258812 0.965928 0
    outer loop
      vertex 44.2911 -1.36941 82
      vertex 44.4326 -1.33148 73.1
      vertex 44.2911 -1.36941 73.1
    endloop
  endfacet
  facet normal -0.62932 0.777147 0
    outer loop
      vertex 44.9368 -1.0404 73.1
      vertex 44.8229 -1.13262 82
      vertex 44.9368 -1.0404 82
    endloop
  endfacet
  facet normal -0.62932 0.777147 0
    outer loop
      vertex 44.8229 -1.13262 82
      vertex 44.9368 -1.0404 73.1
      vertex 44.8229 -1.13262 73.1
    endloop
  endfacet
  facet normal -0.45399 0.891007 0
    outer loop
      vertex 44.7 -1.21243 73.1
      vertex 44.5694 -1.27896 82
      vertex 44.7 -1.21243 82
    endloop
  endfacet
  facet normal -0.45399 0.891007 0
    outer loop
      vertex 44.5694 -1.27896 82
      vertex 44.7 -1.21243 73.1
      vertex 44.5694 -1.27896 73.1
    endloop
  endfacet
  facet normal -0.891007 0.45399 0
    outer loop
      vertex 45.2124 -0.7 73.1
      vertex 45.279 -0.56943 82
      vertex 45.279 -0.56943 73.1
    endloop
  endfacet
  facet normal -0.891007 0.45399 0
    outer loop
      vertex 45.279 -0.56943 82
      vertex 45.2124 -0.7 73.1
      vertex 45.2124 -0.7 82
    endloop
  endfacet
  facet normal 0.258812 0.965928 -0
    outer loop
      vertex 43.7089 -1.36941 73.1
      vertex 43.5674 -1.33148 82
      vertex 43.7089 -1.36941 82
    endloop
  endfacet
  facet normal 0.258812 0.965928 0
    outer loop
      vertex 43.5674 -1.33148 82
      vertex 43.7089 -1.36941 73.1
      vertex 43.5674 -1.33148 73.1
    endloop
  endfacet
  facet normal 0.45399 0.891007 -0
    outer loop
      vertex 43.4306 -1.27896 73.1
      vertex 43.3 -1.21243 82
      vertex 43.4306 -1.27896 82
    endloop
  endfacet
  facet normal 0.45399 0.891007 0
    outer loop
      vertex 43.3 -1.21243 82
      vertex 43.4306 -1.27896 73.1
      vertex 43.3 -1.21243 73.1
    endloop
  endfacet
  facet normal 0.965929 0.258808 0
    outer loop
      vertex 42.6685 -0.432623 82
      vertex 42.6306 -0.291076 73.1
      vertex 42.6306 -0.291076 82
    endloop
  endfacet
  facet normal 0.965929 0.258808 0
    outer loop
      vertex 42.6306 -0.291076 73.1
      vertex 42.6685 -0.432623 82
      vertex 42.6685 -0.432623 73.1
    endloop
  endfacet
  facet normal 0.998629 0.0523498 0
    outer loop
      vertex 42.6077 -0.146339 82
      vertex 42.6 0 73.1
      vertex 42.6 0 82
    endloop
  endfacet
  facet normal 0.998629 0.0523498 0
    outer loop
      vertex 42.6 0 73.1
      vertex 42.6077 -0.146339 82
      vertex 42.6077 -0.146339 73.1
    endloop
  endfacet
  facet normal 0.77715 0.629316 0
    outer loop
      vertex 42.9596 -0.936783 82
      vertex 42.8674 -0.822899 73.1
      vertex 42.8674 -0.822899 82
    endloop
  endfacet
  facet normal 0.77715 0.629316 0
    outer loop
      vertex 42.8674 -0.822899 73.1
      vertex 42.9596 -0.936783 82
      vertex 42.9596 -0.936783 73.1
    endloop
  endfacet
  facet normal 0.838672 0.544637 0
    outer loop
      vertex 42.8674 -0.822899 82
      vertex 42.7876 -0.7 73.1
      vertex 42.7876 -0.7 82
    endloop
  endfacet
  facet normal 0.838672 0.544637 0
    outer loop
      vertex 42.7876 -0.7 73.1
      vertex 42.8674 -0.822899 82
      vertex 42.8674 -0.822899 73.1
    endloop
  endfacet
  facet normal 0.891007 0.45399 0
    outer loop
      vertex 42.7876 -0.7 82
      vertex 42.721 -0.56943 73.1
      vertex 42.721 -0.56943 82
    endloop
  endfacet
  facet normal 0.891007 0.45399 0
    outer loop
      vertex 42.721 -0.56943 73.1
      vertex 42.7876 -0.7 82
      vertex 42.7876 -0.7 73.1
    endloop
  endfacet
  facet normal -0.98769 0.156425 0
    outer loop
      vertex 45.3694 -0.291076 73.1
      vertex 45.3923 -0.146339 82
      vertex 45.3923 -0.146339 73.1
    endloop
  endfacet
  facet normal -0.98769 0.156425 0
    outer loop
      vertex 45.3923 -0.146339 82
      vertex 45.3694 -0.291076 73.1
      vertex 45.3694 -0.291076 82
    endloop
  endfacet
  facet normal -0.156436 0.987688 0
    outer loop
      vertex 44.2911 -1.36941 73.1
      vertex 44.1463 -1.39233 82
      vertex 44.2911 -1.36941 82
    endloop
  endfacet
  facet normal -0.156436 0.987688 0
    outer loop
      vertex 44.1463 -1.39233 82
      vertex 44.2911 -1.36941 73.1
      vertex 44.1463 -1.39233 73.1
    endloop
  endfacet
  facet normal -0.358373 0.933578 0
    outer loop
      vertex 44.5694 -1.27896 73.1
      vertex 44.4326 -1.33148 82
      vertex 44.5694 -1.27896 82
    endloop
  endfacet
  facet normal -0.358373 0.933578 0
    outer loop
      vertex 44.4326 -1.33148 82
      vertex 44.5694 -1.27896 73.1
      vertex 44.4326 -1.33148 73.1
    endloop
  endfacet
  facet normal -0.70711 0.707104 0
    outer loop
      vertex 44.9368 -1.0404 73.1
      vertex 45.0404 -0.936783 82
      vertex 45.0404 -0.936783 73.1
    endloop
  endfacet
  facet normal -0.70711 0.707104 0
    outer loop
      vertex 45.0404 -0.936783 82
      vertex 44.9368 -1.0404 73.1
      vertex 44.9368 -1.0404 82
    endloop
  endfacet
  facet normal -0.54464 0.83867 0
    outer loop
      vertex 44.8229 -1.13262 73.1
      vertex 44.7 -1.21243 82
      vertex 44.8229 -1.13262 82
    endloop
  endfacet
  facet normal -0.54464 0.83867 0
    outer loop
      vertex 44.7 -1.21243 82
      vertex 44.8229 -1.13262 73.1
      vertex 44.7 -1.21243 73.1
    endloop
  endfacet
  facet normal -0.933577 0.358377 0
    outer loop
      vertex 45.279 -0.56943 73.1
      vertex 45.3315 -0.432623 82
      vertex 45.3315 -0.432623 73.1
    endloop
  endfacet
  facet normal -0.933577 0.358377 0
    outer loop
      vertex 45.3315 -0.432623 82
      vertex 45.279 -0.56943 73.1
      vertex 45.279 -0.56943 82
    endloop
  endfacet
  facet normal -0.838672 0.544637 0
    outer loop
      vertex 45.1326 -0.822899 73.1
      vertex 45.2124 -0.7 82
      vertex 45.2124 -0.7 73.1
    endloop
  endfacet
  facet normal -0.838672 0.544637 0
    outer loop
      vertex 45.2124 -0.7 82
      vertex 45.1326 -0.822899 73.1
      vertex 45.1326 -0.822899 82
    endloop
  endfacet
  facet normal 0.156436 0.987688 -0
    outer loop
      vertex 43.8537 -1.39233 73.1
      vertex 43.7089 -1.36941 82
      vertex 43.8537 -1.39233 82
    endloop
  endfacet
  facet normal 0.156436 0.987688 0
    outer loop
      vertex 43.7089 -1.36941 82
      vertex 43.8537 -1.39233 73.1
      vertex 43.7089 -1.36941 73.1
    endloop
  endfacet
  facet normal 0.54464 0.83867 -0
    outer loop
      vertex 43.3 -1.21243 73.1
      vertex 43.1771 -1.13262 82
      vertex 43.3 -1.21243 82
    endloop
  endfacet
  facet normal 0.54464 0.83867 0
    outer loop
      vertex 43.1771 -1.13262 82
      vertex 43.3 -1.21243 73.1
      vertex 43.1771 -1.13262 73.1
    endloop
  endfacet
  facet normal 0.933577 0.358377 0
    outer loop
      vertex 42.721 -0.56943 82
      vertex 42.6685 -0.432623 73.1
      vertex 42.6685 -0.432623 82
    endloop
  endfacet
  facet normal 0.933577 0.358377 0
    outer loop
      vertex 42.6685 -0.432623 73.1
      vertex 42.721 -0.56943 82
      vertex 42.721 -0.56943 73.1
    endloop
  endfacet
  facet normal 0.98769 0.156425 0
    outer loop
      vertex 42.6306 -0.291076 82
      vertex 42.6077 -0.146339 73.1
      vertex 42.6077 -0.146339 82
    endloop
  endfacet
  facet normal 0.98769 0.156425 0
    outer loop
      vertex 42.6077 -0.146339 73.1
      vertex 42.6306 -0.291076 82
      vertex 42.6306 -0.291076 73.1
    endloop
  endfacet
endsolid OpenSCAD_Model
