solid OpenSCAD_Model
  facet normal 0.99863 0.0523357 0
    outer loop
      vertex 31.15 0 13
      vertex 31.1369 0.250868 9
      vertex 31.1369 0.250868 13
    endloop
  endfacet
  facet normal 0.99863 0.0523357 0
    outer loop
      vertex 31.1369 0.250868 9
      vertex 31.15 0 13
      vertex 31.15 0 9
    endloop
  endfacet
  facet normal -0.998629 0.0523432 0
    outer loop
      vertex 26.35 0 9
      vertex 26.3631 0.250868 13
      vertex 26.3631 0.250868 9
    endloop
  endfacet
  facet normal -0.998629 0.0523432 0
    outer loop
      vertex 26.3631 0.250868 13
      vertex 26.35 0 9
      vertex 26.35 0 13
    endloop
  endfacet
  facet normal -0.0523353 0.99863 0
    outer loop
      vertex 28.75 2.4 9
      vertex 28.4991 2.38685 13
      vertex 28.75 2.4 13
    endloop
  endfacet
  facet normal -0.0523353 0.99863 0
    outer loop
      vertex 28.4991 2.38685 13
      vertex 28.75 2.4 9
      vertex 28.4991 2.38685 9
    endloop
  endfacet
  facet normal 0.707109 0.707105 0
    outer loop
      vertex 30.5335 1.60591 13
      vertex 30.3559 1.78355 9
      vertex 30.3559 1.78355 13
    endloop
  endfacet
  facet normal 0.707109 0.707105 0
    outer loop
      vertex 30.3559 1.78355 9
      vertex 30.5335 1.60591 13
      vertex 30.5335 1.60591 9
    endloop
  endfacet
  facet normal -0.707109 0.707105 0
    outer loop
      vertex 26.9665 1.60591 9
      vertex 27.1441 1.78355 13
      vertex 27.1441 1.78355 9
    endloop
  endfacet
  facet normal -0.707109 0.707105 0
    outer loop
      vertex 27.1441 1.78355 13
      vertex 26.9665 1.60591 9
      vertex 26.9665 1.60591 13
    endloop
  endfacet
  facet normal -0.453992 0.891006 0
    outer loop
      vertex 27.7738 2.19251 9
      vertex 27.55 2.07846 13
      vertex 27.7738 2.19251 13
    endloop
  endfacet
  facet normal -0.453992 0.891006 0
    outer loop
      vertex 27.55 2.07846 13
      vertex 27.7738 2.19251 9
      vertex 27.55 2.07846 9
    endloop
  endfacet
  facet normal 0.891007 0.45399 0
    outer loop
      vertex 30.9425 0.976168 13
      vertex 30.8285 1.2 9
      vertex 30.8285 1.2 13
    endloop
  endfacet
  facet normal 0.891007 0.45399 0
    outer loop
      vertex 30.8285 1.2 9
      vertex 30.9425 0.976168 13
      vertex 30.9425 0.976168 9
    endloop
  endfacet
  facet normal 0.358368 0.93358 -0
    outer loop
      vertex 29.7262 2.19251 9
      vertex 29.4916 2.28254 13
      vertex 29.7262 2.19251 13
    endloop
  endfacet
  facet normal 0.358368 0.93358 0
    outer loop
      vertex 29.4916 2.28254 13
      vertex 29.7262 2.19251 9
      vertex 29.4916 2.28254 9
    endloop
  endfacet
  facet normal 0.544642 0.838669 -0
    outer loop
      vertex 30.1607 1.94164 9
      vertex 29.95 2.07846 13
      vertex 30.1607 1.94164 13
    endloop
  endfacet
  facet normal 0.544642 0.838669 0
    outer loop
      vertex 29.95 2.07846 13
      vertex 30.1607 1.94164 9
      vertex 29.95 2.07846 9
    endloop
  endfacet
  facet normal -0.93358 0.358368 0
    outer loop
      vertex 26.4675 0.74164 9
      vertex 26.5575 0.976168 13
      vertex 26.5575 0.976168 9
    endloop
  endfacet
  facet normal -0.93358 0.358368 0
    outer loop
      vertex 26.5575 0.976168 13
      vertex 26.4675 0.74164 9
      vertex 26.4675 0.74164 13
    endloop
  endfacet
  facet normal -0.965925 0.258823 0
    outer loop
      vertex 26.4024 0.498987 9
      vertex 26.4675 0.74164 13
      vertex 26.4675 0.74164 9
    endloop
  endfacet
  facet normal -0.965925 0.258823 0
    outer loop
      vertex 26.4675 0.74164 13
      vertex 26.4024 0.498987 9
      vertex 26.4024 0.498987 13
    endloop
  endfacet
  facet normal -0.258819 0.965926 0
    outer loop
      vertex 28.251 2.34755 9
      vertex 28.0084 2.28254 13
      vertex 28.251 2.34755 13
    endloop
  endfacet
  facet normal -0.258819 0.965926 0
    outer loop
      vertex 28.0084 2.28254 13
      vertex 28.251 2.34755 9
      vertex 28.0084 2.28254 9
    endloop
  endfacet
  facet normal 0.965927 -0.258816 0
    outer loop
      vertex 31.0325 -0.74164 13
      vertex 31.0976 -0.498987 9
      vertex 31.0976 -0.498987 13
    endloop
  endfacet
  facet normal 0.965927 -0.258816 0
    outer loop
      vertex 31.0976 -0.498987 9
      vertex 31.0325 -0.74164 13
      vertex 31.0325 -0.74164 9
    endloop
  endfacet
  facet normal -0.0523353 -0.99863 0
    outer loop
      vertex 28.4991 -2.38685 9
      vertex 28.75 -2.4 13
      vertex 28.4991 -2.38685 13
    endloop
  endfacet
  facet normal -0.0523353 -0.99863 -0
    outer loop
      vertex 28.75 -2.4 13
      vertex 28.4991 -2.38685 9
      vertex 28.75 -2.4 9
    endloop
  endfacet
  facet normal -0 0 1
    outer loop
      vertex 7.40582 3 9
      vertex 23.8918 -3 9
      vertex 23.8918 3 9
    endloop
  endfacet
  facet normal 0 0 1
    outer loop
      vertex 7.40582 3 9
      vertex 7.40582 -3 9
      vertex 23.8918 -3 9
    endloop
  endfacet
  facet normal 0 0 1
    outer loop
      vertex 2.96902 1.32189 9
      vertex 7.40582 3 9
      vertex 7.30836 3.25389 9
    endloop
  endfacet
  facet normal 0 0 1
    outer loop
      vertex 7.40582 3 9
      vertex 3.25 0 9
      vertex 7.40582 -3 9
    endloop
  endfacet
  facet normal 0 0 1
    outer loop
      vertex 2.96902 1.32189 9
      vertex 7.30836 3.25389 9
      vertex 6.9282 4 9
    endloop
  endfacet
  facet normal -0 0 1
    outer loop
      vertex 3.2322 -0.339717 9
      vertex 7.40582 -3 9
      vertex 3.25 0 9
    endloop
  endfacet
  facet normal 0 0 1
    outer loop
      vertex 2.81458 1.625 9
      vertex 6.9282 4 9
      vertex 6.47214 4.70228 9
    endloop
  endfacet
  facet normal -0 0 1
    outer loop
      vertex 3.17898 -0.675713 9
      vertex 7.40582 -3 9
      vertex 3.2322 -0.339717 9
    endloop
  endfacet
  facet normal 0 0 1
    outer loop
      vertex 2.6293 1.9103 9
      vertex 6.47214 4.70228 9
      vertex 5.94516 5.35304 9
    endloop
  endfacet
  facet normal -0 0 1
    outer loop
      vertex 3.09093 -1.0043 9
      vertex 7.40582 -3 9
      vertex 3.17898 -0.675713 9
    endloop
  endfacet
  facet normal 0 0 1
    outer loop
      vertex 2.41522 2.17467 9
      vertex 5.94516 5.35304 9
      vertex 5.35304 5.94516 9
    endloop
  endfacet
  facet normal -0 0 1
    outer loop
      vertex 2.96902 -1.32189 9
      vertex 7.40582 -3 9
      vertex 3.09093 -1.0043 9
    endloop
  endfacet
  facet normal 0 0 1
    outer loop
      vertex 2.17467 2.41522 9
      vertex 5.35304 5.94516 9
      vertex 4.70228 6.47214 9
    endloop
  endfacet
  facet normal 0 0 1
    outer loop
      vertex 7.40582 -3 9
      vertex 2.96902 -1.32189 9
      vertex 7.30836 -3.25389 9
    endloop
  endfacet
  facet normal 0 0 1
    outer loop
      vertex 1.9103 2.6293 9
      vertex 4.70228 6.47214 9
      vertex 4 6.9282 9
    endloop
  endfacet
  facet normal 0 0 1
    outer loop
      vertex 7.30836 -3.25389 9
      vertex 2.96902 -1.32189 9
      vertex 6.9282 -4 9
    endloop
  endfacet
  facet normal 0 0 1
    outer loop
      vertex 1.625 2.81458 9
      vertex 4 6.9282 9
      vertex 3.25389 7.30836 9
    endloop
  endfacet
  facet normal -0 0 1
    outer loop
      vertex 2.81458 -1.625 9
      vertex 6.9282 -4 9
      vertex 2.96902 -1.32189 9
    endloop
  endfacet
  facet normal 0 0 1
    outer loop
      vertex 6.9282 -4 9
      vertex 2.81458 -1.625 9
      vertex 6.47214 -4.70228 9
    endloop
  endfacet
  facet normal 0 0 1
    outer loop
      vertex 7.40582 3 9
      vertex 3.2322 0.339717 9
      vertex 3.25 0 9
    endloop
  endfacet
  facet normal 0 0 1
    outer loop
      vertex 7.40582 3 9
      vertex 3.17898 0.675713 9
      vertex 3.2322 0.339717 9
    endloop
  endfacet
  facet normal 0 0 1
    outer loop
      vertex 7.40582 3 9
      vertex 3.09093 1.0043 9
      vertex 3.17898 0.675713 9
    endloop
  endfacet
  facet normal 0 0 1
    outer loop
      vertex 7.40582 3 9
      vertex 2.96902 1.32189 9
      vertex 3.09093 1.0043 9
    endloop
  endfacet
  facet normal 0 0 1
    outer loop
      vertex 6.9282 4 9
      vertex 2.81458 1.625 9
      vertex 2.96902 1.32189 9
    endloop
  endfacet
  facet normal 0 0 1
    outer loop
      vertex 6.47214 4.70228 9
      vertex 2.6293 1.9103 9
      vertex 2.81458 1.625 9
    endloop
  endfacet
  facet normal 0 0 1
    outer loop
      vertex 1.32189 2.96902 9
      vertex 3.25389 7.30836 9
      vertex 2.47214 7.60845 9
    endloop
  endfacet
  facet normal 0 0 1
    outer loop
      vertex 5.94516 5.35304 9
      vertex 2.41522 2.17467 9
      vertex 2.6293 1.9103 9
    endloop
  endfacet
  facet normal 0 0 1
    outer loop
      vertex 5.35304 5.94516 9
      vertex 2.17467 2.41522 9
      vertex 2.41522 2.17467 9
    endloop
  endfacet
  facet normal 0 0 1
    outer loop
      vertex 4.70228 6.47214 9
      vertex 1.9103 2.6293 9
      vertex 2.17467 2.41522 9
    endloop
  endfacet
  facet normal 0 0 1
    outer loop
      vertex 1.0043 3.09093 9
      vertex 2.47214 7.60845 9
      vertex 1.66329 7.82518 9
    endloop
  endfacet
  facet normal 0 0 1
    outer loop
      vertex 4 6.9282 9
      vertex 1.625 2.81458 9
      vertex 1.9103 2.6293 9
    endloop
  endfacet
  facet normal 0 0 1
    outer loop
      vertex 3.25389 7.30836 9
      vertex 1.32189 2.96902 9
      vertex 1.625 2.81458 9
    endloop
  endfacet
  facet normal 0 0 1
    outer loop
      vertex 2.47214 7.60845 9
      vertex 1.0043 3.09093 9
      vertex 1.32189 2.96902 9
    endloop
  endfacet
  facet normal 0 0 1
    outer loop
      vertex 0.675713 3.17898 9
      vertex 1.66329 7.82518 9
      vertex 0.836227 7.95617 9
    endloop
  endfacet
  facet normal 0 0 1
    outer loop
      vertex 1.66329 7.82518 9
      vertex 0.675713 3.17898 9
      vertex 1.0043 3.09093 9
    endloop
  endfacet
  facet normal 0 0 1
    outer loop
      vertex 0.836227 7.95617 9
      vertex 0.339717 3.2322 9
      vertex 0.675713 3.17898 9
    endloop
  endfacet
  facet normal 0 0 1
    outer loop
      vertex 0 8 9
      vertex 0.339717 3.2322 9
      vertex 0.836227 7.95617 9
    endloop
  endfacet
  facet normal 0 0 1
    outer loop
      vertex 0 8 9
      vertex 0 3.25 9
      vertex 0.339717 3.2322 9
    endloop
  endfacet
  facet normal 0 0 1
    outer loop
      vertex 0 8 9
      vertex -0.339717 3.2322 9
      vertex 0 3.25 9
    endloop
  endfacet
  facet normal -0 0 1
    outer loop
      vertex -0.836227 7.95617 9
      vertex -0.339717 3.2322 9
      vertex 0 8 9
    endloop
  endfacet
  facet normal -0 0 1
    outer loop
      vertex -1.10484 7.91363 9
      vertex -0.339717 3.2322 9
      vertex -0.836227 7.95617 9
    endloop
  endfacet
  facet normal 0 0 1
    outer loop
      vertex -0.339717 3.2322 9
      vertex -1.10484 7.91363 9
      vertex -0.675713 3.17898 9
    endloop
  endfacet
  facet normal 0 0 1
    outer loop
      vertex -0.675713 3.17898 9
      vertex -1.10484 7.91363 9
      vertex -1.0043 3.09093 9
    endloop
  endfacet
  facet normal 0 0 1
    outer loop
      vertex -1.10484 7.91363 9
      vertex -1.32189 2.96902 9
      vertex -1.0043 3.09093 9
    endloop
  endfacet
  facet normal 0 0 1
    outer loop
      vertex -1.10484 7.91363 9
      vertex -1.625 2.81458 9
      vertex -1.32189 2.96902 9
    endloop
  endfacet
  facet normal -0 0 1
    outer loop
      vertex -6.30099 4.91363 9
      vertex -1.625 2.81458 9
      vertex -1.10484 7.91363 9
    endloop
  endfacet
  facet normal 0 0 1
    outer loop
      vertex -1.625 2.81458 9
      vertex -6.30099 4.91363 9
      vertex -1.9103 2.6293 9
    endloop
  endfacet
  facet normal 0 0 1
    outer loop
      vertex -1.9103 2.6293 9
      vertex -6.30099 4.91363 9
      vertex -2.17467 2.41522 9
    endloop
  endfacet
  facet normal 0 0 1
    outer loop
      vertex -2.17467 2.41522 9
      vertex -6.30099 4.91363 9
      vertex -2.41522 2.17467 9
    endloop
  endfacet
  facet normal 0 0 1
    outer loop
      vertex -2.41522 2.17467 9
      vertex -6.30099 4.91363 9
      vertex -2.6293 1.9103 9
    endloop
  endfacet
  facet normal -0 0 1
    outer loop
      vertex -6.47214 4.70228 9
      vertex -2.6293 1.9103 9
      vertex -6.30099 4.91363 9
    endloop
  endfacet
  facet normal 0 0 1
    outer loop
      vertex -2.6293 1.9103 9
      vertex -6.47214 4.70228 9
      vertex -2.81458 1.625 9
    endloop
  endfacet
  facet normal 0 0 1
    outer loop
      vertex -2.96902 1.32189 9
      vertex -7.30836 3.25389 9
      vertex -3.09093 1.0043 9
    endloop
  endfacet
  facet normal -0 0 1
    outer loop
      vertex -7.30836 3.25389 9
      vertex -2.96902 1.32189 9
      vertex -6.9282 4 9
    endloop
  endfacet
  facet normal 0 0 1
    outer loop
      vertex -2.81458 1.625 9
      vertex -6.9282 4 9
      vertex -2.96902 1.32189 9
    endloop
  endfacet
  facet normal -0 0 1
    outer loop
      vertex -6.9282 4 9
      vertex -2.81458 1.625 9
      vertex -6.47214 4.70228 9
    endloop
  endfacet
  facet normal 0 0 1
    outer loop
      vertex -9.34783 22.1909 9
      vertex -6.30099 4.91363 9
      vertex -1.10484 7.91363 9
    endloop
  endfacet
  facet normal 0 0 1
    outer loop
      vertex -9.34783 22.1909 9
      vertex -14.544 19.1909 9
      vertex -6.30099 4.91363 9
    endloop
  endfacet
  facet normal 0 0 1
    outer loop
      vertex -7.44731 22.9205 9
      vertex -18.3555 38.5927 9
      vertex -9.34783 22.1909 9
    endloop
  endfacet
  facet normal 0 0 1
    outer loop
      vertex -18.3555 38.5927 9
      vertex -10.4995 49.3965 9
      vertex -15.6054 48.0284 9
    endloop
  endfacet
  facet normal 0 0 1
    outer loop
      vertex -20.897 20.5992 9
      vertex -9.34783 22.1909 9
      vertex -18.3555 38.5927 9
    endloop
  endfacet
  facet normal 0 0 1
    outer loop
      vertex -9.34783 22.1909 9
      vertex -20.6817 20.4698 9
      vertex -14.544 19.1909 9
    endloop
  endfacet
  facet normal -0 -0 1
    outer loop
      vertex -20.2974 20.1473 9
      vertex -14.544 19.1909 9
      vertex -20.4811 20.3186 9
    endloop
  endfacet
  facet normal 0 0 1
    outer loop
      vertex -15.6054 48.0284 9
      vertex -20.0555 41.5372 9
      vertex -18.3555 38.5927 9
    endloop
  endfacet
  facet normal 0 0 1
    outer loop
      vertex -15.6054 48.0284 9
      vertex -20.2493 41.8356 9
      vertex -20.0555 41.5372 9
    endloop
  endfacet
  facet normal -0 0 1
    outer loop
      vertex -20.5402 46.134 9
      vertex -20.2493 41.8356 9
      vertex -15.6054 48.0284 9
    endloop
  endfacet
  facet normal 0 0 1
    outer loop
      vertex -20.2493 41.8356 9
      vertex -20.5402 46.134 9
      vertex -20.4733 42.1122 9
    endloop
  endfacet
  facet normal 0 0 1
    outer loop
      vertex -20.5402 46.134 9
      vertex -20.725 42.3639 9
      vertex -20.4733 42.1122 9
    endloop
  endfacet
  facet normal 0 0 1
    outer loop
      vertex -20.5402 46.134 9
      vertex -21.0015 42.5878 9
      vertex -20.725 42.3639 9
    endloop
  endfacet
  facet normal 0 0 1
    outer loop
      vertex -20.5402 46.134 9
      vertex -21.3 42.7817 9
      vertex -21.0015 42.5878 9
    endloop
  endfacet
  facet normal 0 0 1
    outer loop
      vertex -20.5402 46.134 9
      vertex -21.6171 42.9432 9
      vertex -21.3 42.7817 9
    endloop
  endfacet
  facet normal 0 0 1
    outer loop
      vertex -20.5402 46.134 9
      vertex -21.9493 43.0708 9
      vertex -21.6171 42.9432 9
    endloop
  endfacet
  facet normal 0 0 1
    outer loop
      vertex -20.5402 46.134 9
      vertex -22.2931 43.1629 9
      vertex -21.9493 43.0708 9
    endloop
  endfacet
  facet normal 0 0 1
    outer loop
      vertex -20.5402 46.134 9
      vertex -22.6446 43.2185 9
      vertex -22.2931 43.1629 9
    endloop
  endfacet
  facet normal 0 0 1
    outer loop
      vertex -20.5402 46.134 9
      vertex -23 43.2372 9
      vertex -22.6446 43.2185 9
    endloop
  endfacet
  facet normal 0 0 1
    outer loop
      vertex -20.5402 46.134 9
      vertex -23.3554 43.2185 9
      vertex -23 43.2372 9
    endloop
  endfacet
  facet normal -0 0 1
    outer loop
      vertex -25.25 43.7343 9
      vertex -23.3554 43.2185 9
      vertex -20.5402 46.134 9
    endloop
  endfacet
  facet normal 0 0 1
    outer loop
      vertex -23.3554 43.2185 9
      vertex -25.25 43.7343 9
      vertex -23.7069 43.1629 9
    endloop
  endfacet
  facet normal 0 0 1
    outer loop
      vertex -23.7069 43.1629 9
      vertex -25.25 43.7343 9
      vertex -24.0507 43.0708 9
    endloop
  endfacet
  facet normal 0 0 1
    outer loop
      vertex -24.0507 43.0708 9
      vertex -25.25 43.7343 9
      vertex -24.3829 42.9432 9
    endloop
  endfacet
  facet normal 0 0 1
    outer loop
      vertex -24.3829 42.9432 9
      vertex -25.25 43.7343 9
      vertex -24.7 42.7817 9
    endloop
  endfacet
  facet normal 0 0 1
    outer loop
      vertex -24.7 42.7817 9
      vertex -25.25 43.7343 9
      vertex -24.9985 42.5878 9
    endloop
  endfacet
  facet normal 0 0 1
    outer loop
      vertex -25.25 43.7343 9
      vertex -25.275 42.3639 9
      vertex -24.9985 42.5878 9
    endloop
  endfacet
  facet normal 0 0 1
    outer loop
      vertex -25.25 43.7343 9
      vertex -25.5267 42.1122 9
      vertex -25.275 42.3639 9
    endloop
  endfacet
  facet normal 0 0 1
    outer loop
      vertex -25.25 43.7343 9
      vertex -25.7507 41.8356 9
      vertex -25.5267 42.1122 9
    endloop
  endfacet
  facet normal 0 0 1
    outer loop
      vertex -29.6832 40.8554 9
      vertex -25.7507 41.8356 9
      vertex -25.25 43.7343 9
    endloop
  endfacet
  facet normal 0 0 1
    outer loop
      vertex -25.7507 41.8356 9
      vertex -29.6832 40.8554 9
      vertex -25.9445 41.5372 9
    endloop
  endfacet
  facet normal 0 0 1
    outer loop
      vertex -25.9445 41.5372 9
      vertex -29.6832 40.8554 9
      vertex -26.1061 41.2201 9
    endloop
  endfacet
  facet normal 0 0 1
    outer loop
      vertex -25.9445 -38.1372 9
      vertex -33.7911 -37.5288 9
      vertex -26.1061 -38.4543 9
    endloop
  endfacet
  facet normal 0 0 1
    outer loop
      vertex -26.3814 40.1926 9
      vertex -29.6832 40.8554 9
      vertex -26.4 39.8372 9
    endloop
  endfacet
  facet normal 0 0 1
    outer loop
      vertex -26.3257 40.5441 9
      vertex -29.6832 40.8554 9
      vertex -26.3814 40.1926 9
    endloop
  endfacet
  facet normal 0 0 1
    outer loop
      vertex -26.2336 40.8878 9
      vertex -29.6832 40.8554 9
      vertex -26.3257 40.5441 9
    endloop
  endfacet
  facet normal 0 0 1
    outer loop
      vertex -26.1061 41.2201 9
      vertex -29.6832 40.8554 9
      vertex -26.2336 40.8878 9
    endloop
  endfacet
  facet normal 0 0 1
    outer loop
      vertex 42.6 -1.04336e-014 9
      vertex 31.1369 0.250868 9
      vertex 31.15 0 9
    endloop
  endfacet
  facet normal 0 0 1
    outer loop
      vertex 35.1927 24.2445 9
      vertex 31.0976 0.498987 9
      vertex 31.1369 0.250868 9
    endloop
  endfacet
  facet normal 0 0 1
    outer loop
      vertex 35.1927 24.2445 9
      vertex 31.0325 0.74164 9
      vertex 31.0976 0.498987 9
    endloop
  endfacet
  facet normal 0 0 1
    outer loop
      vertex 35.1927 24.2445 9
      vertex 30.9425 0.976168 9
      vertex 31.0325 0.74164 9
    endloop
  endfacet
  facet normal 0 0 1
    outer loop
      vertex 35.1927 24.2445 9
      vertex 30.8285 1.2 9
      vertex 30.9425 0.976168 9
    endloop
  endfacet
  facet normal 0 0 1
    outer loop
      vertex 35.1927 24.2445 9
      vertex 30.6916 1.41068 9
      vertex 30.8285 1.2 9
    endloop
  endfacet
  facet normal 0 0 1
    outer loop
      vertex 35.1927 24.2445 9
      vertex 30.5335 1.60591 9
      vertex 30.6916 1.41068 9
    endloop
  endfacet
  facet normal 0 0 1
    outer loop
      vertex 35.1927 24.2445 9
      vertex 30.3559 1.78355 9
      vertex 30.5335 1.60591 9
    endloop
  endfacet
  facet normal 0 0 1
    outer loop
      vertex 35.1927 24.2445 9
      vertex 30.1607 1.94164 9
      vertex 30.3559 1.78355 9
    endloop
  endfacet
  facet normal 0 0 1
    outer loop
      vertex 20.8712 12.05 9
      vertex 35.1927 24.2445 9
      vertex 23.8759 25.5538 9
    endloop
  endfacet
  facet normal 0 0 1
    outer loop
      vertex 35.1927 24.2445 9
      vertex 29.95 2.07846 9
      vertex 30.1607 1.94164 9
    endloop
  endfacet
  facet normal 0 0 1
    outer loop
      vertex 35.1927 24.2445 9
      vertex 29.7262 2.19251 9
      vertex 29.95 2.07846 9
    endloop
  endfacet
  facet normal 0 -0 1
    outer loop
      vertex 29.4916 2.28254 9
      vertex 35.1927 24.2445 9
      vertex 22.0164 9.80235 9
    endloop
  endfacet
  facet normal 0 0 1
    outer loop
      vertex 35.1927 24.2445 9
      vertex 29.4916 2.28254 9
      vertex 29.7262 2.19251 9
    endloop
  endfacet
  facet normal 0 0 1
    outer loop
      vertex 29.4916 2.28254 9
      vertex 22.0164 9.80235 9
      vertex 29.249 2.34755 9
    endloop
  endfacet
  facet normal -0 -0 1
    outer loop
      vertex 22.9205 7.44731 9
      vertex 29.249 2.34755 9
      vertex 22.0164 9.80235 9
    endloop
  endfacet
  facet normal 0 0 1
    outer loop
      vertex 29.249 2.34755 9
      vertex 22.9205 7.44731 9
      vertex 29.0009 2.38685 9
    endloop
  endfacet
  facet normal 0 0 1
    outer loop
      vertex 29.0009 2.38685 9
      vertex 22.9205 7.44731 9
      vertex 28.75 2.4 9
    endloop
  endfacet
  facet normal 0 0 1
    outer loop
      vertex 28.75 2.4 9
      vertex 22.9205 7.44731 9
      vertex 28.4991 2.38685 9
    endloop
  endfacet
  facet normal -0 -0 1
    outer loop
      vertex 23.5734 5.01067 9
      vertex 28.4991 2.38685 9
      vertex 22.9205 7.44731 9
    endloop
  endfacet
  facet normal 0 0 1
    outer loop
      vertex 28.4991 2.38685 9
      vertex 23.5734 5.01067 9
      vertex 28.251 2.34755 9
    endloop
  endfacet
  facet normal 0 0 1
    outer loop
      vertex 28.251 2.34755 9
      vertex 23.5734 5.01067 9
      vertex 28.0084 2.28254 9
    endloop
  endfacet
  facet normal 0 0 1
    outer loop
      vertex 28.0084 2.28254 9
      vertex 23.5734 5.01067 9
      vertex 27.7738 2.19251 9
    endloop
  endfacet
  facet normal 0 0 1
    outer loop
      vertex 27.7738 2.19251 9
      vertex 23.5734 5.01067 9
      vertex 27.55 2.07846 9
    endloop
  endfacet
  facet normal 0 0 1
    outer loop
      vertex 27.55 2.07846 9
      vertex 23.8918 3 9
      vertex 27.3393 1.94164 9
    endloop
  endfacet
  facet normal 0 0 1
    outer loop
      vertex 27.3393 1.94164 9
      vertex 23.8918 3 9
      vertex 27.1441 1.78355 9
    endloop
  endfacet
  facet normal 0 0 1
    outer loop
      vertex 27.1441 1.78355 9
      vertex 23.8918 3 9
      vertex 26.9665 1.60591 9
    endloop
  endfacet
  facet normal 0 0 1
    outer loop
      vertex 26.8084 1.41068 9
      vertex 23.8918 3 9
      vertex 26.6715 1.2 9
    endloop
  endfacet
  facet normal 0 0 1
    outer loop
      vertex 23.8918 3 9
      vertex 26.35 0 9
      vertex 26.3631 0.250868 9
    endloop
  endfacet
  facet normal 0 0 1
    outer loop
      vertex 26.35 0 9
      vertex 23.8918 3 9
      vertex 23.8918 -3 9
    endloop
  endfacet
  facet normal 0 0 1
    outer loop
      vertex 26.4024 0.498987 9
      vertex 23.8918 3 9
      vertex 26.3631 0.250868 9
    endloop
  endfacet
  facet normal 0 0 1
    outer loop
      vertex 26.6715 1.2 9
      vertex 23.8918 3 9
      vertex 26.5575 0.976168 9
    endloop
  endfacet
  facet normal 0 0 1
    outer loop
      vertex 26.9665 1.60591 9
      vertex 23.8918 3 9
      vertex 26.8084 1.41068 9
    endloop
  endfacet
  facet normal 0 0 1
    outer loop
      vertex 26.4675 0.74164 9
      vertex 23.8918 3 9
      vertex 26.4024 0.498987 9
    endloop
  endfacet
  facet normal 0 0 1
    outer loop
      vertex 16.126 17.9098 9
      vertex 23.8759 25.5538 9
      vertex 23.4196 26.0101 9
    endloop
  endfacet
  facet normal 0 0 1
    outer loop
      vertex 26.5575 0.976168 9
      vertex 23.8918 3 9
      vertex 26.4675 0.74164 9
    endloop
  endfacet
  facet normal -0 -0 1
    outer loop
      vertex 23.8918 3 9
      vertex 27.55 2.07846 9
      vertex 23.5734 5.01067 9
    endloop
  endfacet
  facet normal 0 0 1
    outer loop
      vertex 35.1927 24.2445 9
      vertex 20.8712 12.05 9
      vertex 22.0164 9.80235 9
    endloop
  endfacet
  facet normal 0 0 1
    outer loop
      vertex 16.126 17.9098 9
      vertex 23.4196 26.0101 9
      vertex 20.5725 28.3156 9
    endloop
  endfacet
  facet normal 0 0 1
    outer loop
      vertex 23.8759 25.5538 9
      vertex 19.4973 14.1656 9
      vertex 20.8712 12.05 9
    endloop
  endfacet
  facet normal 0 0 1
    outer loop
      vertex 23.8759 25.5538 9
      vertex 17.9098 16.126 9
      vertex 19.4973 14.1656 9
    endloop
  endfacet
  facet normal 0 0 1
    outer loop
      vertex 14.1656 19.4973 9
      vertex 20.5725 28.3156 9
      vertex 17.5 30.3109 9
    endloop
  endfacet
  facet normal 0 0 1
    outer loop
      vertex 23.8759 25.5538 9
      vertex 16.126 17.9098 9
      vertex 17.9098 16.126 9
    endloop
  endfacet
  facet normal 0 0 1
    outer loop
      vertex 12.05 20.8712 9
      vertex 17.5 30.3109 9
      vertex 14.2358 31.9741 9
    endloop
  endfacet
  facet normal 0 0 1
    outer loop
      vertex 20.5725 28.3156 9
      vertex 14.1656 19.4973 9
      vertex 16.126 17.9098 9
    endloop
  endfacet
  facet normal 0 0 1
    outer loop
      vertex 17.5 30.3109 9
      vertex 12.05 20.8712 9
      vertex 14.1656 19.4973 9
    endloop
  endfacet
  facet normal 0 0 1
    outer loop
      vertex 9.80235 22.0164 9
      vertex 14.2358 31.9741 9
      vertex 10.8156 33.287 9
    endloop
  endfacet
  facet normal 0 0 1
    outer loop
      vertex 7.44731 22.9205 9
      vertex 10.8156 33.287 9
      vertex 10.1427 33.4673 9
    endloop
  endfacet
  facet normal 0 0 1
    outer loop
      vertex 14.2358 31.9741 9
      vertex 9.80235 22.0164 9
      vertex 12.05 20.8712 9
    endloop
  endfacet
  facet normal 0 0 1
    outer loop
      vertex 26.35 0 9
      vertex 23.8918 -3 9
      vertex 23.5734 -5.01067 9
    endloop
  endfacet
  facet normal 0 0 1
    outer loop
      vertex 26.35 0 9
      vertex 23.5734 -5.01067 9
      vertex 22.9205 -7.44731 9
    endloop
  endfacet
  facet normal 0 0 1
    outer loop
      vertex 26.35 0 9
      vertex 22.9205 -7.44731 9
      vertex 23.8984 -25.5313 9
    endloop
  endfacet
  facet normal -0 0 1
    outer loop
      vertex 22.0164 -9.80235 9
      vertex 23.8984 -25.5313 9
      vertex 22.9205 -7.44731 9
    endloop
  endfacet
  facet normal -0 0 1
    outer loop
      vertex 20.8712 -12.05 9
      vertex 23.8984 -25.5313 9
      vertex 22.0164 -9.80235 9
    endloop
  endfacet
  facet normal -0 0 1
    outer loop
      vertex 19.4973 -14.1656 9
      vertex 23.8984 -25.5313 9
      vertex 20.8712 -12.05 9
    endloop
  endfacet
  facet normal -0 0 1
    outer loop
      vertex 17.9098 -16.126 9
      vertex 23.8984 -25.5313 9
      vertex 19.4973 -14.1656 9
    endloop
  endfacet
  facet normal -0 0 1
    outer loop
      vertex 16.126 -17.9098 9
      vertex 23.8984 -25.5313 9
      vertex 17.9098 -16.126 9
    endloop
  endfacet
  facet normal 0 0 1
    outer loop
      vertex 23.8984 -25.5313 9
      vertex 16.126 -17.9098 9
      vertex 23.4196 -26.0101 9
    endloop
  endfacet
  facet normal 0 0 1
    outer loop
      vertex 23.4196 -26.0101 9
      vertex 16.126 -17.9098 9
      vertex 20.5725 -28.3156 9
    endloop
  endfacet
  facet normal -0 0 1
    outer loop
      vertex 14.1656 -19.4973 9
      vertex 20.5725 -28.3156 9
      vertex 16.126 -17.9098 9
    endloop
  endfacet
  facet normal 0 0 1
    outer loop
      vertex 20.5725 -28.3156 9
      vertex 14.1656 -19.4973 9
      vertex 17.5 -30.3109 9
    endloop
  endfacet
  facet normal -0 0 1
    outer loop
      vertex 12.05 -20.8712 9
      vertex 17.5 -30.3109 9
      vertex 14.1656 -19.4973 9
    endloop
  endfacet
  facet normal 0 0 1
    outer loop
      vertex 17.5 -30.3109 9
      vertex 12.05 -20.8712 9
      vertex 14.2358 -31.9741 9
    endloop
  endfacet
  facet normal -0 0 1
    outer loop
      vertex 9.80235 -22.0164 9
      vertex 14.2358 -31.9741 9
      vertex 12.05 -20.8712 9
    endloop
  endfacet
  facet normal 0 0 1
    outer loop
      vertex 14.2358 -31.9741 9
      vertex 9.80235 -22.0164 9
      vertex 10.8156 -33.287 9
    endloop
  endfacet
  facet normal -0 0 1
    outer loop
      vertex 7.44731 -22.9205 9
      vertex 10.8156 -33.287 9
      vertex 9.80235 -22.0164 9
    endloop
  endfacet
  facet normal -0 0 1
    outer loop
      vertex 3.4 -42.6 9
      vertex 14.7394 -48.2604 9
      vertex 10.2111 -33.449 9
    endloop
  endfacet
  facet normal 0 0 1
    outer loop
      vertex 10.8156 -33.287 9
      vertex 7.44731 -22.9205 9
      vertex 10.2111 -33.449 9
    endloop
  endfacet
  facet normal -0 0 1
    outer loop
      vertex 5.01067 -23.5734 9
      vertex 10.2111 -33.449 9
      vertex 7.44731 -22.9205 9
    endloop
  endfacet
  facet normal 0 0 1
    outer loop
      vertex 14.7394 -48.2604 9
      vertex 3.4 -42.6 9
      vertex 10.4995 -49.3965 9
    endloop
  endfacet
  facet normal -0 0 1
    outer loop
      vertex 2.51914 -23.968 9
      vertex 10.2111 -33.449 9
      vertex 5.01067 -23.5734 9
    endloop
  endfacet
  facet normal -0 0 1
    outer loop
      vertex 3.4 -46 9
      vertex 10.4995 -49.3965 9
      vertex 3.4 -42.6 9
    endloop
  endfacet
  facet normal -0 0 1
    outer loop
      vertex 3.38137 -46.3554 9
      vertex 10.4995 -49.3965 9
      vertex 3.4 -46 9
    endloop
  endfacet
  facet normal 0 0 1
    outer loop
      vertex 10.4995 -49.3965 9
      vertex 3.38137 -46.3554 9
      vertex 5.27869 -50.2234 9
    endloop
  endfacet
  facet normal -0 0 1
    outer loop
      vertex 3.3257 -46.7069 9
      vertex 5.27869 -50.2234 9
      vertex 3.38137 -46.3554 9
    endloop
  endfacet
  facet normal -0 0 1
    outer loop
      vertex 3.23359 -47.0507 9
      vertex 5.27869 -50.2234 9
      vertex 3.3257 -46.7069 9
    endloop
  endfacet
  facet normal -0 0 1
    outer loop
      vertex 3.10605 -47.3829 9
      vertex 5.27869 -50.2234 9
      vertex 3.23359 -47.0507 9
    endloop
  endfacet
  facet normal -0 0 1
    outer loop
      vertex 2.94449 -47.7 9
      vertex 5.27869 -50.2234 9
      vertex 3.10605 -47.3829 9
    endloop
  endfacet
  facet normal -0 0 1
    outer loop
      vertex 2.75066 -47.9985 9
      vertex 5.27869 -50.2234 9
      vertex 2.94449 -47.7 9
    endloop
  endfacet
  facet normal -0 0 1
    outer loop
      vertex 2.52669 -48.275 9
      vertex 5.27869 -50.2234 9
      vertex 2.75066 -47.9985 9
    endloop
  endfacet
  facet normal -0 0 1
    outer loop
      vertex 2.27504 -48.5267 9
      vertex 5.27869 -50.2234 9
      vertex 2.52669 -48.275 9
    endloop
  endfacet
  facet normal -0 0 1
    outer loop
      vertex 1.99847 -48.7507 9
      vertex 5.27869 -50.2234 9
      vertex 2.27504 -48.5267 9
    endloop
  endfacet
  facet normal -0 0 1
    outer loop
      vertex 1.7 -48.9445 9
      vertex 5.27869 -50.2234 9
      vertex 1.99847 -48.7507 9
    endloop
  endfacet
  facet normal -0 0 1
    outer loop
      vertex 1.3829 -49.1061 9
      vertex 5.27869 -50.2234 9
      vertex 1.7 -48.9445 9
    endloop
  endfacet
  facet normal 0 0 1
    outer loop
      vertex 0 -50.5 9
      vertex 1.3829 -49.1061 9
      vertex 1.05066 -49.2336 9
    endloop
  endfacet
  facet normal 0 0 1
    outer loop
      vertex 0 -50.5 9
      vertex 1.05066 -49.2336 9
      vertex 0.7069 -49.3257 9
    endloop
  endfacet
  facet normal 0 0 1
    outer loop
      vertex 0 -50.5 9
      vertex 0.7069 -49.3257 9
      vertex 0.355396 -49.3814 9
    endloop
  endfacet
  facet normal 0 0 1
    outer loop
      vertex 1.3829 -49.1061 9
      vertex 0 -50.5 9
      vertex 5.27869 -50.2234 9
    endloop
  endfacet
  facet normal -0 0 1
    outer loop
      vertex -1.0969e-014 -49.4 9
      vertex 0 -50.5 9
      vertex 0.355396 -49.3814 9
    endloop
  endfacet
  facet normal 0 0 1
    outer loop
      vertex -0.355396 -49.3814 9
      vertex 0 -50.5 9
      vertex -1.0969e-014 -49.4 9
    endloop
  endfacet
  facet normal 0 0 1
    outer loop
      vertex -0.7069 -49.3257 9
      vertex 0 -50.5 9
      vertex -0.355396 -49.3814 9
    endloop
  endfacet
  facet normal 0 0 1
    outer loop
      vertex -1.05066 -49.2336 9
      vertex 0 -50.5 9
      vertex -0.7069 -49.3257 9
    endloop
  endfacet
  facet normal 0 0 1
    outer loop
      vertex -1.3829 -49.1061 9
      vertex 0 -50.5 9
      vertex -1.05066 -49.2336 9
    endloop
  endfacet
  facet normal 0 0 1
    outer loop
      vertex -5.27869 -50.2234 9
      vertex -1.3829 -49.1061 9
      vertex -1.7 -48.9445 9
    endloop
  endfacet
  facet normal 0 0 1
    outer loop
      vertex -5.27869 -50.2234 9
      vertex -1.7 -48.9445 9
      vertex -1.99847 -48.7507 9
    endloop
  endfacet
  facet normal 0 0 1
    outer loop
      vertex -5.27869 -50.2234 9
      vertex -1.99847 -48.7507 9
      vertex -2.27504 -48.5267 9
    endloop
  endfacet
  facet normal 0 -0 1
    outer loop
      vertex -10.4995 -49.3965 9
      vertex -3.4 -42.6 9
      vertex -18.3555 -38.5927 9
    endloop
  endfacet
  facet normal 0 0 1
    outer loop
      vertex -1.3829 -49.1061 9
      vertex -5.27869 -50.2234 9
      vertex 0 -50.5 9
    endloop
  endfacet
  facet normal 0 0 1
    outer loop
      vertex -2.52669 -48.275 9
      vertex -5.27869 -50.2234 9
      vertex -2.27504 -48.5267 9
    endloop
  endfacet
  facet normal 0 0 1
    outer loop
      vertex -2.75066 -47.9985 9
      vertex -5.27869 -50.2234 9
      vertex -2.52669 -48.275 9
    endloop
  endfacet
  facet normal 0 0 1
    outer loop
      vertex -2.94449 -47.7 9
      vertex -5.27869 -50.2234 9
      vertex -2.75066 -47.9985 9
    endloop
  endfacet
  facet normal 0 0 1
    outer loop
      vertex -3.10605 -47.3829 9
      vertex -5.27869 -50.2234 9
      vertex -2.94449 -47.7 9
    endloop
  endfacet
  facet normal 0 0 1
    outer loop
      vertex -3.23359 -47.0507 9
      vertex -5.27869 -50.2234 9
      vertex -3.10605 -47.3829 9
    endloop
  endfacet
  facet normal 0 0 1
    outer loop
      vertex -3.3257 -46.7069 9
      vertex -5.27869 -50.2234 9
      vertex -3.23359 -47.0507 9
    endloop
  endfacet
  facet normal 0 0 1
    outer loop
      vertex -3.38137 -46.3554 9
      vertex -5.27869 -50.2234 9
      vertex -3.3257 -46.7069 9
    endloop
  endfacet
  facet normal 0 0 1
    outer loop
      vertex -3.4 -42.6 9
      vertex -10.4995 -49.3965 9
      vertex -3.4 -46 9
    endloop
  endfacet
  facet normal 0 0 1
    outer loop
      vertex -18.3555 -38.5927 9
      vertex -5.01067 -23.5734 9
      vertex -7.44731 -22.9205 9
    endloop
  endfacet
  facet normal 0 0 1
    outer loop
      vertex -18.3555 -38.5927 9
      vertex -7.44731 -22.9205 9
      vertex -9.34783 -22.1909 9
    endloop
  endfacet
  facet normal 0 0 1
    outer loop
      vertex -3.4 -46 9
      vertex -10.4995 -49.3965 9
      vertex -3.38137 -46.3554 9
    endloop
  endfacet
  facet normal 0 0 1
    outer loop
      vertex -34.0385 -8.01103 9
      vertex -38.5927 -18.3555 9
      vertex -35.1927 -24.2445 9
    endloop
  endfacet
  facet normal -0 0 1
    outer loop
      vertex -49.1297 -11.4951 9
      vertex -38.5927 -18.3555 9
      vertex -34.0385 -8.01103 9
    endloop
  endfacet
  facet normal 0 0 1
    outer loop
      vertex -38.5927 -18.3555 9
      vertex -48.0284 -15.6054 9
      vertex -41.5372 -20.0555 9
    endloop
  endfacet
  facet normal 0 0 1
    outer loop
      vertex -41.5372 -20.0555 9
      vertex -48.0284 -15.6054 9
      vertex -41.8356 -20.2493 9
    endloop
  endfacet
  facet normal 0 -0 1
    outer loop
      vertex -46.134 -20.5402 9
      vertex -41.8356 -20.2493 9
      vertex -48.0284 -15.6054 9
    endloop
  endfacet
  facet normal 0 0 1
    outer loop
      vertex -41.8356 -20.2493 9
      vertex -46.134 -20.5402 9
      vertex -42.1122 -20.4733 9
    endloop
  endfacet
  facet normal 0 0 1
    outer loop
      vertex -46.134 -20.5402 9
      vertex -43.2372 -23 9
      vertex -43.2185 -22.6446 9
    endloop
  endfacet
  facet normal 0 0 1
    outer loop
      vertex -46.134 -20.5402 9
      vertex -43.2185 -22.6446 9
      vertex -43.1629 -22.2931 9
    endloop
  endfacet
  facet normal 0 0 1
    outer loop
      vertex -43.2372 -23 9
      vertex -46.134 -20.5402 9
      vertex -43.7343 -25.25 9
    endloop
  endfacet
  facet normal 0 0 1
    outer loop
      vertex -43.0708 -21.9493 9
      vertex -46.134 -20.5402 9
      vertex -43.1629 -22.2931 9
    endloop
  endfacet
  facet normal 0 0 1
    outer loop
      vertex -42.9432 -21.6171 9
      vertex -46.134 -20.5402 9
      vertex -43.0708 -21.9493 9
    endloop
  endfacet
  facet normal 0 0 1
    outer loop
      vertex -42.7817 -21.3 9
      vertex -46.134 -20.5402 9
      vertex -42.9432 -21.6171 9
    endloop
  endfacet
  facet normal 0 0 1
    outer loop
      vertex -42.5878 -21.0015 9
      vertex -46.134 -20.5402 9
      vertex -42.7817 -21.3 9
    endloop
  endfacet
  facet normal 0 0 1
    outer loop
      vertex -42.1122 -20.4733 9
      vertex -46.134 -20.5402 9
      vertex -42.3639 -20.725 9
    endloop
  endfacet
  facet normal 0 0 1
    outer loop
      vertex -42.3639 -20.725 9
      vertex -46.134 -20.5402 9
      vertex -42.5878 -21.0015 9
    endloop
  endfacet
  facet normal 0 0 1
    outer loop
      vertex -38.5927 -18.3555 9
      vertex -49.1297 -11.4951 9
      vertex -48.0284 -15.6054 9
    endloop
  endfacet
  facet normal 0 0 1
    outer loop
      vertex -26.3257 -39.1303 9
      vertex -29.6832 -40.8554 9
      vertex -26.3814 -39.4818 9
    endloop
  endfacet
  facet normal 0 0 1
    outer loop
      vertex -35.1927 -24.2445 9
      vertex -37.5288 -33.7911 9
      vertex -33.7911 -37.5288 9
    endloop
  endfacet
  facet normal -0 0 1
    outer loop
      vertex -38.1372 -25.9445 9
      vertex -37.5288 -33.7911 9
      vertex -35.1927 -24.2445 9
    endloop
  endfacet
  facet normal -0 0 1
    outer loop
      vertex -38.4543 -26.1061 9
      vertex -37.5288 -33.7911 9
      vertex -38.1372 -25.9445 9
    endloop
  endfacet
  facet normal 0 0 1
    outer loop
      vertex -40.8554 -29.6832 9
      vertex -38.4543 -26.1061 9
      vertex -38.7865 -26.2336 9
    endloop
  endfacet
  facet normal 0 0 1
    outer loop
      vertex -40.8554 -29.6832 9
      vertex -38.7865 -26.2336 9
      vertex -39.1303 -26.3257 9
    endloop
  endfacet
  facet normal 0 0 1
    outer loop
      vertex -40.8554 -29.6832 9
      vertex -39.1303 -26.3257 9
      vertex -39.4818 -26.3814 9
    endloop
  endfacet
  facet normal 0 0 1
    outer loop
      vertex -40.8554 -29.6832 9
      vertex -39.4818 -26.3814 9
      vertex -39.8372 -26.4 9
    endloop
  endfacet
  facet normal 0 0 1
    outer loop
      vertex -40.8554 -29.6832 9
      vertex -39.8372 -26.4 9
      vertex -40.1926 -26.3814 9
    endloop
  endfacet
  facet normal 0 0 1
    outer loop
      vertex -40.8554 -29.6832 9
      vertex -40.1926 -26.3814 9
      vertex -40.5441 -26.3257 9
    endloop
  endfacet
  facet normal 0 0 1
    outer loop
      vertex -38.4543 -26.1061 9
      vertex -40.8554 -29.6832 9
      vertex -37.5288 -33.7911 9
    endloop
  endfacet
  facet normal 0 0 1
    outer loop
      vertex -40.8878 -26.2336 9
      vertex -40.8554 -29.6832 9
      vertex -40.5441 -26.3257 9
    endloop
  endfacet
  facet normal 0 0 1
    outer loop
      vertex -41.2201 -26.1061 9
      vertex -40.8554 -29.6832 9
      vertex -40.8878 -26.2336 9
    endloop
  endfacet
  facet normal 0 0 1
    outer loop
      vertex -41.5372 -25.9445 9
      vertex -40.8554 -29.6832 9
      vertex -41.2201 -26.1061 9
    endloop
  endfacet
  facet normal 0 0 1
    outer loop
      vertex -41.8356 -25.7507 9
      vertex -40.8554 -29.6832 9
      vertex -41.5372 -25.9445 9
    endloop
  endfacet
  facet normal 0 0 1
    outer loop
      vertex -43.7343 -25.25 9
      vertex -41.8356 -25.7507 9
      vertex -42.1122 -25.5267 9
    endloop
  endfacet
  facet normal 0 0 1
    outer loop
      vertex -43.7343 -25.25 9
      vertex -42.1122 -25.5267 9
      vertex -42.3639 -25.275 9
    endloop
  endfacet
  facet normal -0 0 1
    outer loop
      vertex -43.7343 -25.25 9
      vertex -42.3639 -25.275 9
      vertex -42.5878 -24.9985 9
    endloop
  endfacet
  facet normal 0 0 1
    outer loop
      vertex -43.7343 -25.25 9
      vertex -42.5878 -24.9985 9
      vertex -42.7817 -24.7 9
    endloop
  endfacet
  facet normal 0 0 1
    outer loop
      vertex -43.7343 -25.25 9
      vertex -42.7817 -24.7 9
      vertex -42.9432 -24.3829 9
    endloop
  endfacet
  facet normal 0 0 1
    outer loop
      vertex -41.8356 -25.7507 9
      vertex -43.7343 -25.25 9
      vertex -40.8554 -29.6832 9
    endloop
  endfacet
  facet normal 0 0 1
    outer loop
      vertex -43.0708 -24.0507 9
      vertex -43.7343 -25.25 9
      vertex -42.9432 -24.3829 9
    endloop
  endfacet
  facet normal 0 0 1
    outer loop
      vertex -43.1629 -23.7069 9
      vertex -43.7343 -25.25 9
      vertex -43.0708 -24.0507 9
    endloop
  endfacet
  facet normal 0 0 1
    outer loop
      vertex -43.2185 -23.3554 9
      vertex -43.7343 -25.25 9
      vertex -43.1629 -23.7069 9
    endloop
  endfacet
  facet normal 0 0 1
    outer loop
      vertex -43.7343 -25.25 9
      vertex -43.2185 -23.3554 9
      vertex -43.2372 -23 9
    endloop
  endfacet
  facet normal 0 0 1
    outer loop
      vertex -34.8083 3.6585 9
      vertex -34.0896 7.8202 9
      vertex -34.2352 7.27691 9
    endloop
  endfacet
  facet normal 0 0 1
    outer loop
      vertex -34.0896 7.8202 9
      vertex -34.8083 3.6585 9
      vertex -34.0385 -8.01103 9
    endloop
  endfacet
  facet normal -0 0 1
    outer loop
      vertex -34.8083 -3.6585 9
      vertex -34.0385 -8.01103 9
      vertex -34.8083 3.6585 9
    endloop
  endfacet
  facet normal 0 0 1
    outer loop
      vertex -34.0385 -8.01103 9
      vertex -34.8083 -3.6585 9
      vertex -34.2352 -7.27691 9
    endloop
  endfacet
  facet normal 0 -0 1
    outer loop
      vertex -34.8083 -3.6585 9
      vertex -34.8083 3.6585 9
      vertex -35 0 9
    endloop
  endfacet
  facet normal -0 0 1
    outer loop
      vertex -38.5927 18.3555 9
      vertex -34.0896 7.8202 9
      vertex -35.1927 24.2445 9
    endloop
  endfacet
  facet normal 0 0 1
    outer loop
      vertex -48.0284 15.6054 9
      vertex -38.5927 18.3555 9
      vertex -41.5372 20.0555 9
    endloop
  endfacet
  facet normal 0 0 1
    outer loop
      vertex -48.0284 15.6054 9
      vertex -41.5372 20.0555 9
      vertex -41.8356 20.2493 9
    endloop
  endfacet
  facet normal 0 0 1
    outer loop
      vertex -46.134 20.5402 9
      vertex -41.8356 20.2493 9
      vertex -42.1122 20.4733 9
    endloop
  endfacet
  facet normal -0 0 1
    outer loop
      vertex -46.134 20.5402 9
      vertex -42.1122 20.4733 9
      vertex -42.3639 20.725 9
    endloop
  endfacet
  facet normal 0 0 1
    outer loop
      vertex -46.134 20.5402 9
      vertex -42.3639 20.725 9
      vertex -42.5878 21.0015 9
    endloop
  endfacet
  facet normal 0 0 1
    outer loop
      vertex -46.134 20.5402 9
      vertex -42.5878 21.0015 9
      vertex -42.7817 21.3 9
    endloop
  endfacet
  facet normal 0 0 1
    outer loop
      vertex -43.2185 23.3554 9
      vertex -46.134 20.5402 9
      vertex -43.2372 23 9
    endloop
  endfacet
  facet normal 0 0 1
    outer loop
      vertex -43.2372 23 9
      vertex -46.134 20.5402 9
      vertex -43.2185 22.6446 9
    endloop
  endfacet
  facet normal 0 0 1
    outer loop
      vertex -43.2185 22.6446 9
      vertex -46.134 20.5402 9
      vertex -43.1629 22.2931 9
    endloop
  endfacet
  facet normal 0 0 1
    outer loop
      vertex -46.134 20.5402 9
      vertex -43.0708 21.9493 9
      vertex -43.1629 22.2931 9
    endloop
  endfacet
  facet normal 0 0 1
    outer loop
      vertex -46.134 20.5402 9
      vertex -42.9432 21.6171 9
      vertex -43.0708 21.9493 9
    endloop
  endfacet
  facet normal 0 0 1
    outer loop
      vertex -46.134 20.5402 9
      vertex -42.7817 21.3 9
      vertex -42.9432 21.6171 9
    endloop
  endfacet
  facet normal 0 0 1
    outer loop
      vertex -41.8356 20.2493 9
      vertex -46.134 20.5402 9
      vertex -48.0284 15.6054 9
    endloop
  endfacet
  facet normal 0 0 1
    outer loop
      vertex -49.1808 11.3043 9
      vertex -38.5927 18.3555 9
      vertex -48.0284 15.6054 9
    endloop
  endfacet
  facet normal 0 0 1
    outer loop
      vertex -38.5927 18.3555 9
      vertex -49.1808 11.3043 9
      vertex -34.0896 7.8202 9
    endloop
  endfacet
  facet normal 0 0 1
    outer loop
      vertex -17.9098 -16.126 9
      vertex -19.6296 -18.3127 9
      vertex -19.6252 -18.5639 9
    endloop
  endfacet
  facet normal 0 0 1
    outer loop
      vertex -17.9098 -16.126 9
      vertex -19.6602 -18.0634 9
      vertex -19.6296 -18.3127 9
    endloop
  endfacet
  facet normal 0 0 1
    outer loop
      vertex -17.9098 -16.126 9
      vertex -19.7167 -17.8186 9
      vertex -19.6602 -18.0634 9
    endloop
  endfacet
  facet normal 0 0 1
    outer loop
      vertex -17.9098 -16.126 9
      vertex -19.7985 -17.5811 9
      vertex -19.7167 -17.8186 9
    endloop
  endfacet
  facet normal 0 0 1
    outer loop
      vertex -17.9098 -16.126 9
      vertex -19.9047 -17.3534 9
      vertex -19.7985 -17.5811 9
    endloop
  endfacet
  facet normal 0 0 1
    outer loop
      vertex -17.9098 -16.126 9
      vertex -20.0341 -17.1381 9
      vertex -19.9047 -17.3534 9
    endloop
  endfacet
  facet normal 0 0 1
    outer loop
      vertex -17.9098 -16.126 9
      vertex -20.1853 -16.9375 9
      vertex -20.0341 -17.1381 9
    endloop
  endfacet
  facet normal 0 0 1
    outer loop
      vertex -17.9098 -16.126 9
      vertex -20.3566 -16.7537 9
      vertex -20.1853 -16.9375 9
    endloop
  endfacet
  facet normal 0 0 1
    outer loop
      vertex -19.4973 -14.1656 9
      vertex -20.5462 -16.5889 9
      vertex -20.3566 -16.7537 9
    endloop
  endfacet
  facet normal 0 0 1
    outer loop
      vertex -19.4973 -14.1656 9
      vertex -20.752 -16.4448 9
      vertex -20.5462 -16.5889 9
    endloop
  endfacet
  facet normal 0 0 1
    outer loop
      vertex -21.6898 -16.1035 9
      vertex -19.4973 -14.1656 9
      vertex -20.8712 -12.05 9
    endloop
  endfacet
  facet normal 0 0 1
    outer loop
      vertex -19.4973 -14.1656 9
      vertex -20.9717 -16.323 9
      vertex -20.752 -16.4448 9
    endloop
  endfacet
  facet normal 0 0 1
    outer loop
      vertex -19.4973 -14.1656 9
      vertex -21.2029 -16.2249 9
      vertex -20.9717 -16.323 9
    endloop
  endfacet
  facet normal 0 0 1
    outer loop
      vertex -19.4973 -14.1656 9
      vertex -21.4432 -16.1514 9
      vertex -21.2029 -16.2249 9
    endloop
  endfacet
  facet normal 0 0 1
    outer loop
      vertex -19.4973 -14.1656 9
      vertex -21.6898 -16.1035 9
      vertex -21.4432 -16.1514 9
    endloop
  endfacet
  facet normal 0 0 1
    outer loop
      vertex -20.8712 -12.05 9
      vertex -21.94 -16.0816 9
      vertex -21.6898 -16.1035 9
    endloop
  endfacet
  facet normal 0 0 1
    outer loop
      vertex -23.1505 -16.3611 9
      vertex -20.8712 -12.05 9
      vertex -22.0164 -9.80235 9
    endloop
  endfacet
  facet normal 0 0 1
    outer loop
      vertex -20.8712 -12.05 9
      vertex -22.1912 -16.086 9
      vertex -21.94 -16.0816 9
    endloop
  endfacet
  facet normal 0 0 1
    outer loop
      vertex -20.8712 -12.05 9
      vertex -22.4405 -16.1166 9
      vertex -22.1912 -16.086 9
    endloop
  endfacet
  facet normal 0 0 1
    outer loop
      vertex -20.8712 -12.05 9
      vertex -22.6853 -16.1731 9
      vertex -22.4405 -16.1166 9
    endloop
  endfacet
  facet normal -0 0 1
    outer loop
      vertex -34.0385 -8.01103 9
      vertex -22.0164 -9.80235 9
      vertex -22.9205 -7.44731 9
    endloop
  endfacet
  facet normal 0 0 1
    outer loop
      vertex -20.8712 -12.05 9
      vertex -22.9228 -16.2549 9
      vertex -22.6853 -16.1731 9
    endloop
  endfacet
  facet normal 0 0 1
    outer loop
      vertex -20.8712 -12.05 9
      vertex -23.1505 -16.3611 9
      vertex -22.9228 -16.2549 9
    endloop
  endfacet
  facet normal 0 0 1
    outer loop
      vertex -22.0164 -9.80235 9
      vertex -23.3658 -16.4905 9
      vertex -23.1505 -16.3611 9
    endloop
  endfacet
  facet normal 0 0 1
    outer loop
      vertex -22.0164 -9.80235 9
      vertex -23.5665 -16.6416 9
      vertex -23.3658 -16.4905 9
    endloop
  endfacet
  facet normal 0 0 1
    outer loop
      vertex -34.0385 -8.01103 9
      vertex -22.9205 -7.44731 9
      vertex -23.5734 -5.01067 9
    endloop
  endfacet
  facet normal 0 0 1
    outer loop
      vertex -22.0164 -9.80235 9
      vertex -23.7502 -16.813 9
      vertex -23.5665 -16.6416 9
    endloop
  endfacet
  facet normal 0 0 1
    outer loop
      vertex -22.0164 -9.80235 9
      vertex -34.0385 -8.01103 9
      vertex -23.7502 -16.813 9
    endloop
  endfacet
  facet normal 0 0 1
    outer loop
      vertex -24.1 0 9
      vertex -34.0385 -8.01103 9
      vertex -23.968 -2.51914 9
    endloop
  endfacet
  facet normal 0 0 1
    outer loop
      vertex -23.7502 -16.813 9
      vertex -34.0385 -8.01103 9
      vertex -23.915 -17.0026 9
    endloop
  endfacet
  facet normal 0 -0 1
    outer loop
      vertex -34.0385 -8.01103 9
      vertex -24.1 0 9
      vertex -34.0896 7.8202 9
    endloop
  endfacet
  facet normal 0 0 1
    outer loop
      vertex -22.9205 7.44731 9
      vertex -34.0896 7.8202 9
      vertex -23.5734 5.01067 9
    endloop
  endfacet
  facet normal 0 0 1
    outer loop
      vertex -23.915 -17.0026 9
      vertex -34.0385 -8.01103 9
      vertex -24.0591 -17.2083 9
    endloop
  endfacet
  facet normal 0 0 1
    outer loop
      vertex -34.0896 7.8202 9
      vertex -24.3525 17.8995 9
      vertex -24.4004 18.1461 9
    endloop
  endfacet
  facet normal 0 0 1
    outer loop
      vertex -24.0591 -17.2083 9
      vertex -34.0385 -8.01103 9
      vertex -24.1809 -17.4281 9
    endloop
  endfacet
  facet normal 0 0 1
    outer loop
      vertex -24.4223 18.3964 9
      vertex -34.0896 7.8202 9
      vertex -24.4004 18.1461 9
    endloop
  endfacet
  facet normal 0 0 1
    outer loop
      vertex -23.968 -2.51914 9
      vertex -34.0385 -8.01103 9
      vertex -23.5734 -5.01067 9
    endloop
  endfacet
  facet normal 0 0 1
    outer loop
      vertex -24.4179 18.6476 9
      vertex -34.0896 7.8202 9
      vertex -24.4223 18.3964 9
    endloop
  endfacet
  facet normal 0 0 1
    outer loop
      vertex -24.1809 -17.4281 9
      vertex -34.0385 -8.01103 9
      vertex -24.279 -17.6593 9
    endloop
  endfacet
  facet normal 0 0 1
    outer loop
      vertex -24.3873 18.8969 9
      vertex -34.0896 7.8202 9
      vertex -24.4179 18.6476 9
    endloop
  endfacet
  facet normal 0 0 1
    outer loop
      vertex -24.279 -17.6593 9
      vertex -34.0385 -8.01103 9
      vertex -24.3525 -17.8995 9
    endloop
  endfacet
  facet normal 0 0 1
    outer loop
      vertex -20.3566 -16.7537 9
      vertex -17.9098 -16.126 9
      vertex -19.4973 -14.1656 9
    endloop
  endfacet
  facet normal 0 0 1
    outer loop
      vertex -19.6471 -18.8142 9
      vertex -17.9098 -16.126 9
      vertex -19.6252 -18.5639 9
    endloop
  endfacet
  facet normal 0 0 1
    outer loop
      vertex -19.6951 -19.0608 9
      vertex -17.9098 -16.126 9
      vertex -19.6471 -18.8142 9
    endloop
  endfacet
  facet normal 0 0 1
    outer loop
      vertex -19.7685 -19.301 9
      vertex -17.9098 -16.126 9
      vertex -19.6951 -19.0608 9
    endloop
  endfacet
  facet normal 0 0 1
    outer loop
      vertex -19.8667 -19.5322 9
      vertex -17.9098 -16.126 9
      vertex -19.7685 -19.301 9
    endloop
  endfacet
  facet normal 0 0 1
    outer loop
      vertex -17.9098 -16.126 9
      vertex -19.8667 -19.5322 9
      vertex -18.3555 -38.5927 9
    endloop
  endfacet
  facet normal -0 0 1
    outer loop
      vertex -19.9885 -19.7519 9
      vertex -18.3555 -38.5927 9
      vertex -19.8667 -19.5322 9
    endloop
  endfacet
  facet normal -0 0 1
    outer loop
      vertex -20.1326 -19.9577 9
      vertex -18.3555 -38.5927 9
      vertex -19.9885 -19.7519 9
    endloop
  endfacet
  facet normal -0 0 1
    outer loop
      vertex -20.2974 -20.1473 9
      vertex -18.3555 -38.5927 9
      vertex -20.1326 -19.9577 9
    endloop
  endfacet
  facet normal -0 0 1
    outer loop
      vertex -20.4811 -20.3186 9
      vertex -18.3555 -38.5927 9
      vertex -20.2974 -20.1473 9
    endloop
  endfacet
  facet normal -0 0 1
    outer loop
      vertex -20.6817 -20.4698 9
      vertex -18.3555 -38.5927 9
      vertex -20.4811 -20.3186 9
    endloop
  endfacet
  facet normal -0 0 1
    outer loop
      vertex -20.897 -20.5992 9
      vertex -18.3555 -38.5927 9
      vertex -20.6817 -20.4698 9
    endloop
  endfacet
  facet normal 0 0 1
    outer loop
      vertex -24.2445 -35.1927 9
      vertex -20.897 -20.5992 9
      vertex -21.1247 -20.7054 9
    endloop
  endfacet
  facet normal 0 0 1
    outer loop
      vertex -24.2445 -35.1927 9
      vertex -21.1247 -20.7054 9
      vertex -21.3622 -20.7872 9
    endloop
  endfacet
  facet normal 0 0 1
    outer loop
      vertex -24.2445 -35.1927 9
      vertex -21.3622 -20.7872 9
      vertex -21.607 -20.8437 9
    endloop
  endfacet
  facet normal 0 0 1
    outer loop
      vertex -24.2445 -35.1927 9
      vertex -21.607 -20.8437 9
      vertex -21.8564 -20.8743 9
    endloop
  endfacet
  facet normal 0 0 1
    outer loop
      vertex -24.2445 -35.1927 9
      vertex -21.8564 -20.8743 9
      vertex -22.1075 -20.8787 9
    endloop
  endfacet
  facet normal 0 0 1
    outer loop
      vertex -24.2445 -35.1927 9
      vertex -22.1075 -20.8787 9
      vertex -22.3578 -20.8568 9
    endloop
  endfacet
  facet normal 0 0 1
    outer loop
      vertex -24.2445 -35.1927 9
      vertex -22.3578 -20.8568 9
      vertex -22.6044 -20.8089 9
    endloop
  endfacet
  facet normal 0 0 1
    outer loop
      vertex -24.2445 -35.1927 9
      vertex -22.6044 -20.8089 9
      vertex -22.8446 -20.7354 9
    endloop
  endfacet
  facet normal 0 0 1
    outer loop
      vertex -24.2445 -35.1927 9
      vertex -22.8446 -20.7354 9
      vertex -23.0759 -20.6372 9
    endloop
  endfacet
  facet normal 0 0 1
    outer loop
      vertex -24.2445 -35.1927 9
      vertex -23.0759 -20.6372 9
      vertex -23.2956 -20.5155 9
    endloop
  endfacet
  facet normal 0 0 1
    outer loop
      vertex -35.1927 -24.2445 9
      vertex -23.2956 -20.5155 9
      vertex -23.5014 -20.3714 9
    endloop
  endfacet
  facet normal 0 0 1
    outer loop
      vertex -35.1927 -24.2445 9
      vertex -23.5014 -20.3714 9
      vertex -23.691 -20.2066 9
    endloop
  endfacet
  facet normal 0 0 1
    outer loop
      vertex -35.1927 -24.2445 9
      vertex -23.691 -20.2066 9
      vertex -23.8623 -20.0228 9
    endloop
  endfacet
  facet normal 0 0 1
    outer loop
      vertex -35.1927 -24.2445 9
      vertex -23.8623 -20.0228 9
      vertex -24.0135 -19.8222 9
    endloop
  endfacet
  facet normal 0 0 1
    outer loop
      vertex -35.1927 -24.2445 9
      vertex -24.0135 -19.8222 9
      vertex -24.1429 -19.6069 9
    endloop
  endfacet
  facet normal 0 0 1
    outer loop
      vertex -20.897 -20.5992 9
      vertex -24.2445 -35.1927 9
      vertex -18.3555 -38.5927 9
    endloop
  endfacet
  facet normal 0 0 1
    outer loop
      vertex -35.1927 -24.2445 9
      vertex -24.1429 -19.6069 9
      vertex -24.249 -19.3792 9
    endloop
  endfacet
  facet normal 0 0 1
    outer loop
      vertex -24.3873 -18.8969 9
      vertex -35.1927 -24.2445 9
      vertex -24.3308 -19.1417 9
    endloop
  endfacet
  facet normal 0 0 1
    outer loop
      vertex -24.4179 -18.6476 9
      vertex -35.1927 -24.2445 9
      vertex -24.3873 -18.8969 9
    endloop
  endfacet
  facet normal 0 0 1
    outer loop
      vertex -24.4223 -18.3964 9
      vertex -35.1927 -24.2445 9
      vertex -24.4179 -18.6476 9
    endloop
  endfacet
  facet normal 0 0 1
    outer loop
      vertex -24.3525 -17.8995 9
      vertex -35.1927 -24.2445 9
      vertex -24.4004 -18.1461 9
    endloop
  endfacet
  facet normal 0 0 1
    outer loop
      vertex -29.6832 40.8554 9
      vertex -26.2336 38.7865 9
      vertex -26.3257 39.1303 9
    endloop
  endfacet
  facet normal 0 0 1
    outer loop
      vertex -23.2956 -20.5155 9
      vertex -35.1927 -24.2445 9
      vertex -24.2445 -35.1927 9
    endloop
  endfacet
  facet normal 0 0 1
    outer loop
      vertex -24.3308 19.1417 9
      vertex -34.0896 7.8202 9
      vertex -24.3873 18.8969 9
    endloop
  endfacet
  facet normal 0 0 1
    outer loop
      vertex -24.3308 -19.1417 9
      vertex -35.1927 -24.2445 9
      vertex -24.249 -19.3792 9
    endloop
  endfacet
  facet normal 0 0 1
    outer loop
      vertex -29.6832 40.8554 9
      vertex -26.3257 39.1303 9
      vertex -26.3814 39.4818 9
    endloop
  endfacet
  facet normal 0 -0 1
    outer loop
      vertex -33.7911 -37.5288 9
      vertex -24.2445 -35.1927 9
      vertex -35.1927 -24.2445 9
    endloop
  endfacet
  facet normal 0 0 1
    outer loop
      vertex -23.5734 5.01067 9
      vertex -34.0896 7.8202 9
      vertex -23.968 2.51914 9
    endloop
  endfacet
  facet normal 0 0 1
    outer loop
      vertex -24.4004 -18.1461 9
      vertex -35.1927 -24.2445 9
      vertex -24.4223 -18.3964 9
    endloop
  endfacet
  facet normal 0 0 1
    outer loop
      vertex -23.968 2.51914 9
      vertex -34.0896 7.8202 9
      vertex -24.1 0 9
    endloop
  endfacet
  facet normal 0 0 1
    outer loop
      vertex -24.2445 -35.1927 9
      vertex -33.7911 -37.5288 9
      vertex -25.9445 -38.1372 9
    endloop
  endfacet
  facet normal 0 0 1
    outer loop
      vertex -29.6832 40.8554 9
      vertex -26.3814 39.4818 9
      vertex -26.4 39.8372 9
    endloop
  endfacet
  facet normal 0 0 1
    outer loop
      vertex -35.1927 -24.2445 9
      vertex -24.3525 -17.8995 9
      vertex -34.0385 -8.01103 9
    endloop
  endfacet
  facet normal -0 -0 1
    outer loop
      vertex -19.7685 19.301 9
      vertex -16.126 17.9098 9
      vertex -19.8667 19.5322 9
    endloop
  endfacet
  facet normal -0 0 1
    outer loop
      vertex -19.6602 18.0634 9
      vertex -16.126 17.9098 9
      vertex -19.6296 18.3127 9
    endloop
  endfacet
  facet normal -0 0 1
    outer loop
      vertex -19.6296 18.3127 9
      vertex -16.126 17.9098 9
      vertex -19.6252 18.5639 9
    endloop
  endfacet
  facet normal -0 -0 1
    outer loop
      vertex -19.6252 18.5639 9
      vertex -16.126 17.9098 9
      vertex -19.6471 18.8142 9
    endloop
  endfacet
  facet normal -0 -0 1
    outer loop
      vertex -19.6471 18.8142 9
      vertex -16.126 17.9098 9
      vertex -19.6951 19.0608 9
    endloop
  endfacet
  facet normal -0 -0 1
    outer loop
      vertex -19.6951 19.0608 9
      vertex -16.126 17.9098 9
      vertex -19.7685 19.301 9
    endloop
  endfacet
  facet normal 0 0 1
    outer loop
      vertex -14.544 19.1909 9
      vertex -19.8667 19.5322 9
      vertex -16.126 17.9098 9
    endloop
  endfacet
  facet normal -0 -0 1
    outer loop
      vertex -19.8667 19.5322 9
      vertex -14.544 19.1909 9
      vertex -19.9885 19.7519 9
    endloop
  endfacet
  facet normal -0 -0 1
    outer loop
      vertex -19.9885 19.7519 9
      vertex -14.544 19.1909 9
      vertex -20.1326 19.9577 9
    endloop
  endfacet
  facet normal -0 -0 1
    outer loop
      vertex -20.1326 19.9577 9
      vertex -14.544 19.1909 9
      vertex -20.2974 20.1473 9
    endloop
  endfacet
  facet normal 0 0 1
    outer loop
      vertex -14.544 19.1909 9
      vertex -20.6817 20.4698 9
      vertex -20.4811 20.3186 9
    endloop
  endfacet
  facet normal 0 0 1
    outer loop
      vertex -9.34783 22.1909 9
      vertex -20.897 20.5992 9
      vertex -20.6817 20.4698 9
    endloop
  endfacet
  facet normal -0 0 1
    outer loop
      vertex -24.2445 35.1927 9
      vertex -20.897 20.5992 9
      vertex -18.3555 38.5927 9
    endloop
  endfacet
  facet normal 0 0 1
    outer loop
      vertex -20.897 20.5992 9
      vertex -24.2445 35.1927 9
      vertex -21.1247 20.7054 9
    endloop
  endfacet
  facet normal 0 0 1
    outer loop
      vertex -21.1247 20.7054 9
      vertex -24.2445 35.1927 9
      vertex -21.3622 20.7872 9
    endloop
  endfacet
  facet normal 0 0 1
    outer loop
      vertex -21.3622 20.7872 9
      vertex -24.2445 35.1927 9
      vertex -21.607 20.8437 9
    endloop
  endfacet
  facet normal 0 0 1
    outer loop
      vertex -21.607 20.8437 9
      vertex -24.2445 35.1927 9
      vertex -21.8564 20.8743 9
    endloop
  endfacet
  facet normal 0 0 1
    outer loop
      vertex -21.8564 20.8743 9
      vertex -24.2445 35.1927 9
      vertex -22.1075 20.8787 9
    endloop
  endfacet
  facet normal 0 0 1
    outer loop
      vertex -22.1075 20.8787 9
      vertex -24.2445 35.1927 9
      vertex -22.3578 20.8568 9
    endloop
  endfacet
  facet normal 0 0 1
    outer loop
      vertex -22.3578 20.8568 9
      vertex -24.2445 35.1927 9
      vertex -22.6044 20.8089 9
    endloop
  endfacet
  facet normal 0 0 1
    outer loop
      vertex -22.6044 20.8089 9
      vertex -24.2445 35.1927 9
      vertex -22.8446 20.7354 9
    endloop
  endfacet
  facet normal 0 0 1
    outer loop
      vertex -22.8446 20.7354 9
      vertex -24.2445 35.1927 9
      vertex -23.0759 20.6372 9
    endloop
  endfacet
  facet normal 0 0 1
    outer loop
      vertex -23.0759 20.6372 9
      vertex -24.2445 35.1927 9
      vertex -23.2956 20.5155 9
    endloop
  endfacet
  facet normal 0 0 1
    outer loop
      vertex -23.2956 20.5155 9
      vertex -24.2445 35.1927 9
      vertex -23.5014 20.3714 9
    endloop
  endfacet
  facet normal 0 0 1
    outer loop
      vertex -23.5014 20.3714 9
      vertex -24.2445 35.1927 9
      vertex -23.691 20.2066 9
    endloop
  endfacet
  facet normal 0 0 1
    outer loop
      vertex -23.691 20.2066 9
      vertex -24.2445 35.1927 9
      vertex -23.8623 20.0228 9
    endloop
  endfacet
  facet normal 0 0 1
    outer loop
      vertex -23.8623 20.0228 9
      vertex -24.2445 35.1927 9
      vertex -24.0135 19.8222 9
    endloop
  endfacet
  facet normal 0 0 1
    outer loop
      vertex -24.0135 19.8222 9
      vertex -24.2445 35.1927 9
      vertex -24.1429 19.6069 9
    endloop
  endfacet
  facet normal 0 0 1
    outer loop
      vertex -29.6832 40.8554 9
      vertex -24.1429 19.6069 9
      vertex -24.2445 35.1927 9
    endloop
  endfacet
  facet normal 0 0 1
    outer loop
      vertex -29.6832 40.8554 9
      vertex -24.2445 35.1927 9
      vertex -25.9445 38.1372 9
    endloop
  endfacet
  facet normal 0 0 1
    outer loop
      vertex -24.1429 19.6069 9
      vertex -29.6832 40.8554 9
      vertex -24.249 19.3792 9
    endloop
  endfacet
  facet normal 0 0 1
    outer loop
      vertex -29.6832 40.8554 9
      vertex -25.9445 38.1372 9
      vertex -26.1061 38.4543 9
    endloop
  endfacet
  facet normal 0 0 1
    outer loop
      vertex -24.249 19.3792 9
      vertex -29.6832 40.8554 9
      vertex -24.3308 19.1417 9
    endloop
  endfacet
  facet normal 0 0 1
    outer loop
      vertex -34.0896 7.8202 9
      vertex -24.3308 19.1417 9
      vertex -29.6832 40.8554 9
    endloop
  endfacet
  facet normal 0 0 1
    outer loop
      vertex -29.6832 40.8554 9
      vertex -26.1061 38.4543 9
      vertex -26.2336 38.7865 9
    endloop
  endfacet
  facet normal 0 0 1
    outer loop
      vertex -16.126 17.9098 9
      vertex -19.6602 18.0634 9
      vertex -17.9098 16.126 9
    endloop
  endfacet
  facet normal -0 0 1
    outer loop
      vertex -19.7167 17.8186 9
      vertex -17.9098 16.126 9
      vertex -19.6602 18.0634 9
    endloop
  endfacet
  facet normal -0 0 1
    outer loop
      vertex -19.7985 17.5811 9
      vertex -17.9098 16.126 9
      vertex -19.7167 17.8186 9
    endloop
  endfacet
  facet normal -0 0 1
    outer loop
      vertex -19.9047 17.3534 9
      vertex -17.9098 16.126 9
      vertex -19.7985 17.5811 9
    endloop
  endfacet
  facet normal -0 0 1
    outer loop
      vertex -20.0341 17.1381 9
      vertex -17.9098 16.126 9
      vertex -19.9047 17.3534 9
    endloop
  endfacet
  facet normal -0 0 1
    outer loop
      vertex -20.1853 16.9375 9
      vertex -17.9098 16.126 9
      vertex -20.0341 17.1381 9
    endloop
  endfacet
  facet normal -0 0 1
    outer loop
      vertex -20.3566 16.7537 9
      vertex -17.9098 16.126 9
      vertex -20.1853 16.9375 9
    endloop
  endfacet
  facet normal 0 0 1
    outer loop
      vertex -17.9098 16.126 9
      vertex -20.3566 16.7537 9
      vertex -19.4973 14.1656 9
    endloop
  endfacet
  facet normal -0 0 1
    outer loop
      vertex -20.5462 16.5889 9
      vertex -19.4973 14.1656 9
      vertex -20.3566 16.7537 9
    endloop
  endfacet
  facet normal -0 0 1
    outer loop
      vertex -20.752 16.4448 9
      vertex -19.4973 14.1656 9
      vertex -20.5462 16.5889 9
    endloop
  endfacet
  facet normal -0 0 1
    outer loop
      vertex -20.9717 16.323 9
      vertex -19.4973 14.1656 9
      vertex -20.752 16.4448 9
    endloop
  endfacet
  facet normal -0 0 1
    outer loop
      vertex -21.2029 16.2249 9
      vertex -19.4973 14.1656 9
      vertex -20.9717 16.323 9
    endloop
  endfacet
  facet normal -0 0 1
    outer loop
      vertex -21.4432 16.1514 9
      vertex -19.4973 14.1656 9
      vertex -21.2029 16.2249 9
    endloop
  endfacet
  facet normal -0 0 1
    outer loop
      vertex -21.6898 16.1035 9
      vertex -19.4973 14.1656 9
      vertex -21.4432 16.1514 9
    endloop
  endfacet
  facet normal 0 0 1
    outer loop
      vertex -19.4973 14.1656 9
      vertex -21.6898 16.1035 9
      vertex -20.8712 12.05 9
    endloop
  endfacet
  facet normal -0 0 1
    outer loop
      vertex -21.94 16.0816 9
      vertex -20.8712 12.05 9
      vertex -21.6898 16.1035 9
    endloop
  endfacet
  facet normal 0 0 1
    outer loop
      vertex -22.1912 16.086 9
      vertex -20.8712 12.05 9
      vertex -21.94 16.0816 9
    endloop
  endfacet
  facet normal 0 0 1
    outer loop
      vertex -22.4405 16.1166 9
      vertex -20.8712 12.05 9
      vertex -22.1912 16.086 9
    endloop
  endfacet
  facet normal 0 0 1
    outer loop
      vertex -22.6853 16.1731 9
      vertex -20.8712 12.05 9
      vertex -22.4405 16.1166 9
    endloop
  endfacet
  facet normal 0 0 1
    outer loop
      vertex -22.9228 16.2549 9
      vertex -20.8712 12.05 9
      vertex -22.6853 16.1731 9
    endloop
  endfacet
  facet normal 0 0 1
    outer loop
      vertex -23.1505 16.3611 9
      vertex -20.8712 12.05 9
      vertex -22.9228 16.2549 9
    endloop
  endfacet
  facet normal 0 0 1
    outer loop
      vertex -20.8712 12.05 9
      vertex -23.1505 16.3611 9
      vertex -22.0164 9.80235 9
    endloop
  endfacet
  facet normal 0 0 1
    outer loop
      vertex -23.3658 16.4905 9
      vertex -22.0164 9.80235 9
      vertex -23.1505 16.3611 9
    endloop
  endfacet
  facet normal 0 0 1
    outer loop
      vertex -23.5665 16.6416 9
      vertex -22.0164 9.80235 9
      vertex -23.3658 16.4905 9
    endloop
  endfacet
  facet normal 0 0 1
    outer loop
      vertex -23.7502 16.813 9
      vertex -22.0164 9.80235 9
      vertex -23.5665 16.6416 9
    endloop
  endfacet
  facet normal 0 0 1
    outer loop
      vertex -34.0896 7.8202 9
      vertex -22.0164 9.80235 9
      vertex -23.7502 16.813 9
    endloop
  endfacet
  facet normal 0 0 1
    outer loop
      vertex -34.0896 7.8202 9
      vertex -23.7502 16.813 9
      vertex -23.915 17.0026 9
    endloop
  endfacet
  facet normal 0 0 1
    outer loop
      vertex -34.0896 7.8202 9
      vertex -23.915 17.0026 9
      vertex -24.0591 17.2083 9
    endloop
  endfacet
  facet normal 0 0 1
    outer loop
      vertex -34.0896 7.8202 9
      vertex -24.0591 17.2083 9
      vertex -24.1809 17.4281 9
    endloop
  endfacet
  facet normal 0 0 1
    outer loop
      vertex -22.0164 9.80235 9
      vertex -34.0896 7.8202 9
      vertex -22.9205 7.44731 9
    endloop
  endfacet
  facet normal 0 0 1
    outer loop
      vertex -34.0896 7.8202 9
      vertex -24.1809 17.4281 9
      vertex -24.279 17.6593 9
    endloop
  endfacet
  facet normal 0 0 1
    outer loop
      vertex -34.0896 7.8202 9
      vertex -24.279 17.6593 9
      vertex -24.3525 17.8995 9
    endloop
  endfacet
  facet normal 0 0 1
    outer loop
      vertex -3.09093 1.0043 9
      vertex -7.60845 2.47214 9
      vertex -3.17898 0.675713 9
    endloop
  endfacet
  facet normal -0 0 1
    outer loop
      vertex -7.82518 1.66329 9
      vertex -3.17898 0.675713 9
      vertex -7.60845 2.47214 9
    endloop
  endfacet
  facet normal 0 -0 1
    outer loop
      vertex -6.47214 -4.70228 9
      vertex -3.25 0 9
      vertex -6.9282 -4 9
    endloop
  endfacet
  facet normal 0 0 1
    outer loop
      vertex -3.25 0 9
      vertex -6.47214 -4.70228 9
      vertex -6.30099 -4.91363 9
    endloop
  endfacet
  facet normal 0 0 1
    outer loop
      vertex -3.17898 0.675713 9
      vertex -7.82518 1.66329 9
      vertex -3.2322 0.339717 9
    endloop
  endfacet
  facet normal 0 0 1
    outer loop
      vertex -3.25 0 9
      vertex -7.30836 -3.25389 9
      vertex -6.9282 -4 9
    endloop
  endfacet
  facet normal -0 0 1
    outer loop
      vertex -7.95617 0.836227 9
      vertex -3.2322 0.339717 9
      vertex -7.82518 1.66329 9
    endloop
  endfacet
  facet normal 0 0 1
    outer loop
      vertex -3.25 0 9
      vertex -7.60845 -2.47214 9
      vertex -7.30836 -3.25389 9
    endloop
  endfacet
  facet normal 0 0 1
    outer loop
      vertex -3.2322 0.339717 9
      vertex -7.95617 0.836227 9
      vertex -3.25 0 9
    endloop
  endfacet
  facet normal 0 0 1
    outer loop
      vertex -3.25 0 9
      vertex -7.82518 -1.66329 9
      vertex -7.60845 -2.47214 9
    endloop
  endfacet
  facet normal 0 0 1
    outer loop
      vertex -8 0 9
      vertex -3.25 0 9
      vertex -7.95617 0.836227 9
    endloop
  endfacet
  facet normal 0 0 1
    outer loop
      vertex -3.25 0 9
      vertex -7.95617 -0.836227 9
      vertex -7.82518 -1.66329 9
    endloop
  endfacet
  facet normal 0 0 1
    outer loop
      vertex -3.25 0 9
      vertex -8 0 9
      vertex -7.95617 -0.836227 9
    endloop
  endfacet
  facet normal -0 0 1
    outer loop
      vertex 0 -24.1 9
      vertex 10.2111 -33.449 9
      vertex 2.51914 -23.968 9
    endloop
  endfacet
  facet normal 0 0 1
    outer loop
      vertex 10.2111 -33.449 9
      vertex 0 -24.1 9
      vertex 3.4 -42.6 9
    endloop
  endfacet
  facet normal 0 0 1
    outer loop
      vertex -3.4 -42.6 9
      vertex 0 -24.1 9
      vertex -2.51914 -23.968 9
    endloop
  endfacet
  facet normal 0 0 1
    outer loop
      vertex 0 -24.1 9
      vertex -3.4 -42.6 9
      vertex 3.4 -42.6 9
    endloop
  endfacet
  facet normal -0 0 1
    outer loop
      vertex -18.3555 -38.5927 9
      vertex -3.4 -42.6 9
      vertex -5.01067 -23.5734 9
    endloop
  endfacet
  facet normal 0 0 1
    outer loop
      vertex -5.01067 -23.5734 9
      vertex -3.4 -42.6 9
      vertex -2.51914 -23.968 9
    endloop
  endfacet
  facet normal 0 0 1
    outer loop
      vertex 3.4 42.6 9
      vertex 14.671 48.2787 9
      vertex 10.4995 49.3965 9
    endloop
  endfacet
  facet normal 0 0 1
    outer loop
      vertex 14.671 48.2787 9
      vertex 3.4 42.6 9
      vertex 10.1427 33.4673 9
    endloop
  endfacet
  facet normal 0 0 1
    outer loop
      vertex 0 24.1 9
      vertex 10.1427 33.4673 9
      vertex 3.4 42.6 9
    endloop
  endfacet
  facet normal 0 0 1
    outer loop
      vertex 3.38137 46.3554 9
      vertex 10.4995 49.3965 9
      vertex 5.27869 50.2234 9
    endloop
  endfacet
  facet normal 0 0 1
    outer loop
      vertex 10.8156 33.287 9
      vertex 7.44731 22.9205 9
      vertex 9.80235 22.0164 9
    endloop
  endfacet
  facet normal 0 0 1
    outer loop
      vertex 10.4995 49.3965 9
      vertex 3.4 46 9
      vertex 3.4 42.6 9
    endloop
  endfacet
  facet normal 0 0 1
    outer loop
      vertex 10.4995 49.3965 9
      vertex 3.38137 46.3554 9
      vertex 3.4 46 9
    endloop
  endfacet
  facet normal 0 0 1
    outer loop
      vertex 5.27869 50.2234 9
      vertex 3.3257 46.7069 9
      vertex 3.38137 46.3554 9
    endloop
  endfacet
  facet normal 0 0 1
    outer loop
      vertex 5.27869 50.2234 9
      vertex 3.23359 47.0507 9
      vertex 3.3257 46.7069 9
    endloop
  endfacet
  facet normal 0 0 1
    outer loop
      vertex 5.27869 50.2234 9
      vertex 3.10605 47.3829 9
      vertex 3.23359 47.0507 9
    endloop
  endfacet
  facet normal 0 0 1
    outer loop
      vertex 5.27869 50.2234 9
      vertex 2.94449 47.7 9
      vertex 3.10605 47.3829 9
    endloop
  endfacet
  facet normal 0 0 1
    outer loop
      vertex 5.27869 50.2234 9
      vertex 2.75066 47.9985 9
      vertex 2.94449 47.7 9
    endloop
  endfacet
  facet normal 0 0 1
    outer loop
      vertex 5.27869 50.2234 9
      vertex 2.52669 48.275 9
      vertex 2.75066 47.9985 9
    endloop
  endfacet
  facet normal 0 0 1
    outer loop
      vertex 5.27869 50.2234 9
      vertex 2.27504 48.5267 9
      vertex 2.52669 48.275 9
    endloop
  endfacet
  facet normal 0 0 1
    outer loop
      vertex 5.27869 50.2234 9
      vertex 1.99847 48.7507 9
      vertex 2.27504 48.5267 9
    endloop
  endfacet
  facet normal 0 0 1
    outer loop
      vertex 5.27869 50.2234 9
      vertex 1.7 48.9445 9
      vertex 1.99847 48.7507 9
    endloop
  endfacet
  facet normal 0 0 1
    outer loop
      vertex 5.27869 50.2234 9
      vertex 1.3829 49.1061 9
      vertex 1.7 48.9445 9
    endloop
  endfacet
  facet normal 0 0 1
    outer loop
      vertex 0 50.5 9
      vertex 1.3829 49.1061 9
      vertex 5.27869 50.2234 9
    endloop
  endfacet
  facet normal 0 0 1
    outer loop
      vertex 1.3829 49.1061 9
      vertex 0 50.5 9
      vertex 1.05066 49.2336 9
    endloop
  endfacet
  facet normal 0 0 1
    outer loop
      vertex 1.05066 49.2336 9
      vertex 0 50.5 9
      vertex 0.7069 49.3257 9
    endloop
  endfacet
  facet normal 0 0 1
    outer loop
      vertex 0.7069 49.3257 9
      vertex 0 50.5 9
      vertex 0.355396 49.3814 9
    endloop
  endfacet
  facet normal 0 0 1
    outer loop
      vertex 0.355396 49.3814 9
      vertex 0 50.5 9
      vertex 1.0969e-014 49.4 9
    endloop
  endfacet
  facet normal 0 0 1
    outer loop
      vertex 0 50.5 9
      vertex -0.355396 49.3814 9
      vertex 1.0969e-014 49.4 9
    endloop
  endfacet
  facet normal 0 0 1
    outer loop
      vertex 0 50.5 9
      vertex -0.7069 49.3257 9
      vertex -0.355396 49.3814 9
    endloop
  endfacet
  facet normal 0 0 1
    outer loop
      vertex 0 50.5 9
      vertex -1.05066 49.2336 9
      vertex -0.7069 49.3257 9
    endloop
  endfacet
  facet normal 0 0 1
    outer loop
      vertex 0 50.5 9
      vertex -1.3829 49.1061 9
      vertex -1.05066 49.2336 9
    endloop
  endfacet
  facet normal -0 0 1
    outer loop
      vertex -5.27869 50.2234 9
      vertex -1.3829 49.1061 9
      vertex 0 50.5 9
    endloop
  endfacet
  facet normal 0 0 1
    outer loop
      vertex -1.3829 49.1061 9
      vertex -5.27869 50.2234 9
      vertex -1.7 48.9445 9
    endloop
  endfacet
  facet normal 0 0 1
    outer loop
      vertex -1.7 48.9445 9
      vertex -5.27869 50.2234 9
      vertex -1.99847 48.7507 9
    endloop
  endfacet
  facet normal 0 0 1
    outer loop
      vertex -10.4995 49.3965 9
      vertex -3.4 42.6 9
      vertex -3.4 46 9
    endloop
  endfacet
  facet normal 0 0 1
    outer loop
      vertex -10.4995 49.3965 9
      vertex -3.4 46 9
      vertex -3.38137 46.3554 9
    endloop
  endfacet
  facet normal 0 0 1
    outer loop
      vertex -1.99847 48.7507 9
      vertex -5.27869 50.2234 9
      vertex -2.27504 48.5267 9
    endloop
  endfacet
  facet normal 0 0 1
    outer loop
      vertex -5.27869 50.2234 9
      vertex -2.52669 48.275 9
      vertex -2.27504 48.5267 9
    endloop
  endfacet
  facet normal 0 0 1
    outer loop
      vertex -5.27869 50.2234 9
      vertex -2.75066 47.9985 9
      vertex -2.52669 48.275 9
    endloop
  endfacet
  facet normal 0 0 1
    outer loop
      vertex -5.27869 50.2234 9
      vertex -2.94449 47.7 9
      vertex -2.75066 47.9985 9
    endloop
  endfacet
  facet normal 0 0 1
    outer loop
      vertex -5.27869 50.2234 9
      vertex -3.10605 47.3829 9
      vertex -2.94449 47.7 9
    endloop
  endfacet
  facet normal 0 0 1
    outer loop
      vertex -5.27869 50.2234 9
      vertex -3.23359 47.0507 9
      vertex -3.10605 47.3829 9
    endloop
  endfacet
  facet normal 0 0 1
    outer loop
      vertex -5.27869 50.2234 9
      vertex -3.3257 46.7069 9
      vertex -3.23359 47.0507 9
    endloop
  endfacet
  facet normal 0 0 1
    outer loop
      vertex -5.27869 50.2234 9
      vertex -3.38137 46.3554 9
      vertex -3.3257 46.7069 9
    endloop
  endfacet
  facet normal -0 0 1
    outer loop
      vertex -10.4995 49.3965 9
      vertex -3.38137 46.3554 9
      vertex -5.27869 50.2234 9
    endloop
  endfacet
  facet normal 0 0 1
    outer loop
      vertex -18.3555 38.5927 9
      vertex -3.4 42.6 9
      vertex -10.4995 49.3965 9
    endloop
  endfacet
  facet normal 0 0 1
    outer loop
      vertex -3.4 42.6 9
      vertex -7.44731 22.9205 9
      vertex -5.01067 23.5734 9
    endloop
  endfacet
  facet normal -0 0 1
    outer loop
      vertex -18.3555 38.5927 9
      vertex -7.44731 22.9205 9
      vertex -3.4 42.6 9
    endloop
  endfacet
  facet normal 0 0 1
    outer loop
      vertex 10.1427 33.4673 9
      vertex 5.01067 23.5734 9
      vertex 7.44731 22.9205 9
    endloop
  endfacet
  facet normal 0 0 1
    outer loop
      vertex 10.1427 33.4673 9
      vertex 2.51914 23.968 9
      vertex 5.01067 23.5734 9
    endloop
  endfacet
  facet normal 0 0 1
    outer loop
      vertex 10.1427 33.4673 9
      vertex 0 24.1 9
      vertex 2.51914 23.968 9
    endloop
  endfacet
  facet normal -0 0 1
    outer loop
      vertex -3.4 42.6 9
      vertex 0 24.1 9
      vertex 3.4 42.6 9
    endloop
  endfacet
  facet normal 0 0 1
    outer loop
      vertex 0 24.1 9
      vertex -3.4 42.6 9
      vertex -2.51914 23.968 9
    endloop
  endfacet
  facet normal 0 0 1
    outer loop
      vertex -2.51914 23.968 9
      vertex -3.4 42.6 9
      vertex -5.01067 23.5734 9
    endloop
  endfacet
  facet normal -0 0 1
    outer loop
      vertex 2.6293 -1.9103 9
      vertex 6.47214 -4.70228 9
      vertex 2.81458 -1.625 9
    endloop
  endfacet
  facet normal 0 0 1
    outer loop
      vertex 6.47214 -4.70228 9
      vertex 2.6293 -1.9103 9
      vertex 5.94516 -5.35304 9
    endloop
  endfacet
  facet normal -0 0 1
    outer loop
      vertex 2.41522 -2.17467 9
      vertex 5.94516 -5.35304 9
      vertex 2.6293 -1.9103 9
    endloop
  endfacet
  facet normal 0 0 1
    outer loop
      vertex 5.94516 -5.35304 9
      vertex 2.41522 -2.17467 9
      vertex 5.35304 -5.94516 9
    endloop
  endfacet
  facet normal -0 0 1
    outer loop
      vertex 2.17467 -2.41522 9
      vertex 5.35304 -5.94516 9
      vertex 2.41522 -2.17467 9
    endloop
  endfacet
  facet normal 0 0 1
    outer loop
      vertex 5.35304 -5.94516 9
      vertex 2.17467 -2.41522 9
      vertex 4.70228 -6.47214 9
    endloop
  endfacet
  facet normal -0 0 1
    outer loop
      vertex 1.9103 -2.6293 9
      vertex 4.70228 -6.47214 9
      vertex 2.17467 -2.41522 9
    endloop
  endfacet
  facet normal 0 0 1
    outer loop
      vertex 4.70228 -6.47214 9
      vertex 1.9103 -2.6293 9
      vertex 4 -6.9282 9
    endloop
  endfacet
  facet normal -0 0 1
    outer loop
      vertex 1.625 -2.81458 9
      vertex 4 -6.9282 9
      vertex 1.9103 -2.6293 9
    endloop
  endfacet
  facet normal 0 0 1
    outer loop
      vertex 4 -6.9282 9
      vertex 1.625 -2.81458 9
      vertex 3.25389 -7.30836 9
    endloop
  endfacet
  facet normal -0 0 1
    outer loop
      vertex 1.32189 -2.96902 9
      vertex 3.25389 -7.30836 9
      vertex 1.625 -2.81458 9
    endloop
  endfacet
  facet normal 0 0 1
    outer loop
      vertex 3.25389 -7.30836 9
      vertex 1.32189 -2.96902 9
      vertex 2.47214 -7.60845 9
    endloop
  endfacet
  facet normal -0 0 1
    outer loop
      vertex 1.0043 -3.09093 9
      vertex 2.47214 -7.60845 9
      vertex 1.32189 -2.96902 9
    endloop
  endfacet
  facet normal 0 0 1
    outer loop
      vertex 2.47214 -7.60845 9
      vertex 1.0043 -3.09093 9
      vertex 1.66329 -7.82518 9
    endloop
  endfacet
  facet normal -0 0 1
    outer loop
      vertex 0.675713 -3.17898 9
      vertex 1.66329 -7.82518 9
      vertex 1.0043 -3.09093 9
    endloop
  endfacet
  facet normal 0 0 1
    outer loop
      vertex 1.66329 -7.82518 9
      vertex 0.675713 -3.17898 9
      vertex 0.836227 -7.95617 9
    endloop
  endfacet
  facet normal -0 0 1
    outer loop
      vertex 0.339717 -3.2322 9
      vertex 0.836227 -7.95617 9
      vertex 0.675713 -3.17898 9
    endloop
  endfacet
  facet normal -0 0 1
    outer loop
      vertex 0 -3.25 9
      vertex 0.836227 -7.95617 9
      vertex 0.339717 -3.2322 9
    endloop
  endfacet
  facet normal 0 0 1
    outer loop
      vertex 0 -3.25 9
      vertex 0 -8 9
      vertex 0.836227 -7.95617 9
    endloop
  endfacet
  facet normal 0 0 1
    outer loop
      vertex -0.339717 -3.2322 9
      vertex 0 -8 9
      vertex 0 -3.25 9
    endloop
  endfacet
  facet normal 0 0 1
    outer loop
      vertex -1.10484 -7.91363 9
      vertex -0.339717 -3.2322 9
      vertex -0.675713 -3.17898 9
    endloop
  endfacet
  facet normal 0 0 1
    outer loop
      vertex -0.339717 -3.2322 9
      vertex -0.836227 -7.95617 9
      vertex 0 -8 9
    endloop
  endfacet
  facet normal 0 0 1
    outer loop
      vertex -1.10484 -7.91363 9
      vertex -0.675713 -3.17898 9
      vertex -1.0043 -3.09093 9
    endloop
  endfacet
  facet normal 0 0 1
    outer loop
      vertex -0.339717 -3.2322 9
      vertex -1.10484 -7.91363 9
      vertex -0.836227 -7.95617 9
    endloop
  endfacet
  facet normal 0 0 1
    outer loop
      vertex -1.32189 -2.96902 9
      vertex -1.10484 -7.91363 9
      vertex -1.0043 -3.09093 9
    endloop
  endfacet
  facet normal 0 0 1
    outer loop
      vertex -1.625 -2.81458 9
      vertex -1.10484 -7.91363 9
      vertex -1.32189 -2.96902 9
    endloop
  endfacet
  facet normal 0 0 1
    outer loop
      vertex -6.30099 -4.91363 9
      vertex -1.625 -2.81458 9
      vertex -1.9103 -2.6293 9
    endloop
  endfacet
  facet normal 0 0 1
    outer loop
      vertex -6.30099 -4.91363 9
      vertex -1.9103 -2.6293 9
      vertex -2.17467 -2.41522 9
    endloop
  endfacet
  facet normal 0 0 1
    outer loop
      vertex -6.30099 -4.91363 9
      vertex -2.17467 -2.41522 9
      vertex -2.41522 -2.17467 9
    endloop
  endfacet
  facet normal 0 0 1
    outer loop
      vertex -6.30099 -4.91363 9
      vertex -2.41522 -2.17467 9
      vertex -2.6293 -1.9103 9
    endloop
  endfacet
  facet normal 0 0 1
    outer loop
      vertex -6.30099 -4.91363 9
      vertex -2.6293 -1.9103 9
      vertex -2.81458 -1.625 9
    endloop
  endfacet
  facet normal 0 0 1
    outer loop
      vertex -6.30099 -4.91363 9
      vertex -2.81458 -1.625 9
      vertex -2.96902 -1.32189 9
    endloop
  endfacet
  facet normal 0 0 1
    outer loop
      vertex -6.30099 -4.91363 9
      vertex -2.96902 -1.32189 9
      vertex -3.09093 -1.0043 9
    endloop
  endfacet
  facet normal -0 0 1
    outer loop
      vertex -7.60845 2.47214 9
      vertex -3.09093 1.0043 9
      vertex -7.30836 3.25389 9
    endloop
  endfacet
  facet normal 0 0 1
    outer loop
      vertex -3.25 0 9
      vertex -6.30099 -4.91363 9
      vertex -3.2322 -0.339717 9
    endloop
  endfacet
  facet normal 0 0 1
    outer loop
      vertex -3.2322 -0.339717 9
      vertex -6.30099 -4.91363 9
      vertex -3.17898 -0.675713 9
    endloop
  endfacet
  facet normal 0 0 1
    outer loop
      vertex -3.17898 -0.675713 9
      vertex -6.30099 -4.91363 9
      vertex -3.09093 -1.0043 9
    endloop
  endfacet
  facet normal 0 0 1
    outer loop
      vertex -1.625 -2.81458 9
      vertex -6.30099 -4.91363 9
      vertex -1.10484 -7.91363 9
    endloop
  endfacet
  facet normal 0 0 1
    outer loop
      vertex -6.30099 -4.91363 9
      vertex -9.34783 -22.1909 9
      vertex -1.10484 -7.91363 9
    endloop
  endfacet
  facet normal -0 0 1
    outer loop
      vertex -14.544 -19.1909 9
      vertex -9.34783 -22.1909 9
      vertex -6.30099 -4.91363 9
    endloop
  endfacet
  facet normal 0 0 1
    outer loop
      vertex -18.3555 -38.5927 9
      vertex -9.34783 -22.1909 9
      vertex -14.544 -19.1909 9
    endloop
  endfacet
  facet normal 0 0 1
    outer loop
      vertex -3.38137 -46.3554 9
      vertex -10.4995 -49.3965 9
      vertex -5.27869 -50.2234 9
    endloop
  endfacet
  facet normal 0 0 1
    outer loop
      vertex -18.3555 -38.5927 9
      vertex -14.544 -19.1909 9
      vertex -16.126 -17.9098 9
    endloop
  endfacet
  facet normal 0 0 1
    outer loop
      vertex -18.3555 -38.5927 9
      vertex -16.126 -17.9098 9
      vertex -17.9098 -16.126 9
    endloop
  endfacet
  facet normal 0 0 1
    outer loop
      vertex -10.4995 -49.3965 9
      vertex -18.3555 -38.5927 9
      vertex -15.6054 -48.0284 9
    endloop
  endfacet
  facet normal -0 0 1
    outer loop
      vertex -20.0555 -41.5372 9
      vertex -15.6054 -48.0284 9
      vertex -18.3555 -38.5927 9
    endloop
  endfacet
  facet normal -0 0 1
    outer loop
      vertex -20.2493 -41.8356 9
      vertex -15.6054 -48.0284 9
      vertex -20.0555 -41.5372 9
    endloop
  endfacet
  facet normal 0 0 1
    outer loop
      vertex -20.5402 -46.134 9
      vertex -20.2493 -41.8356 9
      vertex -20.4733 -42.1122 9
    endloop
  endfacet
  facet normal 0 0 1
    outer loop
      vertex -20.2493 -41.8356 9
      vertex -20.5402 -46.134 9
      vertex -15.6054 -48.0284 9
    endloop
  endfacet
  facet normal -0 0 1
    outer loop
      vertex -20.725 -42.3639 9
      vertex -20.5402 -46.134 9
      vertex -20.4733 -42.1122 9
    endloop
  endfacet
  facet normal -0 0 1
    outer loop
      vertex -21.0015 -42.5878 9
      vertex -20.5402 -46.134 9
      vertex -20.725 -42.3639 9
    endloop
  endfacet
  facet normal -0 0 1
    outer loop
      vertex -21.3 -42.7817 9
      vertex -20.5402 -46.134 9
      vertex -21.0015 -42.5878 9
    endloop
  endfacet
  facet normal -0 0 1
    outer loop
      vertex -21.6171 -42.9432 9
      vertex -20.5402 -46.134 9
      vertex -21.3 -42.7817 9
    endloop
  endfacet
  facet normal -0 0 1
    outer loop
      vertex -21.9493 -43.0708 9
      vertex -20.5402 -46.134 9
      vertex -21.6171 -42.9432 9
    endloop
  endfacet
  facet normal -0 0 1
    outer loop
      vertex -22.2931 -43.1629 9
      vertex -20.5402 -46.134 9
      vertex -21.9493 -43.0708 9
    endloop
  endfacet
  facet normal -0 0 1
    outer loop
      vertex -22.6446 -43.2185 9
      vertex -20.5402 -46.134 9
      vertex -22.2931 -43.1629 9
    endloop
  endfacet
  facet normal -0 0 1
    outer loop
      vertex -23 -43.2372 9
      vertex -20.5402 -46.134 9
      vertex -22.6446 -43.2185 9
    endloop
  endfacet
  facet normal 0 0 1
    outer loop
      vertex -23.3554 -43.2185 9
      vertex -20.5402 -46.134 9
      vertex -23 -43.2372 9
    endloop
  endfacet
  facet normal 0 0 1
    outer loop
      vertex -25.25 -43.7343 9
      vertex -23.3554 -43.2185 9
      vertex -23.7069 -43.1629 9
    endloop
  endfacet
  facet normal 0 0 1
    outer loop
      vertex -25.25 -43.7343 9
      vertex -23.7069 -43.1629 9
      vertex -24.0507 -43.0708 9
    endloop
  endfacet
  facet normal 0 0 1
    outer loop
      vertex -25.25 -43.7343 9
      vertex -24.0507 -43.0708 9
      vertex -24.3829 -42.9432 9
    endloop
  endfacet
  facet normal 0 0 1
    outer loop
      vertex -25.25 -43.7343 9
      vertex -24.3829 -42.9432 9
      vertex -24.7 -42.7817 9
    endloop
  endfacet
  facet normal 0 0 1
    outer loop
      vertex -25.25 -43.7343 9
      vertex -24.7 -42.7817 9
      vertex -24.9985 -42.5878 9
    endloop
  endfacet
  facet normal 0 0 1
    outer loop
      vertex -23.3554 -43.2185 9
      vertex -25.25 -43.7343 9
      vertex -20.5402 -46.134 9
    endloop
  endfacet
  facet normal 0 0 1
    outer loop
      vertex -25.275 -42.3639 9
      vertex -25.25 -43.7343 9
      vertex -24.9985 -42.5878 9
    endloop
  endfacet
  facet normal 0 0 1
    outer loop
      vertex -25.5267 -42.1122 9
      vertex -25.25 -43.7343 9
      vertex -25.275 -42.3639 9
    endloop
  endfacet
  facet normal 0 0 1
    outer loop
      vertex -25.7507 -41.8356 9
      vertex -25.25 -43.7343 9
      vertex -25.5267 -42.1122 9
    endloop
  endfacet
  facet normal 0 0 1
    outer loop
      vertex -29.6832 -40.8554 9
      vertex -25.7507 -41.8356 9
      vertex -25.9445 -41.5372 9
    endloop
  endfacet
  facet normal 0 0 1
    outer loop
      vertex -29.6832 -40.8554 9
      vertex -25.9445 -41.5372 9
      vertex -26.1061 -41.2201 9
    endloop
  endfacet
  facet normal 0 0 1
    outer loop
      vertex -29.6832 -40.8554 9
      vertex -26.1061 -41.2201 9
      vertex -26.2336 -40.8878 9
    endloop
  endfacet
  facet normal 0 0 1
    outer loop
      vertex -25.7507 -41.8356 9
      vertex -29.6832 -40.8554 9
      vertex -25.25 -43.7343 9
    endloop
  endfacet
  facet normal 0 0 1
    outer loop
      vertex -26.3257 -40.5441 9
      vertex -29.6832 -40.8554 9
      vertex -26.2336 -40.8878 9
    endloop
  endfacet
  facet normal 0 0 1
    outer loop
      vertex -26.3814 -40.1926 9
      vertex -29.6832 -40.8554 9
      vertex -26.3257 -40.5441 9
    endloop
  endfacet
  facet normal 0 0 1
    outer loop
      vertex -26.4 -39.8372 9
      vertex -29.6832 -40.8554 9
      vertex -26.3814 -40.1926 9
    endloop
  endfacet
  facet normal 0 -0 1
    outer loop
      vertex -29.6832 -40.8554 9
      vertex -26.1061 -38.4543 9
      vertex -33.7911 -37.5288 9
    endloop
  endfacet
  facet normal 0 0 1
    outer loop
      vertex -35.1927 24.2445 9
      vertex -29.6832 40.8554 9
      vertex -33.7911 37.5288 9
    endloop
  endfacet
  facet normal 0 0 1
    outer loop
      vertex -26.1061 -38.4543 9
      vertex -29.6832 -40.8554 9
      vertex -26.2336 -38.7865 9
    endloop
  endfacet
  facet normal 0 0 1
    outer loop
      vertex -26.3814 -39.4818 9
      vertex -29.6832 -40.8554 9
      vertex -26.4 -39.8372 9
    endloop
  endfacet
  facet normal 0 0 1
    outer loop
      vertex -26.2336 -38.7865 9
      vertex -29.6832 -40.8554 9
      vertex -26.3257 -39.1303 9
    endloop
  endfacet
  facet normal 0 0 1
    outer loop
      vertex -29.6832 40.8554 9
      vertex -35.1927 24.2445 9
      vertex -34.0896 7.8202 9
    endloop
  endfacet
  facet normal -0 0 1
    outer loop
      vertex -37.5288 33.7911 9
      vertex -35.1927 24.2445 9
      vertex -33.7911 37.5288 9
    endloop
  endfacet
  facet normal 0 0 1
    outer loop
      vertex -37.5288 33.7911 9
      vertex -38.1372 25.9445 9
      vertex -35.1927 24.2445 9
    endloop
  endfacet
  facet normal 0 0 1
    outer loop
      vertex -37.5288 33.7911 9
      vertex -38.4543 26.1061 9
      vertex -38.1372 25.9445 9
    endloop
  endfacet
  facet normal -0 0 1
    outer loop
      vertex -40.8554 29.6832 9
      vertex -38.4543 26.1061 9
      vertex -37.5288 33.7911 9
    endloop
  endfacet
  facet normal 0 0 1
    outer loop
      vertex -38.4543 26.1061 9
      vertex -40.8554 29.6832 9
      vertex -38.7865 26.2336 9
    endloop
  endfacet
  facet normal 0 0 1
    outer loop
      vertex -38.7865 26.2336 9
      vertex -40.8554 29.6832 9
      vertex -39.1303 26.3257 9
    endloop
  endfacet
  facet normal 0 0 1
    outer loop
      vertex -39.1303 26.3257 9
      vertex -40.8554 29.6832 9
      vertex -39.4818 26.3814 9
    endloop
  endfacet
  facet normal 0 0 1
    outer loop
      vertex -39.4818 26.3814 9
      vertex -40.8554 29.6832 9
      vertex -39.8372 26.4 9
    endloop
  endfacet
  facet normal 0 0 1
    outer loop
      vertex -39.8372 26.4 9
      vertex -40.8554 29.6832 9
      vertex -40.1926 26.3814 9
    endloop
  endfacet
  facet normal 0 0 1
    outer loop
      vertex -40.1926 26.3814 9
      vertex -40.8554 29.6832 9
      vertex -40.5441 26.3257 9
    endloop
  endfacet
  facet normal 0 0 1
    outer loop
      vertex -40.8554 29.6832 9
      vertex -40.8878 26.2336 9
      vertex -40.5441 26.3257 9
    endloop
  endfacet
  facet normal 0 0 1
    outer loop
      vertex -40.8554 29.6832 9
      vertex -41.2201 26.1061 9
      vertex -40.8878 26.2336 9
    endloop
  endfacet
  facet normal 0 0 1
    outer loop
      vertex -40.8554 29.6832 9
      vertex -41.5372 25.9445 9
      vertex -41.2201 26.1061 9
    endloop
  endfacet
  facet normal 0 0 1
    outer loop
      vertex -40.8554 29.6832 9
      vertex -41.8356 25.7507 9
      vertex -41.5372 25.9445 9
    endloop
  endfacet
  facet normal 0 0 1
    outer loop
      vertex -43.7343 25.25 9
      vertex -41.8356 25.7507 9
      vertex -40.8554 29.6832 9
    endloop
  endfacet
  facet normal 0 0 1
    outer loop
      vertex -41.8356 25.7507 9
      vertex -43.7343 25.25 9
      vertex -42.1122 25.5267 9
    endloop
  endfacet
  facet normal 0 0 1
    outer loop
      vertex -42.1122 25.5267 9
      vertex -43.7343 25.25 9
      vertex -42.3639 25.275 9
    endloop
  endfacet
  facet normal 0 0 1
    outer loop
      vertex -42.3639 25.275 9
      vertex -43.7343 25.25 9
      vertex -42.5878 24.9985 9
    endloop
  endfacet
  facet normal 0 0 1
    outer loop
      vertex -42.5878 24.9985 9
      vertex -43.7343 25.25 9
      vertex -42.7817 24.7 9
    endloop
  endfacet
  facet normal 0 0 1
    outer loop
      vertex -46.134 20.5402 9
      vertex -43.2185 23.3554 9
      vertex -43.7343 25.25 9
    endloop
  endfacet
  facet normal 0 0 1
    outer loop
      vertex -43.1629 23.7069 9
      vertex -43.7343 25.25 9
      vertex -43.2185 23.3554 9
    endloop
  endfacet
  facet normal 0 0 1
    outer loop
      vertex -43.0708 24.0507 9
      vertex -43.7343 25.25 9
      vertex -43.1629 23.7069 9
    endloop
  endfacet
  facet normal 0 0 1
    outer loop
      vertex -42.9432 24.3829 9
      vertex -43.7343 25.25 9
      vertex -43.0708 24.0507 9
    endloop
  endfacet
  facet normal 0 0 1
    outer loop
      vertex -42.7817 24.7 9
      vertex -43.7343 25.25 9
      vertex -42.9432 24.3829 9
    endloop
  endfacet
  facet normal 0 0 1
    outer loop
      vertex 46.134 20.5402 9
      vertex 43.2185 23.3554 9
      vertex 43.2372 23 9
    endloop
  endfacet
  facet normal 0 0 1
    outer loop
      vertex 43.7343 25.25 9
      vertex 43.1629 23.7069 9
      vertex 43.2185 23.3554 9
    endloop
  endfacet
  facet normal 0 0 1
    outer loop
      vertex 43.7343 25.25 9
      vertex 43.0708 24.0507 9
      vertex 43.1629 23.7069 9
    endloop
  endfacet
  facet normal 0 0 1
    outer loop
      vertex 43.7343 25.25 9
      vertex 42.9432 24.3829 9
      vertex 43.0708 24.0507 9
    endloop
  endfacet
  facet normal 0 0 1
    outer loop
      vertex 43.7343 25.25 9
      vertex 42.7817 24.7 9
      vertex 42.9432 24.3829 9
    endloop
  endfacet
  facet normal 0 0 1
    outer loop
      vertex 43.7343 25.25 9
      vertex 42.5878 24.9985 9
      vertex 42.7817 24.7 9
    endloop
  endfacet
  facet normal 0 0 1
    outer loop
      vertex 43.7343 25.25 9
      vertex 42.3639 25.275 9
      vertex 42.5878 24.9985 9
    endloop
  endfacet
  facet normal 0 0 1
    outer loop
      vertex 43.7343 25.25 9
      vertex 42.1122 25.5267 9
      vertex 42.3639 25.275 9
    endloop
  endfacet
  facet normal 0 0 1
    outer loop
      vertex 43.7343 25.25 9
      vertex 41.8356 25.7507 9
      vertex 42.1122 25.5267 9
    endloop
  endfacet
  facet normal 0 0 1
    outer loop
      vertex 40.8554 29.6832 9
      vertex 41.8356 25.7507 9
      vertex 43.7343 25.25 9
    endloop
  endfacet
  facet normal 0 0 1
    outer loop
      vertex 41.8356 25.7507 9
      vertex 40.8554 29.6832 9
      vertex 41.5372 25.9445 9
    endloop
  endfacet
  facet normal 0 0 1
    outer loop
      vertex 41.5372 25.9445 9
      vertex 40.8554 29.6832 9
      vertex 41.2201 26.1061 9
    endloop
  endfacet
  facet normal 0 0 1
    outer loop
      vertex 41.2201 26.1061 9
      vertex 40.8554 29.6832 9
      vertex 40.8878 26.2336 9
    endloop
  endfacet
  facet normal 0 0 1
    outer loop
      vertex 40.8554 29.6832 9
      vertex 40.5441 26.3257 9
      vertex 40.8878 26.2336 9
    endloop
  endfacet
  facet normal 0 0 1
    outer loop
      vertex 40.8554 29.6832 9
      vertex 40.1926 26.3814 9
      vertex 40.5441 26.3257 9
    endloop
  endfacet
  facet normal 0 0 1
    outer loop
      vertex 40.8554 29.6832 9
      vertex 39.8372 26.4 9
      vertex 40.1926 26.3814 9
    endloop
  endfacet
  facet normal 0 0 1
    outer loop
      vertex 40.8554 29.6832 9
      vertex 39.4818 26.3814 9
      vertex 39.8372 26.4 9
    endloop
  endfacet
  facet normal 0 0 1
    outer loop
      vertex 40.8554 29.6832 9
      vertex 39.1303 26.3257 9
      vertex 39.4818 26.3814 9
    endloop
  endfacet
  facet normal 0 0 1
    outer loop
      vertex 40.8554 29.6832 9
      vertex 38.7865 26.2336 9
      vertex 39.1303 26.3257 9
    endloop
  endfacet
  facet normal 0 0 1
    outer loop
      vertex 40.8554 29.6832 9
      vertex 38.4543 26.1061 9
      vertex 38.7865 26.2336 9
    endloop
  endfacet
  facet normal 0 0 1
    outer loop
      vertex 37.5288 33.7911 9
      vertex 38.4543 26.1061 9
      vertex 40.8554 29.6832 9
    endloop
  endfacet
  facet normal 0 0 1
    outer loop
      vertex 38.4543 26.1061 9
      vertex 37.5288 33.7911 9
      vertex 38.1372 25.9445 9
    endloop
  endfacet
  facet normal 0 0 1
    outer loop
      vertex 37.5288 33.7911 9
      vertex 35.1927 24.2445 9
      vertex 38.1372 25.9445 9
    endloop
  endfacet
  facet normal 0 0 1
    outer loop
      vertex 42.6 -1.04336e-014 9
      vertex 31.0976 -0.498987 9
      vertex 42.6 -3.4 9
    endloop
  endfacet
  facet normal 0 0 1
    outer loop
      vertex 34.4388 36.8811 9
      vertex 35.1927 24.2445 9
      vertex 37.5288 33.7911 9
    endloop
  endfacet
  facet normal -0 0 1
    outer loop
      vertex 23.8759 25.5538 9
      vertex 35.1927 24.2445 9
      vertex 34.4388 36.8811 9
    endloop
  endfacet
  facet normal -0 0 1
    outer loop
      vertex 31.0325 -0.74164 9
      vertex 42.6 -3.4 9
      vertex 31.0976 -0.498987 9
    endloop
  endfacet
  facet normal -0 0 1
    outer loop
      vertex 30.9425 -0.976168 9
      vertex 42.6 -3.4 9
      vertex 31.0325 -0.74164 9
    endloop
  endfacet
  facet normal -0 0 1
    outer loop
      vertex 30.8285 -1.2 9
      vertex 42.6 -3.4 9
      vertex 30.9425 -0.976168 9
    endloop
  endfacet
  facet normal -0 0 1
    outer loop
      vertex 30.6916 -1.41068 9
      vertex 42.6 -3.4 9
      vertex 30.8285 -1.2 9
    endloop
  endfacet
  facet normal -0 0 1
    outer loop
      vertex 30.5335 -1.60591 9
      vertex 42.6 -3.4 9
      vertex 30.6916 -1.41068 9
    endloop
  endfacet
  facet normal -0 0 1
    outer loop
      vertex 30.3559 -1.78355 9
      vertex 42.6 -3.4 9
      vertex 30.5335 -1.60591 9
    endloop
  endfacet
  facet normal -0 0 1
    outer loop
      vertex 30.1607 -1.94164 9
      vertex 42.6 -3.4 9
      vertex 30.3559 -1.78355 9
    endloop
  endfacet
  facet normal 0 0 1
    outer loop
      vertex 42.6 -3.4 9
      vertex 30.1607 -1.94164 9
      vertex 38.5927 -18.3555 9
    endloop
  endfacet
  facet normal -0 0 1
    outer loop
      vertex 29.95 -2.07846 9
      vertex 38.5927 -18.3555 9
      vertex 30.1607 -1.94164 9
    endloop
  endfacet
  facet normal -0 0 1
    outer loop
      vertex 29.7262 -2.19251 9
      vertex 38.5927 -18.3555 9
      vertex 29.95 -2.07846 9
    endloop
  endfacet
  facet normal -0 0 1
    outer loop
      vertex 29.4916 -2.28254 9
      vertex 38.5927 -18.3555 9
      vertex 29.7262 -2.19251 9
    endloop
  endfacet
  facet normal -0 0 1
    outer loop
      vertex 29.249 -2.34755 9
      vertex 38.5927 -18.3555 9
      vertex 29.4916 -2.28254 9
    endloop
  endfacet
  facet normal -0 0 1
    outer loop
      vertex 29.0009 -2.38685 9
      vertex 38.5927 -18.3555 9
      vertex 29.249 -2.34755 9
    endloop
  endfacet
  facet normal -0 0 1
    outer loop
      vertex 28.75 -2.4 9
      vertex 38.5927 -18.3555 9
      vertex 29.0009 -2.38685 9
    endloop
  endfacet
  facet normal 0 0 1
    outer loop
      vertex 28.4991 -2.38685 9
      vertex 38.5927 -18.3555 9
      vertex 28.75 -2.4 9
    endloop
  endfacet
  facet normal 0 0 1
    outer loop
      vertex 38.5927 -18.3555 9
      vertex 23.8984 -25.5313 9
      vertex 35.1927 -24.2445 9
    endloop
  endfacet
  facet normal 0 0 1
    outer loop
      vertex 38.5927 -18.3555 9
      vertex 28.4991 -2.38685 9
      vertex 23.8984 -25.5313 9
    endloop
  endfacet
  facet normal 0 0 1
    outer loop
      vertex 23.8984 -25.5313 9
      vertex 28.4991 -2.38685 9
      vertex 28.251 -2.34755 9
    endloop
  endfacet
  facet normal 0 0 1
    outer loop
      vertex 23.8984 -25.5313 9
      vertex 28.251 -2.34755 9
      vertex 28.0084 -2.28254 9
    endloop
  endfacet
  facet normal 0 0 1
    outer loop
      vertex 23.8984 -25.5313 9
      vertex 28.0084 -2.28254 9
      vertex 27.7738 -2.19251 9
    endloop
  endfacet
  facet normal 0 0 1
    outer loop
      vertex 23.8984 -25.5313 9
      vertex 27.7738 -2.19251 9
      vertex 27.55 -2.07846 9
    endloop
  endfacet
  facet normal 0 0 1
    outer loop
      vertex 23.8984 -25.5313 9
      vertex 27.55 -2.07846 9
      vertex 27.3393 -1.94164 9
    endloop
  endfacet
  facet normal 0 0 1
    outer loop
      vertex 23.8984 -25.5313 9
      vertex 27.3393 -1.94164 9
      vertex 27.1441 -1.78355 9
    endloop
  endfacet
  facet normal 0 0 1
    outer loop
      vertex 23.8984 -25.5313 9
      vertex 27.1441 -1.78355 9
      vertex 26.9665 -1.60591 9
    endloop
  endfacet
  facet normal 0 0 1
    outer loop
      vertex 23.8984 -25.5313 9
      vertex 26.9665 -1.60591 9
      vertex 26.8084 -1.41068 9
    endloop
  endfacet
  facet normal 0 0 1
    outer loop
      vertex 23.8984 -25.5313 9
      vertex 26.8084 -1.41068 9
      vertex 26.6715 -1.2 9
    endloop
  endfacet
  facet normal 0 0 1
    outer loop
      vertex 23.8984 -25.5313 9
      vertex 26.6715 -1.2 9
      vertex 26.5575 -0.976168 9
    endloop
  endfacet
  facet normal 0 0 1
    outer loop
      vertex 23.8984 -25.5313 9
      vertex 26.5575 -0.976168 9
      vertex 26.4675 -0.74164 9
    endloop
  endfacet
  facet normal 0 0 1
    outer loop
      vertex 23.8984 -25.5313 9
      vertex 26.4675 -0.74164 9
      vertex 26.4024 -0.498987 9
    endloop
  endfacet
  facet normal 0 0 1
    outer loop
      vertex 35.1927 -24.2445 9
      vertex 23.8984 -25.5313 9
      vertex 34.4613 -36.8586 9
    endloop
  endfacet
  facet normal 0 0 1
    outer loop
      vertex 26.3631 -0.250868 9
      vertex 23.8984 -25.5313 9
      vertex 26.4024 -0.498987 9
    endloop
  endfacet
  facet normal 0 0 1
    outer loop
      vertex 23.8984 -25.5313 9
      vertex 26.3631 -0.250868 9
      vertex 26.35 0 9
    endloop
  endfacet
  facet normal 0 0 1
    outer loop
      vertex 49.4 0 9
      vertex 49.4 -6.04956e-015 9
      vertex 49.4 -1.20991e-014 9
    endloop
  endfacet
  facet normal 0 0 1
    outer loop
      vertex 55 17.5 9
      vertex 49.4 0 9
      vertex 55 -17.5 9
    endloop
  endfacet
  facet normal 0 0 1
    outer loop
      vertex 55 17.5 9
      vertex 49.3814 0.355396 9
      vertex 49.4 0 9
    endloop
  endfacet
  facet normal 0 0 1
    outer loop
      vertex 55 17.5 9
      vertex 49.3257 0.7069 9
      vertex 49.3814 0.355396 9
    endloop
  endfacet
  facet normal 0 0 1
    outer loop
      vertex 55 17.5 9
      vertex 49.2336 1.05066 9
      vertex 49.3257 0.7069 9
    endloop
  endfacet
  facet normal 0 0 1
    outer loop
      vertex 55 17.5 9
      vertex 49.1061 1.3829 9
      vertex 49.2336 1.05066 9
    endloop
  endfacet
  facet normal 0 0 1
    outer loop
      vertex 55 17.5 9
      vertex 48.9445 1.7 9
      vertex 49.1061 1.3829 9
    endloop
  endfacet
  facet normal 0 0 1
    outer loop
      vertex 55 17.5 9
      vertex 48.7507 1.99847 9
      vertex 48.9445 1.7 9
    endloop
  endfacet
  facet normal 0 0 1
    outer loop
      vertex 55 17.5 9
      vertex 48.5267 2.27504 9
      vertex 48.7507 1.99847 9
    endloop
  endfacet
  facet normal 0 0 1
    outer loop
      vertex 55 17.5 9
      vertex 48.275 2.52669 9
      vertex 48.5267 2.27504 9
    endloop
  endfacet
  facet normal 0 0 1
    outer loop
      vertex 55 17.5 9
      vertex 47.9985 2.75066 9
      vertex 48.275 2.52669 9
    endloop
  endfacet
  facet normal 0 0 1
    outer loop
      vertex 55 17.5 9
      vertex 47.7 2.94449 9
      vertex 47.9985 2.75066 9
    endloop
  endfacet
  facet normal 0 0 1
    outer loop
      vertex 55 17.5 9
      vertex 47.3829 3.10605 9
      vertex 47.7 2.94449 9
    endloop
  endfacet
  facet normal -0 0 1
    outer loop
      vertex 47.3011 17.5 9
      vertex 47.3829 3.10605 9
      vertex 55 17.5 9
    endloop
  endfacet
  facet normal 0 0 1
    outer loop
      vertex 47.3011 17.5 9
      vertex 47.0507 3.23359 9
      vertex 47.3829 3.10605 9
    endloop
  endfacet
  facet normal 0 0 1
    outer loop
      vertex 47.3011 17.5 9
      vertex 46.7069 3.3257 9
      vertex 47.0507 3.23359 9
    endloop
  endfacet
  facet normal 0 0 1
    outer loop
      vertex 47.3011 17.5 9
      vertex 46.3554 3.38137 9
      vertex 46.7069 3.3257 9
    endloop
  endfacet
  facet normal -0 0 1
    outer loop
      vertex 42.1122 20.4733 9
      vertex 47.3011 17.5 9
      vertex 46.134 20.5402 9
    endloop
  endfacet
  facet normal 0 0 1
    outer loop
      vertex 47.3011 17.5 9
      vertex 46 3.4 9
      vertex 46.3554 3.38137 9
    endloop
  endfacet
  facet normal -0 0 1
    outer loop
      vertex 43.2185 23.3554 9
      vertex 46.134 20.5402 9
      vertex 43.7343 25.25 9
    endloop
  endfacet
  facet normal 0 0 1
    outer loop
      vertex 46.134 20.5402 9
      vertex 43.2372 23 9
      vertex 43.2185 22.6446 9
    endloop
  endfacet
  facet normal -0 0 1
    outer loop
      vertex 43.1629 22.2931 9
      vertex 46.134 20.5402 9
      vertex 43.2185 22.6446 9
    endloop
  endfacet
  facet normal -0 0 1
    outer loop
      vertex 43.0708 21.9493 9
      vertex 46.134 20.5402 9
      vertex 43.1629 22.2931 9
    endloop
  endfacet
  facet normal -0 0 1
    outer loop
      vertex 42.9432 21.6171 9
      vertex 46.134 20.5402 9
      vertex 43.0708 21.9493 9
    endloop
  endfacet
  facet normal -0 0 1
    outer loop
      vertex 42.7817 21.3 9
      vertex 46.134 20.5402 9
      vertex 42.9432 21.6171 9
    endloop
  endfacet
  facet normal -0 0 1
    outer loop
      vertex 42.5878 21.0015 9
      vertex 46.134 20.5402 9
      vertex 42.7817 21.3 9
    endloop
  endfacet
  facet normal -0 0 1
    outer loop
      vertex 42.3639 20.725 9
      vertex 46.134 20.5402 9
      vertex 42.5878 21.0015 9
    endloop
  endfacet
  facet normal 0 0 1
    outer loop
      vertex 31.1369 0.250868 9
      vertex 42.6 3.4 9
      vertex 38.5927 18.3555 9
    endloop
  endfacet
  facet normal 0 0 1
    outer loop
      vertex 47.3011 17.5 9
      vertex 42.1122 20.4733 9
      vertex 41.8356 20.2493 9
    endloop
  endfacet
  facet normal 0 0 1
    outer loop
      vertex 42.1122 20.4733 9
      vertex 46.134 20.5402 9
      vertex 42.3639 20.725 9
    endloop
  endfacet
  facet normal -0 0 1
    outer loop
      vertex 49.4 -1.20991e-014 9
      vertex 55 -17.5 9
      vertex 49.4 0 9
    endloop
  endfacet
  facet normal -0 0 1
    outer loop
      vertex 49.3814 -0.355396 9
      vertex 55 -17.5 9
      vertex 49.4 -1.20991e-014 9
    endloop
  endfacet
  facet normal -0 0 1
    outer loop
      vertex 49.3257 -0.7069 9
      vertex 55 -17.5 9
      vertex 49.3814 -0.355396 9
    endloop
  endfacet
  facet normal -0 0 1
    outer loop
      vertex 49.2336 -1.05066 9
      vertex 55 -17.5 9
      vertex 49.3257 -0.7069 9
    endloop
  endfacet
  facet normal -0 0 1
    outer loop
      vertex 49.1061 -1.3829 9
      vertex 55 -17.5 9
      vertex 49.2336 -1.05066 9
    endloop
  endfacet
  facet normal -0 0 1
    outer loop
      vertex 48.9445 -1.7 9
      vertex 55 -17.5 9
      vertex 49.1061 -1.3829 9
    endloop
  endfacet
  facet normal -0 0 1
    outer loop
      vertex 48.7507 -1.99847 9
      vertex 55 -17.5 9
      vertex 48.9445 -1.7 9
    endloop
  endfacet
  facet normal -0 0 1
    outer loop
      vertex 48.5267 -2.27504 9
      vertex 55 -17.5 9
      vertex 48.7507 -1.99847 9
    endloop
  endfacet
  facet normal -0 0 1
    outer loop
      vertex 48.275 -2.52669 9
      vertex 55 -17.5 9
      vertex 48.5267 -2.27504 9
    endloop
  endfacet
  facet normal -0 0 1
    outer loop
      vertex 47.9985 -2.75066 9
      vertex 55 -17.5 9
      vertex 48.275 -2.52669 9
    endloop
  endfacet
  facet normal -0 0 1
    outer loop
      vertex 47.7 -2.94449 9
      vertex 55 -17.5 9
      vertex 47.9985 -2.75066 9
    endloop
  endfacet
  facet normal -0 0 1
    outer loop
      vertex 47.3829 -3.10605 9
      vertex 55 -17.5 9
      vertex 47.7 -2.94449 9
    endloop
  endfacet
  facet normal 0 0 1
    outer loop
      vertex 47.3829 -3.10605 9
      vertex 47.3011 -17.5 9
      vertex 55 -17.5 9
    endloop
  endfacet
  facet normal -0 0 1
    outer loop
      vertex 47.0507 -3.23359 9
      vertex 47.3011 -17.5 9
      vertex 47.3829 -3.10605 9
    endloop
  endfacet
  facet normal -0 0 1
    outer loop
      vertex 46.7069 -3.3257 9
      vertex 47.3011 -17.5 9
      vertex 47.0507 -3.23359 9
    endloop
  endfacet
  facet normal -0 0 1
    outer loop
      vertex 46.3554 -3.38137 9
      vertex 47.3011 -17.5 9
      vertex 46.7069 -3.3257 9
    endloop
  endfacet
  facet normal -0 0 1
    outer loop
      vertex 46 -3.4 9
      vertex 47.3011 -17.5 9
      vertex 46.3554 -3.38137 9
    endloop
  endfacet
  facet normal -0 0 1
    outer loop
      vertex 42.6 -3.4 9
      vertex 47.3011 -17.5 9
      vertex 46 -3.4 9
    endloop
  endfacet
  facet normal 0 -0 1
    outer loop
      vertex 41.8356 -20.2493 9
      vertex 47.3011 -17.5 9
      vertex 41.5372 -20.0555 9
    endloop
  endfacet
  facet normal 0 -0 1
    outer loop
      vertex 43.2372 -23 9
      vertex 46.134 -20.5402 9
      vertex 43.2185 -22.6446 9
    endloop
  endfacet
  facet normal 0 0 1
    outer loop
      vertex 43.2185 -23.3554 9
      vertex 46.134 -20.5402 9
      vertex 43.2372 -23 9
    endloop
  endfacet
  facet normal 0 0 1
    outer loop
      vertex 46.134 -20.5402 9
      vertex 43.1629 -22.2931 9
      vertex 43.2185 -22.6446 9
    endloop
  endfacet
  facet normal 0 0 1
    outer loop
      vertex 46.134 -20.5402 9
      vertex 43.0708 -21.9493 9
      vertex 43.1629 -22.2931 9
    endloop
  endfacet
  facet normal 0 0 1
    outer loop
      vertex 46.134 -20.5402 9
      vertex 42.9432 -21.6171 9
      vertex 43.0708 -21.9493 9
    endloop
  endfacet
  facet normal 0 0 1
    outer loop
      vertex 46.134 -20.5402 9
      vertex 42.7817 -21.3 9
      vertex 42.9432 -21.6171 9
    endloop
  endfacet
  facet normal 0 0 1
    outer loop
      vertex 38.5927 -18.3555 9
      vertex 47.3011 -17.5 9
      vertex 42.6 -3.4 9
    endloop
  endfacet
  facet normal 0 0 1
    outer loop
      vertex 46.134 -20.5402 9
      vertex 42.5878 -21.0015 9
      vertex 42.7817 -21.3 9
    endloop
  endfacet
  facet normal 0 0 1
    outer loop
      vertex 47.3011 17.5 9
      vertex 41.8356 20.2493 9
      vertex 41.5372 20.0555 9
    endloop
  endfacet
  facet normal -0 0 1
    outer loop
      vertex 38.5927 18.3555 9
      vertex 47.3011 17.5 9
      vertex 41.5372 20.0555 9
    endloop
  endfacet
  facet normal 0 0 1
    outer loop
      vertex 46.134 -20.5402 9
      vertex 42.3639 -20.725 9
      vertex 42.5878 -21.0015 9
    endloop
  endfacet
  facet normal 0 0 1
    outer loop
      vertex 47.3011 17.5 9
      vertex 42.6 3.4 9
      vertex 46 3.4 9
    endloop
  endfacet
  facet normal 0 0 1
    outer loop
      vertex 46.134 -20.5402 9
      vertex 42.1122 -20.4733 9
      vertex 42.3639 -20.725 9
    endloop
  endfacet
  facet normal 0 0 1
    outer loop
      vertex 47.3011 17.5 9
      vertex 38.5927 18.3555 9
      vertex 42.6 3.4 9
    endloop
  endfacet
  facet normal 0 0 1
    outer loop
      vertex 47.3011 -17.5 9
      vertex 42.1122 -20.4733 9
      vertex 46.134 -20.5402 9
    endloop
  endfacet
  facet normal 0 0 1
    outer loop
      vertex 31.1369 0.250868 9
      vertex 38.5927 18.3555 9
      vertex 35.1927 24.2445 9
    endloop
  endfacet
  facet normal 0 -0 1
    outer loop
      vertex 42.1122 -20.4733 9
      vertex 47.3011 -17.5 9
      vertex 41.8356 -20.2493 9
    endloop
  endfacet
  facet normal 0 0 1
    outer loop
      vertex 31.1369 -0.250868 9
      vertex 42.6 -1.04336e-014 9
      vertex 31.15 0 9
    endloop
  endfacet
  facet normal 0 0 1
    outer loop
      vertex 47.3011 -17.5 9
      vertex 38.5927 -18.3555 9
      vertex 41.5372 -20.0555 9
    endloop
  endfacet
  facet normal -0 0 1
    outer loop
      vertex 31.1369 0.250868 9
      vertex 42.6 -1.04336e-014 9
      vertex 42.6 3.4 9
    endloop
  endfacet
  facet normal 0 0 1
    outer loop
      vertex 31.0976 -0.498987 9
      vertex 42.6 -1.04336e-014 9
      vertex 31.1369 -0.250868 9
    endloop
  endfacet
  facet normal 0 0 1
    outer loop
      vertex 46.134 -20.5402 9
      vertex 43.2185 -23.3554 9
      vertex 43.7343 -25.25 9
    endloop
  endfacet
  facet normal -0 0 1
    outer loop
      vertex 43.1629 -23.7069 9
      vertex 43.7343 -25.25 9
      vertex 43.2185 -23.3554 9
    endloop
  endfacet
  facet normal -0 0 1
    outer loop
      vertex 43.0708 -24.0507 9
      vertex 43.7343 -25.25 9
      vertex 43.1629 -23.7069 9
    endloop
  endfacet
  facet normal -0 0 1
    outer loop
      vertex 42.9432 -24.3829 9
      vertex 43.7343 -25.25 9
      vertex 43.0708 -24.0507 9
    endloop
  endfacet
  facet normal -0 0 1
    outer loop
      vertex 42.7817 -24.7 9
      vertex 43.7343 -25.25 9
      vertex 42.9432 -24.3829 9
    endloop
  endfacet
  facet normal -0 0 1
    outer loop
      vertex 42.5878 -24.9985 9
      vertex 43.7343 -25.25 9
      vertex 42.7817 -24.7 9
    endloop
  endfacet
  facet normal 0 0 1
    outer loop
      vertex 42.3639 -25.275 9
      vertex 43.7343 -25.25 9
      vertex 42.5878 -24.9985 9
    endloop
  endfacet
  facet normal 0 0 1
    outer loop
      vertex 42.1122 -25.5267 9
      vertex 43.7343 -25.25 9
      vertex 42.3639 -25.275 9
    endloop
  endfacet
  facet normal 0 0 1
    outer loop
      vertex 41.8356 -25.7507 9
      vertex 43.7343 -25.25 9
      vertex 42.1122 -25.5267 9
    endloop
  endfacet
  facet normal 0 0 1
    outer loop
      vertex 40.8554 -29.6832 9
      vertex 41.8356 -25.7507 9
      vertex 41.5372 -25.9445 9
    endloop
  endfacet
  facet normal 0 0 1
    outer loop
      vertex 40.8554 -29.6832 9
      vertex 41.5372 -25.9445 9
      vertex 41.2201 -26.1061 9
    endloop
  endfacet
  facet normal 0 0 1
    outer loop
      vertex 40.8554 -29.6832 9
      vertex 41.2201 -26.1061 9
      vertex 40.8878 -26.2336 9
    endloop
  endfacet
  facet normal -0 0 1
    outer loop
      vertex 41.8356 -25.7507 9
      vertex 40.8554 -29.6832 9
      vertex 43.7343 -25.25 9
    endloop
  endfacet
  facet normal -0 0 1
    outer loop
      vertex 40.5441 -26.3257 9
      vertex 40.8554 -29.6832 9
      vertex 40.8878 -26.2336 9
    endloop
  endfacet
  facet normal -0 0 1
    outer loop
      vertex 40.1926 -26.3814 9
      vertex 40.8554 -29.6832 9
      vertex 40.5441 -26.3257 9
    endloop
  endfacet
  facet normal -0 0 1
    outer loop
      vertex 39.8372 -26.4 9
      vertex 40.8554 -29.6832 9
      vertex 40.1926 -26.3814 9
    endloop
  endfacet
  facet normal 0 0 1
    outer loop
      vertex 39.4818 -26.3814 9
      vertex 40.8554 -29.6832 9
      vertex 39.8372 -26.4 9
    endloop
  endfacet
  facet normal 0 0 1
    outer loop
      vertex 39.1303 -26.3257 9
      vertex 40.8554 -29.6832 9
      vertex 39.4818 -26.3814 9
    endloop
  endfacet
  facet normal 0 0 1
    outer loop
      vertex 38.7865 -26.2336 9
      vertex 40.8554 -29.6832 9
      vertex 39.1303 -26.3257 9
    endloop
  endfacet
  facet normal 0 0 1
    outer loop
      vertex 38.4543 -26.1061 9
      vertex 40.8554 -29.6832 9
      vertex 38.7865 -26.2336 9
    endloop
  endfacet
  facet normal 0 0 1
    outer loop
      vertex 37.5288 -33.7911 9
      vertex 38.4543 -26.1061 9
      vertex 38.1372 -25.9445 9
    endloop
  endfacet
  facet normal 0 0 1
    outer loop
      vertex 38.4543 -26.1061 9
      vertex 37.5288 -33.7911 9
      vertex 40.8554 -29.6832 9
    endloop
  endfacet
  facet normal 0 0 1
    outer loop
      vertex 35.1927 -24.2445 9
      vertex 37.5288 -33.7911 9
      vertex 38.1372 -25.9445 9
    endloop
  endfacet
  facet normal 0 0 1
    outer loop
      vertex 37.5288 -33.7911 9
      vertex 35.1927 -24.2445 9
      vertex 34.4613 -36.8586 9
    endloop
  endfacet
  facet normal 0.156434 -0.987688 0
    outer loop
      vertex 29.0009 -2.38685 9
      vertex 29.249 -2.34755 13
      vertex 29.0009 -2.38685 13
    endloop
  endfacet
  facet normal 0.156434 -0.987688 0
    outer loop
      vertex 29.249 -2.34755 13
      vertex 29.0009 -2.38685 9
      vertex 29.249 -2.34755 9
    endloop
  endfacet
  facet normal 0.965927 0.258816 0
    outer loop
      vertex 31.0976 0.498987 13
      vertex 31.0325 0.74164 9
      vertex 31.0325 0.74164 13
    endloop
  endfacet
  facet normal 0.965927 0.258816 0
    outer loop
      vertex 31.0325 0.74164 9
      vertex 31.0976 0.498987 13
      vertex 31.0976 0.498987 9
    endloop
  endfacet
  facet normal 0.987688 0.156437 0
    outer loop
      vertex 31.1369 0.250868 13
      vertex 31.0976 0.498987 9
      vertex 31.0976 0.498987 13
    endloop
  endfacet
  facet normal 0.987688 0.156437 0
    outer loop
      vertex 31.0976 0.498987 9
      vertex 31.1369 0.250868 13
      vertex 31.1369 0.250868 9
    endloop
  endfacet
  facet normal 0.93358 0.358368 0
    outer loop
      vertex 31.0325 0.74164 13
      vertex 30.9425 0.976168 9
      vertex 30.9425 0.976168 13
    endloop
  endfacet
  facet normal 0.93358 0.358368 0
    outer loop
      vertex 30.9425 0.976168 9
      vertex 31.0325 0.74164 13
      vertex 31.0325 0.74164 9
    endloop
  endfacet
  facet normal 0.777147 0.629319 0
    outer loop
      vertex 30.6916 1.41068 13
      vertex 30.5335 1.60591 9
      vertex 30.5335 1.60591 13
    endloop
  endfacet
  facet normal 0.777147 0.629319 0
    outer loop
      vertex 30.5335 1.60591 9
      vertex 30.6916 1.41068 13
      vertex 30.6916 1.41068 9
    endloop
  endfacet
  facet normal 0.838668 0.544643 0
    outer loop
      vertex 30.8285 1.2 13
      vertex 30.6916 1.41068 9
      vertex 30.6916 1.41068 13
    endloop
  endfacet
  facet normal 0.838668 0.544643 0
    outer loop
      vertex 30.6916 1.41068 9
      vertex 30.8285 1.2 13
      vertex 30.8285 1.2 9
    endloop
  endfacet
  facet normal 0.156434 0.987688 -0
    outer loop
      vertex 29.249 2.34755 9
      vertex 29.0009 2.38685 13
      vertex 29.249 2.34755 13
    endloop
  endfacet
  facet normal 0.156434 0.987688 0
    outer loop
      vertex 29.0009 2.38685 13
      vertex 29.249 2.34755 9
      vertex 29.0009 2.38685 9
    endloop
  endfacet
  facet normal 0.258819 0.965926 -0
    outer loop
      vertex 29.4916 2.28254 9
      vertex 29.249 2.34755 13
      vertex 29.4916 2.28254 13
    endloop
  endfacet
  facet normal 0.258819 0.965926 0
    outer loop
      vertex 29.249 2.34755 13
      vertex 29.4916 2.28254 9
      vertex 29.249 2.34755 9
    endloop
  endfacet
  facet normal 0.0523357 0.99863 -0
    outer loop
      vertex 29.0009 2.38685 9
      vertex 28.75 2.4 13
      vertex 29.0009 2.38685 13
    endloop
  endfacet
  facet normal 0.0523357 0.99863 0
    outer loop
      vertex 28.75 2.4 13
      vertex 29.0009 2.38685 9
      vertex 28.75 2.4 9
    endloop
  endfacet
  facet normal 0.453988 0.891008 -0
    outer loop
      vertex 29.95 2.07846 9
      vertex 29.7262 2.19251 13
      vertex 29.95 2.07846 13
    endloop
  endfacet
  facet normal 0.453988 0.891008 0
    outer loop
      vertex 29.7262 2.19251 13
      vertex 29.95 2.07846 9
      vertex 29.7262 2.19251 9
    endloop
  endfacet
  facet normal 0.629319 0.777147 -0
    outer loop
      vertex 30.3559 1.78355 9
      vertex 30.1607 1.94164 13
      vertex 30.3559 1.78355 13
    endloop
  endfacet
  facet normal 0.629319 0.777147 0
    outer loop
      vertex 30.1607 1.94164 13
      vertex 30.3559 1.78355 9
      vertex 30.1607 1.94164 9
    endloop
  endfacet
  facet normal -0.838671 0.544638 0
    outer loop
      vertex 26.6715 1.2 9
      vertex 26.8084 1.41068 13
      vertex 26.8084 1.41068 9
    endloop
  endfacet
  facet normal -0.838671 0.544638 0
    outer loop
      vertex 26.8084 1.41068 13
      vertex 26.6715 1.2 9
      vertex 26.6715 1.2 13
    endloop
  endfacet
  facet normal -0.777147 0.629319 0
    outer loop
      vertex 26.8084 1.41068 9
      vertex 26.9665 1.60591 13
      vertex 26.9665 1.60591 9
    endloop
  endfacet
  facet normal -0.777147 0.629319 0
    outer loop
      vertex 26.9665 1.60591 13
      vertex 26.8084 1.41068 9
      vertex 26.8084 1.41068 13
    endloop
  endfacet
  facet normal -0.891007 0.45399 0
    outer loop
      vertex 26.5575 0.976168 9
      vertex 26.6715 1.2 13
      vertex 26.6715 1.2 9
    endloop
  endfacet
  facet normal -0.891007 0.45399 0
    outer loop
      vertex 26.6715 1.2 13
      vertex 26.5575 0.976168 9
      vertex 26.5575 0.976168 13
    endloop
  endfacet
  facet normal -0.987689 0.15643 0
    outer loop
      vertex 26.3631 0.250868 9
      vertex 26.4024 0.498987 13
      vertex 26.4024 0.498987 9
    endloop
  endfacet
  facet normal -0.987689 0.15643 0
    outer loop
      vertex 26.4024 0.498987 13
      vertex 26.3631 0.250868 9
      vertex 26.3631 0.250868 13
    endloop
  endfacet
  facet normal 0 0 1
    outer loop
      vertex 31.1369 0.250868 13
      vertex 31.1369 -0.250868 13
      vertex 31.15 0 13
    endloop
  endfacet
  facet normal 0 0 1
    outer loop
      vertex 31.0976 0.498987 13
      vertex 31.1369 -0.250868 13
      vertex 31.1369 0.250868 13
    endloop
  endfacet
  facet normal 0 0 1
    outer loop
      vertex 31.0976 0.498987 13
      vertex 31.0976 -0.498987 13
      vertex 31.1369 -0.250868 13
    endloop
  endfacet
  facet normal 0 0 1
    outer loop
      vertex 31.0325 0.74164 13
      vertex 31.0976 -0.498987 13
      vertex 31.0976 0.498987 13
    endloop
  endfacet
  facet normal 0 0 1
    outer loop
      vertex 31.0325 0.74164 13
      vertex 31.0325 -0.74164 13
      vertex 31.0976 -0.498987 13
    endloop
  endfacet
  facet normal 0 0 1
    outer loop
      vertex 30.9425 0.976168 13
      vertex 31.0325 -0.74164 13
      vertex 31.0325 0.74164 13
    endloop
  endfacet
  facet normal 0 0 1
    outer loop
      vertex 30.9425 0.976168 13
      vertex 30.9425 -0.976168 13
      vertex 31.0325 -0.74164 13
    endloop
  endfacet
  facet normal 0 0 1
    outer loop
      vertex 30.8285 1.2 13
      vertex 30.9425 -0.976168 13
      vertex 30.9425 0.976168 13
    endloop
  endfacet
  facet normal 0 0 1
    outer loop
      vertex 30.8285 1.2 13
      vertex 30.8285 -1.2 13
      vertex 30.9425 -0.976168 13
    endloop
  endfacet
  facet normal 0 0 1
    outer loop
      vertex 30.6916 1.41068 13
      vertex 30.8285 -1.2 13
      vertex 30.8285 1.2 13
    endloop
  endfacet
  facet normal 0 0 1
    outer loop
      vertex 30.6916 1.41068 13
      vertex 30.6916 -1.41068 13
      vertex 30.8285 -1.2 13
    endloop
  endfacet
  facet normal 0 0 1
    outer loop
      vertex 30.5335 1.60591 13
      vertex 30.6916 -1.41068 13
      vertex 30.6916 1.41068 13
    endloop
  endfacet
  facet normal 0 0 1
    outer loop
      vertex 30.5335 1.60591 13
      vertex 30.5335 -1.60591 13
      vertex 30.6916 -1.41068 13
    endloop
  endfacet
  facet normal 0 0 1
    outer loop
      vertex 30.3559 1.78355 13
      vertex 30.5335 -1.60591 13
      vertex 30.5335 1.60591 13
    endloop
  endfacet
  facet normal 0 0 1
    outer loop
      vertex 30.3559 1.78355 13
      vertex 30.3559 -1.78355 13
      vertex 30.5335 -1.60591 13
    endloop
  endfacet
  facet normal 0 0 1
    outer loop
      vertex 30.1607 1.94164 13
      vertex 30.3559 -1.78355 13
      vertex 30.3559 1.78355 13
    endloop
  endfacet
  facet normal 0 0 1
    outer loop
      vertex 30.1607 1.94164 13
      vertex 30.1607 -1.94164 13
      vertex 30.3559 -1.78355 13
    endloop
  endfacet
  facet normal 0 0 1
    outer loop
      vertex 29.95 2.07846 13
      vertex 30.1607 -1.94164 13
      vertex 30.1607 1.94164 13
    endloop
  endfacet
  facet normal 0 0 1
    outer loop
      vertex 29.95 2.07846 13
      vertex 29.95 -2.07846 13
      vertex 30.1607 -1.94164 13
    endloop
  endfacet
  facet normal 0 0 1
    outer loop
      vertex 29.7262 2.19251 13
      vertex 29.95 -2.07846 13
      vertex 29.95 2.07846 13
    endloop
  endfacet
  facet normal 0 0 1
    outer loop
      vertex 29.7262 2.19251 13
      vertex 29.7262 -2.19251 13
      vertex 29.95 -2.07846 13
    endloop
  endfacet
  facet normal 0 0 1
    outer loop
      vertex 29.4916 2.28254 13
      vertex 29.7262 -2.19251 13
      vertex 29.7262 2.19251 13
    endloop
  endfacet
  facet normal 0 0 1
    outer loop
      vertex 29.4916 2.28254 13
      vertex 29.4916 -2.28254 13
      vertex 29.7262 -2.19251 13
    endloop
  endfacet
  facet normal 0 0 1
    outer loop
      vertex 29.249 2.34755 13
      vertex 29.4916 -2.28254 13
      vertex 29.4916 2.28254 13
    endloop
  endfacet
  facet normal 0 0 1
    outer loop
      vertex 29.249 2.34755 13
      vertex 29.249 -2.34755 13
      vertex 29.4916 -2.28254 13
    endloop
  endfacet
  facet normal 0 0 1
    outer loop
      vertex 29.0009 2.38685 13
      vertex 29.249 -2.34755 13
      vertex 29.249 2.34755 13
    endloop
  endfacet
  facet normal 0 0 1
    outer loop
      vertex 29.0009 2.38685 13
      vertex 29.0009 -2.38685 13
      vertex 29.249 -2.34755 13
    endloop
  endfacet
  facet normal 0 0 1
    outer loop
      vertex 28.75 2.4 13
      vertex 29.0009 -2.38685 13
      vertex 29.0009 2.38685 13
    endloop
  endfacet
  facet normal 0 0 1
    outer loop
      vertex 28.75 2.4 13
      vertex 28.75 -2.4 13
      vertex 29.0009 -2.38685 13
    endloop
  endfacet
  facet normal -0 0 1
    outer loop
      vertex 28.4991 2.38685 13
      vertex 28.75 -2.4 13
      vertex 28.75 2.4 13
    endloop
  endfacet
  facet normal 0 0 1
    outer loop
      vertex 28.4991 2.38685 13
      vertex 28.4991 -2.38685 13
      vertex 28.75 -2.4 13
    endloop
  endfacet
  facet normal -0 0 1
    outer loop
      vertex 28.251 2.34755 13
      vertex 28.4991 -2.38685 13
      vertex 28.4991 2.38685 13
    endloop
  endfacet
  facet normal 0 0 1
    outer loop
      vertex 28.251 2.34755 13
      vertex 28.251 -2.34755 13
      vertex 28.4991 -2.38685 13
    endloop
  endfacet
  facet normal -0 0 1
    outer loop
      vertex 28.0084 2.28254 13
      vertex 28.251 -2.34755 13
      vertex 28.251 2.34755 13
    endloop
  endfacet
  facet normal 0 0 1
    outer loop
      vertex 28.0084 2.28254 13
      vertex 28.0084 -2.28254 13
      vertex 28.251 -2.34755 13
    endloop
  endfacet
  facet normal -0 0 1
    outer loop
      vertex 27.7738 2.19251 13
      vertex 28.0084 -2.28254 13
      vertex 28.0084 2.28254 13
    endloop
  endfacet
  facet normal 0 0 1
    outer loop
      vertex 27.7738 2.19251 13
      vertex 27.7738 -2.19251 13
      vertex 28.0084 -2.28254 13
    endloop
  endfacet
  facet normal -0 0 1
    outer loop
      vertex 27.55 2.07846 13
      vertex 27.7738 -2.19251 13
      vertex 27.7738 2.19251 13
    endloop
  endfacet
  facet normal 0 0 1
    outer loop
      vertex 27.55 2.07846 13
      vertex 27.55 -2.07846 13
      vertex 27.7738 -2.19251 13
    endloop
  endfacet
  facet normal -0 0 1
    outer loop
      vertex 27.3393 1.94164 13
      vertex 27.55 -2.07846 13
      vertex 27.55 2.07846 13
    endloop
  endfacet
  facet normal 0 0 1
    outer loop
      vertex 27.3393 1.94164 13
      vertex 27.3393 -1.94164 13
      vertex 27.55 -2.07846 13
    endloop
  endfacet
  facet normal -0 0 1
    outer loop
      vertex 27.1441 1.78355 13
      vertex 27.3393 -1.94164 13
      vertex 27.3393 1.94164 13
    endloop
  endfacet
  facet normal 0 0 1
    outer loop
      vertex 27.1441 1.78355 13
      vertex 27.1441 -1.78355 13
      vertex 27.3393 -1.94164 13
    endloop
  endfacet
  facet normal -0 0 1
    outer loop
      vertex 26.9665 1.60591 13
      vertex 27.1441 -1.78355 13
      vertex 27.1441 1.78355 13
    endloop
  endfacet
  facet normal 0 0 1
    outer loop
      vertex 26.9665 1.60591 13
      vertex 26.9665 -1.60591 13
      vertex 27.1441 -1.78355 13
    endloop
  endfacet
  facet normal -0 0 1
    outer loop
      vertex 26.8084 1.41068 13
      vertex 26.9665 -1.60591 13
      vertex 26.9665 1.60591 13
    endloop
  endfacet
  facet normal 0 0 1
    outer loop
      vertex 26.8084 1.41068 13
      vertex 26.8084 -1.41068 13
      vertex 26.9665 -1.60591 13
    endloop
  endfacet
  facet normal -0 0 1
    outer loop
      vertex 26.6715 1.2 13
      vertex 26.8084 -1.41068 13
      vertex 26.8084 1.41068 13
    endloop
  endfacet
  facet normal 0 0 1
    outer loop
      vertex 26.6715 1.2 13
      vertex 26.6715 -1.2 13
      vertex 26.8084 -1.41068 13
    endloop
  endfacet
  facet normal -0 0 1
    outer loop
      vertex 26.5575 0.976168 13
      vertex 26.6715 -1.2 13
      vertex 26.6715 1.2 13
    endloop
  endfacet
  facet normal 0 0 1
    outer loop
      vertex 26.5575 0.976168 13
      vertex 26.5575 -0.976168 13
      vertex 26.6715 -1.2 13
    endloop
  endfacet
  facet normal -0 0 1
    outer loop
      vertex 26.4675 0.74164 13
      vertex 26.5575 -0.976168 13
      vertex 26.5575 0.976168 13
    endloop
  endfacet
  facet normal 0 0 1
    outer loop
      vertex 26.4675 0.74164 13
      vertex 26.4675 -0.74164 13
      vertex 26.5575 -0.976168 13
    endloop
  endfacet
  facet normal -0 0 1
    outer loop
      vertex 26.4024 0.498987 13
      vertex 26.4675 -0.74164 13
      vertex 26.4675 0.74164 13
    endloop
  endfacet
  facet normal 0 0 1
    outer loop
      vertex 26.4024 0.498987 13
      vertex 26.4024 -0.498987 13
      vertex 26.4675 -0.74164 13
    endloop
  endfacet
  facet normal -0 0 1
    outer loop
      vertex 26.3631 0.250868 13
      vertex 26.4024 -0.498987 13
      vertex 26.4024 0.498987 13
    endloop
  endfacet
  facet normal 0 0 1
    outer loop
      vertex 26.3631 0.250868 13
      vertex 26.3631 -0.250868 13
      vertex 26.4024 -0.498987 13
    endloop
  endfacet
  facet normal 0 -0 1
    outer loop
      vertex 26.3631 -0.250868 13
      vertex 26.3631 0.250868 13
      vertex 26.35 0 13
    endloop
  endfacet
  facet normal -0.544639 0.838671 0
    outer loop
      vertex 27.55 2.07846 9
      vertex 27.3393 1.94164 13
      vertex 27.55 2.07846 13
    endloop
  endfacet
  facet normal -0.544639 0.838671 0
    outer loop
      vertex 27.3393 1.94164 13
      vertex 27.55 2.07846 9
      vertex 27.3393 1.94164 9
    endloop
  endfacet
  facet normal -0.629319 0.777147 0
    outer loop
      vertex 27.3393 1.94164 9
      vertex 27.1441 1.78355 13
      vertex 27.3393 1.94164 13
    endloop
  endfacet
  facet normal -0.629319 0.777147 0
    outer loop
      vertex 27.1441 1.78355 13
      vertex 27.3393 1.94164 9
      vertex 27.1441 1.78355 9
    endloop
  endfacet
  facet normal -0.358368 0.93358 0
    outer loop
      vertex 28.0084 2.28254 9
      vertex 27.7738 2.19251 13
      vertex 28.0084 2.28254 13
    endloop
  endfacet
  facet normal -0.358368 0.93358 0
    outer loop
      vertex 27.7738 2.19251 13
      vertex 28.0084 2.28254 9
      vertex 27.7738 2.19251 9
    endloop
  endfacet
  facet normal -0.156434 0.987688 0
    outer loop
      vertex 28.4991 2.38685 9
      vertex 28.251 2.34755 13
      vertex 28.4991 2.38685 13
    endloop
  endfacet
  facet normal -0.156434 0.987688 0
    outer loop
      vertex 28.251 2.34755 13
      vertex 28.4991 2.38685 9
      vertex 28.251 2.34755 9
    endloop
  endfacet
  facet normal 0.707109 -0.707105 0
    outer loop
      vertex 30.3559 -1.78355 13
      vertex 30.5335 -1.60591 9
      vertex 30.5335 -1.60591 13
    endloop
  endfacet
  facet normal 0.707109 -0.707105 0
    outer loop
      vertex 30.5335 -1.60591 9
      vertex 30.3559 -1.78355 13
      vertex 30.3559 -1.78355 9
    endloop
  endfacet
  facet normal -0.891007 -0.45399 0
    outer loop
      vertex 26.6715 -1.2 9
      vertex 26.5575 -0.976168 13
      vertex 26.5575 -0.976168 9
    endloop
  endfacet
  facet normal -0.891007 -0.45399 0
    outer loop
      vertex 26.5575 -0.976168 13
      vertex 26.6715 -1.2 9
      vertex 26.6715 -1.2 13
    endloop
  endfacet
  facet normal 0.453988 -0.891008 0
    outer loop
      vertex 29.7262 -2.19251 9
      vertex 29.95 -2.07846 13
      vertex 29.7262 -2.19251 13
    endloop
  endfacet
  facet normal 0.453988 -0.891008 0
    outer loop
      vertex 29.95 -2.07846 13
      vertex 29.7262 -2.19251 9
      vertex 29.95 -2.07846 9
    endloop
  endfacet
  facet normal 0.987688 -0.156437 0
    outer loop
      vertex 31.0976 -0.498987 13
      vertex 31.1369 -0.250868 9
      vertex 31.1369 -0.250868 13
    endloop
  endfacet
  facet normal 0.987688 -0.156437 0
    outer loop
      vertex 31.1369 -0.250868 9
      vertex 31.0976 -0.498987 13
      vertex 31.0976 -0.498987 9
    endloop
  endfacet
  facet normal 0.99863 -0.0523357 0
    outer loop
      vertex 31.1369 -0.250868 13
      vertex 31.15 0 9
      vertex 31.15 0 13
    endloop
  endfacet
  facet normal 0.99863 -0.0523357 0
    outer loop
      vertex 31.15 0 9
      vertex 31.1369 -0.250868 13
      vertex 31.1369 -0.250868 9
    endloop
  endfacet
  facet normal 0.891007 -0.45399 0
    outer loop
      vertex 30.8285 -1.2 13
      vertex 30.9425 -0.976168 9
      vertex 30.9425 -0.976168 13
    endloop
  endfacet
  facet normal 0.891007 -0.45399 0
    outer loop
      vertex 30.9425 -0.976168 9
      vertex 30.8285 -1.2 13
      vertex 30.8285 -1.2 9
    endloop
  endfacet
  facet normal 0.838668 -0.544643 0
    outer loop
      vertex 30.6916 -1.41068 13
      vertex 30.8285 -1.2 9
      vertex 30.8285 -1.2 13
    endloop
  endfacet
  facet normal 0.838668 -0.544643 0
    outer loop
      vertex 30.8285 -1.2 9
      vertex 30.6916 -1.41068 13
      vertex 30.6916 -1.41068 9
    endloop
  endfacet
  facet normal 0.777147 -0.629319 0
    outer loop
      vertex 30.5335 -1.60591 13
      vertex 30.6916 -1.41068 9
      vertex 30.6916 -1.41068 13
    endloop
  endfacet
  facet normal 0.777147 -0.629319 0
    outer loop
      vertex 30.6916 -1.41068 9
      vertex 30.5335 -1.60591 13
      vertex 30.5335 -1.60591 9
    endloop
  endfacet
  facet normal -0.777147 -0.629319 0
    outer loop
      vertex 26.9665 -1.60591 9
      vertex 26.8084 -1.41068 13
      vertex 26.8084 -1.41068 9
    endloop
  endfacet
  facet normal -0.777147 -0.629319 0
    outer loop
      vertex 26.8084 -1.41068 13
      vertex 26.9665 -1.60591 9
      vertex 26.9665 -1.60591 13
    endloop
  endfacet
  facet normal -0.965925 -0.258823 0
    outer loop
      vertex 26.4675 -0.74164 9
      vertex 26.4024 -0.498987 13
      vertex 26.4024 -0.498987 9
    endloop
  endfacet
  facet normal -0.965925 -0.258823 0
    outer loop
      vertex 26.4024 -0.498987 13
      vertex 26.4675 -0.74164 9
      vertex 26.4675 -0.74164 13
    endloop
  endfacet
  facet normal -0.998629 -0.0523432 0
    outer loop
      vertex 26.3631 -0.250868 9
      vertex 26.35 0 13
      vertex 26.35 0 9
    endloop
  endfacet
  facet normal -0.998629 -0.0523432 0
    outer loop
      vertex 26.35 0 13
      vertex 26.3631 -0.250868 9
      vertex 26.3631 -0.250868 13
    endloop
  endfacet
  facet normal -0.987689 -0.15643 0
    outer loop
      vertex 26.4024 -0.498987 9
      vertex 26.3631 -0.250868 13
      vertex 26.3631 -0.250868 9
    endloop
  endfacet
  facet normal -0.987689 -0.15643 0
    outer loop
      vertex 26.3631 -0.250868 13
      vertex 26.4024 -0.498987 9
      vertex 26.4024 -0.498987 13
    endloop
  endfacet
  facet normal 0.358368 -0.93358 0
    outer loop
      vertex 29.4916 -2.28254 9
      vertex 29.7262 -2.19251 13
      vertex 29.4916 -2.28254 13
    endloop
  endfacet
  facet normal 0.358368 -0.93358 0
    outer loop
      vertex 29.7262 -2.19251 13
      vertex 29.4916 -2.28254 9
      vertex 29.7262 -2.19251 9
    endloop
  endfacet
  facet normal 0.258819 -0.965926 0
    outer loop
      vertex 29.249 -2.34755 9
      vertex 29.4916 -2.28254 13
      vertex 29.249 -2.34755 13
    endloop
  endfacet
  facet normal 0.258819 -0.965926 0
    outer loop
      vertex 29.4916 -2.28254 13
      vertex 29.249 -2.34755 9
      vertex 29.4916 -2.28254 9
    endloop
  endfacet
  facet normal 0.629319 -0.777147 0
    outer loop
      vertex 30.1607 -1.94164 9
      vertex 30.3559 -1.78355 13
      vertex 30.1607 -1.94164 13
    endloop
  endfacet
  facet normal 0.629319 -0.777147 0
    outer loop
      vertex 30.3559 -1.78355 13
      vertex 30.1607 -1.94164 9
      vertex 30.3559 -1.78355 9
    endloop
  endfacet
  facet normal 0.544642 -0.838669 0
    outer loop
      vertex 29.95 -2.07846 9
      vertex 30.1607 -1.94164 13
      vertex 29.95 -2.07846 13
    endloop
  endfacet
  facet normal 0.544642 -0.838669 0
    outer loop
      vertex 30.1607 -1.94164 13
      vertex 29.95 -2.07846 9
      vertex 30.1607 -1.94164 9
    endloop
  endfacet
  facet normal 0.93358 -0.358368 0
    outer loop
      vertex 30.9425 -0.976168 13
      vertex 31.0325 -0.74164 9
      vertex 31.0325 -0.74164 13
    endloop
  endfacet
  facet normal 0.93358 -0.358368 0
    outer loop
      vertex 31.0325 -0.74164 9
      vertex 30.9425 -0.976168 13
      vertex 30.9425 -0.976168 9
    endloop
  endfacet
  facet normal 0.0523357 -0.99863 0
    outer loop
      vertex 28.75 -2.4 9
      vertex 29.0009 -2.38685 13
      vertex 28.75 -2.4 13
    endloop
  endfacet
  facet normal 0.0523357 -0.99863 0
    outer loop
      vertex 29.0009 -2.38685 13
      vertex 28.75 -2.4 9
      vertex 29.0009 -2.38685 9
    endloop
  endfacet
  facet normal -0.258819 -0.965926 0
    outer loop
      vertex 28.0084 -2.28254 9
      vertex 28.251 -2.34755 13
      vertex 28.0084 -2.28254 13
    endloop
  endfacet
  facet normal -0.258819 -0.965926 -0
    outer loop
      vertex 28.251 -2.34755 13
      vertex 28.0084 -2.28254 9
      vertex 28.251 -2.34755 9
    endloop
  endfacet
  facet normal -0.156434 -0.987688 0
    outer loop
      vertex 28.251 -2.34755 9
      vertex 28.4991 -2.38685 13
      vertex 28.251 -2.34755 13
    endloop
  endfacet
  facet normal -0.156434 -0.987688 -0
    outer loop
      vertex 28.4991 -2.38685 13
      vertex 28.251 -2.34755 9
      vertex 28.4991 -2.38685 9
    endloop
  endfacet
  facet normal -0.453992 -0.891006 0
    outer loop
      vertex 27.55 -2.07846 9
      vertex 27.7738 -2.19251 13
      vertex 27.55 -2.07846 13
    endloop
  endfacet
  facet normal -0.453992 -0.891006 -0
    outer loop
      vertex 27.7738 -2.19251 13
      vertex 27.55 -2.07846 9
      vertex 27.7738 -2.19251 9
    endloop
  endfacet
  facet normal -0.629319 -0.777147 0
    outer loop
      vertex 27.1441 -1.78355 9
      vertex 27.3393 -1.94164 13
      vertex 27.1441 -1.78355 13
    endloop
  endfacet
  facet normal -0.629319 -0.777147 -0
    outer loop
      vertex 27.3393 -1.94164 13
      vertex 27.1441 -1.78355 9
      vertex 27.3393 -1.94164 9
    endloop
  endfacet
  facet normal -0.838671 -0.544638 0
    outer loop
      vertex 26.8084 -1.41068 9
      vertex 26.6715 -1.2 13
      vertex 26.6715 -1.2 9
    endloop
  endfacet
  facet normal -0.838671 -0.544638 0
    outer loop
      vertex 26.6715 -1.2 13
      vertex 26.8084 -1.41068 9
      vertex 26.8084 -1.41068 13
    endloop
  endfacet
  facet normal -0.707109 -0.707105 0
    outer loop
      vertex 27.1441 -1.78355 9
      vertex 26.9665 -1.60591 13
      vertex 26.9665 -1.60591 9
    endloop
  endfacet
  facet normal -0.707109 -0.707105 0
    outer loop
      vertex 26.9665 -1.60591 13
      vertex 27.1441 -1.78355 9
      vertex 27.1441 -1.78355 13
    endloop
  endfacet
  facet normal -0.93358 -0.358368 0
    outer loop
      vertex 26.5575 -0.976168 9
      vertex 26.4675 -0.74164 13
      vertex 26.4675 -0.74164 9
    endloop
  endfacet
  facet normal -0.93358 -0.358368 0
    outer loop
      vertex 26.4675 -0.74164 13
      vertex 26.5575 -0.976168 9
      vertex 26.5575 -0.976168 13
    endloop
  endfacet
  facet normal -0.544639 -0.838671 0
    outer loop
      vertex 27.3393 -1.94164 9
      vertex 27.55 -2.07846 13
      vertex 27.3393 -1.94164 13
    endloop
  endfacet
  facet normal -0.544639 -0.838671 -0
    outer loop
      vertex 27.55 -2.07846 13
      vertex 27.3393 -1.94164 9
      vertex 27.55 -2.07846 9
    endloop
  endfacet
  facet normal -0.358368 -0.93358 0
    outer loop
      vertex 27.7738 -2.19251 9
      vertex 28.0084 -2.28254 13
      vertex 27.7738 -2.19251 13
    endloop
  endfacet
  facet normal -0.358368 -0.93358 -0
    outer loop
      vertex 28.0084 -2.28254 13
      vertex 27.7738 -2.19251 9
      vertex 28.0084 -2.28254 9
    endloop
  endfacet
  facet normal -0.798636 0.601815 0
    outer loop
      vertex -24.0135 19.8222 9
      vertex -23.8623 20.0228 13
      vertex -23.8623 20.0228 9
    endloop
  endfacet
  facet normal -0.798636 0.601815 0
    outer loop
      vertex -23.8623 20.0228 13
      vertex -24.0135 19.8222 9
      vertex -24.0135 19.8222 13
    endloop
  endfacet
  facet normal 0.681996 0.731356 -0
    outer loop
      vertex -20.2974 20.1473 9
      vertex -20.4811 20.3186 13
      vertex -20.2974 20.1473 13
    endloop
  endfacet
  facet normal 0.681996 0.731356 0
    outer loop
      vertex -20.4811 20.3186 13
      vertex -20.2974 20.1473 9
      vertex -20.4811 20.3186 9
    endloop
  endfacet
  facet normal 0.996195 0.0871473 0
    outer loop
      vertex -19.6252 18.5639 13
      vertex -19.6471 18.8142 9
      vertex -19.6471 18.8142 13
    endloop
  endfacet
  facet normal 0.996195 0.0871473 0
    outer loop
      vertex -19.6471 18.8142 9
      vertex -19.6252 18.5639 13
      vertex -19.6252 18.5639 9
    endloop
  endfacet
  facet normal 0.087163 -0.996194 0
    outer loop
      vertex -21.94 16.0816 9
      vertex -21.6898 16.1035 13
      vertex -21.94 16.0816 13
    endloop
  endfacet
  facet normal 0.087163 -0.996194 0
    outer loop
      vertex -21.6898 16.1035 13
      vertex -21.94 16.0816 9
      vertex -21.6898 16.1035 9
    endloop
  endfacet
  facet normal -0.0871555 0.996195 0
    outer loop
      vertex -22.1075 20.8787 9
      vertex -22.3578 20.8568 13
      vertex -22.1075 20.8787 13
    endloop
  endfacet
  facet normal -0.0871555 0.996195 0
    outer loop
      vertex -22.3578 20.8568 13
      vertex -22.1075 20.8787 9
      vertex -22.3578 20.8568 9
    endloop
  endfacet
  facet normal -0.974371 0.224945 0
    outer loop
      vertex -24.3873 18.8969 9
      vertex -24.3308 19.1417 13
      vertex -24.3308 19.1417 9
    endloop
  endfacet
  facet normal -0.974371 0.224945 0
    outer loop
      vertex -24.3308 19.1417 13
      vertex -24.3873 18.8969 9
      vertex -24.3873 18.8969 13
    endloop
  endfacet
  facet normal -0.484806 0.874622 0
    outer loop
      vertex -23.0759 20.6372 9
      vertex -23.2956 20.5155 13
      vertex -23.0759 20.6372 13
    endloop
  endfacet
  facet normal -0.484806 0.874622 0
    outer loop
      vertex -23.2956 20.5155 13
      vertex -23.0759 20.6372 9
      vertex -23.2956 20.5155 9
    endloop
  endfacet
  facet normal 0.325569 0.945518 -0
    outer loop
      vertex -21.1247 20.7054 9
      vertex -21.3622 20.7872 13
      vertex -21.1247 20.7054 13
    endloop
  endfacet
  facet normal 0.325569 0.945518 0
    outer loop
      vertex -21.3622 20.7872 13
      vertex -21.1247 20.7054 9
      vertex -21.3622 20.7872 9
    endloop
  endfacet
  facet normal 0.874623 0.484803 0
    outer loop
      vertex -19.8667 19.5322 13
      vertex -19.9885 19.7519 9
      vertex -19.9885 19.7519 13
    endloop
  endfacet
  facet normal 0.874623 0.484803 0
    outer loop
      vertex -19.9885 19.7519 9
      vertex -19.8667 19.5322 13
      vertex -19.8667 19.5322 9
    endloop
  endfacet
  facet normal 0.819151 0.573578 0
    outer loop
      vertex -19.9885 19.7519 13
      vertex -20.1326 19.9577 9
      vertex -20.1326 19.9577 13
    endloop
  endfacet
  facet normal 0.819151 0.573578 0
    outer loop
      vertex -20.1326 19.9577 9
      vertex -19.9885 19.7519 13
      vertex -19.9885 19.7519 9
    endloop
  endfacet
  facet normal 0.945519 -0.325567 0
    outer loop
      vertex -19.7985 17.5811 13
      vertex -19.7167 17.8186 9
      vertex -19.7167 17.8186 13
    endloop
  endfacet
  facet normal 0.945519 -0.325567 0
    outer loop
      vertex -19.7167 17.8186 9
      vertex -19.7985 17.5811 13
      vertex -19.7985 17.5811 9
    endloop
  endfacet
  facet normal -0.906308 0.422617 0
    outer loop
      vertex -24.249 19.3792 9
      vertex -24.1429 19.6069 13
      vertex -24.1429 19.6069 9
    endloop
  endfacet
  facet normal -0.906308 0.422617 0
    outer loop
      vertex -24.1429 19.6069 13
      vertex -24.249 19.3792 9
      vertex -24.249 19.3792 13
    endloop
  endfacet
  facet normal -0.857164 0.515043 0
    outer loop
      vertex -24.1429 19.6069 9
      vertex -24.0135 19.8222 13
      vertex -24.0135 19.8222 9
    endloop
  endfacet
  facet normal -0.857164 0.515043 0
    outer loop
      vertex -24.0135 19.8222 13
      vertex -24.1429 19.6069 9
      vertex -24.1429 19.6069 13
    endloop
  endfacet
  facet normal -0.945518 0.325569 0
    outer loop
      vertex -24.3308 19.1417 9
      vertex -24.249 19.3792 13
      vertex -24.249 19.3792 9
    endloop
  endfacet
  facet normal -0.945518 0.325569 0
    outer loop
      vertex -24.249 19.3792 13
      vertex -24.3308 19.1417 9
      vertex -24.3308 19.1417 13
    endloop
  endfacet
  facet normal -0.999848 0.0174553 0
    outer loop
      vertex -24.4223 18.3964 9
      vertex -24.4179 18.6476 13
      vertex -24.4179 18.6476 9
    endloop
  endfacet
  facet normal -0.999848 0.0174553 0
    outer loop
      vertex -24.4179 18.6476 13
      vertex -24.4223 18.3964 9
      vertex -24.4223 18.3964 13
    endloop
  endfacet
  facet normal -0.996195 -0.0871548 0
    outer loop
      vertex -24.4004 18.1461 9
      vertex -24.4223 18.3964 13
      vertex -24.4223 18.3964 9
    endloop
  endfacet
  facet normal -0.996195 -0.0871548 0
    outer loop
      vertex -24.4223 18.3964 13
      vertex -24.4004 18.1461 9
      vertex -24.4004 18.1461 13
    endloop
  endfacet
  facet normal -0.992546 0.121868 0
    outer loop
      vertex -24.4179 18.6476 9
      vertex -24.3873 18.8969 13
      vertex -24.3873 18.8969 9
    endloop
  endfacet
  facet normal -0.992546 0.121868 0
    outer loop
      vertex -24.3873 18.8969 13
      vertex -24.4179 18.6476 9
      vertex -24.4179 18.6476 13
    endloop
  endfacet
  facet normal -0.819148 -0.573582 0
    outer loop
      vertex -23.915 17.0026 9
      vertex -24.0591 17.2083 13
      vertex -24.0591 17.2083 9
    endloop
  endfacet
  facet normal -0.819148 -0.573582 0
    outer loop
      vertex -24.0591 17.2083 13
      vertex -23.915 17.0026 9
      vertex -23.915 17.0026 13
    endloop
  endfacet
  facet normal -0.682 -0.731352 0
    outer loop
      vertex -23.7502 16.813 9
      vertex -23.5665 16.6416 13
      vertex -23.7502 16.813 13
    endloop
  endfacet
  facet normal -0.682 -0.731352 -0
    outer loop
      vertex -23.5665 16.6416 13
      vertex -23.7502 16.813 9
      vertex -23.5665 16.6416 9
    endloop
  endfacet
  facet normal -0.874622 -0.484806 0
    outer loop
      vertex -24.0591 17.2083 9
      vertex -24.1809 17.4281 13
      vertex -24.1809 17.4281 9
    endloop
  endfacet
  facet normal -0.874622 -0.484806 0
    outer loop
      vertex -24.1809 17.4281 13
      vertex -24.0591 17.2083 9
      vertex -24.0591 17.2083 13
    endloop
  endfacet
  facet normal -0.956306 -0.292367 0
    outer loop
      vertex -24.279 17.6593 9
      vertex -24.3525 17.8995 13
      vertex -24.3525 17.8995 9
    endloop
  endfacet
  facet normal -0.956306 -0.292367 0
    outer loop
      vertex -24.3525 17.8995 13
      vertex -24.279 17.6593 9
      vertex -24.279 17.6593 13
    endloop
  endfacet
  facet normal 0.190809 -0.981627 0
    outer loop
      vertex -21.6898 16.1035 9
      vertex -21.4432 16.1514 13
      vertex -21.6898 16.1035 13
    endloop
  endfacet
  facet normal 0.190809 -0.981627 0
    outer loop
      vertex -21.4432 16.1514 13
      vertex -21.6898 16.1035 9
      vertex -21.4432 16.1514 9
    endloop
  endfacet
  facet normal 0.390731 -0.920505 0
    outer loop
      vertex -21.2029 16.2249 9
      vertex -20.9717 16.323 13
      vertex -21.2029 16.2249 13
    endloop
  endfacet
  facet normal 0.390731 -0.920505 0
    outer loop
      vertex -20.9717 16.323 13
      vertex -21.2029 16.2249 9
      vertex -20.9717 16.323 9
    endloop
  endfacet
  facet normal 0.484815 -0.874617 0
    outer loop
      vertex -20.9717 16.323 9
      vertex -20.752 16.4448 13
      vertex -20.9717 16.323 13
    endloop
  endfacet
  facet normal 0.484815 -0.874617 0
    outer loop
      vertex -20.752 16.4448 13
      vertex -20.9717 16.323 9
      vertex -20.752 16.4448 9
    endloop
  endfacet
  facet normal 0.656063 -0.754706 0
    outer loop
      vertex -20.5462 16.5889 9
      vertex -20.3566 16.7537 13
      vertex -20.5462 16.5889 13
    endloop
  endfacet
  facet normal 0.656063 -0.754706 0
    outer loop
      vertex -20.3566 16.7537 13
      vertex -20.5462 16.5889 9
      vertex -20.3566 16.7537 9
    endloop
  endfacet
  facet normal -0.224953 -0.97437 0
    outer loop
      vertex -22.6853 16.1731 9
      vertex -22.4405 16.1166 13
      vertex -22.6853 16.1731 13
    endloop
  endfacet
  facet normal -0.224953 -0.97437 -0
    outer loop
      vertex -22.4405 16.1166 13
      vertex -22.6853 16.1731 9
      vertex -22.4405 16.1166 9
    endloop
  endfacet
  facet normal -0.0174629 -0.999848 0
    outer loop
      vertex -22.1912 16.086 9
      vertex -21.94 16.0816 13
      vertex -22.1912 16.086 13
    endloop
  endfacet
  facet normal -0.0174629 -0.999848 -0
    outer loop
      vertex -21.94 16.0816 13
      vertex -22.1912 16.086 9
      vertex -21.94 16.0816 9
    endloop
  endfacet
  facet normal -0.325569 -0.945518 0
    outer loop
      vertex -22.9228 16.2549 9
      vertex -22.6853 16.1731 13
      vertex -22.9228 16.2549 13
    endloop
  endfacet
  facet normal -0.325569 -0.945518 -0
    outer loop
      vertex -22.6853 16.1731 13
      vertex -22.9228 16.2549 9
      vertex -22.6853 16.1731 9
    endloop
  endfacet
  facet normal -0.515034 -0.85717 0
    outer loop
      vertex -23.3658 16.4905 9
      vertex -23.1505 16.3611 13
      vertex -23.3658 16.4905 13
    endloop
  endfacet
  facet normal -0.515034 -0.85717 -0
    outer loop
      vertex -23.1505 16.3611 13
      vertex -23.3658 16.4905 9
      vertex -23.1505 16.3611 9
    endloop
  endfacet
  facet normal -0.731348 0.682004 0
    outer loop
      vertex -23.8623 20.0228 9
      vertex -23.691 20.2066 13
      vertex -23.691 20.2066 9
    endloop
  endfacet
  facet normal -0.731348 0.682004 0
    outer loop
      vertex -23.691 20.2066 13
      vertex -23.8623 20.0228 9
      vertex -23.8623 20.0228 13
    endloop
  endfacet
  facet normal 0.515034 0.85717 -0
    outer loop
      vertex -20.6817 20.4698 9
      vertex -20.897 20.5992 13
      vertex -20.6817 20.4698 13
    endloop
  endfacet
  facet normal 0.515034 0.85717 0
    outer loop
      vertex -20.897 20.5992 13
      vertex -20.6817 20.4698 9
      vertex -20.897 20.5992 9
    endloop
  endfacet
  facet normal 0.601818 0.798633 -0
    outer loop
      vertex -20.4811 20.3186 9
      vertex -20.6817 20.4698 13
      vertex -20.4811 20.3186 13
    endloop
  endfacet
  facet normal 0.601818 0.798633 0
    outer loop
      vertex -20.6817 20.4698 13
      vertex -20.4811 20.3186 9
      vertex -20.6817 20.4698 9
    endloop
  endfacet
  facet normal 0.422617 0.906308 -0
    outer loop
      vertex -20.897 20.5992 9
      vertex -21.1247 20.7054 13
      vertex -20.897 20.5992 13
    endloop
  endfacet
  facet normal 0.422617 0.906308 0
    outer loop
      vertex -21.1247 20.7054 13
      vertex -20.897 20.5992 9
      vertex -21.1247 20.7054 9
    endloop
  endfacet
  facet normal 0.121876 0.992545 -0
    outer loop
      vertex -21.607 20.8437 9
      vertex -21.8564 20.8743 13
      vertex -21.607 20.8437 13
    endloop
  endfacet
  facet normal 0.121876 0.992545 0
    outer loop
      vertex -21.8564 20.8743 13
      vertex -21.607 20.8437 9
      vertex -21.8564 20.8743 9
    endloop
  endfacet
  facet normal 0.0174477 0.999848 -0
    outer loop
      vertex -21.8564 20.8743 9
      vertex -22.1075 20.8787 13
      vertex -21.8564 20.8743 13
    endloop
  endfacet
  facet normal 0.0174477 0.999848 0
    outer loop
      vertex -22.1075 20.8787 13
      vertex -21.8564 20.8743 9
      vertex -22.1075 20.8787 9
    endloop
  endfacet
  facet normal 0.224953 0.97437 -0
    outer loop
      vertex -21.3622 20.7872 9
      vertex -21.607 20.8437 13
      vertex -21.3622 20.7872 13
    endloop
  endfacet
  facet normal 0.224953 0.97437 0
    outer loop
      vertex -21.607 20.8437 13
      vertex -21.3622 20.7872 9
      vertex -21.607 20.8437 9
    endloop
  endfacet
  facet normal -0.292374 0.956304 0
    outer loop
      vertex -22.6044 20.8089 9
      vertex -22.8446 20.7354 13
      vertex -22.6044 20.8089 13
    endloop
  endfacet
  facet normal -0.292374 0.956304 0
    outer loop
      vertex -22.8446 20.7354 13
      vertex -22.6044 20.8089 9
      vertex -22.8446 20.7354 9
    endloop
  endfacet
  facet normal -0.190809 0.981627 0
    outer loop
      vertex -22.3578 20.8568 9
      vertex -22.6044 20.8089 13
      vertex -22.3578 20.8568 13
    endloop
  endfacet
  facet normal -0.190809 0.981627 0
    outer loop
      vertex -22.6044 20.8089 13
      vertex -22.3578 20.8568 9
      vertex -22.6044 20.8089 9
    endloop
  endfacet
  facet normal -0.390731 0.920505 0
    outer loop
      vertex -22.8446 20.7354 9
      vertex -23.0759 20.6372 13
      vertex -22.8446 20.7354 13
    endloop
  endfacet
  facet normal -0.390731 0.920505 0
    outer loop
      vertex -23.0759 20.6372 13
      vertex -22.8446 20.7354 9
      vertex -23.0759 20.6372 9
    endloop
  endfacet
  facet normal -0.573578 0.819151 0
    outer loop
      vertex -23.2956 20.5155 9
      vertex -23.5014 20.3714 13
      vertex -23.2956 20.5155 13
    endloop
  endfacet
  facet normal -0.573578 0.819151 0
    outer loop
      vertex -23.5014 20.3714 13
      vertex -23.2956 20.5155 9
      vertex -23.5014 20.3714 9
    endloop
  endfacet
  facet normal -0.656063 0.754706 0
    outer loop
      vertex -23.5014 20.3714 9
      vertex -23.691 20.2066 13
      vertex -23.5014 20.3714 13
    endloop
  endfacet
  facet normal -0.656063 0.754706 0
    outer loop
      vertex -23.691 20.2066 13
      vertex -23.5014 20.3714 9
      vertex -23.691 20.2066 9
    endloop
  endfacet
  facet normal 0.956306 0.292369 0
    outer loop
      vertex -19.6951 19.0608 13
      vertex -19.7685 19.301 9
      vertex -19.7685 19.301 13
    endloop
  endfacet
  facet normal 0.956306 0.292369 0
    outer loop
      vertex -19.7685 19.301 9
      vertex -19.6951 19.0608 13
      vertex -19.6951 19.0608 9
    endloop
  endfacet
  facet normal 0.981626 0.190816 0
    outer loop
      vertex -19.6471 18.8142 13
      vertex -19.6951 19.0608 9
      vertex -19.6951 19.0608 13
    endloop
  endfacet
  facet normal 0.981626 0.190816 0
    outer loop
      vertex -19.6951 19.0608 9
      vertex -19.6471 18.8142 13
      vertex -19.6471 18.8142 9
    endloop
  endfacet
  facet normal 0.920503 0.390734 0
    outer loop
      vertex -19.7685 19.301 13
      vertex -19.8667 19.5322 9
      vertex -19.8667 19.5322 13
    endloop
  endfacet
  facet normal 0.920503 0.390734 0
    outer loop
      vertex -19.8667 19.5322 9
      vertex -19.7685 19.301 13
      vertex -19.7685 19.301 9
    endloop
  endfacet
  facet normal 0.754709 0.656059 0
    outer loop
      vertex -20.1326 19.9577 13
      vertex -20.2974 20.1473 9
      vertex -20.2974 20.1473 13
    endloop
  endfacet
  facet normal 0.754709 0.656059 0
    outer loop
      vertex -20.2974 20.1473 9
      vertex -20.1326 19.9577 13
      vertex -20.1326 19.9577 9
    endloop
  endfacet
  facet normal 0.97437 -0.224953 0
    outer loop
      vertex -19.7167 17.8186 13
      vertex -19.6602 18.0634 9
      vertex -19.6602 18.0634 13
    endloop
  endfacet
  facet normal 0.97437 -0.224953 0
    outer loop
      vertex -19.6602 18.0634 9
      vertex -19.7167 17.8186 13
      vertex -19.7167 17.8186 9
    endloop
  endfacet
  facet normal 0.999848 -0.0174478 0
    outer loop
      vertex -19.6296 18.3127 13
      vertex -19.6252 18.5639 9
      vertex -19.6252 18.5639 13
    endloop
  endfacet
  facet normal 0.999848 -0.0174478 0
    outer loop
      vertex -19.6252 18.5639 9
      vertex -19.6296 18.3127 13
      vertex -19.6296 18.3127 9
    endloop
  endfacet
  facet normal 0.798637 -0.601813 0
    outer loop
      vertex -20.1853 16.9375 13
      vertex -20.0341 17.1381 9
      vertex -20.0341 17.1381 13
    endloop
  endfacet
  facet normal 0.798637 -0.601813 0
    outer loop
      vertex -20.0341 17.1381 9
      vertex -20.1853 16.9375 13
      vertex -20.1853 16.9375 9
    endloop
  endfacet
  facet normal 0.906307 -0.42262 0
    outer loop
      vertex -19.9047 17.3534 13
      vertex -19.7985 17.5811 9
      vertex -19.7985 17.5811 13
    endloop
  endfacet
  facet normal 0.906307 -0.42262 0
    outer loop
      vertex -19.7985 17.5811 9
      vertex -19.9047 17.3534 13
      vertex -19.9047 17.3534 9
    endloop
  endfacet
  facet normal 0.857166 -0.515039 0
    outer loop
      vertex -20.0341 17.1381 13
      vertex -19.9047 17.3534 9
      vertex -19.9047 17.3534 13
    endloop
  endfacet
  facet normal 0.857166 -0.515039 0
    outer loop
      vertex -19.9047 17.3534 9
      vertex -20.0341 17.1381 13
      vertex -20.0341 17.1381 9
    endloop
  endfacet
  facet normal -0.981626 -0.190816 0
    outer loop
      vertex -24.3525 17.8995 9
      vertex -24.4004 18.1461 13
      vertex -24.4004 18.1461 9
    endloop
  endfacet
  facet normal -0.981626 -0.190816 0
    outer loop
      vertex -24.4004 18.1461 13
      vertex -24.3525 17.8995 9
      vertex -24.3525 17.8995 13
    endloop
  endfacet
  facet normal 0 0 1
    outer loop
      vertex -19.6471 18.8142 13
      vertex -19.6296 18.3127 13
      vertex -19.6252 18.5639 13
    endloop
  endfacet
  facet normal 0 0 1
    outer loop
      vertex -19.6471 18.8142 13
      vertex -19.6602 18.0634 13
      vertex -19.6296 18.3127 13
    endloop
  endfacet
  facet normal 0 0 1
    outer loop
      vertex -19.6951 19.0608 13
      vertex -19.6602 18.0634 13
      vertex -19.6471 18.8142 13
    endloop
  endfacet
  facet normal 0 0 1
    outer loop
      vertex -19.6951 19.0608 13
      vertex -19.7167 17.8186 13
      vertex -19.6602 18.0634 13
    endloop
  endfacet
  facet normal 0 0 1
    outer loop
      vertex -19.7685 19.301 13
      vertex -19.7167 17.8186 13
      vertex -19.6951 19.0608 13
    endloop
  endfacet
  facet normal 0 0 1
    outer loop
      vertex -19.7685 19.301 13
      vertex -19.7985 17.5811 13
      vertex -19.7167 17.8186 13
    endloop
  endfacet
  facet normal 0 0 1
    outer loop
      vertex -19.8667 19.5322 13
      vertex -19.7985 17.5811 13
      vertex -19.7685 19.301 13
    endloop
  endfacet
  facet normal 0 0 1
    outer loop
      vertex -19.8667 19.5322 13
      vertex -19.9047 17.3534 13
      vertex -19.7985 17.5811 13
    endloop
  endfacet
  facet normal 0 0 1
    outer loop
      vertex -19.9885 19.7519 13
      vertex -19.9047 17.3534 13
      vertex -19.8667 19.5322 13
    endloop
  endfacet
  facet normal 0 0 1
    outer loop
      vertex -19.9885 19.7519 13
      vertex -20.0341 17.1381 13
      vertex -19.9047 17.3534 13
    endloop
  endfacet
  facet normal 0 0 1
    outer loop
      vertex -20.1326 19.9577 13
      vertex -20.0341 17.1381 13
      vertex -19.9885 19.7519 13
    endloop
  endfacet
  facet normal 0 0 1
    outer loop
      vertex -20.1326 19.9577 13
      vertex -20.1853 16.9375 13
      vertex -20.0341 17.1381 13
    endloop
  endfacet
  facet normal 0 0 1
    outer loop
      vertex -20.2974 20.1473 13
      vertex -20.1853 16.9375 13
      vertex -20.1326 19.9577 13
    endloop
  endfacet
  facet normal 0 0 1
    outer loop
      vertex -20.2974 20.1473 13
      vertex -20.3566 16.7537 13
      vertex -20.1853 16.9375 13
    endloop
  endfacet
  facet normal 0 0 1
    outer loop
      vertex -20.4811 20.3186 13
      vertex -20.3566 16.7537 13
      vertex -20.2974 20.1473 13
    endloop
  endfacet
  facet normal 0 0 1
    outer loop
      vertex -20.4811 20.3186 13
      vertex -20.5462 16.5889 13
      vertex -20.3566 16.7537 13
    endloop
  endfacet
  facet normal 0 0 1
    outer loop
      vertex -20.6817 20.4698 13
      vertex -20.5462 16.5889 13
      vertex -20.4811 20.3186 13
    endloop
  endfacet
  facet normal 0 0 1
    outer loop
      vertex -20.6817 20.4698 13
      vertex -20.752 16.4448 13
      vertex -20.5462 16.5889 13
    endloop
  endfacet
  facet normal 0 0 1
    outer loop
      vertex -20.897 20.5992 13
      vertex -20.752 16.4448 13
      vertex -20.6817 20.4698 13
    endloop
  endfacet
  facet normal 0 0 1
    outer loop
      vertex -20.897 20.5992 13
      vertex -20.9717 16.323 13
      vertex -20.752 16.4448 13
    endloop
  endfacet
  facet normal 0 0 1
    outer loop
      vertex -21.1247 20.7054 13
      vertex -20.9717 16.323 13
      vertex -20.897 20.5992 13
    endloop
  endfacet
  facet normal 0 0 1
    outer loop
      vertex -21.1247 20.7054 13
      vertex -21.2029 16.2249 13
      vertex -20.9717 16.323 13
    endloop
  endfacet
  facet normal 0 0 1
    outer loop
      vertex -21.3622 20.7872 13
      vertex -21.2029 16.2249 13
      vertex -21.1247 20.7054 13
    endloop
  endfacet
  facet normal 0 0 1
    outer loop
      vertex -21.3622 20.7872 13
      vertex -21.4432 16.1514 13
      vertex -21.2029 16.2249 13
    endloop
  endfacet
  facet normal 0 0 1
    outer loop
      vertex -21.607 20.8437 13
      vertex -21.4432 16.1514 13
      vertex -21.3622 20.7872 13
    endloop
  endfacet
  facet normal 0 0 1
    outer loop
      vertex -21.607 20.8437 13
      vertex -21.6898 16.1035 13
      vertex -21.4432 16.1514 13
    endloop
  endfacet
  facet normal 0 0 1
    outer loop
      vertex -21.8564 20.8743 13
      vertex -21.6898 16.1035 13
      vertex -21.607 20.8437 13
    endloop
  endfacet
  facet normal 0 0 1
    outer loop
      vertex -21.8564 20.8743 13
      vertex -21.94 16.0816 13
      vertex -21.6898 16.1035 13
    endloop
  endfacet
  facet normal 0 0 1
    outer loop
      vertex -22.1075 20.8787 13
      vertex -21.94 16.0816 13
      vertex -21.8564 20.8743 13
    endloop
  endfacet
  facet normal 0 0 1
    outer loop
      vertex -22.1075 20.8787 13
      vertex -22.1912 16.086 13
      vertex -21.94 16.0816 13
    endloop
  endfacet
  facet normal -0 0 1
    outer loop
      vertex -22.3578 20.8568 13
      vertex -22.1912 16.086 13
      vertex -22.1075 20.8787 13
    endloop
  endfacet
  facet normal 0 0 1
    outer loop
      vertex -22.3578 20.8568 13
      vertex -22.4405 16.1166 13
      vertex -22.1912 16.086 13
    endloop
  endfacet
  facet normal -0 0 1
    outer loop
      vertex -22.6044 20.8089 13
      vertex -22.4405 16.1166 13
      vertex -22.3578 20.8568 13
    endloop
  endfacet
  facet normal 0 0 1
    outer loop
      vertex -22.6044 20.8089 13
      vertex -22.6853 16.1731 13
      vertex -22.4405 16.1166 13
    endloop
  endfacet
  facet normal -0 0 1
    outer loop
      vertex -22.8446 20.7354 13
      vertex -22.6853 16.1731 13
      vertex -22.6044 20.8089 13
    endloop
  endfacet
  facet normal 0 0 1
    outer loop
      vertex -22.8446 20.7354 13
      vertex -22.9228 16.2549 13
      vertex -22.6853 16.1731 13
    endloop
  endfacet
  facet normal -0 0 1
    outer loop
      vertex -23.0759 20.6372 13
      vertex -22.9228 16.2549 13
      vertex -22.8446 20.7354 13
    endloop
  endfacet
  facet normal 0 0 1
    outer loop
      vertex -23.0759 20.6372 13
      vertex -23.1505 16.3611 13
      vertex -22.9228 16.2549 13
    endloop
  endfacet
  facet normal -0 0 1
    outer loop
      vertex -23.2956 20.5155 13
      vertex -23.1505 16.3611 13
      vertex -23.0759 20.6372 13
    endloop
  endfacet
  facet normal 0 0 1
    outer loop
      vertex -23.2956 20.5155 13
      vertex -23.3658 16.4905 13
      vertex -23.1505 16.3611 13
    endloop
  endfacet
  facet normal -0 0 1
    outer loop
      vertex -23.5014 20.3714 13
      vertex -23.3658 16.4905 13
      vertex -23.2956 20.5155 13
    endloop
  endfacet
  facet normal 0 0 1
    outer loop
      vertex -23.5014 20.3714 13
      vertex -23.5665 16.6416 13
      vertex -23.3658 16.4905 13
    endloop
  endfacet
  facet normal -0 0 1
    outer loop
      vertex -23.691 20.2066 13
      vertex -23.5665 16.6416 13
      vertex -23.5014 20.3714 13
    endloop
  endfacet
  facet normal 0 0 1
    outer loop
      vertex -23.691 20.2066 13
      vertex -23.7502 16.813 13
      vertex -23.5665 16.6416 13
    endloop
  endfacet
  facet normal -0 0 1
    outer loop
      vertex -23.8623 20.0228 13
      vertex -23.7502 16.813 13
      vertex -23.691 20.2066 13
    endloop
  endfacet
  facet normal 0 0 1
    outer loop
      vertex -23.8623 20.0228 13
      vertex -23.915 17.0026 13
      vertex -23.7502 16.813 13
    endloop
  endfacet
  facet normal -0 0 1
    outer loop
      vertex -24.0135 19.8222 13
      vertex -23.915 17.0026 13
      vertex -23.8623 20.0228 13
    endloop
  endfacet
  facet normal 0 0 1
    outer loop
      vertex -24.0135 19.8222 13
      vertex -24.0591 17.2083 13
      vertex -23.915 17.0026 13
    endloop
  endfacet
  facet normal -0 0 1
    outer loop
      vertex -24.1429 19.6069 13
      vertex -24.0591 17.2083 13
      vertex -24.0135 19.8222 13
    endloop
  endfacet
  facet normal 0 0 1
    outer loop
      vertex -24.1429 19.6069 13
      vertex -24.1809 17.4281 13
      vertex -24.0591 17.2083 13
    endloop
  endfacet
  facet normal -0 0 1
    outer loop
      vertex -24.249 19.3792 13
      vertex -24.1809 17.4281 13
      vertex -24.1429 19.6069 13
    endloop
  endfacet
  facet normal 0 0 1
    outer loop
      vertex -24.249 19.3792 13
      vertex -24.279 17.6593 13
      vertex -24.1809 17.4281 13
    endloop
  endfacet
  facet normal -0 0 1
    outer loop
      vertex -24.3308 19.1417 13
      vertex -24.279 17.6593 13
      vertex -24.249 19.3792 13
    endloop
  endfacet
  facet normal 0 0 1
    outer loop
      vertex -24.3308 19.1417 13
      vertex -24.3525 17.8995 13
      vertex -24.279 17.6593 13
    endloop
  endfacet
  facet normal -0 0 1
    outer loop
      vertex -24.3873 18.8969 13
      vertex -24.3525 17.8995 13
      vertex -24.3308 19.1417 13
    endloop
  endfacet
  facet normal 0 0 1
    outer loop
      vertex -24.3873 18.8969 13
      vertex -24.4004 18.1461 13
      vertex -24.3525 17.8995 13
    endloop
  endfacet
  facet normal -0 0 1
    outer loop
      vertex -24.4179 18.6476 13
      vertex -24.4004 18.1461 13
      vertex -24.3873 18.8969 13
    endloop
  endfacet
  facet normal 0 0 1
    outer loop
      vertex -24.4004 18.1461 13
      vertex -24.4179 18.6476 13
      vertex -24.4223 18.3964 13
    endloop
  endfacet
  facet normal -0.754709 -0.656059 0
    outer loop
      vertex -23.7502 16.813 9
      vertex -23.915 17.0026 13
      vertex -23.915 17.0026 9
    endloop
  endfacet
  facet normal -0.754709 -0.656059 0
    outer loop
      vertex -23.915 17.0026 13
      vertex -23.7502 16.813 9
      vertex -23.7502 16.813 13
    endloop
  endfacet
  facet normal -0.601818 -0.798633 0
    outer loop
      vertex -23.5665 16.6416 9
      vertex -23.3658 16.4905 13
      vertex -23.5665 16.6416 13
    endloop
  endfacet
  facet normal -0.601818 -0.798633 -0
    outer loop
      vertex -23.3658 16.4905 13
      vertex -23.5665 16.6416 9
      vertex -23.3658 16.4905 9
    endloop
  endfacet
  facet normal -0.920505 -0.390731 0
    outer loop
      vertex -24.1809 17.4281 9
      vertex -24.279 17.6593 13
      vertex -24.279 17.6593 9
    endloop
  endfacet
  facet normal -0.920505 -0.390731 0
    outer loop
      vertex -24.279 17.6593 13
      vertex -24.1809 17.4281 9
      vertex -24.1809 17.4281 13
    endloop
  endfacet
  facet normal 0.292367 -0.956306 0
    outer loop
      vertex -21.4432 16.1514 9
      vertex -21.2029 16.2249 13
      vertex -21.4432 16.1514 13
    endloop
  endfacet
  facet normal 0.292367 -0.956306 0
    outer loop
      vertex -21.2029 16.2249 13
      vertex -21.4432 16.1514 9
      vertex -21.2029 16.2249 9
    endloop
  endfacet
  facet normal 0.573569 -0.819157 0
    outer loop
      vertex -20.752 16.4448 9
      vertex -20.5462 16.5889 13
      vertex -20.752 16.4448 13
    endloop
  endfacet
  facet normal 0.573569 -0.819157 0
    outer loop
      vertex -20.5462 16.5889 13
      vertex -20.752 16.4448 9
      vertex -20.5462 16.5889 9
    endloop
  endfacet
  facet normal 0.731355 -0.681997 0
    outer loop
      vertex -20.3566 16.7537 13
      vertex -20.1853 16.9375 9
      vertex -20.1853 16.9375 13
    endloop
  endfacet
  facet normal 0.731355 -0.681997 0
    outer loop
      vertex -20.1853 16.9375 9
      vertex -20.3566 16.7537 13
      vertex -20.3566 16.7537 9
    endloop
  endfacet
  facet normal -0.121861 -0.992547 0
    outer loop
      vertex -22.4405 16.1166 9
      vertex -22.1912 16.086 13
      vertex -22.4405 16.1166 13
    endloop
  endfacet
  facet normal -0.121861 -0.992547 -0
    outer loop
      vertex -22.1912 16.086 13
      vertex -22.4405 16.1166 9
      vertex -22.1912 16.086 9
    endloop
  endfacet
  facet normal -0.422617 -0.906308 0
    outer loop
      vertex -23.1505 16.3611 9
      vertex -22.9228 16.2549 13
      vertex -23.1505 16.3611 13
    endloop
  endfacet
  facet normal -0.422617 -0.906308 -0
    outer loop
      vertex -22.9228 16.2549 13
      vertex -23.1505 16.3611 9
      vertex -22.9228 16.2549 9
    endloop
  endfacet
  facet normal 0.992546 -0.121868 0
    outer loop
      vertex -19.6602 18.0634 13
      vertex -19.6296 18.3127 9
      vertex -19.6296 18.3127 13
    endloop
  endfacet
  facet normal 0.992546 -0.121868 0
    outer loop
      vertex -19.6296 18.3127 9
      vertex -19.6602 18.0634 13
      vertex -19.6602 18.0634 9
    endloop
  endfacet
  facet normal -0.731348 -0.682004 0
    outer loop
      vertex -23.691 -20.2066 9
      vertex -23.8623 -20.0228 13
      vertex -23.8623 -20.0228 9
    endloop
  endfacet
  facet normal -0.731348 -0.682004 0
    outer loop
      vertex -23.8623 -20.0228 13
      vertex -23.691 -20.2066 9
      vertex -23.691 -20.2066 13
    endloop
  endfacet
  facet normal 0.798637 0.601813 0
    outer loop
      vertex -20.0341 -17.1381 13
      vertex -20.1853 -16.9375 9
      vertex -20.1853 -16.9375 13
    endloop
  endfacet
  facet normal 0.798637 0.601813 0
    outer loop
      vertex -20.1853 -16.9375 9
      vertex -20.0341 -17.1381 13
      vertex -20.0341 -17.1381 9
    endloop
  endfacet
  facet normal -0.682 0.731352 0
    outer loop
      vertex -23.5665 -16.6416 9
      vertex -23.7502 -16.813 13
      vertex -23.5665 -16.6416 13
    endloop
  endfacet
  facet normal -0.682 0.731352 0
    outer loop
      vertex -23.7502 -16.813 13
      vertex -23.5665 -16.6416 9
      vertex -23.7502 -16.813 9
    endloop
  endfacet
  facet normal 0.97437 0.224953 0
    outer loop
      vertex -19.6602 -18.0634 13
      vertex -19.7167 -17.8186 9
      vertex -19.7167 -17.8186 13
    endloop
  endfacet
  facet normal 0.97437 0.224953 0
    outer loop
      vertex -19.7167 -17.8186 9
      vertex -19.6602 -18.0634 13
      vertex -19.6602 -18.0634 9
    endloop
  endfacet
  facet normal 0.992546 0.121868 0
    outer loop
      vertex -19.6296 -18.3127 13
      vertex -19.6602 -18.0634 9
      vertex -19.6602 -18.0634 13
    endloop
  endfacet
  facet normal 0.992546 0.121868 0
    outer loop
      vertex -19.6602 -18.0634 9
      vertex -19.6296 -18.3127 13
      vertex -19.6296 -18.3127 9
    endloop
  endfacet
  facet normal -0.874622 0.484806 0
    outer loop
      vertex -24.1809 -17.4281 9
      vertex -24.0591 -17.2083 13
      vertex -24.0591 -17.2083 9
    endloop
  endfacet
  facet normal -0.874622 0.484806 0
    outer loop
      vertex -24.0591 -17.2083 13
      vertex -24.1809 -17.4281 9
      vertex -24.1809 -17.4281 13
    endloop
  endfacet
  facet normal -0.656063 -0.754706 0
    outer loop
      vertex -23.691 -20.2066 9
      vertex -23.5014 -20.3714 13
      vertex -23.691 -20.2066 13
    endloop
  endfacet
  facet normal -0.656063 -0.754706 -0
    outer loop
      vertex -23.5014 -20.3714 13
      vertex -23.691 -20.2066 9
      vertex -23.5014 -20.3714 9
    endloop
  endfacet
  facet normal -0.484806 -0.874622 0
    outer loop
      vertex -23.2956 -20.5155 9
      vertex -23.0759 -20.6372 13
      vertex -23.2956 -20.5155 13
    endloop
  endfacet
  facet normal -0.484806 -0.874622 -0
    outer loop
      vertex -23.0759 -20.6372 13
      vertex -23.2956 -20.5155 9
      vertex -23.0759 -20.6372 9
    endloop
  endfacet
  facet normal -0.0871555 -0.996195 0
    outer loop
      vertex -22.3578 -20.8568 9
      vertex -22.1075 -20.8787 13
      vertex -22.3578 -20.8568 13
    endloop
  endfacet
  facet normal -0.0871555 -0.996195 -0
    outer loop
      vertex -22.1075 -20.8787 13
      vertex -22.3578 -20.8568 9
      vertex -22.1075 -20.8787 9
    endloop
  endfacet
  facet normal -0.190809 -0.981627 0
    outer loop
      vertex -22.6044 -20.8089 9
      vertex -22.3578 -20.8568 13
      vertex -22.6044 -20.8089 13
    endloop
  endfacet
  facet normal -0.190809 -0.981627 -0
    outer loop
      vertex -22.3578 -20.8568 13
      vertex -22.6044 -20.8089 9
      vertex -22.3578 -20.8568 9
    endloop
  endfacet
  facet normal -0.292374 -0.956304 0
    outer loop
      vertex -22.8446 -20.7354 9
      vertex -22.6044 -20.8089 13
      vertex -22.8446 -20.7354 13
    endloop
  endfacet
  facet normal -0.292374 -0.956304 -0
    outer loop
      vertex -22.6044 -20.8089 13
      vertex -22.8446 -20.7354 9
      vertex -22.6044 -20.8089 9
    endloop
  endfacet
  facet normal 0.601818 -0.798633 0
    outer loop
      vertex -20.6817 -20.4698 9
      vertex -20.4811 -20.3186 13
      vertex -20.6817 -20.4698 13
    endloop
  endfacet
  facet normal 0.601818 -0.798633 0
    outer loop
      vertex -20.4811 -20.3186 13
      vertex -20.6817 -20.4698 9
      vertex -20.4811 -20.3186 9
    endloop
  endfacet
  facet normal 0.515034 -0.85717 0
    outer loop
      vertex -20.897 -20.5992 9
      vertex -20.6817 -20.4698 13
      vertex -20.897 -20.5992 13
    endloop
  endfacet
  facet normal 0.515034 -0.85717 0
    outer loop
      vertex -20.6817 -20.4698 13
      vertex -20.897 -20.5992 9
      vertex -20.6817 -20.4698 9
    endloop
  endfacet
  facet normal 0.681996 -0.731356 0
    outer loop
      vertex -20.4811 -20.3186 9
      vertex -20.2974 -20.1473 13
      vertex -20.4811 -20.3186 13
    endloop
  endfacet
  facet normal 0.681996 -0.731356 0
    outer loop
      vertex -20.2974 -20.1473 13
      vertex -20.4811 -20.3186 9
      vertex -20.2974 -20.1473 9
    endloop
  endfacet
  facet normal 0.325569 -0.945518 0
    outer loop
      vertex -21.3622 -20.7872 9
      vertex -21.1247 -20.7054 13
      vertex -21.3622 -20.7872 13
    endloop
  endfacet
  facet normal 0.325569 -0.945518 0
    outer loop
      vertex -21.1247 -20.7054 13
      vertex -21.3622 -20.7872 9
      vertex -21.1247 -20.7054 9
    endloop
  endfacet
  facet normal 0.422617 -0.906308 0
    outer loop
      vertex -21.1247 -20.7054 9
      vertex -20.897 -20.5992 13
      vertex -21.1247 -20.7054 13
    endloop
  endfacet
  facet normal 0.422617 -0.906308 0
    outer loop
      vertex -20.897 -20.5992 13
      vertex -21.1247 -20.7054 9
      vertex -20.897 -20.5992 9
    endloop
  endfacet
  facet normal 0.121876 -0.992545 0
    outer loop
      vertex -21.8564 -20.8743 9
      vertex -21.607 -20.8437 13
      vertex -21.8564 -20.8743 13
    endloop
  endfacet
  facet normal 0.121876 -0.992545 0
    outer loop
      vertex -21.607 -20.8437 13
      vertex -21.8564 -20.8743 9
      vertex -21.607 -20.8437 9
    endloop
  endfacet
  facet normal 0.906307 0.42262 0
    outer loop
      vertex -19.7985 -17.5811 13
      vertex -19.9047 -17.3534 9
      vertex -19.9047 -17.3534 13
    endloop
  endfacet
  facet normal 0.906307 0.42262 0
    outer loop
      vertex -19.9047 -17.3534 9
      vertex -19.7985 -17.5811 13
      vertex -19.7985 -17.5811 9
    endloop
  endfacet
  facet normal 0.857166 0.515039 0
    outer loop
      vertex -19.9047 -17.3534 13
      vertex -20.0341 -17.1381 9
      vertex -20.0341 -17.1381 13
    endloop
  endfacet
  facet normal 0.857166 0.515039 0
    outer loop
      vertex -20.0341 -17.1381 9
      vertex -19.9047 -17.3534 13
      vertex -19.9047 -17.3534 9
    endloop
  endfacet
  facet normal 0.996195 -0.0871473 0
    outer loop
      vertex -19.6471 -18.8142 13
      vertex -19.6252 -18.5639 9
      vertex -19.6252 -18.5639 13
    endloop
  endfacet
  facet normal 0.996195 -0.0871473 0
    outer loop
      vertex -19.6252 -18.5639 9
      vertex -19.6471 -18.8142 13
      vertex -19.6471 -18.8142 9
    endloop
  endfacet
  facet normal 0.956306 -0.292369 0
    outer loop
      vertex -19.7685 -19.301 13
      vertex -19.6951 -19.0608 9
      vertex -19.6951 -19.0608 13
    endloop
  endfacet
  facet normal 0.956306 -0.292369 0
    outer loop
      vertex -19.6951 -19.0608 9
      vertex -19.7685 -19.301 13
      vertex -19.7685 -19.301 9
    endloop
  endfacet
  facet normal 0.981626 -0.190816 0
    outer loop
      vertex -19.6951 -19.0608 13
      vertex -19.6471 -18.8142 9
      vertex -19.6471 -18.8142 13
    endloop
  endfacet
  facet normal 0.981626 -0.190816 0
    outer loop
      vertex -19.6471 -18.8142 9
      vertex -19.6951 -19.0608 13
      vertex -19.6951 -19.0608 9
    endloop
  endfacet
  facet normal 0.874623 -0.484803 0
    outer loop
      vertex -19.9885 -19.7519 13
      vertex -19.8667 -19.5322 9
      vertex -19.8667 -19.5322 13
    endloop
  endfacet
  facet normal 0.874623 -0.484803 0
    outer loop
      vertex -19.8667 -19.5322 9
      vertex -19.9885 -19.7519 13
      vertex -19.9885 -19.7519 9
    endloop
  endfacet
  facet normal 0.920503 -0.390734 0
    outer loop
      vertex -19.8667 -19.5322 13
      vertex -19.7685 -19.301 9
      vertex -19.7685 -19.301 13
    endloop
  endfacet
  facet normal 0.920503 -0.390734 0
    outer loop
      vertex -19.7685 -19.301 9
      vertex -19.8667 -19.5322 13
      vertex -19.8667 -19.5322 9
    endloop
  endfacet
  facet normal 0.754709 -0.656059 0
    outer loop
      vertex -20.2974 -20.1473 13
      vertex -20.1326 -19.9577 9
      vertex -20.1326 -19.9577 13
    endloop
  endfacet
  facet normal 0.754709 -0.656059 0
    outer loop
      vertex -20.1326 -19.9577 9
      vertex -20.2974 -20.1473 13
      vertex -20.2974 -20.1473 9
    endloop
  endfacet
  facet normal -0.906308 -0.422617 0
    outer loop
      vertex -24.1429 -19.6069 9
      vertex -24.249 -19.3792 13
      vertex -24.249 -19.3792 9
    endloop
  endfacet
  facet normal -0.906308 -0.422617 0
    outer loop
      vertex -24.249 -19.3792 13
      vertex -24.1429 -19.6069 9
      vertex -24.1429 -19.6069 13
    endloop
  endfacet
  facet normal -0.974371 -0.224945 0
    outer loop
      vertex -24.3308 -19.1417 9
      vertex -24.3873 -18.8969 13
      vertex -24.3873 -18.8969 9
    endloop
  endfacet
  facet normal -0.974371 -0.224945 0
    outer loop
      vertex -24.3873 -18.8969 13
      vertex -24.3308 -19.1417 9
      vertex -24.3308 -19.1417 13
    endloop
  endfacet
  facet normal -0.573578 -0.819151 0
    outer loop
      vertex -23.5014 -20.3714 9
      vertex -23.2956 -20.5155 13
      vertex -23.5014 -20.3714 13
    endloop
  endfacet
  facet normal -0.573578 -0.819151 -0
    outer loop
      vertex -23.2956 -20.5155 13
      vertex -23.5014 -20.3714 9
      vertex -23.2956 -20.5155 9
    endloop
  endfacet
  facet normal -0.390731 -0.920505 0
    outer loop
      vertex -23.0759 -20.6372 9
      vertex -22.8446 -20.7354 13
      vertex -23.0759 -20.6372 13
    endloop
  endfacet
  facet normal -0.390731 -0.920505 -0
    outer loop
      vertex -22.8446 -20.7354 13
      vertex -23.0759 -20.6372 9
      vertex -22.8446 -20.7354 9
    endloop
  endfacet
  facet normal 0.0174477 -0.999848 0
    outer loop
      vertex -22.1075 -20.8787 9
      vertex -21.8564 -20.8743 13
      vertex -22.1075 -20.8787 13
    endloop
  endfacet
  facet normal 0.0174477 -0.999848 0
    outer loop
      vertex -21.8564 -20.8743 13
      vertex -22.1075 -20.8787 9
      vertex -21.8564 -20.8743 9
    endloop
  endfacet
  facet normal 0.224953 -0.97437 0
    outer loop
      vertex -21.607 -20.8437 9
      vertex -21.3622 -20.7872 13
      vertex -21.607 -20.8437 13
    endloop
  endfacet
  facet normal 0.224953 -0.97437 0
    outer loop
      vertex -21.3622 -20.7872 13
      vertex -21.607 -20.8437 9
      vertex -21.3622 -20.7872 9
    endloop
  endfacet
  facet normal 0.999848 0.0174478 0
    outer loop
      vertex -19.6252 -18.5639 13
      vertex -19.6296 -18.3127 9
      vertex -19.6296 -18.3127 13
    endloop
  endfacet
  facet normal 0.999848 0.0174478 0
    outer loop
      vertex -19.6296 -18.3127 9
      vertex -19.6252 -18.5639 13
      vertex -19.6252 -18.5639 9
    endloop
  endfacet
  facet normal 0.945519 0.325567 0
    outer loop
      vertex -19.7167 -17.8186 13
      vertex -19.7985 -17.5811 9
      vertex -19.7985 -17.5811 13
    endloop
  endfacet
  facet normal 0.945519 0.325567 0
    outer loop
      vertex -19.7985 -17.5811 9
      vertex -19.7167 -17.8186 13
      vertex -19.7167 -17.8186 9
    endloop
  endfacet
  facet normal 0.819151 -0.573578 0
    outer loop
      vertex -20.1326 -19.9577 13
      vertex -19.9885 -19.7519 9
      vertex -19.9885 -19.7519 13
    endloop
  endfacet
  facet normal 0.819151 -0.573578 0
    outer loop
      vertex -19.9885 -19.7519 9
      vertex -20.1326 -19.9577 13
      vertex -20.1326 -19.9577 9
    endloop
  endfacet
  facet normal -0.857164 -0.515043 0
    outer loop
      vertex -24.0135 -19.8222 9
      vertex -24.1429 -19.6069 13
      vertex -24.1429 -19.6069 9
    endloop
  endfacet
  facet normal -0.857164 -0.515043 0
    outer loop
      vertex -24.1429 -19.6069 13
      vertex -24.0135 -19.8222 9
      vertex -24.0135 -19.8222 13
    endloop
  endfacet
  facet normal -0.798636 -0.601815 0
    outer loop
      vertex -23.8623 -20.0228 9
      vertex -24.0135 -19.8222 13
      vertex -24.0135 -19.8222 9
    endloop
  endfacet
  facet normal -0.798636 -0.601815 0
    outer loop
      vertex -24.0135 -19.8222 13
      vertex -23.8623 -20.0228 9
      vertex -23.8623 -20.0228 13
    endloop
  endfacet
  facet normal -0.999848 -0.0174553 0
    outer loop
      vertex -24.4179 -18.6476 9
      vertex -24.4223 -18.3964 13
      vertex -24.4223 -18.3964 9
    endloop
  endfacet
  facet normal -0.999848 -0.0174553 0
    outer loop
      vertex -24.4223 -18.3964 13
      vertex -24.4179 -18.6476 9
      vertex -24.4179 -18.6476 13
    endloop
  endfacet
  facet normal -0.121861 0.992547 0
    outer loop
      vertex -22.1912 -16.086 9
      vertex -22.4405 -16.1166 13
      vertex -22.1912 -16.086 13
    endloop
  endfacet
  facet normal -0.121861 0.992547 0
    outer loop
      vertex -22.4405 -16.1166 13
      vertex -22.1912 -16.086 9
      vertex -22.4405 -16.1166 9
    endloop
  endfacet
  facet normal -0.422617 0.906308 0
    outer loop
      vertex -22.9228 -16.2549 9
      vertex -23.1505 -16.3611 13
      vertex -22.9228 -16.2549 13
    endloop
  endfacet
  facet normal -0.422617 0.906308 0
    outer loop
      vertex -23.1505 -16.3611 13
      vertex -22.9228 -16.2549 9
      vertex -23.1505 -16.3611 9
    endloop
  endfacet
  facet normal 0.292367 0.956306 -0
    outer loop
      vertex -21.2029 -16.2249 9
      vertex -21.4432 -16.1514 13
      vertex -21.2029 -16.2249 13
    endloop
  endfacet
  facet normal 0.292367 0.956306 0
    outer loop
      vertex -21.4432 -16.1514 13
      vertex -21.2029 -16.2249 9
      vertex -21.4432 -16.1514 9
    endloop
  endfacet
  facet normal 0.656063 0.754706 -0
    outer loop
      vertex -20.3566 -16.7537 9
      vertex -20.5462 -16.5889 13
      vertex -20.3566 -16.7537 13
    endloop
  endfacet
  facet normal 0.656063 0.754706 0
    outer loop
      vertex -20.5462 -16.5889 13
      vertex -20.3566 -16.7537 9
      vertex -20.5462 -16.5889 9
    endloop
  endfacet
  facet normal -0.819148 0.573582 0
    outer loop
      vertex -24.0591 -17.2083 9
      vertex -23.915 -17.0026 13
      vertex -23.915 -17.0026 9
    endloop
  endfacet
  facet normal -0.819148 0.573582 0
    outer loop
      vertex -23.915 -17.0026 13
      vertex -24.0591 -17.2083 9
      vertex -24.0591 -17.2083 13
    endloop
  endfacet
  facet normal -0.754709 0.656059 0
    outer loop
      vertex -23.915 -17.0026 9
      vertex -23.7502 -16.813 13
      vertex -23.7502 -16.813 9
    endloop
  endfacet
  facet normal -0.754709 0.656059 0
    outer loop
      vertex -23.7502 -16.813 13
      vertex -23.915 -17.0026 9
      vertex -23.915 -17.0026 13
    endloop
  endfacet
  facet normal -0.945518 -0.325569 0
    outer loop
      vertex -24.249 -19.3792 9
      vertex -24.3308 -19.1417 13
      vertex -24.3308 -19.1417 9
    endloop
  endfacet
  facet normal -0.945518 -0.325569 0
    outer loop
      vertex -24.3308 -19.1417 13
      vertex -24.249 -19.3792 9
      vertex -24.249 -19.3792 13
    endloop
  endfacet
  facet normal -0.956306 0.292367 0
    outer loop
      vertex -24.3525 -17.8995 9
      vertex -24.279 -17.6593 13
      vertex -24.279 -17.6593 9
    endloop
  endfacet
  facet normal -0.956306 0.292367 0
    outer loop
      vertex -24.279 -17.6593 13
      vertex -24.3525 -17.8995 9
      vertex -24.3525 -17.8995 13
    endloop
  endfacet
  facet normal -0.992546 -0.121868 0
    outer loop
      vertex -24.3873 -18.8969 9
      vertex -24.4179 -18.6476 13
      vertex -24.4179 -18.6476 9
    endloop
  endfacet
  facet normal -0.992546 -0.121868 0
    outer loop
      vertex -24.4179 -18.6476 13
      vertex -24.3873 -18.8969 9
      vertex -24.3873 -18.8969 13
    endloop
  endfacet
  facet normal 0 0 1
    outer loop
      vertex -19.6296 -18.3127 13
      vertex -19.6471 -18.8142 13
      vertex -19.6252 -18.5639 13
    endloop
  endfacet
  facet normal 0 0 1
    outer loop
      vertex -19.6602 -18.0634 13
      vertex -19.6471 -18.8142 13
      vertex -19.6296 -18.3127 13
    endloop
  endfacet
  facet normal 0 0 1
    outer loop
      vertex -19.6602 -18.0634 13
      vertex -19.6951 -19.0608 13
      vertex -19.6471 -18.8142 13
    endloop
  endfacet
  facet normal 0 0 1
    outer loop
      vertex -19.7167 -17.8186 13
      vertex -19.6951 -19.0608 13
      vertex -19.6602 -18.0634 13
    endloop
  endfacet
  facet normal 0 0 1
    outer loop
      vertex -19.7167 -17.8186 13
      vertex -19.7685 -19.301 13
      vertex -19.6951 -19.0608 13
    endloop
  endfacet
  facet normal 0 0 1
    outer loop
      vertex -19.7985 -17.5811 13
      vertex -19.7685 -19.301 13
      vertex -19.7167 -17.8186 13
    endloop
  endfacet
  facet normal 0 0 1
    outer loop
      vertex -19.7985 -17.5811 13
      vertex -19.8667 -19.5322 13
      vertex -19.7685 -19.301 13
    endloop
  endfacet
  facet normal 0 0 1
    outer loop
      vertex -19.9047 -17.3534 13
      vertex -19.8667 -19.5322 13
      vertex -19.7985 -17.5811 13
    endloop
  endfacet
  facet normal 0 0 1
    outer loop
      vertex -19.9047 -17.3534 13
      vertex -19.9885 -19.7519 13
      vertex -19.8667 -19.5322 13
    endloop
  endfacet
  facet normal 0 0 1
    outer loop
      vertex -20.0341 -17.1381 13
      vertex -19.9885 -19.7519 13
      vertex -19.9047 -17.3534 13
    endloop
  endfacet
  facet normal 0 0 1
    outer loop
      vertex -20.0341 -17.1381 13
      vertex -20.1326 -19.9577 13
      vertex -19.9885 -19.7519 13
    endloop
  endfacet
  facet normal 0 0 1
    outer loop
      vertex -20.1853 -16.9375 13
      vertex -20.1326 -19.9577 13
      vertex -20.0341 -17.1381 13
    endloop
  endfacet
  facet normal 0 0 1
    outer loop
      vertex -20.1853 -16.9375 13
      vertex -20.2974 -20.1473 13
      vertex -20.1326 -19.9577 13
    endloop
  endfacet
  facet normal 0 0 1
    outer loop
      vertex -20.3566 -16.7537 13
      vertex -20.2974 -20.1473 13
      vertex -20.1853 -16.9375 13
    endloop
  endfacet
  facet normal 0 0 1
    outer loop
      vertex -20.3566 -16.7537 13
      vertex -20.4811 -20.3186 13
      vertex -20.2974 -20.1473 13
    endloop
  endfacet
  facet normal 0 0 1
    outer loop
      vertex -20.5462 -16.5889 13
      vertex -20.4811 -20.3186 13
      vertex -20.3566 -16.7537 13
    endloop
  endfacet
  facet normal 0 0 1
    outer loop
      vertex -20.5462 -16.5889 13
      vertex -20.6817 -20.4698 13
      vertex -20.4811 -20.3186 13
    endloop
  endfacet
  facet normal 0 0 1
    outer loop
      vertex -20.752 -16.4448 13
      vertex -20.6817 -20.4698 13
      vertex -20.5462 -16.5889 13
    endloop
  endfacet
  facet normal 0 0 1
    outer loop
      vertex -20.752 -16.4448 13
      vertex -20.897 -20.5992 13
      vertex -20.6817 -20.4698 13
    endloop
  endfacet
  facet normal 0 0 1
    outer loop
      vertex -20.9717 -16.323 13
      vertex -20.897 -20.5992 13
      vertex -20.752 -16.4448 13
    endloop
  endfacet
  facet normal 0 0 1
    outer loop
      vertex -20.9717 -16.323 13
      vertex -21.1247 -20.7054 13
      vertex -20.897 -20.5992 13
    endloop
  endfacet
  facet normal 0 0 1
    outer loop
      vertex -21.2029 -16.2249 13
      vertex -21.1247 -20.7054 13
      vertex -20.9717 -16.323 13
    endloop
  endfacet
  facet normal 0 0 1
    outer loop
      vertex -21.2029 -16.2249 13
      vertex -21.3622 -20.7872 13
      vertex -21.1247 -20.7054 13
    endloop
  endfacet
  facet normal 0 0 1
    outer loop
      vertex -21.4432 -16.1514 13
      vertex -21.3622 -20.7872 13
      vertex -21.2029 -16.2249 13
    endloop
  endfacet
  facet normal 0 0 1
    outer loop
      vertex -21.4432 -16.1514 13
      vertex -21.607 -20.8437 13
      vertex -21.3622 -20.7872 13
    endloop
  endfacet
  facet normal 0 0 1
    outer loop
      vertex -21.6898 -16.1035 13
      vertex -21.607 -20.8437 13
      vertex -21.4432 -16.1514 13
    endloop
  endfacet
  facet normal 0 0 1
    outer loop
      vertex -21.6898 -16.1035 13
      vertex -21.8564 -20.8743 13
      vertex -21.607 -20.8437 13
    endloop
  endfacet
  facet normal 0 0 1
    outer loop
      vertex -21.94 -16.0816 13
      vertex -21.8564 -20.8743 13
      vertex -21.6898 -16.1035 13
    endloop
  endfacet
  facet normal 0 0 1
    outer loop
      vertex -21.94 -16.0816 13
      vertex -22.1075 -20.8787 13
      vertex -21.8564 -20.8743 13
    endloop
  endfacet
  facet normal -0 0 1
    outer loop
      vertex -22.1912 -16.086 13
      vertex -22.1075 -20.8787 13
      vertex -21.94 -16.0816 13
    endloop
  endfacet
  facet normal 0 0 1
    outer loop
      vertex -22.1912 -16.086 13
      vertex -22.3578 -20.8568 13
      vertex -22.1075 -20.8787 13
    endloop
  endfacet
  facet normal -0 0 1
    outer loop
      vertex -22.4405 -16.1166 13
      vertex -22.3578 -20.8568 13
      vertex -22.1912 -16.086 13
    endloop
  endfacet
  facet normal 0 0 1
    outer loop
      vertex -22.4405 -16.1166 13
      vertex -22.6044 -20.8089 13
      vertex -22.3578 -20.8568 13
    endloop
  endfacet
  facet normal -0 0 1
    outer loop
      vertex -22.6853 -16.1731 13
      vertex -22.6044 -20.8089 13
      vertex -22.4405 -16.1166 13
    endloop
  endfacet
  facet normal 0 0 1
    outer loop
      vertex -22.6853 -16.1731 13
      vertex -22.8446 -20.7354 13
      vertex -22.6044 -20.8089 13
    endloop
  endfacet
  facet normal -0 0 1
    outer loop
      vertex -22.9228 -16.2549 13
      vertex -22.8446 -20.7354 13
      vertex -22.6853 -16.1731 13
    endloop
  endfacet
  facet normal 0 0 1
    outer loop
      vertex -22.9228 -16.2549 13
      vertex -23.0759 -20.6372 13
      vertex -22.8446 -20.7354 13
    endloop
  endfacet
  facet normal -0 0 1
    outer loop
      vertex -23.1505 -16.3611 13
      vertex -23.0759 -20.6372 13
      vertex -22.9228 -16.2549 13
    endloop
  endfacet
  facet normal 0 0 1
    outer loop
      vertex -23.1505 -16.3611 13
      vertex -23.2956 -20.5155 13
      vertex -23.0759 -20.6372 13
    endloop
  endfacet
  facet normal -0 0 1
    outer loop
      vertex -23.3658 -16.4905 13
      vertex -23.2956 -20.5155 13
      vertex -23.1505 -16.3611 13
    endloop
  endfacet
  facet normal 0 0 1
    outer loop
      vertex -23.3658 -16.4905 13
      vertex -23.5014 -20.3714 13
      vertex -23.2956 -20.5155 13
    endloop
  endfacet
  facet normal -0 0 1
    outer loop
      vertex -23.5665 -16.6416 13
      vertex -23.5014 -20.3714 13
      vertex -23.3658 -16.4905 13
    endloop
  endfacet
  facet normal 0 0 1
    outer loop
      vertex -23.5665 -16.6416 13
      vertex -23.691 -20.2066 13
      vertex -23.5014 -20.3714 13
    endloop
  endfacet
  facet normal -0 0 1
    outer loop
      vertex -23.7502 -16.813 13
      vertex -23.691 -20.2066 13
      vertex -23.5665 -16.6416 13
    endloop
  endfacet
  facet normal 0 0 1
    outer loop
      vertex -23.7502 -16.813 13
      vertex -23.8623 -20.0228 13
      vertex -23.691 -20.2066 13
    endloop
  endfacet
  facet normal -0 0 1
    outer loop
      vertex -23.915 -17.0026 13
      vertex -23.8623 -20.0228 13
      vertex -23.7502 -16.813 13
    endloop
  endfacet
  facet normal 0 0 1
    outer loop
      vertex -23.915 -17.0026 13
      vertex -24.0135 -19.8222 13
      vertex -23.8623 -20.0228 13
    endloop
  endfacet
  facet normal -0 0 1
    outer loop
      vertex -24.0591 -17.2083 13
      vertex -24.0135 -19.8222 13
      vertex -23.915 -17.0026 13
    endloop
  endfacet
  facet normal 0 0 1
    outer loop
      vertex -24.0591 -17.2083 13
      vertex -24.1429 -19.6069 13
      vertex -24.0135 -19.8222 13
    endloop
  endfacet
  facet normal -0 0 1
    outer loop
      vertex -24.1809 -17.4281 13
      vertex -24.1429 -19.6069 13
      vertex -24.0591 -17.2083 13
    endloop
  endfacet
  facet normal 0 0 1
    outer loop
      vertex -24.1809 -17.4281 13
      vertex -24.249 -19.3792 13
      vertex -24.1429 -19.6069 13
    endloop
  endfacet
  facet normal -0 0 1
    outer loop
      vertex -24.279 -17.6593 13
      vertex -24.249 -19.3792 13
      vertex -24.1809 -17.4281 13
    endloop
  endfacet
  facet normal 0 0 1
    outer loop
      vertex -24.279 -17.6593 13
      vertex -24.3308 -19.1417 13
      vertex -24.249 -19.3792 13
    endloop
  endfacet
  facet normal -0 0 1
    outer loop
      vertex -24.3525 -17.8995 13
      vertex -24.3308 -19.1417 13
      vertex -24.279 -17.6593 13
    endloop
  endfacet
  facet normal 0 0 1
    outer loop
      vertex -24.3525 -17.8995 13
      vertex -24.3873 -18.8969 13
      vertex -24.3308 -19.1417 13
    endloop
  endfacet
  facet normal -0 0 1
    outer loop
      vertex -24.4004 -18.1461 13
      vertex -24.3873 -18.8969 13
      vertex -24.3525 -17.8995 13
    endloop
  endfacet
  facet normal 0 0 1
    outer loop
      vertex -24.4004 -18.1461 13
      vertex -24.4179 -18.6476 13
      vertex -24.3873 -18.8969 13
    endloop
  endfacet
  facet normal 0 -0 1
    outer loop
      vertex -24.4179 -18.6476 13
      vertex -24.4004 -18.1461 13
      vertex -24.4223 -18.3964 13
    endloop
  endfacet
  facet normal -0.601818 0.798633 0
    outer loop
      vertex -23.3658 -16.4905 9
      vertex -23.5665 -16.6416 13
      vertex -23.3658 -16.4905 13
    endloop
  endfacet
  facet normal -0.601818 0.798633 0
    outer loop
      vertex -23.5665 -16.6416 13
      vertex -23.3658 -16.4905 9
      vertex -23.5665 -16.6416 9
    endloop
  endfacet
  facet normal -0.515034 0.85717 0
    outer loop
      vertex -23.1505 -16.3611 9
      vertex -23.3658 -16.4905 13
      vertex -23.1505 -16.3611 13
    endloop
  endfacet
  facet normal -0.515034 0.85717 0
    outer loop
      vertex -23.3658 -16.4905 13
      vertex -23.1505 -16.3611 9
      vertex -23.3658 -16.4905 9
    endloop
  endfacet
  facet normal -0.224953 0.97437 0
    outer loop
      vertex -22.4405 -16.1166 9
      vertex -22.6853 -16.1731 13
      vertex -22.4405 -16.1166 13
    endloop
  endfacet
  facet normal -0.224953 0.97437 0
    outer loop
      vertex -22.6853 -16.1731 13
      vertex -22.4405 -16.1166 9
      vertex -22.6853 -16.1731 9
    endloop
  endfacet
  facet normal -0.0174629 0.999848 0
    outer loop
      vertex -21.94 -16.0816 9
      vertex -22.1912 -16.086 13
      vertex -21.94 -16.0816 13
    endloop
  endfacet
  facet normal -0.0174629 0.999848 0
    outer loop
      vertex -22.1912 -16.086 13
      vertex -21.94 -16.0816 9
      vertex -22.1912 -16.086 9
    endloop
  endfacet
  facet normal -0.325569 0.945518 0
    outer loop
      vertex -22.6853 -16.1731 9
      vertex -22.9228 -16.2549 13
      vertex -22.6853 -16.1731 13
    endloop
  endfacet
  facet normal -0.325569 0.945518 0
    outer loop
      vertex -22.9228 -16.2549 13
      vertex -22.6853 -16.1731 9
      vertex -22.9228 -16.2549 9
    endloop
  endfacet
  facet normal 0.087163 0.996194 -0
    outer loop
      vertex -21.6898 -16.1035 9
      vertex -21.94 -16.0816 13
      vertex -21.6898 -16.1035 13
    endloop
  endfacet
  facet normal 0.087163 0.996194 0
    outer loop
      vertex -21.94 -16.0816 13
      vertex -21.6898 -16.1035 9
      vertex -21.94 -16.0816 9
    endloop
  endfacet
  facet normal 0.190809 0.981627 -0
    outer loop
      vertex -21.4432 -16.1514 9
      vertex -21.6898 -16.1035 13
      vertex -21.4432 -16.1514 13
    endloop
  endfacet
  facet normal 0.190809 0.981627 0
    outer loop
      vertex -21.6898 -16.1035 13
      vertex -21.4432 -16.1514 9
      vertex -21.6898 -16.1035 9
    endloop
  endfacet
  facet normal 0.390731 0.920505 -0
    outer loop
      vertex -20.9717 -16.323 9
      vertex -21.2029 -16.2249 13
      vertex -20.9717 -16.323 13
    endloop
  endfacet
  facet normal 0.390731 0.920505 0
    outer loop
      vertex -21.2029 -16.2249 13
      vertex -20.9717 -16.323 9
      vertex -21.2029 -16.2249 9
    endloop
  endfacet
  facet normal 0.484815 0.874617 -0
    outer loop
      vertex -20.752 -16.4448 9
      vertex -20.9717 -16.323 13
      vertex -20.752 -16.4448 13
    endloop
  endfacet
  facet normal 0.484815 0.874617 0
    outer loop
      vertex -20.9717 -16.323 13
      vertex -20.752 -16.4448 9
      vertex -20.9717 -16.323 9
    endloop
  endfacet
  facet normal 0.573569 0.819157 -0
    outer loop
      vertex -20.5462 -16.5889 9
      vertex -20.752 -16.4448 13
      vertex -20.5462 -16.5889 13
    endloop
  endfacet
  facet normal 0.573569 0.819157 0
    outer loop
      vertex -20.752 -16.4448 13
      vertex -20.5462 -16.5889 9
      vertex -20.752 -16.4448 9
    endloop
  endfacet
  facet normal 0.731355 0.681997 0
    outer loop
      vertex -20.1853 -16.9375 13
      vertex -20.3566 -16.7537 9
      vertex -20.3566 -16.7537 13
    endloop
  endfacet
  facet normal 0.731355 0.681997 0
    outer loop
      vertex -20.3566 -16.7537 9
      vertex -20.1853 -16.9375 13
      vertex -20.1853 -16.9375 9
    endloop
  endfacet
  facet normal -0.996195 0.0871548 0
    outer loop
      vertex -24.4223 -18.3964 9
      vertex -24.4004 -18.1461 13
      vertex -24.4004 -18.1461 9
    endloop
  endfacet
  facet normal -0.996195 0.0871548 0
    outer loop
      vertex -24.4004 -18.1461 13
      vertex -24.4223 -18.3964 9
      vertex -24.4223 -18.3964 13
    endloop
  endfacet
  facet normal -0.981626 0.190816 0
    outer loop
      vertex -24.4004 -18.1461 9
      vertex -24.3525 -17.8995 13
      vertex -24.3525 -17.8995 9
    endloop
  endfacet
  facet normal -0.981626 0.190816 0
    outer loop
      vertex -24.3525 -17.8995 13
      vertex -24.4004 -18.1461 9
      vertex -24.4004 -18.1461 13
    endloop
  endfacet
  facet normal -0.920505 0.390731 0
    outer loop
      vertex -24.279 -17.6593 9
      vertex -24.1809 -17.4281 13
      vertex -24.1809 -17.4281 9
    endloop
  endfacet
  facet normal -0.920505 0.390731 0
    outer loop
      vertex -24.1809 -17.4281 13
      vertex -24.279 -17.6593 9
      vertex -24.279 -17.6593 13
    endloop
  endfacet
  facet normal -0.99863 0.0523362 0
    outer loop
      vertex -50.5 0 0
      vertex -50.2234 5.27869 7.1
      vertex -50.2234 5.27869 0
    endloop
  endfacet
  facet normal -0.99863 0.0523362 0
    outer loop
      vertex -50.2234 5.27869 7.1
      vertex -50.5 0 0
      vertex -50.5 0 7.1
    endloop
  endfacet
  facet normal 0.0523362 0.99863 -0
    outer loop
      vertex 5.27869 50.2234 0
      vertex 0 50.5 9
      vertex 5.27869 50.2234 9
    endloop
  endfacet
  facet normal 0.0523362 0.99863 0
    outer loop
      vertex 0 50.5 9
      vertex 5.27869 50.2234 0
      vertex 0 50.5 0
    endloop
  endfacet
  facet normal -0.0523362 -0.99863 0
    outer loop
      vertex -5.27869 -50.2234 0
      vertex 0 -50.5 9
      vertex -5.27869 -50.2234 9
    endloop
  endfacet
  facet normal -0.0523362 -0.99863 -0
    outer loop
      vertex 0 -50.5 9
      vertex -5.27869 -50.2234 0
      vertex 0 -50.5 0
    endloop
  endfacet
  facet normal 0.707107 0.707107 0
    outer loop
      vertex 34.4388 36.8811 9
      vertex 37.5288 33.7911 9
      vertex 34.4388 36.8811 7.1
    endloop
  endfacet
  facet normal 0.707107 0.707107 0
    outer loop
      vertex 34.4388 36.8811 7.1
      vertex 33.7911 37.5288 0
      vertex 33.7911 37.5288 7.1
    endloop
  endfacet
  facet normal 0.707107 0.707107 -0
    outer loop
      vertex 37.5288 33.7911 0
      vertex 34.4388 36.8811 7.1
      vertex 37.5288 33.7911 9
    endloop
  endfacet
  facet normal 0.707107 0.707107 0
    outer loop
      vertex 34.4388 36.8811 7.1
      vertex 37.5288 33.7911 0
      vertex 33.7911 37.5288 0
    endloop
  endfacet
  facet normal -0.62932 0.777146 0
    outer loop
      vertex -29.6832 40.8554 0
      vertex -33.7911 37.5288 9
      vertex -29.6832 40.8554 9
    endloop
  endfacet
  facet normal -0.62932 0.777146 0
    outer loop
      vertex -33.7911 37.5288 9
      vertex -29.6832 40.8554 0
      vertex -33.7911 37.5288 0
    endloop
  endfacet
  facet normal -0.358368 0.93358 0
    outer loop
      vertex -15.6054 48.0284 0
      vertex -20.5402 46.134 9
      vertex -15.6054 48.0284 9
    endloop
  endfacet
  facet normal -0.358368 0.93358 0
    outer loop
      vertex -20.5402 46.134 9
      vertex -15.6054 48.0284 0
      vertex -20.5402 46.134 0
    endloop
  endfacet
  facet normal -0.965926 -0.258818 0
    outer loop
      vertex -49.3965 -10.4995 0
      vertex -49.1297 -11.4951 7.1
      vertex -49.3965 -10.4995 7.1
    endloop
  endfacet
  facet normal -0.965926 -0.258819 -1.15919e-007
    outer loop
      vertex -48.0284 -15.6054 0
      vertex -49.1297 -11.4951 7.1
      vertex -49.3965 -10.4995 0
    endloop
  endfacet
  facet normal -0.965926 -0.258819 -0
    outer loop
      vertex -48.0284 -15.6054 9
      vertex -49.1297 -11.4951 7.1
      vertex -48.0284 -15.6054 0
    endloop
  endfacet
  facet normal -0.965926 -0.258819 0
    outer loop
      vertex -49.1297 -11.4951 7.1
      vertex -48.0284 -15.6054 9
      vertex -49.1297 -11.4951 9
    endloop
  endfacet
  facet normal 0.93358 0.358368 0
    outer loop
      vertex 47.3011 17.5 9
      vertex 46.134 20.5402 0
      vertex 46.134 20.5402 9
    endloop
  endfacet
  facet normal 0.93358 0.358368 0
    outer loop
      vertex 46.134 20.5402 0
      vertex 47.3011 17.5 9
      vertex 47.3011 17.5 0
    endloop
  endfacet
  facet normal 0.45399 0.891007 -0
    outer loop
      vertex 25.25 43.7343 0
      vertex 20.5402 46.134 7.1
      vertex 25.25 43.7343 7.1
    endloop
  endfacet
  facet normal 0.45399 0.891007 0
    outer loop
      vertex 20.5402 46.134 7.1
      vertex 25.25 43.7343 0
      vertex 20.5402 46.134 0
    endloop
  endfacet
  facet normal 0.62932 0.777146 -0
    outer loop
      vertex 33.7911 37.5288 0
      vertex 29.6832 40.8554 7.1
      vertex 33.7911 37.5288 7.1
    endloop
  endfacet
  facet normal 0.62932 0.777146 0
    outer loop
      vertex 29.6832 40.8554 7.1
      vertex 33.7911 37.5288 0
      vertex 29.6832 40.8554 0
    endloop
  endfacet
  facet normal -0.838671 0.544639 0
    outer loop
      vertex -43.7343 25.25 0
      vertex -40.8554 29.6832 9
      vertex -40.8554 29.6832 0
    endloop
  endfacet
  facet normal -0.838671 0.544639 0
    outer loop
      vertex -40.8554 29.6832 9
      vertex -43.7343 25.25 0
      vertex -43.7343 25.25 9
    endloop
  endfacet
  facet normal -0.777146 0.62932 0
    outer loop
      vertex -40.8554 29.6832 0
      vertex -37.5288 33.7911 9
      vertex -37.5288 33.7911 0
    endloop
  endfacet
  facet normal -0.777146 0.62932 0
    outer loop
      vertex -37.5288 33.7911 9
      vertex -40.8554 29.6832 0
      vertex -40.8554 29.6832 9
    endloop
  endfacet
  facet normal -0.544639 0.838671 0
    outer loop
      vertex -25.25 43.7343 0
      vertex -29.6832 40.8554 9
      vertex -25.25 43.7343 9
    endloop
  endfacet
  facet normal -0.544639 0.838671 0
    outer loop
      vertex -29.6832 40.8554 9
      vertex -25.25 43.7343 0
      vertex -29.6832 40.8554 0
    endloop
  endfacet
  facet normal -0.156434 0.987688 0
    outer loop
      vertex -5.27869 50.2234 0
      vertex -10.4995 49.3965 9
      vertex -5.27869 50.2234 9
    endloop
  endfacet
  facet normal -0.156434 0.987688 0
    outer loop
      vertex -10.4995 49.3965 9
      vertex -5.27869 50.2234 0
      vertex -10.4995 49.3965 0
    endloop
  endfacet
  facet normal 0.891007 -0.45399 0
    outer loop
      vertex 43.7343 -25.25 9
      vertex 46.134 -20.5402 0
      vertex 46.134 -20.5402 9
    endloop
  endfacet
  facet normal 0.891007 -0.45399 0
    outer loop
      vertex 46.134 -20.5402 0
      vertex 43.7343 -25.25 9
      vertex 43.7343 -25.25 0
    endloop
  endfacet
  facet normal 0.258819 -0.965926 0
    outer loop
      vertex 10.4995 -49.3965 9
      vertex 14.7394 -48.2604 7.1
      vertex 14.7394 -48.2604 9
    endloop
  endfacet
  facet normal 0.258819 -0.965926 0
    outer loop
      vertex 10.4995 -49.3965 0
      vertex 14.7394 -48.2604 7.1
      vertex 10.4995 -49.3965 9
    endloop
  endfacet
  facet normal 0.258819 -0.965926 1.65148e-007
    outer loop
      vertex 15.6054 -48.0284 0
      vertex 14.7394 -48.2604 7.1
      vertex 10.4995 -49.3965 0
    endloop
  endfacet
  facet normal 0.258818 -0.965926 0
    outer loop
      vertex 14.7394 -48.2604 7.1
      vertex 15.6054 -48.0284 0
      vertex 15.6054 -48.0284 7.1
    endloop
  endfacet
  facet normal 0.707107 -0.707107 0
    outer loop
      vertex 34.4613 -36.8586 7.1
      vertex 37.5288 -33.7911 9
      vertex 34.4613 -36.8586 9
    endloop
  endfacet
  facet normal 0.707107 -0.707107 0
    outer loop
      vertex 37.5288 -33.7911 9
      vertex 34.4613 -36.8586 7.1
      vertex 37.5288 -33.7911 0
    endloop
  endfacet
  facet normal 0.707107 -0.707107 0
    outer loop
      vertex 33.7911 -37.5288 0
      vertex 34.4613 -36.8586 7.1
      vertex 33.7911 -37.5288 7.1
    endloop
  endfacet
  facet normal 0.707107 -0.707107 0
    outer loop
      vertex 34.4613 -36.8586 7.1
      vertex 33.7911 -37.5288 0
      vertex 37.5288 -33.7911 0
    endloop
  endfacet
  facet normal -0.358368 -0.93358 0
    outer loop
      vertex -20.5402 -46.134 0
      vertex -15.6054 -48.0284 9
      vertex -20.5402 -46.134 9
    endloop
  endfacet
  facet normal -0.358368 -0.93358 -0
    outer loop
      vertex -15.6054 -48.0284 9
      vertex -20.5402 -46.134 0
      vertex -15.6054 -48.0284 0
    endloop
  endfacet
  facet normal -0.777146 -0.62932 0
    outer loop
      vertex -37.5288 -33.7911 0
      vertex -40.8554 -29.6832 9
      vertex -40.8554 -29.6832 0
    endloop
  endfacet
  facet normal -0.777146 -0.62932 0
    outer loop
      vertex -40.8554 -29.6832 9
      vertex -37.5288 -33.7911 0
      vertex -37.5288 -33.7911 9
    endloop
  endfacet
  facet normal -0.99863 -0.0523362 0
    outer loop
      vertex -50.2234 -5.27869 0
      vertex -50.5 0 7.1
      vertex -50.5 0 0
    endloop
  endfacet
  facet normal -0.99863 -0.0523362 0
    outer loop
      vertex -50.5 0 7.1
      vertex -50.2234 -5.27869 0
      vertex -50.2234 -5.27869 7.1
    endloop
  endfacet
  facet normal 0.838671 0.544639 0
    outer loop
      vertex 43.7343 25.25 9
      vertex 40.8554 29.6832 0
      vertex 40.8554 29.6832 9
    endloop
  endfacet
  facet normal 0.838671 0.544639 0
    outer loop
      vertex 40.8554 29.6832 0
      vertex 43.7343 25.25 9
      vertex 43.7343 25.25 0
    endloop
  endfacet
  facet normal 0.891007 0.45399 0
    outer loop
      vertex 46.134 20.5402 9
      vertex 43.7343 25.25 0
      vertex 43.7343 25.25 9
    endloop
  endfacet
  facet normal 0.891007 0.45399 0
    outer loop
      vertex 43.7343 25.25 0
      vertex 46.134 20.5402 9
      vertex 46.134 20.5402 0
    endloop
  endfacet
  facet normal 0.258818 0.965926 0
    outer loop
      vertex 15.6054 48.0284 7.1
      vertex 15.6054 48.0284 0
      vertex 14.671 48.2787 7.1
    endloop
  endfacet
  facet normal 0.258819 0.965926 -0
    outer loop
      vertex 14.671 48.2787 7.1
      vertex 10.4995 49.3965 9
      vertex 14.671 48.2787 9
    endloop
  endfacet
  facet normal 0.258819 0.965926 1.95855e-007
    outer loop
      vertex 10.4995 49.3965 0
      vertex 14.671 48.2787 7.1
      vertex 15.6054 48.0284 0
    endloop
  endfacet
  facet normal 0.258819 0.965926 0
    outer loop
      vertex 14.671 48.2787 7.1
      vertex 10.4995 49.3965 0
      vertex 10.4995 49.3965 9
    endloop
  endfacet
  facet normal 0.358368 0.93358 -0
    outer loop
      vertex 20.5402 46.134 0
      vertex 15.6054 48.0284 7.1
      vertex 20.5402 46.134 7.1
    endloop
  endfacet
  facet normal 0.358368 0.93358 0
    outer loop
      vertex 15.6054 48.0284 7.1
      vertex 20.5402 46.134 0
      vertex 15.6054 48.0284 0
    endloop
  endfacet
  facet normal 0.156434 0.987688 -0
    outer loop
      vertex 10.4995 49.3965 0
      vertex 5.27869 50.2234 9
      vertex 10.4995 49.3965 9
    endloop
  endfacet
  facet normal 0.156434 0.987688 0
    outer loop
      vertex 5.27869 50.2234 9
      vertex 10.4995 49.3965 0
      vertex 5.27869 50.2234 0
    endloop
  endfacet
  facet normal 0.544639 0.838671 -0
    outer loop
      vertex 29.6832 40.8554 0
      vertex 25.25 43.7343 7.1
      vertex 29.6832 40.8554 7.1
    endloop
  endfacet
  facet normal 0.544639 0.838671 0
    outer loop
      vertex 25.25 43.7343 7.1
      vertex 29.6832 40.8554 0
      vertex 25.25 43.7343 0
    endloop
  endfacet
  facet normal -0.965926 0.258818 0
    outer loop
      vertex -48.0284 15.6054 0
      vertex -49.1808 11.3043 7.1
      vertex -48.0284 15.6054 9
    endloop
  endfacet
  facet normal -0.965926 0.258819 3.08655e-007
    outer loop
      vertex -49.3965 10.4995 0
      vertex -49.1808 11.3043 7.1
      vertex -48.0284 15.6054 0
    endloop
  endfacet
  facet normal -0.965925 0.258821 0
    outer loop
      vertex -49.1808 11.3043 7.1
      vertex -49.3965 10.4995 0
      vertex -49.3965 10.4995 7.1
    endloop
  endfacet
  facet normal -0.965926 0.258818 0
    outer loop
      vertex -48.0284 15.6054 9
      vertex -49.1808 11.3043 7.1
      vertex -49.1808 11.3043 9
    endloop
  endfacet
  facet normal -0.891007 0.45399 0
    outer loop
      vertex -46.134 20.5402 0
      vertex -43.7343 25.25 9
      vertex -43.7343 25.25 0
    endloop
  endfacet
  facet normal -0.891007 0.45399 0
    outer loop
      vertex -43.7343 25.25 9
      vertex -46.134 20.5402 0
      vertex -46.134 20.5402 9
    endloop
  endfacet
  facet normal -0.93358 0.358368 0
    outer loop
      vertex -48.0284 15.6054 0
      vertex -46.134 20.5402 9
      vertex -46.134 20.5402 0
    endloop
  endfacet
  facet normal -0.93358 0.358368 0
    outer loop
      vertex -46.134 20.5402 9
      vertex -48.0284 15.6054 0
      vertex -48.0284 15.6054 9
    endloop
  endfacet
  facet normal -0.987688 0.156434 0
    outer loop
      vertex -50.2234 5.27869 0
      vertex -49.3965 10.4995 7.1
      vertex -49.3965 10.4995 0
    endloop
  endfacet
  facet normal -0.987688 0.156434 0
    outer loop
      vertex -49.3965 10.4995 7.1
      vertex -50.2234 5.27869 0
      vertex -50.2234 5.27869 7.1
    endloop
  endfacet
  facet normal -0.45399 0.891007 0
    outer loop
      vertex -20.5402 46.134 0
      vertex -25.25 43.7343 9
      vertex -20.5402 46.134 9
    endloop
  endfacet
  facet normal -0.45399 0.891007 0
    outer loop
      vertex -25.25 43.7343 9
      vertex -20.5402 46.134 0
      vertex -25.25 43.7343 0
    endloop
  endfacet
  facet normal -0.0523362 0.99863 0
    outer loop
      vertex 0 50.5 0
      vertex -5.27869 50.2234 9
      vertex 0 50.5 9
    endloop
  endfacet
  facet normal -0.0523362 0.99863 0
    outer loop
      vertex -5.27869 50.2234 9
      vertex 0 50.5 0
      vertex -5.27869 50.2234 0
    endloop
  endfacet
  facet normal 0.0523362 -0.99863 0
    outer loop
      vertex 0 -50.5 0
      vertex 5.27869 -50.2234 9
      vertex 0 -50.5 9
    endloop
  endfacet
  facet normal 0.0523362 -0.99863 0
    outer loop
      vertex 5.27869 -50.2234 9
      vertex 0 -50.5 0
      vertex 5.27869 -50.2234 0
    endloop
  endfacet
  facet normal 0.45399 -0.891007 0
    outer loop
      vertex 20.5402 -46.134 0
      vertex 25.25 -43.7343 7.1
      vertex 20.5402 -46.134 7.1
    endloop
  endfacet
  facet normal 0.45399 -0.891007 0
    outer loop
      vertex 25.25 -43.7343 7.1
      vertex 20.5402 -46.134 0
      vertex 25.25 -43.7343 0
    endloop
  endfacet
  facet normal 0.62932 -0.777146 0
    outer loop
      vertex 29.6832 -40.8554 0
      vertex 33.7911 -37.5288 7.1
      vertex 29.6832 -40.8554 7.1
    endloop
  endfacet
  facet normal 0.62932 -0.777146 0
    outer loop
      vertex 33.7911 -37.5288 7.1
      vertex 29.6832 -40.8554 0
      vertex 33.7911 -37.5288 0
    endloop
  endfacet
  facet normal 0.777146 -0.62932 0
    outer loop
      vertex 37.5288 -33.7911 9
      vertex 40.8554 -29.6832 0
      vertex 40.8554 -29.6832 9
    endloop
  endfacet
  facet normal 0.777146 -0.62932 0
    outer loop
      vertex 40.8554 -29.6832 0
      vertex 37.5288 -33.7911 9
      vertex 37.5288 -33.7911 0
    endloop
  endfacet
  facet normal 0.838671 -0.544639 0
    outer loop
      vertex 40.8554 -29.6832 9
      vertex 43.7343 -25.25 0
      vertex 43.7343 -25.25 9
    endloop
  endfacet
  facet normal 0.838671 -0.544639 0
    outer loop
      vertex 43.7343 -25.25 0
      vertex 40.8554 -29.6832 9
      vertex 40.8554 -29.6832 0
    endloop
  endfacet
  facet normal -0.707107 -0.707107 0
    outer loop
      vertex -33.7911 -37.5288 0
      vertex -37.5288 -33.7911 9
      vertex -37.5288 -33.7911 0
    endloop
  endfacet
  facet normal -0.707107 -0.707107 0
    outer loop
      vertex -37.5288 -33.7911 9
      vertex -33.7911 -37.5288 0
      vertex -33.7911 -37.5288 9
    endloop
  endfacet
  facet normal -0.62932 -0.777146 0
    outer loop
      vertex -33.7911 -37.5288 0
      vertex -29.6832 -40.8554 9
      vertex -33.7911 -37.5288 9
    endloop
  endfacet
  facet normal -0.62932 -0.777146 -0
    outer loop
      vertex -29.6832 -40.8554 9
      vertex -33.7911 -37.5288 0
      vertex -29.6832 -40.8554 0
    endloop
  endfacet
  facet normal -0.544639 -0.838671 0
    outer loop
      vertex -29.6832 -40.8554 0
      vertex -25.25 -43.7343 9
      vertex -29.6832 -40.8554 9
    endloop
  endfacet
  facet normal -0.544639 -0.838671 -0
    outer loop
      vertex -25.25 -43.7343 9
      vertex -29.6832 -40.8554 0
      vertex -25.25 -43.7343 0
    endloop
  endfacet
  facet normal -0.156434 -0.987688 0
    outer loop
      vertex -10.4995 -49.3965 0
      vertex -5.27869 -50.2234 9
      vertex -10.4995 -49.3965 9
    endloop
  endfacet
  facet normal -0.156434 -0.987688 -0
    outer loop
      vertex -5.27869 -50.2234 9
      vertex -10.4995 -49.3965 0
      vertex -5.27869 -50.2234 0
    endloop
  endfacet
  facet normal -0.891007 -0.45399 0
    outer loop
      vertex -43.7343 -25.25 0
      vertex -46.134 -20.5402 9
      vertex -46.134 -20.5402 0
    endloop
  endfacet
  facet normal -0.891007 -0.45399 0
    outer loop
      vertex -46.134 -20.5402 9
      vertex -43.7343 -25.25 0
      vertex -43.7343 -25.25 9
    endloop
  endfacet
  facet normal 0 0 -1
    outer loop
      vertex -42.2014 3.11531 0
      vertex -22.9205 7.44731 0
      vertex -40.8847 1.79862 0
    endloop
  endfacet
  facet normal -0 0 -1
    outer loop
      vertex -22.9205 7.44731 0
      vertex -42.2014 3.11531 0
      vertex -22.0164 9.80235 0
    endloop
  endfacet
  facet normal 0 0 -1
    outer loop
      vertex -22.0164 9.80235 0
      vertex -40.8554 29.6832 0
      vertex -37.5288 33.7911 0
    endloop
  endfacet
  facet normal 0 0 -1
    outer loop
      vertex -46.134 20.5402 0
      vertex -22.0164 9.80235 0
      vertex -42.2014 3.11531 0
    endloop
  endfacet
  facet normal 0 0 -1
    outer loop
      vertex -48.0284 15.6054 0
      vertex -42.2014 3.11531 0
      vertex -43.0071 3.33121 0
    endloop
  endfacet
  facet normal 0 0 -1
    outer loop
      vertex -22.0164 9.80235 0
      vertex -43.7343 25.25 0
      vertex -40.8554 29.6832 0
    endloop
  endfacet
  facet normal 0 0 -1
    outer loop
      vertex -48.0284 15.6054 0
      vertex -43.0071 3.33121 0
      vertex -44 3.59725 0
    endloop
  endfacet
  facet normal 0 0 -1
    outer loop
      vertex -49.3965 10.4995 0
      vertex -44 3.59725 0
      vertex -44.9929 3.33121 0
    endloop
  endfacet
  facet normal 0 0 -1
    outer loop
      vertex -49.3965 10.4995 0
      vertex -44.9929 3.33121 0
      vertex -45.7986 3.11531 0
    endloop
  endfacet
  facet normal 0 0 -1
    outer loop
      vertex -22.0164 9.80235 0
      vertex -46.134 20.5402 0
      vertex -43.7343 25.25 0
    endloop
  endfacet
  facet normal 0 0 -1
    outer loop
      vertex -50.2234 5.27869 0
      vertex -45.7986 3.11531 0
      vertex -47.1153 1.79862 0
    endloop
  endfacet
  facet normal 0 0 -1
    outer loop
      vertex -50.5 0 0
      vertex -47.1153 1.79862 0
      vertex -47.3312 0.992875 0
    endloop
  endfacet
  facet normal 0 0 -1
    outer loop
      vertex -50.5 0 0
      vertex -47.3312 0.992875 0
      vertex -47.5972 5.82879e-015 0
    endloop
  endfacet
  facet normal 0 0 -1
    outer loop
      vertex -42.2014 3.11531 0
      vertex -48.0284 15.6054 0
      vertex -46.134 20.5402 0
    endloop
  endfacet
  facet normal 0 0 -1
    outer loop
      vertex -50.5 0 0
      vertex -47.1153 -1.79862 0
      vertex -50.2234 -5.27869 0
    endloop
  endfacet
  facet normal 0 0 -1
    outer loop
      vertex -47.1153 -1.79862 0
      vertex -50.5 0 0
      vertex -47.3312 -0.992875 0
    endloop
  endfacet
  facet normal 0 0 -1
    outer loop
      vertex -44 3.59725 0
      vertex -49.3965 10.4995 0
      vertex -48.0284 15.6054 0
    endloop
  endfacet
  facet normal 0 0 -1
    outer loop
      vertex -47.3312 -0.992875 0
      vertex -50.5 0 0
      vertex -47.5972 5.82879e-015 0
    endloop
  endfacet
  facet normal 0 0 -1
    outer loop
      vertex -45.7986 3.11531 0
      vertex -50.2234 5.27869 0
      vertex -49.3965 10.4995 0
    endloop
  endfacet
  facet normal -0 0 -1
    outer loop
      vertex -47.1153 1.79862 0
      vertex -50.5 0 0
      vertex -50.2234 5.27869 0
    endloop
  endfacet
  facet normal 0 0 -1
    outer loop
      vertex -1.10484 7.91363 0
      vertex -8.90603 17.2055 0
      vertex -8.9 17.3205 0
    endloop
  endfacet
  facet normal 0 0 -1
    outer loop
      vertex -1.10484 7.91363 0
      vertex -8.92404 17.0918 0
      vertex -8.90603 17.2055 0
    endloop
  endfacet
  facet normal 0 0 -1
    outer loop
      vertex -1.10484 7.91363 0
      vertex -8.95384 16.9806 0
      vertex -8.92404 17.0918 0
    endloop
  endfacet
  facet normal 0 0 -1
    outer loop
      vertex -1.10484 7.91363 0
      vertex -8.9951 16.8731 0
      vertex -8.95384 16.9806 0
    endloop
  endfacet
  facet normal 0 0 -1
    outer loop
      vertex -1.10484 7.91363 0
      vertex -9.04737 16.7705 0
      vertex -8.9951 16.8731 0
    endloop
  endfacet
  facet normal 0 0 -1
    outer loop
      vertex -1.10484 7.91363 0
      vertex -9.11008 16.6739 0
      vertex -9.04737 16.7705 0
    endloop
  endfacet
  facet normal 0 0 -1
    outer loop
      vertex -1.10484 7.91363 0
      vertex -9.18254 16.5845 0
      vertex -9.11008 16.6739 0
    endloop
  endfacet
  facet normal 0 0 -1
    outer loop
      vertex -1.10484 7.91363 0
      vertex -9.26396 16.503 0
      vertex -9.18254 16.5845 0
    endloop
  endfacet
  facet normal 0 0 -1
    outer loop
      vertex -1.10484 7.91363 0
      vertex -9.35344 16.4306 0
      vertex -9.26396 16.503 0
    endloop
  endfacet
  facet normal 0 0 -1
    outer loop
      vertex -1.10484 7.91363 0
      vertex -9.45 16.3679 0
      vertex -9.35344 16.4306 0
    endloop
  endfacet
  facet normal 0 0 -1
    outer loop
      vertex -6.30099 4.91363 0
      vertex -9.55259 16.3156 0
      vertex -9.45 16.3679 0
    endloop
  endfacet
  facet normal 0 0 -1
    outer loop
      vertex -6.30099 4.91363 0
      vertex -9.66008 16.2743 0
      vertex -9.55259 16.3156 0
    endloop
  endfacet
  facet normal 0 0 -1
    outer loop
      vertex -6.30099 4.91363 0
      vertex -9.7713 16.2445 0
      vertex -9.66008 16.2743 0
    endloop
  endfacet
  facet normal 0 0 -1
    outer loop
      vertex -6.30099 4.91363 0
      vertex -9.88502 16.2265 0
      vertex -9.7713 16.2445 0
    endloop
  endfacet
  facet normal 0 0 -1
    outer loop
      vertex -6.30099 4.91363 0
      vertex -10 16.2205 0
      vertex -9.88502 16.2265 0
    endloop
  endfacet
  facet normal 0 0 -1
    outer loop
      vertex -6.30099 4.91363 0
      vertex -10.115 16.2265 0
      vertex -10 16.2205 0
    endloop
  endfacet
  facet normal 0 0 -1
    outer loop
      vertex -6.30099 4.91363 0
      vertex -10.2287 16.2445 0
      vertex -10.115 16.2265 0
    endloop
  endfacet
  facet normal 0 0 -1
    outer loop
      vertex -6.30099 4.91363 0
      vertex -10.3399 16.2743 0
      vertex -10.2287 16.2445 0
    endloop
  endfacet
  facet normal 0 0 -1
    outer loop
      vertex -6.30099 4.91363 0
      vertex -10.4474 16.3156 0
      vertex -10.3399 16.2743 0
    endloop
  endfacet
  facet normal 0 0 -1
    outer loop
      vertex -6.30099 4.91363 0
      vertex -10.55 16.3679 0
      vertex -10.4474 16.3156 0
    endloop
  endfacet
  facet normal 0 0 -1
    outer loop
      vertex -6.30099 4.91363 0
      vertex -10.6466 16.4306 0
      vertex -10.55 16.3679 0
    endloop
  endfacet
  facet normal 0 0 -1
    outer loop
      vertex -6.30099 4.91363 0
      vertex -10.736 16.503 0
      vertex -10.6466 16.4306 0
    endloop
  endfacet
  facet normal 0 0 -1
    outer loop
      vertex -14.544 19.1909 0
      vertex -10.736 16.503 0
      vertex -6.30099 4.91363 0
    endloop
  endfacet
  facet normal 0 0 -1
    outer loop
      vertex -10.736 16.503 0
      vertex -14.544 19.1909 0
      vertex -10.8175 16.5845 0
    endloop
  endfacet
  facet normal 0 0 -1
    outer loop
      vertex -10.8175 16.5845 0
      vertex -14.544 19.1909 0
      vertex -10.8899 16.6739 0
    endloop
  endfacet
  facet normal 0 0 -1
    outer loop
      vertex -10.8899 16.6739 0
      vertex -14.544 19.1909 0
      vertex -10.9526 16.7705 0
    endloop
  endfacet
  facet normal 0 0 -1
    outer loop
      vertex -11.094 17.2055 0
      vertex -14.544 19.1909 0
      vertex -11.1 17.3205 0
    endloop
  endfacet
  facet normal 0 0 -1
    outer loop
      vertex -11.076 17.0918 0
      vertex -14.544 19.1909 0
      vertex -11.094 17.2055 0
    endloop
  endfacet
  facet normal 0 0 -1
    outer loop
      vertex -11.0462 16.9806 0
      vertex -14.544 19.1909 0
      vertex -11.076 17.0918 0
    endloop
  endfacet
  facet normal 0 0 -1
    outer loop
      vertex -11.0049 16.8731 0
      vertex -14.544 19.1909 0
      vertex -11.0462 16.9806 0
    endloop
  endfacet
  facet normal 0 0 -1
    outer loop
      vertex -10.9526 16.7705 0
      vertex -14.544 19.1909 0
      vertex -11.0049 16.8731 0
    endloop
  endfacet
  facet normal -0 0 -1
    outer loop
      vertex -3.09093 -1.0043 0
      vertex -7.60845 -2.47214 0
      vertex -3.17898 -0.675713 0
    endloop
  endfacet
  facet normal 0 0 -1
    outer loop
      vertex -7.82518 -1.66329 0
      vertex -3.17898 -0.675713 0
      vertex -7.60845 -2.47214 0
    endloop
  endfacet
  facet normal 0 -0 -1
    outer loop
      vertex -6.47214 4.70228 0
      vertex -3.25 0 0
      vertex -6.9282 4 0
    endloop
  endfacet
  facet normal 0 0 -1
    outer loop
      vertex -3.25 0 0
      vertex -6.47214 4.70228 0
      vertex -6.30099 4.91363 0
    endloop
  endfacet
  facet normal -0 0 -1
    outer loop
      vertex -3.17898 -0.675713 0
      vertex -7.82518 -1.66329 0
      vertex -3.2322 -0.339717 0
    endloop
  endfacet
  facet normal 0 0 -1
    outer loop
      vertex -3.25 0 0
      vertex -7.30836 3.25389 0
      vertex -6.9282 4 0
    endloop
  endfacet
  facet normal 0 0 -1
    outer loop
      vertex -7.95617 -0.836227 0
      vertex -3.2322 -0.339717 0
      vertex -7.82518 -1.66329 0
    endloop
  endfacet
  facet normal 0 0 -1
    outer loop
      vertex -3.25 0 0
      vertex -7.60845 2.47214 0
      vertex -7.30836 3.25389 0
    endloop
  endfacet
  facet normal -0 0 -1
    outer loop
      vertex -3.2322 -0.339717 0
      vertex -7.95617 -0.836227 0
      vertex -3.25 0 0
    endloop
  endfacet
  facet normal 0 0 -1
    outer loop
      vertex -3.25 0 0
      vertex -7.82518 1.66329 0
      vertex -7.60845 2.47214 0
    endloop
  endfacet
  facet normal 0 0 -1
    outer loop
      vertex -8 0 0
      vertex -3.25 0 0
      vertex -7.95617 -0.836227 0
    endloop
  endfacet
  facet normal 0 0 -1
    outer loop
      vertex -3.25 0 0
      vertex -7.95617 0.836227 0
      vertex -7.82518 1.66329 0
    endloop
  endfacet
  facet normal 0 0 -1
    outer loop
      vertex -3.25 0 0
      vertex -8 0 0
      vertex -7.95617 0.836227 0
    endloop
  endfacet
  facet normal 0 0 -1
    outer loop
      vertex 2.6293 1.9103 0
      vertex 6.47214 4.70228 0
      vertex 2.81458 1.625 0
    endloop
  endfacet
  facet normal -0 0 -1
    outer loop
      vertex 6.47214 4.70228 0
      vertex 2.6293 1.9103 0
      vertex 5.94516 5.35304 0
    endloop
  endfacet
  facet normal 0 0 -1
    outer loop
      vertex 2.41522 2.17467 0
      vertex 5.94516 5.35304 0
      vertex 2.6293 1.9103 0
    endloop
  endfacet
  facet normal -0 0 -1
    outer loop
      vertex 5.94516 5.35304 0
      vertex 2.41522 2.17467 0
      vertex 5.35304 5.94516 0
    endloop
  endfacet
  facet normal 0 0 -1
    outer loop
      vertex 2.17467 2.41522 0
      vertex 5.35304 5.94516 0
      vertex 2.41522 2.17467 0
    endloop
  endfacet
  facet normal -0 0 -1
    outer loop
      vertex 5.35304 5.94516 0
      vertex 2.17467 2.41522 0
      vertex 4.70228 6.47214 0
    endloop
  endfacet
  facet normal 0 0 -1
    outer loop
      vertex 1.9103 2.6293 0
      vertex 4.70228 6.47214 0
      vertex 2.17467 2.41522 0
    endloop
  endfacet
  facet normal -0 0 -1
    outer loop
      vertex 4.70228 6.47214 0
      vertex 1.9103 2.6293 0
      vertex 4 6.9282 0
    endloop
  endfacet
  facet normal 0 0 -1
    outer loop
      vertex 1.625 2.81458 0
      vertex 4 6.9282 0
      vertex 1.9103 2.6293 0
    endloop
  endfacet
  facet normal -0 0 -1
    outer loop
      vertex 4 6.9282 0
      vertex 1.625 2.81458 0
      vertex 3.25389 7.30836 0
    endloop
  endfacet
  facet normal 0 0 -1
    outer loop
      vertex 1.32189 2.96902 0
      vertex 3.25389 7.30836 0
      vertex 1.625 2.81458 0
    endloop
  endfacet
  facet normal -0 0 -1
    outer loop
      vertex 3.25389 7.30836 0
      vertex 1.32189 2.96902 0
      vertex 2.47214 7.60845 0
    endloop
  endfacet
  facet normal 0 0 -1
    outer loop
      vertex 1.0043 3.09093 0
      vertex 2.47214 7.60845 0
      vertex 1.32189 2.96902 0
    endloop
  endfacet
  facet normal -0 0 -1
    outer loop
      vertex 2.47214 7.60845 0
      vertex 1.0043 3.09093 0
      vertex 1.66329 7.82518 0
    endloop
  endfacet
  facet normal 0 0 -1
    outer loop
      vertex 0.675713 3.17898 0
      vertex 1.66329 7.82518 0
      vertex 1.0043 3.09093 0
    endloop
  endfacet
  facet normal -0 0 -1
    outer loop
      vertex 1.66329 7.82518 0
      vertex 0.675713 3.17898 0
      vertex 0.836227 7.95617 0
    endloop
  endfacet
  facet normal 0 0 -1
    outer loop
      vertex 0.339717 3.2322 0
      vertex 0.836227 7.95617 0
      vertex 0.675713 3.17898 0
    endloop
  endfacet
  facet normal 0 0 -1
    outer loop
      vertex 0 3.25 0
      vertex 0.836227 7.95617 0
      vertex 0.339717 3.2322 0
    endloop
  endfacet
  facet normal 0 0 -1
    outer loop
      vertex 0 3.25 0
      vertex 0 8 0
      vertex 0.836227 7.95617 0
    endloop
  endfacet
  facet normal 0 0 -1
    outer loop
      vertex -0.339717 3.2322 0
      vertex 0 8 0
      vertex 0 3.25 0
    endloop
  endfacet
  facet normal 0 0 -1
    outer loop
      vertex -1.10484 7.91363 0
      vertex -0.339717 3.2322 0
      vertex -0.675713 3.17898 0
    endloop
  endfacet
  facet normal 0 0 -1
    outer loop
      vertex -0.339717 3.2322 0
      vertex -0.836227 7.95617 0
      vertex 0 8 0
    endloop
  endfacet
  facet normal 0 0 -1
    outer loop
      vertex -1.10484 7.91363 0
      vertex -0.675713 3.17898 0
      vertex -1.0043 3.09093 0
    endloop
  endfacet
  facet normal 0 0 -1
    outer loop
      vertex -0.339717 3.2322 0
      vertex -1.10484 7.91363 0
      vertex -0.836227 7.95617 0
    endloop
  endfacet
  facet normal 0 0 -1
    outer loop
      vertex -1.32189 2.96902 0
      vertex -1.10484 7.91363 0
      vertex -1.0043 3.09093 0
    endloop
  endfacet
  facet normal 0 0 -1
    outer loop
      vertex -1.625 2.81458 0
      vertex -1.10484 7.91363 0
      vertex -1.32189 2.96902 0
    endloop
  endfacet
  facet normal 0 0 -1
    outer loop
      vertex -6.30099 4.91363 0
      vertex -1.625 2.81458 0
      vertex -1.9103 2.6293 0
    endloop
  endfacet
  facet normal 0 0 -1
    outer loop
      vertex -6.30099 4.91363 0
      vertex -1.9103 2.6293 0
      vertex -2.17467 2.41522 0
    endloop
  endfacet
  facet normal 0 0 -1
    outer loop
      vertex -6.30099 4.91363 0
      vertex -2.17467 2.41522 0
      vertex -2.41522 2.17467 0
    endloop
  endfacet
  facet normal 0 0 -1
    outer loop
      vertex -6.30099 4.91363 0
      vertex -2.41522 2.17467 0
      vertex -2.6293 1.9103 0
    endloop
  endfacet
  facet normal 0 0 -1
    outer loop
      vertex -6.30099 4.91363 0
      vertex -2.6293 1.9103 0
      vertex -2.81458 1.625 0
    endloop
  endfacet
  facet normal 0 0 -1
    outer loop
      vertex -6.30099 4.91363 0
      vertex -2.81458 1.625 0
      vertex -2.96902 1.32189 0
    endloop
  endfacet
  facet normal 0 0 -1
    outer loop
      vertex -6.30099 4.91363 0
      vertex -2.96902 1.32189 0
      vertex -3.09093 1.0043 0
    endloop
  endfacet
  facet normal 0 0 -1
    outer loop
      vertex -7.60845 -2.47214 0
      vertex -3.09093 -1.0043 0
      vertex -7.30836 -3.25389 0
    endloop
  endfacet
  facet normal 0 0 -1
    outer loop
      vertex -3.25 0 0
      vertex -6.30099 4.91363 0
      vertex -3.2322 0.339717 0
    endloop
  endfacet
  facet normal 0 0 -1
    outer loop
      vertex -3.2322 0.339717 0
      vertex -6.30099 4.91363 0
      vertex -3.17898 0.675713 0
    endloop
  endfacet
  facet normal 0 0 -1
    outer loop
      vertex -3.17898 0.675713 0
      vertex -6.30099 4.91363 0
      vertex -3.09093 1.0043 0
    endloop
  endfacet
  facet normal 0 0 -1
    outer loop
      vertex -1.625 2.81458 0
      vertex -6.30099 4.91363 0
      vertex -1.10484 7.91363 0
    endloop
  endfacet
  facet normal 0 0 -1
    outer loop
      vertex -9.45 16.3679 0
      vertex -1.10484 7.91363 0
      vertex -6.30099 4.91363 0
    endloop
  endfacet
  facet normal 0 0 -1
    outer loop
      vertex -8.90603 17.4355 0
      vertex -1.10484 7.91363 0
      vertex -8.9 17.3205 0
    endloop
  endfacet
  facet normal 0 0 -1
    outer loop
      vertex -8.92404 17.5492 0
      vertex -1.10484 7.91363 0
      vertex -8.90603 17.4355 0
    endloop
  endfacet
  facet normal 0 0 -1
    outer loop
      vertex -9.34783 22.1909 0
      vertex -8.92404 17.5492 0
      vertex -8.95384 17.6604 0
    endloop
  endfacet
  facet normal 0 0 -1
    outer loop
      vertex -9.34783 22.1909 0
      vertex -8.95384 17.6604 0
      vertex -8.9951 17.7679 0
    endloop
  endfacet
  facet normal 0 0 -1
    outer loop
      vertex -9.34783 22.1909 0
      vertex -8.9951 17.7679 0
      vertex -9.04737 17.8705 0
    endloop
  endfacet
  facet normal 0 0 -1
    outer loop
      vertex -9.34783 22.1909 0
      vertex -9.04737 17.8705 0
      vertex -9.11008 17.9671 0
    endloop
  endfacet
  facet normal 0 0 -1
    outer loop
      vertex -8.92404 17.5492 0
      vertex -9.34783 22.1909 0
      vertex -1.10484 7.91363 0
    endloop
  endfacet
  facet normal 0 0 -1
    outer loop
      vertex -9.18254 18.0566 0
      vertex -9.34783 22.1909 0
      vertex -9.11008 17.9671 0
    endloop
  endfacet
  facet normal 0 0 -1
    outer loop
      vertex -9.26396 18.138 0
      vertex -9.34783 22.1909 0
      vertex -9.18254 18.0566 0
    endloop
  endfacet
  facet normal 0 -0 -1
    outer loop
      vertex -9.34783 22.1909 0
      vertex -9.26396 18.138 0
      vertex -9.35344 18.2104 0
    endloop
  endfacet
  facet normal 0 0 -1
    outer loop
      vertex -8.92404 -17.0918 0
      vertex -1.10484 -7.91363 0
      vertex -8.90603 -17.2055 0
    endloop
  endfacet
  facet normal 0 0 -1
    outer loop
      vertex -8.95384 -16.9806 0
      vertex -1.10484 -7.91363 0
      vertex -8.92404 -17.0918 0
    endloop
  endfacet
  facet normal 0 0 -1
    outer loop
      vertex -8.9951 -16.8731 0
      vertex -1.10484 -7.91363 0
      vertex -8.95384 -16.9806 0
    endloop
  endfacet
  facet normal 0 0 -1
    outer loop
      vertex -9.04737 -16.7705 0
      vertex -1.10484 -7.91363 0
      vertex -8.9951 -16.8731 0
    endloop
  endfacet
  facet normal 0 0 -1
    outer loop
      vertex -9.11008 -16.6739 0
      vertex -1.10484 -7.91363 0
      vertex -9.04737 -16.7705 0
    endloop
  endfacet
  facet normal 0 0 -1
    outer loop
      vertex -9.18254 -16.5845 0
      vertex -1.10484 -7.91363 0
      vertex -9.11008 -16.6739 0
    endloop
  endfacet
  facet normal 0 0 -1
    outer loop
      vertex -9.26396 -16.503 0
      vertex -1.10484 -7.91363 0
      vertex -9.18254 -16.5845 0
    endloop
  endfacet
  facet normal 0 0 -1
    outer loop
      vertex -9.35344 -16.4306 0
      vertex -1.10484 -7.91363 0
      vertex -9.26396 -16.503 0
    endloop
  endfacet
  facet normal 0 0 -1
    outer loop
      vertex -9.45 -16.3679 0
      vertex -1.10484 -7.91363 0
      vertex -9.35344 -16.4306 0
    endloop
  endfacet
  facet normal -0 0 -1
    outer loop
      vertex -1.10484 -7.91363 0
      vertex -9.45 -16.3679 0
      vertex -6.30099 -4.91363 0
    endloop
  endfacet
  facet normal 0 0 -1
    outer loop
      vertex -9.55259 -16.3156 0
      vertex -6.30099 -4.91363 0
      vertex -9.45 -16.3679 0
    endloop
  endfacet
  facet normal 0 0 -1
    outer loop
      vertex -9.66008 -16.2743 0
      vertex -6.30099 -4.91363 0
      vertex -9.55259 -16.3156 0
    endloop
  endfacet
  facet normal 0 0 -1
    outer loop
      vertex -9.7713 -16.2445 0
      vertex -6.30099 -4.91363 0
      vertex -9.66008 -16.2743 0
    endloop
  endfacet
  facet normal 0 0 -1
    outer loop
      vertex -9.88502 -16.2265 0
      vertex -6.30099 -4.91363 0
      vertex -9.7713 -16.2445 0
    endloop
  endfacet
  facet normal 0 0 -1
    outer loop
      vertex -10 -16.2205 0
      vertex -6.30099 -4.91363 0
      vertex -9.88502 -16.2265 0
    endloop
  endfacet
  facet normal 0 0 -1
    outer loop
      vertex -10.115 -16.2265 0
      vertex -6.30099 -4.91363 0
      vertex -10 -16.2205 0
    endloop
  endfacet
  facet normal 0 0 -1
    outer loop
      vertex -10.2287 -16.2445 0
      vertex -6.30099 -4.91363 0
      vertex -10.115 -16.2265 0
    endloop
  endfacet
  facet normal 0 0 -1
    outer loop
      vertex -10.3399 -16.2743 0
      vertex -6.30099 -4.91363 0
      vertex -10.2287 -16.2445 0
    endloop
  endfacet
  facet normal 0 0 -1
    outer loop
      vertex -10.4474 -16.3156 0
      vertex -6.30099 -4.91363 0
      vertex -10.3399 -16.2743 0
    endloop
  endfacet
  facet normal 0 0 -1
    outer loop
      vertex -10.55 -16.3679 0
      vertex -6.30099 -4.91363 0
      vertex -10.4474 -16.3156 0
    endloop
  endfacet
  facet normal 0 0 -1
    outer loop
      vertex -10.6466 -16.4306 0
      vertex -6.30099 -4.91363 0
      vertex -10.55 -16.3679 0
    endloop
  endfacet
  facet normal 0 0 -1
    outer loop
      vertex -10.736 -16.503 0
      vertex -6.30099 -4.91363 0
      vertex -10.6466 -16.4306 0
    endloop
  endfacet
  facet normal 0 0 -1
    outer loop
      vertex -14.544 -19.1909 0
      vertex -10.736 -16.503 0
      vertex -10.8175 -16.5845 0
    endloop
  endfacet
  facet normal 0 0 -1
    outer loop
      vertex -14.544 -19.1909 0
      vertex -10.8175 -16.5845 0
      vertex -10.8899 -16.6739 0
    endloop
  endfacet
  facet normal 0 0 -1
    outer loop
      vertex -14.544 -19.1909 0
      vertex -10.8899 -16.6739 0
      vertex -10.9526 -16.7705 0
    endloop
  endfacet
  facet normal 0 0 -1
    outer loop
      vertex -14.544 -19.1909 0
      vertex -10.9526 -16.7705 0
      vertex -11.0049 -16.8731 0
    endloop
  endfacet
  facet normal -0 0 -1
    outer loop
      vertex -10.736 -16.503 0
      vertex -14.544 -19.1909 0
      vertex -6.30099 -4.91363 0
    endloop
  endfacet
  facet normal -0 0 -1
    outer loop
      vertex -11.0462 -16.9806 0
      vertex -14.544 -19.1909 0
      vertex -11.0049 -16.8731 0
    endloop
  endfacet
  facet normal -0 0 -1
    outer loop
      vertex -11.076 -17.0918 0
      vertex -14.544 -19.1909 0
      vertex -11.0462 -16.9806 0
    endloop
  endfacet
  facet normal -0 0 -1
    outer loop
      vertex -11.094 -17.2055 0
      vertex -14.544 -19.1909 0
      vertex -11.076 -17.0918 0
    endloop
  endfacet
  facet normal 0 0 -1
    outer loop
      vertex -14.544 -19.1909 0
      vertex -11.094 -17.2055 0
      vertex -11.1 -17.3205 0
    endloop
  endfacet
  facet normal 0 0 -1
    outer loop
      vertex 23.8918 -3 0
      vertex 21.1 0 0
      vertex 23.8918 3 0
    endloop
  endfacet
  facet normal 0 0 -1
    outer loop
      vertex 23.8918 -3 0
      vertex 21.094 -0.114981 0
      vertex 21.1 0 0
    endloop
  endfacet
  facet normal 0 0 -1
    outer loop
      vertex 23.8918 -3 0
      vertex 21.076 -0.228703 0
      vertex 21.094 -0.114981 0
    endloop
  endfacet
  facet normal 0 0 -1
    outer loop
      vertex 23.8918 -3 0
      vertex 21.0462 -0.339918 0
      vertex 21.076 -0.228703 0
    endloop
  endfacet
  facet normal 0 0 -1
    outer loop
      vertex 23.8918 -3 0
      vertex 21.0049 -0.44741 0
      vertex 21.0462 -0.339918 0
    endloop
  endfacet
  facet normal 0 0 -1
    outer loop
      vertex 23.8918 -3 0
      vertex 20.9526 -0.549999 0
      vertex 21.0049 -0.44741 0
    endloop
  endfacet
  facet normal 0 0 -1
    outer loop
      vertex 23.8918 -3 0
      vertex 20.8899 -0.646564 0
      vertex 20.9526 -0.549999 0
    endloop
  endfacet
  facet normal 0 0 -1
    outer loop
      vertex 23.8918 -3 0
      vertex 20.8175 -0.736043 0
      vertex 20.8899 -0.646564 0
    endloop
  endfacet
  facet normal 0 0 -1
    outer loop
      vertex 23.8918 -3 0
      vertex 20.736 -0.817459 0
      vertex 20.8175 -0.736043 0
    endloop
  endfacet
  facet normal 0 0 -1
    outer loop
      vertex 23.8918 -3 0
      vertex 20.6466 -0.889918 0
      vertex 20.736 -0.817459 0
    endloop
  endfacet
  facet normal 0 0 -1
    outer loop
      vertex 23.8918 -3 0
      vertex 20.55 -0.952627 0
      vertex 20.6466 -0.889918 0
    endloop
  endfacet
  facet normal 0 0 -1
    outer loop
      vertex 23.8918 -3 0
      vertex 20.4474 -1.0049 0
      vertex 20.55 -0.952627 0
    endloop
  endfacet
  facet normal 0 0 -1
    outer loop
      vertex 23.8918 -3 0
      vertex 20.3399 -1.04616 0
      vertex 20.4474 -1.0049 0
    endloop
  endfacet
  facet normal 0 0 -1
    outer loop
      vertex 23.8918 -3 0
      vertex 20.2287 -1.07596 0
      vertex 20.3399 -1.04616 0
    endloop
  endfacet
  facet normal 0 0 -1
    outer loop
      vertex 23.8918 -3 0
      vertex 20.115 -1.09397 0
      vertex 20.2287 -1.07596 0
    endloop
  endfacet
  facet normal 0 0 -1
    outer loop
      vertex 23.8918 -3 0
      vertex 20 -1.1 0
      vertex 20.115 -1.09397 0
    endloop
  endfacet
  facet normal 0 0 -1
    outer loop
      vertex 23.8918 -3 0
      vertex 19.885 -1.09397 0
      vertex 20 -1.1 0
    endloop
  endfacet
  facet normal 0 0 -1
    outer loop
      vertex 23.8918 -3 0
      vertex 19.7713 -1.07596 0
      vertex 19.885 -1.09397 0
    endloop
  endfacet
  facet normal 0 0 -1
    outer loop
      vertex 23.8918 -3 0
      vertex 19.6601 -1.04616 0
      vertex 19.7713 -1.07596 0
    endloop
  endfacet
  facet normal 0 0 -1
    outer loop
      vertex 7.40582 -3 0
      vertex 19.6601 -1.04616 0
      vertex 23.8918 -3 0
    endloop
  endfacet
  facet normal -0 0 -1
    outer loop
      vertex 18.906 -0.114981 0
      vertex 7.40582 -3 0
      vertex 18.9 0 0
    endloop
  endfacet
  facet normal -0 0 -1
    outer loop
      vertex 18.924 -0.228703 0
      vertex 7.40582 -3 0
      vertex 18.906 -0.114981 0
    endloop
  endfacet
  facet normal -0 0 -1
    outer loop
      vertex 18.9538 -0.339918 0
      vertex 7.40582 -3 0
      vertex 18.924 -0.228703 0
    endloop
  endfacet
  facet normal -0 0 -1
    outer loop
      vertex 18.9951 -0.44741 0
      vertex 7.40582 -3 0
      vertex 18.9538 -0.339918 0
    endloop
  endfacet
  facet normal -0 0 -1
    outer loop
      vertex 19.0474 -0.549999 0
      vertex 7.40582 -3 0
      vertex 18.9951 -0.44741 0
    endloop
  endfacet
  facet normal -0 0 -1
    outer loop
      vertex 19.1101 -0.646564 0
      vertex 7.40582 -3 0
      vertex 19.0474 -0.549999 0
    endloop
  endfacet
  facet normal -0 0 -1
    outer loop
      vertex 19.1825 -0.736043 0
      vertex 7.40582 -3 0
      vertex 19.1101 -0.646564 0
    endloop
  endfacet
  facet normal -0 0 -1
    outer loop
      vertex 19.264 -0.817459 0
      vertex 7.40582 -3 0
      vertex 19.1825 -0.736043 0
    endloop
  endfacet
  facet normal -0 0 -1
    outer loop
      vertex 19.3534 -0.889918 0
      vertex 7.40582 -3 0
      vertex 19.264 -0.817459 0
    endloop
  endfacet
  facet normal -0 0 -1
    outer loop
      vertex 19.45 -0.952627 0
      vertex 7.40582 -3 0
      vertex 19.3534 -0.889918 0
    endloop
  endfacet
  facet normal -0 0 -1
    outer loop
      vertex 19.5526 -1.0049 0
      vertex 7.40582 -3 0
      vertex 19.45 -0.952627 0
    endloop
  endfacet
  facet normal -0 0 -1
    outer loop
      vertex 19.6601 -1.04616 0
      vertex 7.40582 -3 0
      vertex 19.5526 -1.0049 0
    endloop
  endfacet
  facet normal 0 0 -1
    outer loop
      vertex 40.8554 -29.6832 0
      vertex 19.4973 -14.1656 0
      vertex 43.7343 -25.25 0
    endloop
  endfacet
  facet normal 0 0 -1
    outer loop
      vertex 23.8918 3 0
      vertex 47.3011 17.5 0
      vertex 23.8918 -3 0
    endloop
  endfacet
  facet normal 0 -0 -1
    outer loop
      vertex 23.5734 -5.01067 0
      vertex 47.3011 -17.5 0
      vertex 22.9205 -7.44731 0
    endloop
  endfacet
  facet normal 0 0 -1
    outer loop
      vertex 23.5734 5.01067 0
      vertex 47.3011 17.5 0
      vertex 23.8918 3 0
    endloop
  endfacet
  facet normal 0 -0 -1
    outer loop
      vertex 20.8712 -12.05 0
      vertex 43.7343 -25.25 0
      vertex 19.4973 -14.1656 0
    endloop
  endfacet
  facet normal 0 0 -1
    outer loop
      vertex 47.3011 17.5 0
      vertex 25.3813 37.2994 0
      vertex 25.5972 38.1051 0
    endloop
  endfacet
  facet normal 0 0 -1
    outer loop
      vertex 22.9205 7.44731 0
      vertex 47.3011 17.5 0
      vertex 23.5734 5.01067 0
    endloop
  endfacet
  facet normal 0 0 -1
    outer loop
      vertex 43.7343 -25.25 0
      vertex 20.8712 -12.05 0
      vertex 46.134 -20.5402 0
    endloop
  endfacet
  facet normal 0 0 -1
    outer loop
      vertex 47.3011 -17.5 0
      vertex 23.8918 -3 0
      vertex 47.3011 17.5 0
    endloop
  endfacet
  facet normal 0 -0 -1
    outer loop
      vertex 23.8918 -3 0
      vertex 47.3011 -17.5 0
      vertex 23.5734 -5.01067 0
    endloop
  endfacet
  facet normal 0 0 -1
    outer loop
      vertex 47.3011 -17.5 0
      vertex 22.0164 -9.80235 0
      vertex 22.9205 -7.44731 0
    endloop
  endfacet
  facet normal 0 0 -1
    outer loop
      vertex 17.9098 -16.126 0
      vertex 23.7986 -34.9898 0
      vertex 22 -34.5079 0
    endloop
  endfacet
  facet normal 0 0 -1
    outer loop
      vertex 14.1656 -19.4973 0
      vertex 22 -34.5079 0
      vertex 21.1943 -34.7238 0
    endloop
  endfacet
  facet normal 0 0 -1
    outer loop
      vertex 46.134 -20.5402 0
      vertex 22.0164 -9.80235 0
      vertex 47.3011 -17.5 0
    endloop
  endfacet
  facet normal 0 0 -1
    outer loop
      vertex 14.1656 -19.4973 0
      vertex 21.1943 -34.7238 0
      vertex 20.2014 -34.9898 0
    endloop
  endfacet
  facet normal 0 -0 -1
    outer loop
      vertex 22.0164 -9.80235 0
      vertex 46.134 -20.5402 0
      vertex 20.8712 -12.05 0
    endloop
  endfacet
  facet normal 0 0 -1
    outer loop
      vertex 9.80235 -22.0164 0
      vertex 20.2014 -34.9898 0
      vertex 19.4745 -35.7166 0
    endloop
  endfacet
  facet normal 0 0 -1
    outer loop
      vertex 9.80235 -22.0164 0
      vertex 19.4745 -35.7166 0
      vertex 18.8847 -36.3065 0
    endloop
  endfacet
  facet normal 0 0 -1
    outer loop
      vertex 5.01067 -23.5734 0
      vertex 18.8847 -36.3065 0
      vertex 18.4028 -38.1051 0
    endloop
  endfacet
  facet normal 0 0 -1
    outer loop
      vertex 23.7986 -34.9898 0
      vertex 17.9098 -16.126 0
      vertex 19.4973 -14.1656 0
    endloop
  endfacet
  facet normal 0 0 -1
    outer loop
      vertex 47.3011 -17.5 0
      vertex 55 17.5 0
      vertex 55 -17.5 0
    endloop
  endfacet
  facet normal 0 0 -1
    outer loop
      vertex 47.3011 -17.5 0
      vertex 47.3011 17.5 0
      vertex 55 17.5 0
    endloop
  endfacet
  facet normal 0 0 -1
    outer loop
      vertex 23.7986 -34.9898 0
      vertex 37.5288 -33.7911 0
      vertex 24.3885 -35.5797 0
    endloop
  endfacet
  facet normal -0 0 -1
    outer loop
      vertex 37.5288 -33.7911 0
      vertex 23.7986 -34.9898 0
      vertex 40.8554 -29.6832 0
    endloop
  endfacet
  facet normal 0 0 -1
    outer loop
      vertex 24.3885 -35.5797 0
      vertex 37.5288 -33.7911 0
      vertex 25.1153 -36.3065 0
    endloop
  endfacet
  facet normal 0 0 -1
    outer loop
      vertex 19.4973 -14.1656 0
      vertex 40.8554 -29.6832 0
      vertex 23.7986 -34.9898 0
    endloop
  endfacet
  facet normal 0 0 -1
    outer loop
      vertex 33.7911 -37.5288 0
      vertex 25.1153 -36.3065 0
      vertex 37.5288 -33.7911 0
    endloop
  endfacet
  facet normal 0 0 -1
    outer loop
      vertex 47.3011 17.5 0
      vertex 25.5972 38.1051 0
      vertex 46.134 20.5402 0
    endloop
  endfacet
  facet normal 0 0 -1
    outer loop
      vertex 25.1153 -36.3065 0
      vertex 33.7911 -37.5288 0
      vertex 25.3813 -37.2994 0
    endloop
  endfacet
  facet normal 0 0 -1
    outer loop
      vertex 46.134 20.5402 0
      vertex 25.5972 38.1051 0
      vertex 43.7343 25.25 0
    endloop
  endfacet
  facet normal 0 0 -1
    outer loop
      vertex 25.3813 -37.2994 0
      vertex 33.7911 -37.5288 0
      vertex 25.5972 -38.1051 0
    endloop
  endfacet
  facet normal 0 0 -1
    outer loop
      vertex 43.7343 25.25 0
      vertex 25.5972 38.1051 0
      vertex 40.8554 29.6832 0
    endloop
  endfacet
  facet normal 0 0 -1
    outer loop
      vertex 25.5972 -38.1051 0
      vertex 33.7911 -37.5288 0
      vertex 29.6832 -40.8554 0
    endloop
  endfacet
  facet normal 0 0 -1
    outer loop
      vertex 40.8554 29.6832 0
      vertex 25.5972 38.1051 0
      vertex 37.5288 33.7911 0
    endloop
  endfacet
  facet normal 0 0 -1
    outer loop
      vertex 37.5288 33.7911 0
      vertex 25.5972 38.1051 0
      vertex 33.7911 37.5288 0
    endloop
  endfacet
  facet normal 0 0 -1
    outer loop
      vertex 25.1153 -39.9037 0
      vertex 29.6832 -40.8554 0
      vertex 25.25 -43.7343 0
    endloop
  endfacet
  facet normal 0 0 -1
    outer loop
      vertex 29.6832 -40.8554 0
      vertex 25.1153 -39.9037 0
      vertex 25.5972 -38.1051 0
    endloop
  endfacet
  facet normal 0 0 -1
    outer loop
      vertex 25.25 -43.7343 0
      vertex 24.5255 -40.4936 0
      vertex 25.1153 -39.9037 0
    endloop
  endfacet
  facet normal 0 0 -1
    outer loop
      vertex 25.25 -43.7343 0
      vertex 23.7986 -41.2204 0
      vertex 24.5255 -40.4936 0
    endloop
  endfacet
  facet normal 0 0 -1
    outer loop
      vertex 25.25 -43.7343 0
      vertex 22.8057 -41.4865 0
      vertex 23.7986 -41.2204 0
    endloop
  endfacet
  facet normal 0 0 -1
    outer loop
      vertex 25.25 -43.7343 0
      vertex 22 -41.7024 0
      vertex 22.8057 -41.4865 0
    endloop
  endfacet
  facet normal 0 0 -1
    outer loop
      vertex 20.5402 -46.134 0
      vertex 22 -41.7024 0
      vertex 25.25 -43.7343 0
    endloop
  endfacet
  facet normal 0 0 -1
    outer loop
      vertex 20.5402 -46.134 0
      vertex 20.2014 -41.2204 0
      vertex 22 -41.7024 0
    endloop
  endfacet
  facet normal 0 0 -1
    outer loop
      vertex 20.5402 -46.134 0
      vertex 19.6115 -40.6306 0
      vertex 20.2014 -41.2204 0
    endloop
  endfacet
  facet normal 0 0 -1
    outer loop
      vertex 15.6054 -48.0284 0
      vertex 19.6115 -40.6306 0
      vertex 20.5402 -46.134 0
    endloop
  endfacet
  facet normal -0 0 -1
    outer loop
      vertex 19.6115 -40.6306 0
      vertex 15.6054 -48.0284 0
      vertex 18.8847 -39.9037 0
    endloop
  endfacet
  facet normal -0 0 -1
    outer loop
      vertex 18.8847 -39.9037 0
      vertex 15.6054 -48.0284 0
      vertex 18.6187 -38.9109 0
    endloop
  endfacet
  facet normal 0 0 -1
    outer loop
      vertex 22 -34.5079 0
      vertex 16.126 -17.9098 0
      vertex 17.9098 -16.126 0
    endloop
  endfacet
  facet normal 0 0 -1
    outer loop
      vertex 10.4995 -49.3965 0
      vertex 18.6187 -38.9109 0
      vertex 15.6054 -48.0284 0
    endloop
  endfacet
  facet normal -0 0 -1
    outer loop
      vertex 18.6187 -38.9109 0
      vertex 10.4995 -49.3965 0
      vertex 18.4028 -38.1051 0
    endloop
  endfacet
  facet normal 0 0 -1
    outer loop
      vertex 22 -34.5079 0
      vertex 14.1656 -19.4973 0
      vertex 16.126 -17.9098 0
    endloop
  endfacet
  facet normal 0 0 -1
    outer loop
      vertex 20.2014 -34.9898 0
      vertex 12.05 -20.8712 0
      vertex 14.1656 -19.4973 0
    endloop
  endfacet
  facet normal 0 0 -1
    outer loop
      vertex 5.27869 -50.2234 0
      vertex 18.4028 -38.1051 0
      vertex 10.4995 -49.3965 0
    endloop
  endfacet
  facet normal 0 0 -1
    outer loop
      vertex 20.2014 -34.9898 0
      vertex 9.80235 -22.0164 0
      vertex 12.05 -20.8712 0
    endloop
  endfacet
  facet normal 0 0 -1
    outer loop
      vertex 18.8847 -36.3065 0
      vertex 7.44731 -22.9205 0
      vertex 9.80235 -22.0164 0
    endloop
  endfacet
  facet normal 0 0 -1
    outer loop
      vertex 2.51914 -23.968 0
      vertex 18.4028 -38.1051 0
      vertex 5.27869 -50.2234 0
    endloop
  endfacet
  facet normal 0 0 -1
    outer loop
      vertex 18.8847 -36.3065 0
      vertex 5.01067 -23.5734 0
      vertex 7.44731 -22.9205 0
    endloop
  endfacet
  facet normal 0 0 -1
    outer loop
      vertex 18.4028 -38.1051 0
      vertex 2.51914 -23.968 0
      vertex 5.01067 -23.5734 0
    endloop
  endfacet
  facet normal 0 0 -1
    outer loop
      vertex 0 -50.5 0
      vertex 2.51914 -23.968 0
      vertex 5.27869 -50.2234 0
    endloop
  endfacet
  facet normal 0 0 -1
    outer loop
      vertex 0 -50.5 0
      vertex 0 -24.1 0
      vertex 2.51914 -23.968 0
    endloop
  endfacet
  facet normal 0 0 -1
    outer loop
      vertex 0 -50.5 0
      vertex -2.51914 -23.968 0
      vertex 0 -24.1 0
    endloop
  endfacet
  facet normal 0 0 -1
    outer loop
      vertex -5.27869 -50.2234 0
      vertex -2.51914 -23.968 0
      vertex 0 -50.5 0
    endloop
  endfacet
  facet normal -0 0 -1
    outer loop
      vertex -2.51914 -23.968 0
      vertex -5.27869 -50.2234 0
      vertex -5.01067 -23.5734 0
    endloop
  endfacet
  facet normal 0 0 -1
    outer loop
      vertex -10.4995 -49.3965 0
      vertex -5.01067 -23.5734 0
      vertex -5.27869 -50.2234 0
    endloop
  endfacet
  facet normal -0 0 -1
    outer loop
      vertex -5.01067 -23.5734 0
      vertex -10.4995 -49.3965 0
      vertex -7.44731 -22.9205 0
    endloop
  endfacet
  facet normal 0 0 -1
    outer loop
      vertex -9.34783 -22.1909 0
      vertex -9.45 -18.2731 0
      vertex -9.35344 -18.2104 0
    endloop
  endfacet
  facet normal 0 0 -1
    outer loop
      vertex -9.34783 -22.1909 0
      vertex -9.55259 -18.3254 0
      vertex -9.45 -18.2731 0
    endloop
  endfacet
  facet normal 0 0 -1
    outer loop
      vertex -9.34783 -22.1909 0
      vertex -9.66008 -18.3667 0
      vertex -9.55259 -18.3254 0
    endloop
  endfacet
  facet normal 0 0 -1
    outer loop
      vertex -9.34783 -22.1909 0
      vertex -9.7713 -18.3965 0
      vertex -9.66008 -18.3667 0
    endloop
  endfacet
  facet normal 0 0 -1
    outer loop
      vertex -9.34783 -22.1909 0
      vertex -9.88502 -18.4145 0
      vertex -9.7713 -18.3965 0
    endloop
  endfacet
  facet normal 0 0 -1
    outer loop
      vertex -9.34783 -22.1909 0
      vertex -10 -18.4205 0
      vertex -9.88502 -18.4145 0
    endloop
  endfacet
  facet normal 0 0 -1
    outer loop
      vertex -15.6054 -48.0284 0
      vertex -7.44731 -22.9205 0
      vertex -10.4995 -49.3965 0
    endloop
  endfacet
  facet normal -0 0 -1
    outer loop
      vertex -7.44731 -22.9205 0
      vertex -15.6054 -48.0284 0
      vertex -9.34783 -22.1909 0
    endloop
  endfacet
  facet normal 0 0 -1
    outer loop
      vertex -20.5402 -46.134 0
      vertex -9.34783 -22.1909 0
      vertex -15.6054 -48.0284 0
    endloop
  endfacet
  facet normal 0 -0 -1
    outer loop
      vertex -10.55 -18.2731 0
      vertex -9.34783 -22.1909 0
      vertex -14.544 -19.1909 0
    endloop
  endfacet
  facet normal 0 0 -1
    outer loop
      vertex -9.34783 -22.1909 0
      vertex -10.115 -18.4145 0
      vertex -10 -18.4205 0
    endloop
  endfacet
  facet normal 0 0 -1
    outer loop
      vertex -9.34783 -22.1909 0
      vertex -10.2287 -18.3965 0
      vertex -10.115 -18.4145 0
    endloop
  endfacet
  facet normal 0 0 -1
    outer loop
      vertex -9.34783 -22.1909 0
      vertex -10.3399 -18.3667 0
      vertex -10.2287 -18.3965 0
    endloop
  endfacet
  facet normal 0 0 -1
    outer loop
      vertex -9.34783 -22.1909 0
      vertex -10.55 -18.2731 0
      vertex -10.4474 -18.3254 0
    endloop
  endfacet
  facet normal -0 0 -1
    outer loop
      vertex -10.55 -18.2731 0
      vertex -14.544 -19.1909 0
      vertex -10.6466 -18.2104 0
    endloop
  endfacet
  facet normal -0 0 -1
    outer loop
      vertex -10.6466 -18.2104 0
      vertex -14.544 -19.1909 0
      vertex -10.736 -18.138 0
    endloop
  endfacet
  facet normal -0 0 -1
    outer loop
      vertex -10.736 -18.138 0
      vertex -14.544 -19.1909 0
      vertex -10.8175 -18.0566 0
    endloop
  endfacet
  facet normal -0 0 -1
    outer loop
      vertex -10.8175 -18.0566 0
      vertex -14.544 -19.1909 0
      vertex -10.8899 -17.9671 0
    endloop
  endfacet
  facet normal -0 0 -1
    outer loop
      vertex -10.8899 -17.9671 0
      vertex -14.544 -19.1909 0
      vertex -10.9526 -17.8705 0
    endloop
  endfacet
  facet normal -0 0 -1
    outer loop
      vertex -10.9526 -17.8705 0
      vertex -14.544 -19.1909 0
      vertex -11.0049 -17.7679 0
    endloop
  endfacet
  facet normal -0 0 -1
    outer loop
      vertex -11.0049 -17.7679 0
      vertex -14.544 -19.1909 0
      vertex -11.0462 -17.6604 0
    endloop
  endfacet
  facet normal -0 0 -1
    outer loop
      vertex -11.0462 -17.6604 0
      vertex -14.544 -19.1909 0
      vertex -11.076 -17.5492 0
    endloop
  endfacet
  facet normal -0 0 -1
    outer loop
      vertex -11.076 -17.5492 0
      vertex -14.544 -19.1909 0
      vertex -11.094 -17.4355 0
    endloop
  endfacet
  facet normal -0 0 -1
    outer loop
      vertex -11.094 -17.4355 0
      vertex -14.544 -19.1909 0
      vertex -11.1 -17.3205 0
    endloop
  endfacet
  facet normal 0 0 -1
    outer loop
      vertex -9.34783 -22.1909 0
      vertex -10.4474 -18.3254 0
      vertex -10.3399 -18.3667 0
    endloop
  endfacet
  facet normal 0 0 -1
    outer loop
      vertex -25.25 -43.7343 0
      vertex -9.34783 -22.1909 0
      vertex -20.5402 -46.134 0
    endloop
  endfacet
  facet normal -0 0 -1
    outer loop
      vertex -9.34783 -22.1909 0
      vertex -25.25 -43.7343 0
      vertex -14.544 -19.1909 0
    endloop
  endfacet
  facet normal 0 0 -1
    outer loop
      vertex -29.6832 -40.8554 0
      vertex -14.544 -19.1909 0
      vertex -25.25 -43.7343 0
    endloop
  endfacet
  facet normal 0 0 -1
    outer loop
      vertex -33.7911 -37.5288 0
      vertex -14.544 -19.1909 0
      vertex -29.6832 -40.8554 0
    endloop
  endfacet
  facet normal -0 0 -1
    outer loop
      vertex -14.544 -19.1909 0
      vertex -33.7911 -37.5288 0
      vertex -16.126 -17.9098 0
    endloop
  endfacet
  facet normal -0 0 -1
    outer loop
      vertex -16.126 -17.9098 0
      vertex -33.7911 -37.5288 0
      vertex -17.9098 -16.126 0
    endloop
  endfacet
  facet normal 0 0 -1
    outer loop
      vertex -37.5288 -33.7911 0
      vertex -17.9098 -16.126 0
      vertex -33.7911 -37.5288 0
    endloop
  endfacet
  facet normal -0 0 -1
    outer loop
      vertex -17.9098 -16.126 0
      vertex -37.5288 -33.7911 0
      vertex -19.4973 -14.1656 0
    endloop
  endfacet
  facet normal 0 0 -1
    outer loop
      vertex -40.8554 -29.6832 0
      vertex -19.4973 -14.1656 0
      vertex -37.5288 -33.7911 0
    endloop
  endfacet
  facet normal 0 0 -1
    outer loop
      vertex -43.7343 -25.25 0
      vertex -20.8712 -12.05 0
      vertex -40.8554 -29.6832 0
    endloop
  endfacet
  facet normal -0 0 -1
    outer loop
      vertex -19.4973 -14.1656 0
      vertex -40.8554 -29.6832 0
      vertex -20.8712 -12.05 0
    endloop
  endfacet
  facet normal 0 0 -1
    outer loop
      vertex 33.7911 37.5288 0
      vertex 25.5972 38.1051 0
      vertex 29.6832 40.8554 0
    endloop
  endfacet
  facet normal 0 0 -1
    outer loop
      vertex 25.1153 39.9037 0
      vertex 29.6832 40.8554 0
      vertex 25.5972 38.1051 0
    endloop
  endfacet
  facet normal -0 0 -1
    outer loop
      vertex 29.6832 40.8554 0
      vertex 25.1153 39.9037 0
      vertex 25.25 43.7343 0
    endloop
  endfacet
  facet normal 0 0 -1
    outer loop
      vertex 24.5255 40.4936 0
      vertex 25.25 43.7343 0
      vertex 25.1153 39.9037 0
    endloop
  endfacet
  facet normal 0 0 -1
    outer loop
      vertex 23.7986 41.2204 0
      vertex 25.25 43.7343 0
      vertex 24.5255 40.4936 0
    endloop
  endfacet
  facet normal 0 0 -1
    outer loop
      vertex 22.8057 41.4865 0
      vertex 25.25 43.7343 0
      vertex 23.7986 41.2204 0
    endloop
  endfacet
  facet normal 0 0 -1
    outer loop
      vertex 22 41.7024 0
      vertex 25.25 43.7343 0
      vertex 22.8057 41.4865 0
    endloop
  endfacet
  facet normal 0 0 -1
    outer loop
      vertex 22 41.7024 0
      vertex 20.5402 46.134 0
      vertex 25.25 43.7343 0
    endloop
  endfacet
  facet normal 0 0 -1
    outer loop
      vertex 20.2014 41.2204 0
      vertex 20.5402 46.134 0
      vertex 22 41.7024 0
    endloop
  endfacet
  facet normal 0 0 -1
    outer loop
      vertex 19.6115 40.6306 0
      vertex 20.5402 46.134 0
      vertex 20.2014 41.2204 0
    endloop
  endfacet
  facet normal 0 0 -1
    outer loop
      vertex 15.6054 48.0284 0
      vertex 19.6115 40.6306 0
      vertex 18.8847 39.9037 0
    endloop
  endfacet
  facet normal 0 0 -1
    outer loop
      vertex 15.6054 48.0284 0
      vertex 18.8847 39.9037 0
      vertex 18.6187 38.9109 0
    endloop
  endfacet
  facet normal 0 0 -1
    outer loop
      vertex 10.4995 49.3965 0
      vertex 18.6187 38.9109 0
      vertex 18.4028 38.1051 0
    endloop
  endfacet
  facet normal 0 0 -1
    outer loop
      vertex 9.80235 22.0164 0
      vertex 20.2014 34.9898 0
      vertex 12.05 20.8712 0
    endloop
  endfacet
  facet normal 0 0 -1
    outer loop
      vertex 19.6115 40.6306 0
      vertex 15.6054 48.0284 0
      vertex 20.5402 46.134 0
    endloop
  endfacet
  facet normal -0 0 -1
    outer loop
      vertex 20.2014 34.9898 0
      vertex 9.80235 22.0164 0
      vertex 19.4745 35.7166 0
    endloop
  endfacet
  facet normal -0 0 -1
    outer loop
      vertex 19.4745 35.7166 0
      vertex 9.80235 22.0164 0
      vertex 18.8847 36.3065 0
    endloop
  endfacet
  facet normal 0 0 -1
    outer loop
      vertex 7.44731 22.9205 0
      vertex 18.8847 36.3065 0
      vertex 9.80235 22.0164 0
    endloop
  endfacet
  facet normal 0 0 -1
    outer loop
      vertex 5.01067 23.5734 0
      vertex 18.8847 36.3065 0
      vertex 7.44731 22.9205 0
    endloop
  endfacet
  facet normal -0 0 -1
    outer loop
      vertex 18.8847 36.3065 0
      vertex 5.01067 23.5734 0
      vertex 18.4028 38.1051 0
    endloop
  endfacet
  facet normal 0 0 -1
    outer loop
      vertex 18.6187 38.9109 0
      vertex 10.4995 49.3965 0
      vertex 15.6054 48.0284 0
    endloop
  endfacet
  facet normal 0 0 -1
    outer loop
      vertex 2.51914 23.968 0
      vertex 18.4028 38.1051 0
      vertex 5.01067 23.5734 0
    endloop
  endfacet
  facet normal 0 0 -1
    outer loop
      vertex 18.4028 38.1051 0
      vertex 5.27869 50.2234 0
      vertex 10.4995 49.3965 0
    endloop
  endfacet
  facet normal -0 0 -1
    outer loop
      vertex 18.4028 38.1051 0
      vertex 2.51914 23.968 0
      vertex 5.27869 50.2234 0
    endloop
  endfacet
  facet normal 0 0 -1
    outer loop
      vertex 0 24.1 0
      vertex 5.27869 50.2234 0
      vertex 2.51914 23.968 0
    endloop
  endfacet
  facet normal 0 0 -1
    outer loop
      vertex 0 24.1 0
      vertex 0 50.5 0
      vertex 5.27869 50.2234 0
    endloop
  endfacet
  facet normal 0 0 -1
    outer loop
      vertex -2.51914 23.968 0
      vertex 0 50.5 0
      vertex 0 24.1 0
    endloop
  endfacet
  facet normal 0 0 -1
    outer loop
      vertex -5.27869 50.2234 0
      vertex -2.51914 23.968 0
      vertex -5.01067 23.5734 0
    endloop
  endfacet
  facet normal 0 0 -1
    outer loop
      vertex -2.51914 23.968 0
      vertex -5.27869 50.2234 0
      vertex 0 50.5 0
    endloop
  endfacet
  facet normal 0 0 -1
    outer loop
      vertex -10.4995 49.3965 0
      vertex -5.01067 23.5734 0
      vertex -7.44731 22.9205 0
    endloop
  endfacet
  facet normal 0 0 -1
    outer loop
      vertex -15.6054 48.0284 0
      vertex -7.44731 22.9205 0
      vertex -9.34783 22.1909 0
    endloop
  endfacet
  facet normal 0 0 -1
    outer loop
      vertex -9.45 18.2731 0
      vertex -9.34783 22.1909 0
      vertex -9.35344 18.2104 0
    endloop
  endfacet
  facet normal 0 0 -1
    outer loop
      vertex -9.55259 18.3254 0
      vertex -9.34783 22.1909 0
      vertex -9.45 18.2731 0
    endloop
  endfacet
  facet normal 0 0 -1
    outer loop
      vertex -9.66008 18.3667 0
      vertex -9.34783 22.1909 0
      vertex -9.55259 18.3254 0
    endloop
  endfacet
  facet normal 0 0 -1
    outer loop
      vertex -9.7713 18.3965 0
      vertex -9.34783 22.1909 0
      vertex -9.66008 18.3667 0
    endloop
  endfacet
  facet normal 0 0 -1
    outer loop
      vertex -9.88502 18.4145 0
      vertex -9.34783 22.1909 0
      vertex -9.7713 18.3965 0
    endloop
  endfacet
  facet normal 0 0 -1
    outer loop
      vertex -10 18.4205 0
      vertex -9.34783 22.1909 0
      vertex -9.88502 18.4145 0
    endloop
  endfacet
  facet normal 0 0 -1
    outer loop
      vertex -10.115 18.4145 0
      vertex -9.34783 22.1909 0
      vertex -10 18.4205 0
    endloop
  endfacet
  facet normal 0 0 -1
    outer loop
      vertex -10.2287 18.3965 0
      vertex -9.34783 22.1909 0
      vertex -10.115 18.4145 0
    endloop
  endfacet
  facet normal 0 0 -1
    outer loop
      vertex -10.3399 18.3667 0
      vertex -9.34783 22.1909 0
      vertex -10.2287 18.3965 0
    endloop
  endfacet
  facet normal 0 0 -1
    outer loop
      vertex -10.4474 18.3254 0
      vertex -9.34783 22.1909 0
      vertex -10.3399 18.3667 0
    endloop
  endfacet
  facet normal 0 0 -1
    outer loop
      vertex -10.55 18.2731 0
      vertex -9.34783 22.1909 0
      vertex -10.4474 18.3254 0
    endloop
  endfacet
  facet normal 0 0 -1
    outer loop
      vertex -5.01067 23.5734 0
      vertex -10.4995 49.3965 0
      vertex -5.27869 50.2234 0
    endloop
  endfacet
  facet normal 0 0 -1
    outer loop
      vertex -9.34783 22.1909 0
      vertex -10.55 18.2731 0
      vertex -14.544 19.1909 0
    endloop
  endfacet
  facet normal 0 0 -1
    outer loop
      vertex -14.544 19.1909 0
      vertex -10.55 18.2731 0
      vertex -10.6466 18.2104 0
    endloop
  endfacet
  facet normal 0 0 -1
    outer loop
      vertex -14.544 19.1909 0
      vertex -10.6466 18.2104 0
      vertex -10.736 18.138 0
    endloop
  endfacet
  facet normal 0 0 -1
    outer loop
      vertex -14.544 19.1909 0
      vertex -10.736 18.138 0
      vertex -10.8175 18.0566 0
    endloop
  endfacet
  facet normal 0 0 -1
    outer loop
      vertex -14.544 19.1909 0
      vertex -10.8175 18.0566 0
      vertex -10.8899 17.9671 0
    endloop
  endfacet
  facet normal 0 0 -1
    outer loop
      vertex -14.544 19.1909 0
      vertex -10.8899 17.9671 0
      vertex -10.9526 17.8705 0
    endloop
  endfacet
  facet normal 0 0 -1
    outer loop
      vertex -14.544 19.1909 0
      vertex -10.9526 17.8705 0
      vertex -11.0049 17.7679 0
    endloop
  endfacet
  facet normal 0 0 -1
    outer loop
      vertex -14.544 19.1909 0
      vertex -11.0049 17.7679 0
      vertex -11.0462 17.6604 0
    endloop
  endfacet
  facet normal 0 0 -1
    outer loop
      vertex -14.544 19.1909 0
      vertex -11.0462 17.6604 0
      vertex -11.076 17.5492 0
    endloop
  endfacet
  facet normal 0 0 -1
    outer loop
      vertex -14.544 19.1909 0
      vertex -11.076 17.5492 0
      vertex -11.094 17.4355 0
    endloop
  endfacet
  facet normal 0 0 -1
    outer loop
      vertex -14.544 19.1909 0
      vertex -11.094 17.4355 0
      vertex -11.1 17.3205 0
    endloop
  endfacet
  facet normal 0 0 -1
    outer loop
      vertex -25.25 43.7343 0
      vertex -9.34783 22.1909 0
      vertex -14.544 19.1909 0
    endloop
  endfacet
  facet normal 0 0 -1
    outer loop
      vertex -7.44731 22.9205 0
      vertex -15.6054 48.0284 0
      vertex -10.4995 49.3965 0
    endloop
  endfacet
  facet normal 0 0 -1
    outer loop
      vertex -33.7911 37.5288 0
      vertex -14.544 19.1909 0
      vertex -16.126 17.9098 0
    endloop
  endfacet
  facet normal 0 0 -1
    outer loop
      vertex -33.7911 37.5288 0
      vertex -16.126 17.9098 0
      vertex -17.9098 16.126 0
    endloop
  endfacet
  facet normal 0 0 -1
    outer loop
      vertex -37.5288 33.7911 0
      vertex -17.9098 16.126 0
      vertex -19.4973 14.1656 0
    endloop
  endfacet
  facet normal 0 0 -1
    outer loop
      vertex -9.34783 22.1909 0
      vertex -20.5402 46.134 0
      vertex -15.6054 48.0284 0
    endloop
  endfacet
  facet normal 0 0 -1
    outer loop
      vertex -37.5288 33.7911 0
      vertex -19.4973 14.1656 0
      vertex -20.8712 12.05 0
    endloop
  endfacet
  facet normal 0 0 -1
    outer loop
      vertex -37.5288 33.7911 0
      vertex -20.8712 12.05 0
      vertex -22.0164 9.80235 0
    endloop
  endfacet
  facet normal -0 0 -1
    outer loop
      vertex -23.968 2.51914 0
      vertex -40.8847 1.79862 0
      vertex -23.5734 5.01067 0
    endloop
  endfacet
  facet normal 0 0 -1
    outer loop
      vertex -40.8847 1.79862 0
      vertex -23.968 2.51914 0
      vertex -40.6688 0.992875 0
    endloop
  endfacet
  facet normal 0 0 -1
    outer loop
      vertex -40.6688 0.992875 0
      vertex -23.968 2.51914 0
      vertex -40.4028 4.94775e-015 0
    endloop
  endfacet
  facet normal 0 0 -1
    outer loop
      vertex -9.34783 22.1909 0
      vertex -25.25 43.7343 0
      vertex -20.5402 46.134 0
    endloop
  endfacet
  facet normal 0 0 -1
    outer loop
      vertex -40.4028 4.94775e-015 0
      vertex -23.968 2.51914 0
      vertex -24.1 0 0
    endloop
  endfacet
  facet normal -0 0 -1
    outer loop
      vertex -20.8712 -12.05 0
      vertex -43.7343 -25.25 0
      vertex -22.0164 -9.80235 0
    endloop
  endfacet
  facet normal 0 0 -1
    outer loop
      vertex -46.134 -20.5402 0
      vertex -22.0164 -9.80235 0
      vertex -43.7343 -25.25 0
    endloop
  endfacet
  facet normal -0 0 -1
    outer loop
      vertex -23.5734 5.01067 0
      vertex -40.8847 1.79862 0
      vertex -22.9205 7.44731 0
    endloop
  endfacet
  facet normal 0 -0 -1
    outer loop
      vertex -42.2014 -3.11531 0
      vertex -22.0164 -9.80235 0
      vertex -46.134 -20.5402 0
    endloop
  endfacet
  facet normal 0 0 -1
    outer loop
      vertex -14.544 19.1909 0
      vertex -29.6832 40.8554 0
      vertex -25.25 43.7343 0
    endloop
  endfacet
  facet normal 0 0 -1
    outer loop
      vertex -22.0164 -9.80235 0
      vertex -42.2014 -3.11531 0
      vertex -22.9205 -7.44731 0
    endloop
  endfacet
  facet normal 0 0 -1
    outer loop
      vertex -14.544 19.1909 0
      vertex -33.7911 37.5288 0
      vertex -29.6832 40.8554 0
    endloop
  endfacet
  facet normal 0 0 -1
    outer loop
      vertex -17.9098 16.126 0
      vertex -37.5288 33.7911 0
      vertex -33.7911 37.5288 0
    endloop
  endfacet
  facet normal 0 0 -1
    outer loop
      vertex -23.968 -2.51914 0
      vertex -40.4028 4.94775e-015 0
      vertex -24.1 0 0
    endloop
  endfacet
  facet normal 0 -0 -1
    outer loop
      vertex -40.8847 -1.79862 0
      vertex -22.9205 -7.44731 0
      vertex -42.2014 -3.11531 0
    endloop
  endfacet
  facet normal 0 -0 -1
    outer loop
      vertex -40.4028 4.94775e-015 0
      vertex -23.968 -2.51914 0
      vertex -40.6688 -0.992875 0
    endloop
  endfacet
  facet normal 0 0 -1
    outer loop
      vertex -22.9205 -7.44731 0
      vertex -40.8847 -1.79862 0
      vertex -23.5734 -5.01067 0
    endloop
  endfacet
  facet normal 0 -0 -1
    outer loop
      vertex -40.6688 -0.992875 0
      vertex -23.968 -2.51914 0
      vertex -40.8847 -1.79862 0
    endloop
  endfacet
  facet normal 0 0 -1
    outer loop
      vertex -23.5734 -5.01067 0
      vertex -40.8847 -1.79862 0
      vertex -23.968 -2.51914 0
    endloop
  endfacet
  facet normal 0 0 -1
    outer loop
      vertex -48.0284 -15.6054 0
      vertex -42.2014 -3.11531 0
      vertex -46.134 -20.5402 0
    endloop
  endfacet
  facet normal 0 0 -1
    outer loop
      vertex -42.2014 -3.11531 0
      vertex -48.0284 -15.6054 0
      vertex -43.0071 -3.33121 0
    endloop
  endfacet
  facet normal 0 0 -1
    outer loop
      vertex -43.0071 -3.33121 0
      vertex -48.0284 -15.6054 0
      vertex -44 -3.59725 0
    endloop
  endfacet
  facet normal 0 0 -1
    outer loop
      vertex -49.3965 -10.4995 0
      vertex -44 -3.59725 0
      vertex -48.0284 -15.6054 0
    endloop
  endfacet
  facet normal -0 0 -1
    outer loop
      vertex -44 -3.59725 0
      vertex -49.3965 -10.4995 0
      vertex -44.9929 -3.33121 0
    endloop
  endfacet
  facet normal -0 0 -1
    outer loop
      vertex -44.9929 -3.33121 0
      vertex -49.3965 -10.4995 0
      vertex -45.7986 -3.11531 0
    endloop
  endfacet
  facet normal 0 0 -1
    outer loop
      vertex -50.2234 -5.27869 0
      vertex -45.7986 -3.11531 0
      vertex -49.3965 -10.4995 0
    endloop
  endfacet
  facet normal -0 0 -1
    outer loop
      vertex -45.7986 -3.11531 0
      vertex -50.2234 -5.27869 0
      vertex -47.1153 -1.79862 0
    endloop
  endfacet
  facet normal 0 0 -1
    outer loop
      vertex 47.3011 17.5 0
      vertex 25.1153 36.3065 0
      vertex 25.3813 37.2994 0
    endloop
  endfacet
  facet normal 0 0 -1
    outer loop
      vertex 22.0164 9.80235 0
      vertex 47.3011 17.5 0
      vertex 22.9205 7.44731 0
    endloop
  endfacet
  facet normal 0 0 -1
    outer loop
      vertex 20.8712 12.05 0
      vertex 47.3011 17.5 0
      vertex 22.0164 9.80235 0
    endloop
  endfacet
  facet normal 0 0 -1
    outer loop
      vertex 19.4973 14.1656 0
      vertex 47.3011 17.5 0
      vertex 20.8712 12.05 0
    endloop
  endfacet
  facet normal 0 0 -1
    outer loop
      vertex 47.3011 17.5 0
      vertex 24.3885 35.5797 0
      vertex 25.1153 36.3065 0
    endloop
  endfacet
  facet normal 0 0 -1
    outer loop
      vertex 47.3011 17.5 0
      vertex 23.7986 34.9898 0
      vertex 24.3885 35.5797 0
    endloop
  endfacet
  facet normal -0 0 -1
    outer loop
      vertex 47.3011 17.5 0
      vertex 19.4973 14.1656 0
      vertex 23.7986 34.9898 0
    endloop
  endfacet
  facet normal 0 0 -1
    outer loop
      vertex 17.9098 16.126 0
      vertex 23.7986 34.9898 0
      vertex 19.4973 14.1656 0
    endloop
  endfacet
  facet normal 0 0 -1
    outer loop
      vertex 23.7986 34.9898 0
      vertex 17.9098 16.126 0
      vertex 22 34.5079 0
    endloop
  endfacet
  facet normal 0 0 -1
    outer loop
      vertex 16.126 17.9098 0
      vertex 22 34.5079 0
      vertex 17.9098 16.126 0
    endloop
  endfacet
  facet normal 0 0 -1
    outer loop
      vertex 14.1656 19.4973 0
      vertex 22 34.5079 0
      vertex 16.126 17.9098 0
    endloop
  endfacet
  facet normal -0 0 -1
    outer loop
      vertex 22 34.5079 0
      vertex 14.1656 19.4973 0
      vertex 21.1943 34.7238 0
    endloop
  endfacet
  facet normal -0 0 -1
    outer loop
      vertex 21.1943 34.7238 0
      vertex 14.1656 19.4973 0
      vertex 20.2014 34.9898 0
    endloop
  endfacet
  facet normal 0 0 -1
    outer loop
      vertex 12.05 20.8712 0
      vertex 20.2014 34.9898 0
      vertex 14.1656 19.4973 0
    endloop
  endfacet
  facet normal 0 0 -1
    outer loop
      vertex 21.094 0.114981 0
      vertex 23.8918 3 0
      vertex 21.1 0 0
    endloop
  endfacet
  facet normal 0 0 -1
    outer loop
      vertex 21.076 0.228703 0
      vertex 23.8918 3 0
      vertex 21.094 0.114981 0
    endloop
  endfacet
  facet normal 0 0 -1
    outer loop
      vertex 21.0462 0.339918 0
      vertex 23.8918 3 0
      vertex 21.076 0.228703 0
    endloop
  endfacet
  facet normal 0 0 -1
    outer loop
      vertex 21.0049 0.44741 0
      vertex 23.8918 3 0
      vertex 21.0462 0.339918 0
    endloop
  endfacet
  facet normal 0 0 -1
    outer loop
      vertex 20.9526 0.549999 0
      vertex 23.8918 3 0
      vertex 21.0049 0.44741 0
    endloop
  endfacet
  facet normal 0 0 -1
    outer loop
      vertex 20.8899 0.646564 0
      vertex 23.8918 3 0
      vertex 20.9526 0.549999 0
    endloop
  endfacet
  facet normal 0 0 -1
    outer loop
      vertex 20.8175 0.736043 0
      vertex 23.8918 3 0
      vertex 20.8899 0.646564 0
    endloop
  endfacet
  facet normal 0 0 -1
    outer loop
      vertex 20.736 0.817459 0
      vertex 23.8918 3 0
      vertex 20.8175 0.736043 0
    endloop
  endfacet
  facet normal 0 0 -1
    outer loop
      vertex 20.6466 0.889918 0
      vertex 23.8918 3 0
      vertex 20.736 0.817459 0
    endloop
  endfacet
  facet normal 0 0 -1
    outer loop
      vertex 20.55 0.952627 0
      vertex 23.8918 3 0
      vertex 20.6466 0.889918 0
    endloop
  endfacet
  facet normal 0 0 -1
    outer loop
      vertex 20.4474 1.0049 0
      vertex 23.8918 3 0
      vertex 20.55 0.952627 0
    endloop
  endfacet
  facet normal 0 0 -1
    outer loop
      vertex 20.3399 1.04616 0
      vertex 23.8918 3 0
      vertex 20.4474 1.0049 0
    endloop
  endfacet
  facet normal 0 0 -1
    outer loop
      vertex 20.2287 1.07596 0
      vertex 23.8918 3 0
      vertex 20.3399 1.04616 0
    endloop
  endfacet
  facet normal 0 0 -1
    outer loop
      vertex 20.115 1.09397 0
      vertex 23.8918 3 0
      vertex 20.2287 1.07596 0
    endloop
  endfacet
  facet normal 0 0 -1
    outer loop
      vertex 20 1.1 0
      vertex 23.8918 3 0
      vertex 20.115 1.09397 0
    endloop
  endfacet
  facet normal 0 0 -1
    outer loop
      vertex 19.885 1.09397 0
      vertex 23.8918 3 0
      vertex 20 1.1 0
    endloop
  endfacet
  facet normal 0 0 -1
    outer loop
      vertex 19.7713 1.07596 0
      vertex 23.8918 3 0
      vertex 19.885 1.09397 0
    endloop
  endfacet
  facet normal 0 0 -1
    outer loop
      vertex 19.6601 1.04616 0
      vertex 23.8918 3 0
      vertex 19.7713 1.07596 0
    endloop
  endfacet
  facet normal 0 0 -1
    outer loop
      vertex 7.40582 3 0
      vertex 19.6601 1.04616 0
      vertex 19.5526 1.0049 0
    endloop
  endfacet
  facet normal 0 0 -1
    outer loop
      vertex 7.40582 3 0
      vertex 18.9 0 0
      vertex 7.40582 -3 0
    endloop
  endfacet
  facet normal 0 0 -1
    outer loop
      vertex 18.9 0 0
      vertex 7.40582 3 0
      vertex 18.906 0.114981 0
    endloop
  endfacet
  facet normal 0 0 -1
    outer loop
      vertex 18.906 0.114981 0
      vertex 7.40582 3 0
      vertex 18.924 0.228703 0
    endloop
  endfacet
  facet normal 0 0 -1
    outer loop
      vertex 18.924 0.228703 0
      vertex 7.40582 3 0
      vertex 18.9538 0.339918 0
    endloop
  endfacet
  facet normal 0 0 -1
    outer loop
      vertex 18.9538 0.339918 0
      vertex 7.40582 3 0
      vertex 18.9951 0.44741 0
    endloop
  endfacet
  facet normal 0 0 -1
    outer loop
      vertex 18.9951 0.44741 0
      vertex 7.40582 3 0
      vertex 19.0474 0.549999 0
    endloop
  endfacet
  facet normal 0 0 -1
    outer loop
      vertex 19.0474 0.549999 0
      vertex 7.40582 3 0
      vertex 19.1101 0.646564 0
    endloop
  endfacet
  facet normal 0 0 -1
    outer loop
      vertex 19.1101 0.646564 0
      vertex 7.40582 3 0
      vertex 19.1825 0.736043 0
    endloop
  endfacet
  facet normal 0 0 -1
    outer loop
      vertex 19.1825 0.736043 0
      vertex 7.40582 3 0
      vertex 19.264 0.817459 0
    endloop
  endfacet
  facet normal 0 0 -1
    outer loop
      vertex 19.264 0.817459 0
      vertex 7.40582 3 0
      vertex 19.3534 0.889918 0
    endloop
  endfacet
  facet normal 0 0 -1
    outer loop
      vertex 19.3534 0.889918 0
      vertex 7.40582 3 0
      vertex 19.45 0.952627 0
    endloop
  endfacet
  facet normal 0 0 -1
    outer loop
      vertex 19.45 0.952627 0
      vertex 7.40582 3 0
      vertex 19.5526 1.0049 0
    endloop
  endfacet
  facet normal 0 0 -1
    outer loop
      vertex 19.6601 1.04616 0
      vertex 7.40582 3 0
      vertex 23.8918 3 0
    endloop
  endfacet
  facet normal 0 0 -1
    outer loop
      vertex 2.96902 -1.32189 0
      vertex 7.40582 -3 0
      vertex 7.30836 -3.25389 0
    endloop
  endfacet
  facet normal 0 0 -1
    outer loop
      vertex 7.40582 -3 0
      vertex 3.25 0 0
      vertex 7.40582 3 0
    endloop
  endfacet
  facet normal 0 0 -1
    outer loop
      vertex 2.96902 -1.32189 0
      vertex 7.30836 -3.25389 0
      vertex 6.9282 -4 0
    endloop
  endfacet
  facet normal 0 0 -1
    outer loop
      vertex 3.2322 0.339717 0
      vertex 7.40582 3 0
      vertex 3.25 0 0
    endloop
  endfacet
  facet normal 0 0 -1
    outer loop
      vertex 2.81458 -1.625 0
      vertex 6.9282 -4 0
      vertex 6.47214 -4.70228 0
    endloop
  endfacet
  facet normal 0 0 -1
    outer loop
      vertex 3.17898 0.675713 0
      vertex 7.40582 3 0
      vertex 3.2322 0.339717 0
    endloop
  endfacet
  facet normal 0 0 -1
    outer loop
      vertex 2.6293 -1.9103 0
      vertex 6.47214 -4.70228 0
      vertex 5.94516 -5.35304 0
    endloop
  endfacet
  facet normal 0 0 -1
    outer loop
      vertex 3.09093 1.0043 0
      vertex 7.40582 3 0
      vertex 3.17898 0.675713 0
    endloop
  endfacet
  facet normal 0 0 -1
    outer loop
      vertex 2.41522 -2.17467 0
      vertex 5.94516 -5.35304 0
      vertex 5.35304 -5.94516 0
    endloop
  endfacet
  facet normal 0 0 -1
    outer loop
      vertex 2.96902 1.32189 0
      vertex 7.40582 3 0
      vertex 3.09093 1.0043 0
    endloop
  endfacet
  facet normal 0 0 -1
    outer loop
      vertex 2.17467 -2.41522 0
      vertex 5.35304 -5.94516 0
      vertex 4.70228 -6.47214 0
    endloop
  endfacet
  facet normal -0 0 -1
    outer loop
      vertex 7.40582 3 0
      vertex 2.96902 1.32189 0
      vertex 7.30836 3.25389 0
    endloop
  endfacet
  facet normal 0 0 -1
    outer loop
      vertex 1.9103 -2.6293 0
      vertex 4.70228 -6.47214 0
      vertex 4 -6.9282 0
    endloop
  endfacet
  facet normal -0 0 -1
    outer loop
      vertex 7.30836 3.25389 0
      vertex 2.96902 1.32189 0
      vertex 6.9282 4 0
    endloop
  endfacet
  facet normal 0 0 -1
    outer loop
      vertex 1.625 -2.81458 0
      vertex 4 -6.9282 0
      vertex 3.25389 -7.30836 0
    endloop
  endfacet
  facet normal 0 0 -1
    outer loop
      vertex 2.81458 1.625 0
      vertex 6.9282 4 0
      vertex 2.96902 1.32189 0
    endloop
  endfacet
  facet normal -0 0 -1
    outer loop
      vertex 6.9282 4 0
      vertex 2.81458 1.625 0
      vertex 6.47214 4.70228 0
    endloop
  endfacet
  facet normal 0 0 -1
    outer loop
      vertex 7.40582 -3 0
      vertex 3.2322 -0.339717 0
      vertex 3.25 0 0
    endloop
  endfacet
  facet normal 0 0 -1
    outer loop
      vertex 7.40582 -3 0
      vertex 3.17898 -0.675713 0
      vertex 3.2322 -0.339717 0
    endloop
  endfacet
  facet normal 0 0 -1
    outer loop
      vertex 7.40582 -3 0
      vertex 3.09093 -1.0043 0
      vertex 3.17898 -0.675713 0
    endloop
  endfacet
  facet normal 0 0 -1
    outer loop
      vertex 7.40582 -3 0
      vertex 2.96902 -1.32189 0
      vertex 3.09093 -1.0043 0
    endloop
  endfacet
  facet normal 0 0 -1
    outer loop
      vertex 6.9282 -4 0
      vertex 2.81458 -1.625 0
      vertex 2.96902 -1.32189 0
    endloop
  endfacet
  facet normal 0 0 -1
    outer loop
      vertex 6.47214 -4.70228 0
      vertex 2.6293 -1.9103 0
      vertex 2.81458 -1.625 0
    endloop
  endfacet
  facet normal 0 0 -1
    outer loop
      vertex 1.32189 -2.96902 0
      vertex 3.25389 -7.30836 0
      vertex 2.47214 -7.60845 0
    endloop
  endfacet
  facet normal 0 0 -1
    outer loop
      vertex 5.94516 -5.35304 0
      vertex 2.41522 -2.17467 0
      vertex 2.6293 -1.9103 0
    endloop
  endfacet
  facet normal 0 0 -1
    outer loop
      vertex 5.35304 -5.94516 0
      vertex 2.17467 -2.41522 0
      vertex 2.41522 -2.17467 0
    endloop
  endfacet
  facet normal 0 0 -1
    outer loop
      vertex 4.70228 -6.47214 0
      vertex 1.9103 -2.6293 0
      vertex 2.17467 -2.41522 0
    endloop
  endfacet
  facet normal 0 0 -1
    outer loop
      vertex 1.0043 -3.09093 0
      vertex 2.47214 -7.60845 0
      vertex 1.66329 -7.82518 0
    endloop
  endfacet
  facet normal 0 0 -1
    outer loop
      vertex 4 -6.9282 0
      vertex 1.625 -2.81458 0
      vertex 1.9103 -2.6293 0
    endloop
  endfacet
  facet normal 0 0 -1
    outer loop
      vertex 3.25389 -7.30836 0
      vertex 1.32189 -2.96902 0
      vertex 1.625 -2.81458 0
    endloop
  endfacet
  facet normal 0 0 -1
    outer loop
      vertex 2.47214 -7.60845 0
      vertex 1.0043 -3.09093 0
      vertex 1.32189 -2.96902 0
    endloop
  endfacet
  facet normal 0 0 -1
    outer loop
      vertex 0.675713 -3.17898 0
      vertex 1.66329 -7.82518 0
      vertex 0.836227 -7.95617 0
    endloop
  endfacet
  facet normal 0 0 -1
    outer loop
      vertex 1.66329 -7.82518 0
      vertex 0.675713 -3.17898 0
      vertex 1.0043 -3.09093 0
    endloop
  endfacet
  facet normal 0 0 -1
    outer loop
      vertex 0.836227 -7.95617 0
      vertex 0.339717 -3.2322 0
      vertex 0.675713 -3.17898 0
    endloop
  endfacet
  facet normal 0 0 -1
    outer loop
      vertex 0 -8 0
      vertex 0.339717 -3.2322 0
      vertex 0.836227 -7.95617 0
    endloop
  endfacet
  facet normal 0 0 -1
    outer loop
      vertex 0 -8 0
      vertex 0 -3.25 0
      vertex 0.339717 -3.2322 0
    endloop
  endfacet
  facet normal 0 0 -1
    outer loop
      vertex 0 -8 0
      vertex -0.339717 -3.2322 0
      vertex 0 -3.25 0
    endloop
  endfacet
  facet normal 0 0 -1
    outer loop
      vertex -0.836227 -7.95617 0
      vertex -0.339717 -3.2322 0
      vertex 0 -8 0
    endloop
  endfacet
  facet normal 0 0 -1
    outer loop
      vertex -1.10484 -7.91363 0
      vertex -0.339717 -3.2322 0
      vertex -0.836227 -7.95617 0
    endloop
  endfacet
  facet normal -0 0 -1
    outer loop
      vertex -0.339717 -3.2322 0
      vertex -1.10484 -7.91363 0
      vertex -0.675713 -3.17898 0
    endloop
  endfacet
  facet normal -0 0 -1
    outer loop
      vertex -0.675713 -3.17898 0
      vertex -1.10484 -7.91363 0
      vertex -1.0043 -3.09093 0
    endloop
  endfacet
  facet normal 0 0 -1
    outer loop
      vertex -1.10484 -7.91363 0
      vertex -1.32189 -2.96902 0
      vertex -1.0043 -3.09093 0
    endloop
  endfacet
  facet normal 0 0 -1
    outer loop
      vertex -1.10484 -7.91363 0
      vertex -1.625 -2.81458 0
      vertex -1.32189 -2.96902 0
    endloop
  endfacet
  facet normal 0 0 -1
    outer loop
      vertex -6.30099 -4.91363 0
      vertex -1.625 -2.81458 0
      vertex -1.10484 -7.91363 0
    endloop
  endfacet
  facet normal -0 0 -1
    outer loop
      vertex -1.625 -2.81458 0
      vertex -6.30099 -4.91363 0
      vertex -1.9103 -2.6293 0
    endloop
  endfacet
  facet normal -0 0 -1
    outer loop
      vertex -1.9103 -2.6293 0
      vertex -6.30099 -4.91363 0
      vertex -2.17467 -2.41522 0
    endloop
  endfacet
  facet normal -0 0 -1
    outer loop
      vertex -2.17467 -2.41522 0
      vertex -6.30099 -4.91363 0
      vertex -2.41522 -2.17467 0
    endloop
  endfacet
  facet normal -0 0 -1
    outer loop
      vertex -2.41522 -2.17467 0
      vertex -6.30099 -4.91363 0
      vertex -2.6293 -1.9103 0
    endloop
  endfacet
  facet normal 0 0 -1
    outer loop
      vertex -6.47214 -4.70228 0
      vertex -2.6293 -1.9103 0
      vertex -6.30099 -4.91363 0
    endloop
  endfacet
  facet normal -0 0 -1
    outer loop
      vertex -2.6293 -1.9103 0
      vertex -6.47214 -4.70228 0
      vertex -2.81458 -1.625 0
    endloop
  endfacet
  facet normal -0 0 -1
    outer loop
      vertex -2.96902 -1.32189 0
      vertex -7.30836 -3.25389 0
      vertex -3.09093 -1.0043 0
    endloop
  endfacet
  facet normal 0 0 -1
    outer loop
      vertex -7.30836 -3.25389 0
      vertex -2.96902 -1.32189 0
      vertex -6.9282 -4 0
    endloop
  endfacet
  facet normal -0 0 -1
    outer loop
      vertex -2.81458 -1.625 0
      vertex -6.9282 -4 0
      vertex -2.96902 -1.32189 0
    endloop
  endfacet
  facet normal 0 0 -1
    outer loop
      vertex -6.9282 -4 0
      vertex -2.81458 -1.625 0
      vertex -6.47214 -4.70228 0
    endloop
  endfacet
  facet normal 0 0 -1
    outer loop
      vertex -8.90603 -17.2055 0
      vertex -1.10484 -7.91363 0
      vertex -8.9 -17.3205 0
    endloop
  endfacet
  facet normal 0 0 -1
    outer loop
      vertex -1.10484 -7.91363 0
      vertex -8.90603 -17.4355 0
      vertex -8.9 -17.3205 0
    endloop
  endfacet
  facet normal 0 0 -1
    outer loop
      vertex -1.10484 -7.91363 0
      vertex -8.92404 -17.5492 0
      vertex -8.90603 -17.4355 0
    endloop
  endfacet
  facet normal 0 0 -1
    outer loop
      vertex -9.34783 -22.1909 0
      vertex -8.92404 -17.5492 0
      vertex -1.10484 -7.91363 0
    endloop
  endfacet
  facet normal 0 0 -1
    outer loop
      vertex -8.92404 -17.5492 0
      vertex -9.34783 -22.1909 0
      vertex -8.95384 -17.6604 0
    endloop
  endfacet
  facet normal 0 0 -1
    outer loop
      vertex -8.95384 -17.6604 0
      vertex -9.34783 -22.1909 0
      vertex -8.9951 -17.7679 0
    endloop
  endfacet
  facet normal 0 0 -1
    outer loop
      vertex -8.9951 -17.7679 0
      vertex -9.34783 -22.1909 0
      vertex -9.04737 -17.8705 0
    endloop
  endfacet
  facet normal 0 0 -1
    outer loop
      vertex -9.04737 -17.8705 0
      vertex -9.34783 -22.1909 0
      vertex -9.11008 -17.9671 0
    endloop
  endfacet
  facet normal 0 0 -1
    outer loop
      vertex -9.34783 -22.1909 0
      vertex -9.18254 -18.0566 0
      vertex -9.11008 -17.9671 0
    endloop
  endfacet
  facet normal 0 0 -1
    outer loop
      vertex -9.34783 -22.1909 0
      vertex -9.26396 -18.138 0
      vertex -9.18254 -18.0566 0
    endloop
  endfacet
  facet normal 0 0 -1
    outer loop
      vertex -9.26396 -18.138 0
      vertex -9.34783 -22.1909 0
      vertex -9.35344 -18.2104 0
    endloop
  endfacet
  facet normal -0.987688 -0.156434 0
    outer loop
      vertex -49.3965 -10.4995 0
      vertex -50.2234 -5.27869 7.1
      vertex -50.2234 -5.27869 0
    endloop
  endfacet
  facet normal -0.987688 -0.156434 0
    outer loop
      vertex -50.2234 -5.27869 7.1
      vertex -49.3965 -10.4995 0
      vertex -49.3965 -10.4995 7.1
    endloop
  endfacet
  facet normal 0.777146 0.62932 0
    outer loop
      vertex 40.8554 29.6832 9
      vertex 37.5288 33.7911 0
      vertex 37.5288 33.7911 9
    endloop
  endfacet
  facet normal 0.777146 0.62932 0
    outer loop
      vertex 37.5288 33.7911 0
      vertex 40.8554 29.6832 9
      vertex 40.8554 29.6832 0
    endloop
  endfacet
  facet normal -0.707107 0.707107 0
    outer loop
      vertex -37.5288 33.7911 0
      vertex -33.7911 37.5288 9
      vertex -33.7911 37.5288 0
    endloop
  endfacet
  facet normal -0.707107 0.707107 0
    outer loop
      vertex -33.7911 37.5288 9
      vertex -37.5288 33.7911 0
      vertex -37.5288 33.7911 9
    endloop
  endfacet
  facet normal -0.258819 0.965926 0
    outer loop
      vertex -10.4995 49.3965 0
      vertex -15.6054 48.0284 9
      vertex -10.4995 49.3965 9
    endloop
  endfacet
  facet normal -0.258819 0.965926 0
    outer loop
      vertex -15.6054 48.0284 9
      vertex -10.4995 49.3965 0
      vertex -15.6054 48.0284 0
    endloop
  endfacet
  facet normal 0.156434 -0.987688 0
    outer loop
      vertex 5.27869 -50.2234 0
      vertex 10.4995 -49.3965 9
      vertex 5.27869 -50.2234 9
    endloop
  endfacet
  facet normal 0.156434 -0.987688 0
    outer loop
      vertex 10.4995 -49.3965 9
      vertex 5.27869 -50.2234 0
      vertex 10.4995 -49.3965 0
    endloop
  endfacet
  facet normal 0.358368 -0.93358 0
    outer loop
      vertex 15.6054 -48.0284 0
      vertex 20.5402 -46.134 7.1
      vertex 15.6054 -48.0284 7.1
    endloop
  endfacet
  facet normal 0.358368 -0.93358 0
    outer loop
      vertex 20.5402 -46.134 7.1
      vertex 15.6054 -48.0284 0
      vertex 20.5402 -46.134 0
    endloop
  endfacet
  facet normal 0.544639 -0.838671 0
    outer loop
      vertex 25.25 -43.7343 0
      vertex 29.6832 -40.8554 7.1
      vertex 25.25 -43.7343 7.1
    endloop
  endfacet
  facet normal 0.544639 -0.838671 0
    outer loop
      vertex 29.6832 -40.8554 7.1
      vertex 25.25 -43.7343 0
      vertex 29.6832 -40.8554 0
    endloop
  endfacet
  facet normal 0.93358 -0.358368 0
    outer loop
      vertex 46.134 -20.5402 9
      vertex 47.3011 -17.5 0
      vertex 47.3011 -17.5 9
    endloop
  endfacet
  facet normal 0.93358 -0.358368 0
    outer loop
      vertex 47.3011 -17.5 0
      vertex 46.134 -20.5402 9
      vertex 46.134 -20.5402 0
    endloop
  endfacet
  facet normal -0.45399 -0.891007 0
    outer loop
      vertex -25.25 -43.7343 0
      vertex -20.5402 -46.134 9
      vertex -25.25 -43.7343 9
    endloop
  endfacet
  facet normal -0.45399 -0.891007 -0
    outer loop
      vertex -20.5402 -46.134 9
      vertex -25.25 -43.7343 0
      vertex -20.5402 -46.134 0
    endloop
  endfacet
  facet normal -0.258819 -0.965926 0
    outer loop
      vertex -15.6054 -48.0284 0
      vertex -10.4995 -49.3965 9
      vertex -15.6054 -48.0284 9
    endloop
  endfacet
  facet normal -0.258819 -0.965926 -0
    outer loop
      vertex -10.4995 -49.3965 9
      vertex -15.6054 -48.0284 0
      vertex -10.4995 -49.3965 0
    endloop
  endfacet
  facet normal -0.838671 -0.544639 0
    outer loop
      vertex -40.8554 -29.6832 0
      vertex -43.7343 -25.25 9
      vertex -43.7343 -25.25 0
    endloop
  endfacet
  facet normal -0.838671 -0.544639 0
    outer loop
      vertex -43.7343 -25.25 9
      vertex -40.8554 -29.6832 0
      vertex -40.8554 -29.6832 9
    endloop
  endfacet
  facet normal -0.93358 -0.358368 0
    outer loop
      vertex -46.134 -20.5402 0
      vertex -48.0284 -15.6054 9
      vertex -48.0284 -15.6054 0
    endloop
  endfacet
  facet normal -0.93358 -0.358368 0
    outer loop
      vertex -48.0284 -15.6054 9
      vertex -46.134 -20.5402 0
      vertex -46.134 -20.5402 9
    endloop
  endfacet
  facet normal 1 -0 0
    outer loop
      vertex 55 -17.5 9
      vertex 55 17.5 0
      vertex 55 17.5 9
    endloop
  endfacet
  facet normal 1 0 0
    outer loop
      vertex 55 17.5 0
      vertex 55 -17.5 9
      vertex 55 -17.5 0
    endloop
  endfacet
  facet normal 0 1 -0
    outer loop
      vertex 55 17.5 0
      vertex 47.3011 17.5 9
      vertex 55 17.5 9
    endloop
  endfacet
  facet normal 0 1 0
    outer loop
      vertex 47.3011 17.5 9
      vertex 55 17.5 0
      vertex 47.3011 17.5 0
    endloop
  endfacet
  facet normal 0 -1 0
    outer loop
      vertex 47.3011 -17.5 0
      vertex 55 -17.5 9
      vertex 47.3011 -17.5 9
    endloop
  endfacet
  facet normal 0 -1 -0
    outer loop
      vertex 55 -17.5 9
      vertex 47.3011 -17.5 0
      vertex 55 -17.5 0
    endloop
  endfacet
  facet normal -0.998629 -0.0523405 0
    outer loop
      vertex 49.4 0 2
      vertex 49.3814 0.355396 9
      vertex 49.3814 0.355396 2
    endloop
  endfacet
  facet normal -0.998629 -0.0523405 0
    outer loop
      vertex 49.3814 0.355396 9
      vertex 49.4 0 2
      vertex 49.4 0 9
    endloop
  endfacet
  facet normal -0.707108 -0.707105 0
    outer loop
      vertex 48.5267 2.27504 2
      vertex 48.275 2.52669 9
      vertex 48.275 2.52669 2
    endloop
  endfacet
  facet normal -0.707108 -0.707105 0
    outer loop
      vertex 48.275 2.52669 9
      vertex 48.5267 2.27504 2
      vertex 48.5267 2.27504 9
    endloop
  endfacet
  facet normal -0.933581 -0.358366 0
    outer loop
      vertex 49.2336 1.05066 2
      vertex 49.1061 1.3829 9
      vertex 49.1061 1.3829 2
    endloop
  endfacet
  facet normal -0.933581 -0.358366 0
    outer loop
      vertex 49.1061 1.3829 9
      vertex 49.2336 1.05066 2
      vertex 49.2336 1.05066 9
    endloop
  endfacet
  facet normal -0.987689 -0.156432 0
    outer loop
      vertex 49.3814 0.355396 2
      vertex 49.3257 0.7069 9
      vertex 49.3257 0.7069 2
    endloop
  endfacet
  facet normal -0.987689 -0.156432 0
    outer loop
      vertex 49.3257 0.7069 9
      vertex 49.3814 0.355396 2
      vertex 49.3814 0.355396 9
    endloop
  endfacet
  facet normal -0.35837 -0.93358 0
    outer loop
      vertex 47.0507 3.23359 2
      vertex 47.3829 3.10605 9
      vertex 47.0507 3.23359 9
    endloop
  endfacet
  facet normal -0.35837 -0.93358 -0
    outer loop
      vertex 47.3829 3.10605 9
      vertex 47.0507 3.23359 2
      vertex 47.3829 3.10605 2
    endloop
  endfacet
  facet normal -0.544639 -0.83867 0
    outer loop
      vertex 47.7 2.94449 2
      vertex 47.9985 2.75066 9
      vertex 47.7 2.94449 9
    endloop
  endfacet
  facet normal -0.544639 -0.83867 -0
    outer loop
      vertex 47.9985 2.75066 9
      vertex 47.7 2.94449 2
      vertex 47.9985 2.75066 2
    endloop
  endfacet
  facet normal 0 0 1
    outer loop
      vertex 49.4 0 2
      vertex 49.3814 0.355396 2
      vertex 49.4 -6.04956e-015 2
    endloop
  endfacet
  facet normal 0 0 1
    outer loop
      vertex 49.4 -6.04956e-015 2
      vertex 49.3814 -0.355396 2
      vertex 49.4 -1.20991e-014 2
    endloop
  endfacet
  facet normal 0 0 1
    outer loop
      vertex 49.3814 0.355396 2
      vertex 49.3814 -0.355396 2
      vertex 49.4 -6.04956e-015 2
    endloop
  endfacet
  facet normal 0 0 1
    outer loop
      vertex 49.3257 0.7069 2
      vertex 49.3814 -0.355396 2
      vertex 49.3814 0.355396 2
    endloop
  endfacet
  facet normal 0 0 1
    outer loop
      vertex 49.3257 0.7069 2
      vertex 49.3257 -0.7069 2
      vertex 49.3814 -0.355396 2
    endloop
  endfacet
  facet normal 0 0 1
    outer loop
      vertex 49.2336 1.05066 2
      vertex 49.3257 -0.7069 2
      vertex 49.3257 0.7069 2
    endloop
  endfacet
  facet normal 0 0 1
    outer loop
      vertex 49.2336 1.05066 2
      vertex 49.2336 -1.05066 2
      vertex 49.3257 -0.7069 2
    endloop
  endfacet
  facet normal 0 0 1
    outer loop
      vertex 49.1061 1.3829 2
      vertex 49.2336 -1.05066 2
      vertex 49.2336 1.05066 2
    endloop
  endfacet
  facet normal 0 0 1
    outer loop
      vertex 49.1061 1.3829 2
      vertex 49.1061 -1.3829 2
      vertex 49.2336 -1.05066 2
    endloop
  endfacet
  facet normal 0 0 1
    outer loop
      vertex 48.9445 1.7 2
      vertex 49.1061 -1.3829 2
      vertex 49.1061 1.3829 2
    endloop
  endfacet
  facet normal 0 0 1
    outer loop
      vertex 48.9445 1.7 2
      vertex 48.9445 -1.7 2
      vertex 49.1061 -1.3829 2
    endloop
  endfacet
  facet normal 0 0 1
    outer loop
      vertex 48.7507 1.99847 2
      vertex 48.9445 -1.7 2
      vertex 48.9445 1.7 2
    endloop
  endfacet
  facet normal 0 0 1
    outer loop
      vertex 48.7507 1.99847 2
      vertex 48.7507 -1.99847 2
      vertex 48.9445 -1.7 2
    endloop
  endfacet
  facet normal 0 0 1
    outer loop
      vertex 48.5267 2.27504 2
      vertex 48.7507 -1.99847 2
      vertex 48.7507 1.99847 2
    endloop
  endfacet
  facet normal 0 0 1
    outer loop
      vertex 48.5267 2.27504 2
      vertex 48.5267 -2.27504 2
      vertex 48.7507 -1.99847 2
    endloop
  endfacet
  facet normal 0 0 1
    outer loop
      vertex 48.275 2.52669 2
      vertex 48.5267 -2.27504 2
      vertex 48.5267 2.27504 2
    endloop
  endfacet
  facet normal 0 0 1
    outer loop
      vertex 48.275 2.52669 2
      vertex 48.275 -2.52669 2
      vertex 48.5267 -2.27504 2
    endloop
  endfacet
  facet normal 0 0 1
    outer loop
      vertex 47.9985 2.75066 2
      vertex 48.275 -2.52669 2
      vertex 48.275 2.52669 2
    endloop
  endfacet
  facet normal 0 0 1
    outer loop
      vertex 47.9985 2.75066 2
      vertex 47.9985 -2.75066 2
      vertex 48.275 -2.52669 2
    endloop
  endfacet
  facet normal 0 0 1
    outer loop
      vertex 47.7 2.94449 2
      vertex 47.9985 -2.75066 2
      vertex 47.9985 2.75066 2
    endloop
  endfacet
  facet normal 0 0 1
    outer loop
      vertex 47.7 2.94449 2
      vertex 47.7 -2.94449 2
      vertex 47.9985 -2.75066 2
    endloop
  endfacet
  facet normal 0 0 1
    outer loop
      vertex 47.3829 3.10605 2
      vertex 47.7 -2.94449 2
      vertex 47.7 2.94449 2
    endloop
  endfacet
  facet normal 0 0 1
    outer loop
      vertex 47.3829 3.10605 2
      vertex 47.3829 -3.10605 2
      vertex 47.7 -2.94449 2
    endloop
  endfacet
  facet normal 0 0 1
    outer loop
      vertex 47.0507 3.23359 2
      vertex 47.3829 -3.10605 2
      vertex 47.3829 3.10605 2
    endloop
  endfacet
  facet normal 0 0 1
    outer loop
      vertex 47.0507 3.23359 2
      vertex 47.0507 -3.23359 2
      vertex 47.3829 -3.10605 2
    endloop
  endfacet
  facet normal 0 0 1
    outer loop
      vertex 46.7069 3.3257 2
      vertex 47.0507 -3.23359 2
      vertex 47.0507 3.23359 2
    endloop
  endfacet
  facet normal 0 0 1
    outer loop
      vertex 46.7069 3.3257 2
      vertex 46.7069 -3.3257 2
      vertex 47.0507 -3.23359 2
    endloop
  endfacet
  facet normal 0 0 1
    outer loop
      vertex 46.3554 3.38137 2
      vertex 46.7069 -3.3257 2
      vertex 46.7069 3.3257 2
    endloop
  endfacet
  facet normal 0 0 1
    outer loop
      vertex 46.3554 3.38137 2
      vertex 46.3554 -3.38137 2
      vertex 46.7069 -3.3257 2
    endloop
  endfacet
  facet normal 0 0 1
    outer loop
      vertex 46 3.4 2
      vertex 46.3554 -3.38137 2
      vertex 46.3554 3.38137 2
    endloop
  endfacet
  facet normal 0 0 1
    outer loop
      vertex 46 3.4 2
      vertex 46 -3.4 2
      vertex 46.3554 -3.38137 2
    endloop
  endfacet
  facet normal 0 0 1
    outer loop
      vertex 42.6 -1.04336e-014 2
      vertex 46 3.4 2
      vertex 42.6 3.4 2
    endloop
  endfacet
  facet normal 0 0 1
    outer loop
      vertex 46 3.4 2
      vertex 42.6 -1.04336e-014 2
      vertex 46 -3.4 2
    endloop
  endfacet
  facet normal 0 0 1
    outer loop
      vertex 46 -3.4 2
      vertex 42.6 -1.04336e-014 2
      vertex 42.6 -3.4 2
    endloop
  endfacet
  facet normal -0.965926 -0.258819 0
    outer loop
      vertex 49.3257 0.7069 2
      vertex 49.2336 1.05066 9
      vertex 49.2336 1.05066 2
    endloop
  endfacet
  facet normal -0.965926 -0.258819 0
    outer loop
      vertex 49.2336 1.05066 9
      vertex 49.3257 0.7069 2
      vertex 49.3257 0.7069 9
    endloop
  endfacet
  facet normal -0.83867 -0.544639 0
    outer loop
      vertex 48.9445 1.7 2
      vertex 48.7507 1.99847 9
      vertex 48.7507 1.99847 2
    endloop
  endfacet
  facet normal -0.83867 -0.544639 0
    outer loop
      vertex 48.7507 1.99847 9
      vertex 48.9445 1.7 2
      vertex 48.9445 1.7 9
    endloop
  endfacet
  facet normal -0.777147 -0.629319 0
    outer loop
      vertex 48.7507 1.99847 2
      vertex 48.5267 2.27504 9
      vertex 48.5267 2.27504 2
    endloop
  endfacet
  facet normal -0.777147 -0.629319 0
    outer loop
      vertex 48.5267 2.27504 9
      vertex 48.7507 1.99847 2
      vertex 48.7507 1.99847 9
    endloop
  endfacet
  facet normal -0.891003 -0.453998 0
    outer loop
      vertex 49.1061 1.3829 2
      vertex 48.9445 1.7 9
      vertex 48.9445 1.7 2
    endloop
  endfacet
  facet normal -0.891003 -0.453998 0
    outer loop
      vertex 48.9445 1.7 9
      vertex 49.1061 1.3829 2
      vertex 49.1061 1.3829 9
    endloop
  endfacet
  facet normal -0.156434 -0.987688 0
    outer loop
      vertex 46.3554 3.38137 2
      vertex 46.7069 3.3257 9
      vertex 46.3554 3.38137 9
    endloop
  endfacet
  facet normal -0.156434 -0.987688 -0
    outer loop
      vertex 46.7069 3.3257 9
      vertex 46.3554 3.38137 2
      vertex 46.7069 3.3257 2
    endloop
  endfacet
  facet normal -0.0523352 -0.99863 0
    outer loop
      vertex 46 3.4 2
      vertex 46.3554 3.38137 9
      vertex 46 3.4 9
    endloop
  endfacet
  facet normal -0.0523352 -0.99863 -0
    outer loop
      vertex 46.3554 3.38137 9
      vertex 46 3.4 2
      vertex 46.3554 3.38137 2
    endloop
  endfacet
  facet normal -0.629321 -0.777146 0
    outer loop
      vertex 47.9985 2.75066 2
      vertex 48.275 2.52669 9
      vertex 47.9985 2.75066 9
    endloop
  endfacet
  facet normal -0.629321 -0.777146 -0
    outer loop
      vertex 48.275 2.52669 9
      vertex 47.9985 2.75066 2
      vertex 48.275 2.52669 2
    endloop
  endfacet
  facet normal -0.258819 -0.965926 0
    outer loop
      vertex 46.7069 3.3257 2
      vertex 47.0507 3.23359 9
      vertex 46.7069 3.3257 9
    endloop
  endfacet
  facet normal -0.258819 -0.965926 -0
    outer loop
      vertex 47.0507 3.23359 9
      vertex 46.7069 3.3257 2
      vertex 47.0507 3.23359 2
    endloop
  endfacet
  facet normal -0.45399 -0.891007 0
    outer loop
      vertex 47.3829 3.10605 2
      vertex 47.7 2.94449 9
      vertex 47.3829 3.10605 9
    endloop
  endfacet
  facet normal -0.45399 -0.891007 -0
    outer loop
      vertex 47.7 2.94449 9
      vertex 47.3829 3.10605 2
      vertex 47.7 2.94449 2
    endloop
  endfacet
  facet normal -1.58585e-009 1 0
    outer loop
      vertex 49.4 0 2
      vertex 49.4 -6.04956e-015 9
      vertex 49.4 0 9
    endloop
  endfacet
  facet normal -1.58585e-009 1 0
    outer loop
      vertex 49.4 -6.04956e-015 9
      vertex 49.4 0 2
      vertex 49.4 -6.04956e-015 2
    endloop
  endfacet
  facet normal 1 -0 0
    outer loop
      vertex 42.6 -1.04336e-014 9
      vertex 42.6 3.4 2
      vertex 42.6 3.4 9
    endloop
  endfacet
  facet normal 1 0 0
    outer loop
      vertex 42.6 3.4 2
      vertex 42.6 -1.04336e-014 9
      vertex 42.6 -1.04336e-014 2
    endloop
  endfacet
  facet normal 0 -1 0
    outer loop
      vertex 42.6 3.4 2
      vertex 46 3.4 9
      vertex 42.6 3.4 9
    endloop
  endfacet
  facet normal 0 -1 -0
    outer loop
      vertex 46 3.4 9
      vertex 42.6 3.4 2
      vertex 46 3.4 2
    endloop
  endfacet
  facet normal -0.838672 -0.544637 0
    outer loop
      vertex 42.7817 24.7 2
      vertex 42.5878 24.9985 9
      vertex 42.5878 24.9985 2
    endloop
  endfacet
  facet normal -0.838672 -0.544637 0
    outer loop
      vertex 42.5878 24.9985 9
      vertex 42.7817 24.7 2
      vertex 42.7817 24.7 9
    endloop
  endfacet
  facet normal -0.544639 0.83867 0
    outer loop
      vertex 41.8356 20.2493 2
      vertex 41.5372 20.0555 9
      vertex 41.8356 20.2493 9
    endloop
  endfacet
  facet normal -0.544639 0.83867 0
    outer loop
      vertex 41.5372 20.0555 9
      vertex 41.8356 20.2493 2
      vertex 41.5372 20.0555 2
    endloop
  endfacet
  facet normal -0.258819 -0.965926 0
    outer loop
      vertex 40.5441 26.3257 2
      vertex 40.8878 26.2336 9
      vertex 40.5441 26.3257 9
    endloop
  endfacet
  facet normal -0.258819 -0.965926 -0
    outer loop
      vertex 40.8878 26.2336 9
      vertex 40.5441 26.3257 2
      vertex 40.8878 26.2336 2
    endloop
  endfacet
  facet normal -0.629324 -0.777143 0
    outer loop
      vertex 41.8356 25.7507 2
      vertex 42.1122 25.5267 9
      vertex 41.8356 25.7507 9
    endloop
  endfacet
  facet normal -0.629324 -0.777143 -0
    outer loop
      vertex 42.1122 25.5267 9
      vertex 41.8356 25.7507 2
      vertex 42.1122 25.5267 2
    endloop
  endfacet
  facet normal -0.777146 -0.629321 0
    outer loop
      vertex 42.5878 24.9985 2
      vertex 42.3639 25.275 9
      vertex 42.3639 25.275 2
    endloop
  endfacet
  facet normal -0.777146 -0.629321 0
    outer loop
      vertex 42.3639 25.275 9
      vertex 42.5878 24.9985 2
      vertex 42.5878 24.9985 9
    endloop
  endfacet
  facet normal 0.156438 -0.987688 0
    outer loop
      vertex 39.1303 26.3257 2
      vertex 39.4818 26.3814 9
      vertex 39.1303 26.3257 9
    endloop
  endfacet
  facet normal 0.156438 -0.987688 0
    outer loop
      vertex 39.4818 26.3814 9
      vertex 39.1303 26.3257 2
      vertex 39.4818 26.3814 2
    endloop
  endfacet
  facet normal -0.0523352 -0.99863 0
    outer loop
      vertex 39.8372 26.4 2
      vertex 40.1926 26.3814 9
      vertex 39.8372 26.4 9
    endloop
  endfacet
  facet normal -0.0523352 -0.99863 -0
    outer loop
      vertex 40.1926 26.3814 9
      vertex 39.8372 26.4 2
      vertex 40.1926 26.3814 2
    endloop
  endfacet
  facet normal 0 0 1
    outer loop
      vertex 43.2185 23.3554 2
      vertex 43.2185 22.6446 2
      vertex 43.2372 23 2
    endloop
  endfacet
  facet normal 0 0 1
    outer loop
      vertex 43.1629 23.7069 2
      vertex 43.2185 22.6446 2
      vertex 43.2185 23.3554 2
    endloop
  endfacet
  facet normal 0 0 1
    outer loop
      vertex 43.1629 23.7069 2
      vertex 43.1629 22.2931 2
      vertex 43.2185 22.6446 2
    endloop
  endfacet
  facet normal 0 0 1
    outer loop
      vertex 43.0708 24.0507 2
      vertex 43.1629 22.2931 2
      vertex 43.1629 23.7069 2
    endloop
  endfacet
  facet normal 0 0 1
    outer loop
      vertex 43.0708 24.0507 2
      vertex 43.0708 21.9493 2
      vertex 43.1629 22.2931 2
    endloop
  endfacet
  facet normal 0 0 1
    outer loop
      vertex 42.9432 24.3829 2
      vertex 43.0708 21.9493 2
      vertex 43.0708 24.0507 2
    endloop
  endfacet
  facet normal 0 0 1
    outer loop
      vertex 42.9432 24.3829 2
      vertex 42.9432 21.6171 2
      vertex 43.0708 21.9493 2
    endloop
  endfacet
  facet normal 0 0 1
    outer loop
      vertex 42.7817 24.7 2
      vertex 42.9432 21.6171 2
      vertex 42.9432 24.3829 2
    endloop
  endfacet
  facet normal 0 0 1
    outer loop
      vertex 42.7817 24.7 2
      vertex 42.7817 21.3 2
      vertex 42.9432 21.6171 2
    endloop
  endfacet
  facet normal 0 0 1
    outer loop
      vertex 42.5878 24.9985 2
      vertex 42.7817 21.3 2
      vertex 42.7817 24.7 2
    endloop
  endfacet
  facet normal 0 0 1
    outer loop
      vertex 42.5878 24.9985 2
      vertex 42.5878 21.0015 2
      vertex 42.7817 21.3 2
    endloop
  endfacet
  facet normal 0 0 1
    outer loop
      vertex 42.3639 25.275 2
      vertex 42.5878 21.0015 2
      vertex 42.5878 24.9985 2
    endloop
  endfacet
  facet normal 0 0 1
    outer loop
      vertex 42.3639 25.275 2
      vertex 42.3639 20.725 2
      vertex 42.5878 21.0015 2
    endloop
  endfacet
  facet normal 0 0 1
    outer loop
      vertex 42.1122 25.5267 2
      vertex 42.3639 20.725 2
      vertex 42.3639 25.275 2
    endloop
  endfacet
  facet normal 0 0 1
    outer loop
      vertex 42.1122 25.5267 2
      vertex 42.1122 20.4733 2
      vertex 42.3639 20.725 2
    endloop
  endfacet
  facet normal 0 0 1
    outer loop
      vertex 41.8356 25.7507 2
      vertex 42.1122 20.4733 2
      vertex 42.1122 25.5267 2
    endloop
  endfacet
  facet normal 0 0 1
    outer loop
      vertex 41.8356 25.7507 2
      vertex 41.8356 20.2493 2
      vertex 42.1122 20.4733 2
    endloop
  endfacet
  facet normal 0 0 1
    outer loop
      vertex 41.5372 25.9445 2
      vertex 41.8356 20.2493 2
      vertex 41.8356 25.7507 2
    endloop
  endfacet
  facet normal 0 0 1
    outer loop
      vertex 41.5372 25.9445 2
      vertex 41.5372 20.0555 2
      vertex 41.8356 20.2493 2
    endloop
  endfacet
  facet normal 0 0 1
    outer loop
      vertex 41.2201 26.1061 2
      vertex 41.5372 20.0555 2
      vertex 41.5372 25.9445 2
    endloop
  endfacet
  facet normal 0 0 1
    outer loop
      vertex 40.8878 26.2336 2
      vertex 41.5372 20.0555 2
      vertex 41.2201 26.1061 2
    endloop
  endfacet
  facet normal 0 0 1
    outer loop
      vertex 40.5441 26.3257 2
      vertex 41.5372 20.0555 2
      vertex 40.8878 26.2336 2
    endloop
  endfacet
  facet normal 0 0 1
    outer loop
      vertex 40.1926 26.3814 2
      vertex 41.5372 20.0555 2
      vertex 40.5441 26.3257 2
    endloop
  endfacet
  facet normal 0 0 1
    outer loop
      vertex 39.8372 26.4 2
      vertex 41.5372 20.0555 2
      vertex 40.1926 26.3814 2
    endloop
  endfacet
  facet normal -0 0 1
    outer loop
      vertex 39.4818 26.3814 2
      vertex 41.5372 20.0555 2
      vertex 39.8372 26.4 2
    endloop
  endfacet
  facet normal -0 0 1
    outer loop
      vertex 39.1303 26.3257 2
      vertex 41.5372 20.0555 2
      vertex 39.4818 26.3814 2
    endloop
  endfacet
  facet normal -0 0 1
    outer loop
      vertex 38.7865 26.2336 2
      vertex 41.5372 20.0555 2
      vertex 39.1303 26.3257 2
    endloop
  endfacet
  facet normal -0 0 1
    outer loop
      vertex 38.1372 25.9445 2
      vertex 41.5372 20.0555 2
      vertex 38.7865 26.2336 2
    endloop
  endfacet
  facet normal 0 0 1
    outer loop
      vertex 38.1372 25.9445 2
      vertex 38.7865 26.2336 2
      vertex 38.4543 26.1061 2
    endloop
  endfacet
  facet normal 0 0 1
    outer loop
      vertex 41.5372 20.0555 2
      vertex 38.1372 25.9445 2
      vertex 38.5927 18.3555 2
    endloop
  endfacet
  facet normal 0 0 1
    outer loop
      vertex 38.5927 18.3555 2
      vertex 38.1372 25.9445 2
      vertex 35.1927 24.2445 2
    endloop
  endfacet
  facet normal -0.629319 0.777147 0
    outer loop
      vertex 42.1122 20.4733 2
      vertex 41.8356 20.2493 9
      vertex 42.1122 20.4733 9
    endloop
  endfacet
  facet normal -0.629319 0.777147 0
    outer loop
      vertex 41.8356 20.2493 9
      vertex 42.1122 20.4733 2
      vertex 41.8356 20.2493 2
    endloop
  endfacet
  facet normal -0.707107 -0.707107 0
    outer loop
      vertex 42.3639 25.275 2
      vertex 42.1122 25.5267 9
      vertex 42.1122 25.5267 2
    endloop
  endfacet
  facet normal -0.707107 -0.707107 0
    outer loop
      vertex 42.1122 25.5267 9
      vertex 42.3639 25.275 2
      vertex 42.3639 25.275 9
    endloop
  endfacet
  facet normal -0.453992 -0.891006 0
    outer loop
      vertex 41.2201 26.1061 2
      vertex 41.5372 25.9445 9
      vertex 41.2201 26.1061 9
    endloop
  endfacet
  facet normal -0.453992 -0.891006 -0
    outer loop
      vertex 41.5372 25.9445 9
      vertex 41.2201 26.1061 2
      vertex 41.5372 25.9445 2
    endloop
  endfacet
  facet normal -0.358364 -0.933582 0
    outer loop
      vertex 40.8878 26.2336 2
      vertex 41.2201 26.1061 9
      vertex 40.8878 26.2336 9
    endloop
  endfacet
  facet normal -0.358364 -0.933582 -0
    outer loop
      vertex 41.2201 26.1061 9
      vertex 40.8878 26.2336 2
      vertex 41.2201 26.1061 2
    endloop
  endfacet
  facet normal -0.544635 -0.838673 0
    outer loop
      vertex 41.5372 25.9445 2
      vertex 41.8356 25.7507 9
      vertex 41.5372 25.9445 9
    endloop
  endfacet
  facet normal -0.544635 -0.838673 -0
    outer loop
      vertex 41.8356 25.7507 9
      vertex 41.5372 25.9445 2
      vertex 41.8356 25.7507 2
    endloop
  endfacet
  facet normal 0.358364 -0.933582 0
    outer loop
      vertex 38.4543 26.1061 2
      vertex 38.7865 26.2336 9
      vertex 38.4543 26.1061 9
    endloop
  endfacet
  facet normal 0.358364 -0.933582 0
    outer loop
      vertex 38.7865 26.2336 9
      vertex 38.4543 26.1061 2
      vertex 38.7865 26.2336 2
    endloop
  endfacet
  facet normal 0.453992 -0.891006 0
    outer loop
      vertex 38.1372 25.9445 2
      vertex 38.4543 26.1061 9
      vertex 38.1372 25.9445 9
    endloop
  endfacet
  facet normal 0.453992 -0.891006 0
    outer loop
      vertex 38.4543 26.1061 9
      vertex 38.1372 25.9445 2
      vertex 38.4543 26.1061 2
    endloop
  endfacet
  facet normal -0.156438 -0.987688 0
    outer loop
      vertex 40.1926 26.3814 2
      vertex 40.5441 26.3257 9
      vertex 40.1926 26.3814 9
    endloop
  endfacet
  facet normal -0.156438 -0.987688 -0
    outer loop
      vertex 40.5441 26.3257 9
      vertex 40.1926 26.3814 2
      vertex 40.5441 26.3257 2
    endloop
  endfacet
  facet normal -0.965926 0.258819 0
    outer loop
      vertex 43.0708 21.9493 2
      vertex 43.1629 22.2931 9
      vertex 43.1629 22.2931 2
    endloop
  endfacet
  facet normal -0.965926 0.258819 0
    outer loop
      vertex 43.1629 22.2931 9
      vertex 43.0708 21.9493 2
      vertex 43.0708 21.9493 9
    endloop
  endfacet
  facet normal -0.777146 0.629321 0
    outer loop
      vertex 42.3639 20.725 2
      vertex 42.5878 21.0015 9
      vertex 42.5878 21.0015 2
    endloop
  endfacet
  facet normal -0.777146 0.629321 0
    outer loop
      vertex 42.5878 21.0015 9
      vertex 42.3639 20.725 2
      vertex 42.3639 20.725 9
    endloop
  endfacet
  facet normal 0.258819 -0.965926 0
    outer loop
      vertex 38.7865 26.2336 2
      vertex 39.1303 26.3257 9
      vertex 38.7865 26.2336 9
    endloop
  endfacet
  facet normal 0.258819 -0.965926 0
    outer loop
      vertex 39.1303 26.3257 9
      vertex 38.7865 26.2336 2
      vertex 39.1303 26.3257 2
    endloop
  endfacet
  facet normal 0.0523346 -0.99863 0
    outer loop
      vertex 39.4818 26.3814 2
      vertex 39.8372 26.4 9
      vertex 39.4818 26.3814 9
    endloop
  endfacet
  facet normal 0.0523346 -0.99863 0
    outer loop
      vertex 39.8372 26.4 9
      vertex 39.4818 26.3814 2
      vertex 39.8372 26.4 2
    endloop
  endfacet
  facet normal -0.933581 -0.358366 0
    outer loop
      vertex 43.0708 24.0507 2
      vertex 42.9432 24.3829 9
      vertex 42.9432 24.3829 2
    endloop
  endfacet
  facet normal -0.933581 -0.358366 0
    outer loop
      vertex 42.9432 24.3829 9
      vertex 43.0708 24.0507 2
      vertex 43.0708 24.0507 9
    endloop
  endfacet
  facet normal -0.891007 -0.45399 0
    outer loop
      vertex 42.9432 24.3829 2
      vertex 42.7817 24.7 9
      vertex 42.7817 24.7 2
    endloop
  endfacet
  facet normal -0.891007 -0.45399 0
    outer loop
      vertex 42.7817 24.7 9
      vertex 42.9432 24.3829 2
      vertex 42.9432 24.3829 9
    endloop
  endfacet
  facet normal -0.838672 0.544637 0
    outer loop
      vertex 42.5878 21.0015 2
      vertex 42.7817 21.3 9
      vertex 42.7817 21.3 2
    endloop
  endfacet
  facet normal -0.838672 0.544637 0
    outer loop
      vertex 42.7817 21.3 9
      vertex 42.5878 21.0015 2
      vertex 42.5878 21.0015 9
    endloop
  endfacet
  facet normal -0.891007 0.45399 0
    outer loop
      vertex 42.7817 21.3 2
      vertex 42.9432 21.6171 9
      vertex 42.9432 21.6171 2
    endloop
  endfacet
  facet normal -0.891007 0.45399 0
    outer loop
      vertex 42.9432 21.6171 9
      vertex 42.7817 21.3 2
      vertex 42.7817 21.3 9
    endloop
  endfacet
  facet normal -0.987687 0.156442 0
    outer loop
      vertex 43.1629 22.2931 2
      vertex 43.2185 22.6446 9
      vertex 43.2185 22.6446 2
    endloop
  endfacet
  facet normal -0.987687 0.156442 0
    outer loop
      vertex 43.2185 22.6446 9
      vertex 43.1629 22.2931 2
      vertex 43.1629 22.2931 9
    endloop
  endfacet
  facet normal -0.707107 0.707107 0
    outer loop
      vertex 42.1122 20.4733 2
      vertex 42.3639 20.725 9
      vertex 42.3639 20.725 2
    endloop
  endfacet
  facet normal -0.707107 0.707107 0
    outer loop
      vertex 42.3639 20.725 9
      vertex 42.1122 20.4733 2
      vertex 42.1122 20.4733 9
    endloop
  endfacet
  facet normal -0.987687 -0.156442 0
    outer loop
      vertex 43.2185 23.3554 2
      vertex 43.1629 23.7069 9
      vertex 43.1629 23.7069 2
    endloop
  endfacet
  facet normal -0.987687 -0.156442 0
    outer loop
      vertex 43.1629 23.7069 9
      vertex 43.2185 23.3554 2
      vertex 43.2185 23.3554 9
    endloop
  endfacet
  facet normal -0.99863 -0.0523299 0
    outer loop
      vertex 43.2372 23 2
      vertex 43.2185 23.3554 9
      vertex 43.2185 23.3554 2
    endloop
  endfacet
  facet normal -0.99863 -0.0523299 0
    outer loop
      vertex 43.2185 23.3554 9
      vertex 43.2372 23 2
      vertex 43.2372 23 9
    endloop
  endfacet
  facet normal -0.965926 -0.258819 0
    outer loop
      vertex 43.1629 23.7069 2
      vertex 43.0708 24.0507 9
      vertex 43.0708 24.0507 2
    endloop
  endfacet
  facet normal -0.965926 -0.258819 0
    outer loop
      vertex 43.0708 24.0507 9
      vertex 43.1629 23.7069 2
      vertex 43.1629 23.7069 9
    endloop
  endfacet
  facet normal -0.99863 0.0523299 0
    outer loop
      vertex 43.2185 22.6446 2
      vertex 43.2372 23 9
      vertex 43.2372 23 2
    endloop
  endfacet
  facet normal -0.99863 0.0523299 0
    outer loop
      vertex 43.2372 23 9
      vertex 43.2185 22.6446 2
      vertex 43.2185 22.6446 9
    endloop
  endfacet
  facet normal -0.933581 0.358366 0
    outer loop
      vertex 42.9432 21.6171 2
      vertex 43.0708 21.9493 9
      vertex 43.0708 21.9493 2
    endloop
  endfacet
  facet normal -0.933581 0.358366 0
    outer loop
      vertex 43.0708 21.9493 9
      vertex 42.9432 21.6171 2
      vertex 42.9432 21.6171 9
    endloop
  endfacet
  facet normal 0.866025 0.5 0
    outer loop
      vertex 38.5927 18.3555 9
      vertex 35.1927 24.2445 2
      vertex 35.1927 24.2445 9
    endloop
  endfacet
  facet normal 0.866025 0.5 0
    outer loop
      vertex 35.1927 24.2445 2
      vertex 38.5927 18.3555 9
      vertex 38.5927 18.3555 2
    endloop
  endfacet
  facet normal 0.5 -0.866025 0
    outer loop
      vertex 35.1927 24.2445 2
      vertex 38.1372 25.9445 9
      vertex 35.1927 24.2445 9
    endloop
  endfacet
  facet normal 0.5 -0.866025 0
    outer loop
      vertex 38.1372 25.9445 9
      vertex 35.1927 24.2445 2
      vertex 38.1372 25.9445 2
    endloop
  endfacet
  facet normal -0.5 0.866025 0
    outer loop
      vertex 41.5372 20.0555 2
      vertex 38.5927 18.3555 9
      vertex 41.5372 20.0555 9
    endloop
  endfacet
  facet normal -0.5 0.866025 0
    outer loop
      vertex 38.5927 18.3555 9
      vertex 41.5372 20.0555 2
      vertex 38.5927 18.3555 2
    endloop
  endfacet
  facet normal 0.0523405 -0.998629 0
    outer loop
      vertex -0.355396 49.3814 2
      vertex 1.0969e-014 49.4 9
      vertex -0.355396 49.3814 9
    endloop
  endfacet
  facet normal 0.0523405 -0.998629 0
    outer loop
      vertex 1.0969e-014 49.4 9
      vertex -0.355396 49.3814 2
      vertex 1.0969e-014 49.4 2
    endloop
  endfacet
  facet normal -0.99863 -0.0523352 0
    outer loop
      vertex 3.4 46 2
      vertex 3.38137 46.3554 9
      vertex 3.38137 46.3554 2
    endloop
  endfacet
  facet normal -0.99863 -0.0523352 0
    outer loop
      vertex 3.38137 46.3554 9
      vertex 3.4 46 2
      vertex 3.4 46 9
    endloop
  endfacet
  facet normal 0.707105 -0.707108 0
    outer loop
      vertex -2.52669 48.275 2
      vertex -2.27504 48.5267 9
      vertex -2.52669 48.275 9
    endloop
  endfacet
  facet normal 0.707105 -0.707108 0
    outer loop
      vertex -2.27504 48.5267 9
      vertex -2.52669 48.275 2
      vertex -2.27504 48.5267 2
    endloop
  endfacet
  facet normal 0.358366 -0.933581 0
    outer loop
      vertex -1.3829 49.1061 2
      vertex -1.05066 49.2336 9
      vertex -1.3829 49.1061 9
    endloop
  endfacet
  facet normal 0.358366 -0.933581 0
    outer loop
      vertex -1.05066 49.2336 9
      vertex -1.3829 49.1061 2
      vertex -1.05066 49.2336 2
    endloop
  endfacet
  facet normal 0.156432 -0.987689 0
    outer loop
      vertex -0.7069 49.3257 2
      vertex -0.355396 49.3814 9
      vertex -0.7069 49.3257 9
    endloop
  endfacet
  facet normal 0.156432 -0.987689 0
    outer loop
      vertex -0.355396 49.3814 9
      vertex -0.7069 49.3257 2
      vertex -0.355396 49.3814 2
    endloop
  endfacet
  facet normal 0.93358 -0.35837 0
    outer loop
      vertex -3.23359 47.0507 9
      vertex -3.10605 47.3829 2
      vertex -3.10605 47.3829 9
    endloop
  endfacet
  facet normal 0.93358 -0.35837 0
    outer loop
      vertex -3.10605 47.3829 2
      vertex -3.23359 47.0507 9
      vertex -3.23359 47.0507 2
    endloop
  endfacet
  facet normal 0.83867 -0.544639 0
    outer loop
      vertex -2.94449 47.7 9
      vertex -2.75066 47.9985 2
      vertex -2.75066 47.9985 9
    endloop
  endfacet
  facet normal 0.83867 -0.544639 0
    outer loop
      vertex -2.75066 47.9985 2
      vertex -2.94449 47.7 9
      vertex -2.94449 47.7 2
    endloop
  endfacet
  facet normal 0 0 1
    outer loop
      vertex -3.4 46 2
      vertex 3.4 46 2
      vertex 3.38137 46.3554 2
    endloop
  endfacet
  facet normal 0 0 1
    outer loop
      vertex -3.4 46 2
      vertex 3.38137 46.3554 2
      vertex 3.3257 46.7069 2
    endloop
  endfacet
  facet normal 0 0 1
    outer loop
      vertex -3.4 46 2
      vertex 3.3257 46.7069 2
      vertex 3.23359 47.0507 2
    endloop
  endfacet
  facet normal 0 0 1
    outer loop
      vertex -3.4 46 2
      vertex 3.23359 47.0507 2
      vertex 3.10605 47.3829 2
    endloop
  endfacet
  facet normal 0 0 1
    outer loop
      vertex -3.4 46 2
      vertex 3.10605 47.3829 2
      vertex 2.94449 47.7 2
    endloop
  endfacet
  facet normal 0 0 1
    outer loop
      vertex -3.4 46 2
      vertex 2.94449 47.7 2
      vertex 2.75066 47.9985 2
    endloop
  endfacet
  facet normal 0 0 1
    outer loop
      vertex -3.4 46 2
      vertex 2.75066 47.9985 2
      vertex 2.52669 48.275 2
    endloop
  endfacet
  facet normal 0 0 1
    outer loop
      vertex -3.4 46 2
      vertex 2.52669 48.275 2
      vertex 2.27504 48.5267 2
    endloop
  endfacet
  facet normal 0 0 1
    outer loop
      vertex -3.4 46 2
      vertex 2.27504 48.5267 2
      vertex 1.99847 48.7507 2
    endloop
  endfacet
  facet normal 0 0 1
    outer loop
      vertex -3.4 46 2
      vertex 1.99847 48.7507 2
      vertex 1.7 48.9445 2
    endloop
  endfacet
  facet normal 0 0 1
    outer loop
      vertex -3.4 46 2
      vertex 1.7 48.9445 2
      vertex 1.3829 49.1061 2
    endloop
  endfacet
  facet normal 0 0 1
    outer loop
      vertex -3.4 46 2
      vertex 1.3829 49.1061 2
      vertex 1.05066 49.2336 2
    endloop
  endfacet
  facet normal 0 0 1
    outer loop
      vertex -3.4 46 2
      vertex 1.05066 49.2336 2
      vertex 0.7069 49.3257 2
    endloop
  endfacet
  facet normal 0 0 1
    outer loop
      vertex -3.4 46 2
      vertex 0.7069 49.3257 2
      vertex 0.355396 49.3814 2
    endloop
  endfacet
  facet normal 0 0 1
    outer loop
      vertex -3.4 46 2
      vertex 0.355396 49.3814 2
      vertex 1.0969e-014 49.4 2
    endloop
  endfacet
  facet normal 0 0 1
    outer loop
      vertex -3.4 46 2
      vertex 1.0969e-014 49.4 2
      vertex -0.355396 49.3814 2
    endloop
  endfacet
  facet normal 0 0 1
    outer loop
      vertex -3.4 46 2
      vertex -0.355396 49.3814 2
      vertex -0.7069 49.3257 2
    endloop
  endfacet
  facet normal 0 0 1
    outer loop
      vertex -3.4 46 2
      vertex -0.7069 49.3257 2
      vertex -1.05066 49.2336 2
    endloop
  endfacet
  facet normal 0 0 1
    outer loop
      vertex -3.4 46 2
      vertex -1.05066 49.2336 2
      vertex -1.3829 49.1061 2
    endloop
  endfacet
  facet normal 0 0 1
    outer loop
      vertex -3.4 46 2
      vertex -1.3829 49.1061 2
      vertex -1.7 48.9445 2
    endloop
  endfacet
  facet normal 0 0 1
    outer loop
      vertex -3.4 46 2
      vertex -1.7 48.9445 2
      vertex -1.99847 48.7507 2
    endloop
  endfacet
  facet normal 0 0 1
    outer loop
      vertex -3.4 46 2
      vertex -1.99847 48.7507 2
      vertex -2.27504 48.5267 2
    endloop
  endfacet
  facet normal 0 0 1
    outer loop
      vertex -3.4 46 2
      vertex -2.27504 48.5267 2
      vertex -2.52669 48.275 2
    endloop
  endfacet
  facet normal 0 0 1
    outer loop
      vertex -3.4 46 2
      vertex -2.52669 48.275 2
      vertex -2.75066 47.9985 2
    endloop
  endfacet
  facet normal 0 0 1
    outer loop
      vertex -3.4 46 2
      vertex -2.75066 47.9985 2
      vertex -2.94449 47.7 2
    endloop
  endfacet
  facet normal 0 0 1
    outer loop
      vertex -3.4 46 2
      vertex -2.94449 47.7 2
      vertex -3.10605 47.3829 2
    endloop
  endfacet
  facet normal 0 0 1
    outer loop
      vertex -3.4 46 2
      vertex -3.10605 47.3829 2
      vertex -3.23359 47.0507 2
    endloop
  endfacet
  facet normal 0 0 1
    outer loop
      vertex -3.4 46 2
      vertex -3.23359 47.0507 2
      vertex -3.3257 46.7069 2
    endloop
  endfacet
  facet normal 0 0 1
    outer loop
      vertex -3.4 46 2
      vertex -3.3257 46.7069 2
      vertex -3.38137 46.3554 2
    endloop
  endfacet
  facet normal 0 0 1
    outer loop
      vertex 3.4 46 2
      vertex -3.4 46 2
      vertex 3.4 42.6 2
    endloop
  endfacet
  facet normal 0 0 1
    outer loop
      vertex 3.4 42.6 2
      vertex -3.4 46 2
      vertex -3.4 42.6 2
    endloop
  endfacet
  facet normal -0.987688 -0.156435 0
    outer loop
      vertex 3.38137 46.3554 2
      vertex 3.3257 46.7069 9
      vertex 3.3257 46.7069 2
    endloop
  endfacet
  facet normal -0.987688 -0.156435 0
    outer loop
      vertex 3.3257 46.7069 9
      vertex 3.38137 46.3554 2
      vertex 3.38137 46.3554 9
    endloop
  endfacet
  facet normal 0.258819 -0.965926 0
    outer loop
      vertex -1.05066 49.2336 2
      vertex -0.7069 49.3257 9
      vertex -1.05066 49.2336 9
    endloop
  endfacet
  facet normal 0.258819 -0.965926 0
    outer loop
      vertex -0.7069 49.3257 9
      vertex -1.05066 49.2336 2
      vertex -0.7069 49.3257 2
    endloop
  endfacet
  facet normal 0.544639 -0.83867 0
    outer loop
      vertex -1.99847 48.7507 2
      vertex -1.7 48.9445 9
      vertex -1.99847 48.7507 9
    endloop
  endfacet
  facet normal 0.544639 -0.83867 0
    outer loop
      vertex -1.7 48.9445 9
      vertex -1.99847 48.7507 2
      vertex -1.7 48.9445 2
    endloop
  endfacet
  facet normal 0.629319 -0.777147 0
    outer loop
      vertex -2.27504 48.5267 2
      vertex -1.99847 48.7507 9
      vertex -2.27504 48.5267 9
    endloop
  endfacet
  facet normal 0.629319 -0.777147 0
    outer loop
      vertex -1.99847 48.7507 9
      vertex -2.27504 48.5267 2
      vertex -1.99847 48.7507 2
    endloop
  endfacet
  facet normal 0.453998 -0.891003 0
    outer loop
      vertex -1.7 48.9445 2
      vertex -1.3829 49.1061 9
      vertex -1.7 48.9445 9
    endloop
  endfacet
  facet normal 0.453998 -0.891003 0
    outer loop
      vertex -1.3829 49.1061 9
      vertex -1.7 48.9445 2
      vertex -1.3829 49.1061 2
    endloop
  endfacet
  facet normal 0.987688 -0.156434 0
    outer loop
      vertex -3.38137 46.3554 9
      vertex -3.3257 46.7069 2
      vertex -3.3257 46.7069 9
    endloop
  endfacet
  facet normal 0.987688 -0.156434 0
    outer loop
      vertex -3.3257 46.7069 2
      vertex -3.38137 46.3554 9
      vertex -3.38137 46.3554 2
    endloop
  endfacet
  facet normal 0.99863 -0.0523352 0
    outer loop
      vertex -3.4 46 9
      vertex -3.38137 46.3554 2
      vertex -3.38137 46.3554 9
    endloop
  endfacet
  facet normal 0.99863 -0.0523352 0
    outer loop
      vertex -3.38137 46.3554 2
      vertex -3.4 46 9
      vertex -3.4 46 2
    endloop
  endfacet
  facet normal 0.777146 -0.629321 0
    outer loop
      vertex -2.75066 47.9985 9
      vertex -2.52669 48.275 2
      vertex -2.52669 48.275 9
    endloop
  endfacet
  facet normal 0.777146 -0.629321 0
    outer loop
      vertex -2.52669 48.275 2
      vertex -2.75066 47.9985 9
      vertex -2.75066 47.9985 2
    endloop
  endfacet
  facet normal -0.707105 -0.707108 0
    outer loop
      vertex 2.27504 48.5267 2
      vertex 2.52669 48.275 9
      vertex 2.27504 48.5267 9
    endloop
  endfacet
  facet normal -0.707105 -0.707108 -0
    outer loop
      vertex 2.52669 48.275 9
      vertex 2.27504 48.5267 2
      vertex 2.52669 48.275 2
    endloop
  endfacet
  facet normal -0.933581 -0.358366 0
    outer loop
      vertex 3.23359 47.0507 2
      vertex 3.10605 47.3829 9
      vertex 3.10605 47.3829 2
    endloop
  endfacet
  facet normal -0.933581 -0.358366 0
    outer loop
      vertex 3.10605 47.3829 9
      vertex 3.23359 47.0507 2
      vertex 3.23359 47.0507 9
    endloop
  endfacet
  facet normal 0.965926 -0.258819 0
    outer loop
      vertex -3.3257 46.7069 9
      vertex -3.23359 47.0507 2
      vertex -3.23359 47.0507 9
    endloop
  endfacet
  facet normal 0.965926 -0.258819 0
    outer loop
      vertex -3.23359 47.0507 2
      vertex -3.3257 46.7069 9
      vertex -3.3257 46.7069 2
    endloop
  endfacet
  facet normal 0.891007 -0.45399 0
    outer loop
      vertex -3.10605 47.3829 9
      vertex -2.94449 47.7 2
      vertex -2.94449 47.7 9
    endloop
  endfacet
  facet normal 0.891007 -0.45399 0
    outer loop
      vertex -2.94449 47.7 2
      vertex -3.10605 47.3829 9
      vertex -3.10605 47.3829 2
    endloop
  endfacet
  facet normal -0.156432 -0.987689 0
    outer loop
      vertex 0.355396 49.3814 2
      vertex 0.7069 49.3257 9
      vertex 0.355396 49.3814 9
    endloop
  endfacet
  facet normal -0.156432 -0.987689 -0
    outer loop
      vertex 0.7069 49.3257 9
      vertex 0.355396 49.3814 2
      vertex 0.7069 49.3257 2
    endloop
  endfacet
  facet normal -0.0523405 -0.998629 0
    outer loop
      vertex 1.0969e-014 49.4 2
      vertex 0.355396 49.3814 9
      vertex 1.0969e-014 49.4 9
    endloop
  endfacet
  facet normal -0.0523405 -0.998629 -0
    outer loop
      vertex 0.355396 49.3814 9
      vertex 1.0969e-014 49.4 2
      vertex 0.355396 49.3814 2
    endloop
  endfacet
  facet normal -0.891007 -0.45399 0
    outer loop
      vertex 3.10605 47.3829 2
      vertex 2.94449 47.7 9
      vertex 2.94449 47.7 2
    endloop
  endfacet
  facet normal -0.891007 -0.45399 0
    outer loop
      vertex 2.94449 47.7 9
      vertex 3.10605 47.3829 2
      vertex 3.10605 47.3829 9
    endloop
  endfacet
  facet normal -0.83867 -0.544639 0
    outer loop
      vertex 2.94449 47.7 2
      vertex 2.75066 47.9985 9
      vertex 2.75066 47.9985 2
    endloop
  endfacet
  facet normal -0.83867 -0.544639 0
    outer loop
      vertex 2.75066 47.9985 9
      vertex 2.94449 47.7 2
      vertex 2.94449 47.7 9
    endloop
  endfacet
  facet normal -0.629319 -0.777147 0
    outer loop
      vertex 1.99847 48.7507 2
      vertex 2.27504 48.5267 9
      vertex 1.99847 48.7507 9
    endloop
  endfacet
  facet normal -0.629319 -0.777147 -0
    outer loop
      vertex 2.27504 48.5267 9
      vertex 1.99847 48.7507 2
      vertex 2.27504 48.5267 2
    endloop
  endfacet
  facet normal -0.965926 -0.258819 0
    outer loop
      vertex 3.3257 46.7069 2
      vertex 3.23359 47.0507 9
      vertex 3.23359 47.0507 2
    endloop
  endfacet
  facet normal -0.965926 -0.258819 0
    outer loop
      vertex 3.23359 47.0507 9
      vertex 3.3257 46.7069 2
      vertex 3.3257 46.7069 9
    endloop
  endfacet
  facet normal -0.358375 -0.933578 0
    outer loop
      vertex 1.05066 49.2336 2
      vertex 1.3829 49.1061 9
      vertex 1.05066 49.2336 9
    endloop
  endfacet
  facet normal -0.358375 -0.933578 -0
    outer loop
      vertex 1.3829 49.1061 9
      vertex 1.05066 49.2336 2
      vertex 1.3829 49.1061 2
    endloop
  endfacet
  facet normal -0.453989 -0.891007 0
    outer loop
      vertex 1.3829 49.1061 2
      vertex 1.7 48.9445 9
      vertex 1.3829 49.1061 9
    endloop
  endfacet
  facet normal -0.453989 -0.891007 -0
    outer loop
      vertex 1.7 48.9445 9
      vertex 1.3829 49.1061 2
      vertex 1.7 48.9445 2
    endloop
  endfacet
  facet normal -0.258819 -0.965926 0
    outer loop
      vertex 0.7069 49.3257 2
      vertex 1.05066 49.2336 9
      vertex 0.7069 49.3257 9
    endloop
  endfacet
  facet normal -0.258819 -0.965926 -0
    outer loop
      vertex 1.05066 49.2336 9
      vertex 0.7069 49.3257 2
      vertex 1.05066 49.2336 2
    endloop
  endfacet
  facet normal -0.544639 -0.83867 0
    outer loop
      vertex 1.7 48.9445 2
      vertex 1.99847 48.7507 9
      vertex 1.7 48.9445 9
    endloop
  endfacet
  facet normal -0.544639 -0.83867 -0
    outer loop
      vertex 1.99847 48.7507 9
      vertex 1.7 48.9445 2
      vertex 1.99847 48.7507 2
    endloop
  endfacet
  facet normal -0.777146 -0.629321 0
    outer loop
      vertex 2.75066 47.9985 2
      vertex 2.52669 48.275 9
      vertex 2.52669 48.275 2
    endloop
  endfacet
  facet normal -0.777146 -0.629321 0
    outer loop
      vertex 2.52669 48.275 9
      vertex 2.75066 47.9985 2
      vertex 2.75066 47.9985 9
    endloop
  endfacet
  facet normal 0 1 -0
    outer loop
      vertex 3.4 42.6 2
      vertex -3.4 42.6 9
      vertex 3.4 42.6 9
    endloop
  endfacet
  facet normal 0 1 0
    outer loop
      vertex -3.4 42.6 9
      vertex 3.4 42.6 2
      vertex -3.4 42.6 2
    endloop
  endfacet
  facet normal 1 -0 0
    outer loop
      vertex -3.4 42.6 9
      vertex -3.4 46 2
      vertex -3.4 46 9
    endloop
  endfacet
  facet normal 1 0 0
    outer loop
      vertex -3.4 46 2
      vertex -3.4 42.6 9
      vertex -3.4 42.6 2
    endloop
  endfacet
  facet normal -1 0 0
    outer loop
      vertex 3.4 42.6 2
      vertex 3.4 46 9
      vertex 3.4 46 2
    endloop
  endfacet
  facet normal -1 -0 0
    outer loop
      vertex 3.4 46 9
      vertex 3.4 42.6 2
      vertex 3.4 42.6 9
    endloop
  endfacet
  facet normal 0.544637 -0.838672 0
    outer loop
      vertex -24.9985 42.5878 2
      vertex -24.7 42.7817 9
      vertex -24.9985 42.5878 9
    endloop
  endfacet
  facet normal 0.544637 -0.838672 0
    outer loop
      vertex -24.7 42.7817 9
      vertex -24.9985 42.5878 2
      vertex -24.7 42.7817 2
    endloop
  endfacet
  facet normal -0.83867 -0.544639 0
    outer loop
      vertex -20.0555 41.5372 2
      vertex -20.2493 41.8356 9
      vertex -20.2493 41.8356 2
    endloop
  endfacet
  facet normal -0.83867 -0.544639 0
    outer loop
      vertex -20.2493 41.8356 9
      vertex -20.0555 41.5372 2
      vertex -20.0555 41.5372 9
    endloop
  endfacet
  facet normal 0.965926 -0.258819 0
    outer loop
      vertex -26.3257 40.5441 9
      vertex -26.2336 40.8878 2
      vertex -26.2336 40.8878 9
    endloop
  endfacet
  facet normal 0.965926 -0.258819 0
    outer loop
      vertex -26.2336 40.8878 2
      vertex -26.3257 40.5441 9
      vertex -26.3257 40.5441 2
    endloop
  endfacet
  facet normal 0.777143 -0.629324 0
    outer loop
      vertex -25.7507 41.8356 9
      vertex -25.5267 42.1122 2
      vertex -25.5267 42.1122 9
    endloop
  endfacet
  facet normal 0.777143 -0.629324 0
    outer loop
      vertex -25.5267 42.1122 2
      vertex -25.7507 41.8356 9
      vertex -25.7507 41.8356 2
    endloop
  endfacet
  facet normal 0.629321 -0.777146 0
    outer loop
      vertex -25.275 42.3639 2
      vertex -24.9985 42.5878 9
      vertex -25.275 42.3639 9
    endloop
  endfacet
  facet normal 0.629321 -0.777146 0
    outer loop
      vertex -24.9985 42.5878 9
      vertex -25.275 42.3639 2
      vertex -24.9985 42.5878 2
    endloop
  endfacet
  facet normal 0.987688 0.156438 0
    outer loop
      vertex -26.3257 39.1303 9
      vertex -26.3814 39.4818 2
      vertex -26.3814 39.4818 9
    endloop
  endfacet
  facet normal 0.987688 0.156438 0
    outer loop
      vertex -26.3814 39.4818 2
      vertex -26.3257 39.1303 9
      vertex -26.3257 39.1303 2
    endloop
  endfacet
  facet normal 0.99863 -0.0523352 0
    outer loop
      vertex -26.4 39.8372 9
      vertex -26.3814 40.1926 2
      vertex -26.3814 40.1926 9
    endloop
  endfacet
  facet normal 0.99863 -0.0523352 0
    outer loop
      vertex -26.3814 40.1926 2
      vertex -26.4 39.8372 9
      vertex -26.4 39.8372 2
    endloop
  endfacet
  facet normal 0 0 1
    outer loop
      vertex -25.9445 38.1372 2
      vertex -20.0555 41.5372 2
      vertex -20.2493 41.8356 2
    endloop
  endfacet
  facet normal 0 0 1
    outer loop
      vertex -25.9445 38.1372 2
      vertex -20.2493 41.8356 2
      vertex -20.4733 42.1122 2
    endloop
  endfacet
  facet normal 0 0 1
    outer loop
      vertex -25.9445 38.1372 2
      vertex -20.4733 42.1122 2
      vertex -20.725 42.3639 2
    endloop
  endfacet
  facet normal 0 0 1
    outer loop
      vertex -25.9445 38.1372 2
      vertex -20.725 42.3639 2
      vertex -21.0015 42.5878 2
    endloop
  endfacet
  facet normal 0 0 1
    outer loop
      vertex -25.9445 38.1372 2
      vertex -21.0015 42.5878 2
      vertex -21.3 42.7817 2
    endloop
  endfacet
  facet normal 0 0 1
    outer loop
      vertex -25.9445 38.1372 2
      vertex -21.3 42.7817 2
      vertex -21.6171 42.9432 2
    endloop
  endfacet
  facet normal 0 0 1
    outer loop
      vertex -25.9445 38.1372 2
      vertex -21.6171 42.9432 2
      vertex -21.9493 43.0708 2
    endloop
  endfacet
  facet normal 0 0 1
    outer loop
      vertex -25.9445 38.1372 2
      vertex -21.9493 43.0708 2
      vertex -22.2931 43.1629 2
    endloop
  endfacet
  facet normal 0 0 1
    outer loop
      vertex -25.9445 38.1372 2
      vertex -22.2931 43.1629 2
      vertex -22.6446 43.2185 2
    endloop
  endfacet
  facet normal 0 0 1
    outer loop
      vertex -25.9445 38.1372 2
      vertex -22.6446 43.2185 2
      vertex -23 43.2372 2
    endloop
  endfacet
  facet normal 0 0 1
    outer loop
      vertex -25.9445 38.1372 2
      vertex -23 43.2372 2
      vertex -23.3554 43.2185 2
    endloop
  endfacet
  facet normal 0 0 1
    outer loop
      vertex -25.9445 38.1372 2
      vertex -23.3554 43.2185 2
      vertex -23.7069 43.1629 2
    endloop
  endfacet
  facet normal 0 0 1
    outer loop
      vertex -25.9445 38.1372 2
      vertex -23.7069 43.1629 2
      vertex -24.0507 43.0708 2
    endloop
  endfacet
  facet normal 0 0 1
    outer loop
      vertex -20.0555 41.5372 2
      vertex -25.9445 38.1372 2
      vertex -18.3555 38.5927 2
    endloop
  endfacet
  facet normal 0 0 1
    outer loop
      vertex -25.9445 38.1372 2
      vertex -24.0507 43.0708 2
      vertex -24.3829 42.9432 2
    endloop
  endfacet
  facet normal 0 0 1
    outer loop
      vertex -25.9445 38.1372 2
      vertex -24.3829 42.9432 2
      vertex -24.7 42.7817 2
    endloop
  endfacet
  facet normal 0 0 1
    outer loop
      vertex -25.9445 38.1372 2
      vertex -24.7 42.7817 2
      vertex -24.9985 42.5878 2
    endloop
  endfacet
  facet normal 0 0 1
    outer loop
      vertex -25.9445 38.1372 2
      vertex -24.9985 42.5878 2
      vertex -25.275 42.3639 2
    endloop
  endfacet
  facet normal 0 0 1
    outer loop
      vertex -25.9445 38.1372 2
      vertex -25.275 42.3639 2
      vertex -25.5267 42.1122 2
    endloop
  endfacet
  facet normal 0 0 1
    outer loop
      vertex -25.9445 38.1372 2
      vertex -25.5267 42.1122 2
      vertex -25.7507 41.8356 2
    endloop
  endfacet
  facet normal 0 0 1
    outer loop
      vertex -25.9445 38.1372 2
      vertex -25.7507 41.8356 2
      vertex -25.9445 41.5372 2
    endloop
  endfacet
  facet normal 0 0 1
    outer loop
      vertex -18.3555 38.5927 2
      vertex -25.9445 38.1372 2
      vertex -24.2445 35.1927 2
    endloop
  endfacet
  facet normal -0 0 1
    outer loop
      vertex -26.1061 41.2201 2
      vertex -25.9445 38.1372 2
      vertex -25.9445 41.5372 2
    endloop
  endfacet
  facet normal 0 0 1
    outer loop
      vertex -26.1061 41.2201 2
      vertex -26.1061 38.4543 2
      vertex -25.9445 38.1372 2
    endloop
  endfacet
  facet normal -0 0 1
    outer loop
      vertex -26.2336 40.8878 2
      vertex -26.1061 38.4543 2
      vertex -26.1061 41.2201 2
    endloop
  endfacet
  facet normal 0 0 1
    outer loop
      vertex -26.2336 40.8878 2
      vertex -26.2336 38.7865 2
      vertex -26.1061 38.4543 2
    endloop
  endfacet
  facet normal -0 0 1
    outer loop
      vertex -26.3257 40.5441 2
      vertex -26.2336 38.7865 2
      vertex -26.2336 40.8878 2
    endloop
  endfacet
  facet normal 0 0 1
    outer loop
      vertex -26.3257 40.5441 2
      vertex -26.3257 39.1303 2
      vertex -26.2336 38.7865 2
    endloop
  endfacet
  facet normal -0 0 1
    outer loop
      vertex -26.3814 40.1926 2
      vertex -26.3257 39.1303 2
      vertex -26.3257 40.5441 2
    endloop
  endfacet
  facet normal 0 0 1
    outer loop
      vertex -26.3814 40.1926 2
      vertex -26.3814 39.4818 2
      vertex -26.3257 39.1303 2
    endloop
  endfacet
  facet normal 0 -0 1
    outer loop
      vertex -26.3814 39.4818 2
      vertex -26.3814 40.1926 2
      vertex -26.4 39.8372 2
    endloop
  endfacet
  facet normal -0.777147 -0.629319 0
    outer loop
      vertex -20.2493 41.8356 2
      vertex -20.4733 42.1122 9
      vertex -20.4733 42.1122 2
    endloop
  endfacet
  facet normal -0.777147 -0.629319 0
    outer loop
      vertex -20.4733 42.1122 9
      vertex -20.2493 41.8356 2
      vertex -20.2493 41.8356 9
    endloop
  endfacet
  facet normal 0.707107 -0.707107 0
    outer loop
      vertex -25.5267 42.1122 9
      vertex -25.275 42.3639 2
      vertex -25.275 42.3639 9
    endloop
  endfacet
  facet normal 0.707107 -0.707107 0
    outer loop
      vertex -25.275 42.3639 2
      vertex -25.5267 42.1122 9
      vertex -25.5267 42.1122 2
    endloop
  endfacet
  facet normal 0.891006 -0.453992 0
    outer loop
      vertex -26.1061 41.2201 9
      vertex -25.9445 41.5372 2
      vertex -25.9445 41.5372 9
    endloop
  endfacet
  facet normal 0.891006 -0.453992 0
    outer loop
      vertex -25.9445 41.5372 2
      vertex -26.1061 41.2201 9
      vertex -26.1061 41.2201 2
    endloop
  endfacet
  facet normal 0.933582 -0.358364 0
    outer loop
      vertex -26.2336 40.8878 9
      vertex -26.1061 41.2201 2
      vertex -26.1061 41.2201 9
    endloop
  endfacet
  facet normal 0.933582 -0.358364 0
    outer loop
      vertex -26.1061 41.2201 2
      vertex -26.2336 40.8878 9
      vertex -26.2336 40.8878 2
    endloop
  endfacet
  facet normal 0.838673 -0.544635 0
    outer loop
      vertex -25.9445 41.5372 9
      vertex -25.7507 41.8356 2
      vertex -25.7507 41.8356 9
    endloop
  endfacet
  facet normal 0.838673 -0.544635 0
    outer loop
      vertex -25.7507 41.8356 2
      vertex -25.9445 41.5372 9
      vertex -25.9445 41.5372 2
    endloop
  endfacet
  facet normal 0.933582 0.358364 0
    outer loop
      vertex -26.1061 38.4543 9
      vertex -26.2336 38.7865 2
      vertex -26.2336 38.7865 9
    endloop
  endfacet
  facet normal 0.933582 0.358364 0
    outer loop
      vertex -26.2336 38.7865 2
      vertex -26.1061 38.4543 9
      vertex -26.1061 38.4543 2
    endloop
  endfacet
  facet normal 0.891006 0.453992 0
    outer loop
      vertex -25.9445 38.1372 9
      vertex -26.1061 38.4543 2
      vertex -26.1061 38.4543 9
    endloop
  endfacet
  facet normal 0.891006 0.453992 0
    outer loop
      vertex -26.1061 38.4543 2
      vertex -25.9445 38.1372 9
      vertex -25.9445 38.1372 2
    endloop
  endfacet
  facet normal 0.987688 -0.156438 0
    outer loop
      vertex -26.3814 40.1926 9
      vertex -26.3257 40.5441 2
      vertex -26.3257 40.5441 9
    endloop
  endfacet
  facet normal 0.987688 -0.156438 0
    outer loop
      vertex -26.3257 40.5441 2
      vertex -26.3814 40.1926 9
      vertex -26.3814 40.1926 2
    endloop
  endfacet
  facet normal -0.258819 -0.965926 0
    outer loop
      vertex -22.2931 43.1629 2
      vertex -21.9493 43.0708 9
      vertex -22.2931 43.1629 9
    endloop
  endfacet
  facet normal -0.258819 -0.965926 -0
    outer loop
      vertex -21.9493 43.0708 9
      vertex -22.2931 43.1629 2
      vertex -21.9493 43.0708 2
    endloop
  endfacet
  facet normal -0.629321 -0.777146 0
    outer loop
      vertex -21.0015 42.5878 2
      vertex -20.725 42.3639 9
      vertex -21.0015 42.5878 9
    endloop
  endfacet
  facet normal -0.629321 -0.777146 -0
    outer loop
      vertex -20.725 42.3639 9
      vertex -21.0015 42.5878 2
      vertex -20.725 42.3639 2
    endloop
  endfacet
  facet normal 0.965926 0.258819 0
    outer loop
      vertex -26.2336 38.7865 9
      vertex -26.3257 39.1303 2
      vertex -26.3257 39.1303 9
    endloop
  endfacet
  facet normal 0.965926 0.258819 0
    outer loop
      vertex -26.3257 39.1303 2
      vertex -26.2336 38.7865 9
      vertex -26.2336 38.7865 2
    endloop
  endfacet
  facet normal 0.99863 0.0523346 0
    outer loop
      vertex -26.3814 39.4818 9
      vertex -26.4 39.8372 2
      vertex -26.4 39.8372 9
    endloop
  endfacet
  facet normal 0.99863 0.0523346 0
    outer loop
      vertex -26.4 39.8372 2
      vertex -26.3814 39.4818 9
      vertex -26.3814 39.4818 2
    endloop
  endfacet
  facet normal 0.358366 -0.933581 0
    outer loop
      vertex -24.3829 42.9432 2
      vertex -24.0507 43.0708 9
      vertex -24.3829 42.9432 9
    endloop
  endfacet
  facet normal 0.358366 -0.933581 0
    outer loop
      vertex -24.0507 43.0708 9
      vertex -24.3829 42.9432 2
      vertex -24.0507 43.0708 2
    endloop
  endfacet
  facet normal 0.45399 -0.891007 0
    outer loop
      vertex -24.7 42.7817 2
      vertex -24.3829 42.9432 9
      vertex -24.7 42.7817 9
    endloop
  endfacet
  facet normal 0.45399 -0.891007 0
    outer loop
      vertex -24.3829 42.9432 9
      vertex -24.7 42.7817 2
      vertex -24.3829 42.9432 2
    endloop
  endfacet
  facet normal -0.544637 -0.838672 0
    outer loop
      vertex -21.3 42.7817 2
      vertex -21.0015 42.5878 9
      vertex -21.3 42.7817 9
    endloop
  endfacet
  facet normal -0.544637 -0.838672 -0
    outer loop
      vertex -21.0015 42.5878 9
      vertex -21.3 42.7817 2
      vertex -21.0015 42.5878 2
    endloop
  endfacet
  facet normal -0.45399 -0.891007 0
    outer loop
      vertex -21.6171 42.9432 2
      vertex -21.3 42.7817 9
      vertex -21.6171 42.9432 9
    endloop
  endfacet
  facet normal -0.45399 -0.891007 -0
    outer loop
      vertex -21.3 42.7817 9
      vertex -21.6171 42.9432 2
      vertex -21.3 42.7817 2
    endloop
  endfacet
  facet normal -0.156442 -0.987687 0
    outer loop
      vertex -22.6446 43.2185 2
      vertex -22.2931 43.1629 9
      vertex -22.6446 43.2185 9
    endloop
  endfacet
  facet normal -0.156442 -0.987687 -0
    outer loop
      vertex -22.2931 43.1629 9
      vertex -22.6446 43.2185 2
      vertex -22.2931 43.1629 2
    endloop
  endfacet
  facet normal -0.707107 -0.707107 0
    outer loop
      vertex -20.4733 42.1122 2
      vertex -20.725 42.3639 9
      vertex -20.725 42.3639 2
    endloop
  endfacet
  facet normal -0.707107 -0.707107 0
    outer loop
      vertex -20.725 42.3639 9
      vertex -20.4733 42.1122 2
      vertex -20.4733 42.1122 9
    endloop
  endfacet
  facet normal 0.156442 -0.987687 0
    outer loop
      vertex -23.7069 43.1629 2
      vertex -23.3554 43.2185 9
      vertex -23.7069 43.1629 9
    endloop
  endfacet
  facet normal 0.156442 -0.987687 0
    outer loop
      vertex -23.3554 43.2185 9
      vertex -23.7069 43.1629 2
      vertex -23.3554 43.2185 2
    endloop
  endfacet
  facet normal 0.0523299 -0.99863 0
    outer loop
      vertex -23.3554 43.2185 2
      vertex -23 43.2372 9
      vertex -23.3554 43.2185 9
    endloop
  endfacet
  facet normal 0.0523299 -0.99863 0
    outer loop
      vertex -23 43.2372 9
      vertex -23.3554 43.2185 2
      vertex -23 43.2372 2
    endloop
  endfacet
  facet normal 0.258819 -0.965926 0
    outer loop
      vertex -24.0507 43.0708 2
      vertex -23.7069 43.1629 9
      vertex -24.0507 43.0708 9
    endloop
  endfacet
  facet normal 0.258819 -0.965926 0
    outer loop
      vertex -23.7069 43.1629 9
      vertex -24.0507 43.0708 2
      vertex -23.7069 43.1629 2
    endloop
  endfacet
  facet normal -0.0523299 -0.99863 0
    outer loop
      vertex -23 43.2372 2
      vertex -22.6446 43.2185 9
      vertex -23 43.2372 9
    endloop
  endfacet
  facet normal -0.0523299 -0.99863 -0
    outer loop
      vertex -22.6446 43.2185 9
      vertex -23 43.2372 2
      vertex -22.6446 43.2185 2
    endloop
  endfacet
  facet normal -0.358366 -0.933581 0
    outer loop
      vertex -21.9493 43.0708 2
      vertex -21.6171 42.9432 9
      vertex -21.9493 43.0708 9
    endloop
  endfacet
  facet normal -0.358366 -0.933581 -0
    outer loop
      vertex -21.6171 42.9432 9
      vertex -21.9493 43.0708 2
      vertex -21.6171 42.9432 2
    endloop
  endfacet
  facet normal -0.5 0.866025 0
    outer loop
      vertex -18.3555 38.5927 2
      vertex -24.2445 35.1927 9
      vertex -18.3555 38.5927 9
    endloop
  endfacet
  facet normal -0.5 0.866025 0
    outer loop
      vertex -24.2445 35.1927 9
      vertex -18.3555 38.5927 2
      vertex -24.2445 35.1927 2
    endloop
  endfacet
  facet normal 0.866025 0.5 0
    outer loop
      vertex -24.2445 35.1927 9
      vertex -25.9445 38.1372 2
      vertex -25.9445 38.1372 9
    endloop
  endfacet
  facet normal 0.866025 0.5 0
    outer loop
      vertex -25.9445 38.1372 2
      vertex -24.2445 35.1927 9
      vertex -24.2445 35.1927 2
    endloop
  endfacet
  facet normal -0.866025 -0.5 0
    outer loop
      vertex -18.3555 38.5927 2
      vertex -20.0555 41.5372 9
      vertex -20.0555 41.5372 2
    endloop
  endfacet
  facet normal -0.866025 -0.5 0
    outer loop
      vertex -20.0555 41.5372 9
      vertex -18.3555 38.5927 2
      vertex -18.3555 38.5927 9
    endloop
  endfacet
  facet normal 0.891007 -0.45399 0
    outer loop
      vertex -42.9432 24.3829 9
      vertex -42.7817 24.7 2
      vertex -42.7817 24.7 9
    endloop
  endfacet
  facet normal 0.891007 -0.45399 0
    outer loop
      vertex -42.7817 24.7 2
      vertex -42.9432 24.3829 9
      vertex -42.9432 24.3829 2
    endloop
  endfacet
  facet normal -0.453992 -0.891006 0
    outer loop
      vertex -38.4543 26.1061 2
      vertex -38.1372 25.9445 9
      vertex -38.4543 26.1061 9
    endloop
  endfacet
  facet normal -0.453992 -0.891006 -0
    outer loop
      vertex -38.1372 25.9445 9
      vertex -38.4543 26.1061 2
      vertex -38.1372 25.9445 2
    endloop
  endfacet
  facet normal 0.965926 0.258819 0
    outer loop
      vertex -43.0708 21.9493 9
      vertex -43.1629 22.2931 2
      vertex -43.1629 22.2931 9
    endloop
  endfacet
  facet normal 0.965926 0.258819 0
    outer loop
      vertex -43.1629 22.2931 2
      vertex -43.0708 21.9493 9
      vertex -43.0708 21.9493 2
    endloop
  endfacet
  facet normal 0.987687 -0.156442 0
    outer loop
      vertex -43.2185 23.3554 9
      vertex -43.1629 23.7069 2
      vertex -43.1629 23.7069 9
    endloop
  endfacet
  facet normal 0.987687 -0.156442 0
    outer loop
      vertex -43.1629 23.7069 2
      vertex -43.2185 23.3554 9
      vertex -43.2185 23.3554 2
    endloop
  endfacet
  facet normal 0.933581 -0.358366 0
    outer loop
      vertex -43.0708 24.0507 9
      vertex -42.9432 24.3829 2
      vertex -42.9432 24.3829 9
    endloop
  endfacet
  facet normal 0.933581 -0.358366 0
    outer loop
      vertex -42.9432 24.3829 2
      vertex -43.0708 24.0507 9
      vertex -43.0708 24.0507 2
    endloop
  endfacet
  facet normal 0.777146 0.629321 0
    outer loop
      vertex -42.3639 20.725 9
      vertex -42.5878 21.0015 2
      vertex -42.5878 21.0015 9
    endloop
  endfacet
  facet normal 0.777146 0.629321 0
    outer loop
      vertex -42.5878 21.0015 2
      vertex -42.3639 20.725 9
      vertex -42.3639 20.725 2
    endloop
  endfacet
  facet normal 0.891007 0.45399 0
    outer loop
      vertex -42.7817 21.3 9
      vertex -42.9432 21.6171 2
      vertex -42.9432 21.6171 9
    endloop
  endfacet
  facet normal 0.891007 0.45399 0
    outer loop
      vertex -42.9432 21.6171 2
      vertex -42.7817 21.3 9
      vertex -42.7817 21.3 2
    endloop
  endfacet
  facet normal 0 0 1
    outer loop
      vertex -41.5372 20.0555 2
      vertex -38.1372 25.9445 2
      vertex -38.4543 26.1061 2
    endloop
  endfacet
  facet normal 0 0 1
    outer loop
      vertex -38.1372 25.9445 2
      vertex -41.5372 20.0555 2
      vertex -35.1927 24.2445 2
    endloop
  endfacet
  facet normal 0 0 1
    outer loop
      vertex -41.5372 20.0555 2
      vertex -38.4543 26.1061 2
      vertex -38.7865 26.2336 2
    endloop
  endfacet
  facet normal 0 0 1
    outer loop
      vertex -41.5372 20.0555 2
      vertex -38.7865 26.2336 2
      vertex -39.1303 26.3257 2
    endloop
  endfacet
  facet normal 0 0 1
    outer loop
      vertex -41.5372 20.0555 2
      vertex -39.1303 26.3257 2
      vertex -39.4818 26.3814 2
    endloop
  endfacet
  facet normal 0 0 1
    outer loop
      vertex -41.5372 20.0555 2
      vertex -39.4818 26.3814 2
      vertex -39.8372 26.4 2
    endloop
  endfacet
  facet normal 0 0 1
    outer loop
      vertex -41.5372 20.0555 2
      vertex -39.8372 26.4 2
      vertex -40.1926 26.3814 2
    endloop
  endfacet
  facet normal 0 0 1
    outer loop
      vertex -41.5372 20.0555 2
      vertex -40.1926 26.3814 2
      vertex -40.5441 26.3257 2
    endloop
  endfacet
  facet normal 0 0 1
    outer loop
      vertex -41.5372 20.0555 2
      vertex -40.5441 26.3257 2
      vertex -40.8878 26.2336 2
    endloop
  endfacet
  facet normal 0 0 1
    outer loop
      vertex -41.5372 20.0555 2
      vertex -40.8878 26.2336 2
      vertex -41.2201 26.1061 2
    endloop
  endfacet
  facet normal 0 0 1
    outer loop
      vertex -41.5372 20.0555 2
      vertex -41.2201 26.1061 2
      vertex -41.5372 25.9445 2
    endloop
  endfacet
  facet normal 0 0 1
    outer loop
      vertex -35.1927 24.2445 2
      vertex -41.5372 20.0555 2
      vertex -38.5927 18.3555 2
    endloop
  endfacet
  facet normal 0 0 1
    outer loop
      vertex -41.5372 25.9445 2
      vertex -41.8356 20.2493 2
      vertex -41.5372 20.0555 2
    endloop
  endfacet
  facet normal -0 0 1
    outer loop
      vertex -41.8356 25.7507 2
      vertex -41.8356 20.2493 2
      vertex -41.5372 25.9445 2
    endloop
  endfacet
  facet normal -0 0 1
    outer loop
      vertex -42.1122 25.5267 2
      vertex -41.8356 20.2493 2
      vertex -41.8356 25.7507 2
    endloop
  endfacet
  facet normal 0 0 1
    outer loop
      vertex -42.1122 25.5267 2
      vertex -42.1122 20.4733 2
      vertex -41.8356 20.2493 2
    endloop
  endfacet
  facet normal -0 0 1
    outer loop
      vertex -42.3639 25.275 2
      vertex -42.1122 20.4733 2
      vertex -42.1122 25.5267 2
    endloop
  endfacet
  facet normal 0 0 1
    outer loop
      vertex -42.3639 25.275 2
      vertex -42.3639 20.725 2
      vertex -42.1122 20.4733 2
    endloop
  endfacet
  facet normal -0 0 1
    outer loop
      vertex -42.5878 24.9985 2
      vertex -42.3639 20.725 2
      vertex -42.3639 25.275 2
    endloop
  endfacet
  facet normal 0 0 1
    outer loop
      vertex -42.5878 24.9985 2
      vertex -42.5878 21.0015 2
      vertex -42.3639 20.725 2
    endloop
  endfacet
  facet normal -0 0 1
    outer loop
      vertex -42.7817 24.7 2
      vertex -42.5878 21.0015 2
      vertex -42.5878 24.9985 2
    endloop
  endfacet
  facet normal 0 0 1
    outer loop
      vertex -42.7817 24.7 2
      vertex -42.7817 21.3 2
      vertex -42.5878 21.0015 2
    endloop
  endfacet
  facet normal -0 0 1
    outer loop
      vertex -42.9432 24.3829 2
      vertex -42.7817 21.3 2
      vertex -42.7817 24.7 2
    endloop
  endfacet
  facet normal 0 0 1
    outer loop
      vertex -42.9432 24.3829 2
      vertex -42.9432 21.6171 2
      vertex -42.7817 21.3 2
    endloop
  endfacet
  facet normal -0 0 1
    outer loop
      vertex -43.0708 24.0507 2
      vertex -42.9432 21.6171 2
      vertex -42.9432 24.3829 2
    endloop
  endfacet
  facet normal 0 0 1
    outer loop
      vertex -43.0708 24.0507 2
      vertex -43.0708 21.9493 2
      vertex -42.9432 21.6171 2
    endloop
  endfacet
  facet normal -0 0 1
    outer loop
      vertex -43.1629 23.7069 2
      vertex -43.0708 21.9493 2
      vertex -43.0708 24.0507 2
    endloop
  endfacet
  facet normal 0 0 1
    outer loop
      vertex -43.1629 23.7069 2
      vertex -43.1629 22.2931 2
      vertex -43.0708 21.9493 2
    endloop
  endfacet
  facet normal -0 0 1
    outer loop
      vertex -43.2185 23.3554 2
      vertex -43.1629 22.2931 2
      vertex -43.1629 23.7069 2
    endloop
  endfacet
  facet normal 0 0 1
    outer loop
      vertex -43.2185 23.3554 2
      vertex -43.2185 22.6446 2
      vertex -43.1629 22.2931 2
    endloop
  endfacet
  facet normal 0 -0 1
    outer loop
      vertex -43.2185 22.6446 2
      vertex -43.2185 23.3554 2
      vertex -43.2372 23 2
    endloop
  endfacet
  facet normal -0.358364 -0.933582 0
    outer loop
      vertex -38.7865 26.2336 2
      vertex -38.4543 26.1061 9
      vertex -38.7865 26.2336 9
    endloop
  endfacet
  facet normal -0.358364 -0.933582 -0
    outer loop
      vertex -38.4543 26.1061 9
      vertex -38.7865 26.2336 2
      vertex -38.4543 26.1061 2
    endloop
  endfacet
  facet normal 0.965926 -0.258819 0
    outer loop
      vertex -43.1629 23.7069 9
      vertex -43.0708 24.0507 2
      vertex -43.0708 24.0507 9
    endloop
  endfacet
  facet normal 0.965926 -0.258819 0
    outer loop
      vertex -43.0708 24.0507 2
      vertex -43.1629 23.7069 9
      vertex -43.1629 23.7069 2
    endloop
  endfacet
  facet normal 0.99863 0.0523299 0
    outer loop
      vertex -43.2185 22.6446 9
      vertex -43.2372 23 2
      vertex -43.2372 23 9
    endloop
  endfacet
  facet normal 0.99863 0.0523299 0
    outer loop
      vertex -43.2372 23 2
      vertex -43.2185 22.6446 9
      vertex -43.2185 22.6446 2
    endloop
  endfacet
  facet normal 0.987687 0.156442 0
    outer loop
      vertex -43.1629 22.2931 9
      vertex -43.2185 22.6446 2
      vertex -43.2185 22.6446 9
    endloop
  endfacet
  facet normal 0.987687 0.156442 0
    outer loop
      vertex -43.2185 22.6446 2
      vertex -43.1629 22.2931 9
      vertex -43.1629 22.2931 2
    endloop
  endfacet
  facet normal 0.99863 -0.0523299 0
    outer loop
      vertex -43.2372 23 9
      vertex -43.2185 23.3554 2
      vertex -43.2185 23.3554 9
    endloop
  endfacet
  facet normal 0.99863 -0.0523299 0
    outer loop
      vertex -43.2185 23.3554 2
      vertex -43.2372 23 9
      vertex -43.2372 23 2
    endloop
  endfacet
  facet normal 0.629319 0.777147 -0
    outer loop
      vertex -41.8356 20.2493 2
      vertex -42.1122 20.4733 9
      vertex -41.8356 20.2493 9
    endloop
  endfacet
  facet normal 0.629319 0.777147 0
    outer loop
      vertex -42.1122 20.4733 9
      vertex -41.8356 20.2493 2
      vertex -42.1122 20.4733 2
    endloop
  endfacet
  facet normal 0.544639 0.83867 -0
    outer loop
      vertex -41.5372 20.0555 2
      vertex -41.8356 20.2493 9
      vertex -41.5372 20.0555 9
    endloop
  endfacet
  facet normal 0.544639 0.83867 0
    outer loop
      vertex -41.8356 20.2493 9
      vertex -41.5372 20.0555 2
      vertex -41.8356 20.2493 2
    endloop
  endfacet
  facet normal 0.933581 0.358366 0
    outer loop
      vertex -42.9432 21.6171 9
      vertex -43.0708 21.9493 2
      vertex -43.0708 21.9493 9
    endloop
  endfacet
  facet normal 0.933581 0.358366 0
    outer loop
      vertex -43.0708 21.9493 2
      vertex -42.9432 21.6171 9
      vertex -42.9432 21.6171 2
    endloop
  endfacet
  facet normal 0.258819 -0.965926 0
    outer loop
      vertex -40.8878 26.2336 2
      vertex -40.5441 26.3257 9
      vertex -40.8878 26.2336 9
    endloop
  endfacet
  facet normal 0.258819 -0.965926 0
    outer loop
      vertex -40.5441 26.3257 9
      vertex -40.8878 26.2336 2
      vertex -40.5441 26.3257 2
    endloop
  endfacet
  facet normal -0.156438 -0.987688 0
    outer loop
      vertex -39.4818 26.3814 2
      vertex -39.1303 26.3257 9
      vertex -39.4818 26.3814 9
    endloop
  endfacet
  facet normal -0.156438 -0.987688 -0
    outer loop
      vertex -39.1303 26.3257 9
      vertex -39.4818 26.3814 2
      vertex -39.1303 26.3257 2
    endloop
  endfacet
  facet normal 0.707107 0.707107 0
    outer loop
      vertex -42.1122 20.4733 9
      vertex -42.3639 20.725 2
      vertex -42.3639 20.725 9
    endloop
  endfacet
  facet normal 0.707107 0.707107 0
    outer loop
      vertex -42.3639 20.725 2
      vertex -42.1122 20.4733 9
      vertex -42.1122 20.4733 2
    endloop
  endfacet
  facet normal 0.838672 0.544637 0
    outer loop
      vertex -42.5878 21.0015 9
      vertex -42.7817 21.3 2
      vertex -42.7817 21.3 9
    endloop
  endfacet
  facet normal 0.838672 0.544637 0
    outer loop
      vertex -42.7817 21.3 2
      vertex -42.5878 21.0015 9
      vertex -42.5878 21.0015 2
    endloop
  endfacet
  facet normal 0.777146 -0.629321 0
    outer loop
      vertex -42.5878 24.9985 9
      vertex -42.3639 25.275 2
      vertex -42.3639 25.275 9
    endloop
  endfacet
  facet normal 0.777146 -0.629321 0
    outer loop
      vertex -42.3639 25.275 2
      vertex -42.5878 24.9985 9
      vertex -42.5878 24.9985 2
    endloop
  endfacet
  facet normal 0.838672 -0.544637 0
    outer loop
      vertex -42.7817 24.7 9
      vertex -42.5878 24.9985 2
      vertex -42.5878 24.9985 9
    endloop
  endfacet
  facet normal 0.838672 -0.544637 0
    outer loop
      vertex -42.5878 24.9985 2
      vertex -42.7817 24.7 9
      vertex -42.7817 24.7 2
    endloop
  endfacet
  facet normal -0.0523346 -0.99863 0
    outer loop
      vertex -39.8372 26.4 2
      vertex -39.4818 26.3814 9
      vertex -39.8372 26.4 9
    endloop
  endfacet
  facet normal -0.0523346 -0.99863 -0
    outer loop
      vertex -39.4818 26.3814 9
      vertex -39.8372 26.4 2
      vertex -39.4818 26.3814 2
    endloop
  endfacet
  facet normal 0.0523352 -0.99863 0
    outer loop
      vertex -40.1926 26.3814 2
      vertex -39.8372 26.4 9
      vertex -40.1926 26.3814 9
    endloop
  endfacet
  facet normal 0.0523352 -0.99863 0
    outer loop
      vertex -39.8372 26.4 9
      vertex -40.1926 26.3814 2
      vertex -39.8372 26.4 2
    endloop
  endfacet
  facet normal 0.358364 -0.933582 0
    outer loop
      vertex -41.2201 26.1061 2
      vertex -40.8878 26.2336 9
      vertex -41.2201 26.1061 9
    endloop
  endfacet
  facet normal 0.358364 -0.933582 0
    outer loop
      vertex -40.8878 26.2336 9
      vertex -41.2201 26.1061 2
      vertex -40.8878 26.2336 2
    endloop
  endfacet
  facet normal -0.258819 -0.965926 0
    outer loop
      vertex -39.1303 26.3257 2
      vertex -38.7865 26.2336 9
      vertex -39.1303 26.3257 9
    endloop
  endfacet
  facet normal -0.258819 -0.965926 -0
    outer loop
      vertex -38.7865 26.2336 9
      vertex -39.1303 26.3257 2
      vertex -38.7865 26.2336 2
    endloop
  endfacet
  facet normal 0.629324 -0.777143 0
    outer loop
      vertex -42.1122 25.5267 2
      vertex -41.8356 25.7507 9
      vertex -42.1122 25.5267 9
    endloop
  endfacet
  facet normal 0.629324 -0.777143 0
    outer loop
      vertex -41.8356 25.7507 9
      vertex -42.1122 25.5267 2
      vertex -41.8356 25.7507 2
    endloop
  endfacet
  facet normal 0.544635 -0.838673 0
    outer loop
      vertex -41.8356 25.7507 2
      vertex -41.5372 25.9445 9
      vertex -41.8356 25.7507 9
    endloop
  endfacet
  facet normal 0.544635 -0.838673 0
    outer loop
      vertex -41.5372 25.9445 9
      vertex -41.8356 25.7507 2
      vertex -41.5372 25.9445 2
    endloop
  endfacet
  facet normal 0.707107 -0.707107 0
    outer loop
      vertex -42.3639 25.275 9
      vertex -42.1122 25.5267 2
      vertex -42.1122 25.5267 9
    endloop
  endfacet
  facet normal 0.707107 -0.707107 0
    outer loop
      vertex -42.1122 25.5267 2
      vertex -42.3639 25.275 9
      vertex -42.3639 25.275 2
    endloop
  endfacet
  facet normal 0.453992 -0.891006 0
    outer loop
      vertex -41.5372 25.9445 2
      vertex -41.2201 26.1061 9
      vertex -41.5372 25.9445 9
    endloop
  endfacet
  facet normal 0.453992 -0.891006 0
    outer loop
      vertex -41.2201 26.1061 9
      vertex -41.5372 25.9445 2
      vertex -41.2201 26.1061 2
    endloop
  endfacet
  facet normal 0.156438 -0.987688 0
    outer loop
      vertex -40.5441 26.3257 2
      vertex -40.1926 26.3814 9
      vertex -40.5441 26.3257 9
    endloop
  endfacet
  facet normal 0.156438 -0.987688 0
    outer loop
      vertex -40.1926 26.3814 9
      vertex -40.5441 26.3257 2
      vertex -40.1926 26.3814 2
    endloop
  endfacet
  facet normal -0.866025 0.5 0
    outer loop
      vertex -38.5927 18.3555 2
      vertex -35.1927 24.2445 9
      vertex -35.1927 24.2445 2
    endloop
  endfacet
  facet normal -0.866025 0.5 0
    outer loop
      vertex -35.1927 24.2445 9
      vertex -38.5927 18.3555 2
      vertex -38.5927 18.3555 9
    endloop
  endfacet
  facet normal 0.5 0.866025 -0
    outer loop
      vertex -38.5927 18.3555 2
      vertex -41.5372 20.0555 9
      vertex -38.5927 18.3555 9
    endloop
  endfacet
  facet normal 0.5 0.866025 0
    outer loop
      vertex -41.5372 20.0555 9
      vertex -38.5927 18.3555 2
      vertex -41.5372 20.0555 2
    endloop
  endfacet
  facet normal -0.5 -0.866025 0
    outer loop
      vertex -38.1372 25.9445 2
      vertex -35.1927 24.2445 9
      vertex -38.1372 25.9445 9
    endloop
  endfacet
  facet normal -0.5 -0.866025 -0
    outer loop
      vertex -35.1927 24.2445 9
      vertex -38.1372 25.9445 2
      vertex -35.1927 24.2445 2
    endloop
  endfacet
  facet normal 0.83867 0.544639 0
    outer loop
      vertex -42.5878 -24.9985 9
      vertex -42.7817 -24.7 2
      vertex -42.7817 -24.7 9
    endloop
  endfacet
  facet normal 0.83867 0.544639 0
    outer loop
      vertex -42.7817 -24.7 2
      vertex -42.5878 -24.9985 9
      vertex -42.5878 -24.9985 2
    endloop
  endfacet
  facet normal 0.544639 -0.83867 0
    outer loop
      vertex -41.8356 -20.2493 2
      vertex -41.5372 -20.0555 9
      vertex -41.8356 -20.2493 9
    endloop
  endfacet
  facet normal 0.544639 -0.83867 0
    outer loop
      vertex -41.5372 -20.0555 9
      vertex -41.8356 -20.2493 2
      vertex -41.5372 -20.0555 2
    endloop
  endfacet
  facet normal 0.258819 0.965926 -0
    outer loop
      vertex -40.5441 -26.3257 2
      vertex -40.8878 -26.2336 9
      vertex -40.5441 -26.3257 9
    endloop
  endfacet
  facet normal 0.258819 0.965926 0
    outer loop
      vertex -40.8878 -26.2336 9
      vertex -40.5441 -26.3257 2
      vertex -40.8878 -26.2336 2
    endloop
  endfacet
  facet normal 0.629324 0.777143 -0
    outer loop
      vertex -41.8356 -25.7507 2
      vertex -42.1122 -25.5267 9
      vertex -41.8356 -25.7507 9
    endloop
  endfacet
  facet normal 0.629324 0.777143 0
    outer loop
      vertex -42.1122 -25.5267 9
      vertex -41.8356 -25.7507 2
      vertex -42.1122 -25.5267 2
    endloop
  endfacet
  facet normal 0.777146 0.629321 0
    outer loop
      vertex -42.3639 -25.275 9
      vertex -42.5878 -24.9985 2
      vertex -42.5878 -24.9985 9
    endloop
  endfacet
  facet normal 0.777146 0.629321 0
    outer loop
      vertex -42.5878 -24.9985 2
      vertex -42.3639 -25.275 9
      vertex -42.3639 -25.275 2
    endloop
  endfacet
  facet normal -0.156438 0.987688 0
    outer loop
      vertex -39.1303 -26.3257 2
      vertex -39.4818 -26.3814 9
      vertex -39.1303 -26.3257 9
    endloop
  endfacet
  facet normal -0.156438 0.987688 0
    outer loop
      vertex -39.4818 -26.3814 9
      vertex -39.1303 -26.3257 2
      vertex -39.4818 -26.3814 2
    endloop
  endfacet
  facet normal 0.0523352 0.99863 -0
    outer loop
      vertex -39.8372 -26.4 2
      vertex -40.1926 -26.3814 9
      vertex -39.8372 -26.4 9
    endloop
  endfacet
  facet normal 0.0523352 0.99863 0
    outer loop
      vertex -40.1926 -26.3814 9
      vertex -39.8372 -26.4 2
      vertex -40.1926 -26.3814 2
    endloop
  endfacet
  facet normal 0 0 1
    outer loop
      vertex -41.5372 -20.0555 2
      vertex -38.1372 -25.9445 2
      vertex -35.1927 -24.2445 2
    endloop
  endfacet
  facet normal -0 0 1
    outer loop
      vertex -41.5372 -20.0555 2
      vertex -35.1927 -24.2445 2
      vertex -38.5927 -18.3555 2
    endloop
  endfacet
  facet normal 0 0 1
    outer loop
      vertex -38.1372 -25.9445 2
      vertex -41.5372 -20.0555 2
      vertex -38.4543 -26.1061 2
    endloop
  endfacet
  facet normal 0 0 1
    outer loop
      vertex -38.4543 -26.1061 2
      vertex -41.5372 -20.0555 2
      vertex -38.7865 -26.2336 2
    endloop
  endfacet
  facet normal 0 0 1
    outer loop
      vertex -38.7865 -26.2336 2
      vertex -41.5372 -20.0555 2
      vertex -39.1303 -26.3257 2
    endloop
  endfacet
  facet normal 0 0 1
    outer loop
      vertex -39.1303 -26.3257 2
      vertex -41.5372 -20.0555 2
      vertex -39.4818 -26.3814 2
    endloop
  endfacet
  facet normal 0 0 1
    outer loop
      vertex -39.4818 -26.3814 2
      vertex -41.5372 -20.0555 2
      vertex -39.8372 -26.4 2
    endloop
  endfacet
  facet normal 0 0 1
    outer loop
      vertex -39.8372 -26.4 2
      vertex -41.5372 -20.0555 2
      vertex -40.1926 -26.3814 2
    endloop
  endfacet
  facet normal 0 0 1
    outer loop
      vertex -40.1926 -26.3814 2
      vertex -41.5372 -20.0555 2
      vertex -40.5441 -26.3257 2
    endloop
  endfacet
  facet normal 0 0 1
    outer loop
      vertex -40.5441 -26.3257 2
      vertex -41.5372 -20.0555 2
      vertex -40.8878 -26.2336 2
    endloop
  endfacet
  facet normal 0 0 1
    outer loop
      vertex -40.8878 -26.2336 2
      vertex -41.5372 -20.0555 2
      vertex -41.2201 -26.1061 2
    endloop
  endfacet
  facet normal 0 0 1
    outer loop
      vertex -41.5372 -20.0555 2
      vertex -41.5372 -25.9445 2
      vertex -41.2201 -26.1061 2
    endloop
  endfacet
  facet normal -0 0 1
    outer loop
      vertex -41.8356 -20.2493 2
      vertex -41.5372 -25.9445 2
      vertex -41.5372 -20.0555 2
    endloop
  endfacet
  facet normal 0 0 1
    outer loop
      vertex -41.8356 -20.2493 2
      vertex -41.8356 -25.7507 2
      vertex -41.5372 -25.9445 2
    endloop
  endfacet
  facet normal -0 0 1
    outer loop
      vertex -42.1122 -20.4733 2
      vertex -41.8356 -25.7507 2
      vertex -41.8356 -20.2493 2
    endloop
  endfacet
  facet normal 0 0 1
    outer loop
      vertex -42.1122 -20.4733 2
      vertex -42.1122 -25.5267 2
      vertex -41.8356 -25.7507 2
    endloop
  endfacet
  facet normal -0 0 1
    outer loop
      vertex -42.3639 -20.725 2
      vertex -42.1122 -25.5267 2
      vertex -42.1122 -20.4733 2
    endloop
  endfacet
  facet normal 0 0 1
    outer loop
      vertex -42.3639 -20.725 2
      vertex -42.3639 -25.275 2
      vertex -42.1122 -25.5267 2
    endloop
  endfacet
  facet normal -0 0 1
    outer loop
      vertex -42.5878 -21.0015 2
      vertex -42.3639 -25.275 2
      vertex -42.3639 -20.725 2
    endloop
  endfacet
  facet normal 0 0 1
    outer loop
      vertex -42.5878 -21.0015 2
      vertex -42.5878 -24.9985 2
      vertex -42.3639 -25.275 2
    endloop
  endfacet
  facet normal -0 0 1
    outer loop
      vertex -42.7817 -21.3 2
      vertex -42.5878 -24.9985 2
      vertex -42.5878 -21.0015 2
    endloop
  endfacet
  facet normal 0 0 1
    outer loop
      vertex -42.7817 -21.3 2
      vertex -42.7817 -24.7 2
      vertex -42.5878 -24.9985 2
    endloop
  endfacet
  facet normal -0 0 1
    outer loop
      vertex -42.9432 -21.6171 2
      vertex -42.7817 -24.7 2
      vertex -42.7817 -21.3 2
    endloop
  endfacet
  facet normal 0 0 1
    outer loop
      vertex -42.9432 -21.6171 2
      vertex -42.9432 -24.3829 2
      vertex -42.7817 -24.7 2
    endloop
  endfacet
  facet normal -0 0 1
    outer loop
      vertex -43.0708 -21.9493 2
      vertex -42.9432 -24.3829 2
      vertex -42.9432 -21.6171 2
    endloop
  endfacet
  facet normal 0 0 1
    outer loop
      vertex -43.0708 -21.9493 2
      vertex -43.0708 -24.0507 2
      vertex -42.9432 -24.3829 2
    endloop
  endfacet
  facet normal -0 0 1
    outer loop
      vertex -43.1629 -22.2931 2
      vertex -43.0708 -24.0507 2
      vertex -43.0708 -21.9493 2
    endloop
  endfacet
  facet normal 0 0 1
    outer loop
      vertex -43.1629 -22.2931 2
      vertex -43.1629 -23.7069 2
      vertex -43.0708 -24.0507 2
    endloop
  endfacet
  facet normal -0 0 1
    outer loop
      vertex -43.2185 -22.6446 2
      vertex -43.1629 -23.7069 2
      vertex -43.1629 -22.2931 2
    endloop
  endfacet
  facet normal 0 0 1
    outer loop
      vertex -43.2185 -22.6446 2
      vertex -43.2185 -23.3554 2
      vertex -43.1629 -23.7069 2
    endloop
  endfacet
  facet normal 0 -0 1
    outer loop
      vertex -43.2185 -23.3554 2
      vertex -43.2185 -22.6446 2
      vertex -43.2372 -23 2
    endloop
  endfacet
  facet normal 0.629319 -0.777147 0
    outer loop
      vertex -42.1122 -20.4733 2
      vertex -41.8356 -20.2493 9
      vertex -42.1122 -20.4733 9
    endloop
  endfacet
  facet normal 0.629319 -0.777147 0
    outer loop
      vertex -41.8356 -20.2493 9
      vertex -42.1122 -20.4733 2
      vertex -41.8356 -20.2493 2
    endloop
  endfacet
  facet normal 0.707107 0.707107 0
    outer loop
      vertex -42.1122 -25.5267 9
      vertex -42.3639 -25.275 2
      vertex -42.3639 -25.275 9
    endloop
  endfacet
  facet normal 0.707107 0.707107 0
    outer loop
      vertex -42.3639 -25.275 2
      vertex -42.1122 -25.5267 9
      vertex -42.1122 -25.5267 2
    endloop
  endfacet
  facet normal 0.453992 0.891006 -0
    outer loop
      vertex -41.2201 -26.1061 2
      vertex -41.5372 -25.9445 9
      vertex -41.2201 -26.1061 9
    endloop
  endfacet
  facet normal 0.453992 0.891006 0
    outer loop
      vertex -41.5372 -25.9445 9
      vertex -41.2201 -26.1061 2
      vertex -41.5372 -25.9445 2
    endloop
  endfacet
  facet normal 0.358364 0.933582 -0
    outer loop
      vertex -40.8878 -26.2336 2
      vertex -41.2201 -26.1061 9
      vertex -40.8878 -26.2336 9
    endloop
  endfacet
  facet normal 0.358364 0.933582 0
    outer loop
      vertex -41.2201 -26.1061 9
      vertex -40.8878 -26.2336 2
      vertex -41.2201 -26.1061 2
    endloop
  endfacet
  facet normal 0.544635 0.838673 -0
    outer loop
      vertex -41.5372 -25.9445 2
      vertex -41.8356 -25.7507 9
      vertex -41.5372 -25.9445 9
    endloop
  endfacet
  facet normal 0.544635 0.838673 0
    outer loop
      vertex -41.8356 -25.7507 9
      vertex -41.5372 -25.9445 2
      vertex -41.8356 -25.7507 2
    endloop
  endfacet
  facet normal -0.358364 0.933582 0
    outer loop
      vertex -38.4543 -26.1061 2
      vertex -38.7865 -26.2336 9
      vertex -38.4543 -26.1061 9
    endloop
  endfacet
  facet normal -0.358364 0.933582 0
    outer loop
      vertex -38.7865 -26.2336 9
      vertex -38.4543 -26.1061 2
      vertex -38.7865 -26.2336 2
    endloop
  endfacet
  facet normal -0.453992 0.891006 0
    outer loop
      vertex -38.1372 -25.9445 2
      vertex -38.4543 -26.1061 9
      vertex -38.1372 -25.9445 9
    endloop
  endfacet
  facet normal -0.453992 0.891006 0
    outer loop
      vertex -38.4543 -26.1061 9
      vertex -38.1372 -25.9445 2
      vertex -38.4543 -26.1061 2
    endloop
  endfacet
  facet normal 0.156438 0.987688 -0
    outer loop
      vertex -40.1926 -26.3814 2
      vertex -40.5441 -26.3257 9
      vertex -40.1926 -26.3814 9
    endloop
  endfacet
  facet normal 0.156438 0.987688 0
    outer loop
      vertex -40.5441 -26.3257 9
      vertex -40.1926 -26.3814 2
      vertex -40.5441 -26.3257 2
    endloop
  endfacet
  facet normal 0.965926 -0.258819 0
    outer loop
      vertex -43.1629 -22.2931 9
      vertex -43.0708 -21.9493 2
      vertex -43.0708 -21.9493 9
    endloop
  endfacet
  facet normal 0.965926 -0.258819 0
    outer loop
      vertex -43.0708 -21.9493 2
      vertex -43.1629 -22.2931 9
      vertex -43.1629 -22.2931 2
    endloop
  endfacet
  facet normal 0.777146 -0.629321 0
    outer loop
      vertex -42.5878 -21.0015 9
      vertex -42.3639 -20.725 2
      vertex -42.3639 -20.725 9
    endloop
  endfacet
  facet normal 0.777146 -0.629321 0
    outer loop
      vertex -42.3639 -20.725 2
      vertex -42.5878 -21.0015 9
      vertex -42.5878 -21.0015 2
    endloop
  endfacet
  facet normal -0.258819 0.965926 0
    outer loop
      vertex -38.7865 -26.2336 2
      vertex -39.1303 -26.3257 9
      vertex -38.7865 -26.2336 9
    endloop
  endfacet
  facet normal -0.258819 0.965926 0
    outer loop
      vertex -39.1303 -26.3257 9
      vertex -38.7865 -26.2336 2
      vertex -39.1303 -26.3257 2
    endloop
  endfacet
  facet normal -0.0523346 0.99863 0
    outer loop
      vertex -39.4818 -26.3814 2
      vertex -39.8372 -26.4 9
      vertex -39.4818 -26.3814 9
    endloop
  endfacet
  facet normal -0.0523346 0.99863 0
    outer loop
      vertex -39.8372 -26.4 9
      vertex -39.4818 -26.3814 2
      vertex -39.8372 -26.4 2
    endloop
  endfacet
  facet normal 0.933581 0.358366 0
    outer loop
      vertex -42.9432 -24.3829 9
      vertex -43.0708 -24.0507 2
      vertex -43.0708 -24.0507 9
    endloop
  endfacet
  facet normal 0.933581 0.358366 0
    outer loop
      vertex -43.0708 -24.0507 2
      vertex -42.9432 -24.3829 9
      vertex -42.9432 -24.3829 2
    endloop
  endfacet
  facet normal 0.891008 0.453988 0
    outer loop
      vertex -42.7817 -24.7 9
      vertex -42.9432 -24.3829 2
      vertex -42.9432 -24.3829 9
    endloop
  endfacet
  facet normal 0.891008 0.453988 0
    outer loop
      vertex -42.9432 -24.3829 2
      vertex -42.7817 -24.7 9
      vertex -42.7817 -24.7 2
    endloop
  endfacet
  facet normal 0.838672 -0.544637 0
    outer loop
      vertex -42.7817 -21.3 9
      vertex -42.5878 -21.0015 2
      vertex -42.5878 -21.0015 9
    endloop
  endfacet
  facet normal 0.838672 -0.544637 0
    outer loop
      vertex -42.5878 -21.0015 2
      vertex -42.7817 -21.3 9
      vertex -42.7817 -21.3 2
    endloop
  endfacet
  facet normal 0.891007 -0.45399 0
    outer loop
      vertex -42.9432 -21.6171 9
      vertex -42.7817 -21.3 2
      vertex -42.7817 -21.3 9
    endloop
  endfacet
  facet normal 0.891007 -0.45399 0
    outer loop
      vertex -42.7817 -21.3 2
      vertex -42.9432 -21.6171 9
      vertex -42.9432 -21.6171 2
    endloop
  endfacet
  facet normal 0.987687 -0.156442 0
    outer loop
      vertex -43.2185 -22.6446 9
      vertex -43.1629 -22.2931 2
      vertex -43.1629 -22.2931 9
    endloop
  endfacet
  facet normal 0.987687 -0.156442 0
    outer loop
      vertex -43.1629 -22.2931 2
      vertex -43.2185 -22.6446 9
      vertex -43.2185 -22.6446 2
    endloop
  endfacet
  facet normal 0.707107 -0.707107 0
    outer loop
      vertex -42.3639 -20.725 9
      vertex -42.1122 -20.4733 2
      vertex -42.1122 -20.4733 9
    endloop
  endfacet
  facet normal 0.707107 -0.707107 0
    outer loop
      vertex -42.1122 -20.4733 2
      vertex -42.3639 -20.725 9
      vertex -42.3639 -20.725 2
    endloop
  endfacet
  facet normal 0.987687 0.156442 0
    outer loop
      vertex -43.1629 -23.7069 9
      vertex -43.2185 -23.3554 2
      vertex -43.2185 -23.3554 9
    endloop
  endfacet
  facet normal 0.987687 0.156442 0
    outer loop
      vertex -43.2185 -23.3554 2
      vertex -43.1629 -23.7069 9
      vertex -43.1629 -23.7069 2
    endloop
  endfacet
  facet normal 0.99863 0.0523299 0
    outer loop
      vertex -43.2185 -23.3554 9
      vertex -43.2372 -23 2
      vertex -43.2372 -23 9
    endloop
  endfacet
  facet normal 0.99863 0.0523299 0
    outer loop
      vertex -43.2372 -23 2
      vertex -43.2185 -23.3554 9
      vertex -43.2185 -23.3554 2
    endloop
  endfacet
  facet normal 0.965926 0.258819 0
    outer loop
      vertex -43.0708 -24.0507 9
      vertex -43.1629 -23.7069 2
      vertex -43.1629 -23.7069 9
    endloop
  endfacet
  facet normal 0.965926 0.258819 0
    outer loop
      vertex -43.1629 -23.7069 2
      vertex -43.0708 -24.0507 9
      vertex -43.0708 -24.0507 2
    endloop
  endfacet
  facet normal 0.99863 -0.0523299 0
    outer loop
      vertex -43.2372 -23 9
      vertex -43.2185 -22.6446 2
      vertex -43.2185 -22.6446 9
    endloop
  endfacet
  facet normal 0.99863 -0.0523299 0
    outer loop
      vertex -43.2185 -22.6446 2
      vertex -43.2372 -23 9
      vertex -43.2372 -23 2
    endloop
  endfacet
  facet normal 0.933581 -0.358366 0
    outer loop
      vertex -43.0708 -21.9493 9
      vertex -42.9432 -21.6171 2
      vertex -42.9432 -21.6171 9
    endloop
  endfacet
  facet normal 0.933581 -0.358366 0
    outer loop
      vertex -42.9432 -21.6171 2
      vertex -43.0708 -21.9493 9
      vertex -43.0708 -21.9493 2
    endloop
  endfacet
  facet normal -0.866025 -0.5 0
    outer loop
      vertex -35.1927 -24.2445 2
      vertex -38.5927 -18.3555 9
      vertex -38.5927 -18.3555 2
    endloop
  endfacet
  facet normal -0.866025 -0.5 0
    outer loop
      vertex -38.5927 -18.3555 9
      vertex -35.1927 -24.2445 2
      vertex -35.1927 -24.2445 9
    endloop
  endfacet
  facet normal -0.5 0.866025 0
    outer loop
      vertex -35.1927 -24.2445 2
      vertex -38.1372 -25.9445 9
      vertex -35.1927 -24.2445 9
    endloop
  endfacet
  facet normal -0.5 0.866025 0
    outer loop
      vertex -38.1372 -25.9445 9
      vertex -35.1927 -24.2445 2
      vertex -38.1372 -25.9445 2
    endloop
  endfacet
  facet normal 0.5 -0.866025 0
    outer loop
      vertex -41.5372 -20.0555 2
      vertex -38.5927 -18.3555 9
      vertex -41.5372 -20.0555 9
    endloop
  endfacet
  facet normal 0.5 -0.866025 0
    outer loop
      vertex -38.5927 -18.3555 9
      vertex -41.5372 -20.0555 2
      vertex -38.5927 -18.3555 2
    endloop
  endfacet
  facet normal 0.453988 0.891008 -0
    outer loop
      vertex -24.3829 -42.9432 2
      vertex -24.7 -42.7817 9
      vertex -24.3829 -42.9432 9
    endloop
  endfacet
  facet normal 0.453988 0.891008 0
    outer loop
      vertex -24.7 -42.7817 9
      vertex -24.3829 -42.9432 2
      vertex -24.7 -42.7817 2
    endloop
  endfacet
  facet normal 0.891006 -0.453992 0
    outer loop
      vertex -26.1061 -38.4543 9
      vertex -25.9445 -38.1372 2
      vertex -25.9445 -38.1372 9
    endloop
  endfacet
  facet normal 0.891006 -0.453992 0
    outer loop
      vertex -25.9445 -38.1372 2
      vertex -26.1061 -38.4543 9
      vertex -26.1061 -38.4543 2
    endloop
  endfacet
  facet normal -0.258819 0.965926 0
    outer loop
      vertex -21.9493 -43.0708 2
      vertex -22.2931 -43.1629 9
      vertex -21.9493 -43.0708 9
    endloop
  endfacet
  facet normal -0.258819 0.965926 0
    outer loop
      vertex -22.2931 -43.1629 9
      vertex -21.9493 -43.0708 2
      vertex -22.2931 -43.1629 2
    endloop
  endfacet
  facet normal 0.156442 0.987687 -0
    outer loop
      vertex -23.3554 -43.2185 2
      vertex -23.7069 -43.1629 9
      vertex -23.3554 -43.2185 9
    endloop
  endfacet
  facet normal 0.156442 0.987687 0
    outer loop
      vertex -23.7069 -43.1629 9
      vertex -23.3554 -43.2185 2
      vertex -23.7069 -43.1629 2
    endloop
  endfacet
  facet normal 0.358366 0.933581 -0
    outer loop
      vertex -24.0507 -43.0708 2
      vertex -24.3829 -42.9432 9
      vertex -24.0507 -43.0708 9
    endloop
  endfacet
  facet normal 0.358366 0.933581 0
    outer loop
      vertex -24.3829 -42.9432 9
      vertex -24.0507 -43.0708 2
      vertex -24.3829 -42.9432 2
    endloop
  endfacet
  facet normal -0.629321 0.777146 0
    outer loop
      vertex -20.725 -42.3639 2
      vertex -21.0015 -42.5878 9
      vertex -20.725 -42.3639 9
    endloop
  endfacet
  facet normal -0.629321 0.777146 0
    outer loop
      vertex -21.0015 -42.5878 9
      vertex -20.725 -42.3639 2
      vertex -21.0015 -42.5878 2
    endloop
  endfacet
  facet normal -0.45399 0.891007 0
    outer loop
      vertex -21.3 -42.7817 2
      vertex -21.6171 -42.9432 9
      vertex -21.3 -42.7817 9
    endloop
  endfacet
  facet normal -0.45399 0.891007 0
    outer loop
      vertex -21.6171 -42.9432 9
      vertex -21.3 -42.7817 2
      vertex -21.6171 -42.9432 2
    endloop
  endfacet
  facet normal 0 0 1
    outer loop
      vertex -25.9445 -38.1372 2
      vertex -20.0555 -41.5372 2
      vertex -18.3555 -38.5927 2
    endloop
  endfacet
  facet normal 0 0 1
    outer loop
      vertex -20.0555 -41.5372 2
      vertex -25.9445 -38.1372 2
      vertex -20.2493 -41.8356 2
    endloop
  endfacet
  facet normal 0 0 1
    outer loop
      vertex -20.2493 -41.8356 2
      vertex -25.9445 -38.1372 2
      vertex -20.4733 -42.1122 2
    endloop
  endfacet
  facet normal 0 0 1
    outer loop
      vertex -20.4733 -42.1122 2
      vertex -25.9445 -38.1372 2
      vertex -20.725 -42.3639 2
    endloop
  endfacet
  facet normal 0 0 1
    outer loop
      vertex -20.725 -42.3639 2
      vertex -25.9445 -38.1372 2
      vertex -21.0015 -42.5878 2
    endloop
  endfacet
  facet normal 0 0 1
    outer loop
      vertex -21.0015 -42.5878 2
      vertex -25.9445 -38.1372 2
      vertex -21.3 -42.7817 2
    endloop
  endfacet
  facet normal 0 0 1
    outer loop
      vertex -21.3 -42.7817 2
      vertex -25.9445 -38.1372 2
      vertex -21.6171 -42.9432 2
    endloop
  endfacet
  facet normal 0 0 1
    outer loop
      vertex -21.6171 -42.9432 2
      vertex -25.9445 -38.1372 2
      vertex -21.9493 -43.0708 2
    endloop
  endfacet
  facet normal 0 0 1
    outer loop
      vertex -21.9493 -43.0708 2
      vertex -25.9445 -38.1372 2
      vertex -22.2931 -43.1629 2
    endloop
  endfacet
  facet normal 0 0 1
    outer loop
      vertex -22.2931 -43.1629 2
      vertex -25.9445 -38.1372 2
      vertex -22.6446 -43.2185 2
    endloop
  endfacet
  facet normal 0 0 1
    outer loop
      vertex -22.6446 -43.2185 2
      vertex -25.9445 -38.1372 2
      vertex -23 -43.2372 2
    endloop
  endfacet
  facet normal 0 0 1
    outer loop
      vertex -23 -43.2372 2
      vertex -25.9445 -38.1372 2
      vertex -23.3554 -43.2185 2
    endloop
  endfacet
  facet normal 0 0 1
    outer loop
      vertex -23.3554 -43.2185 2
      vertex -25.9445 -38.1372 2
      vertex -23.7069 -43.1629 2
    endloop
  endfacet
  facet normal -0 0 1
    outer loop
      vertex -25.9445 -38.1372 2
      vertex -18.3555 -38.5927 2
      vertex -24.2445 -35.1927 2
    endloop
  endfacet
  facet normal 0 0 1
    outer loop
      vertex -23.7069 -43.1629 2
      vertex -25.9445 -38.1372 2
      vertex -24.0507 -43.0708 2
    endloop
  endfacet
  facet normal 0 0 1
    outer loop
      vertex -24.0507 -43.0708 2
      vertex -25.9445 -38.1372 2
      vertex -24.3829 -42.9432 2
    endloop
  endfacet
  facet normal 0 0 1
    outer loop
      vertex -24.3829 -42.9432 2
      vertex -25.9445 -38.1372 2
      vertex -24.7 -42.7817 2
    endloop
  endfacet
  facet normal 0 0 1
    outer loop
      vertex -24.7 -42.7817 2
      vertex -25.9445 -38.1372 2
      vertex -24.9985 -42.5878 2
    endloop
  endfacet
  facet normal 0 0 1
    outer loop
      vertex -24.9985 -42.5878 2
      vertex -25.9445 -38.1372 2
      vertex -25.275 -42.3639 2
    endloop
  endfacet
  facet normal 0 0 1
    outer loop
      vertex -25.275 -42.3639 2
      vertex -25.9445 -38.1372 2
      vertex -25.5267 -42.1122 2
    endloop
  endfacet
  facet normal 0 0 1
    outer loop
      vertex -25.5267 -42.1122 2
      vertex -25.9445 -38.1372 2
      vertex -25.7507 -41.8356 2
    endloop
  endfacet
  facet normal 0 0 1
    outer loop
      vertex -25.9445 -38.1372 2
      vertex -25.9445 -41.5372 2
      vertex -25.7507 -41.8356 2
    endloop
  endfacet
  facet normal -0 0 1
    outer loop
      vertex -26.1061 -38.4543 2
      vertex -25.9445 -41.5372 2
      vertex -25.9445 -38.1372 2
    endloop
  endfacet
  facet normal 0 0 1
    outer loop
      vertex -26.1061 -38.4543 2
      vertex -26.1061 -41.2201 2
      vertex -25.9445 -41.5372 2
    endloop
  endfacet
  facet normal -0 0 1
    outer loop
      vertex -26.2336 -38.7865 2
      vertex -26.1061 -41.2201 2
      vertex -26.1061 -38.4543 2
    endloop
  endfacet
  facet normal 0 0 1
    outer loop
      vertex -26.2336 -38.7865 2
      vertex -26.2336 -40.8878 2
      vertex -26.1061 -41.2201 2
    endloop
  endfacet
  facet normal -0 0 1
    outer loop
      vertex -26.3257 -39.1303 2
      vertex -26.2336 -40.8878 2
      vertex -26.2336 -38.7865 2
    endloop
  endfacet
  facet normal 0 0 1
    outer loop
      vertex -26.3257 -39.1303 2
      vertex -26.3257 -40.5441 2
      vertex -26.2336 -40.8878 2
    endloop
  endfacet
  facet normal -0 0 1
    outer loop
      vertex -26.3814 -39.4818 2
      vertex -26.3257 -40.5441 2
      vertex -26.3257 -39.1303 2
    endloop
  endfacet
  facet normal 0 0 1
    outer loop
      vertex -26.3814 -39.4818 2
      vertex -26.3814 -40.1926 2
      vertex -26.3257 -40.5441 2
    endloop
  endfacet
  facet normal 0 -0 1
    outer loop
      vertex -26.3814 -40.1926 2
      vertex -26.3814 -39.4818 2
      vertex -26.4 -39.8372 2
    endloop
  endfacet
  facet normal 0.933582 -0.358364 0
    outer loop
      vertex -26.2336 -38.7865 9
      vertex -26.1061 -38.4543 2
      vertex -26.1061 -38.4543 9
    endloop
  endfacet
  facet normal 0.933582 -0.358364 0
    outer loop
      vertex -26.1061 -38.4543 2
      vertex -26.2336 -38.7865 9
      vertex -26.2336 -38.7865 2
    endloop
  endfacet
  facet normal 0.258819 0.965926 -0
    outer loop
      vertex -23.7069 -43.1629 2
      vertex -24.0507 -43.0708 9
      vertex -23.7069 -43.1629 9
    endloop
  endfacet
  facet normal 0.258819 0.965926 0
    outer loop
      vertex -24.0507 -43.0708 9
      vertex -23.7069 -43.1629 2
      vertex -24.0507 -43.0708 2
    endloop
  endfacet
  facet normal -0.0523299 0.99863 0
    outer loop
      vertex -22.6446 -43.2185 2
      vertex -23 -43.2372 9
      vertex -22.6446 -43.2185 9
    endloop
  endfacet
  facet normal -0.0523299 0.99863 0
    outer loop
      vertex -23 -43.2372 9
      vertex -22.6446 -43.2185 2
      vertex -23 -43.2372 2
    endloop
  endfacet
  facet normal -0.156442 0.987687 0
    outer loop
      vertex -22.2931 -43.1629 2
      vertex -22.6446 -43.2185 9
      vertex -22.2931 -43.1629 9
    endloop
  endfacet
  facet normal -0.156442 0.987687 0
    outer loop
      vertex -22.6446 -43.2185 9
      vertex -22.2931 -43.1629 2
      vertex -22.6446 -43.2185 2
    endloop
  endfacet
  facet normal 0.0523299 0.99863 -0
    outer loop
      vertex -23 -43.2372 2
      vertex -23.3554 -43.2185 9
      vertex -23 -43.2372 9
    endloop
  endfacet
  facet normal 0.0523299 0.99863 0
    outer loop
      vertex -23.3554 -43.2185 9
      vertex -23 -43.2372 2
      vertex -23.3554 -43.2185 2
    endloop
  endfacet
  facet normal -0.777147 0.629319 0
    outer loop
      vertex -20.4733 -42.1122 2
      vertex -20.2493 -41.8356 9
      vertex -20.2493 -41.8356 2
    endloop
  endfacet
  facet normal -0.777147 0.629319 0
    outer loop
      vertex -20.2493 -41.8356 9
      vertex -20.4733 -42.1122 2
      vertex -20.4733 -42.1122 9
    endloop
  endfacet
  facet normal -0.83867 0.544639 0
    outer loop
      vertex -20.2493 -41.8356 2
      vertex -20.0555 -41.5372 9
      vertex -20.0555 -41.5372 2
    endloop
  endfacet
  facet normal -0.83867 0.544639 0
    outer loop
      vertex -20.0555 -41.5372 9
      vertex -20.2493 -41.8356 2
      vertex -20.2493 -41.8356 9
    endloop
  endfacet
  facet normal -0.358366 0.933581 0
    outer loop
      vertex -21.6171 -42.9432 2
      vertex -21.9493 -43.0708 9
      vertex -21.6171 -42.9432 9
    endloop
  endfacet
  facet normal -0.358366 0.933581 0
    outer loop
      vertex -21.9493 -43.0708 9
      vertex -21.6171 -42.9432 2
      vertex -21.9493 -43.0708 2
    endloop
  endfacet
  facet normal 0.965926 0.258819 0
    outer loop
      vertex -26.2336 -40.8878 9
      vertex -26.3257 -40.5441 2
      vertex -26.3257 -40.5441 9
    endloop
  endfacet
  facet normal 0.965926 0.258819 0
    outer loop
      vertex -26.3257 -40.5441 2
      vertex -26.2336 -40.8878 9
      vertex -26.2336 -40.8878 2
    endloop
  endfacet
  facet normal 0.987688 -0.156438 0
    outer loop
      vertex -26.3814 -39.4818 9
      vertex -26.3257 -39.1303 2
      vertex -26.3257 -39.1303 9
    endloop
  endfacet
  facet normal 0.987688 -0.156438 0
    outer loop
      vertex -26.3257 -39.1303 2
      vertex -26.3814 -39.4818 9
      vertex -26.3814 -39.4818 2
    endloop
  endfacet
  facet normal -0.707107 0.707107 0
    outer loop
      vertex -20.725 -42.3639 2
      vertex -20.4733 -42.1122 9
      vertex -20.4733 -42.1122 2
    endloop
  endfacet
  facet normal -0.707107 0.707107 0
    outer loop
      vertex -20.4733 -42.1122 9
      vertex -20.725 -42.3639 2
      vertex -20.725 -42.3639 9
    endloop
  endfacet
  facet normal -0.544637 0.838672 0
    outer loop
      vertex -21.0015 -42.5878 2
      vertex -21.3 -42.7817 9
      vertex -21.0015 -42.5878 9
    endloop
  endfacet
  facet normal -0.544637 0.838672 0
    outer loop
      vertex -21.3 -42.7817 9
      vertex -21.0015 -42.5878 2
      vertex -21.3 -42.7817 2
    endloop
  endfacet
  facet normal 0.629321 0.777146 -0
    outer loop
      vertex -24.9985 -42.5878 2
      vertex -25.275 -42.3639 9
      vertex -24.9985 -42.5878 9
    endloop
  endfacet
  facet normal 0.629321 0.777146 0
    outer loop
      vertex -25.275 -42.3639 9
      vertex -24.9985 -42.5878 2
      vertex -25.275 -42.3639 2
    endloop
  endfacet
  facet normal 0.544639 0.83867 -0
    outer loop
      vertex -24.7 -42.7817 2
      vertex -24.9985 -42.5878 9
      vertex -24.7 -42.7817 9
    endloop
  endfacet
  facet normal 0.544639 0.83867 0
    outer loop
      vertex -24.9985 -42.5878 9
      vertex -24.7 -42.7817 2
      vertex -24.9985 -42.5878 2
    endloop
  endfacet
  facet normal 0.99863 -0.0523346 0
    outer loop
      vertex -26.4 -39.8372 9
      vertex -26.3814 -39.4818 2
      vertex -26.3814 -39.4818 9
    endloop
  endfacet
  facet normal 0.99863 -0.0523346 0
    outer loop
      vertex -26.3814 -39.4818 2
      vertex -26.4 -39.8372 9
      vertex -26.4 -39.8372 2
    endloop
  endfacet
  facet normal 0.99863 0.0523352 0
    outer loop
      vertex -26.3814 -40.1926 9
      vertex -26.4 -39.8372 2
      vertex -26.4 -39.8372 9
    endloop
  endfacet
  facet normal 0.99863 0.0523352 0
    outer loop
      vertex -26.4 -39.8372 2
      vertex -26.3814 -40.1926 9
      vertex -26.3814 -40.1926 2
    endloop
  endfacet
  facet normal 0.933582 0.358364 0
    outer loop
      vertex -26.1061 -41.2201 9
      vertex -26.2336 -40.8878 2
      vertex -26.2336 -40.8878 9
    endloop
  endfacet
  facet normal 0.933582 0.358364 0
    outer loop
      vertex -26.2336 -40.8878 2
      vertex -26.1061 -41.2201 9
      vertex -26.1061 -41.2201 2
    endloop
  endfacet
  facet normal 0.965926 -0.258819 0
    outer loop
      vertex -26.3257 -39.1303 9
      vertex -26.2336 -38.7865 2
      vertex -26.2336 -38.7865 9
    endloop
  endfacet
  facet normal 0.965926 -0.258819 0
    outer loop
      vertex -26.2336 -38.7865 2
      vertex -26.3257 -39.1303 9
      vertex -26.3257 -39.1303 2
    endloop
  endfacet
  facet normal 0.777143 0.629324 0
    outer loop
      vertex -25.5267 -42.1122 9
      vertex -25.7507 -41.8356 2
      vertex -25.7507 -41.8356 9
    endloop
  endfacet
  facet normal 0.777143 0.629324 0
    outer loop
      vertex -25.7507 -41.8356 2
      vertex -25.5267 -42.1122 9
      vertex -25.5267 -42.1122 2
    endloop
  endfacet
  facet normal 0.838673 0.544635 0
    outer loop
      vertex -25.7507 -41.8356 9
      vertex -25.9445 -41.5372 2
      vertex -25.9445 -41.5372 9
    endloop
  endfacet
  facet normal 0.838673 0.544635 0
    outer loop
      vertex -25.9445 -41.5372 2
      vertex -25.7507 -41.8356 9
      vertex -25.7507 -41.8356 2
    endloop
  endfacet
  facet normal 0.707107 0.707107 0
    outer loop
      vertex -25.275 -42.3639 9
      vertex -25.5267 -42.1122 2
      vertex -25.5267 -42.1122 9
    endloop
  endfacet
  facet normal 0.707107 0.707107 0
    outer loop
      vertex -25.5267 -42.1122 2
      vertex -25.275 -42.3639 9
      vertex -25.275 -42.3639 2
    endloop
  endfacet
  facet normal 0.891006 0.453992 0
    outer loop
      vertex -25.9445 -41.5372 9
      vertex -26.1061 -41.2201 2
      vertex -26.1061 -41.2201 9
    endloop
  endfacet
  facet normal 0.891006 0.453992 0
    outer loop
      vertex -26.1061 -41.2201 2
      vertex -25.9445 -41.5372 9
      vertex -25.9445 -41.5372 2
    endloop
  endfacet
  facet normal 0.987688 0.156438 0
    outer loop
      vertex -26.3257 -40.5441 9
      vertex -26.3814 -40.1926 2
      vertex -26.3814 -40.1926 9
    endloop
  endfacet
  facet normal 0.987688 0.156438 0
    outer loop
      vertex -26.3814 -40.1926 2
      vertex -26.3257 -40.5441 9
      vertex -26.3257 -40.5441 2
    endloop
  endfacet
  facet normal -0.5 -0.866025 0
    outer loop
      vertex -24.2445 -35.1927 2
      vertex -18.3555 -38.5927 9
      vertex -24.2445 -35.1927 9
    endloop
  endfacet
  facet normal -0.5 -0.866025 -0
    outer loop
      vertex -18.3555 -38.5927 9
      vertex -24.2445 -35.1927 2
      vertex -18.3555 -38.5927 2
    endloop
  endfacet
  facet normal -0.866025 0.5 0
    outer loop
      vertex -20.0555 -41.5372 2
      vertex -18.3555 -38.5927 9
      vertex -18.3555 -38.5927 2
    endloop
  endfacet
  facet normal -0.866025 0.5 0
    outer loop
      vertex -18.3555 -38.5927 9
      vertex -20.0555 -41.5372 2
      vertex -20.0555 -41.5372 9
    endloop
  endfacet
  facet normal 0.866025 -0.5 0
    outer loop
      vertex -25.9445 -38.1372 9
      vertex -24.2445 -35.1927 2
      vertex -24.2445 -35.1927 9
    endloop
  endfacet
  facet normal 0.866025 -0.5 0
    outer loop
      vertex -24.2445 -35.1927 2
      vertex -25.9445 -38.1372 9
      vertex -25.9445 -38.1372 2
    endloop
  endfacet
  facet normal -0.0523405 0.998629 0
    outer loop
      vertex 0.355396 -49.3814 2
      vertex -1.0969e-014 -49.4 9
      vertex 0.355396 -49.3814 9
    endloop
  endfacet
  facet normal -0.0523405 0.998629 0
    outer loop
      vertex -1.0969e-014 -49.4 9
      vertex 0.355396 -49.3814 2
      vertex -1.0969e-014 -49.4 2
    endloop
  endfacet
  facet normal 0.99863 0.0523352 0
    outer loop
      vertex -3.38137 -46.3554 9
      vertex -3.4 -46 2
      vertex -3.4 -46 9
    endloop
  endfacet
  facet normal 0.99863 0.0523352 0
    outer loop
      vertex -3.4 -46 2
      vertex -3.38137 -46.3554 9
      vertex -3.38137 -46.3554 2
    endloop
  endfacet
  facet normal -0.707105 0.707108 0
    outer loop
      vertex 2.52669 -48.275 2
      vertex 2.27504 -48.5267 9
      vertex 2.52669 -48.275 9
    endloop
  endfacet
  facet normal -0.707105 0.707108 0
    outer loop
      vertex 2.27504 -48.5267 9
      vertex 2.52669 -48.275 2
      vertex 2.27504 -48.5267 2
    endloop
  endfacet
  facet normal -0.358366 0.933581 0
    outer loop
      vertex 1.3829 -49.1061 2
      vertex 1.05066 -49.2336 9
      vertex 1.3829 -49.1061 9
    endloop
  endfacet
  facet normal -0.358366 0.933581 0
    outer loop
      vertex 1.05066 -49.2336 9
      vertex 1.3829 -49.1061 2
      vertex 1.05066 -49.2336 2
    endloop
  endfacet
  facet normal -0.156432 0.987689 0
    outer loop
      vertex 0.7069 -49.3257 2
      vertex 0.355396 -49.3814 9
      vertex 0.7069 -49.3257 9
    endloop
  endfacet
  facet normal -0.156432 0.987689 0
    outer loop
      vertex 0.355396 -49.3814 9
      vertex 0.7069 -49.3257 2
      vertex 0.355396 -49.3814 2
    endloop
  endfacet
  facet normal -0.93358 0.35837 0
    outer loop
      vertex 3.10605 -47.3829 2
      vertex 3.23359 -47.0507 9
      vertex 3.23359 -47.0507 2
    endloop
  endfacet
  facet normal -0.93358 0.35837 0
    outer loop
      vertex 3.23359 -47.0507 9
      vertex 3.10605 -47.3829 2
      vertex 3.10605 -47.3829 9
    endloop
  endfacet
  facet normal -0.83867 0.544639 0
    outer loop
      vertex 2.75066 -47.9985 2
      vertex 2.94449 -47.7 9
      vertex 2.94449 -47.7 2
    endloop
  endfacet
  facet normal -0.83867 0.544639 0
    outer loop
      vertex 2.94449 -47.7 9
      vertex 2.75066 -47.9985 2
      vertex 2.75066 -47.9985 9
    endloop
  endfacet
  facet normal 0 0 1
    outer loop
      vertex -3.4 -46 2
      vertex 3.4 -46 2
      vertex 3.4 -42.6 2
    endloop
  endfacet
  facet normal 0 0 1
    outer loop
      vertex 3.4 -46 2
      vertex -3.4 -46 2
      vertex 3.38137 -46.3554 2
    endloop
  endfacet
  facet normal 0 0 1
    outer loop
      vertex 3.38137 -46.3554 2
      vertex -3.4 -46 2
      vertex 3.3257 -46.7069 2
    endloop
  endfacet
  facet normal 0 0 1
    outer loop
      vertex 3.3257 -46.7069 2
      vertex -3.4 -46 2
      vertex 3.23359 -47.0507 2
    endloop
  endfacet
  facet normal 0 0 1
    outer loop
      vertex 3.23359 -47.0507 2
      vertex -3.4 -46 2
      vertex 3.10605 -47.3829 2
    endloop
  endfacet
  facet normal 0 0 1
    outer loop
      vertex 3.10605 -47.3829 2
      vertex -3.4 -46 2
      vertex 2.94449 -47.7 2
    endloop
  endfacet
  facet normal 0 0 1
    outer loop
      vertex 2.94449 -47.7 2
      vertex -3.4 -46 2
      vertex 2.75066 -47.9985 2
    endloop
  endfacet
  facet normal 0 0 1
    outer loop
      vertex 2.75066 -47.9985 2
      vertex -3.4 -46 2
      vertex 2.52669 -48.275 2
    endloop
  endfacet
  facet normal 0 0 1
    outer loop
      vertex 2.52669 -48.275 2
      vertex -3.4 -46 2
      vertex 2.27504 -48.5267 2
    endloop
  endfacet
  facet normal 0 0 1
    outer loop
      vertex 2.27504 -48.5267 2
      vertex -3.4 -46 2
      vertex 1.99847 -48.7507 2
    endloop
  endfacet
  facet normal 0 0 1
    outer loop
      vertex 1.99847 -48.7507 2
      vertex -3.4 -46 2
      vertex 1.7 -48.9445 2
    endloop
  endfacet
  facet normal 0 0 1
    outer loop
      vertex 1.7 -48.9445 2
      vertex -3.4 -46 2
      vertex 1.3829 -49.1061 2
    endloop
  endfacet
  facet normal 0 0 1
    outer loop
      vertex 1.3829 -49.1061 2
      vertex -3.4 -46 2
      vertex 1.05066 -49.2336 2
    endloop
  endfacet
  facet normal 0 0 1
    outer loop
      vertex 1.05066 -49.2336 2
      vertex -3.4 -46 2
      vertex 0.7069 -49.3257 2
    endloop
  endfacet
  facet normal 0 0 1
    outer loop
      vertex 0.7069 -49.3257 2
      vertex -3.4 -46 2
      vertex 0.355396 -49.3814 2
    endloop
  endfacet
  facet normal 0 0 1
    outer loop
      vertex 0.355396 -49.3814 2
      vertex -3.4 -46 2
      vertex -1.0969e-014 -49.4 2
    endloop
  endfacet
  facet normal 0 0 1
    outer loop
      vertex -1.0969e-014 -49.4 2
      vertex -3.4 -46 2
      vertex -0.355396 -49.3814 2
    endloop
  endfacet
  facet normal 0 0 1
    outer loop
      vertex -0.355396 -49.3814 2
      vertex -3.4 -46 2
      vertex -0.7069 -49.3257 2
    endloop
  endfacet
  facet normal 0 0 1
    outer loop
      vertex -0.7069 -49.3257 2
      vertex -3.4 -46 2
      vertex -1.05066 -49.2336 2
    endloop
  endfacet
  facet normal 0 0 1
    outer loop
      vertex -1.05066 -49.2336 2
      vertex -3.4 -46 2
      vertex -1.3829 -49.1061 2
    endloop
  endfacet
  facet normal 0 0 1
    outer loop
      vertex -1.3829 -49.1061 2
      vertex -3.4 -46 2
      vertex -1.7 -48.9445 2
    endloop
  endfacet
  facet normal 0 0 1
    outer loop
      vertex -1.7 -48.9445 2
      vertex -3.4 -46 2
      vertex -1.99847 -48.7507 2
    endloop
  endfacet
  facet normal 0 0 1
    outer loop
      vertex -1.99847 -48.7507 2
      vertex -3.4 -46 2
      vertex -2.27504 -48.5267 2
    endloop
  endfacet
  facet normal 0 0 1
    outer loop
      vertex -2.27504 -48.5267 2
      vertex -3.4 -46 2
      vertex -2.52669 -48.275 2
    endloop
  endfacet
  facet normal 0 0 1
    outer loop
      vertex -2.52669 -48.275 2
      vertex -3.4 -46 2
      vertex -2.75066 -47.9985 2
    endloop
  endfacet
  facet normal 0 0 1
    outer loop
      vertex -2.75066 -47.9985 2
      vertex -3.4 -46 2
      vertex -2.94449 -47.7 2
    endloop
  endfacet
  facet normal 0 0 1
    outer loop
      vertex -2.94449 -47.7 2
      vertex -3.4 -46 2
      vertex -3.10605 -47.3829 2
    endloop
  endfacet
  facet normal 0 0 1
    outer loop
      vertex -3.10605 -47.3829 2
      vertex -3.4 -46 2
      vertex -3.23359 -47.0507 2
    endloop
  endfacet
  facet normal 0 0 1
    outer loop
      vertex -3.23359 -47.0507 2
      vertex -3.4 -46 2
      vertex -3.3257 -46.7069 2
    endloop
  endfacet
  facet normal 0 0 1
    outer loop
      vertex -3.4 -46 2
      vertex 3.4 -42.6 2
      vertex -3.4 -42.6 2
    endloop
  endfacet
  facet normal 0 0 1
    outer loop
      vertex -3.3257 -46.7069 2
      vertex -3.4 -46 2
      vertex -3.38137 -46.3554 2
    endloop
  endfacet
  facet normal 0.987688 0.156435 0
    outer loop
      vertex -3.3257 -46.7069 9
      vertex -3.38137 -46.3554 2
      vertex -3.38137 -46.3554 9
    endloop
  endfacet
  facet normal 0.987688 0.156435 0
    outer loop
      vertex -3.38137 -46.3554 2
      vertex -3.3257 -46.7069 9
      vertex -3.3257 -46.7069 2
    endloop
  endfacet
  facet normal -0.258819 0.965926 0
    outer loop
      vertex 1.05066 -49.2336 2
      vertex 0.7069 -49.3257 9
      vertex 1.05066 -49.2336 9
    endloop
  endfacet
  facet normal -0.258819 0.965926 0
    outer loop
      vertex 0.7069 -49.3257 9
      vertex 1.05066 -49.2336 2
      vertex 0.7069 -49.3257 2
    endloop
  endfacet
  facet normal -0.544639 0.83867 0
    outer loop
      vertex 1.99847 -48.7507 2
      vertex 1.7 -48.9445 9
      vertex 1.99847 -48.7507 9
    endloop
  endfacet
  facet normal -0.544639 0.83867 0
    outer loop
      vertex 1.7 -48.9445 9
      vertex 1.99847 -48.7507 2
      vertex 1.7 -48.9445 2
    endloop
  endfacet
  facet normal -0.629319 0.777147 0
    outer loop
      vertex 2.27504 -48.5267 2
      vertex 1.99847 -48.7507 9
      vertex 2.27504 -48.5267 9
    endloop
  endfacet
  facet normal -0.629319 0.777147 0
    outer loop
      vertex 1.99847 -48.7507 9
      vertex 2.27504 -48.5267 2
      vertex 1.99847 -48.7507 2
    endloop
  endfacet
  facet normal -0.453998 0.891003 0
    outer loop
      vertex 1.7 -48.9445 2
      vertex 1.3829 -49.1061 9
      vertex 1.7 -48.9445 9
    endloop
  endfacet
  facet normal -0.453998 0.891003 0
    outer loop
      vertex 1.3829 -49.1061 9
      vertex 1.7 -48.9445 2
      vertex 1.3829 -49.1061 2
    endloop
  endfacet
  facet normal -0.987688 0.156434 0
    outer loop
      vertex 3.3257 -46.7069 2
      vertex 3.38137 -46.3554 9
      vertex 3.38137 -46.3554 2
    endloop
  endfacet
  facet normal -0.987688 0.156434 0
    outer loop
      vertex 3.38137 -46.3554 9
      vertex 3.3257 -46.7069 2
      vertex 3.3257 -46.7069 9
    endloop
  endfacet
  facet normal -0.99863 0.0523352 0
    outer loop
      vertex 3.38137 -46.3554 2
      vertex 3.4 -46 9
      vertex 3.4 -46 2
    endloop
  endfacet
  facet normal -0.99863 0.0523352 0
    outer loop
      vertex 3.4 -46 9
      vertex 3.38137 -46.3554 2
      vertex 3.38137 -46.3554 9
    endloop
  endfacet
  facet normal -0.777146 0.629321 0
    outer loop
      vertex 2.52669 -48.275 2
      vertex 2.75066 -47.9985 9
      vertex 2.75066 -47.9985 2
    endloop
  endfacet
  facet normal -0.777146 0.629321 0
    outer loop
      vertex 2.75066 -47.9985 9
      vertex 2.52669 -48.275 2
      vertex 2.52669 -48.275 9
    endloop
  endfacet
  facet normal 0.707105 0.707108 -0
    outer loop
      vertex -2.27504 -48.5267 2
      vertex -2.52669 -48.275 9
      vertex -2.27504 -48.5267 9
    endloop
  endfacet
  facet normal 0.707105 0.707108 0
    outer loop
      vertex -2.52669 -48.275 9
      vertex -2.27504 -48.5267 2
      vertex -2.52669 -48.275 2
    endloop
  endfacet
  facet normal 0.933581 0.358366 0
    outer loop
      vertex -3.10605 -47.3829 9
      vertex -3.23359 -47.0507 2
      vertex -3.23359 -47.0507 9
    endloop
  endfacet
  facet normal 0.933581 0.358366 0
    outer loop
      vertex -3.23359 -47.0507 2
      vertex -3.10605 -47.3829 9
      vertex -3.10605 -47.3829 2
    endloop
  endfacet
  facet normal -0.965926 0.258819 0
    outer loop
      vertex 3.23359 -47.0507 2
      vertex 3.3257 -46.7069 9
      vertex 3.3257 -46.7069 2
    endloop
  endfacet
  facet normal -0.965926 0.258819 0
    outer loop
      vertex 3.3257 -46.7069 9
      vertex 3.23359 -47.0507 2
      vertex 3.23359 -47.0507 9
    endloop
  endfacet
  facet normal -0.891007 0.45399 0
    outer loop
      vertex 2.94449 -47.7 2
      vertex 3.10605 -47.3829 9
      vertex 3.10605 -47.3829 2
    endloop
  endfacet
  facet normal -0.891007 0.45399 0
    outer loop
      vertex 3.10605 -47.3829 9
      vertex 2.94449 -47.7 2
      vertex 2.94449 -47.7 9
    endloop
  endfacet
  facet normal 0.156432 0.987689 -0
    outer loop
      vertex -0.355396 -49.3814 2
      vertex -0.7069 -49.3257 9
      vertex -0.355396 -49.3814 9
    endloop
  endfacet
  facet normal 0.156432 0.987689 0
    outer loop
      vertex -0.7069 -49.3257 9
      vertex -0.355396 -49.3814 2
      vertex -0.7069 -49.3257 2
    endloop
  endfacet
  facet normal 0.0523405 0.998629 -0
    outer loop
      vertex -1.0969e-014 -49.4 2
      vertex -0.355396 -49.3814 9
      vertex -1.0969e-014 -49.4 9
    endloop
  endfacet
  facet normal 0.0523405 0.998629 0
    outer loop
      vertex -0.355396 -49.3814 9
      vertex -1.0969e-014 -49.4 2
      vertex -0.355396 -49.3814 2
    endloop
  endfacet
  facet normal 0.891007 0.45399 0
    outer loop
      vertex -2.94449 -47.7 9
      vertex -3.10605 -47.3829 2
      vertex -3.10605 -47.3829 9
    endloop
  endfacet
  facet normal 0.891007 0.45399 0
    outer loop
      vertex -3.10605 -47.3829 2
      vertex -2.94449 -47.7 9
      vertex -2.94449 -47.7 2
    endloop
  endfacet
  facet normal 0.83867 0.544639 0
    outer loop
      vertex -2.75066 -47.9985 9
      vertex -2.94449 -47.7 2
      vertex -2.94449 -47.7 9
    endloop
  endfacet
  facet normal 0.83867 0.544639 0
    outer loop
      vertex -2.94449 -47.7 2
      vertex -2.75066 -47.9985 9
      vertex -2.75066 -47.9985 2
    endloop
  endfacet
  facet normal 0.629319 0.777147 -0
    outer loop
      vertex -1.99847 -48.7507 2
      vertex -2.27504 -48.5267 9
      vertex -1.99847 -48.7507 9
    endloop
  endfacet
  facet normal 0.629319 0.777147 0
    outer loop
      vertex -2.27504 -48.5267 9
      vertex -1.99847 -48.7507 2
      vertex -2.27504 -48.5267 2
    endloop
  endfacet
  facet normal 0.965926 0.258819 0
    outer loop
      vertex -3.23359 -47.0507 9
      vertex -3.3257 -46.7069 2
      vertex -3.3257 -46.7069 9
    endloop
  endfacet
  facet normal 0.965926 0.258819 0
    outer loop
      vertex -3.3257 -46.7069 2
      vertex -3.23359 -47.0507 9
      vertex -3.23359 -47.0507 2
    endloop
  endfacet
  facet normal 0.358375 0.933578 -0
    outer loop
      vertex -1.05066 -49.2336 2
      vertex -1.3829 -49.1061 9
      vertex -1.05066 -49.2336 9
    endloop
  endfacet
  facet normal 0.358375 0.933578 0
    outer loop
      vertex -1.3829 -49.1061 9
      vertex -1.05066 -49.2336 2
      vertex -1.3829 -49.1061 2
    endloop
  endfacet
  facet normal 0.453989 0.891007 -0
    outer loop
      vertex -1.3829 -49.1061 2
      vertex -1.7 -48.9445 9
      vertex -1.3829 -49.1061 9
    endloop
  endfacet
  facet normal 0.453989 0.891007 0
    outer loop
      vertex -1.7 -48.9445 9
      vertex -1.3829 -49.1061 2
      vertex -1.7 -48.9445 2
    endloop
  endfacet
  facet normal 0.258819 0.965926 -0
    outer loop
      vertex -0.7069 -49.3257 2
      vertex -1.05066 -49.2336 9
      vertex -0.7069 -49.3257 9
    endloop
  endfacet
  facet normal 0.258819 0.965926 0
    outer loop
      vertex -1.05066 -49.2336 9
      vertex -0.7069 -49.3257 2
      vertex -1.05066 -49.2336 2
    endloop
  endfacet
  facet normal 0.544639 0.83867 -0
    outer loop
      vertex -1.7 -48.9445 2
      vertex -1.99847 -48.7507 9
      vertex -1.7 -48.9445 9
    endloop
  endfacet
  facet normal 0.544639 0.83867 0
    outer loop
      vertex -1.99847 -48.7507 9
      vertex -1.7 -48.9445 2
      vertex -1.99847 -48.7507 2
    endloop
  endfacet
  facet normal 0.777146 0.629321 0
    outer loop
      vertex -2.52669 -48.275 9
      vertex -2.75066 -47.9985 2
      vertex -2.75066 -47.9985 9
    endloop
  endfacet
  facet normal 0.777146 0.629321 0
    outer loop
      vertex -2.75066 -47.9985 2
      vertex -2.52669 -48.275 9
      vertex -2.52669 -48.275 2
    endloop
  endfacet
  facet normal 0 -1 0
    outer loop
      vertex -3.4 -42.6 2
      vertex 3.4 -42.6 9
      vertex -3.4 -42.6 9
    endloop
  endfacet
  facet normal 0 -1 -0
    outer loop
      vertex 3.4 -42.6 9
      vertex -3.4 -42.6 2
      vertex 3.4 -42.6 2
    endloop
  endfacet
  facet normal -1 0 0
    outer loop
      vertex 3.4 -46 2
      vertex 3.4 -42.6 9
      vertex 3.4 -42.6 2
    endloop
  endfacet
  facet normal -1 -0 0
    outer loop
      vertex 3.4 -42.6 9
      vertex 3.4 -46 2
      vertex 3.4 -46 9
    endloop
  endfacet
  facet normal 1 -0 0
    outer loop
      vertex -3.4 -46 9
      vertex -3.4 -42.6 2
      vertex -3.4 -42.6 9
    endloop
  endfacet
  facet normal 1 0 0
    outer loop
      vertex -3.4 -42.6 2
      vertex -3.4 -46 9
      vertex -3.4 -46 2
    endloop
  endfacet
  facet normal -0.891008 0.453988 0
    outer loop
      vertex 42.7817 -24.7 2
      vertex 42.9432 -24.3829 9
      vertex 42.9432 -24.3829 2
    endloop
  endfacet
  facet normal -0.891008 0.453988 0
    outer loop
      vertex 42.9432 -24.3829 9
      vertex 42.7817 -24.7 2
      vertex 42.7817 -24.7 9
    endloop
  endfacet
  facet normal 0.453992 0.891006 -0
    outer loop
      vertex 38.4543 -26.1061 2
      vertex 38.1372 -25.9445 9
      vertex 38.4543 -26.1061 9
    endloop
  endfacet
  facet normal 0.453992 0.891006 0
    outer loop
      vertex 38.1372 -25.9445 9
      vertex 38.4543 -26.1061 2
      vertex 38.1372 -25.9445 2
    endloop
  endfacet
  facet normal -0.965926 -0.258819 0
    outer loop
      vertex 43.1629 -22.2931 2
      vertex 43.0708 -21.9493 9
      vertex 43.0708 -21.9493 2
    endloop
  endfacet
  facet normal -0.965926 -0.258819 0
    outer loop
      vertex 43.0708 -21.9493 9
      vertex 43.1629 -22.2931 2
      vertex 43.1629 -22.2931 9
    endloop
  endfacet
  facet normal -0.987687 0.156442 0
    outer loop
      vertex 43.1629 -23.7069 2
      vertex 43.2185 -23.3554 9
      vertex 43.2185 -23.3554 2
    endloop
  endfacet
  facet normal -0.987687 0.156442 0
    outer loop
      vertex 43.2185 -23.3554 9
      vertex 43.1629 -23.7069 2
      vertex 43.1629 -23.7069 9
    endloop
  endfacet
  facet normal -0.933581 0.358366 0
    outer loop
      vertex 42.9432 -24.3829 2
      vertex 43.0708 -24.0507 9
      vertex 43.0708 -24.0507 2
    endloop
  endfacet
  facet normal -0.933581 0.358366 0
    outer loop
      vertex 43.0708 -24.0507 9
      vertex 42.9432 -24.3829 2
      vertex 42.9432 -24.3829 9
    endloop
  endfacet
  facet normal -0.777146 -0.629321 0
    outer loop
      vertex 42.5878 -21.0015 2
      vertex 42.3639 -20.725 9
      vertex 42.3639 -20.725 2
    endloop
  endfacet
  facet normal -0.777146 -0.629321 0
    outer loop
      vertex 42.3639 -20.725 9
      vertex 42.5878 -21.0015 2
      vertex 42.5878 -21.0015 9
    endloop
  endfacet
  facet normal -0.891007 -0.45399 0
    outer loop
      vertex 42.9432 -21.6171 2
      vertex 42.7817 -21.3 9
      vertex 42.7817 -21.3 2
    endloop
  endfacet
  facet normal -0.891007 -0.45399 0
    outer loop
      vertex 42.7817 -21.3 9
      vertex 42.9432 -21.6171 2
      vertex 42.9432 -21.6171 9
    endloop
  endfacet
  facet normal 0 0 1
    outer loop
      vertex 43.2185 -22.6446 2
      vertex 43.2185 -23.3554 2
      vertex 43.2372 -23 2
    endloop
  endfacet
  facet normal 0 0 1
    outer loop
      vertex 43.1629 -22.2931 2
      vertex 43.2185 -23.3554 2
      vertex 43.2185 -22.6446 2
    endloop
  endfacet
  facet normal 0 0 1
    outer loop
      vertex 43.1629 -22.2931 2
      vertex 43.1629 -23.7069 2
      vertex 43.2185 -23.3554 2
    endloop
  endfacet
  facet normal 0 0 1
    outer loop
      vertex 43.0708 -21.9493 2
      vertex 43.1629 -23.7069 2
      vertex 43.1629 -22.2931 2
    endloop
  endfacet
  facet normal 0 0 1
    outer loop
      vertex 43.0708 -21.9493 2
      vertex 43.0708 -24.0507 2
      vertex 43.1629 -23.7069 2
    endloop
  endfacet
  facet normal 0 0 1
    outer loop
      vertex 42.9432 -21.6171 2
      vertex 43.0708 -24.0507 2
      vertex 43.0708 -21.9493 2
    endloop
  endfacet
  facet normal 0 0 1
    outer loop
      vertex 42.9432 -21.6171 2
      vertex 42.9432 -24.3829 2
      vertex 43.0708 -24.0507 2
    endloop
  endfacet
  facet normal 0 0 1
    outer loop
      vertex 42.7817 -21.3 2
      vertex 42.9432 -24.3829 2
      vertex 42.9432 -21.6171 2
    endloop
  endfacet
  facet normal 0 0 1
    outer loop
      vertex 42.7817 -21.3 2
      vertex 42.7817 -24.7 2
      vertex 42.9432 -24.3829 2
    endloop
  endfacet
  facet normal 0 0 1
    outer loop
      vertex 42.5878 -21.0015 2
      vertex 42.7817 -24.7 2
      vertex 42.7817 -21.3 2
    endloop
  endfacet
  facet normal 0 0 1
    outer loop
      vertex 42.5878 -21.0015 2
      vertex 42.5878 -24.9985 2
      vertex 42.7817 -24.7 2
    endloop
  endfacet
  facet normal 0 0 1
    outer loop
      vertex 42.3639 -20.725 2
      vertex 42.5878 -24.9985 2
      vertex 42.5878 -21.0015 2
    endloop
  endfacet
  facet normal 0 0 1
    outer loop
      vertex 42.3639 -20.725 2
      vertex 42.3639 -25.275 2
      vertex 42.5878 -24.9985 2
    endloop
  endfacet
  facet normal 0 0 1
    outer loop
      vertex 42.1122 -20.4733 2
      vertex 42.3639 -25.275 2
      vertex 42.3639 -20.725 2
    endloop
  endfacet
  facet normal 0 0 1
    outer loop
      vertex 42.1122 -20.4733 2
      vertex 42.1122 -25.5267 2
      vertex 42.3639 -25.275 2
    endloop
  endfacet
  facet normal 0 0 1
    outer loop
      vertex 42.1122 -20.4733 2
      vertex 41.8356 -25.7507 2
      vertex 42.1122 -25.5267 2
    endloop
  endfacet
  facet normal 0 0 1
    outer loop
      vertex 41.8356 -20.2493 2
      vertex 41.8356 -25.7507 2
      vertex 42.1122 -20.4733 2
    endloop
  endfacet
  facet normal 0 0 1
    outer loop
      vertex 41.5372 -20.0555 2
      vertex 41.8356 -25.7507 2
      vertex 41.8356 -20.2493 2
    endloop
  endfacet
  facet normal 0 0 1
    outer loop
      vertex 41.5372 -20.0555 2
      vertex 41.5372 -25.9445 2
      vertex 41.8356 -25.7507 2
    endloop
  endfacet
  facet normal 0 0 1
    outer loop
      vertex 41.5372 -20.0555 2
      vertex 41.2201 -26.1061 2
      vertex 41.5372 -25.9445 2
    endloop
  endfacet
  facet normal 0 0 1
    outer loop
      vertex 41.5372 -20.0555 2
      vertex 40.8878 -26.2336 2
      vertex 41.2201 -26.1061 2
    endloop
  endfacet
  facet normal 0 0 1
    outer loop
      vertex 41.5372 -20.0555 2
      vertex 40.5441 -26.3257 2
      vertex 40.8878 -26.2336 2
    endloop
  endfacet
  facet normal 0 0 1
    outer loop
      vertex 41.5372 -20.0555 2
      vertex 40.1926 -26.3814 2
      vertex 40.5441 -26.3257 2
    endloop
  endfacet
  facet normal 0 0 1
    outer loop
      vertex 41.5372 -20.0555 2
      vertex 39.8372 -26.4 2
      vertex 40.1926 -26.3814 2
    endloop
  endfacet
  facet normal 0 0 1
    outer loop
      vertex 41.5372 -20.0555 2
      vertex 39.4818 -26.3814 2
      vertex 39.8372 -26.4 2
    endloop
  endfacet
  facet normal 0 0 1
    outer loop
      vertex 41.5372 -20.0555 2
      vertex 39.1303 -26.3257 2
      vertex 39.4818 -26.3814 2
    endloop
  endfacet
  facet normal 0 0 1
    outer loop
      vertex 41.5372 -20.0555 2
      vertex 38.7865 -26.2336 2
      vertex 39.1303 -26.3257 2
    endloop
  endfacet
  facet normal 0 0 1
    outer loop
      vertex 38.1372 -25.9445 2
      vertex 41.5372 -20.0555 2
      vertex 38.5927 -18.3555 2
    endloop
  endfacet
  facet normal 0 0 1
    outer loop
      vertex 41.5372 -20.0555 2
      vertex 38.1372 -25.9445 2
      vertex 38.7865 -26.2336 2
    endloop
  endfacet
  facet normal 0 0 1
    outer loop
      vertex 38.7865 -26.2336 2
      vertex 38.1372 -25.9445 2
      vertex 38.4543 -26.1061 2
    endloop
  endfacet
  facet normal 0 -0 1
    outer loop
      vertex 38.1372 -25.9445 2
      vertex 38.5927 -18.3555 2
      vertex 35.1927 -24.2445 2
    endloop
  endfacet
  facet normal 0.358364 0.933582 -0
    outer loop
      vertex 38.7865 -26.2336 2
      vertex 38.4543 -26.1061 9
      vertex 38.7865 -26.2336 9
    endloop
  endfacet
  facet normal 0.358364 0.933582 0
    outer loop
      vertex 38.4543 -26.1061 9
      vertex 38.7865 -26.2336 2
      vertex 38.4543 -26.1061 2
    endloop
  endfacet
  facet normal -0.965926 0.258819 0
    outer loop
      vertex 43.0708 -24.0507 2
      vertex 43.1629 -23.7069 9
      vertex 43.1629 -23.7069 2
    endloop
  endfacet
  facet normal -0.965926 0.258819 0
    outer loop
      vertex 43.1629 -23.7069 9
      vertex 43.0708 -24.0507 2
      vertex 43.0708 -24.0507 9
    endloop
  endfacet
  facet normal -0.99863 -0.0523299 0
    outer loop
      vertex 43.2372 -23 2
      vertex 43.2185 -22.6446 9
      vertex 43.2185 -22.6446 2
    endloop
  endfacet
  facet normal -0.99863 -0.0523299 0
    outer loop
      vertex 43.2185 -22.6446 9
      vertex 43.2372 -23 2
      vertex 43.2372 -23 9
    endloop
  endfacet
  facet normal -0.987687 -0.156442 0
    outer loop
      vertex 43.2185 -22.6446 2
      vertex 43.1629 -22.2931 9
      vertex 43.1629 -22.2931 2
    endloop
  endfacet
  facet normal -0.987687 -0.156442 0
    outer loop
      vertex 43.1629 -22.2931 9
      vertex 43.2185 -22.6446 2
      vertex 43.2185 -22.6446 9
    endloop
  endfacet
  facet normal -0.99863 0.0523299 0
    outer loop
      vertex 43.2185 -23.3554 2
      vertex 43.2372 -23 9
      vertex 43.2372 -23 2
    endloop
  endfacet
  facet normal -0.99863 0.0523299 0
    outer loop
      vertex 43.2372 -23 9
      vertex 43.2185 -23.3554 2
      vertex 43.2185 -23.3554 9
    endloop
  endfacet
  facet normal -0.629319 -0.777147 0
    outer loop
      vertex 41.8356 -20.2493 2
      vertex 42.1122 -20.4733 9
      vertex 41.8356 -20.2493 9
    endloop
  endfacet
  facet normal -0.629319 -0.777147 -0
    outer loop
      vertex 42.1122 -20.4733 9
      vertex 41.8356 -20.2493 2
      vertex 42.1122 -20.4733 2
    endloop
  endfacet
  facet normal -0.544639 -0.83867 0
    outer loop
      vertex 41.5372 -20.0555 2
      vertex 41.8356 -20.2493 9
      vertex 41.5372 -20.0555 9
    endloop
  endfacet
  facet normal -0.544639 -0.83867 -0
    outer loop
      vertex 41.8356 -20.2493 9
      vertex 41.5372 -20.0555 2
      vertex 41.8356 -20.2493 2
    endloop
  endfacet
  facet normal -0.933581 -0.358366 0
    outer loop
      vertex 43.0708 -21.9493 2
      vertex 42.9432 -21.6171 9
      vertex 42.9432 -21.6171 2
    endloop
  endfacet
  facet normal -0.933581 -0.358366 0
    outer loop
      vertex 42.9432 -21.6171 9
      vertex 43.0708 -21.9493 2
      vertex 43.0708 -21.9493 9
    endloop
  endfacet
  facet normal -0.258819 0.965926 0
    outer loop
      vertex 40.8878 -26.2336 2
      vertex 40.5441 -26.3257 9
      vertex 40.8878 -26.2336 9
    endloop
  endfacet
  facet normal -0.258819 0.965926 0
    outer loop
      vertex 40.5441 -26.3257 9
      vertex 40.8878 -26.2336 2
      vertex 40.5441 -26.3257 2
    endloop
  endfacet
  facet normal 0.156438 0.987688 -0
    outer loop
      vertex 39.4818 -26.3814 2
      vertex 39.1303 -26.3257 9
      vertex 39.4818 -26.3814 9
    endloop
  endfacet
  facet normal 0.156438 0.987688 0
    outer loop
      vertex 39.1303 -26.3257 9
      vertex 39.4818 -26.3814 2
      vertex 39.1303 -26.3257 2
    endloop
  endfacet
  facet normal -0.707107 -0.707107 0
    outer loop
      vertex 42.3639 -20.725 2
      vertex 42.1122 -20.4733 9
      vertex 42.1122 -20.4733 2
    endloop
  endfacet
  facet normal -0.707107 -0.707107 0
    outer loop
      vertex 42.1122 -20.4733 9
      vertex 42.3639 -20.725 2
      vertex 42.3639 -20.725 9
    endloop
  endfacet
  facet normal -0.838672 -0.544637 0
    outer loop
      vertex 42.7817 -21.3 2
      vertex 42.5878 -21.0015 9
      vertex 42.5878 -21.0015 2
    endloop
  endfacet
  facet normal -0.838672 -0.544637 0
    outer loop
      vertex 42.5878 -21.0015 9
      vertex 42.7817 -21.3 2
      vertex 42.7817 -21.3 9
    endloop
  endfacet
  facet normal -0.777146 0.629321 0
    outer loop
      vertex 42.3639 -25.275 2
      vertex 42.5878 -24.9985 9
      vertex 42.5878 -24.9985 2
    endloop
  endfacet
  facet normal -0.777146 0.629321 0
    outer loop
      vertex 42.5878 -24.9985 9
      vertex 42.3639 -25.275 2
      vertex 42.3639 -25.275 9
    endloop
  endfacet
  facet normal -0.83867 0.544639 0
    outer loop
      vertex 42.5878 -24.9985 2
      vertex 42.7817 -24.7 9
      vertex 42.7817 -24.7 2
    endloop
  endfacet
  facet normal -0.83867 0.544639 0
    outer loop
      vertex 42.7817 -24.7 9
      vertex 42.5878 -24.9985 2
      vertex 42.5878 -24.9985 9
    endloop
  endfacet
  facet normal 0.0523346 0.99863 -0
    outer loop
      vertex 39.8372 -26.4 2
      vertex 39.4818 -26.3814 9
      vertex 39.8372 -26.4 9
    endloop
  endfacet
  facet normal 0.0523346 0.99863 0
    outer loop
      vertex 39.4818 -26.3814 9
      vertex 39.8372 -26.4 2
      vertex 39.4818 -26.3814 2
    endloop
  endfacet
  facet normal -0.0523352 0.99863 0
    outer loop
      vertex 40.1926 -26.3814 2
      vertex 39.8372 -26.4 9
      vertex 40.1926 -26.3814 9
    endloop
  endfacet
  facet normal -0.0523352 0.99863 0
    outer loop
      vertex 39.8372 -26.4 9
      vertex 40.1926 -26.3814 2
      vertex 39.8372 -26.4 2
    endloop
  endfacet
  facet normal -0.358364 0.933582 0
    outer loop
      vertex 41.2201 -26.1061 2
      vertex 40.8878 -26.2336 9
      vertex 41.2201 -26.1061 9
    endloop
  endfacet
  facet normal -0.358364 0.933582 0
    outer loop
      vertex 40.8878 -26.2336 9
      vertex 41.2201 -26.1061 2
      vertex 40.8878 -26.2336 2
    endloop
  endfacet
  facet normal 0.258819 0.965926 -0
    outer loop
      vertex 39.1303 -26.3257 2
      vertex 38.7865 -26.2336 9
      vertex 39.1303 -26.3257 9
    endloop
  endfacet
  facet normal 0.258819 0.965926 0
    outer loop
      vertex 38.7865 -26.2336 9
      vertex 39.1303 -26.3257 2
      vertex 38.7865 -26.2336 2
    endloop
  endfacet
  facet normal -0.629324 0.777143 0
    outer loop
      vertex 42.1122 -25.5267 2
      vertex 41.8356 -25.7507 9
      vertex 42.1122 -25.5267 9
    endloop
  endfacet
  facet normal -0.629324 0.777143 0
    outer loop
      vertex 41.8356 -25.7507 9
      vertex 42.1122 -25.5267 2
      vertex 41.8356 -25.7507 2
    endloop
  endfacet
  facet normal -0.544635 0.838673 0
    outer loop
      vertex 41.8356 -25.7507 2
      vertex 41.5372 -25.9445 9
      vertex 41.8356 -25.7507 9
    endloop
  endfacet
  facet normal -0.544635 0.838673 0
    outer loop
      vertex 41.5372 -25.9445 9
      vertex 41.8356 -25.7507 2
      vertex 41.5372 -25.9445 2
    endloop
  endfacet
  facet normal -0.707107 0.707107 0
    outer loop
      vertex 42.1122 -25.5267 2
      vertex 42.3639 -25.275 9
      vertex 42.3639 -25.275 2
    endloop
  endfacet
  facet normal -0.707107 0.707107 0
    outer loop
      vertex 42.3639 -25.275 9
      vertex 42.1122 -25.5267 2
      vertex 42.1122 -25.5267 9
    endloop
  endfacet
  facet normal -0.453992 0.891006 0
    outer loop
      vertex 41.5372 -25.9445 2
      vertex 41.2201 -26.1061 9
      vertex 41.5372 -25.9445 9
    endloop
  endfacet
  facet normal -0.453992 0.891006 0
    outer loop
      vertex 41.2201 -26.1061 9
      vertex 41.5372 -25.9445 2
      vertex 41.2201 -26.1061 2
    endloop
  endfacet
  facet normal -0.156438 0.987688 0
    outer loop
      vertex 40.5441 -26.3257 2
      vertex 40.1926 -26.3814 9
      vertex 40.5441 -26.3257 9
    endloop
  endfacet
  facet normal -0.156438 0.987688 0
    outer loop
      vertex 40.1926 -26.3814 9
      vertex 40.5441 -26.3257 2
      vertex 40.1926 -26.3814 2
    endloop
  endfacet
  facet normal 0.866025 -0.5 0
    outer loop
      vertex 35.1927 -24.2445 9
      vertex 38.5927 -18.3555 2
      vertex 38.5927 -18.3555 9
    endloop
  endfacet
  facet normal 0.866025 -0.5 0
    outer loop
      vertex 38.5927 -18.3555 2
      vertex 35.1927 -24.2445 9
      vertex 35.1927 -24.2445 2
    endloop
  endfacet
  facet normal -0.5 -0.866025 0
    outer loop
      vertex 38.5927 -18.3555 2
      vertex 41.5372 -20.0555 9
      vertex 38.5927 -18.3555 9
    endloop
  endfacet
  facet normal -0.5 -0.866025 -0
    outer loop
      vertex 41.5372 -20.0555 9
      vertex 38.5927 -18.3555 2
      vertex 41.5372 -20.0555 2
    endloop
  endfacet
  facet normal 0.5 0.866025 -0
    outer loop
      vertex 38.1372 -25.9445 2
      vertex 35.1927 -24.2445 9
      vertex 38.1372 -25.9445 9
    endloop
  endfacet
  facet normal 0.5 0.866025 0
    outer loop
      vertex 35.1927 -24.2445 9
      vertex 38.1372 -25.9445 2
      vertex 35.1927 -24.2445 2
    endloop
  endfacet
  facet normal -1.58585e-009 -1 0
    outer loop
      vertex 49.4 -6.04956e-015 2
      vertex 49.4 -1.20991e-014 9
      vertex 49.4 -6.04956e-015 9
    endloop
  endfacet
  facet normal -1.58585e-009 -1 -0
    outer loop
      vertex 49.4 -1.20991e-014 9
      vertex 49.4 -6.04956e-015 2
      vertex 49.4 -1.20991e-014 2
    endloop
  endfacet
  facet normal -0.0523352 0.99863 0
    outer loop
      vertex 46.3554 -3.38137 2
      vertex 46 -3.4 9
      vertex 46.3554 -3.38137 9
    endloop
  endfacet
  facet normal -0.0523352 0.99863 0
    outer loop
      vertex 46 -3.4 9
      vertex 46.3554 -3.38137 2
      vertex 46 -3.4 2
    endloop
  endfacet
  facet normal -0.156435 0.987688 0
    outer loop
      vertex 46.7069 -3.3257 2
      vertex 46.3554 -3.38137 9
      vertex 46.7069 -3.3257 9
    endloop
  endfacet
  facet normal -0.156435 0.987688 0
    outer loop
      vertex 46.3554 -3.38137 9
      vertex 46.7069 -3.3257 2
      vertex 46.3554 -3.38137 2
    endloop
  endfacet
  facet normal -0.707108 0.707105 0
    outer loop
      vertex 48.275 -2.52669 2
      vertex 48.5267 -2.27504 9
      vertex 48.5267 -2.27504 2
    endloop
  endfacet
  facet normal -0.707108 0.707105 0
    outer loop
      vertex 48.5267 -2.27504 9
      vertex 48.275 -2.52669 2
      vertex 48.275 -2.52669 9
    endloop
  endfacet
  facet normal -0.358366 0.933581 0
    outer loop
      vertex 47.3829 -3.10605 2
      vertex 47.0507 -3.23359 9
      vertex 47.3829 -3.10605 9
    endloop
  endfacet
  facet normal -0.358366 0.933581 0
    outer loop
      vertex 47.0507 -3.23359 9
      vertex 47.3829 -3.10605 2
      vertex 47.0507 -3.23359 2
    endloop
  endfacet
  facet normal -0.987689 0.156432 0
    outer loop
      vertex 49.3257 -0.7069 2
      vertex 49.3814 -0.355396 9
      vertex 49.3814 -0.355396 2
    endloop
  endfacet
  facet normal -0.987689 0.156432 0
    outer loop
      vertex 49.3814 -0.355396 9
      vertex 49.3257 -0.7069 2
      vertex 49.3257 -0.7069 9
    endloop
  endfacet
  facet normal -0.998629 0.0523405 0
    outer loop
      vertex 49.3814 -0.355396 2
      vertex 49.4 -1.20991e-014 9
      vertex 49.4 -1.20991e-014 2
    endloop
  endfacet
  facet normal -0.998629 0.0523405 0
    outer loop
      vertex 49.4 -1.20991e-014 9
      vertex 49.3814 -0.355396 2
      vertex 49.3814 -0.355396 9
    endloop
  endfacet
  facet normal -0.45399 0.891007 0
    outer loop
      vertex 47.7 -2.94449 2
      vertex 47.3829 -3.10605 9
      vertex 47.7 -2.94449 9
    endloop
  endfacet
  facet normal -0.45399 0.891007 0
    outer loop
      vertex 47.3829 -3.10605 9
      vertex 47.7 -2.94449 2
      vertex 47.3829 -3.10605 2
    endloop
  endfacet
  facet normal -0.544639 0.83867 0
    outer loop
      vertex 47.9985 -2.75066 2
      vertex 47.7 -2.94449 9
      vertex 47.9985 -2.75066 9
    endloop
  endfacet
  facet normal -0.544639 0.83867 0
    outer loop
      vertex 47.7 -2.94449 9
      vertex 47.9985 -2.75066 2
      vertex 47.7 -2.94449 2
    endloop
  endfacet
  facet normal -0.777147 0.629319 0
    outer loop
      vertex 48.5267 -2.27504 2
      vertex 48.7507 -1.99847 9
      vertex 48.7507 -1.99847 2
    endloop
  endfacet
  facet normal -0.777147 0.629319 0
    outer loop
      vertex 48.7507 -1.99847 9
      vertex 48.5267 -2.27504 2
      vertex 48.5267 -2.27504 9
    endloop
  endfacet
  facet normal -0.258819 0.965926 0
    outer loop
      vertex 47.0507 -3.23359 2
      vertex 46.7069 -3.3257 9
      vertex 47.0507 -3.23359 9
    endloop
  endfacet
  facet normal -0.258819 0.965926 0
    outer loop
      vertex 46.7069 -3.3257 9
      vertex 47.0507 -3.23359 2
      vertex 46.7069 -3.3257 2
    endloop
  endfacet
  facet normal -0.933578 0.358375 0
    outer loop
      vertex 49.1061 -1.3829 2
      vertex 49.2336 -1.05066 9
      vertex 49.2336 -1.05066 2
    endloop
  endfacet
  facet normal -0.933578 0.358375 0
    outer loop
      vertex 49.2336 -1.05066 9
      vertex 49.1061 -1.3829 2
      vertex 49.1061 -1.3829 9
    endloop
  endfacet
  facet normal -0.891007 0.453989 0
    outer loop
      vertex 48.9445 -1.7 2
      vertex 49.1061 -1.3829 9
      vertex 49.1061 -1.3829 2
    endloop
  endfacet
  facet normal -0.891007 0.453989 0
    outer loop
      vertex 49.1061 -1.3829 9
      vertex 48.9445 -1.7 2
      vertex 48.9445 -1.7 9
    endloop
  endfacet
  facet normal -0.965926 0.258819 0
    outer loop
      vertex 49.2336 -1.05066 2
      vertex 49.3257 -0.7069 9
      vertex 49.3257 -0.7069 2
    endloop
  endfacet
  facet normal -0.965926 0.258819 0
    outer loop
      vertex 49.3257 -0.7069 9
      vertex 49.2336 -1.05066 2
      vertex 49.2336 -1.05066 9
    endloop
  endfacet
  facet normal -0.83867 0.544639 0
    outer loop
      vertex 48.7507 -1.99847 2
      vertex 48.9445 -1.7 9
      vertex 48.9445 -1.7 2
    endloop
  endfacet
  facet normal -0.83867 0.544639 0
    outer loop
      vertex 48.9445 -1.7 9
      vertex 48.7507 -1.99847 2
      vertex 48.7507 -1.99847 9
    endloop
  endfacet
  facet normal -0.629321 0.777146 0
    outer loop
      vertex 48.275 -2.52669 2
      vertex 47.9985 -2.75066 9
      vertex 48.275 -2.52669 9
    endloop
  endfacet
  facet normal -0.629321 0.777146 0
    outer loop
      vertex 47.9985 -2.75066 9
      vertex 48.275 -2.52669 2
      vertex 47.9985 -2.75066 2
    endloop
  endfacet
  facet normal 1 -0 0
    outer loop
      vertex 42.6 -3.4 9
      vertex 42.6 -1.04336e-014 2
      vertex 42.6 -1.04336e-014 9
    endloop
  endfacet
  facet normal 1 0 0
    outer loop
      vertex 42.6 -1.04336e-014 2
      vertex 42.6 -3.4 9
      vertex 42.6 -3.4 2
    endloop
  endfacet
  facet normal 0 1 -0
    outer loop
      vertex 46 -3.4 2
      vertex 42.6 -3.4 9
      vertex 46 -3.4 9
    endloop
  endfacet
  facet normal 0 1 0
    outer loop
      vertex 42.6 -3.4 9
      vertex 46 -3.4 2
      vertex 42.6 -3.4 2
    endloop
  endfacet
  facet normal 0 0 1
    outer loop
      vertex 23.5588 37.2051 7.1
      vertex 33.7911 37.5288 7.1
      vertex 29.6832 40.8554 7.1
    endloop
  endfacet
  facet normal 0 0 1
    outer loop
      vertex 23.5588 39.0051 7.1
      vertex 29.6832 40.8554 7.1
      vertex 25.25 43.7343 7.1
    endloop
  endfacet
  facet normal 0 0 1
    outer loop
      vertex 23.5588 37.2051 7.1
      vertex 29.6832 40.8554 7.1
      vertex 23.8 38.1051 7.1
    endloop
  endfacet
  facet normal 0 0 1
    outer loop
      vertex 33.7911 37.5288 7.1
      vertex 23.5588 37.2051 7.1
      vertex 34.4388 36.8811 7.1
    endloop
  endfacet
  facet normal 0 0 1
    outer loop
      vertex 29.6832 40.8554 7.1
      vertex 23.5588 39.0051 7.1
      vertex 23.8 38.1051 7.1
    endloop
  endfacet
  facet normal 0 0 1
    outer loop
      vertex 25.25 43.7343 7.1
      vertex 22.9 39.664 7.1
      vertex 23.5588 39.0051 7.1
    endloop
  endfacet
  facet normal 0 0 1
    outer loop
      vertex 25.25 43.7343 7.1
      vertex 22 39.9051 7.1
      vertex 22.9 39.664 7.1
    endloop
  endfacet
  facet normal 0 0 1
    outer loop
      vertex 20.5402 46.134 7.1
      vertex 22 39.9051 7.1
      vertex 25.25 43.7343 7.1
    endloop
  endfacet
  facet normal 0 0 1
    outer loop
      vertex 22 39.9051 7.1
      vertex 20.5402 46.134 7.1
      vertex 21.1 39.664 7.1
    endloop
  endfacet
  facet normal 0 0 1
    outer loop
      vertex 20.5402 46.134 7.1
      vertex 20.4412 39.0051 7.1
      vertex 21.1 39.664 7.1
    endloop
  endfacet
  facet normal 0 0 1
    outer loop
      vertex 15.6054 48.0284 7.1
      vertex 20.4412 39.0051 7.1
      vertex 20.5402 46.134 7.1
    endloop
  endfacet
  facet normal 0 0 1
    outer loop
      vertex 14.671 48.2787 7.1
      vertex 20.4412 39.0051 7.1
      vertex 15.6054 48.0284 7.1
    endloop
  endfacet
  facet normal 0 0 1
    outer loop
      vertex 10.8156 33.287 7.1
      vertex 20.4412 39.0051 7.1
      vertex 14.671 48.2787 7.1
    endloop
  endfacet
  facet normal 0 0 1
    outer loop
      vertex 20.4412 39.0051 7.1
      vertex 10.8156 33.287 7.1
      vertex 20.2 38.1051 7.1
    endloop
  endfacet
  facet normal 0 0 1
    outer loop
      vertex 20.2 38.1051 7.1
      vertex 14.2358 31.9741 7.1
      vertex 17.5 30.3109 7.1
    endloop
  endfacet
  facet normal 0 0 1
    outer loop
      vertex 20.2 38.1051 7.1
      vertex 10.8156 33.287 7.1
      vertex 14.2358 31.9741 7.1
    endloop
  endfacet
  facet normal 0 -0 1
    outer loop
      vertex 10.8156 33.287 7.1
      vertex 14.671 48.2787 7.1
      vertex 10.1427 33.4673 7.1
    endloop
  endfacet
  facet normal 0 0 1
    outer loop
      vertex 23.4196 26.0101 7.1
      vertex 34.4388 36.8811 7.1
      vertex 23.5588 37.2051 7.1
    endloop
  endfacet
  facet normal 0 0 1
    outer loop
      vertex 34.4388 36.8811 7.1
      vertex 23.4196 26.0101 7.1
      vertex 23.8759 25.5538 7.1
    endloop
  endfacet
  facet normal -0 0 1
    outer loop
      vertex 22.9 36.5463 7.1
      vertex 23.4196 26.0101 7.1
      vertex 23.5588 37.2051 7.1
    endloop
  endfacet
  facet normal 0 0 1
    outer loop
      vertex 20.5725 28.3156 7.1
      vertex 22.9 36.5463 7.1
      vertex 22 36.3051 7.1
    endloop
  endfacet
  facet normal 0 0 1
    outer loop
      vertex 17.5 30.3109 7.1
      vertex 22 36.3051 7.1
      vertex 21.1 36.5463 7.1
    endloop
  endfacet
  facet normal 0 0 1
    outer loop
      vertex 22.9 36.5463 7.1
      vertex 20.5725 28.3156 7.1
      vertex 23.4196 26.0101 7.1
    endloop
  endfacet
  facet normal 0 0 1
    outer loop
      vertex 17.5 30.3109 7.1
      vertex 21.1 36.5463 7.1
      vertex 20.4412 37.2051 7.1
    endloop
  endfacet
  facet normal 0 0 1
    outer loop
      vertex 17.5 30.3109 7.1
      vertex 20.4412 37.2051 7.1
      vertex 20.2 38.1051 7.1
    endloop
  endfacet
  facet normal 0 0 1
    outer loop
      vertex 22 36.3051 7.1
      vertex 17.5 30.3109 7.1
      vertex 20.5725 28.3156 7.1
    endloop
  endfacet
  facet normal 0.707107 0.707107 0
    outer loop
      vertex 23.8759 25.5538 9
      vertex 23.4196 26.0101 7.1
      vertex 23.4196 26.0101 9
    endloop
  endfacet
  facet normal 0.707107 0.707107 0
    outer loop
      vertex 23.4196 26.0101 7.1
      vertex 23.8759 25.5538 9
      vertex 23.8759 25.5538 7.1
    endloop
  endfacet
  facet normal 0.358369 0.93358 -0
    outer loop
      vertex 14.2358 31.9741 7.1
      vertex 10.8156 33.287 9
      vertex 14.2358 31.9741 9
    endloop
  endfacet
  facet normal 0.358369 0.93358 0
    outer loop
      vertex 10.8156 33.287 9
      vertex 14.2358 31.9741 7.1
      vertex 10.8156 33.287 7.1
    endloop
  endfacet
  facet normal 0.258816 0.965927 -0
    outer loop
      vertex 10.8156 33.287 7.1
      vertex 10.1427 33.4673 9
      vertex 10.8156 33.287 9
    endloop
  endfacet
  facet normal 0.258816 0.965927 0
    outer loop
      vertex 10.1427 33.4673 9
      vertex 10.8156 33.287 7.1
      vertex 10.1427 33.4673 7.1
    endloop
  endfacet
  facet normal 0.544639 0.83867 -0
    outer loop
      vertex 20.5725 28.3156 7.1
      vertex 17.5 30.3109 9
      vertex 20.5725 28.3156 9
    endloop
  endfacet
  facet normal 0.544639 0.83867 0
    outer loop
      vertex 17.5 30.3109 9
      vertex 20.5725 28.3156 7.1
      vertex 17.5 30.3109 7.1
    endloop
  endfacet
  facet normal 0.45399 0.891007 -0
    outer loop
      vertex 17.5 30.3109 7.1
      vertex 14.2358 31.9741 9
      vertex 17.5 30.3109 9
    endloop
  endfacet
  facet normal 0.45399 0.891007 0
    outer loop
      vertex 14.2358 31.9741 9
      vertex 17.5 30.3109 7.1
      vertex 14.2358 31.9741 7.1
    endloop
  endfacet
  facet normal 0.62932 0.777146 -0
    outer loop
      vertex 23.4196 26.0101 7.1
      vertex 20.5725 28.3156 9
      vertex 23.4196 26.0101 9
    endloop
  endfacet
  facet normal 0.62932 0.777146 0
    outer loop
      vertex 20.5725 28.3156 9
      vertex 23.4196 26.0101 7.1
      vertex 20.5725 28.3156 7.1
    endloop
  endfacet
  facet normal -0.731354 0.681998 0
    outer loop
      vertex 23.8759 25.5538 7.1
      vertex 34.4388 36.8811 9
      vertex 34.4388 36.8811 7.1
    endloop
  endfacet
  facet normal -0.731354 0.681998 0
    outer loop
      vertex 34.4388 36.8811 9
      vertex 23.8759 25.5538 7.1
      vertex 23.8759 25.5538 9
    endloop
  endfacet
  facet normal 0.956305 -0.292372 0
    outer loop
      vertex 10.1427 33.4673 9
      vertex 14.671 48.2787 7.1
      vertex 14.671 48.2787 9
    endloop
  endfacet
  facet normal 0.956305 -0.292372 0
    outer loop
      vertex 14.671 48.2787 7.1
      vertex 10.1427 33.4673 9
      vertex 10.1427 33.4673 7.1
    endloop
  endfacet
  facet normal -0.258819 -0.965926 0
    outer loop
      vertex 22 39.9051 4
      vertex 22.9 39.664 7.1
      vertex 22 39.9051 7.1
    endloop
  endfacet
  facet normal -0.258819 -0.965926 -0
    outer loop
      vertex 22.9 39.664 7.1
      vertex 22 39.9051 4
      vertex 22.9 39.664 4
    endloop
  endfacet
  facet normal 0.707106 0.707108 -0
    outer loop
      vertex 21.1 36.5463 4
      vertex 20.4412 37.2051 7.1
      vertex 21.1 36.5463 7.1
    endloop
  endfacet
  facet normal 0.707106 0.707108 0
    outer loop
      vertex 20.4412 37.2051 7.1
      vertex 21.1 36.5463 4
      vertex 20.4412 37.2051 4
    endloop
  endfacet
  facet normal 0.965926 -0.258819 0
    outer loop
      vertex 20.2 38.1051 7.1
      vertex 20.4412 39.0051 4
      vertex 20.4412 39.0051 7.1
    endloop
  endfacet
  facet normal 0.965926 -0.258819 0
    outer loop
      vertex 20.4412 39.0051 4
      vertex 20.2 38.1051 7.1
      vertex 20.2 38.1051 4
    endloop
  endfacet
  facet normal 0.258819 -0.965926 0
    outer loop
      vertex 21.1 39.664 4
      vertex 22 39.9051 7.1
      vertex 21.1 39.664 7.1
    endloop
  endfacet
  facet normal 0.258819 -0.965926 0
    outer loop
      vertex 22 39.9051 7.1
      vertex 21.1 39.664 4
      vertex 22 39.9051 4
    endloop
  endfacet
  facet normal 0.965926 0.258818 0
    outer loop
      vertex 20.4412 37.2051 7.1
      vertex 20.2 38.1051 4
      vertex 20.2 38.1051 7.1
    endloop
  endfacet
  facet normal 0.965926 0.258818 0
    outer loop
      vertex 20.2 38.1051 4
      vertex 20.4412 37.2051 7.1
      vertex 20.4412 37.2051 4
    endloop
  endfacet
  facet normal -0.965926 0.258818 0
    outer loop
      vertex 23.5588 37.2051 4
      vertex 23.8 38.1051 7.1
      vertex 23.8 38.1051 4
    endloop
  endfacet
  facet normal -0.965926 0.258818 0
    outer loop
      vertex 23.8 38.1051 7.1
      vertex 23.5588 37.2051 4
      vertex 23.5588 37.2051 7.1
    endloop
  endfacet
  facet normal -0.965926 -0.258818 0
    outer loop
      vertex 23.8 38.1051 4
      vertex 23.5588 39.0051 7.1
      vertex 23.5588 39.0051 4
    endloop
  endfacet
  facet normal -0.965926 -0.258818 0
    outer loop
      vertex 23.5588 39.0051 7.1
      vertex 23.8 38.1051 4
      vertex 23.8 38.1051 7.1
    endloop
  endfacet
  facet normal 0.707108 -0.707106 0
    outer loop
      vertex 20.4412 39.0051 7.1
      vertex 21.1 39.664 4
      vertex 21.1 39.664 7.1
    endloop
  endfacet
  facet normal 0.707108 -0.707106 0
    outer loop
      vertex 21.1 39.664 4
      vertex 20.4412 39.0051 7.1
      vertex 20.4412 39.0051 4
    endloop
  endfacet
  facet normal -0.707106 -0.707108 0
    outer loop
      vertex 22.9 39.664 4
      vertex 23.5588 39.0051 7.1
      vertex 22.9 39.664 7.1
    endloop
  endfacet
  facet normal -0.707106 -0.707108 -0
    outer loop
      vertex 23.5588 39.0051 7.1
      vertex 22.9 39.664 4
      vertex 23.5588 39.0051 4
    endloop
  endfacet
  facet normal 0 0 1
    outer loop
      vertex 23.5588 39.0051 4
      vertex 23.5588 37.2051 4
      vertex 23.8 38.1051 4
    endloop
  endfacet
  facet normal 0 0 1
    outer loop
      vertex 22.9 39.664 4
      vertex 23.5588 37.2051 4
      vertex 23.5588 39.0051 4
    endloop
  endfacet
  facet normal 0 0 1
    outer loop
      vertex 22.9 39.664 4
      vertex 22.9 36.5463 4
      vertex 23.5588 37.2051 4
    endloop
  endfacet
  facet normal 0 0 1
    outer loop
      vertex 22 39.9051 4
      vertex 22.9 36.5463 4
      vertex 22.9 39.664 4
    endloop
  endfacet
  facet normal 0 0 1
    outer loop
      vertex 22 39.9051 4
      vertex 22 36.3051 4
      vertex 22.9 36.5463 4
    endloop
  endfacet
  facet normal -0 0 1
    outer loop
      vertex 21.1 39.664 4
      vertex 22 36.3051 4
      vertex 22 39.9051 4
    endloop
  endfacet
  facet normal 0 0 1
    outer loop
      vertex 21.1 39.664 4
      vertex 21.1 36.5463 4
      vertex 22 36.3051 4
    endloop
  endfacet
  facet normal -0 0 1
    outer loop
      vertex 20.4412 39.0051 4
      vertex 21.1 36.5463 4
      vertex 21.1 39.664 4
    endloop
  endfacet
  facet normal 0 0 1
    outer loop
      vertex 20.4412 39.0051 4
      vertex 20.4412 37.2051 4
      vertex 21.1 36.5463 4
    endloop
  endfacet
  facet normal 0 -0 1
    outer loop
      vertex 20.4412 37.2051 4
      vertex 20.4412 39.0051 4
      vertex 20.2 38.1051 4
    endloop
  endfacet
  facet normal -0.707106 0.707108 0
    outer loop
      vertex 23.5588 37.2051 4
      vertex 22.9 36.5463 7.1
      vertex 23.5588 37.2051 7.1
    endloop
  endfacet
  facet normal -0.707106 0.707108 0
    outer loop
      vertex 22.9 36.5463 7.1
      vertex 23.5588 37.2051 4
      vertex 22.9 36.5463 4
    endloop
  endfacet
  facet normal -0.258819 0.965926 0
    outer loop
      vertex 22.9 36.5463 4
      vertex 22 36.3051 7.1
      vertex 22.9 36.5463 7.1
    endloop
  endfacet
  facet normal -0.258819 0.965926 0
    outer loop
      vertex 22 36.3051 7.1
      vertex 22.9 36.5463 4
      vertex 22 36.3051 4
    endloop
  endfacet
  facet normal 0.258819 0.965926 -0
    outer loop
      vertex 22 36.3051 4
      vertex 21.1 36.5463 7.1
      vertex 22 36.3051 7.1
    endloop
  endfacet
  facet normal 0.258819 0.965926 0
    outer loop
      vertex 21.1 36.5463 7.1
      vertex 22 36.3051 4
      vertex 21.1 36.5463 4
    endloop
  endfacet
  facet normal -0.258764 -0.965731 -0.0201197
    outer loop
      vertex 23.7986 41.2204 0
      vertex 23.758 41.1501 3.9
      vertex 22.8057 41.4865 0
    endloop
  endfacet
  facet normal 0.96573 -0.258766 -0.0201196
    outer loop
      vertex 18.484 38.1051 3.9
      vertex 18.6187 38.9109 0
      vertex 18.9551 39.8631 3.9
    endloop
  endfacet
  facet normal 0.96573 -0.258767 -0.0201197
    outer loop
      vertex 18.6187 38.9109 0
      vertex 18.484 38.1051 3.9
      vertex 18.4028 38.1051 0
    endloop
  endfacet
  facet normal 0.706964 -0.706964 -0.0201196
    outer loop
      vertex 19.6115 40.6306 0
      vertex 18.9551 39.8631 3.9
      vertex 18.8847 39.9037 0
    endloop
  endfacet
  facet normal -0.706964 0.706964 -0.0201196
    outer loop
      vertex 25.0449 36.3471 3.9
      vertex 25.1153 36.3065 0
      vertex 24.3885 35.5797 0
    endloop
  endfacet
  facet normal 0.706965 0.706963 -0.0201195
    outer loop
      vertex 20.242 35.0602 3.9
      vertex 20.2014 34.9898 0
      vertex 19.4745 35.7166 0
    endloop
  endfacet
  facet normal -0.258767 -0.96573 -0.0201192
    outer loop
      vertex 22.8057 41.4865 0
      vertex 22 41.6211 3.9
      vertex 22 41.7024 0
    endloop
  endfacet
  facet normal -0.258766 -0.96573 -0.020119
    outer loop
      vertex 22 41.6211 3.9
      vertex 22.8057 41.4865 0
      vertex 23.758 41.1501 3.9
    endloop
  endfacet
  facet normal -0.96573 0.258767 -0.0201197
    outer loop
      vertex 25.3813 37.2994 0
      vertex 25.516 38.1051 3.9
      vertex 25.5972 38.1051 0
    endloop
  endfacet
  facet normal -0.96573 0.258766 -0.0201196
    outer loop
      vertex 25.516 38.1051 3.9
      vertex 25.3813 37.2994 0
      vertex 25.0449 36.3471 3.9
    endloop
  endfacet
  facet normal 0.96573 -0.258768 -0.0201193
    outer loop
      vertex 18.8847 39.9037 0
      vertex 18.9551 39.8631 3.9
      vertex 18.6187 38.9109 0
    endloop
  endfacet
  facet normal 0.258767 0.96573 -0.0201192
    outer loop
      vertex 21.1943 34.7238 0
      vertex 22 34.5891 3.9
      vertex 22 34.5079 0
    endloop
  endfacet
  facet normal 0.258766 0.96573 -0.020119
    outer loop
      vertex 22 34.5891 3.9
      vertex 21.1943 34.7238 0
      vertex 20.242 35.0602 3.9
    endloop
  endfacet
  facet normal 0.258764 0.965731 -0.0201197
    outer loop
      vertex 20.242 35.0602 3.9
      vertex 21.1943 34.7238 0
      vertex 20.2014 34.9898 0
    endloop
  endfacet
  facet normal -0.96573 0.258768 -0.0201193
    outer loop
      vertex 25.3813 37.2994 0
      vertex 25.1153 36.3065 0
      vertex 25.0449 36.3471 3.9
    endloop
  endfacet
  facet normal -0.706965 -0.706963 -0.0201195
    outer loop
      vertex 23.7986 41.2204 0
      vertex 24.5255 40.4936 0
      vertex 23.758 41.1501 3.9
    endloop
  endfacet
  facet normal 0.96573 0.258766 -0.0201197
    outer loop
      vertex 18.9551 36.3471 3.9
      vertex 18.4028 38.1051 0
      vertex 18.484 38.1051 3.9
    endloop
  endfacet
  facet normal 0.96573 0.258767 -0.0201193
    outer loop
      vertex 18.4028 38.1051 0
      vertex 18.9551 36.3471 3.9
      vertex 18.8847 36.3065 0
    endloop
  endfacet
  facet normal 0 0 -1
    outer loop
      vertex 25.0449 36.3471 3.9
      vertex 25.0449 39.8631 3.9
      vertex 25.516 38.1051 3.9
    endloop
  endfacet
  facet normal 0 0 -1
    outer loop
      vertex 23.758 35.0602 3.9
      vertex 25.0449 39.8631 3.9
      vertex 25.0449 36.3471 3.9
    endloop
  endfacet
  facet normal 0 0 -1
    outer loop
      vertex 23.758 35.0602 3.9
      vertex 23.758 41.1501 3.9
      vertex 25.0449 39.8631 3.9
    endloop
  endfacet
  facet normal 0 0 -1
    outer loop
      vertex 22 34.5891 3.9
      vertex 23.758 41.1501 3.9
      vertex 23.758 35.0602 3.9
    endloop
  endfacet
  facet normal 0 0 -1
    outer loop
      vertex 22 34.5891 3.9
      vertex 22 41.6211 3.9
      vertex 23.758 41.1501 3.9
    endloop
  endfacet
  facet normal 0 0 -1
    outer loop
      vertex 20.242 35.0602 3.9
      vertex 22 41.6211 3.9
      vertex 22 34.5891 3.9
    endloop
  endfacet
  facet normal 0 0 -1
    outer loop
      vertex 20.242 35.0602 3.9
      vertex 20.242 41.1501 3.9
      vertex 22 41.6211 3.9
    endloop
  endfacet
  facet normal 0 0 -1
    outer loop
      vertex 18.9551 36.3471 3.9
      vertex 20.242 41.1501 3.9
      vertex 20.242 35.0602 3.9
    endloop
  endfacet
  facet normal 0 0 -1
    outer loop
      vertex 18.9551 36.3471 3.9
      vertex 18.9551 39.8631 3.9
      vertex 20.242 41.1501 3.9
    endloop
  endfacet
  facet normal 0 -0 -1
    outer loop
      vertex 18.9551 39.8631 3.9
      vertex 18.9551 36.3471 3.9
      vertex 18.484 38.1051 3.9
    endloop
  endfacet
  facet normal 0.258765 -0.965731 -0.0201197
    outer loop
      vertex 22 41.7024 0
      vertex 20.242 41.1501 3.9
      vertex 20.2014 41.2204 0
    endloop
  endfacet
  facet normal 0.258766 -0.96573 -0.0201192
    outer loop
      vertex 20.242 41.1501 3.9
      vertex 22 41.7024 0
      vertex 22 41.6211 3.9
    endloop
  endfacet
  facet normal 0.706964 -0.706964 -0.0201196
    outer loop
      vertex 20.242 41.1501 3.9
      vertex 19.6115 40.6306 0
      vertex 20.2014 41.2204 0
    endloop
  endfacet
  facet normal 0.706964 -0.706964 -0.0201196
    outer loop
      vertex 19.6115 40.6306 0
      vertex 20.242 41.1501 3.9
      vertex 18.9551 39.8631 3.9
    endloop
  endfacet
  facet normal -0.258765 0.965731 -0.0201197
    outer loop
      vertex 22 34.5079 0
      vertex 23.758 35.0602 3.9
      vertex 23.7986 34.9898 0
    endloop
  endfacet
  facet normal -0.258766 0.96573 -0.0201192
    outer loop
      vertex 23.758 35.0602 3.9
      vertex 22 34.5079 0
      vertex 22 34.5891 3.9
    endloop
  endfacet
  facet normal 0.706963 0.706965 -0.0201195
    outer loop
      vertex 18.9551 36.3471 3.9
      vertex 19.4745 35.7166 0
      vertex 18.8847 36.3065 0
    endloop
  endfacet
  facet normal 0.706964 0.706964 -0.0201192
    outer loop
      vertex 19.4745 35.7166 0
      vertex 18.9551 36.3471 3.9
      vertex 20.242 35.0602 3.9
    endloop
  endfacet
  facet normal -0.706964 0.706964 -0.0201196
    outer loop
      vertex 24.3885 35.5797 0
      vertex 23.758 35.0602 3.9
      vertex 25.0449 36.3471 3.9
    endloop
  endfacet
  facet normal -0.706964 0.706964 -0.0201196
    outer loop
      vertex 23.758 35.0602 3.9
      vertex 24.3885 35.5797 0
      vertex 23.7986 34.9898 0
    endloop
  endfacet
  facet normal -0.96573 -0.258767 -0.0201193
    outer loop
      vertex 25.5972 38.1051 0
      vertex 25.0449 39.8631 3.9
      vertex 25.1153 39.9037 0
    endloop
  endfacet
  facet normal -0.96573 -0.258766 -0.0201197
    outer loop
      vertex 25.0449 39.8631 3.9
      vertex 25.5972 38.1051 0
      vertex 25.516 38.1051 3.9
    endloop
  endfacet
  facet normal -0.706963 -0.706965 -0.0201195
    outer loop
      vertex 25.0449 39.8631 3.9
      vertex 24.5255 40.4936 0
      vertex 25.1153 39.9037 0
    endloop
  endfacet
  facet normal -0.706964 -0.706964 -0.0201192
    outer loop
      vertex 24.5255 40.4936 0
      vertex 25.0449 39.8631 3.9
      vertex 23.758 41.1501 3.9
    endloop
  endfacet
  facet normal -0 0 1
    outer loop
      vertex -42.4412 0.9 7.1
      vertex -35 0 7.1
      vertex -34.8083 3.6585 7.1
    endloop
  endfacet
  facet normal 0 0 1
    outer loop
      vertex -43.1 1.55885 7.1
      vertex -34.8083 3.6585 7.1
      vertex -34.2352 7.27691 7.1
    endloop
  endfacet
  facet normal 0 0 1
    outer loop
      vertex -49.1808 11.3043 7.1
      vertex -34.2352 7.27691 7.1
      vertex -34.0896 7.8202 7.1
    endloop
  endfacet
  facet normal 0 0 1
    outer loop
      vertex -35 0 7.1
      vertex -42.4412 0.9 7.1
      vertex -42.2 5.16784e-015 7.1
    endloop
  endfacet
  facet normal 0 0 1
    outer loop
      vertex -34.8083 3.6585 7.1
      vertex -43.1 1.55885 7.1
      vertex -42.4412 0.9 7.1
    endloop
  endfacet
  facet normal 0 0 1
    outer loop
      vertex -34.2352 7.27691 7.1
      vertex -44 1.8 7.1
      vertex -43.1 1.55885 7.1
    endloop
  endfacet
  facet normal 0 0 1
    outer loop
      vertex -34.2352 7.27691 7.1
      vertex -49.1808 11.3043 7.1
      vertex -44 1.8 7.1
    endloop
  endfacet
  facet normal 0 0 1
    outer loop
      vertex -50.5 0 7.1
      vertex -45.8 5.6087e-015 7.1
      vertex -45.5588 0.9 7.1
    endloop
  endfacet
  facet normal 0 0 1
    outer loop
      vertex -44 1.8 7.1
      vertex -49.1808 11.3043 7.1
      vertex -49.3965 10.4995 7.1
    endloop
  endfacet
  facet normal -0 0 1
    outer loop
      vertex -50.2234 5.27869 7.1
      vertex -44 1.8 7.1
      vertex -49.3965 10.4995 7.1
    endloop
  endfacet
  facet normal 0 0 1
    outer loop
      vertex -44 1.8 7.1
      vertex -50.2234 5.27869 7.1
      vertex -44.9 1.55885 7.1
    endloop
  endfacet
  facet normal 0 0 1
    outer loop
      vertex -44.9 1.55885 7.1
      vertex -50.2234 5.27869 7.1
      vertex -45.5588 0.9 7.1
    endloop
  endfacet
  facet normal 0 0 1
    outer loop
      vertex -50.5 0 7.1
      vertex -45.5588 0.9 7.1
      vertex -50.2234 5.27869 7.1
    endloop
  endfacet
  facet normal 0 0 1
    outer loop
      vertex -45.8 5.6087e-015 7.1
      vertex -50.2234 -5.27869 7.1
      vertex -49.3965 -10.4995 7.1
    endloop
  endfacet
  facet normal 0 0 1
    outer loop
      vertex -45.8 5.6087e-015 7.1
      vertex -49.3965 -10.4995 7.1
      vertex -49.1297 -11.4951 7.1
    endloop
  endfacet
  facet normal 0 0 1
    outer loop
      vertex -45.8 5.6087e-015 7.1
      vertex -50.5 0 7.1
      vertex -50.2234 -5.27869 7.1
    endloop
  endfacet
  facet normal 0 0 1
    outer loop
      vertex -42.4412 -0.9 7.1
      vertex -35 0 7.1
      vertex -42.2 5.16784e-015 7.1
    endloop
  endfacet
  facet normal 0 0 1
    outer loop
      vertex -35 0 7.1
      vertex -42.4412 -0.9 7.1
      vertex -34.8083 -3.6585 7.1
    endloop
  endfacet
  facet normal -0 0 1
    outer loop
      vertex -43.1 -1.55885 7.1
      vertex -34.8083 -3.6585 7.1
      vertex -42.4412 -0.9 7.1
    endloop
  endfacet
  facet normal 0 0 1
    outer loop
      vertex -34.8083 -3.6585 7.1
      vertex -43.1 -1.55885 7.1
      vertex -34.2352 -7.27691 7.1
    endloop
  endfacet
  facet normal -0 0 1
    outer loop
      vertex -44 -1.8 7.1
      vertex -34.2352 -7.27691 7.1
      vertex -43.1 -1.55885 7.1
    endloop
  endfacet
  facet normal 0 0 1
    outer loop
      vertex -49.1297 -11.4951 7.1
      vertex -34.2352 -7.27691 7.1
      vertex -44 -1.8 7.1
    endloop
  endfacet
  facet normal 0 0 1
    outer loop
      vertex -49.1297 -11.4951 7.1
      vertex -44 -1.8 7.1
      vertex -44.9 -1.55885 7.1
    endloop
  endfacet
  facet normal 0 0 1
    outer loop
      vertex -34.2352 -7.27691 7.1
      vertex -49.1297 -11.4951 7.1
      vertex -34.0385 -8.01103 7.1
    endloop
  endfacet
  facet normal 0 0 1
    outer loop
      vertex -45.5588 -0.9 7.1
      vertex -49.1297 -11.4951 7.1
      vertex -44.9 -1.55885 7.1
    endloop
  endfacet
  facet normal 0 0 1
    outer loop
      vertex -49.1297 -11.4951 7.1
      vertex -45.5588 -0.9 7.1
      vertex -45.8 5.6087e-015 7.1
    endloop
  endfacet
  facet normal -0.99863 0.0523361 0
    outer loop
      vertex -35 0 7.1
      vertex -34.8083 3.6585 9
      vertex -34.8083 3.6585 7.1
    endloop
  endfacet
  facet normal -0.99863 0.0523361 0
    outer loop
      vertex -34.8083 3.6585 9
      vertex -35 0 7.1
      vertex -35 0 9
    endloop
  endfacet
  facet normal -0.965927 0.258815 0
    outer loop
      vertex -34.2352 7.27691 7.1
      vertex -34.0896 7.8202 9
      vertex -34.0896 7.8202 7.1
    endloop
  endfacet
  facet normal -0.965927 0.258815 0
    outer loop
      vertex -34.0896 7.8202 9
      vertex -34.2352 7.27691 7.1
      vertex -34.2352 7.27691 9
    endloop
  endfacet
  facet normal -0.987688 0.156435 0
    outer loop
      vertex -34.8083 3.6585 7.1
      vertex -34.2352 7.27691 9
      vertex -34.2352 7.27691 7.1
    endloop
  endfacet
  facet normal -0.987688 0.156435 0
    outer loop
      vertex -34.2352 7.27691 9
      vertex -34.8083 3.6585 7.1
      vertex -34.8083 3.6585 9
    endloop
  endfacet
  facet normal -0.965926 -0.258817 0
    outer loop
      vertex -34.0385 -8.01103 7.1
      vertex -34.2352 -7.27691 9
      vertex -34.2352 -7.27691 7.1
    endloop
  endfacet
  facet normal -0.965926 -0.258817 0
    outer loop
      vertex -34.2352 -7.27691 9
      vertex -34.0385 -8.01103 7.1
      vertex -34.0385 -8.01103 9
    endloop
  endfacet
  facet normal -0.99863 -0.0523361 0
    outer loop
      vertex -34.8083 -3.6585 7.1
      vertex -35 0 9
      vertex -35 0 7.1
    endloop
  endfacet
  facet normal -0.99863 -0.0523361 0
    outer loop
      vertex -35 0 9
      vertex -34.8083 -3.6585 7.1
      vertex -34.8083 -3.6585 9
    endloop
  endfacet
  facet normal -0.987688 -0.156435 0
    outer loop
      vertex -34.2352 -7.27691 7.1
      vertex -34.8083 -3.6585 9
      vertex -34.8083 -3.6585 7.1
    endloop
  endfacet
  facet normal -0.987688 -0.156435 0
    outer loop
      vertex -34.8083 -3.6585 9
      vertex -34.2352 -7.27691 7.1
      vertex -34.2352 -7.27691 9
    endloop
  endfacet
  facet normal -0.224951 -0.97437 0
    outer loop
      vertex -49.1808 11.3043 7.1
      vertex -34.0896 7.8202 9
      vertex -49.1808 11.3043 9
    endloop
  endfacet
  facet normal -0.224951 -0.97437 -0
    outer loop
      vertex -34.0896 7.8202 9
      vertex -49.1808 11.3043 7.1
      vertex -34.0896 7.8202 7.1
    endloop
  endfacet
  facet normal -0.224951 0.97437 0
    outer loop
      vertex -34.0385 -8.01103 7.1
      vertex -49.1297 -11.4951 9
      vertex -34.0385 -8.01103 9
    endloop
  endfacet
  facet normal -0.224951 0.97437 0
    outer loop
      vertex -49.1297 -11.4951 9
      vertex -34.0385 -8.01103 7.1
      vertex -49.1297 -11.4951 7.1
    endloop
  endfacet
  facet normal 0.965926 0.258819 0
    outer loop
      vertex -45.5588 -0.9 7.1
      vertex -45.8 5.6087e-015 4
      vertex -45.8 5.6087e-015 7.1
    endloop
  endfacet
  facet normal 0.965926 0.258819 0
    outer loop
      vertex -45.8 5.6087e-015 4
      vertex -45.5588 -0.9 7.1
      vertex -45.5588 -0.9 4
    endloop
  endfacet
  facet normal -0.965926 0.258819 0
    outer loop
      vertex -42.4412 -0.9 4
      vertex -42.2 5.16784e-015 7.1
      vertex -42.2 5.16784e-015 4
    endloop
  endfacet
  facet normal -0.965926 0.258819 0
    outer loop
      vertex -42.2 5.16784e-015 7.1
      vertex -42.4412 -0.9 4
      vertex -42.4412 -0.9 7.1
    endloop
  endfacet
  facet normal -0.258818 0.965926 0
    outer loop
      vertex -43.1 -1.55885 4
      vertex -44 -1.8 7.1
      vertex -43.1 -1.55885 7.1
    endloop
  endfacet
  facet normal -0.258818 0.965926 0
    outer loop
      vertex -44 -1.8 7.1
      vertex -43.1 -1.55885 4
      vertex -44 -1.8 4
    endloop
  endfacet
  facet normal 0.707108 0.707106 0
    outer loop
      vertex -44.9 -1.55885 7.1
      vertex -45.5588 -0.9 4
      vertex -45.5588 -0.9 7.1
    endloop
  endfacet
  facet normal 0.707108 0.707106 0
    outer loop
      vertex -45.5588 -0.9 4
      vertex -44.9 -1.55885 7.1
      vertex -44.9 -1.55885 4
    endloop
  endfacet
  facet normal -0.707108 0.707106 0
    outer loop
      vertex -43.1 -1.55885 4
      vertex -42.4412 -0.9 7.1
      vertex -42.4412 -0.9 4
    endloop
  endfacet
  facet normal -0.707108 0.707106 0
    outer loop
      vertex -42.4412 -0.9 7.1
      vertex -43.1 -1.55885 4
      vertex -43.1 -1.55885 7.1
    endloop
  endfacet
  facet normal 0.258819 -0.965926 0
    outer loop
      vertex -44.9 1.55885 4
      vertex -44 1.8 7.1
      vertex -44.9 1.55885 7.1
    endloop
  endfacet
  facet normal 0.258819 -0.965926 0
    outer loop
      vertex -44 1.8 7.1
      vertex -44.9 1.55885 4
      vertex -44 1.8 4
    endloop
  endfacet
  facet normal 0.707106 -0.707108 0
    outer loop
      vertex -45.5588 0.9 4
      vertex -44.9 1.55885 7.1
      vertex -45.5588 0.9 7.1
    endloop
  endfacet
  facet normal 0.707106 -0.707108 0
    outer loop
      vertex -44.9 1.55885 7.1
      vertex -45.5588 0.9 4
      vertex -44.9 1.55885 4
    endloop
  endfacet
  facet normal 0.258818 0.965926 -0
    outer loop
      vertex -44 -1.8 4
      vertex -44.9 -1.55885 7.1
      vertex -44 -1.8 7.1
    endloop
  endfacet
  facet normal 0.258818 0.965926 0
    outer loop
      vertex -44.9 -1.55885 7.1
      vertex -44 -1.8 4
      vertex -44.9 -1.55885 4
    endloop
  endfacet
  facet normal 0.965926 -0.258819 0
    outer loop
      vertex -45.8 5.6087e-015 7.1
      vertex -45.5588 0.9 4
      vertex -45.5588 0.9 7.1
    endloop
  endfacet
  facet normal 0.965926 -0.258819 0
    outer loop
      vertex -45.5588 0.9 4
      vertex -45.8 5.6087e-015 7.1
      vertex -45.8 5.6087e-015 4
    endloop
  endfacet
  facet normal 0 0 1
    outer loop
      vertex -42.4412 0.9 4
      vertex -42.4412 -0.9 4
      vertex -42.2 5.16784e-015 4
    endloop
  endfacet
  facet normal 0 0 1
    outer loop
      vertex -43.1 1.55885 4
      vertex -42.4412 -0.9 4
      vertex -42.4412 0.9 4
    endloop
  endfacet
  facet normal 0 0 1
    outer loop
      vertex -43.1 1.55885 4
      vertex -43.1 -1.55885 4
      vertex -42.4412 -0.9 4
    endloop
  endfacet
  facet normal 0 0 1
    outer loop
      vertex -44 1.8 4
      vertex -43.1 -1.55885 4
      vertex -43.1 1.55885 4
    endloop
  endfacet
  facet normal 0 0 1
    outer loop
      vertex -44 1.8 4
      vertex -44 -1.8 4
      vertex -43.1 -1.55885 4
    endloop
  endfacet
  facet normal -0 0 1
    outer loop
      vertex -44.9 1.55885 4
      vertex -44 -1.8 4
      vertex -44 1.8 4
    endloop
  endfacet
  facet normal 0 0 1
    outer loop
      vertex -44.9 1.55885 4
      vertex -44.9 -1.55885 4
      vertex -44 -1.8 4
    endloop
  endfacet
  facet normal -0 0 1
    outer loop
      vertex -45.5588 0.9 4
      vertex -44.9 -1.55885 4
      vertex -44.9 1.55885 4
    endloop
  endfacet
  facet normal 0 0 1
    outer loop
      vertex -45.5588 0.9 4
      vertex -45.5588 -0.9 4
      vertex -44.9 -1.55885 4
    endloop
  endfacet
  facet normal 0 -0 1
    outer loop
      vertex -45.5588 -0.9 4
      vertex -45.5588 0.9 4
      vertex -45.8 5.6087e-015 4
    endloop
  endfacet
  facet normal -0.258818 -0.965926 0
    outer loop
      vertex -44 1.8 4
      vertex -43.1 1.55885 7.1
      vertex -44 1.8 7.1
    endloop
  endfacet
  facet normal -0.258818 -0.965926 -0
    outer loop
      vertex -43.1 1.55885 7.1
      vertex -44 1.8 4
      vertex -43.1 1.55885 4
    endloop
  endfacet
  facet normal -0.707108 -0.707106 0
    outer loop
      vertex -42.4412 0.9 4
      vertex -43.1 1.55885 7.1
      vertex -43.1 1.55885 4
    endloop
  endfacet
  facet normal -0.707108 -0.707106 0
    outer loop
      vertex -43.1 1.55885 7.1
      vertex -42.4412 0.9 4
      vertex -42.4412 0.9 7.1
    endloop
  endfacet
  facet normal -0.965926 -0.258819 0
    outer loop
      vertex -42.2 5.16784e-015 4
      vertex -42.4412 0.9 7.1
      vertex -42.4412 0.9 4
    endloop
  endfacet
  facet normal -0.965926 -0.258819 0
    outer loop
      vertex -42.4412 0.9 7.1
      vertex -42.2 5.16784e-015 4
      vertex -42.2 5.16784e-015 7.1
    endloop
  endfacet
  facet normal 0.965731 0.258764 -0.0201192
    outer loop
      vertex -47.516 5.81884e-015 3.9
      vertex -47.3312 -0.992875 0
      vertex -47.5972 5.82879e-015 0
    endloop
  endfacet
  facet normal -0.258766 0.96573 -0.0201195
    outer loop
      vertex -43.0071 -3.33121 0
      vertex -42.242 -3.04494 3.9
      vertex -42.2014 -3.11531 0
    endloop
  endfacet
  facet normal -0.258767 0.96573 -0.0201193
    outer loop
      vertex -42.242 -3.04494 3.9
      vertex -43.0071 -3.33121 0
      vertex -44 -3.516 3.9
    endloop
  endfacet
  facet normal 0.258767 0.96573 -0.0201193
    outer loop
      vertex -44 -3.516 3.9
      vertex -44 -3.59725 0
      vertex -44.9929 -3.33121 0
    endloop
  endfacet
  facet normal -0.258767 -0.96573 -0.0201193
    outer loop
      vertex -44 3.59725 0
      vertex -43.0071 3.33121 0
      vertex -44 3.516 3.9
    endloop
  endfacet
  facet normal -0.965731 0.258764 -0.0201192
    outer loop
      vertex -40.484 4.9577e-015 3.9
      vertex -40.4028 4.94775e-015 0
      vertex -40.6688 -0.992875 0
    endloop
  endfacet
  facet normal 0.96573 0.258766 -0.0201199
    outer loop
      vertex -47.0449 -1.758 3.9
      vertex -47.3312 -0.992875 0
      vertex -47.516 5.81884e-015 3.9
    endloop
  endfacet
  facet normal 0.96573 0.258767 -0.0201197
    outer loop
      vertex -47.3312 -0.992875 0
      vertex -47.0449 -1.758 3.9
      vertex -47.1153 -1.79862 0
    endloop
  endfacet
  facet normal 0.258766 -0.96573 -0.0201195
    outer loop
      vertex -44.9929 3.33121 0
      vertex -45.758 3.04494 3.9
      vertex -45.7986 3.11531 0
    endloop
  endfacet
  facet normal 0.258767 -0.96573 -0.0201193
    outer loop
      vertex -45.758 3.04494 3.9
      vertex -44.9929 3.33121 0
      vertex -44 3.516 3.9
    endloop
  endfacet
  facet normal -0.258767 0.96573 -0.0201193
    outer loop
      vertex -44 -3.516 3.9
      vertex -43.0071 -3.33121 0
      vertex -44 -3.59725 0
    endloop
  endfacet
  facet normal -0.96573 -0.258767 -0.0201197
    outer loop
      vertex -40.6688 0.992875 0
      vertex -40.9551 1.758 3.9
      vertex -40.8847 1.79862 0
    endloop
  endfacet
  facet normal -0.96573 -0.258766 -0.0201199
    outer loop
      vertex -40.9551 1.758 3.9
      vertex -40.6688 0.992875 0
      vertex -40.484 4.9577e-015 3.9
    endloop
  endfacet
  facet normal -0.965731 -0.258764 -0.0201192
    outer loop
      vertex -40.4028 4.94775e-015 0
      vertex -40.484 4.9577e-015 3.9
      vertex -40.6688 0.992875 0
    endloop
  endfacet
  facet normal 0.258767 -0.96573 -0.0201193
    outer loop
      vertex -44 3.59725 0
      vertex -44 3.516 3.9
      vertex -44.9929 3.33121 0
    endloop
  endfacet
  facet normal 0.965731 -0.258764 -0.0201192
    outer loop
      vertex -47.3312 0.992875 0
      vertex -47.516 5.81884e-015 3.9
      vertex -47.5972 5.82879e-015 0
    endloop
  endfacet
  facet normal -0.706964 0.706964 -0.0201196
    outer loop
      vertex -40.8847 -1.79862 0
      vertex -42.242 -3.04494 3.9
      vertex -40.9551 -1.758 3.9
    endloop
  endfacet
  facet normal -0.706964 0.706964 -0.0201196
    outer loop
      vertex -42.242 -3.04494 3.9
      vertex -40.8847 -1.79862 0
      vertex -42.2014 -3.11531 0
    endloop
  endfacet
  facet normal 0 0 -1
    outer loop
      vertex -40.9551 -1.758 3.9
      vertex -40.9551 1.758 3.9
      vertex -40.484 4.9577e-015 3.9
    endloop
  endfacet
  facet normal 0 0 -1
    outer loop
      vertex -42.242 -3.04494 3.9
      vertex -40.9551 1.758 3.9
      vertex -40.9551 -1.758 3.9
    endloop
  endfacet
  facet normal 0 0 -1
    outer loop
      vertex -42.242 -3.04494 3.9
      vertex -42.242 3.04494 3.9
      vertex -40.9551 1.758 3.9
    endloop
  endfacet
  facet normal 0 0 -1
    outer loop
      vertex -44 -3.516 3.9
      vertex -42.242 3.04494 3.9
      vertex -42.242 -3.04494 3.9
    endloop
  endfacet
  facet normal 0 0 -1
    outer loop
      vertex -44 -3.516 3.9
      vertex -44 3.516 3.9
      vertex -42.242 3.04494 3.9
    endloop
  endfacet
  facet normal 0 0 -1
    outer loop
      vertex -45.758 -3.04494 3.9
      vertex -44 3.516 3.9
      vertex -44 -3.516 3.9
    endloop
  endfacet
  facet normal 0 0 -1
    outer loop
      vertex -45.758 -3.04494 3.9
      vertex -45.758 3.04494 3.9
      vertex -44 3.516 3.9
    endloop
  endfacet
  facet normal 0 0 -1
    outer loop
      vertex -47.0449 -1.758 3.9
      vertex -45.758 3.04494 3.9
      vertex -45.758 -3.04494 3.9
    endloop
  endfacet
  facet normal 0 0 -1
    outer loop
      vertex -47.0449 -1.758 3.9
      vertex -47.0449 1.758 3.9
      vertex -45.758 3.04494 3.9
    endloop
  endfacet
  facet normal 0 -0 -1
    outer loop
      vertex -47.0449 1.758 3.9
      vertex -47.0449 -1.758 3.9
      vertex -47.516 5.81884e-015 3.9
    endloop
  endfacet
  facet normal 0.706964 0.706964 -0.0201196
    outer loop
      vertex -45.758 -3.04494 3.9
      vertex -47.1153 -1.79862 0
      vertex -47.0449 -1.758 3.9
    endloop
  endfacet
  facet normal 0.706964 0.706964 -0.0201196
    outer loop
      vertex -47.1153 -1.79862 0
      vertex -45.758 -3.04494 3.9
      vertex -45.7986 -3.11531 0
    endloop
  endfacet
  facet normal 0.258767 0.96573 -0.0201193
    outer loop
      vertex -44.9929 -3.33121 0
      vertex -45.758 -3.04494 3.9
      vertex -44 -3.516 3.9
    endloop
  endfacet
  facet normal 0.258766 0.96573 -0.0201195
    outer loop
      vertex -45.758 -3.04494 3.9
      vertex -44.9929 -3.33121 0
      vertex -45.7986 -3.11531 0
    endloop
  endfacet
  facet normal -0.706964 -0.706964 -0.0201196
    outer loop
      vertex -40.8847 1.79862 0
      vertex -42.242 3.04494 3.9
      vertex -42.2014 3.11531 0
    endloop
  endfacet
  facet normal -0.706964 -0.706964 -0.0201196
    outer loop
      vertex -42.242 3.04494 3.9
      vertex -40.8847 1.79862 0
      vertex -40.9551 1.758 3.9
    endloop
  endfacet
  facet normal -0.96573 0.258766 -0.0201199
    outer loop
      vertex -40.6688 -0.992875 0
      vertex -40.9551 -1.758 3.9
      vertex -40.484 4.9577e-015 3.9
    endloop
  endfacet
  facet normal -0.96573 0.258767 -0.0201197
    outer loop
      vertex -40.9551 -1.758 3.9
      vertex -40.6688 -0.992875 0
      vertex -40.8847 -1.79862 0
    endloop
  endfacet
  facet normal -0.258767 -0.96573 -0.0201193
    outer loop
      vertex -43.0071 3.33121 0
      vertex -42.242 3.04494 3.9
      vertex -44 3.516 3.9
    endloop
  endfacet
  facet normal -0.258766 -0.96573 -0.0201195
    outer loop
      vertex -42.242 3.04494 3.9
      vertex -43.0071 3.33121 0
      vertex -42.2014 3.11531 0
    endloop
  endfacet
  facet normal 0.706964 -0.706964 -0.0201196
    outer loop
      vertex -45.758 3.04494 3.9
      vertex -47.1153 1.79862 0
      vertex -45.7986 3.11531 0
    endloop
  endfacet
  facet normal 0.706964 -0.706964 -0.0201196
    outer loop
      vertex -47.1153 1.79862 0
      vertex -45.758 3.04494 3.9
      vertex -47.0449 1.758 3.9
    endloop
  endfacet
  facet normal 0.96573 -0.258767 -0.0201197
    outer loop
      vertex -47.0449 1.758 3.9
      vertex -47.3312 0.992875 0
      vertex -47.1153 1.79862 0
    endloop
  endfacet
  facet normal 0.96573 -0.258766 -0.0201199
    outer loop
      vertex -47.3312 0.992875 0
      vertex -47.0449 1.758 3.9
      vertex -47.516 5.81884e-015 3.9
    endloop
  endfacet
  facet normal 0 0 1
    outer loop
      vertex 29.6832 -40.8554 7.1
      vertex 23.5588 -37.2051 7.1
      vertex 23.8 -38.1051 7.1
    endloop
  endfacet
  facet normal 0 0 1
    outer loop
      vertex 34.4613 -36.8586 7.1
      vertex 23.4196 -26.0101 7.1
      vertex 23.5588 -37.2051 7.1
    endloop
  endfacet
  facet normal 0 0 1
    outer loop
      vertex 23.4196 -26.0101 7.1
      vertex 22.9 -36.5463 7.1
      vertex 23.5588 -37.2051 7.1
    endloop
  endfacet
  facet normal -0 0 1
    outer loop
      vertex 20.5725 -28.3156 7.1
      vertex 22.9 -36.5463 7.1
      vertex 23.4196 -26.0101 7.1
    endloop
  endfacet
  facet normal 0 0 1
    outer loop
      vertex 22.9 -36.5463 7.1
      vertex 20.5725 -28.3156 7.1
      vertex 22 -36.3051 7.1
    endloop
  endfacet
  facet normal -0 0 1
    outer loop
      vertex 17.5 -30.3109 7.1
      vertex 22 -36.3051 7.1
      vertex 20.5725 -28.3156 7.1
    endloop
  endfacet
  facet normal 0 0 1
    outer loop
      vertex 22 -36.3051 7.1
      vertex 17.5 -30.3109 7.1
      vertex 21.1 -36.5463 7.1
    endloop
  endfacet
  facet normal 0 0 1
    outer loop
      vertex 21.1 -36.5463 7.1
      vertex 17.5 -30.3109 7.1
      vertex 20.4412 -37.2051 7.1
    endloop
  endfacet
  facet normal -0 0 1
    outer loop
      vertex 14.2358 -31.9741 7.1
      vertex 20.4412 -37.2051 7.1
      vertex 17.5 -30.3109 7.1
    endloop
  endfacet
  facet normal -0 0 1
    outer loop
      vertex 23.4196 -26.0101 7.1
      vertex 34.4613 -36.8586 7.1
      vertex 23.8984 -25.5313 7.1
    endloop
  endfacet
  facet normal 0 0 1
    outer loop
      vertex 23.5588 -37.2051 7.1
      vertex 29.6832 -40.8554 7.1
      vertex 33.7911 -37.5288 7.1
    endloop
  endfacet
  facet normal 0 0 1
    outer loop
      vertex 34.4613 -36.8586 7.1
      vertex 23.5588 -37.2051 7.1
      vertex 33.7911 -37.5288 7.1
    endloop
  endfacet
  facet normal -0 0 1
    outer loop
      vertex 23.5588 -39.0051 7.1
      vertex 29.6832 -40.8554 7.1
      vertex 23.8 -38.1051 7.1
    endloop
  endfacet
  facet normal 0 0 1
    outer loop
      vertex 29.6832 -40.8554 7.1
      vertex 23.5588 -39.0051 7.1
      vertex 25.25 -43.7343 7.1
    endloop
  endfacet
  facet normal -0 0 1
    outer loop
      vertex 22.9 -39.664 7.1
      vertex 25.25 -43.7343 7.1
      vertex 23.5588 -39.0051 7.1
    endloop
  endfacet
  facet normal -0 0 1
    outer loop
      vertex 22 -39.9051 7.1
      vertex 25.25 -43.7343 7.1
      vertex 22.9 -39.664 7.1
    endloop
  endfacet
  facet normal 0 0 1
    outer loop
      vertex 20.5402 -46.134 7.1
      vertex 22 -39.9051 7.1
      vertex 21.1 -39.664 7.1
    endloop
  endfacet
  facet normal 0 0 1
    outer loop
      vertex 22 -39.9051 7.1
      vertex 20.5402 -46.134 7.1
      vertex 25.25 -43.7343 7.1
    endloop
  endfacet
  facet normal 0 0 1
    outer loop
      vertex 20.4412 -39.0051 7.1
      vertex 20.5402 -46.134 7.1
      vertex 21.1 -39.664 7.1
    endloop
  endfacet
  facet normal 0 0 1
    outer loop
      vertex 10.8156 -33.287 7.1
      vertex 20.4412 -39.0051 7.1
      vertex 20.2 -38.1051 7.1
    endloop
  endfacet
  facet normal 0 0 1
    outer loop
      vertex 20.4412 -37.2051 7.1
      vertex 14.2358 -31.9741 7.1
      vertex 20.2 -38.1051 7.1
    endloop
  endfacet
  facet normal -0 0 1
    outer loop
      vertex 10.8156 -33.287 7.1
      vertex 20.2 -38.1051 7.1
      vertex 14.2358 -31.9741 7.1
    endloop
  endfacet
  facet normal 0 0 1
    outer loop
      vertex 20.4412 -39.0051 7.1
      vertex 15.6054 -48.0284 7.1
      vertex 20.5402 -46.134 7.1
    endloop
  endfacet
  facet normal 0 0 1
    outer loop
      vertex 20.4412 -39.0051 7.1
      vertex 10.8156 -33.287 7.1
      vertex 14.7394 -48.2604 7.1
    endloop
  endfacet
  facet normal 0 0 1
    outer loop
      vertex 20.4412 -39.0051 7.1
      vertex 14.7394 -48.2604 7.1
      vertex 15.6054 -48.0284 7.1
    endloop
  endfacet
  facet normal 0 0 1
    outer loop
      vertex 14.7394 -48.2604 7.1
      vertex 10.8156 -33.287 7.1
      vertex 10.2111 -33.449 7.1
    endloop
  endfacet
  facet normal 0.258816 -0.965927 0
    outer loop
      vertex 10.2111 -33.449 7.1
      vertex 10.8156 -33.287 9
      vertex 10.2111 -33.449 9
    endloop
  endfacet
  facet normal 0.258816 -0.965927 0
    outer loop
      vertex 10.8156 -33.287 9
      vertex 10.2111 -33.449 7.1
      vertex 10.8156 -33.287 7.1
    endloop
  endfacet
  facet normal 0.62932 -0.777146 0
    outer loop
      vertex 20.5725 -28.3156 7.1
      vertex 23.4196 -26.0101 9
      vertex 20.5725 -28.3156 9
    endloop
  endfacet
  facet normal 0.62932 -0.777146 0
    outer loop
      vertex 23.4196 -26.0101 9
      vertex 20.5725 -28.3156 7.1
      vertex 23.4196 -26.0101 7.1
    endloop
  endfacet
  facet normal 0.45399 -0.891007 0
    outer loop
      vertex 14.2358 -31.9741 7.1
      vertex 17.5 -30.3109 9
      vertex 14.2358 -31.9741 9
    endloop
  endfacet
  facet normal 0.45399 -0.891007 0
    outer loop
      vertex 17.5 -30.3109 9
      vertex 14.2358 -31.9741 7.1
      vertex 17.5 -30.3109 7.1
    endloop
  endfacet
  facet normal 0.358369 -0.93358 0
    outer loop
      vertex 10.8156 -33.287 7.1
      vertex 14.2358 -31.9741 9
      vertex 10.8156 -33.287 9
    endloop
  endfacet
  facet normal 0.358369 -0.93358 0
    outer loop
      vertex 14.2358 -31.9741 9
      vertex 10.8156 -33.287 7.1
      vertex 14.2358 -31.9741 7.1
    endloop
  endfacet
  facet normal 0.707105 -0.707108 0
    outer loop
      vertex 23.4196 -26.0101 7.1
      vertex 23.8984 -25.5313 9
      vertex 23.4196 -26.0101 9
    endloop
  endfacet
  facet normal 0.707105 -0.707108 0
    outer loop
      vertex 23.8984 -25.5313 9
      vertex 23.4196 -26.0101 7.1
      vertex 23.8984 -25.5313 7.1
    endloop
  endfacet
  facet normal 0.544639 -0.83867 0
    outer loop
      vertex 17.5 -30.3109 7.1
      vertex 20.5725 -28.3156 9
      vertex 17.5 -30.3109 9
    endloop
  endfacet
  facet normal 0.544639 -0.83867 0
    outer loop
      vertex 20.5725 -28.3156 9
      vertex 17.5 -30.3109 7.1
      vertex 20.5725 -28.3156 7.1
    endloop
  endfacet
  facet normal 0.956305 0.292372 0
    outer loop
      vertex 14.7394 -48.2604 9
      vertex 10.2111 -33.449 7.1
      vertex 10.2111 -33.449 9
    endloop
  endfacet
  facet normal 0.956305 0.292372 0
    outer loop
      vertex 10.2111 -33.449 7.1
      vertex 14.7394 -48.2604 9
      vertex 14.7394 -48.2604 7.1
    endloop
  endfacet
  facet normal -0.731354 -0.681998 0
    outer loop
      vertex 34.4613 -36.8586 7.1
      vertex 23.8984 -25.5313 9
      vertex 23.8984 -25.5313 7.1
    endloop
  endfacet
  facet normal -0.731354 -0.681998 0
    outer loop
      vertex 23.8984 -25.5313 9
      vertex 34.4613 -36.8586 7.1
      vertex 34.4613 -36.8586 9
    endloop
  endfacet
  facet normal -0.707106 0.707108 0
    outer loop
      vertex 23.5588 -39.0051 4
      vertex 22.9 -39.664 7.1
      vertex 23.5588 -39.0051 7.1
    endloop
  endfacet
  facet normal -0.707106 0.707108 0
    outer loop
      vertex 22.9 -39.664 7.1
      vertex 23.5588 -39.0051 4
      vertex 22.9 -39.664 4
    endloop
  endfacet
  facet normal 0.258819 -0.965926 0
    outer loop
      vertex 21.1 -36.5463 4
      vertex 22 -36.3051 7.1
      vertex 21.1 -36.5463 7.1
    endloop
  endfacet
  facet normal 0.258819 -0.965926 0
    outer loop
      vertex 22 -36.3051 7.1
      vertex 21.1 -36.5463 4
      vertex 22 -36.3051 4
    endloop
  endfacet
  facet normal -0.707106 -0.707108 0
    outer loop
      vertex 22.9 -36.5463 4
      vertex 23.5588 -37.2051 7.1
      vertex 22.9 -36.5463 7.1
    endloop
  endfacet
  facet normal -0.707106 -0.707108 -0
    outer loop
      vertex 23.5588 -37.2051 7.1
      vertex 22.9 -36.5463 4
      vertex 23.5588 -37.2051 4
    endloop
  endfacet
  facet normal -0.965926 0.258818 0
    outer loop
      vertex 23.5588 -39.0051 4
      vertex 23.8 -38.1051 7.1
      vertex 23.8 -38.1051 4
    endloop
  endfacet
  facet normal -0.965926 0.258818 0
    outer loop
      vertex 23.8 -38.1051 7.1
      vertex 23.5588 -39.0051 4
      vertex 23.5588 -39.0051 7.1
    endloop
  endfacet
  facet normal -0.258819 -0.965926 0
    outer loop
      vertex 22 -36.3051 4
      vertex 22.9 -36.5463 7.1
      vertex 22 -36.3051 7.1
    endloop
  endfacet
  facet normal -0.258819 -0.965926 -0
    outer loop
      vertex 22.9 -36.5463 7.1
      vertex 22 -36.3051 4
      vertex 22.9 -36.5463 4
    endloop
  endfacet
  facet normal 0.707108 0.707106 0
    outer loop
      vertex 21.1 -39.664 7.1
      vertex 20.4412 -39.0051 4
      vertex 20.4412 -39.0051 7.1
    endloop
  endfacet
  facet normal 0.707108 0.707106 0
    outer loop
      vertex 20.4412 -39.0051 4
      vertex 21.1 -39.664 7.1
      vertex 21.1 -39.664 4
    endloop
  endfacet
  facet normal 0.258819 0.965926 -0
    outer loop
      vertex 22 -39.9051 4
      vertex 21.1 -39.664 7.1
      vertex 22 -39.9051 7.1
    endloop
  endfacet
  facet normal 0.258819 0.965926 0
    outer loop
      vertex 21.1 -39.664 7.1
      vertex 22 -39.9051 4
      vertex 21.1 -39.664 4
    endloop
  endfacet
  facet normal -0.965926 -0.258818 0
    outer loop
      vertex 23.8 -38.1051 4
      vertex 23.5588 -37.2051 7.1
      vertex 23.5588 -37.2051 4
    endloop
  endfacet
  facet normal -0.965926 -0.258818 0
    outer loop
      vertex 23.5588 -37.2051 7.1
      vertex 23.8 -38.1051 4
      vertex 23.8 -38.1051 7.1
    endloop
  endfacet
  facet normal -0.258819 0.965926 0
    outer loop
      vertex 22.9 -39.664 4
      vertex 22 -39.9051 7.1
      vertex 22.9 -39.664 7.1
    endloop
  endfacet
  facet normal -0.258819 0.965926 0
    outer loop
      vertex 22 -39.9051 7.1
      vertex 22.9 -39.664 4
      vertex 22 -39.9051 4
    endloop
  endfacet
  facet normal 0 0 1
    outer loop
      vertex 23.5588 -37.2051 4
      vertex 23.5588 -39.0051 4
      vertex 23.8 -38.1051 4
    endloop
  endfacet
  facet normal 0 0 1
    outer loop
      vertex 22.9 -36.5463 4
      vertex 23.5588 -39.0051 4
      vertex 23.5588 -37.2051 4
    endloop
  endfacet
  facet normal 0 0 1
    outer loop
      vertex 22.9 -36.5463 4
      vertex 22.9 -39.664 4
      vertex 23.5588 -39.0051 4
    endloop
  endfacet
  facet normal 0 0 1
    outer loop
      vertex 22 -36.3051 4
      vertex 22.9 -39.664 4
      vertex 22.9 -36.5463 4
    endloop
  endfacet
  facet normal 0 0 1
    outer loop
      vertex 22 -36.3051 4
      vertex 22 -39.9051 4
      vertex 22.9 -39.664 4
    endloop
  endfacet
  facet normal -0 0 1
    outer loop
      vertex 21.1 -36.5463 4
      vertex 22 -39.9051 4
      vertex 22 -36.3051 4
    endloop
  endfacet
  facet normal 0 0 1
    outer loop
      vertex 21.1 -36.5463 4
      vertex 21.1 -39.664 4
      vertex 22 -39.9051 4
    endloop
  endfacet
  facet normal -0 0 1
    outer loop
      vertex 20.4412 -37.2051 4
      vertex 21.1 -39.664 4
      vertex 21.1 -36.5463 4
    endloop
  endfacet
  facet normal 0 0 1
    outer loop
      vertex 20.4412 -37.2051 4
      vertex 20.4412 -39.0051 4
      vertex 21.1 -39.664 4
    endloop
  endfacet
  facet normal 0 -0 1
    outer loop
      vertex 20.4412 -39.0051 4
      vertex 20.4412 -37.2051 4
      vertex 20.2 -38.1051 4
    endloop
  endfacet
  facet normal 0.965926 0.258819 0
    outer loop
      vertex 20.4412 -39.0051 7.1
      vertex 20.2 -38.1051 4
      vertex 20.2 -38.1051 7.1
    endloop
  endfacet
  facet normal 0.965926 0.258819 0
    outer loop
      vertex 20.2 -38.1051 4
      vertex 20.4412 -39.0051 7.1
      vertex 20.4412 -39.0051 4
    endloop
  endfacet
  facet normal 0.965926 -0.258818 0
    outer loop
      vertex 20.2 -38.1051 7.1
      vertex 20.4412 -37.2051 4
      vertex 20.4412 -37.2051 7.1
    endloop
  endfacet
  facet normal 0.965926 -0.258818 0
    outer loop
      vertex 20.4412 -37.2051 4
      vertex 20.2 -38.1051 7.1
      vertex 20.2 -38.1051 4
    endloop
  endfacet
  facet normal 0.707106 -0.707108 0
    outer loop
      vertex 20.4412 -37.2051 4
      vertex 21.1 -36.5463 7.1
      vertex 20.4412 -37.2051 7.1
    endloop
  endfacet
  facet normal 0.707106 -0.707108 0
    outer loop
      vertex 21.1 -36.5463 7.1
      vertex 20.4412 -37.2051 4
      vertex 21.1 -36.5463 4
    endloop
  endfacet
  facet normal -0.706965 0.706963 -0.0201195
    outer loop
      vertex 24.5255 -40.4936 0
      vertex 23.7986 -41.2204 0
      vertex 23.758 -41.1501 3.9
    endloop
  endfacet
  facet normal -0.706964 -0.706964 -0.0201196
    outer loop
      vertex 24.3885 -35.5797 0
      vertex 23.758 -35.0602 3.9
      vertex 23.7986 -34.9898 0
    endloop
  endfacet
  facet normal -0.706964 -0.706964 -0.0201196
    outer loop
      vertex 23.758 -35.0602 3.9
      vertex 24.3885 -35.5797 0
      vertex 25.0449 -36.3471 3.9
    endloop
  endfacet
  facet normal -0.96573 -0.258768 -0.0201193
    outer loop
      vertex 25.1153 -36.3065 0
      vertex 25.3813 -37.2994 0
      vertex 25.0449 -36.3471 3.9
    endloop
  endfacet
  facet normal 0.96573 0.258768 -0.0201193
    outer loop
      vertex 18.9551 -39.8631 3.9
      vertex 18.8847 -39.9037 0
      vertex 18.6187 -38.9109 0
    endloop
  endfacet
  facet normal 0.258764 -0.965731 -0.0201197
    outer loop
      vertex 21.1943 -34.7238 0
      vertex 20.242 -35.0602 3.9
      vertex 20.2014 -34.9898 0
    endloop
  endfacet
  facet normal -0.706963 0.706965 -0.0201195
    outer loop
      vertex 24.5255 -40.4936 0
      vertex 25.0449 -39.8631 3.9
      vertex 25.1153 -39.9037 0
    endloop
  endfacet
  facet normal -0.706964 0.706964 -0.0201192
    outer loop
      vertex 25.0449 -39.8631 3.9
      vertex 24.5255 -40.4936 0
      vertex 23.758 -41.1501 3.9
    endloop
  endfacet
  facet normal 0.706964 0.706964 -0.0201196
    outer loop
      vertex 20.242 -41.1501 3.9
      vertex 19.6115 -40.6306 0
      vertex 18.9551 -39.8631 3.9
    endloop
  endfacet
  facet normal 0.706964 0.706964 -0.0201196
    outer loop
      vertex 19.6115 -40.6306 0
      vertex 20.242 -41.1501 3.9
      vertex 20.2014 -41.2204 0
    endloop
  endfacet
  facet normal -0.706964 -0.706964 -0.0201196
    outer loop
      vertex 25.1153 -36.3065 0
      vertex 25.0449 -36.3471 3.9
      vertex 24.3885 -35.5797 0
    endloop
  endfacet
  facet normal 0.706964 -0.706964 -0.0201192
    outer loop
      vertex 18.9551 -36.3471 3.9
      vertex 19.4745 -35.7166 0
      vertex 20.242 -35.0602 3.9
    endloop
  endfacet
  facet normal 0.706963 -0.706965 -0.0201195
    outer loop
      vertex 19.4745 -35.7166 0
      vertex 18.9551 -36.3471 3.9
      vertex 18.8847 -36.3065 0
    endloop
  endfacet
  facet normal 0.706965 -0.706963 -0.0201195
    outer loop
      vertex 20.2014 -34.9898 0
      vertex 20.242 -35.0602 3.9
      vertex 19.4745 -35.7166 0
    endloop
  endfacet
  facet normal 0.706964 0.706964 -0.0201196
    outer loop
      vertex 18.9551 -39.8631 3.9
      vertex 19.6115 -40.6306 0
      vertex 18.8847 -39.9037 0
    endloop
  endfacet
  facet normal -0.258764 0.965731 -0.0201197
    outer loop
      vertex 23.758 -41.1501 3.9
      vertex 23.7986 -41.2204 0
      vertex 22.8057 -41.4865 0
    endloop
  endfacet
  facet normal -0.258766 -0.96573 -0.0201192
    outer loop
      vertex 22 -34.5079 0
      vertex 23.758 -35.0602 3.9
      vertex 22 -34.5891 3.9
    endloop
  endfacet
  facet normal -0.258765 -0.965731 -0.0201197
    outer loop
      vertex 23.758 -35.0602 3.9
      vertex 22 -34.5079 0
      vertex 23.7986 -34.9898 0
    endloop
  endfacet
  facet normal 0 0 -1
    outer loop
      vertex 25.0449 -39.8631 3.9
      vertex 25.0449 -36.3471 3.9
      vertex 25.516 -38.1051 3.9
    endloop
  endfacet
  facet normal 0 0 -1
    outer loop
      vertex 23.758 -41.1501 3.9
      vertex 25.0449 -36.3471 3.9
      vertex 25.0449 -39.8631 3.9
    endloop
  endfacet
  facet normal 0 0 -1
    outer loop
      vertex 23.758 -41.1501 3.9
      vertex 23.758 -35.0602 3.9
      vertex 25.0449 -36.3471 3.9
    endloop
  endfacet
  facet normal 0 0 -1
    outer loop
      vertex 22 -41.6211 3.9
      vertex 23.758 -35.0602 3.9
      vertex 23.758 -41.1501 3.9
    endloop
  endfacet
  facet normal 0 0 -1
    outer loop
      vertex 22 -41.6211 3.9
      vertex 22 -34.5891 3.9
      vertex 23.758 -35.0602 3.9
    endloop
  endfacet
  facet normal 0 0 -1
    outer loop
      vertex 20.242 -41.1501 3.9
      vertex 22 -34.5891 3.9
      vertex 22 -41.6211 3.9
    endloop
  endfacet
  facet normal 0 0 -1
    outer loop
      vertex 20.242 -41.1501 3.9
      vertex 20.242 -35.0602 3.9
      vertex 22 -34.5891 3.9
    endloop
  endfacet
  facet normal 0 0 -1
    outer loop
      vertex 18.9551 -39.8631 3.9
      vertex 20.242 -35.0602 3.9
      vertex 20.242 -41.1501 3.9
    endloop
  endfacet
  facet normal 0 0 -1
    outer loop
      vertex 18.9551 -39.8631 3.9
      vertex 18.9551 -36.3471 3.9
      vertex 20.242 -35.0602 3.9
    endloop
  endfacet
  facet normal 0 -0 -1
    outer loop
      vertex 18.9551 -36.3471 3.9
      vertex 18.9551 -39.8631 3.9
      vertex 18.484 -38.1051 3.9
    endloop
  endfacet
  facet normal -0.96573 0.258766 -0.0201197
    outer loop
      vertex 25.5972 -38.1051 0
      vertex 25.0449 -39.8631 3.9
      vertex 25.516 -38.1051 3.9
    endloop
  endfacet
  facet normal -0.96573 0.258767 -0.0201193
    outer loop
      vertex 25.0449 -39.8631 3.9
      vertex 25.5972 -38.1051 0
      vertex 25.1153 -39.9037 0
    endloop
  endfacet
  facet normal -0.96573 -0.258767 -0.0201197
    outer loop
      vertex 25.516 -38.1051 3.9
      vertex 25.3813 -37.2994 0
      vertex 25.5972 -38.1051 0
    endloop
  endfacet
  facet normal -0.96573 -0.258766 -0.0201196
    outer loop
      vertex 25.3813 -37.2994 0
      vertex 25.516 -38.1051 3.9
      vertex 25.0449 -36.3471 3.9
    endloop
  endfacet
  facet normal 0.96573 -0.258766 -0.0201197
    outer loop
      vertex 18.4028 -38.1051 0
      vertex 18.9551 -36.3471 3.9
      vertex 18.484 -38.1051 3.9
    endloop
  endfacet
  facet normal 0.96573 -0.258767 -0.0201193
    outer loop
      vertex 18.9551 -36.3471 3.9
      vertex 18.4028 -38.1051 0
      vertex 18.8847 -36.3065 0
    endloop
  endfacet
  facet normal 0.258766 -0.96573 -0.020119
    outer loop
      vertex 21.1943 -34.7238 0
      vertex 22 -34.5891 3.9
      vertex 20.242 -35.0602 3.9
    endloop
  endfacet
  facet normal 0.258767 -0.96573 -0.0201192
    outer loop
      vertex 22 -34.5891 3.9
      vertex 21.1943 -34.7238 0
      vertex 22 -34.5079 0
    endloop
  endfacet
  facet normal 0.96573 0.258767 -0.0201197
    outer loop
      vertex 18.484 -38.1051 3.9
      vertex 18.6187 -38.9109 0
      vertex 18.4028 -38.1051 0
    endloop
  endfacet
  facet normal 0.96573 0.258766 -0.0201196
    outer loop
      vertex 18.6187 -38.9109 0
      vertex 18.484 -38.1051 3.9
      vertex 18.9551 -39.8631 3.9
    endloop
  endfacet
  facet normal 0.258766 0.96573 -0.0201192
    outer loop
      vertex 22 -41.7024 0
      vertex 20.242 -41.1501 3.9
      vertex 22 -41.6211 3.9
    endloop
  endfacet
  facet normal 0.258765 0.965731 -0.0201197
    outer loop
      vertex 20.242 -41.1501 3.9
      vertex 22 -41.7024 0
      vertex 20.2014 -41.2204 0
    endloop
  endfacet
  facet normal -0.258766 0.96573 -0.020119
    outer loop
      vertex 22.8057 -41.4865 0
      vertex 22 -41.6211 3.9
      vertex 23.758 -41.1501 3.9
    endloop
  endfacet
  facet normal -0.258767 0.96573 -0.0201192
    outer loop
      vertex 22 -41.6211 3.9
      vertex 22.8057 -41.4865 0
      vertex 22 -41.7024 0
    endloop
  endfacet
  facet normal -0.99863 0.0523363 0
    outer loop
      vertex -8 0 0
      vertex -7.95617 0.836227 9
      vertex -7.95617 0.836227 0
    endloop
  endfacet
  facet normal -0.99863 0.0523363 0
    outer loop
      vertex -7.95617 0.836227 9
      vertex -8 0 0
      vertex -8 0 9
    endloop
  endfacet
  facet normal 0.0523363 0.99863 -0
    outer loop
      vertex 0.836227 7.95617 0
      vertex 0 8 9
      vertex 0.836227 7.95617 9
    endloop
  endfacet
  facet normal 0.0523363 0.99863 0
    outer loop
      vertex 0 8 9
      vertex 0.836227 7.95617 0
      vertex 0 8 0
    endloop
  endfacet
  facet normal -0.0523363 -0.99863 0
    outer loop
      vertex -0.836227 -7.95617 0
      vertex 0 -8 9
      vertex -0.836227 -7.95617 9
    endloop
  endfacet
  facet normal -0.0523363 -0.99863 -0
    outer loop
      vertex 0 -8 9
      vertex -0.836227 -7.95617 0
      vertex 0 -8 0
    endloop
  endfacet
  facet normal 0.707107 0.707107 0
    outer loop
      vertex 5.94516 5.35304 9
      vertex 5.35304 5.94516 0
      vertex 5.35304 5.94516 9
    endloop
  endfacet
  facet normal 0.707107 0.707107 0
    outer loop
      vertex 5.35304 5.94516 0
      vertex 5.94516 5.35304 9
      vertex 5.94516 5.35304 0
    endloop
  endfacet
  facet normal -0.987688 -0.156435 0
    outer loop
      vertex -7.82518 -1.66329 0
      vertex -7.95617 -0.836227 9
      vertex -7.95617 -0.836227 0
    endloop
  endfacet
  facet normal -0.987688 -0.156435 0
    outer loop
      vertex -7.95617 -0.836227 9
      vertex -7.82518 -1.66329 0
      vertex -7.82518 -1.66329 9
    endloop
  endfacet
  facet normal 0.933581 0.358368 0
    outer loop
      vertex 7.40582 3 9
      vertex 7.30836 3.25389 0
      vertex 7.30836 3.25389 9
    endloop
  endfacet
  facet normal 0.933581 0.358368 0
    outer loop
      vertex 7.30836 3.25389 0
      vertex 7.40582 3 9
      vertex 7.40582 3 0
    endloop
  endfacet
  facet normal 0.358368 0.93358 -0
    outer loop
      vertex 3.25389 7.30836 0
      vertex 2.47214 7.60845 9
      vertex 3.25389 7.30836 9
    endloop
  endfacet
  facet normal 0.358368 0.93358 0
    outer loop
      vertex 2.47214 7.60845 9
      vertex 3.25389 7.30836 0
      vertex 2.47214 7.60845 0
    endloop
  endfacet
  facet normal -0.838671 0.544638 0
    outer loop
      vertex -6.9282 4 0
      vertex -6.47214 4.70228 9
      vertex -6.47214 4.70228 0
    endloop
  endfacet
  facet normal -0.838671 0.544638 0
    outer loop
      vertex -6.47214 4.70228 9
      vertex -6.9282 4 0
      vertex -6.9282 4 9
    endloop
  endfacet
  facet normal -0.777145 0.629321 0
    outer loop
      vertex -6.47214 4.70228 0
      vertex -6.30099 4.91363 9
      vertex -6.30099 4.91363 0
    endloop
  endfacet
  facet normal -0.777145 0.629321 0
    outer loop
      vertex -6.30099 4.91363 9
      vertex -6.47214 4.70228 0
      vertex -6.47214 4.70228 9
    endloop
  endfacet
  facet normal -0.0523363 0.99863 0
    outer loop
      vertex 0 8 0
      vertex -0.836227 7.95617 9
      vertex 0 8 9
    endloop
  endfacet
  facet normal -0.0523363 0.99863 0
    outer loop
      vertex -0.836227 7.95617 9
      vertex 0 8 0
      vertex -0.836227 7.95617 0
    endloop
  endfacet
  facet normal 0.891006 -0.453991 0
    outer loop
      vertex 6.9282 -4 9
      vertex 7.30836 -3.25389 0
      vertex 7.30836 -3.25389 9
    endloop
  endfacet
  facet normal 0.891006 -0.453991 0
    outer loop
      vertex 7.30836 -3.25389 0
      vertex 6.9282 -4 9
      vertex 6.9282 -4 0
    endloop
  endfacet
  facet normal 0.258818 -0.965926 0
    outer loop
      vertex 1.66329 -7.82518 0
      vertex 2.47214 -7.60845 9
      vertex 1.66329 -7.82518 9
    endloop
  endfacet
  facet normal 0.258818 -0.965926 0
    outer loop
      vertex 2.47214 -7.60845 9
      vertex 1.66329 -7.82518 0
      vertex 2.47214 -7.60845 0
    endloop
  endfacet
  facet normal 0.707107 -0.707107 0
    outer loop
      vertex 5.35304 -5.94516 9
      vertex 5.94516 -5.35304 0
      vertex 5.94516 -5.35304 9
    endloop
  endfacet
  facet normal 0.707107 -0.707107 0
    outer loop
      vertex 5.94516 -5.35304 0
      vertex 5.35304 -5.94516 9
      vertex 5.35304 -5.94516 0
    endloop
  endfacet
  facet normal -0.777145 -0.629321 0
    outer loop
      vertex -6.30099 -4.91363 0
      vertex -6.47214 -4.70228 9
      vertex -6.47214 -4.70228 0
    endloop
  endfacet
  facet normal -0.777145 -0.629321 0
    outer loop
      vertex -6.47214 -4.70228 9
      vertex -6.30099 -4.91363 0
      vertex -6.30099 -4.91363 9
    endloop
  endfacet
  facet normal -0.838671 -0.544638 0
    outer loop
      vertex -6.47214 -4.70228 0
      vertex -6.9282 -4 9
      vertex -6.9282 -4 0
    endloop
  endfacet
  facet normal -0.838671 -0.544638 0
    outer loop
      vertex -6.9282 -4 9
      vertex -6.47214 -4.70228 0
      vertex -6.47214 -4.70228 9
    endloop
  endfacet
  facet normal -0.99863 -0.0523363 0
    outer loop
      vertex -7.95617 -0.836227 0
      vertex -8 0 9
      vertex -8 0 0
    endloop
  endfacet
  facet normal -0.99863 -0.0523363 0
    outer loop
      vertex -8 0 9
      vertex -7.95617 -0.836227 0
      vertex -7.95617 -0.836227 9
    endloop
  endfacet
  facet normal 0.838671 0.544638 0
    outer loop
      vertex 6.9282 4 9
      vertex 6.47214 4.70228 0
      vertex 6.47214 4.70228 9
    endloop
  endfacet
  facet normal 0.838671 0.544638 0
    outer loop
      vertex 6.47214 4.70228 0
      vertex 6.9282 4 9
      vertex 6.9282 4 0
    endloop
  endfacet
  facet normal 0.891006 0.453991 0
    outer loop
      vertex 7.30836 3.25389 9
      vertex 6.9282 4 0
      vertex 6.9282 4 9
    endloop
  endfacet
  facet normal 0.891006 0.453991 0
    outer loop
      vertex 6.9282 4 0
      vertex 7.30836 3.25389 9
      vertex 7.30836 3.25389 0
    endloop
  endfacet
  facet normal 0.258818 0.965926 -0
    outer loop
      vertex 2.47214 7.60845 0
      vertex 1.66329 7.82518 9
      vertex 2.47214 7.60845 9
    endloop
  endfacet
  facet normal 0.258818 0.965926 0
    outer loop
      vertex 1.66329 7.82518 9
      vertex 2.47214 7.60845 0
      vertex 1.66329 7.82518 0
    endloop
  endfacet
  facet normal 0.156435 0.987688 -0
    outer loop
      vertex 1.66329 7.82518 0
      vertex 0.836227 7.95617 9
      vertex 1.66329 7.82518 9
    endloop
  endfacet
  facet normal 0.156435 0.987688 0
    outer loop
      vertex 0.836227 7.95617 9
      vertex 1.66329 7.82518 0
      vertex 0.836227 7.95617 0
    endloop
  endfacet
  facet normal 0.544639 0.838671 -0
    outer loop
      vertex 4.70228 6.47214 0
      vertex 4 6.9282 9
      vertex 4.70228 6.47214 9
    endloop
  endfacet
  facet normal 0.544639 0.838671 0
    outer loop
      vertex 4 6.9282 9
      vertex 4.70228 6.47214 0
      vertex 4 6.9282 0
    endloop
  endfacet
  facet normal 0.629321 0.777146 -0
    outer loop
      vertex 5.35304 5.94516 0
      vertex 4.70228 6.47214 9
      vertex 5.35304 5.94516 9
    endloop
  endfacet
  facet normal 0.629321 0.777146 0
    outer loop
      vertex 4.70228 6.47214 9
      vertex 5.35304 5.94516 0
      vertex 4.70228 6.47214 0
    endloop
  endfacet
  facet normal -0.965926 0.258818 0
    outer loop
      vertex -7.82518 1.66329 0
      vertex -7.60845 2.47214 9
      vertex -7.60845 2.47214 0
    endloop
  endfacet
  facet normal -0.965926 0.258818 0
    outer loop
      vertex -7.60845 2.47214 9
      vertex -7.82518 1.66329 0
      vertex -7.82518 1.66329 9
    endloop
  endfacet
  facet normal -0.891006 0.453991 0
    outer loop
      vertex -7.30836 3.25389 0
      vertex -6.9282 4 9
      vertex -6.9282 4 0
    endloop
  endfacet
  facet normal -0.891006 0.453991 0
    outer loop
      vertex -6.9282 4 9
      vertex -7.30836 3.25389 0
      vertex -7.30836 3.25389 9
    endloop
  endfacet
  facet normal -0.93358 0.358368 0
    outer loop
      vertex -7.60845 2.47214 0
      vertex -7.30836 3.25389 9
      vertex -7.30836 3.25389 0
    endloop
  endfacet
  facet normal -0.93358 0.358368 0
    outer loop
      vertex -7.30836 3.25389 9
      vertex -7.60845 2.47214 0
      vertex -7.60845 2.47214 9
    endloop
  endfacet
  facet normal -0.987688 0.156435 0
    outer loop
      vertex -7.95617 0.836227 0
      vertex -7.82518 1.66329 9
      vertex -7.82518 1.66329 0
    endloop
  endfacet
  facet normal -0.987688 0.156435 0
    outer loop
      vertex -7.82518 1.66329 9
      vertex -7.95617 0.836227 0
      vertex -7.95617 0.836227 9
    endloop
  endfacet
  facet normal 0.0523363 -0.99863 0
    outer loop
      vertex 0 -8 0
      vertex 0.836227 -7.95617 9
      vertex 0 -8 9
    endloop
  endfacet
  facet normal 0.0523363 -0.99863 0
    outer loop
      vertex 0.836227 -7.95617 9
      vertex 0 -8 0
      vertex 0.836227 -7.95617 0
    endloop
  endfacet
  facet normal 0.45399 -0.891007 0
    outer loop
      vertex 3.25389 -7.30836 0
      vertex 4 -6.9282 9
      vertex 3.25389 -7.30836 9
    endloop
  endfacet
  facet normal 0.45399 -0.891007 0
    outer loop
      vertex 4 -6.9282 9
      vertex 3.25389 -7.30836 0
      vertex 4 -6.9282 0
    endloop
  endfacet
  facet normal 0.629321 -0.777146 0
    outer loop
      vertex 4.70228 -6.47214 0
      vertex 5.35304 -5.94516 9
      vertex 4.70228 -6.47214 9
    endloop
  endfacet
  facet normal 0.629321 -0.777146 0
    outer loop
      vertex 5.35304 -5.94516 9
      vertex 4.70228 -6.47214 0
      vertex 5.35304 -5.94516 0
    endloop
  endfacet
  facet normal 0.544639 -0.838671 0
    outer loop
      vertex 4 -6.9282 0
      vertex 4.70228 -6.47214 9
      vertex 4 -6.9282 9
    endloop
  endfacet
  facet normal 0.544639 -0.838671 0
    outer loop
      vertex 4.70228 -6.47214 9
      vertex 4 -6.9282 0
      vertex 4.70228 -6.47214 0
    endloop
  endfacet
  facet normal 0.777146 -0.629321 0
    outer loop
      vertex 5.94516 -5.35304 9
      vertex 6.47214 -4.70228 0
      vertex 6.47214 -4.70228 9
    endloop
  endfacet
  facet normal 0.777146 -0.629321 0
    outer loop
      vertex 6.47214 -4.70228 0
      vertex 5.94516 -5.35304 9
      vertex 5.94516 -5.35304 0
    endloop
  endfacet
  facet normal 0.838671 -0.544638 0
    outer loop
      vertex 6.47214 -4.70228 9
      vertex 6.9282 -4 0
      vertex 6.9282 -4 9
    endloop
  endfacet
  facet normal 0.838671 -0.544638 0
    outer loop
      vertex 6.9282 -4 0
      vertex 6.47214 -4.70228 9
      vertex 6.47214 -4.70228 0
    endloop
  endfacet
  facet normal -0.156435 -0.987688 0
    outer loop
      vertex -1.10484 -7.91363 0
      vertex -0.836227 -7.95617 9
      vertex -1.10484 -7.91363 9
    endloop
  endfacet
  facet normal -0.156435 -0.987688 -0
    outer loop
      vertex -0.836227 -7.95617 9
      vertex -1.10484 -7.91363 0
      vertex -0.836227 -7.95617 0
    endloop
  endfacet
  facet normal -0.93358 -0.358368 0
    outer loop
      vertex -7.30836 -3.25389 0
      vertex -7.60845 -2.47214 9
      vertex -7.60845 -2.47214 0
    endloop
  endfacet
  facet normal -0.93358 -0.358368 0
    outer loop
      vertex -7.60845 -2.47214 9
      vertex -7.30836 -3.25389 0
      vertex -7.30836 -3.25389 9
    endloop
  endfacet
  facet normal 0.777146 0.629321 0
    outer loop
      vertex 6.47214 4.70228 9
      vertex 5.94516 5.35304 0
      vertex 5.94516 5.35304 9
    endloop
  endfacet
  facet normal 0.777146 0.629321 0
    outer loop
      vertex 5.94516 5.35304 0
      vertex 6.47214 4.70228 9
      vertex 6.47214 4.70228 0
    endloop
  endfacet
  facet normal 0.45399 0.891007 -0
    outer loop
      vertex 4 6.9282 0
      vertex 3.25389 7.30836 9
      vertex 4 6.9282 9
    endloop
  endfacet
  facet normal 0.45399 0.891007 0
    outer loop
      vertex 3.25389 7.30836 9
      vertex 4 6.9282 0
      vertex 3.25389 7.30836 0
    endloop
  endfacet
  facet normal -0.156435 0.987688 0
    outer loop
      vertex -0.836227 7.95617 0
      vertex -1.10484 7.91363 9
      vertex -0.836227 7.95617 9
    endloop
  endfacet
  facet normal -0.156435 0.987688 0
    outer loop
      vertex -1.10484 7.91363 9
      vertex -0.836227 7.95617 0
      vertex -1.10484 7.91363 0
    endloop
  endfacet
  facet normal 0.156435 -0.987688 0
    outer loop
      vertex 0.836227 -7.95617 0
      vertex 1.66329 -7.82518 9
      vertex 0.836227 -7.95617 9
    endloop
  endfacet
  facet normal 0.156435 -0.987688 0
    outer loop
      vertex 1.66329 -7.82518 9
      vertex 0.836227 -7.95617 0
      vertex 1.66329 -7.82518 0
    endloop
  endfacet
  facet normal 0.358368 -0.93358 0
    outer loop
      vertex 2.47214 -7.60845 0
      vertex 3.25389 -7.30836 9
      vertex 2.47214 -7.60845 9
    endloop
  endfacet
  facet normal 0.358368 -0.93358 0
    outer loop
      vertex 3.25389 -7.30836 9
      vertex 2.47214 -7.60845 0
      vertex 3.25389 -7.30836 0
    endloop
  endfacet
  facet normal 0.933581 -0.358368 0
    outer loop
      vertex 7.30836 -3.25389 9
      vertex 7.40582 -3 0
      vertex 7.40582 -3 9
    endloop
  endfacet
  facet normal 0.933581 -0.358368 0
    outer loop
      vertex 7.40582 -3 0
      vertex 7.30836 -3.25389 9
      vertex 7.30836 -3.25389 0
    endloop
  endfacet
  facet normal -0.891006 -0.453991 0
    outer loop
      vertex -6.9282 -4 0
      vertex -7.30836 -3.25389 9
      vertex -7.30836 -3.25389 0
    endloop
  endfacet
  facet normal -0.891006 -0.453991 0
    outer loop
      vertex -7.30836 -3.25389 9
      vertex -6.9282 -4 0
      vertex -6.9282 -4 9
    endloop
  endfacet
  facet normal -0.965926 -0.258818 0
    outer loop
      vertex -7.60845 -2.47214 0
      vertex -7.82518 -1.66329 9
      vertex -7.82518 -1.66329 0
    endloop
  endfacet
  facet normal -0.965926 -0.258818 0
    outer loop
      vertex -7.82518 -1.66329 9
      vertex -7.60845 -2.47214 0
      vertex -7.60845 -2.47214 9
    endloop
  endfacet
  facet normal -0.998629 -0.0523369 0
    outer loop
      vertex 3.25 0 0
      vertex 3.2322 0.339717 9
      vertex 3.2322 0.339717 0
    endloop
  endfacet
  facet normal -0.998629 -0.0523369 0
    outer loop
      vertex 3.2322 0.339717 9
      vertex 3.25 0 0
      vertex 3.25 0 9
    endloop
  endfacet
  facet normal 0.998629 -0.0523369 0
    outer loop
      vertex -3.25 0 9
      vertex -3.2322 0.339717 0
      vertex -3.2322 0.339717 9
    endloop
  endfacet
  facet normal 0.998629 -0.0523369 0
    outer loop
      vertex -3.2322 0.339717 0
      vertex -3.25 0 9
      vertex -3.25 0 0
    endloop
  endfacet
  facet normal -0.0523369 -0.998629 0
    outer loop
      vertex 0 3.25 0
      vertex 0.339717 3.2322 9
      vertex 0 3.25 9
    endloop
  endfacet
  facet normal -0.0523369 -0.998629 -0
    outer loop
      vertex 0.339717 3.2322 9
      vertex 0 3.25 0
      vertex 0.339717 3.2322 0
    endloop
  endfacet
  facet normal -0.707107 -0.707107 0
    outer loop
      vertex 2.41522 2.17467 0
      vertex 2.17467 2.41522 9
      vertex 2.17467 2.41522 0
    endloop
  endfacet
  facet normal -0.707107 -0.707107 0
    outer loop
      vertex 2.17467 2.41522 9
      vertex 2.41522 2.17467 0
      vertex 2.41522 2.17467 9
    endloop
  endfacet
  facet normal 0.62932 -0.777146 0
    outer loop
      vertex -2.17467 2.41522 0
      vertex -1.9103 2.6293 9
      vertex -2.17467 2.41522 9
    endloop
  endfacet
  facet normal 0.62932 -0.777146 0
    outer loop
      vertex -1.9103 2.6293 9
      vertex -2.17467 2.41522 0
      vertex -1.9103 2.6293 0
    endloop
  endfacet
  facet normal 0.258819 -0.965926 0
    outer loop
      vertex -1.0043 3.09093 0
      vertex -0.675713 3.17898 9
      vertex -1.0043 3.09093 9
    endloop
  endfacet
  facet normal 0.258819 -0.965926 0
    outer loop
      vertex -0.675713 3.17898 9
      vertex -1.0043 3.09093 0
      vertex -0.675713 3.17898 0
    endloop
  endfacet
  facet normal 0.987688 0.156436 0
    outer loop
      vertex -3.17898 -0.675713 9
      vertex -3.2322 -0.339717 0
      vertex -3.2322 -0.339717 9
    endloop
  endfacet
  facet normal 0.987688 0.156436 0
    outer loop
      vertex -3.2322 -0.339717 0
      vertex -3.17898 -0.675713 9
      vertex -3.17898 -0.675713 0
    endloop
  endfacet
  facet normal -0.93358 -0.358368 0
    outer loop
      vertex 3.09093 1.0043 0
      vertex 2.96902 1.32189 9
      vertex 2.96902 1.32189 0
    endloop
  endfacet
  facet normal -0.93358 -0.358368 0
    outer loop
      vertex 2.96902 1.32189 9
      vertex 3.09093 1.0043 0
      vertex 3.09093 1.0043 9
    endloop
  endfacet
  facet normal -0.358368 -0.93358 0
    outer loop
      vertex 1.0043 3.09093 0
      vertex 1.32189 2.96902 9
      vertex 1.0043 3.09093 9
    endloop
  endfacet
  facet normal -0.358368 -0.93358 -0
    outer loop
      vertex 1.32189 2.96902 9
      vertex 1.0043 3.09093 0
      vertex 1.32189 2.96902 0
    endloop
  endfacet
  facet normal 0.838671 -0.544638 0
    outer loop
      vertex -2.81458 1.625 9
      vertex -2.6293 1.9103 0
      vertex -2.6293 1.9103 9
    endloop
  endfacet
  facet normal 0.838671 -0.544638 0
    outer loop
      vertex -2.6293 1.9103 0
      vertex -2.81458 1.625 9
      vertex -2.81458 1.625 0
    endloop
  endfacet
  facet normal 0.777146 -0.62932 0
    outer loop
      vertex -2.6293 1.9103 9
      vertex -2.41522 2.17467 0
      vertex -2.41522 2.17467 9
    endloop
  endfacet
  facet normal 0.777146 -0.62932 0
    outer loop
      vertex -2.41522 2.17467 0
      vertex -2.6293 1.9103 9
      vertex -2.6293 1.9103 0
    endloop
  endfacet
  facet normal 0.0523369 -0.998629 0
    outer loop
      vertex -0.339717 3.2322 0
      vertex 0 3.25 9
      vertex -0.339717 3.2322 9
    endloop
  endfacet
  facet normal 0.0523369 -0.998629 0
    outer loop
      vertex 0 3.25 9
      vertex -0.339717 3.2322 0
      vertex 0 3.25 0
    endloop
  endfacet
  facet normal -0.891006 0.453991 0
    outer loop
      vertex 2.81458 -1.625 0
      vertex 2.96902 -1.32189 9
      vertex 2.96902 -1.32189 0
    endloop
  endfacet
  facet normal -0.891006 0.453991 0
    outer loop
      vertex 2.96902 -1.32189 9
      vertex 2.81458 -1.625 0
      vertex 2.81458 -1.625 9
    endloop
  endfacet
  facet normal -0.258819 0.965926 0
    outer loop
      vertex 1.0043 -3.09093 0
      vertex 0.675713 -3.17898 9
      vertex 1.0043 -3.09093 9
    endloop
  endfacet
  facet normal -0.258819 0.965926 0
    outer loop
      vertex 0.675713 -3.17898 9
      vertex 1.0043 -3.09093 0
      vertex 0.675713 -3.17898 0
    endloop
  endfacet
  facet normal -0.707107 0.707107 0
    outer loop
      vertex 2.17467 -2.41522 0
      vertex 2.41522 -2.17467 9
      vertex 2.41522 -2.17467 0
    endloop
  endfacet
  facet normal -0.707107 0.707107 0
    outer loop
      vertex 2.41522 -2.17467 9
      vertex 2.17467 -2.41522 0
      vertex 2.17467 -2.41522 9
    endloop
  endfacet
  facet normal -0.965926 0.258819 0
    outer loop
      vertex 3.09093 -1.0043 0
      vertex 3.17898 -0.675713 9
      vertex 3.17898 -0.675713 0
    endloop
  endfacet
  facet normal -0.965926 0.258819 0
    outer loop
      vertex 3.17898 -0.675713 9
      vertex 3.09093 -1.0043 0
      vertex 3.09093 -1.0043 9
    endloop
  endfacet
  facet normal 0.358368 0.93358 -0
    outer loop
      vertex -1.0043 -3.09093 0
      vertex -1.32189 -2.96902 9
      vertex -1.0043 -3.09093 9
    endloop
  endfacet
  facet normal 0.358368 0.93358 0
    outer loop
      vertex -1.32189 -2.96902 9
      vertex -1.0043 -3.09093 0
      vertex -1.32189 -2.96902 0
    endloop
  endfacet
  facet normal 0.777146 0.62932 0
    outer loop
      vertex -2.41522 -2.17467 9
      vertex -2.6293 -1.9103 0
      vertex -2.6293 -1.9103 9
    endloop
  endfacet
  facet normal 0.777146 0.62932 0
    outer loop
      vertex -2.6293 -1.9103 0
      vertex -2.41522 -2.17467 9
      vertex -2.41522 -2.17467 0
    endloop
  endfacet
  facet normal 0.838671 0.544638 0
    outer loop
      vertex -2.6293 -1.9103 9
      vertex -2.81458 -1.625 0
      vertex -2.81458 -1.625 9
    endloop
  endfacet
  facet normal 0.838671 0.544638 0
    outer loop
      vertex -2.81458 -1.625 0
      vertex -2.6293 -1.9103 9
      vertex -2.6293 -1.9103 0
    endloop
  endfacet
  facet normal 0.998629 0.0523369 0
    outer loop
      vertex -3.2322 -0.339717 9
      vertex -3.25 0 0
      vertex -3.25 0 9
    endloop
  endfacet
  facet normal 0.998629 0.0523369 0
    outer loop
      vertex -3.25 0 0
      vertex -3.2322 -0.339717 9
      vertex -3.2322 -0.339717 0
    endloop
  endfacet
  facet normal -0.965926 -0.258819 0
    outer loop
      vertex 3.17898 0.675713 0
      vertex 3.09093 1.0043 9
      vertex 3.09093 1.0043 0
    endloop
  endfacet
  facet normal -0.965926 -0.258819 0
    outer loop
      vertex 3.09093 1.0043 9
      vertex 3.17898 0.675713 0
      vertex 3.17898 0.675713 9
    endloop
  endfacet
  facet normal -0.987688 -0.156436 0
    outer loop
      vertex 3.2322 0.339717 0
      vertex 3.17898 0.675713 9
      vertex 3.17898 0.675713 0
    endloop
  endfacet
  facet normal -0.987688 -0.156436 0
    outer loop
      vertex 3.17898 0.675713 9
      vertex 3.2322 0.339717 0
      vertex 3.2322 0.339717 9
    endloop
  endfacet
  facet normal -0.838671 -0.544638 0
    outer loop
      vertex 2.81458 1.625 0
      vertex 2.6293 1.9103 9
      vertex 2.6293 1.9103 0
    endloop
  endfacet
  facet normal -0.838671 -0.544638 0
    outer loop
      vertex 2.6293 1.9103 9
      vertex 2.81458 1.625 0
      vertex 2.81458 1.625 9
    endloop
  endfacet
  facet normal -0.777146 -0.62932 0
    outer loop
      vertex 2.6293 1.9103 0
      vertex 2.41522 2.17467 9
      vertex 2.41522 2.17467 0
    endloop
  endfacet
  facet normal -0.777146 -0.62932 0
    outer loop
      vertex 2.41522 2.17467 9
      vertex 2.6293 1.9103 0
      vertex 2.6293 1.9103 9
    endloop
  endfacet
  facet normal -0.891006 -0.453991 0
    outer loop
      vertex 2.96902 1.32189 0
      vertex 2.81458 1.625 9
      vertex 2.81458 1.625 0
    endloop
  endfacet
  facet normal -0.891006 -0.453991 0
    outer loop
      vertex 2.81458 1.625 9
      vertex 2.96902 1.32189 0
      vertex 2.96902 1.32189 9
    endloop
  endfacet
  facet normal -0.258819 -0.965926 0
    outer loop
      vertex 0.675713 3.17898 0
      vertex 1.0043 3.09093 9
      vertex 0.675713 3.17898 9
    endloop
  endfacet
  facet normal -0.258819 -0.965926 -0
    outer loop
      vertex 1.0043 3.09093 9
      vertex 0.675713 3.17898 0
      vertex 1.0043 3.09093 0
    endloop
  endfacet
  facet normal -0.156436 -0.987688 0
    outer loop
      vertex 0.339717 3.2322 0
      vertex 0.675713 3.17898 9
      vertex 0.339717 3.2322 9
    endloop
  endfacet
  facet normal -0.156436 -0.987688 -0
    outer loop
      vertex 0.675713 3.17898 9
      vertex 0.339717 3.2322 0
      vertex 0.675713 3.17898 0
    endloop
  endfacet
  facet normal -0.544639 -0.83867 0
    outer loop
      vertex 1.625 2.81458 0
      vertex 1.9103 2.6293 9
      vertex 1.625 2.81458 9
    endloop
  endfacet
  facet normal -0.544639 -0.83867 -0
    outer loop
      vertex 1.9103 2.6293 9
      vertex 1.625 2.81458 0
      vertex 1.9103 2.6293 0
    endloop
  endfacet
  facet normal -0.453989 -0.891007 0
    outer loop
      vertex 1.32189 2.96902 0
      vertex 1.625 2.81458 9
      vertex 1.32189 2.96902 9
    endloop
  endfacet
  facet normal -0.453989 -0.891007 -0
    outer loop
      vertex 1.625 2.81458 9
      vertex 1.32189 2.96902 0
      vertex 1.625 2.81458 0
    endloop
  endfacet
  facet normal -0.62932 -0.777146 0
    outer loop
      vertex 1.9103 2.6293 0
      vertex 2.17467 2.41522 9
      vertex 1.9103 2.6293 9
    endloop
  endfacet
  facet normal -0.62932 -0.777146 -0
    outer loop
      vertex 2.17467 2.41522 9
      vertex 1.9103 2.6293 0
      vertex 2.17467 2.41522 0
    endloop
  endfacet
  facet normal 0.965926 -0.258819 0
    outer loop
      vertex -3.17898 0.675713 9
      vertex -3.09093 1.0043 0
      vertex -3.09093 1.0043 9
    endloop
  endfacet
  facet normal 0.965926 -0.258819 0
    outer loop
      vertex -3.09093 1.0043 0
      vertex -3.17898 0.675713 9
      vertex -3.17898 0.675713 0
    endloop
  endfacet
  facet normal 0.707107 -0.707107 0
    outer loop
      vertex -2.41522 2.17467 9
      vertex -2.17467 2.41522 0
      vertex -2.17467 2.41522 9
    endloop
  endfacet
  facet normal 0.707107 -0.707107 0
    outer loop
      vertex -2.17467 2.41522 0
      vertex -2.41522 2.17467 9
      vertex -2.41522 2.17467 0
    endloop
  endfacet
  facet normal 0.891006 -0.453991 0
    outer loop
      vertex -2.96902 1.32189 9
      vertex -2.81458 1.625 0
      vertex -2.81458 1.625 9
    endloop
  endfacet
  facet normal 0.891006 -0.453991 0
    outer loop
      vertex -2.81458 1.625 0
      vertex -2.96902 1.32189 9
      vertex -2.96902 1.32189 0
    endloop
  endfacet
  facet normal 0.93358 -0.358368 0
    outer loop
      vertex -3.09093 1.0043 9
      vertex -2.96902 1.32189 0
      vertex -2.96902 1.32189 9
    endloop
  endfacet
  facet normal 0.93358 -0.358368 0
    outer loop
      vertex -2.96902 1.32189 0
      vertex -3.09093 1.0043 9
      vertex -3.09093 1.0043 0
    endloop
  endfacet
  facet normal 0.987688 -0.156436 0
    outer loop
      vertex -3.2322 0.339717 9
      vertex -3.17898 0.675713 0
      vertex -3.17898 0.675713 9
    endloop
  endfacet
  facet normal 0.987688 -0.156436 0
    outer loop
      vertex -3.17898 0.675713 0
      vertex -3.2322 0.339717 9
      vertex -3.2322 0.339717 0
    endloop
  endfacet
  facet normal 0.358368 -0.93358 0
    outer loop
      vertex -1.32189 2.96902 0
      vertex -1.0043 3.09093 9
      vertex -1.32189 2.96902 9
    endloop
  endfacet
  facet normal 0.358368 -0.93358 0
    outer loop
      vertex -1.0043 3.09093 9
      vertex -1.32189 2.96902 0
      vertex -1.0043 3.09093 0
    endloop
  endfacet
  facet normal 0.453991 -0.891006 0
    outer loop
      vertex -1.625 2.81458 0
      vertex -1.32189 2.96902 9
      vertex -1.625 2.81458 9
    endloop
  endfacet
  facet normal 0.453991 -0.891006 0
    outer loop
      vertex -1.32189 2.96902 9
      vertex -1.625 2.81458 0
      vertex -1.32189 2.96902 0
    endloop
  endfacet
  facet normal 0.544638 -0.838671 0
    outer loop
      vertex -1.9103 2.6293 0
      vertex -1.625 2.81458 9
      vertex -1.9103 2.6293 9
    endloop
  endfacet
  facet normal 0.544638 -0.838671 0
    outer loop
      vertex -1.625 2.81458 9
      vertex -1.9103 2.6293 0
      vertex -1.625 2.81458 0
    endloop
  endfacet
  facet normal -0.998629 0.0523369 0
    outer loop
      vertex 3.2322 -0.339717 0
      vertex 3.25 0 9
      vertex 3.25 0 0
    endloop
  endfacet
  facet normal -0.998629 0.0523369 0
    outer loop
      vertex 3.25 0 9
      vertex 3.2322 -0.339717 0
      vertex 3.2322 -0.339717 9
    endloop
  endfacet
  facet normal -0.0523369 0.998629 0
    outer loop
      vertex 0.339717 -3.2322 0
      vertex 0 -3.25 9
      vertex 0.339717 -3.2322 9
    endloop
  endfacet
  facet normal -0.0523369 0.998629 0
    outer loop
      vertex 0 -3.25 9
      vertex 0.339717 -3.2322 0
      vertex 0 -3.25 0
    endloop
  endfacet
  facet normal -0.453989 0.891007 0
    outer loop
      vertex 1.625 -2.81458 0
      vertex 1.32189 -2.96902 9
      vertex 1.625 -2.81458 9
    endloop
  endfacet
  facet normal -0.453989 0.891007 0
    outer loop
      vertex 1.32189 -2.96902 9
      vertex 1.625 -2.81458 0
      vertex 1.32189 -2.96902 0
    endloop
  endfacet
  facet normal -0.62932 0.777146 0
    outer loop
      vertex 2.17467 -2.41522 0
      vertex 1.9103 -2.6293 9
      vertex 2.17467 -2.41522 9
    endloop
  endfacet
  facet normal -0.62932 0.777146 0
    outer loop
      vertex 1.9103 -2.6293 9
      vertex 2.17467 -2.41522 0
      vertex 1.9103 -2.6293 0
    endloop
  endfacet
  facet normal -0.777146 0.62932 0
    outer loop
      vertex 2.41522 -2.17467 0
      vertex 2.6293 -1.9103 9
      vertex 2.6293 -1.9103 0
    endloop
  endfacet
  facet normal -0.777146 0.62932 0
    outer loop
      vertex 2.6293 -1.9103 9
      vertex 2.41522 -2.17467 0
      vertex 2.41522 -2.17467 9
    endloop
  endfacet
  facet normal -0.838671 0.544638 0
    outer loop
      vertex 2.6293 -1.9103 0
      vertex 2.81458 -1.625 9
      vertex 2.81458 -1.625 0
    endloop
  endfacet
  facet normal -0.838671 0.544638 0
    outer loop
      vertex 2.81458 -1.625 9
      vertex 2.6293 -1.9103 0
      vertex 2.6293 -1.9103 9
    endloop
  endfacet
  facet normal 0.707107 0.707107 0
    outer loop
      vertex -2.17467 -2.41522 9
      vertex -2.41522 -2.17467 0
      vertex -2.41522 -2.17467 9
    endloop
  endfacet
  facet normal 0.707107 0.707107 0
    outer loop
      vertex -2.41522 -2.17467 0
      vertex -2.17467 -2.41522 9
      vertex -2.17467 -2.41522 0
    endloop
  endfacet
  facet normal 0.62932 0.777146 -0
    outer loop
      vertex -1.9103 -2.6293 0
      vertex -2.17467 -2.41522 9
      vertex -1.9103 -2.6293 9
    endloop
  endfacet
  facet normal 0.62932 0.777146 0
    outer loop
      vertex -2.17467 -2.41522 9
      vertex -1.9103 -2.6293 0
      vertex -2.17467 -2.41522 0
    endloop
  endfacet
  facet normal 0.544639 0.83867 -0
    outer loop
      vertex -1.625 -2.81458 0
      vertex -1.9103 -2.6293 9
      vertex -1.625 -2.81458 9
    endloop
  endfacet
  facet normal 0.544639 0.83867 0
    outer loop
      vertex -1.9103 -2.6293 9
      vertex -1.625 -2.81458 0
      vertex -1.9103 -2.6293 0
    endloop
  endfacet
  facet normal 0.156436 0.987688 -0
    outer loop
      vertex -0.339717 -3.2322 0
      vertex -0.675713 -3.17898 9
      vertex -0.339717 -3.2322 9
    endloop
  endfacet
  facet normal 0.156436 0.987688 0
    outer loop
      vertex -0.675713 -3.17898 9
      vertex -0.339717 -3.2322 0
      vertex -0.675713 -3.17898 0
    endloop
  endfacet
  facet normal 0.93358 0.358368 0
    outer loop
      vertex -2.96902 -1.32189 9
      vertex -3.09093 -1.0043 0
      vertex -3.09093 -1.0043 9
    endloop
  endfacet
  facet normal 0.93358 0.358368 0
    outer loop
      vertex -3.09093 -1.0043 0
      vertex -2.96902 -1.32189 9
      vertex -2.96902 -1.32189 0
    endloop
  endfacet
  facet normal 0.965926 0.258819 0
    outer loop
      vertex -3.09093 -1.0043 9
      vertex -3.17898 -0.675713 0
      vertex -3.17898 -0.675713 9
    endloop
  endfacet
  facet normal 0.965926 0.258819 0
    outer loop
      vertex -3.17898 -0.675713 0
      vertex -3.09093 -1.0043 9
      vertex -3.09093 -1.0043 0
    endloop
  endfacet
  facet normal 0.156436 -0.987688 0
    outer loop
      vertex -0.675713 3.17898 0
      vertex -0.339717 3.2322 9
      vertex -0.675713 3.17898 9
    endloop
  endfacet
  facet normal 0.156436 -0.987688 0
    outer loop
      vertex -0.339717 3.2322 9
      vertex -0.675713 3.17898 0
      vertex -0.339717 3.2322 0
    endloop
  endfacet
  facet normal -0.156436 0.987688 0
    outer loop
      vertex 0.675713 -3.17898 0
      vertex 0.339717 -3.2322 9
      vertex 0.675713 -3.17898 9
    endloop
  endfacet
  facet normal -0.156436 0.987688 0
    outer loop
      vertex 0.339717 -3.2322 9
      vertex 0.675713 -3.17898 0
      vertex 0.339717 -3.2322 0
    endloop
  endfacet
  facet normal -0.358368 0.93358 0
    outer loop
      vertex 1.32189 -2.96902 0
      vertex 1.0043 -3.09093 9
      vertex 1.32189 -2.96902 9
    endloop
  endfacet
  facet normal -0.358368 0.93358 0
    outer loop
      vertex 1.0043 -3.09093 9
      vertex 1.32189 -2.96902 0
      vertex 1.0043 -3.09093 0
    endloop
  endfacet
  facet normal -0.544639 0.83867 0
    outer loop
      vertex 1.9103 -2.6293 0
      vertex 1.625 -2.81458 9
      vertex 1.9103 -2.6293 9
    endloop
  endfacet
  facet normal -0.544639 0.83867 0
    outer loop
      vertex 1.625 -2.81458 9
      vertex 1.9103 -2.6293 0
      vertex 1.625 -2.81458 0
    endloop
  endfacet
  facet normal -0.93358 0.358368 0
    outer loop
      vertex 2.96902 -1.32189 0
      vertex 3.09093 -1.0043 9
      vertex 3.09093 -1.0043 0
    endloop
  endfacet
  facet normal -0.93358 0.358368 0
    outer loop
      vertex 3.09093 -1.0043 9
      vertex 2.96902 -1.32189 0
      vertex 2.96902 -1.32189 9
    endloop
  endfacet
  facet normal -0.987688 0.156436 0
    outer loop
      vertex 3.17898 -0.675713 0
      vertex 3.2322 -0.339717 9
      vertex 3.2322 -0.339717 0
    endloop
  endfacet
  facet normal -0.987688 0.156436 0
    outer loop
      vertex 3.2322 -0.339717 9
      vertex 3.17898 -0.675713 0
      vertex 3.17898 -0.675713 9
    endloop
  endfacet
  facet normal 0.453989 0.891007 -0
    outer loop
      vertex -1.32189 -2.96902 0
      vertex -1.625 -2.81458 9
      vertex -1.32189 -2.96902 9
    endloop
  endfacet
  facet normal 0.453989 0.891007 0
    outer loop
      vertex -1.625 -2.81458 9
      vertex -1.32189 -2.96902 0
      vertex -1.625 -2.81458 0
    endloop
  endfacet
  facet normal 0.258819 0.965926 -0
    outer loop
      vertex -0.675713 -3.17898 0
      vertex -1.0043 -3.09093 9
      vertex -0.675713 -3.17898 9
    endloop
  endfacet
  facet normal 0.258819 0.965926 0
    outer loop
      vertex -1.0043 -3.09093 9
      vertex -0.675713 -3.17898 0
      vertex -1.0043 -3.09093 0
    endloop
  endfacet
  facet normal 0.0523369 0.998629 -0
    outer loop
      vertex 0 -3.25 0
      vertex -0.339717 -3.2322 9
      vertex 0 -3.25 9
    endloop
  endfacet
  facet normal 0.0523369 0.998629 0
    outer loop
      vertex -0.339717 -3.2322 9
      vertex 0 -3.25 0
      vertex -0.339717 -3.2322 0
    endloop
  endfacet
  facet normal 0.891006 0.453991 0
    outer loop
      vertex -2.81458 -1.625 9
      vertex -2.96902 -1.32189 0
      vertex -2.96902 -1.32189 9
    endloop
  endfacet
  facet normal 0.891006 0.453991 0
    outer loop
      vertex -2.96902 -1.32189 0
      vertex -2.81458 -1.625 9
      vertex -2.81458 -1.625 0
    endloop
  endfacet
  facet normal 0 -1 0
    outer loop
      vertex 7.40582 -3 0
      vertex 23.8918 -3 9
      vertex 7.40582 -3 9
    endloop
  endfacet
  facet normal 0 -1 -0
    outer loop
      vertex 23.8918 -3 9
      vertex 7.40582 -3 0
      vertex 23.8918 -3 0
    endloop
  endfacet
  facet normal 0 1 -0
    outer loop
      vertex 23.8918 3 0
      vertex 7.40582 3 9
      vertex 23.8918 3 9
    endloop
  endfacet
  facet normal 0 1 0
    outer loop
      vertex 7.40582 3 9
      vertex 23.8918 3 0
      vertex 7.40582 3 0
    endloop
  endfacet
  facet normal 0.866025 0.5 0
    outer loop
      vertex -1.10484 7.91363 9
      vertex -9.34783 22.1909 0
      vertex -9.34783 22.1909 9
    endloop
  endfacet
  facet normal 0.866025 0.5 0
    outer loop
      vertex -9.34783 22.1909 0
      vertex -1.10484 7.91363 9
      vertex -1.10484 7.91363 0
    endloop
  endfacet
  facet normal -0.866025 -0.5 0
    outer loop
      vertex -6.30099 4.91363 0
      vertex -14.544 19.1909 9
      vertex -14.544 19.1909 0
    endloop
  endfacet
  facet normal -0.866025 -0.5 0
    outer loop
      vertex -14.544 19.1909 9
      vertex -6.30099 4.91363 0
      vertex -6.30099 4.91363 9
    endloop
  endfacet
  facet normal -0.866025 0.5 0
    outer loop
      vertex -14.544 -19.1909 0
      vertex -6.30099 -4.91363 9
      vertex -6.30099 -4.91363 0
    endloop
  endfacet
  facet normal -0.866025 0.5 0
    outer loop
      vertex -6.30099 -4.91363 9
      vertex -14.544 -19.1909 0
      vertex -14.544 -19.1909 9
    endloop
  endfacet
  facet normal 0.866025 -0.5 0
    outer loop
      vertex -9.34783 -22.1909 9
      vertex -1.10484 -7.91363 0
      vertex -1.10484 -7.91363 9
    endloop
  endfacet
  facet normal 0.866025 -0.5 0
    outer loop
      vertex -1.10484 -7.91363 0
      vertex -9.34783 -22.1909 9
      vertex -9.34783 -22.1909 0
    endloop
  endfacet
  facet normal -0.93358 -0.358368 0
    outer loop
      vertex 22.9205 7.44731 0
      vertex 22.0164 9.80235 9
      vertex 22.0164 9.80235 0
    endloop
  endfacet
  facet normal -0.93358 -0.358368 0
    outer loop
      vertex 22.0164 9.80235 9
      vertex 22.9205 7.44731 0
      vertex 22.9205 7.44731 9
    endloop
  endfacet
  facet normal -0.891007 -0.453991 0
    outer loop
      vertex 22.0164 9.80235 0
      vertex 20.8712 12.05 9
      vertex 20.8712 12.05 0
    endloop
  endfacet
  facet normal -0.891007 -0.453991 0
    outer loop
      vertex 20.8712 12.05 9
      vertex 22.0164 9.80235 0
      vertex 22.0164 9.80235 9
    endloop
  endfacet
  facet normal -0.358368 -0.93358 0
    outer loop
      vertex 7.44731 22.9205 0
      vertex 9.80235 22.0164 9
      vertex 7.44731 22.9205 9
    endloop
  endfacet
  facet normal -0.358368 -0.93358 -0
    outer loop
      vertex 9.80235 22.0164 9
      vertex 7.44731 22.9205 0
      vertex 9.80235 22.0164 0
    endloop
  endfacet
  facet normal 0.358368 -0.93358 0
    outer loop
      vertex -9.34783 22.1909 0
      vertex -7.44731 22.9205 9
      vertex -9.34783 22.1909 9
    endloop
  endfacet
  facet normal 0.358368 -0.93358 0
    outer loop
      vertex -7.44731 22.9205 9
      vertex -9.34783 22.1909 0
      vertex -7.44731 22.9205 0
    endloop
  endfacet
  facet normal 0.93358 -0.358368 0
    outer loop
      vertex -22.9205 7.44731 9
      vertex -22.0164 9.80235 0
      vertex -22.0164 9.80235 9
    endloop
  endfacet
  facet normal 0.93358 -0.358368 0
    outer loop
      vertex -22.0164 9.80235 0
      vertex -22.9205 7.44731 9
      vertex -22.9205 7.44731 0
    endloop
  endfacet
  facet normal -0.0523354 -0.99863 0
    outer loop
      vertex 0 24.1 0
      vertex 2.51914 23.968 9
      vertex 0 24.1 9
    endloop
  endfacet
  facet normal -0.0523354 -0.99863 -0
    outer loop
      vertex 2.51914 23.968 9
      vertex 0 24.1 0
      vertex 2.51914 23.968 0
    endloop
  endfacet
  facet normal -0.544639 -0.83867 0
    outer loop
      vertex 12.05 20.8712 0
      vertex 14.1656 19.4973 9
      vertex 12.05 20.8712 9
    endloop
  endfacet
  facet normal -0.544639 -0.83867 -0
    outer loop
      vertex 14.1656 19.4973 9
      vertex 12.05 20.8712 0
      vertex 14.1656 19.4973 0
    endloop
  endfacet
  facet normal 0.99863 -0.0523354 0
    outer loop
      vertex -24.1 0 9
      vertex -23.968 2.51914 0
      vertex -23.968 2.51914 9
    endloop
  endfacet
  facet normal 0.99863 -0.0523354 0
    outer loop
      vertex -23.968 2.51914 0
      vertex -24.1 0 9
      vertex -24.1 0 0
    endloop
  endfacet
  facet normal 0.777146 -0.62932 0
    outer loop
      vertex -19.4973 14.1656 9
      vertex -17.9098 16.126 0
      vertex -17.9098 16.126 9
    endloop
  endfacet
  facet normal 0.777146 -0.62932 0
    outer loop
      vertex -17.9098 16.126 0
      vertex -19.4973 14.1656 9
      vertex -19.4973 14.1656 0
    endloop
  endfacet
  facet normal 0.258819 -0.965926 0
    outer loop
      vertex -7.44731 22.9205 0
      vertex -5.01067 23.5734 9
      vertex -7.44731 22.9205 9
    endloop
  endfacet
  facet normal 0.258819 -0.965926 0
    outer loop
      vertex -5.01067 23.5734 9
      vertex -7.44731 22.9205 0
      vertex -5.01067 23.5734 0
    endloop
  endfacet
  facet normal -0.453991 0.891007 0
    outer loop
      vertex 12.05 -20.8712 0
      vertex 9.80235 -22.0164 9
      vertex 12.05 -20.8712 9
    endloop
  endfacet
  facet normal -0.453991 0.891007 0
    outer loop
      vertex 9.80235 -22.0164 9
      vertex 12.05 -20.8712 0
      vertex 9.80235 -22.0164 0
    endloop
  endfacet
  facet normal -0.965926 -0.258819 0
    outer loop
      vertex 23.5734 5.01067 0
      vertex 22.9205 7.44731 9
      vertex 22.9205 7.44731 0
    endloop
  endfacet
  facet normal -0.965926 -0.258819 0
    outer loop
      vertex 22.9205 7.44731 9
      vertex 23.5734 5.01067 0
      vertex 23.5734 5.01067 9
    endloop
  endfacet
  facet normal -0.83867 -0.544639 0
    outer loop
      vertex 20.8712 12.05 0
      vertex 19.4973 14.1656 9
      vertex 19.4973 14.1656 0
    endloop
  endfacet
  facet normal -0.83867 -0.544639 0
    outer loop
      vertex 19.4973 14.1656 9
      vertex 20.8712 12.05 0
      vertex 20.8712 12.05 9
    endloop
  endfacet
  facet normal -0.707107 -0.707107 0
    outer loop
      vertex 17.9098 16.126 0
      vertex 16.126 17.9098 9
      vertex 16.126 17.9098 0
    endloop
  endfacet
  facet normal -0.707107 -0.707107 0
    outer loop
      vertex 16.126 17.9098 9
      vertex 17.9098 16.126 0
      vertex 17.9098 16.126 9
    endloop
  endfacet
  facet normal 0.0523354 -0.99863 0
    outer loop
      vertex -2.51914 23.968 0
      vertex 0 24.1 9
      vertex -2.51914 23.968 9
    endloop
  endfacet
  facet normal 0.0523354 -0.99863 0
    outer loop
      vertex 0 24.1 9
      vertex -2.51914 23.968 0
      vertex 0 24.1 0
    endloop
  endfacet
  facet normal -0.258819 -0.965926 0
    outer loop
      vertex 5.01067 23.5734 0
      vertex 7.44731 22.9205 9
      vertex 5.01067 23.5734 9
    endloop
  endfacet
  facet normal -0.258819 -0.965926 -0
    outer loop
      vertex 7.44731 22.9205 9
      vertex 5.01067 23.5734 0
      vertex 7.44731 22.9205 0
    endloop
  endfacet
  facet normal -0.156435 -0.987688 0
    outer loop
      vertex 2.51914 23.968 0
      vertex 5.01067 23.5734 9
      vertex 2.51914 23.968 9
    endloop
  endfacet
  facet normal -0.156435 -0.987688 -0
    outer loop
      vertex 5.01067 23.5734 9
      vertex 2.51914 23.968 0
      vertex 5.01067 23.5734 0
    endloop
  endfacet
  facet normal -0.453991 -0.891007 0
    outer loop
      vertex 9.80235 22.0164 0
      vertex 12.05 20.8712 9
      vertex 9.80235 22.0164 9
    endloop
  endfacet
  facet normal -0.453991 -0.891007 -0
    outer loop
      vertex 12.05 20.8712 9
      vertex 9.80235 22.0164 0
      vertex 12.05 20.8712 0
    endloop
  endfacet
  facet normal -0.62932 -0.777146 0
    outer loop
      vertex 14.1656 19.4973 0
      vertex 16.126 17.9098 9
      vertex 14.1656 19.4973 9
    endloop
  endfacet
  facet normal -0.62932 -0.777146 -0
    outer loop
      vertex 16.126 17.9098 9
      vertex 14.1656 19.4973 0
      vertex 16.126 17.9098 0
    endloop
  endfacet
  facet normal 0.965926 -0.258819 0
    outer loop
      vertex -23.5734 5.01067 9
      vertex -22.9205 7.44731 0
      vertex -22.9205 7.44731 9
    endloop
  endfacet
  facet normal 0.965926 -0.258819 0
    outer loop
      vertex -22.9205 7.44731 0
      vertex -23.5734 5.01067 9
      vertex -23.5734 5.01067 0
    endloop
  endfacet
  facet normal 0.987688 -0.156435 0
    outer loop
      vertex -23.968 2.51914 9
      vertex -23.5734 5.01067 0
      vertex -23.5734 5.01067 9
    endloop
  endfacet
  facet normal 0.987688 -0.156435 0
    outer loop
      vertex -23.5734 5.01067 0
      vertex -23.968 2.51914 9
      vertex -23.968 2.51914 0
    endloop
  endfacet
  facet normal 0.891007 -0.453991 0
    outer loop
      vertex -22.0164 9.80235 9
      vertex -20.8712 12.05 0
      vertex -20.8712 12.05 9
    endloop
  endfacet
  facet normal 0.891007 -0.453991 0
    outer loop
      vertex -20.8712 12.05 0
      vertex -22.0164 9.80235 9
      vertex -22.0164 9.80235 0
    endloop
  endfacet
  facet normal 0.83867 -0.544639 0
    outer loop
      vertex -20.8712 12.05 9
      vertex -19.4973 14.1656 0
      vertex -19.4973 14.1656 9
    endloop
  endfacet
  facet normal 0.83867 -0.544639 0
    outer loop
      vertex -19.4973 14.1656 0
      vertex -20.8712 12.05 9
      vertex -20.8712 12.05 0
    endloop
  endfacet
  facet normal 0.156435 -0.987688 0
    outer loop
      vertex -5.01067 23.5734 0
      vertex -2.51914 23.968 9
      vertex -5.01067 23.5734 9
    endloop
  endfacet
  facet normal 0.156435 -0.987688 0
    outer loop
      vertex -2.51914 23.968 9
      vertex -5.01067 23.5734 0
      vertex -2.51914 23.968 0
    endloop
  endfacet
  facet normal 0.62932 -0.777146 0
    outer loop
      vertex -16.126 17.9098 0
      vertex -14.544 19.1909 9
      vertex -16.126 17.9098 9
    endloop
  endfacet
  facet normal 0.62932 -0.777146 0
    outer loop
      vertex -14.544 19.1909 9
      vertex -16.126 17.9098 0
      vertex -14.544 19.1909 0
    endloop
  endfacet
  facet normal 0.707107 -0.707107 0
    outer loop
      vertex -17.9098 16.126 9
      vertex -16.126 17.9098 0
      vertex -16.126 17.9098 9
    endloop
  endfacet
  facet normal 0.707107 -0.707107 0
    outer loop
      vertex -16.126 17.9098 0
      vertex -17.9098 16.126 9
      vertex -17.9098 16.126 0
    endloop
  endfacet
  facet normal -0.965926 0.258819 0
    outer loop
      vertex 22.9205 -7.44731 0
      vertex 23.5734 -5.01067 9
      vertex 23.5734 -5.01067 0
    endloop
  endfacet
  facet normal -0.965926 0.258819 0
    outer loop
      vertex 23.5734 -5.01067 9
      vertex 22.9205 -7.44731 0
      vertex 22.9205 -7.44731 9
    endloop
  endfacet
  facet normal 0.62932 0.777146 -0
    outer loop
      vertex -14.544 -19.1909 0
      vertex -16.126 -17.9098 9
      vertex -14.544 -19.1909 9
    endloop
  endfacet
  facet normal 0.62932 0.777146 0
    outer loop
      vertex -16.126 -17.9098 9
      vertex -14.544 -19.1909 0
      vertex -16.126 -17.9098 0
    endloop
  endfacet
  facet normal 0.99863 0.0523354 0
    outer loop
      vertex -23.968 -2.51914 9
      vertex -24.1 0 0
      vertex -24.1 0 9
    endloop
  endfacet
  facet normal 0.99863 0.0523354 0
    outer loop
      vertex -24.1 0 0
      vertex -23.968 -2.51914 9
      vertex -23.968 -2.51914 0
    endloop
  endfacet
  facet normal 0.987688 0.156435 0
    outer loop
      vertex -23.5734 -5.01067 9
      vertex -23.968 -2.51914 0
      vertex -23.968 -2.51914 9
    endloop
  endfacet
  facet normal 0.987688 0.156435 0
    outer loop
      vertex -23.968 -2.51914 0
      vertex -23.5734 -5.01067 9
      vertex -23.5734 -5.01067 0
    endloop
  endfacet
  facet normal -0.156435 0.987688 0
    outer loop
      vertex 5.01067 -23.5734 0
      vertex 2.51914 -23.968 9
      vertex 5.01067 -23.5734 9
    endloop
  endfacet
  facet normal -0.156435 0.987688 0
    outer loop
      vertex 2.51914 -23.968 9
      vertex 5.01067 -23.5734 0
      vertex 2.51914 -23.968 0
    endloop
  endfacet
  facet normal -0.358368 0.93358 0
    outer loop
      vertex 9.80235 -22.0164 0
      vertex 7.44731 -22.9205 9
      vertex 9.80235 -22.0164 9
    endloop
  endfacet
  facet normal -0.358368 0.93358 0
    outer loop
      vertex 7.44731 -22.9205 9
      vertex 9.80235 -22.0164 0
      vertex 7.44731 -22.9205 0
    endloop
  endfacet
  facet normal -0.987688 -0.156434 0
    outer loop
      vertex 23.8918 3 0
      vertex 23.5734 5.01067 9
      vertex 23.5734 5.01067 0
    endloop
  endfacet
  facet normal -0.987688 -0.156434 0
    outer loop
      vertex 23.5734 5.01067 9
      vertex 23.8918 3 0
      vertex 23.8918 3 9
    endloop
  endfacet
  facet normal -0.777146 -0.62932 0
    outer loop
      vertex 19.4973 14.1656 0
      vertex 17.9098 16.126 9
      vertex 17.9098 16.126 0
    endloop
  endfacet
  facet normal -0.777146 -0.62932 0
    outer loop
      vertex 17.9098 16.126 9
      vertex 19.4973 14.1656 0
      vertex 19.4973 14.1656 9
    endloop
  endfacet
  facet normal -0.987688 0.156434 0
    outer loop
      vertex 23.5734 -5.01067 0
      vertex 23.8918 -3 9
      vertex 23.8918 -3 0
    endloop
  endfacet
  facet normal -0.987688 0.156434 0
    outer loop
      vertex 23.8918 -3 9
      vertex 23.5734 -5.01067 0
      vertex 23.5734 -5.01067 9
    endloop
  endfacet
  facet normal -0.707107 0.707107 0
    outer loop
      vertex 16.126 -17.9098 0
      vertex 17.9098 -16.126 9
      vertex 17.9098 -16.126 0
    endloop
  endfacet
  facet normal -0.707107 0.707107 0
    outer loop
      vertex 17.9098 -16.126 9
      vertex 16.126 -17.9098 0
      vertex 16.126 -17.9098 9
    endloop
  endfacet
  facet normal -0.544639 0.83867 0
    outer loop
      vertex 14.1656 -19.4973 0
      vertex 12.05 -20.8712 9
      vertex 14.1656 -19.4973 9
    endloop
  endfacet
  facet normal -0.544639 0.83867 0
    outer loop
      vertex 12.05 -20.8712 9
      vertex 14.1656 -19.4973 0
      vertex 12.05 -20.8712 0
    endloop
  endfacet
  facet normal -0.777146 0.62932 0
    outer loop
      vertex 17.9098 -16.126 0
      vertex 19.4973 -14.1656 9
      vertex 19.4973 -14.1656 0
    endloop
  endfacet
  facet normal -0.777146 0.62932 0
    outer loop
      vertex 19.4973 -14.1656 9
      vertex 17.9098 -16.126 0
      vertex 17.9098 -16.126 9
    endloop
  endfacet
  facet normal -0.891007 0.453991 0
    outer loop
      vertex 20.8712 -12.05 0
      vertex 22.0164 -9.80235 9
      vertex 22.0164 -9.80235 0
    endloop
  endfacet
  facet normal -0.891007 0.453991 0
    outer loop
      vertex 22.0164 -9.80235 9
      vertex 20.8712 -12.05 0
      vertex 20.8712 -12.05 9
    endloop
  endfacet
  facet normal -0.83867 0.544639 0
    outer loop
      vertex 19.4973 -14.1656 0
      vertex 20.8712 -12.05 9
      vertex 20.8712 -12.05 0
    endloop
  endfacet
  facet normal -0.83867 0.544639 0
    outer loop
      vertex 20.8712 -12.05 9
      vertex 19.4973 -14.1656 0
      vertex 19.4973 -14.1656 9
    endloop
  endfacet
  facet normal -0.258819 0.965926 0
    outer loop
      vertex 7.44731 -22.9205 0
      vertex 5.01067 -23.5734 9
      vertex 7.44731 -22.9205 9
    endloop
  endfacet
  facet normal -0.258819 0.965926 0
    outer loop
      vertex 5.01067 -23.5734 9
      vertex 7.44731 -22.9205 0
      vertex 5.01067 -23.5734 0
    endloop
  endfacet
  facet normal -0.93358 0.358368 0
    outer loop
      vertex 22.0164 -9.80235 0
      vertex 22.9205 -7.44731 9
      vertex 22.9205 -7.44731 0
    endloop
  endfacet
  facet normal -0.93358 0.358368 0
    outer loop
      vertex 22.9205 -7.44731 9
      vertex 22.0164 -9.80235 0
      vertex 22.0164 -9.80235 9
    endloop
  endfacet
  facet normal 0.0523354 0.99863 -0
    outer loop
      vertex 0 -24.1 0
      vertex -2.51914 -23.968 9
      vertex 0 -24.1 9
    endloop
  endfacet
  facet normal 0.0523354 0.99863 0
    outer loop
      vertex -2.51914 -23.968 9
      vertex 0 -24.1 0
      vertex -2.51914 -23.968 0
    endloop
  endfacet
  facet normal -0.0523354 0.99863 0
    outer loop
      vertex 2.51914 -23.968 0
      vertex 0 -24.1 9
      vertex 2.51914 -23.968 9
    endloop
  endfacet
  facet normal -0.0523354 0.99863 0
    outer loop
      vertex 0 -24.1 9
      vertex 2.51914 -23.968 0
      vertex 0 -24.1 0
    endloop
  endfacet
  facet normal 0.891007 0.453991 0
    outer loop
      vertex -20.8712 -12.05 9
      vertex -22.0164 -9.80235 0
      vertex -22.0164 -9.80235 9
    endloop
  endfacet
  facet normal 0.891007 0.453991 0
    outer loop
      vertex -22.0164 -9.80235 0
      vertex -20.8712 -12.05 9
      vertex -20.8712 -12.05 0
    endloop
  endfacet
  facet normal 0.93358 0.358368 0
    outer loop
      vertex -22.0164 -9.80235 9
      vertex -22.9205 -7.44731 0
      vertex -22.9205 -7.44731 9
    endloop
  endfacet
  facet normal 0.93358 0.358368 0
    outer loop
      vertex -22.9205 -7.44731 0
      vertex -22.0164 -9.80235 9
      vertex -22.0164 -9.80235 0
    endloop
  endfacet
  facet normal 0.965926 0.258819 0
    outer loop
      vertex -22.9205 -7.44731 9
      vertex -23.5734 -5.01067 0
      vertex -23.5734 -5.01067 9
    endloop
  endfacet
  facet normal 0.965926 0.258819 0
    outer loop
      vertex -23.5734 -5.01067 0
      vertex -22.9205 -7.44731 9
      vertex -22.9205 -7.44731 0
    endloop
  endfacet
  facet normal 0.83867 0.544639 0
    outer loop
      vertex -19.4973 -14.1656 9
      vertex -20.8712 -12.05 0
      vertex -20.8712 -12.05 9
    endloop
  endfacet
  facet normal 0.83867 0.544639 0
    outer loop
      vertex -20.8712 -12.05 0
      vertex -19.4973 -14.1656 9
      vertex -19.4973 -14.1656 0
    endloop
  endfacet
  facet normal 0.707107 0.707107 0
    outer loop
      vertex -16.126 -17.9098 9
      vertex -17.9098 -16.126 0
      vertex -17.9098 -16.126 9
    endloop
  endfacet
  facet normal 0.707107 0.707107 0
    outer loop
      vertex -17.9098 -16.126 0
      vertex -16.126 -17.9098 9
      vertex -16.126 -17.9098 0
    endloop
  endfacet
  facet normal 0.777146 0.62932 0
    outer loop
      vertex -17.9098 -16.126 9
      vertex -19.4973 -14.1656 0
      vertex -19.4973 -14.1656 9
    endloop
  endfacet
  facet normal 0.777146 0.62932 0
    outer loop
      vertex -19.4973 -14.1656 0
      vertex -17.9098 -16.126 9
      vertex -17.9098 -16.126 0
    endloop
  endfacet
  facet normal -0.62932 0.777146 0
    outer loop
      vertex 16.126 -17.9098 0
      vertex 14.1656 -19.4973 9
      vertex 16.126 -17.9098 9
    endloop
  endfacet
  facet normal -0.62932 0.777146 0
    outer loop
      vertex 14.1656 -19.4973 9
      vertex 16.126 -17.9098 0
      vertex 14.1656 -19.4973 0
    endloop
  endfacet
  facet normal 0.258819 0.965926 -0
    outer loop
      vertex -5.01067 -23.5734 0
      vertex -7.44731 -22.9205 9
      vertex -5.01067 -23.5734 9
    endloop
  endfacet
  facet normal 0.258819 0.965926 0
    outer loop
      vertex -7.44731 -22.9205 9
      vertex -5.01067 -23.5734 0
      vertex -7.44731 -22.9205 0
    endloop
  endfacet
  facet normal 0.358368 0.93358 -0
    outer loop
      vertex -7.44731 -22.9205 0
      vertex -9.34783 -22.1909 9
      vertex -7.44731 -22.9205 9
    endloop
  endfacet
  facet normal 0.358368 0.93358 0
    outer loop
      vertex -9.34783 -22.1909 9
      vertex -7.44731 -22.9205 0
      vertex -9.34783 -22.1909 0
    endloop
  endfacet
  facet normal 0.156435 0.987688 -0
    outer loop
      vertex -2.51914 -23.968 0
      vertex -5.01067 -23.5734 9
      vertex -2.51914 -23.968 9
    endloop
  endfacet
  facet normal 0.156435 0.987688 0
    outer loop
      vertex -5.01067 -23.5734 9
      vertex -2.51914 -23.968 0
      vertex -5.01067 -23.5734 0
    endloop
  endfacet
  facet normal -0.62933 -0.777139 0
    outer loop
      vertex 20.6466 0.889918 0
      vertex 20.736 0.817459 4
      vertex 20.6466 0.889918 4
    endloop
  endfacet
  facet normal -0.62933 -0.777139 -0
    outer loop
      vertex 20.736 0.817459 4
      vertex 20.6466 0.889918 0
      vertex 20.736 0.817459 0
    endloop
  endfacet
  facet normal -0.99863 0.052331 0
    outer loop
      vertex 21.094 -0.114981 0
      vertex 21.1 0 4
      vertex 21.1 0 0
    endloop
  endfacet
  facet normal -0.99863 0.052331 0
    outer loop
      vertex 21.1 0 4
      vertex 21.094 -0.114981 0
      vertex 21.094 -0.114981 4
    endloop
  endfacet
  facet normal 0.358367 -0.933581 0
    outer loop
      vertex 19.5526 1.0049 0
      vertex 19.6601 1.04616 4
      vertex 19.5526 1.0049 4
    endloop
  endfacet
  facet normal 0.358367 -0.933581 0
    outer loop
      vertex 19.6601 1.04616 4
      vertex 19.5526 1.0049 0
      vertex 19.6601 1.04616 0
    endloop
  endfacet
  facet normal 0.891004 -0.453996 0
    outer loop
      vertex 18.9951 0.44741 4
      vertex 19.0474 0.549999 0
      vertex 19.0474 0.549999 4
    endloop
  endfacet
  facet normal 0.891004 -0.453996 0
    outer loop
      vertex 19.0474 0.549999 0
      vertex 18.9951 0.44741 4
      vertex 18.9951 0.44741 0
    endloop
  endfacet
  facet normal -0.933582 -0.358365 0
    outer loop
      vertex 21.0462 0.339918 0
      vertex 21.0049 0.44741 4
      vertex 21.0049 0.44741 0
    endloop
  endfacet
  facet normal -0.933582 -0.358365 0
    outer loop
      vertex 21.0049 0.44741 4
      vertex 21.0462 0.339918 0
      vertex 21.0462 0.339918 4
    endloop
  endfacet
  facet normal -0.987689 -0.156429 0
    outer loop
      vertex 21.094 0.114981 0
      vertex 21.076 0.228703 4
      vertex 21.076 0.228703 0
    endloop
  endfacet
  facet normal -0.987689 -0.156429 0
    outer loop
      vertex 21.076 0.228703 4
      vertex 21.094 0.114981 0
      vertex 21.094 0.114981 4
    endloop
  endfacet
  facet normal -0.891004 -0.453996 0
    outer loop
      vertex 21.0049 0.44741 0
      vertex 20.9526 0.549999 4
      vertex 20.9526 0.549999 0
    endloop
  endfacet
  facet normal -0.891004 -0.453996 0
    outer loop
      vertex 20.9526 0.549999 4
      vertex 21.0049 0.44741 0
      vertex 21.0049 0.44741 4
    endloop
  endfacet
  facet normal -0.453999 -0.891002 0
    outer loop
      vertex 20.4474 1.0049 0
      vertex 20.55 0.952627 4
      vertex 20.4474 1.0049 4
    endloop
  endfacet
  facet normal -0.453999 -0.891002 -0
    outer loop
      vertex 20.55 0.952627 4
      vertex 20.4474 1.0049 0
      vertex 20.55 0.952627 0
    endloop
  endfacet
  facet normal -0.156429 -0.987689 0
    outer loop
      vertex 20.115 1.09397 0
      vertex 20.2287 1.07596 4
      vertex 20.115 1.09397 4
    endloop
  endfacet
  facet normal -0.156429 -0.987689 -0
    outer loop
      vertex 20.2287 1.07596 4
      vertex 20.115 1.09397 0
      vertex 20.2287 1.07596 0
    endloop
  endfacet
  facet normal 0.987687 -0.156445 0
    outer loop
      vertex 18.906 0.114981 4
      vertex 18.924 0.228703 0
      vertex 18.924 0.228703 4
    endloop
  endfacet
  facet normal 0.987687 -0.156445 0
    outer loop
      vertex 18.924 0.228703 0
      vertex 18.906 0.114981 4
      vertex 18.906 0.114981 0
    endloop
  endfacet
  facet normal 0.707111 -0.707103 0
    outer loop
      vertex 19.1825 0.736043 4
      vertex 19.264 0.817459 0
      vertex 19.264 0.817459 4
    endloop
  endfacet
  facet normal 0.707111 -0.707103 0
    outer loop
      vertex 19.264 0.817459 0
      vertex 19.1825 0.736043 4
      vertex 19.1825 0.736043 0
    endloop
  endfacet
  facet normal 0.156431 -0.987689 0
    outer loop
      vertex 19.7713 1.07596 0
      vertex 19.885 1.09397 4
      vertex 19.7713 1.07596 4
    endloop
  endfacet
  facet normal 0.156431 -0.987689 0
    outer loop
      vertex 19.885 1.09397 4
      vertex 19.7713 1.07596 0
      vertex 19.885 1.09397 0
    endloop
  endfacet
  facet normal 0.629321 -0.777145 0
    outer loop
      vertex 19.264 0.817459 0
      vertex 19.3534 0.889918 4
      vertex 19.264 0.817459 4
    endloop
  endfacet
  facet normal 0.629321 -0.777145 0
    outer loop
      vertex 19.3534 0.889918 4
      vertex 19.264 0.817459 0
      vertex 19.3534 0.889918 0
    endloop
  endfacet
  facet normal -0.777141 0.629326 0
    outer loop
      vertex 20.8175 -0.736043 0
      vertex 20.8899 -0.646564 4
      vertex 20.8899 -0.646564 0
    endloop
  endfacet
  facet normal -0.777141 0.629326 0
    outer loop
      vertex 20.8899 -0.646564 4
      vertex 20.8175 -0.736043 0
      vertex 20.8175 -0.736043 4
    endloop
  endfacet
  facet normal -0.933582 0.358365 0
    outer loop
      vertex 21.0049 -0.44741 0
      vertex 21.0462 -0.339918 4
      vertex 21.0462 -0.339918 0
    endloop
  endfacet
  facet normal -0.933582 0.358365 0
    outer loop
      vertex 21.0462 -0.339918 4
      vertex 21.0049 -0.44741 0
      vertex 21.0049 -0.44741 4
    endloop
  endfacet
  facet normal 0.156431 0.987689 -0
    outer loop
      vertex 19.885 -1.09397 0
      vertex 19.7713 -1.07596 4
      vertex 19.885 -1.09397 4
    endloop
  endfacet
  facet normal 0.156431 0.987689 0
    outer loop
      vertex 19.7713 -1.07596 4
      vertex 19.885 -1.09397 0
      vertex 19.7713 -1.07596 0
    endloop
  endfacet
  facet normal 0.629321 0.777145 -0
    outer loop
      vertex 19.3534 -0.889918 0
      vertex 19.264 -0.817459 4
      vertex 19.3534 -0.889918 4
    endloop
  endfacet
  facet normal 0.629321 0.777145 0
    outer loop
      vertex 19.264 -0.817459 4
      vertex 19.3534 -0.889918 0
      vertex 19.264 -0.817459 0
    endloop
  endfacet
  facet normal -0.965925 -0.258821 0
    outer loop
      vertex 21.076 0.228703 0
      vertex 21.0462 0.339918 4
      vertex 21.0462 0.339918 0
    endloop
  endfacet
  facet normal -0.965925 -0.258821 0
    outer loop
      vertex 21.0462 0.339918 4
      vertex 21.076 0.228703 0
      vertex 21.076 0.228703 4
    endloop
  endfacet
  facet normal -0.777141 -0.629326 0
    outer loop
      vertex 20.8899 0.646564 0
      vertex 20.8175 0.736043 4
      vertex 20.8175 0.736043 0
    endloop
  endfacet
  facet normal -0.777141 -0.629326 0
    outer loop
      vertex 20.8175 0.736043 4
      vertex 20.8899 0.646564 0
      vertex 20.8899 0.646564 4
    endloop
  endfacet
  facet normal -0.838677 -0.544629 0
    outer loop
      vertex 20.9526 0.549999 0
      vertex 20.8899 0.646564 4
      vertex 20.8899 0.646564 0
    endloop
  endfacet
  facet normal -0.838677 -0.544629 0
    outer loop
      vertex 20.8899 0.646564 4
      vertex 20.9526 0.549999 0
      vertex 20.9526 0.549999 4
    endloop
  endfacet
  facet normal -0.707103 -0.707111 0
    outer loop
      vertex 20.736 0.817459 0
      vertex 20.8175 0.736043 4
      vertex 20.736 0.817459 4
    endloop
  endfacet
  facet normal -0.707103 -0.707111 -0
    outer loop
      vertex 20.8175 0.736043 4
      vertex 20.736 0.817459 0
      vertex 20.8175 0.736043 0
    endloop
  endfacet
  facet normal -0.0523393 -0.998629 0
    outer loop
      vertex 20 1.1 0
      vertex 20.115 1.09397 4
      vertex 20 1.1 4
    endloop
  endfacet
  facet normal -0.0523393 -0.998629 -0
    outer loop
      vertex 20.115 1.09397 4
      vertex 20 1.1 0
      vertex 20.115 1.09397 0
    endloop
  endfacet
  facet normal -0.544631 -0.838676 0
    outer loop
      vertex 20.55 0.952627 0
      vertex 20.6466 0.889918 4
      vertex 20.55 0.952627 4
    endloop
  endfacet
  facet normal -0.544631 -0.838676 -0
    outer loop
      vertex 20.6466 0.889918 4
      vertex 20.55 0.952627 0
      vertex 20.6466 0.889918 0
    endloop
  endfacet
  facet normal -0.358362 -0.933583 0
    outer loop
      vertex 20.3399 1.04616 0
      vertex 20.4474 1.0049 4
      vertex 20.3399 1.04616 4
    endloop
  endfacet
  facet normal -0.358362 -0.933583 -0
    outer loop
      vertex 20.4474 1.0049 4
      vertex 20.3399 1.04616 0
      vertex 20.4474 1.0049 0
    endloop
  endfacet
  facet normal -0.258821 -0.965925 0
    outer loop
      vertex 20.2287 1.07596 0
      vertex 20.3399 1.04616 4
      vertex 20.2287 1.07596 4
    endloop
  endfacet
  facet normal -0.258821 -0.965925 -0
    outer loop
      vertex 20.3399 1.04616 4
      vertex 20.2287 1.07596 0
      vertex 20.3399 1.04616 0
    endloop
  endfacet
  facet normal 0.99863 -0.052331 0
    outer loop
      vertex 18.9 0 4
      vertex 18.906 0.114981 0
      vertex 18.906 0.114981 4
    endloop
  endfacet
  facet normal 0.99863 -0.052331 0
    outer loop
      vertex 18.906 0.114981 0
      vertex 18.9 0 4
      vertex 18.9 0 0
    endloop
  endfacet
  facet normal 0 0 -1
    outer loop
      vertex 21.094 -0.114981 4
      vertex 21.094 0.114981 4
      vertex 21.1 0 4
    endloop
  endfacet
  facet normal 0 0 -1
    outer loop
      vertex 21.076 -0.228703 4
      vertex 21.094 0.114981 4
      vertex 21.094 -0.114981 4
    endloop
  endfacet
  facet normal 0 0 -1
    outer loop
      vertex 21.076 -0.228703 4
      vertex 21.076 0.228703 4
      vertex 21.094 0.114981 4
    endloop
  endfacet
  facet normal 0 0 -1
    outer loop
      vertex 21.0462 -0.339918 4
      vertex 21.076 0.228703 4
      vertex 21.076 -0.228703 4
    endloop
  endfacet
  facet normal 0 0 -1
    outer loop
      vertex 21.0462 -0.339918 4
      vertex 21.0462 0.339918 4
      vertex 21.076 0.228703 4
    endloop
  endfacet
  facet normal 0 0 -1
    outer loop
      vertex 21.0049 -0.44741 4
      vertex 21.0462 0.339918 4
      vertex 21.0462 -0.339918 4
    endloop
  endfacet
  facet normal 0 0 -1
    outer loop
      vertex 21.0049 -0.44741 4
      vertex 21.0049 0.44741 4
      vertex 21.0462 0.339918 4
    endloop
  endfacet
  facet normal 0 0 -1
    outer loop
      vertex 20.9526 -0.549999 4
      vertex 21.0049 0.44741 4
      vertex 21.0049 -0.44741 4
    endloop
  endfacet
  facet normal 0 0 -1
    outer loop
      vertex 20.9526 -0.549999 4
      vertex 20.9526 0.549999 4
      vertex 21.0049 0.44741 4
    endloop
  endfacet
  facet normal 0 0 -1
    outer loop
      vertex 20.8899 -0.646564 4
      vertex 20.9526 0.549999 4
      vertex 20.9526 -0.549999 4
    endloop
  endfacet
  facet normal 0 0 -1
    outer loop
      vertex 20.8899 -0.646564 4
      vertex 20.8899 0.646564 4
      vertex 20.9526 0.549999 4
    endloop
  endfacet
  facet normal 0 0 -1
    outer loop
      vertex 20.8175 -0.736043 4
      vertex 20.8899 0.646564 4
      vertex 20.8899 -0.646564 4
    endloop
  endfacet
  facet normal 0 0 -1
    outer loop
      vertex 20.8175 -0.736043 4
      vertex 20.8175 0.736043 4
      vertex 20.8899 0.646564 4
    endloop
  endfacet
  facet normal 0 0 -1
    outer loop
      vertex 20.736 -0.817459 4
      vertex 20.8175 0.736043 4
      vertex 20.8175 -0.736043 4
    endloop
  endfacet
  facet normal 0 0 -1
    outer loop
      vertex 20.736 -0.817459 4
      vertex 20.736 0.817459 4
      vertex 20.8175 0.736043 4
    endloop
  endfacet
  facet normal 0 0 -1
    outer loop
      vertex 20.6466 -0.889918 4
      vertex 20.736 0.817459 4
      vertex 20.736 -0.817459 4
    endloop
  endfacet
  facet normal 0 0 -1
    outer loop
      vertex 20.6466 -0.889918 4
      vertex 20.6466 0.889918 4
      vertex 20.736 0.817459 4
    endloop
  endfacet
  facet normal 0 0 -1
    outer loop
      vertex 20.55 -0.952627 4
      vertex 20.6466 0.889918 4
      vertex 20.6466 -0.889918 4
    endloop
  endfacet
  facet normal 0 0 -1
    outer loop
      vertex 20.55 -0.952627 4
      vertex 20.55 0.952627 4
      vertex 20.6466 0.889918 4
    endloop
  endfacet
  facet normal 0 0 -1
    outer loop
      vertex 20.4474 -1.0049 4
      vertex 20.55 0.952627 4
      vertex 20.55 -0.952627 4
    endloop
  endfacet
  facet normal 0 0 -1
    outer loop
      vertex 20.4474 -1.0049 4
      vertex 20.4474 1.0049 4
      vertex 20.55 0.952627 4
    endloop
  endfacet
  facet normal 0 0 -1
    outer loop
      vertex 20.3399 -1.04616 4
      vertex 20.4474 1.0049 4
      vertex 20.4474 -1.0049 4
    endloop
  endfacet
  facet normal 0 0 -1
    outer loop
      vertex 20.3399 -1.04616 4
      vertex 20.3399 1.04616 4
      vertex 20.4474 1.0049 4
    endloop
  endfacet
  facet normal 0 0 -1
    outer loop
      vertex 20.2287 -1.07596 4
      vertex 20.3399 1.04616 4
      vertex 20.3399 -1.04616 4
    endloop
  endfacet
  facet normal 0 0 -1
    outer loop
      vertex 20.2287 -1.07596 4
      vertex 20.2287 1.07596 4
      vertex 20.3399 1.04616 4
    endloop
  endfacet
  facet normal 0 0 -1
    outer loop
      vertex 20.115 -1.09397 4
      vertex 20.2287 1.07596 4
      vertex 20.2287 -1.07596 4
    endloop
  endfacet
  facet normal 0 0 -1
    outer loop
      vertex 20.115 -1.09397 4
      vertex 20.115 1.09397 4
      vertex 20.2287 1.07596 4
    endloop
  endfacet
  facet normal 0 0 -1
    outer loop
      vertex 20 -1.1 4
      vertex 20.115 1.09397 4
      vertex 20.115 -1.09397 4
    endloop
  endfacet
  facet normal 0 0 -1
    outer loop
      vertex 20 -1.1 4
      vertex 20 1.1 4
      vertex 20.115 1.09397 4
    endloop
  endfacet
  facet normal 0 0 -1
    outer loop
      vertex 19.885 -1.09397 4
      vertex 20 1.1 4
      vertex 20 -1.1 4
    endloop
  endfacet
  facet normal 0 0 -1
    outer loop
      vertex 19.885 -1.09397 4
      vertex 19.885 1.09397 4
      vertex 20 1.1 4
    endloop
  endfacet
  facet normal 0 0 -1
    outer loop
      vertex 19.7713 -1.07596 4
      vertex 19.885 1.09397 4
      vertex 19.885 -1.09397 4
    endloop
  endfacet
  facet normal 0 0 -1
    outer loop
      vertex 19.7713 -1.07596 4
      vertex 19.7713 1.07596 4
      vertex 19.885 1.09397 4
    endloop
  endfacet
  facet normal 0 0 -1
    outer loop
      vertex 19.6601 -1.04616 4
      vertex 19.7713 1.07596 4
      vertex 19.7713 -1.07596 4
    endloop
  endfacet
  facet normal 0 0 -1
    outer loop
      vertex 19.6601 -1.04616 4
      vertex 19.6601 1.04616 4
      vertex 19.7713 1.07596 4
    endloop
  endfacet
  facet normal 0 0 -1
    outer loop
      vertex 19.5526 -1.0049 4
      vertex 19.6601 1.04616 4
      vertex 19.6601 -1.04616 4
    endloop
  endfacet
  facet normal 0 0 -1
    outer loop
      vertex 19.5526 -1.0049 4
      vertex 19.5526 1.0049 4
      vertex 19.6601 1.04616 4
    endloop
  endfacet
  facet normal 0 0 -1
    outer loop
      vertex 19.45 -0.952627 4
      vertex 19.5526 1.0049 4
      vertex 19.5526 -1.0049 4
    endloop
  endfacet
  facet normal 0 0 -1
    outer loop
      vertex 19.45 -0.952627 4
      vertex 19.45 0.952627 4
      vertex 19.5526 1.0049 4
    endloop
  endfacet
  facet normal 0 0 -1
    outer loop
      vertex 19.3534 -0.889918 4
      vertex 19.45 0.952627 4
      vertex 19.45 -0.952627 4
    endloop
  endfacet
  facet normal 0 0 -1
    outer loop
      vertex 19.3534 -0.889918 4
      vertex 19.3534 0.889918 4
      vertex 19.45 0.952627 4
    endloop
  endfacet
  facet normal 0 0 -1
    outer loop
      vertex 19.264 -0.817459 4
      vertex 19.3534 0.889918 4
      vertex 19.3534 -0.889918 4
    endloop
  endfacet
  facet normal 0 0 -1
    outer loop
      vertex 19.264 -0.817459 4
      vertex 19.264 0.817459 4
      vertex 19.3534 0.889918 4
    endloop
  endfacet
  facet normal 0 0 -1
    outer loop
      vertex 19.1825 -0.736043 4
      vertex 19.264 0.817459 4
      vertex 19.264 -0.817459 4
    endloop
  endfacet
  facet normal 0 0 -1
    outer loop
      vertex 19.1825 -0.736043 4
      vertex 19.1825 0.736043 4
      vertex 19.264 0.817459 4
    endloop
  endfacet
  facet normal 0 0 -1
    outer loop
      vertex 19.1101 -0.646564 4
      vertex 19.1825 0.736043 4
      vertex 19.1825 -0.736043 4
    endloop
  endfacet
  facet normal 0 0 -1
    outer loop
      vertex 19.1101 -0.646564 4
      vertex 19.1101 0.646564 4
      vertex 19.1825 0.736043 4
    endloop
  endfacet
  facet normal 0 0 -1
    outer loop
      vertex 19.0474 -0.549999 4
      vertex 19.1101 0.646564 4
      vertex 19.1101 -0.646564 4
    endloop
  endfacet
  facet normal 0 0 -1
    outer loop
      vertex 19.0474 -0.549999 4
      vertex 19.0474 0.549999 4
      vertex 19.1101 0.646564 4
    endloop
  endfacet
  facet normal 0 0 -1
    outer loop
      vertex 18.9951 -0.44741 4
      vertex 19.0474 0.549999 4
      vertex 19.0474 -0.549999 4
    endloop
  endfacet
  facet normal 0 0 -1
    outer loop
      vertex 18.9951 -0.44741 4
      vertex 18.9951 0.44741 4
      vertex 19.0474 0.549999 4
    endloop
  endfacet
  facet normal 0 0 -1
    outer loop
      vertex 18.9538 -0.339918 4
      vertex 18.9951 0.44741 4
      vertex 18.9951 -0.44741 4
    endloop
  endfacet
  facet normal 0 0 -1
    outer loop
      vertex 18.9538 -0.339918 4
      vertex 18.9538 0.339918 4
      vertex 18.9951 0.44741 4
    endloop
  endfacet
  facet normal 0 0 -1
    outer loop
      vertex 18.924 -0.228703 4
      vertex 18.9538 0.339918 4
      vertex 18.9538 -0.339918 4
    endloop
  endfacet
  facet normal 0 0 -1
    outer loop
      vertex 18.924 -0.228703 4
      vertex 18.924 0.228703 4
      vertex 18.9538 0.339918 4
    endloop
  endfacet
  facet normal 0 0 -1
    outer loop
      vertex 18.906 -0.114981 4
      vertex 18.924 0.228703 4
      vertex 18.924 -0.228703 4
    endloop
  endfacet
  facet normal 0 0 -1
    outer loop
      vertex 18.906 -0.114981 4
      vertex 18.906 0.114981 4
      vertex 18.924 0.228703 4
    endloop
  endfacet
  facet normal 0 -0 -1
    outer loop
      vertex 18.906 0.114981 4
      vertex 18.906 -0.114981 4
      vertex 18.9 0 4
    endloop
  endfacet
  facet normal 0.933587 -0.35835 0
    outer loop
      vertex 18.9538 0.339918 4
      vertex 18.9951 0.44741 0
      vertex 18.9951 0.44741 4
    endloop
  endfacet
  facet normal 0.933587 -0.35835 0
    outer loop
      vertex 18.9951 0.44741 0
      vertex 18.9538 0.339918 4
      vertex 18.9538 0.339918 0
    endloop
  endfacet
  facet normal 0.965925 -0.258821 0
    outer loop
      vertex 18.924 0.228703 4
      vertex 18.9538 0.339918 0
      vertex 18.9538 0.339918 4
    endloop
  endfacet
  facet normal 0.965925 -0.258821 0
    outer loop
      vertex 18.9538 0.339918 0
      vertex 18.924 0.228703 4
      vertex 18.924 0.228703 0
    endloop
  endfacet
  facet normal 0.83867 -0.54464 0
    outer loop
      vertex 19.0474 0.549999 4
      vertex 19.1101 0.646564 0
      vertex 19.1101 0.646564 4
    endloop
  endfacet
  facet normal 0.83867 -0.54464 0
    outer loop
      vertex 19.1101 0.646564 0
      vertex 19.0474 0.549999 4
      vertex 19.0474 0.549999 0
    endloop
  endfacet
  facet normal 0.777141 -0.629326 0
    outer loop
      vertex 19.1101 0.646564 4
      vertex 19.1825 0.736043 0
      vertex 19.1825 0.736043 4
    endloop
  endfacet
  facet normal 0.777141 -0.629326 0
    outer loop
      vertex 19.1825 0.736043 0
      vertex 19.1101 0.646564 4
      vertex 19.1101 0.646564 0
    endloop
  endfacet
  facet normal 0.258817 -0.965926 0
    outer loop
      vertex 19.6601 1.04616 0
      vertex 19.7713 1.07596 4
      vertex 19.6601 1.04616 4
    endloop
  endfacet
  facet normal 0.258817 -0.965926 0
    outer loop
      vertex 19.7713 1.07596 4
      vertex 19.6601 1.04616 0
      vertex 19.7713 1.07596 0
    endloop
  endfacet
  facet normal 0.0523384 -0.998629 0
    outer loop
      vertex 19.885 1.09397 0
      vertex 20 1.1 4
      vertex 19.885 1.09397 4
    endloop
  endfacet
  facet normal 0.0523384 -0.998629 0
    outer loop
      vertex 20 1.1 4
      vertex 19.885 1.09397 0
      vertex 20 1.1 0
    endloop
  endfacet
  facet normal 0.544631 -0.838676 0
    outer loop
      vertex 19.3534 0.889918 0
      vertex 19.45 0.952627 4
      vertex 19.3534 0.889918 4
    endloop
  endfacet
  facet normal 0.544631 -0.838676 0
    outer loop
      vertex 19.45 0.952627 4
      vertex 19.3534 0.889918 0
      vertex 19.45 0.952627 0
    endloop
  endfacet
  facet normal 0.453999 -0.891002 0
    outer loop
      vertex 19.45 0.952627 0
      vertex 19.5526 1.0049 4
      vertex 19.45 0.952627 4
    endloop
  endfacet
  facet normal 0.453999 -0.891002 0
    outer loop
      vertex 19.5526 1.0049 4
      vertex 19.45 0.952627 0
      vertex 19.5526 1.0049 0
    endloop
  endfacet
  facet normal -0.99863 -0.052331 0
    outer loop
      vertex 21.1 0 0
      vertex 21.094 0.114981 4
      vertex 21.094 0.114981 0
    endloop
  endfacet
  facet normal -0.99863 -0.052331 0
    outer loop
      vertex 21.094 0.114981 4
      vertex 21.1 0 0
      vertex 21.1 0 4
    endloop
  endfacet
  facet normal -0.965925 0.258821 0
    outer loop
      vertex 21.0462 -0.339918 0
      vertex 21.076 -0.228703 4
      vertex 21.076 -0.228703 0
    endloop
  endfacet
  facet normal -0.965925 0.258821 0
    outer loop
      vertex 21.076 -0.228703 4
      vertex 21.0462 -0.339918 0
      vertex 21.0462 -0.339918 4
    endloop
  endfacet
  facet normal -0.0523393 0.998629 0
    outer loop
      vertex 20.115 -1.09397 0
      vertex 20 -1.1 4
      vertex 20.115 -1.09397 4
    endloop
  endfacet
  facet normal -0.0523393 0.998629 0
    outer loop
      vertex 20 -1.1 4
      vertex 20.115 -1.09397 0
      vertex 20 -1.1 0
    endloop
  endfacet
  facet normal -0.838677 0.544629 0
    outer loop
      vertex 20.8899 -0.646564 0
      vertex 20.9526 -0.549999 4
      vertex 20.9526 -0.549999 0
    endloop
  endfacet
  facet normal -0.838677 0.544629 0
    outer loop
      vertex 20.9526 -0.549999 4
      vertex 20.8899 -0.646564 0
      vertex 20.8899 -0.646564 4
    endloop
  endfacet
  facet normal -0.258821 0.965925 0
    outer loop
      vertex 20.3399 -1.04616 0
      vertex 20.2287 -1.07596 4
      vertex 20.3399 -1.04616 4
    endloop
  endfacet
  facet normal -0.258821 0.965925 0
    outer loop
      vertex 20.2287 -1.07596 4
      vertex 20.3399 -1.04616 0
      vertex 20.2287 -1.07596 0
    endloop
  endfacet
  facet normal -0.62933 0.777139 0
    outer loop
      vertex 20.736 -0.817459 0
      vertex 20.6466 -0.889918 4
      vertex 20.736 -0.817459 4
    endloop
  endfacet
  facet normal -0.62933 0.777139 0
    outer loop
      vertex 20.6466 -0.889918 4
      vertex 20.736 -0.817459 0
      vertex 20.6466 -0.889918 0
    endloop
  endfacet
  facet normal -0.453999 0.891002 0
    outer loop
      vertex 20.55 -0.952627 0
      vertex 20.4474 -1.0049 4
      vertex 20.55 -0.952627 4
    endloop
  endfacet
  facet normal -0.453999 0.891002 0
    outer loop
      vertex 20.4474 -1.0049 4
      vertex 20.55 -0.952627 0
      vertex 20.4474 -1.0049 0
    endloop
  endfacet
  facet normal 0.358367 0.933581 -0
    outer loop
      vertex 19.6601 -1.04616 0
      vertex 19.5526 -1.0049 4
      vertex 19.6601 -1.04616 4
    endloop
  endfacet
  facet normal 0.358367 0.933581 0
    outer loop
      vertex 19.5526 -1.0049 4
      vertex 19.6601 -1.04616 0
      vertex 19.5526 -1.0049 0
    endloop
  endfacet
  facet normal 0.544631 0.838676 -0
    outer loop
      vertex 19.45 -0.952627 0
      vertex 19.3534 -0.889918 4
      vertex 19.45 -0.952627 4
    endloop
  endfacet
  facet normal 0.544631 0.838676 0
    outer loop
      vertex 19.3534 -0.889918 4
      vertex 19.45 -0.952627 0
      vertex 19.3534 -0.889918 0
    endloop
  endfacet
  facet normal 0.965925 0.258821 0
    outer loop
      vertex 18.9538 -0.339918 4
      vertex 18.924 -0.228703 0
      vertex 18.924 -0.228703 4
    endloop
  endfacet
  facet normal 0.965925 0.258821 0
    outer loop
      vertex 18.924 -0.228703 0
      vertex 18.9538 -0.339918 4
      vertex 18.9538 -0.339918 0
    endloop
  endfacet
  facet normal 0.99863 0.052331 0
    outer loop
      vertex 18.906 -0.114981 4
      vertex 18.9 0 0
      vertex 18.9 0 4
    endloop
  endfacet
  facet normal 0.99863 0.052331 0
    outer loop
      vertex 18.9 0 0
      vertex 18.906 -0.114981 4
      vertex 18.906 -0.114981 0
    endloop
  endfacet
  facet normal 0.777141 0.629326 0
    outer loop
      vertex 19.1825 -0.736043 4
      vertex 19.1101 -0.646564 0
      vertex 19.1101 -0.646564 4
    endloop
  endfacet
  facet normal 0.777141 0.629326 0
    outer loop
      vertex 19.1101 -0.646564 0
      vertex 19.1825 -0.736043 4
      vertex 19.1825 -0.736043 0
    endloop
  endfacet
  facet normal 0.891004 0.453996 0
    outer loop
      vertex 19.0474 -0.549999 4
      vertex 18.9951 -0.44741 0
      vertex 18.9951 -0.44741 4
    endloop
  endfacet
  facet normal 0.891004 0.453996 0
    outer loop
      vertex 18.9951 -0.44741 0
      vertex 19.0474 -0.549999 4
      vertex 19.0474 -0.549999 0
    endloop
  endfacet
  facet normal -0.987689 0.156429 0
    outer loop
      vertex 21.076 -0.228703 0
      vertex 21.094 -0.114981 4
      vertex 21.094 -0.114981 0
    endloop
  endfacet
  facet normal -0.987689 0.156429 0
    outer loop
      vertex 21.094 -0.114981 4
      vertex 21.076 -0.228703 0
      vertex 21.076 -0.228703 4
    endloop
  endfacet
  facet normal -0.156429 0.987689 0
    outer loop
      vertex 20.2287 -1.07596 0
      vertex 20.115 -1.09397 4
      vertex 20.2287 -1.07596 4
    endloop
  endfacet
  facet normal -0.156429 0.987689 0
    outer loop
      vertex 20.115 -1.09397 4
      vertex 20.2287 -1.07596 0
      vertex 20.115 -1.09397 0
    endloop
  endfacet
  facet normal -0.358362 0.933583 0
    outer loop
      vertex 20.4474 -1.0049 0
      vertex 20.3399 -1.04616 4
      vertex 20.4474 -1.0049 4
    endloop
  endfacet
  facet normal -0.358362 0.933583 0
    outer loop
      vertex 20.3399 -1.04616 4
      vertex 20.4474 -1.0049 0
      vertex 20.3399 -1.04616 0
    endloop
  endfacet
  facet normal -0.707103 0.707111 0
    outer loop
      vertex 20.8175 -0.736043 0
      vertex 20.736 -0.817459 4
      vertex 20.8175 -0.736043 4
    endloop
  endfacet
  facet normal -0.707103 0.707111 0
    outer loop
      vertex 20.736 -0.817459 4
      vertex 20.8175 -0.736043 0
      vertex 20.736 -0.817459 0
    endloop
  endfacet
  facet normal -0.544631 0.838676 0
    outer loop
      vertex 20.6466 -0.889918 0
      vertex 20.55 -0.952627 4
      vertex 20.6466 -0.889918 4
    endloop
  endfacet
  facet normal -0.544631 0.838676 0
    outer loop
      vertex 20.55 -0.952627 4
      vertex 20.6466 -0.889918 0
      vertex 20.55 -0.952627 0
    endloop
  endfacet
  facet normal 0.0523384 0.998629 -0
    outer loop
      vertex 20 -1.1 0
      vertex 19.885 -1.09397 4
      vertex 20 -1.1 4
    endloop
  endfacet
  facet normal 0.0523384 0.998629 0
    outer loop
      vertex 19.885 -1.09397 4
      vertex 20 -1.1 0
      vertex 19.885 -1.09397 0
    endloop
  endfacet
  facet normal 0.258817 0.965926 -0
    outer loop
      vertex 19.7713 -1.07596 0
      vertex 19.6601 -1.04616 4
      vertex 19.7713 -1.07596 4
    endloop
  endfacet
  facet normal 0.258817 0.965926 0
    outer loop
      vertex 19.6601 -1.04616 4
      vertex 19.7713 -1.07596 0
      vertex 19.6601 -1.04616 0
    endloop
  endfacet
  facet normal 0.453999 0.891002 -0
    outer loop
      vertex 19.5526 -1.0049 0
      vertex 19.45 -0.952627 4
      vertex 19.5526 -1.0049 4
    endloop
  endfacet
  facet normal 0.453999 0.891002 0
    outer loop
      vertex 19.45 -0.952627 4
      vertex 19.5526 -1.0049 0
      vertex 19.45 -0.952627 0
    endloop
  endfacet
  facet normal 0.933587 0.35835 0
    outer loop
      vertex 18.9951 -0.44741 4
      vertex 18.9538 -0.339918 0
      vertex 18.9538 -0.339918 4
    endloop
  endfacet
  facet normal 0.933587 0.35835 0
    outer loop
      vertex 18.9538 -0.339918 0
      vertex 18.9951 -0.44741 4
      vertex 18.9951 -0.44741 0
    endloop
  endfacet
  facet normal 0.987687 0.156445 0
    outer loop
      vertex 18.924 -0.228703 4
      vertex 18.906 -0.114981 0
      vertex 18.906 -0.114981 4
    endloop
  endfacet
  facet normal 0.987687 0.156445 0
    outer loop
      vertex 18.906 -0.114981 0
      vertex 18.924 -0.228703 4
      vertex 18.924 -0.228703 0
    endloop
  endfacet
  facet normal 0.83867 0.54464 0
    outer loop
      vertex 19.1101 -0.646564 4
      vertex 19.0474 -0.549999 0
      vertex 19.0474 -0.549999 4
    endloop
  endfacet
  facet normal 0.83867 0.54464 0
    outer loop
      vertex 19.0474 -0.549999 0
      vertex 19.1101 -0.646564 4
      vertex 19.1101 -0.646564 0
    endloop
  endfacet
  facet normal 0.707111 0.707103 0
    outer loop
      vertex 19.264 -0.817459 4
      vertex 19.1825 -0.736043 0
      vertex 19.1825 -0.736043 4
    endloop
  endfacet
  facet normal 0.707111 0.707103 0
    outer loop
      vertex 19.1825 -0.736043 0
      vertex 19.264 -0.817459 4
      vertex 19.264 -0.817459 0
    endloop
  endfacet
  facet normal -0.891004 0.453996 0
    outer loop
      vertex 20.9526 -0.549999 0
      vertex 21.0049 -0.44741 4
      vertex 21.0049 -0.44741 0
    endloop
  endfacet
  facet normal -0.891004 0.453996 0
    outer loop
      vertex 21.0049 -0.44741 4
      vertex 20.9526 -0.549999 0
      vertex 20.9526 -0.549999 4
    endloop
  endfacet
  facet normal -0.258821 0.965925 0
    outer loop
      vertex -9.66008 16.2743 0
      vertex -9.7713 16.2445 4
      vertex -9.66008 16.2743 4
    endloop
  endfacet
  facet normal -0.258821 0.965925 0
    outer loop
      vertex -9.7713 16.2445 4
      vertex -9.66008 16.2743 0
      vertex -9.7713 16.2445 0
    endloop
  endfacet
  facet normal 0.838676 -0.544631 0
    outer loop
      vertex -10.9526 17.8705 4
      vertex -10.8899 17.9671 0
      vertex -10.8899 17.9671 4
    endloop
  endfacet
  facet normal 0.838676 -0.544631 0
    outer loop
      vertex -10.8899 17.9671 0
      vertex -10.9526 17.8705 4
      vertex -10.9526 17.8705 0
    endloop
  endfacet
  facet normal -0.156429 0.987689 0
    outer loop
      vertex -9.7713 16.2445 0
      vertex -9.88502 16.2265 4
      vertex -9.7713 16.2445 4
    endloop
  endfacet
  facet normal -0.156429 0.987689 0
    outer loop
      vertex -9.88502 16.2265 4
      vertex -9.7713 16.2445 0
      vertex -9.88502 16.2265 0
    endloop
  endfacet
  facet normal 0.629326 -0.777141 0
    outer loop
      vertex -10.736 18.138 0
      vertex -10.6466 18.2104 4
      vertex -10.736 18.138 4
    endloop
  endfacet
  facet normal 0.629326 -0.777141 0
    outer loop
      vertex -10.6466 18.2104 4
      vertex -10.736 18.138 0
      vertex -10.6466 18.2104 0
    endloop
  endfacet
  facet normal 0.891002 0.453999 0
    outer loop
      vertex -10.9526 16.7705 4
      vertex -11.0049 16.8731 0
      vertex -11.0049 16.8731 4
    endloop
  endfacet
  facet normal 0.891002 0.453999 0
    outer loop
      vertex -11.0049 16.8731 0
      vertex -10.9526 16.7705 4
      vertex -10.9526 16.7705 0
    endloop
  endfacet
  facet normal 0.998629 -0.0523384 0
    outer loop
      vertex -11.1 17.3205 4
      vertex -11.094 17.4355 0
      vertex -11.094 17.4355 4
    endloop
  endfacet
  facet normal 0.998629 -0.0523384 0
    outer loop
      vertex -11.094 17.4355 0
      vertex -11.1 17.3205 4
      vertex -11.1 17.3205 0
    endloop
  endfacet
  facet normal -0.358379 0.933576 0
    outer loop
      vertex -9.55259 16.3156 0
      vertex -9.66008 16.2743 4
      vertex -9.55259 16.3156 4
    endloop
  endfacet
  facet normal -0.358379 0.933576 0
    outer loop
      vertex -9.66008 16.2743 4
      vertex -9.55259 16.3156 0
      vertex -9.66008 16.2743 0
    endloop
  endfacet
  facet normal 0.156429 0.987689 -0
    outer loop
      vertex -10.115 16.2265 0
      vertex -10.2287 16.2445 4
      vertex -10.115 16.2265 4
    endloop
  endfacet
  facet normal 0.156429 0.987689 0
    outer loop
      vertex -10.2287 16.2445 4
      vertex -10.115 16.2265 0
      vertex -10.2287 16.2445 0
    endloop
  endfacet
  facet normal 0.777139 0.62933 0
    outer loop
      vertex -10.8175 16.5845 4
      vertex -10.8899 16.6739 0
      vertex -10.8899 16.6739 4
    endloop
  endfacet
  facet normal 0.777139 0.62933 0
    outer loop
      vertex -10.8899 16.6739 0
      vertex -10.8175 16.5845 4
      vertex -10.8175 16.5845 0
    endloop
  endfacet
  facet normal 0.156445 -0.987687 0
    outer loop
      vertex -10.2287 18.3965 0
      vertex -10.115 18.4145 4
      vertex -10.2287 18.3965 4
    endloop
  endfacet
  facet normal 0.156445 -0.987687 0
    outer loop
      vertex -10.115 18.4145 4
      vertex -10.2287 18.3965 0
      vertex -10.115 18.4145 0
    endloop
  endfacet
  facet normal -0.987689 0.156429 0
    outer loop
      vertex -8.92404 17.0918 0
      vertex -8.90603 17.2055 4
      vertex -8.90603 17.2055 0
    endloop
  endfacet
  facet normal -0.987689 0.156429 0
    outer loop
      vertex -8.90603 17.2055 4
      vertex -8.92404 17.0918 0
      vertex -8.92404 17.0918 4
    endloop
  endfacet
  facet normal -0.838676 0.544631 0
    outer loop
      vertex -9.11008 16.6739 0
      vertex -9.04737 16.7705 4
      vertex -9.04737 16.7705 0
    endloop
  endfacet
  facet normal -0.838676 0.544631 0
    outer loop
      vertex -9.04737 16.7705 4
      vertex -9.11008 16.6739 0
      vertex -9.11008 16.6739 4
    endloop
  endfacet
  facet normal 0.891002 -0.453999 0
    outer loop
      vertex -11.0049 17.7679 4
      vertex -10.9526 17.8705 0
      vertex -10.9526 17.8705 4
    endloop
  endfacet
  facet normal 0.891002 -0.453999 0
    outer loop
      vertex -10.9526 17.8705 0
      vertex -11.0049 17.7679 4
      vertex -11.0049 17.7679 0
    endloop
  endfacet
  facet normal 0.965926 -0.258817 0
    outer loop
      vertex -11.076 17.5492 4
      vertex -11.0462 17.6604 0
      vertex -11.0462 17.6604 4
    endloop
  endfacet
  facet normal 0.965926 -0.258817 0
    outer loop
      vertex -11.0462 17.6604 0
      vertex -11.076 17.5492 4
      vertex -11.076 17.5492 0
    endloop
  endfacet
  facet normal 0.838676 0.544631 0
    outer loop
      vertex -10.8899 16.6739 4
      vertex -10.9526 16.7705 0
      vertex -10.9526 16.7705 4
    endloop
  endfacet
  facet normal 0.838676 0.544631 0
    outer loop
      vertex -10.9526 16.7705 0
      vertex -10.8899 16.6739 4
      vertex -10.8899 16.6739 0
    endloop
  endfacet
  facet normal 0.965925 0.258821 0
    outer loop
      vertex -11.0462 16.9806 4
      vertex -11.076 17.0918 0
      vertex -11.076 17.0918 4
    endloop
  endfacet
  facet normal 0.965925 0.258821 0
    outer loop
      vertex -11.076 17.0918 0
      vertex -11.0462 16.9806 4
      vertex -11.0462 16.9806 0
    endloop
  endfacet
  facet normal 0.998629 0.0523393 0
    outer loop
      vertex -11.094 17.2055 4
      vertex -11.1 17.3205 0
      vertex -11.1 17.3205 4
    endloop
  endfacet
  facet normal 0.998629 0.0523393 0
    outer loop
      vertex -11.1 17.3205 0
      vertex -11.094 17.2055 4
      vertex -11.094 17.2055 0
    endloop
  endfacet
  facet normal 0.987689 -0.156431 0
    outer loop
      vertex -11.094 17.4355 4
      vertex -11.076 17.5492 0
      vertex -11.076 17.5492 4
    endloop
  endfacet
  facet normal 0.987689 -0.156431 0
    outer loop
      vertex -11.076 17.5492 0
      vertex -11.094 17.4355 4
      vertex -11.094 17.4355 0
    endloop
  endfacet
  facet normal -0.052331 0.99863 0
    outer loop
      vertex -9.88502 16.2265 0
      vertex -10 16.2205 4
      vertex -9.88502 16.2265 4
    endloop
  endfacet
  facet normal -0.052331 0.99863 0
    outer loop
      vertex -10 16.2205 4
      vertex -9.88502 16.2265 0
      vertex -10 16.2205 0
    endloop
  endfacet
  facet normal 0.707111 0.707103 0
    outer loop
      vertex -10.736 16.503 4
      vertex -10.8175 16.5845 0
      vertex -10.8175 16.5845 4
    endloop
  endfacet
  facet normal 0.707111 0.707103 0
    outer loop
      vertex -10.8175 16.5845 0
      vertex -10.736 16.503 4
      vertex -10.736 16.503 0
    endloop
  endfacet
  facet normal 0.358379 0.933576 -0
    outer loop
      vertex -10.3399 16.2743 0
      vertex -10.4474 16.3156 4
      vertex -10.3399 16.2743 4
    endloop
  endfacet
  facet normal 0.358379 0.933576 0
    outer loop
      vertex -10.4474 16.3156 4
      vertex -10.3399 16.2743 0
      vertex -10.4474 16.3156 0
    endloop
  endfacet
  facet normal 0.544629 0.838677 -0
    outer loop
      vertex -10.55 16.3679 0
      vertex -10.6466 16.4306 4
      vertex -10.55 16.3679 4
    endloop
  endfacet
  facet normal 0.544629 0.838677 0
    outer loop
      vertex -10.6466 16.4306 4
      vertex -10.55 16.3679 0
      vertex -10.6466 16.4306 0
    endloop
  endfacet
  facet normal 0.258821 0.965925 -0
    outer loop
      vertex -10.2287 16.2445 0
      vertex -10.3399 16.2743 4
      vertex -10.2287 16.2445 4
    endloop
  endfacet
  facet normal 0.258821 0.965925 0
    outer loop
      vertex -10.3399 16.2743 4
      vertex -10.2287 16.2445 0
      vertex -10.3399 16.2743 0
    endloop
  endfacet
  facet normal 0.54464 -0.83867 0
    outer loop
      vertex -10.6466 18.2104 0
      vertex -10.55 18.2731 4
      vertex -10.6466 18.2104 4
    endloop
  endfacet
  facet normal 0.54464 -0.83867 0
    outer loop
      vertex -10.55 18.2731 4
      vertex -10.6466 18.2104 0
      vertex -10.55 18.2731 0
    endloop
  endfacet
  facet normal 0.453996 -0.891004 0
    outer loop
      vertex -10.55 18.2731 0
      vertex -10.4474 18.3254 4
      vertex -10.55 18.2731 4
    endloop
  endfacet
  facet normal 0.453996 -0.891004 0
    outer loop
      vertex -10.4474 18.3254 4
      vertex -10.55 18.2731 0
      vertex -10.4474 18.3254 0
    endloop
  endfacet
  facet normal -0.54464 -0.83867 0
    outer loop
      vertex -9.45 18.2731 0
      vertex -9.35344 18.2104 4
      vertex -9.45 18.2731 4
    endloop
  endfacet
  facet normal -0.54464 -0.83867 -0
    outer loop
      vertex -9.35344 18.2104 4
      vertex -9.45 18.2731 0
      vertex -9.35344 18.2104 0
    endloop
  endfacet
  facet normal 0.777145 -0.629321 0
    outer loop
      vertex -10.8899 17.9671 4
      vertex -10.8175 18.0566 0
      vertex -10.8175 18.0566 4
    endloop
  endfacet
  facet normal 0.777145 -0.629321 0
    outer loop
      vertex -10.8175 18.0566 0
      vertex -10.8899 17.9671 4
      vertex -10.8899 17.9671 0
    endloop
  endfacet
  facet normal 0.707103 -0.707111 0
    outer loop
      vertex -10.8175 18.0566 0
      vertex -10.736 18.138 4
      vertex -10.8175 18.0566 4
    endloop
  endfacet
  facet normal 0.707103 -0.707111 0
    outer loop
      vertex -10.736 18.138 4
      vertex -10.8175 18.0566 0
      vertex -10.736 18.138 0
    endloop
  endfacet
  facet normal 0.933581 -0.358367 0
    outer loop
      vertex -11.0462 17.6604 4
      vertex -11.0049 17.7679 0
      vertex -11.0049 17.7679 4
    endloop
  endfacet
  facet normal 0.933581 -0.358367 0
    outer loop
      vertex -11.0049 17.7679 0
      vertex -11.0462 17.6604 4
      vertex -11.0462 17.6604 0
    endloop
  endfacet
  facet normal 0.933583 0.358362 0
    outer loop
      vertex -11.0049 16.8731 4
      vertex -11.0462 16.9806 0
      vertex -11.0462 16.9806 4
    endloop
  endfacet
  facet normal 0.933583 0.358362 0
    outer loop
      vertex -11.0462 16.9806 0
      vertex -11.0049 16.8731 4
      vertex -11.0049 16.8731 0
    endloop
  endfacet
  facet normal 0.987689 0.156429 0
    outer loop
      vertex -11.076 17.0918 4
      vertex -11.094 17.2055 0
      vertex -11.094 17.2055 4
    endloop
  endfacet
  facet normal 0.987689 0.156429 0
    outer loop
      vertex -11.094 17.2055 0
      vertex -11.076 17.0918 4
      vertex -11.076 17.0918 0
    endloop
  endfacet
  facet normal 0 0 -1
    outer loop
      vertex -8.90603 17.2055 4
      vertex -8.90603 17.4355 4
      vertex -8.9 17.3205 4
    endloop
  endfacet
  facet normal 0 0 -1
    outer loop
      vertex -8.92404 17.0918 4
      vertex -8.90603 17.4355 4
      vertex -8.90603 17.2055 4
    endloop
  endfacet
  facet normal 0 0 -1
    outer loop
      vertex -8.92404 17.0918 4
      vertex -8.92404 17.5492 4
      vertex -8.90603 17.4355 4
    endloop
  endfacet
  facet normal 0 0 -1
    outer loop
      vertex -8.95384 16.9806 4
      vertex -8.92404 17.5492 4
      vertex -8.92404 17.0918 4
    endloop
  endfacet
  facet normal 0 0 -1
    outer loop
      vertex -8.95384 16.9806 4
      vertex -8.95384 17.6604 4
      vertex -8.92404 17.5492 4
    endloop
  endfacet
  facet normal 0 0 -1
    outer loop
      vertex -8.9951 16.8731 4
      vertex -8.95384 17.6604 4
      vertex -8.95384 16.9806 4
    endloop
  endfacet
  facet normal 0 0 -1
    outer loop
      vertex -8.9951 16.8731 4
      vertex -8.9951 17.7679 4
      vertex -8.95384 17.6604 4
    endloop
  endfacet
  facet normal 0 0 -1
    outer loop
      vertex -9.04737 16.7705 4
      vertex -8.9951 17.7679 4
      vertex -8.9951 16.8731 4
    endloop
  endfacet
  facet normal 0 0 -1
    outer loop
      vertex -9.04737 16.7705 4
      vertex -9.04737 17.8705 4
      vertex -8.9951 17.7679 4
    endloop
  endfacet
  facet normal 0 0 -1
    outer loop
      vertex -9.11008 16.6739 4
      vertex -9.04737 17.8705 4
      vertex -9.04737 16.7705 4
    endloop
  endfacet
  facet normal 0 0 -1
    outer loop
      vertex -9.11008 16.6739 4
      vertex -9.11008 17.9671 4
      vertex -9.04737 17.8705 4
    endloop
  endfacet
  facet normal 0 0 -1
    outer loop
      vertex -9.18254 16.5845 4
      vertex -9.11008 17.9671 4
      vertex -9.11008 16.6739 4
    endloop
  endfacet
  facet normal 0 0 -1
    outer loop
      vertex -9.18254 16.5845 4
      vertex -9.18254 18.0566 4
      vertex -9.11008 17.9671 4
    endloop
  endfacet
  facet normal 0 0 -1
    outer loop
      vertex -9.26396 16.503 4
      vertex -9.18254 18.0566 4
      vertex -9.18254 16.5845 4
    endloop
  endfacet
  facet normal 0 0 -1
    outer loop
      vertex -9.26396 16.503 4
      vertex -9.26396 18.138 4
      vertex -9.18254 18.0566 4
    endloop
  endfacet
  facet normal 0 0 -1
    outer loop
      vertex -9.35344 16.4306 4
      vertex -9.26396 18.138 4
      vertex -9.26396 16.503 4
    endloop
  endfacet
  facet normal 0 0 -1
    outer loop
      vertex -9.35344 16.4306 4
      vertex -9.35344 18.2104 4
      vertex -9.26396 18.138 4
    endloop
  endfacet
  facet normal 0 0 -1
    outer loop
      vertex -9.45 16.3679 4
      vertex -9.35344 18.2104 4
      vertex -9.35344 16.4306 4
    endloop
  endfacet
  facet normal 0 0 -1
    outer loop
      vertex -9.45 16.3679 4
      vertex -9.45 18.2731 4
      vertex -9.35344 18.2104 4
    endloop
  endfacet
  facet normal 0 0 -1
    outer loop
      vertex -9.55259 16.3156 4
      vertex -9.45 18.2731 4
      vertex -9.45 16.3679 4
    endloop
  endfacet
  facet normal 0 0 -1
    outer loop
      vertex -9.55259 16.3156 4
      vertex -9.55259 18.3254 4
      vertex -9.45 18.2731 4
    endloop
  endfacet
  facet normal 0 0 -1
    outer loop
      vertex -9.66008 16.2743 4
      vertex -9.55259 18.3254 4
      vertex -9.55259 16.3156 4
    endloop
  endfacet
  facet normal 0 0 -1
    outer loop
      vertex -9.66008 16.2743 4
      vertex -9.66008 18.3667 4
      vertex -9.55259 18.3254 4
    endloop
  endfacet
  facet normal 0 0 -1
    outer loop
      vertex -9.7713 16.2445 4
      vertex -9.66008 18.3667 4
      vertex -9.66008 16.2743 4
    endloop
  endfacet
  facet normal 0 0 -1
    outer loop
      vertex -9.7713 16.2445 4
      vertex -9.7713 18.3965 4
      vertex -9.66008 18.3667 4
    endloop
  endfacet
  facet normal 0 0 -1
    outer loop
      vertex -9.88502 16.2265 4
      vertex -9.7713 18.3965 4
      vertex -9.7713 16.2445 4
    endloop
  endfacet
  facet normal 0 0 -1
    outer loop
      vertex -9.88502 16.2265 4
      vertex -9.88502 18.4145 4
      vertex -9.7713 18.3965 4
    endloop
  endfacet
  facet normal 0 0 -1
    outer loop
      vertex -10 16.2205 4
      vertex -9.88502 18.4145 4
      vertex -9.88502 16.2265 4
    endloop
  endfacet
  facet normal 0 0 -1
    outer loop
      vertex -10 16.2205 4
      vertex -10 18.4205 4
      vertex -9.88502 18.4145 4
    endloop
  endfacet
  facet normal 0 0 -1
    outer loop
      vertex -10.115 16.2265 4
      vertex -10 18.4205 4
      vertex -10 16.2205 4
    endloop
  endfacet
  facet normal 0 0 -1
    outer loop
      vertex -10.115 16.2265 4
      vertex -10.115 18.4145 4
      vertex -10 18.4205 4
    endloop
  endfacet
  facet normal 0 0 -1
    outer loop
      vertex -10.2287 16.2445 4
      vertex -10.115 18.4145 4
      vertex -10.115 16.2265 4
    endloop
  endfacet
  facet normal 0 0 -1
    outer loop
      vertex -10.2287 16.2445 4
      vertex -10.2287 18.3965 4
      vertex -10.115 18.4145 4
    endloop
  endfacet
  facet normal 0 0 -1
    outer loop
      vertex -10.3399 16.2743 4
      vertex -10.2287 18.3965 4
      vertex -10.2287 16.2445 4
    endloop
  endfacet
  facet normal 0 0 -1
    outer loop
      vertex -10.3399 16.2743 4
      vertex -10.3399 18.3667 4
      vertex -10.2287 18.3965 4
    endloop
  endfacet
  facet normal 0 0 -1
    outer loop
      vertex -10.4474 16.3156 4
      vertex -10.3399 18.3667 4
      vertex -10.3399 16.2743 4
    endloop
  endfacet
  facet normal 0 0 -1
    outer loop
      vertex -10.4474 16.3156 4
      vertex -10.4474 18.3254 4
      vertex -10.3399 18.3667 4
    endloop
  endfacet
  facet normal 0 0 -1
    outer loop
      vertex -10.55 16.3679 4
      vertex -10.4474 18.3254 4
      vertex -10.4474 16.3156 4
    endloop
  endfacet
  facet normal 0 0 -1
    outer loop
      vertex -10.55 16.3679 4
      vertex -10.55 18.2731 4
      vertex -10.4474 18.3254 4
    endloop
  endfacet
  facet normal 0 0 -1
    outer loop
      vertex -10.6466 16.4306 4
      vertex -10.55 18.2731 4
      vertex -10.55 16.3679 4
    endloop
  endfacet
  facet normal 0 0 -1
    outer loop
      vertex -10.6466 16.4306 4
      vertex -10.6466 18.2104 4
      vertex -10.55 18.2731 4
    endloop
  endfacet
  facet normal 0 0 -1
    outer loop
      vertex -10.736 16.503 4
      vertex -10.6466 18.2104 4
      vertex -10.6466 16.4306 4
    endloop
  endfacet
  facet normal 0 0 -1
    outer loop
      vertex -10.736 16.503 4
      vertex -10.736 18.138 4
      vertex -10.6466 18.2104 4
    endloop
  endfacet
  facet normal 0 0 -1
    outer loop
      vertex -10.8175 16.5845 4
      vertex -10.736 18.138 4
      vertex -10.736 16.503 4
    endloop
  endfacet
  facet normal 0 0 -1
    outer loop
      vertex -10.8175 16.5845 4
      vertex -10.8175 18.0566 4
      vertex -10.736 18.138 4
    endloop
  endfacet
  facet normal 0 0 -1
    outer loop
      vertex -10.8899 16.6739 4
      vertex -10.8175 18.0566 4
      vertex -10.8175 16.5845 4
    endloop
  endfacet
  facet normal 0 0 -1
    outer loop
      vertex -10.8899 16.6739 4
      vertex -10.8899 17.9671 4
      vertex -10.8175 18.0566 4
    endloop
  endfacet
  facet normal 0 0 -1
    outer loop
      vertex -10.9526 16.7705 4
      vertex -10.8899 17.9671 4
      vertex -10.8899 16.6739 4
    endloop
  endfacet
  facet normal 0 0 -1
    outer loop
      vertex -10.9526 16.7705 4
      vertex -10.9526 17.8705 4
      vertex -10.8899 17.9671 4
    endloop
  endfacet
  facet normal 0 0 -1
    outer loop
      vertex -11.0049 16.8731 4
      vertex -10.9526 17.8705 4
      vertex -10.9526 16.7705 4
    endloop
  endfacet
  facet normal 0 0 -1
    outer loop
      vertex -11.0049 16.8731 4
      vertex -11.0049 17.7679 4
      vertex -10.9526 17.8705 4
    endloop
  endfacet
  facet normal 0 0 -1
    outer loop
      vertex -11.0462 16.9806 4
      vertex -11.0049 17.7679 4
      vertex -11.0049 16.8731 4
    endloop
  endfacet
  facet normal 0 0 -1
    outer loop
      vertex -11.0462 16.9806 4
      vertex -11.0462 17.6604 4
      vertex -11.0049 17.7679 4
    endloop
  endfacet
  facet normal 0 0 -1
    outer loop
      vertex -11.076 17.0918 4
      vertex -11.0462 17.6604 4
      vertex -11.0462 16.9806 4
    endloop
  endfacet
  facet normal 0 0 -1
    outer loop
      vertex -11.076 17.0918 4
      vertex -11.076 17.5492 4
      vertex -11.0462 17.6604 4
    endloop
  endfacet
  facet normal 0 0 -1
    outer loop
      vertex -11.094 17.2055 4
      vertex -11.076 17.5492 4
      vertex -11.076 17.0918 4
    endloop
  endfacet
  facet normal 0 0 -1
    outer loop
      vertex -11.094 17.2055 4
      vertex -11.094 17.4355 4
      vertex -11.076 17.5492 4
    endloop
  endfacet
  facet normal 0 -0 -1
    outer loop
      vertex -11.094 17.4355 4
      vertex -11.094 17.2055 4
      vertex -11.1 17.3205 4
    endloop
  endfacet
  facet normal -0.453983 0.89101 0
    outer loop
      vertex -9.45 16.3679 0
      vertex -9.55259 16.3156 4
      vertex -9.45 16.3679 4
    endloop
  endfacet
  facet normal -0.453983 0.89101 0
    outer loop
      vertex -9.55259 16.3156 4
      vertex -9.45 16.3679 0
      vertex -9.55259 16.3156 0
    endloop
  endfacet
  facet normal 0.0523306 0.99863 -0
    outer loop
      vertex -10 16.2205 0
      vertex -10.115 16.2265 4
      vertex -10 16.2205 4
    endloop
  endfacet
  facet normal 0.0523306 0.99863 0
    outer loop
      vertex -10.115 16.2265 4
      vertex -10 16.2205 0
      vertex -10.115 16.2265 0
    endloop
  endfacet
  facet normal 0.629326 0.777141 -0
    outer loop
      vertex -10.6466 16.4306 0
      vertex -10.736 16.503 4
      vertex -10.6466 16.4306 4
    endloop
  endfacet
  facet normal 0.629326 0.777141 0
    outer loop
      vertex -10.736 16.503 4
      vertex -10.6466 16.4306 0
      vertex -10.736 16.503 0
    endloop
  endfacet
  facet normal 0.453983 0.89101 -0
    outer loop
      vertex -10.4474 16.3156 0
      vertex -10.55 16.3679 4
      vertex -10.4474 16.3156 4
    endloop
  endfacet
  facet normal 0.453983 0.89101 0
    outer loop
      vertex -10.55 16.3679 4
      vertex -10.4474 16.3156 0
      vertex -10.55 16.3679 0
    endloop
  endfacet
  facet normal 0.258821 -0.965925 0
    outer loop
      vertex -10.3399 18.3667 0
      vertex -10.2287 18.3965 4
      vertex -10.3399 18.3667 4
    endloop
  endfacet
  facet normal 0.258821 -0.965925 0
    outer loop
      vertex -10.2287 18.3965 4
      vertex -10.3399 18.3667 0
      vertex -10.2287 18.3965 0
    endloop
  endfacet
  facet normal 0.35835 -0.933587 0
    outer loop
      vertex -10.4474 18.3254 0
      vertex -10.3399 18.3667 4
      vertex -10.4474 18.3254 4
    endloop
  endfacet
  facet normal 0.35835 -0.933587 0
    outer loop
      vertex -10.3399 18.3667 4
      vertex -10.4474 18.3254 0
      vertex -10.3399 18.3667 0
    endloop
  endfacet
  facet normal -0.052331 -0.99863 0
    outer loop
      vertex -10 18.4205 0
      vertex -9.88502 18.4145 4
      vertex -10 18.4205 4
    endloop
  endfacet
  facet normal -0.052331 -0.99863 -0
    outer loop
      vertex -9.88502 18.4145 4
      vertex -10 18.4205 0
      vertex -9.88502 18.4145 0
    endloop
  endfacet
  facet normal 0.0523306 -0.99863 0
    outer loop
      vertex -10.115 18.4145 0
      vertex -10 18.4205 4
      vertex -10.115 18.4145 4
    endloop
  endfacet
  facet normal 0.0523306 -0.99863 0
    outer loop
      vertex -10 18.4205 4
      vertex -10.115 18.4145 0
      vertex -10 18.4205 0
    endloop
  endfacet
  facet normal -0.933581 -0.358367 0
    outer loop
      vertex -8.95384 17.6604 0
      vertex -8.9951 17.7679 4
      vertex -8.9951 17.7679 0
    endloop
  endfacet
  facet normal -0.933581 -0.358367 0
    outer loop
      vertex -8.9951 17.7679 4
      vertex -8.95384 17.6604 0
      vertex -8.95384 17.6604 4
    endloop
  endfacet
  facet normal -0.544629 0.838677 0
    outer loop
      vertex -9.35344 16.4306 0
      vertex -9.45 16.3679 4
      vertex -9.35344 16.4306 4
    endloop
  endfacet
  facet normal -0.544629 0.838677 0
    outer loop
      vertex -9.45 16.3679 4
      vertex -9.35344 16.4306 0
      vertex -9.45 16.3679 0
    endloop
  endfacet
  facet normal -0.707111 0.707103 0
    outer loop
      vertex -9.26396 16.503 0
      vertex -9.18254 16.5845 4
      vertex -9.18254 16.5845 0
    endloop
  endfacet
  facet normal -0.707111 0.707103 0
    outer loop
      vertex -9.18254 16.5845 4
      vertex -9.26396 16.503 0
      vertex -9.26396 16.503 4
    endloop
  endfacet
  facet normal -0.933583 0.358362 0
    outer loop
      vertex -8.9951 16.8731 0
      vertex -8.95384 16.9806 4
      vertex -8.95384 16.9806 0
    endloop
  endfacet
  facet normal -0.933583 0.358362 0
    outer loop
      vertex -8.95384 16.9806 4
      vertex -8.9951 16.8731 0
      vertex -8.9951 16.8731 4
    endloop
  endfacet
  facet normal -0.707103 -0.707111 0
    outer loop
      vertex -9.26396 18.138 0
      vertex -9.18254 18.0566 4
      vertex -9.26396 18.138 4
    endloop
  endfacet
  facet normal -0.707103 -0.707111 -0
    outer loop
      vertex -9.18254 18.0566 4
      vertex -9.26396 18.138 0
      vertex -9.18254 18.0566 0
    endloop
  endfacet
  facet normal -0.629326 -0.777141 0
    outer loop
      vertex -9.35344 18.2104 0
      vertex -9.26396 18.138 4
      vertex -9.35344 18.2104 4
    endloop
  endfacet
  facet normal -0.629326 -0.777141 -0
    outer loop
      vertex -9.26396 18.138 4
      vertex -9.35344 18.2104 0
      vertex -9.26396 18.138 0
    endloop
  endfacet
  facet normal -0.35835 -0.933587 0
    outer loop
      vertex -9.66008 18.3667 0
      vertex -9.55259 18.3254 4
      vertex -9.66008 18.3667 4
    endloop
  endfacet
  facet normal -0.35835 -0.933587 -0
    outer loop
      vertex -9.55259 18.3254 4
      vertex -9.66008 18.3667 0
      vertex -9.55259 18.3254 0
    endloop
  endfacet
  facet normal -0.998629 0.0523393 0
    outer loop
      vertex -8.90603 17.2055 0
      vertex -8.9 17.3205 4
      vertex -8.9 17.3205 0
    endloop
  endfacet
  facet normal -0.998629 0.0523393 0
    outer loop
      vertex -8.9 17.3205 4
      vertex -8.90603 17.2055 0
      vertex -8.90603 17.2055 4
    endloop
  endfacet
  facet normal -0.838676 -0.544631 0
    outer loop
      vertex -9.04737 17.8705 0
      vertex -9.11008 17.9671 4
      vertex -9.11008 17.9671 0
    endloop
  endfacet
  facet normal -0.838676 -0.544631 0
    outer loop
      vertex -9.11008 17.9671 4
      vertex -9.04737 17.8705 0
      vertex -9.04737 17.8705 4
    endloop
  endfacet
  facet normal -0.891002 -0.453999 0
    outer loop
      vertex -8.9951 17.7679 0
      vertex -9.04737 17.8705 4
      vertex -9.04737 17.8705 0
    endloop
  endfacet
  facet normal -0.891002 -0.453999 0
    outer loop
      vertex -9.04737 17.8705 4
      vertex -8.9951 17.7679 0
      vertex -8.9951 17.7679 4
    endloop
  endfacet
  facet normal -0.998629 -0.0523384 0
    outer loop
      vertex -8.9 17.3205 0
      vertex -8.90603 17.4355 4
      vertex -8.90603 17.4355 0
    endloop
  endfacet
  facet normal -0.998629 -0.0523384 0
    outer loop
      vertex -8.90603 17.4355 4
      vertex -8.9 17.3205 0
      vertex -8.9 17.3205 4
    endloop
  endfacet
  facet normal -0.987689 -0.156431 0
    outer loop
      vertex -8.90603 17.4355 0
      vertex -8.92404 17.5492 4
      vertex -8.92404 17.5492 0
    endloop
  endfacet
  facet normal -0.987689 -0.156431 0
    outer loop
      vertex -8.92404 17.5492 4
      vertex -8.90603 17.4355 0
      vertex -8.90603 17.4355 4
    endloop
  endfacet
  facet normal -0.965926 -0.258817 0
    outer loop
      vertex -8.92404 17.5492 0
      vertex -8.95384 17.6604 4
      vertex -8.95384 17.6604 0
    endloop
  endfacet
  facet normal -0.965926 -0.258817 0
    outer loop
      vertex -8.95384 17.6604 4
      vertex -8.92404 17.5492 0
      vertex -8.92404 17.5492 4
    endloop
  endfacet
  facet normal -0.629326 0.777141 0
    outer loop
      vertex -9.26396 16.503 0
      vertex -9.35344 16.4306 4
      vertex -9.26396 16.503 4
    endloop
  endfacet
  facet normal -0.629326 0.777141 0
    outer loop
      vertex -9.35344 16.4306 4
      vertex -9.26396 16.503 0
      vertex -9.35344 16.4306 0
    endloop
  endfacet
  facet normal -0.777139 0.62933 0
    outer loop
      vertex -9.18254 16.5845 0
      vertex -9.11008 16.6739 4
      vertex -9.11008 16.6739 0
    endloop
  endfacet
  facet normal -0.777139 0.62933 0
    outer loop
      vertex -9.11008 16.6739 4
      vertex -9.18254 16.5845 0
      vertex -9.18254 16.5845 4
    endloop
  endfacet
  facet normal -0.891002 0.453999 0
    outer loop
      vertex -9.04737 16.7705 0
      vertex -8.9951 16.8731 4
      vertex -8.9951 16.8731 0
    endloop
  endfacet
  facet normal -0.891002 0.453999 0
    outer loop
      vertex -8.9951 16.8731 4
      vertex -9.04737 16.7705 0
      vertex -9.04737 16.7705 4
    endloop
  endfacet
  facet normal -0.965925 0.258821 0
    outer loop
      vertex -8.95384 16.9806 0
      vertex -8.92404 17.0918 4
      vertex -8.92404 17.0918 0
    endloop
  endfacet
  facet normal -0.965925 0.258821 0
    outer loop
      vertex -8.92404 17.0918 4
      vertex -8.95384 16.9806 0
      vertex -8.95384 16.9806 4
    endloop
  endfacet
  facet normal -0.777145 -0.629321 0
    outer loop
      vertex -9.11008 17.9671 0
      vertex -9.18254 18.0566 4
      vertex -9.18254 18.0566 0
    endloop
  endfacet
  facet normal -0.777145 -0.629321 0
    outer loop
      vertex -9.18254 18.0566 4
      vertex -9.11008 17.9671 0
      vertex -9.11008 17.9671 4
    endloop
  endfacet
  facet normal -0.156445 -0.987687 0
    outer loop
      vertex -9.88502 18.4145 0
      vertex -9.7713 18.3965 4
      vertex -9.88502 18.4145 4
    endloop
  endfacet
  facet normal -0.156445 -0.987687 -0
    outer loop
      vertex -9.7713 18.3965 4
      vertex -9.88502 18.4145 0
      vertex -9.7713 18.3965 0
    endloop
  endfacet
  facet normal -0.258821 -0.965925 0
    outer loop
      vertex -9.7713 18.3965 0
      vertex -9.66008 18.3667 4
      vertex -9.7713 18.3965 4
    endloop
  endfacet
  facet normal -0.258821 -0.965925 -0
    outer loop
      vertex -9.66008 18.3667 4
      vertex -9.7713 18.3965 0
      vertex -9.66008 18.3667 0
    endloop
  endfacet
  facet normal -0.453996 -0.891004 0
    outer loop
      vertex -9.55259 18.3254 0
      vertex -9.45 18.2731 4
      vertex -9.55259 18.3254 4
    endloop
  endfacet
  facet normal -0.453996 -0.891004 -0
    outer loop
      vertex -9.45 18.2731 4
      vertex -9.55259 18.3254 0
      vertex -9.45 18.2731 0
    endloop
  endfacet
  facet normal -0.0523306 0.99863 0
    outer loop
      vertex -9.88502 -18.4145 0
      vertex -10 -18.4205 4
      vertex -9.88502 -18.4145 4
    endloop
  endfacet
  facet normal -0.0523306 0.99863 0
    outer loop
      vertex -10 -18.4205 4
      vertex -9.88502 -18.4145 0
      vertex -10 -18.4205 0
    endloop
  endfacet
  facet normal -0.838676 -0.544631 0
    outer loop
      vertex -9.04737 -16.7705 0
      vertex -9.11008 -16.6739 4
      vertex -9.11008 -16.6739 0
    endloop
  endfacet
  facet normal -0.838676 -0.544631 0
    outer loop
      vertex -9.11008 -16.6739 4
      vertex -9.04737 -16.7705 0
      vertex -9.04737 -16.7705 4
    endloop
  endfacet
  facet normal 0 0 -1
    outer loop
      vertex -8.90603 -17.4355 4
      vertex -8.90603 -17.2055 4
      vertex -8.9 -17.3205 4
    endloop
  endfacet
  facet normal 0 0 -1
    outer loop
      vertex -8.92404 -17.5492 4
      vertex -8.90603 -17.2055 4
      vertex -8.90603 -17.4355 4
    endloop
  endfacet
  facet normal 0 0 -1
    outer loop
      vertex -8.92404 -17.5492 4
      vertex -8.92404 -17.0918 4
      vertex -8.90603 -17.2055 4
    endloop
  endfacet
  facet normal 0 0 -1
    outer loop
      vertex -8.95384 -17.6604 4
      vertex -8.92404 -17.0918 4
      vertex -8.92404 -17.5492 4
    endloop
  endfacet
  facet normal 0 0 -1
    outer loop
      vertex -8.95384 -17.6604 4
      vertex -8.95384 -16.9806 4
      vertex -8.92404 -17.0918 4
    endloop
  endfacet
  facet normal 0 0 -1
    outer loop
      vertex -8.9951 -17.7679 4
      vertex -8.95384 -16.9806 4
      vertex -8.95384 -17.6604 4
    endloop
  endfacet
  facet normal 0 0 -1
    outer loop
      vertex -8.9951 -17.7679 4
      vertex -8.9951 -16.8731 4
      vertex -8.95384 -16.9806 4
    endloop
  endfacet
  facet normal 0 0 -1
    outer loop
      vertex -9.04737 -17.8705 4
      vertex -8.9951 -16.8731 4
      vertex -8.9951 -17.7679 4
    endloop
  endfacet
  facet normal 0 0 -1
    outer loop
      vertex -9.04737 -17.8705 4
      vertex -9.04737 -16.7705 4
      vertex -8.9951 -16.8731 4
    endloop
  endfacet
  facet normal 0 0 -1
    outer loop
      vertex -9.11008 -17.9671 4
      vertex -9.04737 -16.7705 4
      vertex -9.04737 -17.8705 4
    endloop
  endfacet
  facet normal 0 0 -1
    outer loop
      vertex -9.11008 -17.9671 4
      vertex -9.11008 -16.6739 4
      vertex -9.04737 -16.7705 4
    endloop
  endfacet
  facet normal 0 0 -1
    outer loop
      vertex -9.18254 -18.0566 4
      vertex -9.11008 -16.6739 4
      vertex -9.11008 -17.9671 4
    endloop
  endfacet
  facet normal 0 0 -1
    outer loop
      vertex -9.18254 -18.0566 4
      vertex -9.18254 -16.5845 4
      vertex -9.11008 -16.6739 4
    endloop
  endfacet
  facet normal 0 0 -1
    outer loop
      vertex -9.26396 -18.138 4
      vertex -9.18254 -16.5845 4
      vertex -9.18254 -18.0566 4
    endloop
  endfacet
  facet normal 0 0 -1
    outer loop
      vertex -9.26396 -18.138 4
      vertex -9.26396 -16.503 4
      vertex -9.18254 -16.5845 4
    endloop
  endfacet
  facet normal 0 0 -1
    outer loop
      vertex -9.35344 -18.2104 4
      vertex -9.26396 -16.503 4
      vertex -9.26396 -18.138 4
    endloop
  endfacet
  facet normal 0 0 -1
    outer loop
      vertex -9.35344 -18.2104 4
      vertex -9.35344 -16.4306 4
      vertex -9.26396 -16.503 4
    endloop
  endfacet
  facet normal 0 0 -1
    outer loop
      vertex -9.45 -18.2731 4
      vertex -9.35344 -16.4306 4
      vertex -9.35344 -18.2104 4
    endloop
  endfacet
  facet normal 0 0 -1
    outer loop
      vertex -9.45 -18.2731 4
      vertex -9.45 -16.3679 4
      vertex -9.35344 -16.4306 4
    endloop
  endfacet
  facet normal 0 0 -1
    outer loop
      vertex -9.55259 -18.3254 4
      vertex -9.45 -16.3679 4
      vertex -9.45 -18.2731 4
    endloop
  endfacet
  facet normal 0 0 -1
    outer loop
      vertex -9.55259 -18.3254 4
      vertex -9.55259 -16.3156 4
      vertex -9.45 -16.3679 4
    endloop
  endfacet
  facet normal 0 0 -1
    outer loop
      vertex -9.66008 -18.3667 4
      vertex -9.55259 -16.3156 4
      vertex -9.55259 -18.3254 4
    endloop
  endfacet
  facet normal 0 0 -1
    outer loop
      vertex -9.66008 -18.3667 4
      vertex -9.66008 -16.2743 4
      vertex -9.55259 -16.3156 4
    endloop
  endfacet
  facet normal 0 0 -1
    outer loop
      vertex -9.7713 -18.3965 4
      vertex -9.66008 -16.2743 4
      vertex -9.66008 -18.3667 4
    endloop
  endfacet
  facet normal 0 0 -1
    outer loop
      vertex -9.7713 -18.3965 4
      vertex -9.7713 -16.2445 4
      vertex -9.66008 -16.2743 4
    endloop
  endfacet
  facet normal 0 0 -1
    outer loop
      vertex -9.88502 -18.4145 4
      vertex -9.7713 -16.2445 4
      vertex -9.7713 -18.3965 4
    endloop
  endfacet
  facet normal 0 0 -1
    outer loop
      vertex -9.88502 -18.4145 4
      vertex -9.88502 -16.2265 4
      vertex -9.7713 -16.2445 4
    endloop
  endfacet
  facet normal 0 0 -1
    outer loop
      vertex -10 -18.4205 4
      vertex -9.88502 -16.2265 4
      vertex -9.88502 -18.4145 4
    endloop
  endfacet
  facet normal 0 0 -1
    outer loop
      vertex -10 -18.4205 4
      vertex -10 -16.2205 4
      vertex -9.88502 -16.2265 4
    endloop
  endfacet
  facet normal 0 0 -1
    outer loop
      vertex -10.115 -18.4145 4
      vertex -10 -16.2205 4
      vertex -10 -18.4205 4
    endloop
  endfacet
  facet normal 0 0 -1
    outer loop
      vertex -10.115 -18.4145 4
      vertex -10.115 -16.2265 4
      vertex -10 -16.2205 4
    endloop
  endfacet
  facet normal 0 0 -1
    outer loop
      vertex -10.2287 -18.3965 4
      vertex -10.115 -16.2265 4
      vertex -10.115 -18.4145 4
    endloop
  endfacet
  facet normal 0 0 -1
    outer loop
      vertex -10.2287 -18.3965 4
      vertex -10.2287 -16.2445 4
      vertex -10.115 -16.2265 4
    endloop
  endfacet
  facet normal 0 0 -1
    outer loop
      vertex -10.3399 -18.3667 4
      vertex -10.2287 -16.2445 4
      vertex -10.2287 -18.3965 4
    endloop
  endfacet
  facet normal 0 0 -1
    outer loop
      vertex -10.3399 -18.3667 4
      vertex -10.3399 -16.2743 4
      vertex -10.2287 -16.2445 4
    endloop
  endfacet
  facet normal 0 0 -1
    outer loop
      vertex -10.4474 -18.3254 4
      vertex -10.3399 -16.2743 4
      vertex -10.3399 -18.3667 4
    endloop
  endfacet
  facet normal 0 0 -1
    outer loop
      vertex -10.4474 -18.3254 4
      vertex -10.4474 -16.3156 4
      vertex -10.3399 -16.2743 4
    endloop
  endfacet
  facet normal 0 0 -1
    outer loop
      vertex -10.55 -18.2731 4
      vertex -10.4474 -16.3156 4
      vertex -10.4474 -18.3254 4
    endloop
  endfacet
  facet normal 0 0 -1
    outer loop
      vertex -10.55 -18.2731 4
      vertex -10.55 -16.3679 4
      vertex -10.4474 -16.3156 4
    endloop
  endfacet
  facet normal 0 0 -1
    outer loop
      vertex -10.6466 -18.2104 4
      vertex -10.55 -16.3679 4
      vertex -10.55 -18.2731 4
    endloop
  endfacet
  facet normal 0 0 -1
    outer loop
      vertex -10.6466 -18.2104 4
      vertex -10.6466 -16.4306 4
      vertex -10.55 -16.3679 4
    endloop
  endfacet
  facet normal 0 0 -1
    outer loop
      vertex -10.736 -18.138 4
      vertex -10.6466 -16.4306 4
      vertex -10.6466 -18.2104 4
    endloop
  endfacet
  facet normal 0 0 -1
    outer loop
      vertex -10.736 -18.138 4
      vertex -10.736 -16.503 4
      vertex -10.6466 -16.4306 4
    endloop
  endfacet
  facet normal 0 0 -1
    outer loop
      vertex -10.8175 -18.0566 4
      vertex -10.736 -16.503 4
      vertex -10.736 -18.138 4
    endloop
  endfacet
  facet normal 0 0 -1
    outer loop
      vertex -10.8175 -18.0566 4
      vertex -10.8175 -16.5845 4
      vertex -10.736 -16.503 4
    endloop
  endfacet
  facet normal 0 0 -1
    outer loop
      vertex -10.8899 -17.9671 4
      vertex -10.8175 -16.5845 4
      vertex -10.8175 -18.0566 4
    endloop
  endfacet
  facet normal 0 0 -1
    outer loop
      vertex -10.8899 -17.9671 4
      vertex -10.8899 -16.6739 4
      vertex -10.8175 -16.5845 4
    endloop
  endfacet
  facet normal 0 0 -1
    outer loop
      vertex -10.9526 -17.8705 4
      vertex -10.8899 -16.6739 4
      vertex -10.8899 -17.9671 4
    endloop
  endfacet
  facet normal 0 0 -1
    outer loop
      vertex -10.9526 -17.8705 4
      vertex -10.9526 -16.7705 4
      vertex -10.8899 -16.6739 4
    endloop
  endfacet
  facet normal 0 0 -1
    outer loop
      vertex -11.0049 -17.7679 4
      vertex -10.9526 -16.7705 4
      vertex -10.9526 -17.8705 4
    endloop
  endfacet
  facet normal 0 0 -1
    outer loop
      vertex -11.0049 -17.7679 4
      vertex -11.0049 -16.8731 4
      vertex -10.9526 -16.7705 4
    endloop
  endfacet
  facet normal 0 0 -1
    outer loop
      vertex -11.0462 -17.6604 4
      vertex -11.0049 -16.8731 4
      vertex -11.0049 -17.7679 4
    endloop
  endfacet
  facet normal 0 0 -1
    outer loop
      vertex -11.0462 -17.6604 4
      vertex -11.0462 -16.9806 4
      vertex -11.0049 -16.8731 4
    endloop
  endfacet
  facet normal 0 0 -1
    outer loop
      vertex -11.076 -17.5492 4
      vertex -11.0462 -16.9806 4
      vertex -11.0462 -17.6604 4
    endloop
  endfacet
  facet normal 0 0 -1
    outer loop
      vertex -11.076 -17.5492 4
      vertex -11.076 -17.0918 4
      vertex -11.0462 -16.9806 4
    endloop
  endfacet
  facet normal 0 0 -1
    outer loop
      vertex -11.094 -17.4355 4
      vertex -11.076 -17.0918 4
      vertex -11.076 -17.5492 4
    endloop
  endfacet
  facet normal 0 0 -1
    outer loop
      vertex -11.094 -17.4355 4
      vertex -11.094 -17.2055 4
      vertex -11.076 -17.0918 4
    endloop
  endfacet
  facet normal 0 -0 -1
    outer loop
      vertex -11.094 -17.2055 4
      vertex -11.094 -17.4355 4
      vertex -11.1 -17.3205 4
    endloop
  endfacet
  facet normal -0.838676 0.544631 0
    outer loop
      vertex -9.11008 -17.9671 0
      vertex -9.04737 -17.8705 4
      vertex -9.04737 -17.8705 0
    endloop
  endfacet
  facet normal -0.838676 0.544631 0
    outer loop
      vertex -9.04737 -17.8705 4
      vertex -9.11008 -17.9671 0
      vertex -9.11008 -17.9671 4
    endloop
  endfacet
  facet normal -0.629326 -0.777141 0
    outer loop
      vertex -9.35344 -16.4306 0
      vertex -9.26396 -16.503 4
      vertex -9.35344 -16.4306 4
    endloop
  endfacet
  facet normal -0.629326 -0.777141 -0
    outer loop
      vertex -9.26396 -16.503 4
      vertex -9.35344 -16.4306 0
      vertex -9.26396 -16.503 0
    endloop
  endfacet
  facet normal -0.933583 -0.358362 0
    outer loop
      vertex -8.95384 -16.9806 0
      vertex -8.9951 -16.8731 4
      vertex -8.9951 -16.8731 0
    endloop
  endfacet
  facet normal -0.933583 -0.358362 0
    outer loop
      vertex -8.9951 -16.8731 4
      vertex -8.95384 -16.9806 0
      vertex -8.95384 -16.9806 4
    endloop
  endfacet
  facet normal -0.965925 -0.258821 0
    outer loop
      vertex -8.92404 -17.0918 0
      vertex -8.95384 -16.9806 4
      vertex -8.95384 -16.9806 0
    endloop
  endfacet
  facet normal -0.965925 -0.258821 0
    outer loop
      vertex -8.95384 -16.9806 4
      vertex -8.92404 -17.0918 0
      vertex -8.92404 -17.0918 4
    endloop
  endfacet
  facet normal 0.54464 0.83867 -0
    outer loop
      vertex -10.55 -18.2731 0
      vertex -10.6466 -18.2104 4
      vertex -10.55 -18.2731 4
    endloop
  endfacet
  facet normal 0.54464 0.83867 0
    outer loop
      vertex -10.6466 -18.2104 4
      vertex -10.55 -18.2731 0
      vertex -10.6466 -18.2104 0
    endloop
  endfacet
  facet normal 0.998629 0.0523384 0
    outer loop
      vertex -11.094 -17.4355 4
      vertex -11.1 -17.3205 0
      vertex -11.1 -17.3205 4
    endloop
  endfacet
  facet normal 0.998629 0.0523384 0
    outer loop
      vertex -11.1 -17.3205 0
      vertex -11.094 -17.4355 4
      vertex -11.094 -17.4355 0
    endloop
  endfacet
  facet normal 0.777145 0.629321 0
    outer loop
      vertex -10.8175 -18.0566 4
      vertex -10.8899 -17.9671 0
      vertex -10.8899 -17.9671 4
    endloop
  endfacet
  facet normal 0.777145 0.629321 0
    outer loop
      vertex -10.8899 -17.9671 0
      vertex -10.8175 -18.0566 4
      vertex -10.8175 -18.0566 0
    endloop
  endfacet
  facet normal 0.933583 -0.358362 0
    outer loop
      vertex -11.0462 -16.9806 4
      vertex -11.0049 -16.8731 0
      vertex -11.0049 -16.8731 4
    endloop
  endfacet
  facet normal 0.933583 -0.358362 0
    outer loop
      vertex -11.0049 -16.8731 0
      vertex -11.0462 -16.9806 4
      vertex -11.0462 -16.9806 0
    endloop
  endfacet
  facet normal 0.35835 0.933587 -0
    outer loop
      vertex -10.3399 -18.3667 0
      vertex -10.4474 -18.3254 4
      vertex -10.3399 -18.3667 4
    endloop
  endfacet
  facet normal 0.35835 0.933587 0
    outer loop
      vertex -10.4474 -18.3254 4
      vertex -10.3399 -18.3667 0
      vertex -10.4474 -18.3254 0
    endloop
  endfacet
  facet normal 0.156445 0.987687 -0
    outer loop
      vertex -10.115 -18.4145 0
      vertex -10.2287 -18.3965 4
      vertex -10.115 -18.4145 4
    endloop
  endfacet
  facet normal 0.156445 0.987687 0
    outer loop
      vertex -10.2287 -18.3965 4
      vertex -10.115 -18.4145 0
      vertex -10.2287 -18.3965 0
    endloop
  endfacet
  facet normal -0.258821 0.965925 0
    outer loop
      vertex -9.66008 -18.3667 0
      vertex -9.7713 -18.3965 4
      vertex -9.66008 -18.3667 4
    endloop
  endfacet
  facet normal -0.258821 0.965925 0
    outer loop
      vertex -9.7713 -18.3965 4
      vertex -9.66008 -18.3667 0
      vertex -9.7713 -18.3965 0
    endloop
  endfacet
  facet normal -0.35835 0.933587 0
    outer loop
      vertex -9.55259 -18.3254 0
      vertex -9.66008 -18.3667 4
      vertex -9.55259 -18.3254 4
    endloop
  endfacet
  facet normal -0.35835 0.933587 0
    outer loop
      vertex -9.66008 -18.3667 4
      vertex -9.55259 -18.3254 0
      vertex -9.66008 -18.3667 0
    endloop
  endfacet
  facet normal -0.707103 0.707111 0
    outer loop
      vertex -9.18254 -18.0566 0
      vertex -9.26396 -18.138 4
      vertex -9.18254 -18.0566 4
    endloop
  endfacet
  facet normal -0.707103 0.707111 0
    outer loop
      vertex -9.26396 -18.138 4
      vertex -9.18254 -18.0566 0
      vertex -9.26396 -18.138 0
    endloop
  endfacet
  facet normal -0.629326 0.777141 0
    outer loop
      vertex -9.26396 -18.138 0
      vertex -9.35344 -18.2104 4
      vertex -9.26396 -18.138 4
    endloop
  endfacet
  facet normal -0.629326 0.777141 0
    outer loop
      vertex -9.35344 -18.2104 4
      vertex -9.26396 -18.138 0
      vertex -9.35344 -18.2104 0
    endloop
  endfacet
  facet normal -0.453996 0.891004 0
    outer loop
      vertex -9.45 -18.2731 0
      vertex -9.55259 -18.3254 4
      vertex -9.45 -18.2731 4
    endloop
  endfacet
  facet normal -0.453996 0.891004 0
    outer loop
      vertex -9.55259 -18.3254 4
      vertex -9.45 -18.2731 0
      vertex -9.55259 -18.3254 0
    endloop
  endfacet
  facet normal -0.544629 -0.838677 0
    outer loop
      vertex -9.45 -16.3679 0
      vertex -9.35344 -16.4306 4
      vertex -9.45 -16.3679 4
    endloop
  endfacet
  facet normal -0.544629 -0.838677 -0
    outer loop
      vertex -9.35344 -16.4306 4
      vertex -9.45 -16.3679 0
      vertex -9.35344 -16.4306 0
    endloop
  endfacet
  facet normal -0.777139 -0.62933 0
    outer loop
      vertex -9.11008 -16.6739 0
      vertex -9.18254 -16.5845 4
      vertex -9.18254 -16.5845 0
    endloop
  endfacet
  facet normal -0.777139 -0.62933 0
    outer loop
      vertex -9.18254 -16.5845 4
      vertex -9.11008 -16.6739 0
      vertex -9.11008 -16.6739 4
    endloop
  endfacet
  facet normal -0.707111 -0.707103 0
    outer loop
      vertex -9.18254 -16.5845 0
      vertex -9.26396 -16.503 4
      vertex -9.26396 -16.503 0
    endloop
  endfacet
  facet normal -0.707111 -0.707103 0
    outer loop
      vertex -9.26396 -16.503 4
      vertex -9.18254 -16.5845 0
      vertex -9.18254 -16.5845 4
    endloop
  endfacet
  facet normal -0.891002 -0.453999 0
    outer loop
      vertex -8.9951 -16.8731 0
      vertex -9.04737 -16.7705 4
      vertex -9.04737 -16.7705 0
    endloop
  endfacet
  facet normal -0.891002 -0.453999 0
    outer loop
      vertex -9.04737 -16.7705 4
      vertex -8.9951 -16.8731 0
      vertex -8.9951 -16.8731 4
    endloop
  endfacet
  facet normal -0.987689 0.156431 0
    outer loop
      vertex -8.92404 -17.5492 0
      vertex -8.90603 -17.4355 4
      vertex -8.90603 -17.4355 0
    endloop
  endfacet
  facet normal -0.987689 0.156431 0
    outer loop
      vertex -8.90603 -17.4355 4
      vertex -8.92404 -17.5492 0
      vertex -8.92404 -17.5492 4
    endloop
  endfacet
  facet normal -0.933581 0.358367 0
    outer loop
      vertex -8.9951 -17.7679 0
      vertex -8.95384 -17.6604 4
      vertex -8.95384 -17.6604 0
    endloop
  endfacet
  facet normal -0.933581 0.358367 0
    outer loop
      vertex -8.95384 -17.6604 4
      vertex -8.9951 -17.7679 0
      vertex -8.9951 -17.7679 4
    endloop
  endfacet
  facet normal -0.987689 -0.156429 0
    outer loop
      vertex -8.90603 -17.2055 0
      vertex -8.92404 -17.0918 4
      vertex -8.92404 -17.0918 0
    endloop
  endfacet
  facet normal -0.987689 -0.156429 0
    outer loop
      vertex -8.92404 -17.0918 4
      vertex -8.90603 -17.2055 0
      vertex -8.90603 -17.2055 4
    endloop
  endfacet
  facet normal -0.998629 -0.0523393 0
    outer loop
      vertex -8.9 -17.3205 0
      vertex -8.90603 -17.2055 4
      vertex -8.90603 -17.2055 0
    endloop
  endfacet
  facet normal -0.998629 -0.0523393 0
    outer loop
      vertex -8.90603 -17.2055 4
      vertex -8.9 -17.3205 0
      vertex -8.9 -17.3205 4
    endloop
  endfacet
  facet normal 0.453996 0.891004 -0
    outer loop
      vertex -10.4474 -18.3254 0
      vertex -10.55 -18.2731 4
      vertex -10.4474 -18.3254 4
    endloop
  endfacet
  facet normal 0.453996 0.891004 0
    outer loop
      vertex -10.55 -18.2731 4
      vertex -10.4474 -18.3254 0
      vertex -10.55 -18.2731 0
    endloop
  endfacet
  facet normal 0.707103 0.707111 -0
    outer loop
      vertex -10.736 -18.138 0
      vertex -10.8175 -18.0566 4
      vertex -10.736 -18.138 4
    endloop
  endfacet
  facet normal 0.707103 0.707111 0
    outer loop
      vertex -10.8175 -18.0566 4
      vertex -10.736 -18.138 0
      vertex -10.8175 -18.0566 0
    endloop
  endfacet
  facet normal 0.891002 -0.453999 0
    outer loop
      vertex -11.0049 -16.8731 4
      vertex -10.9526 -16.7705 0
      vertex -10.9526 -16.7705 4
    endloop
  endfacet
  facet normal 0.891002 -0.453999 0
    outer loop
      vertex -10.9526 -16.7705 0
      vertex -11.0049 -16.8731 4
      vertex -11.0049 -16.8731 0
    endloop
  endfacet
  facet normal -0.258821 -0.965925 0
    outer loop
      vertex -9.7713 -16.2445 0
      vertex -9.66008 -16.2743 4
      vertex -9.7713 -16.2445 4
    endloop
  endfacet
  facet normal -0.258821 -0.965925 -0
    outer loop
      vertex -9.66008 -16.2743 4
      vertex -9.7713 -16.2445 0
      vertex -9.66008 -16.2743 0
    endloop
  endfacet
  facet normal -0.0523306 -0.99863 0
    outer loop
      vertex -10 -16.2205 0
      vertex -9.88502 -16.2265 4
      vertex -10 -16.2205 4
    endloop
  endfacet
  facet normal -0.0523306 -0.99863 -0
    outer loop
      vertex -9.88502 -16.2265 4
      vertex -10 -16.2205 0
      vertex -9.88502 -16.2265 0
    endloop
  endfacet
  facet normal 0.998629 -0.0523393 0
    outer loop
      vertex -11.1 -17.3205 4
      vertex -11.094 -17.2055 0
      vertex -11.094 -17.2055 4
    endloop
  endfacet
  facet normal 0.998629 -0.0523393 0
    outer loop
      vertex -11.094 -17.2055 0
      vertex -11.1 -17.3205 4
      vertex -11.1 -17.3205 0
    endloop
  endfacet
  facet normal 0.052331 0.99863 -0
    outer loop
      vertex -10 -18.4205 0
      vertex -10.115 -18.4145 4
      vertex -10 -18.4205 4
    endloop
  endfacet
  facet normal 0.052331 0.99863 0
    outer loop
      vertex -10.115 -18.4145 4
      vertex -10 -18.4205 0
      vertex -10.115 -18.4145 0
    endloop
  endfacet
  facet normal 0.258821 0.965925 -0
    outer loop
      vertex -10.2287 -18.3965 0
      vertex -10.3399 -18.3667 4
      vertex -10.2287 -18.3965 4
    endloop
  endfacet
  facet normal 0.258821 0.965925 0
    outer loop
      vertex -10.3399 -18.3667 4
      vertex -10.2287 -18.3965 0
      vertex -10.3399 -18.3667 0
    endloop
  endfacet
  facet normal -0.156445 0.987687 0
    outer loop
      vertex -9.7713 -18.3965 0
      vertex -9.88502 -18.4145 4
      vertex -9.7713 -18.3965 4
    endloop
  endfacet
  facet normal -0.156445 0.987687 0
    outer loop
      vertex -9.88502 -18.4145 4
      vertex -9.7713 -18.3965 0
      vertex -9.88502 -18.4145 0
    endloop
  endfacet
  facet normal -0.891002 0.453999 0
    outer loop
      vertex -9.04737 -17.8705 0
      vertex -8.9951 -17.7679 4
      vertex -8.9951 -17.7679 0
    endloop
  endfacet
  facet normal -0.891002 0.453999 0
    outer loop
      vertex -8.9951 -17.7679 4
      vertex -9.04737 -17.8705 0
      vertex -9.04737 -17.8705 4
    endloop
  endfacet
  facet normal -0.777145 0.629321 0
    outer loop
      vertex -9.18254 -18.0566 0
      vertex -9.11008 -17.9671 4
      vertex -9.11008 -17.9671 0
    endloop
  endfacet
  facet normal -0.777145 0.629321 0
    outer loop
      vertex -9.11008 -17.9671 4
      vertex -9.18254 -18.0566 0
      vertex -9.18254 -18.0566 4
    endloop
  endfacet
  facet normal -0.54464 0.83867 0
    outer loop
      vertex -9.35344 -18.2104 0
      vertex -9.45 -18.2731 4
      vertex -9.35344 -18.2104 4
    endloop
  endfacet
  facet normal -0.54464 0.83867 0
    outer loop
      vertex -9.45 -18.2731 4
      vertex -9.35344 -18.2104 0
      vertex -9.45 -18.2731 0
    endloop
  endfacet
  facet normal -0.998629 0.0523384 0
    outer loop
      vertex -8.90603 -17.4355 0
      vertex -8.9 -17.3205 4
      vertex -8.9 -17.3205 0
    endloop
  endfacet
  facet normal -0.998629 0.0523384 0
    outer loop
      vertex -8.9 -17.3205 4
      vertex -8.90603 -17.4355 0
      vertex -8.90603 -17.4355 4
    endloop
  endfacet
  facet normal -0.965926 0.258817 0
    outer loop
      vertex -8.95384 -17.6604 0
      vertex -8.92404 -17.5492 4
      vertex -8.92404 -17.5492 0
    endloop
  endfacet
  facet normal -0.965926 0.258817 0
    outer loop
      vertex -8.92404 -17.5492 4
      vertex -8.95384 -17.6604 0
      vertex -8.95384 -17.6604 4
    endloop
  endfacet
  facet normal 0.629326 0.777141 -0
    outer loop
      vertex -10.6466 -18.2104 0
      vertex -10.736 -18.138 4
      vertex -10.6466 -18.2104 4
    endloop
  endfacet
  facet normal 0.629326 0.777141 0
    outer loop
      vertex -10.736 -18.138 4
      vertex -10.6466 -18.2104 0
      vertex -10.736 -18.138 0
    endloop
  endfacet
  facet normal 0.891002 0.453999 0
    outer loop
      vertex -10.9526 -17.8705 4
      vertex -11.0049 -17.7679 0
      vertex -11.0049 -17.7679 4
    endloop
  endfacet
  facet normal 0.891002 0.453999 0
    outer loop
      vertex -11.0049 -17.7679 0
      vertex -10.9526 -17.8705 4
      vertex -10.9526 -17.8705 0
    endloop
  endfacet
  facet normal 0.838676 0.544631 0
    outer loop
      vertex -10.8899 -17.9671 4
      vertex -10.9526 -17.8705 0
      vertex -10.9526 -17.8705 4
    endloop
  endfacet
  facet normal 0.838676 0.544631 0
    outer loop
      vertex -10.9526 -17.8705 0
      vertex -10.8899 -17.9671 4
      vertex -10.8899 -17.9671 0
    endloop
  endfacet
  facet normal 0.629326 -0.777141 0
    outer loop
      vertex -10.736 -16.503 0
      vertex -10.6466 -16.4306 4
      vertex -10.736 -16.503 4
    endloop
  endfacet
  facet normal 0.629326 -0.777141 0
    outer loop
      vertex -10.6466 -16.4306 4
      vertex -10.736 -16.503 0
      vertex -10.6466 -16.4306 0
    endloop
  endfacet
  facet normal -0.156429 -0.987689 0
    outer loop
      vertex -9.88502 -16.2265 0
      vertex -9.7713 -16.2445 4
      vertex -9.88502 -16.2265 4
    endloop
  endfacet
  facet normal -0.156429 -0.987689 -0
    outer loop
      vertex -9.7713 -16.2445 4
      vertex -9.88502 -16.2265 0
      vertex -9.7713 -16.2445 0
    endloop
  endfacet
  facet normal 0.987689 -0.156429 0
    outer loop
      vertex -11.094 -17.2055 4
      vertex -11.076 -17.0918 0
      vertex -11.076 -17.0918 4
    endloop
  endfacet
  facet normal 0.987689 -0.156429 0
    outer loop
      vertex -11.076 -17.0918 0
      vertex -11.094 -17.2055 4
      vertex -11.094 -17.2055 0
    endloop
  endfacet
  facet normal 0.965925 -0.258821 0
    outer loop
      vertex -11.076 -17.0918 4
      vertex -11.0462 -16.9806 0
      vertex -11.0462 -16.9806 4
    endloop
  endfacet
  facet normal 0.965925 -0.258821 0
    outer loop
      vertex -11.0462 -16.9806 0
      vertex -11.076 -17.0918 4
      vertex -11.076 -17.0918 0
    endloop
  endfacet
  facet normal 0.453983 -0.89101 0
    outer loop
      vertex -10.55 -16.3679 0
      vertex -10.4474 -16.3156 4
      vertex -10.55 -16.3679 4
    endloop
  endfacet
  facet normal 0.453983 -0.89101 0
    outer loop
      vertex -10.4474 -16.3156 4
      vertex -10.55 -16.3679 0
      vertex -10.4474 -16.3156 0
    endloop
  endfacet
  facet normal 0.707111 -0.707103 0
    outer loop
      vertex -10.8175 -16.5845 4
      vertex -10.736 -16.503 0
      vertex -10.736 -16.503 4
    endloop
  endfacet
  facet normal 0.707111 -0.707103 0
    outer loop
      vertex -10.736 -16.503 0
      vertex -10.8175 -16.5845 4
      vertex -10.8175 -16.5845 0
    endloop
  endfacet
  facet normal 0.838676 -0.544631 0
    outer loop
      vertex -10.9526 -16.7705 4
      vertex -10.8899 -16.6739 0
      vertex -10.8899 -16.6739 4
    endloop
  endfacet
  facet normal 0.838676 -0.544631 0
    outer loop
      vertex -10.8899 -16.6739 0
      vertex -10.9526 -16.7705 4
      vertex -10.9526 -16.7705 0
    endloop
  endfacet
  facet normal -0.453983 -0.89101 0
    outer loop
      vertex -9.55259 -16.3156 0
      vertex -9.45 -16.3679 4
      vertex -9.55259 -16.3156 4
    endloop
  endfacet
  facet normal -0.453983 -0.89101 -0
    outer loop
      vertex -9.45 -16.3679 4
      vertex -9.55259 -16.3156 0
      vertex -9.45 -16.3679 0
    endloop
  endfacet
  facet normal 0.052331 -0.99863 0
    outer loop
      vertex -10.115 -16.2265 0
      vertex -10 -16.2205 4
      vertex -10.115 -16.2265 4
    endloop
  endfacet
  facet normal 0.052331 -0.99863 0
    outer loop
      vertex -10 -16.2205 4
      vertex -10.115 -16.2265 0
      vertex -10 -16.2205 0
    endloop
  endfacet
  facet normal 0.258821 -0.965925 0
    outer loop
      vertex -10.3399 -16.2743 0
      vertex -10.2287 -16.2445 4
      vertex -10.3399 -16.2743 4
    endloop
  endfacet
  facet normal 0.258821 -0.965925 0
    outer loop
      vertex -10.2287 -16.2445 4
      vertex -10.3399 -16.2743 0
      vertex -10.2287 -16.2445 0
    endloop
  endfacet
  facet normal 0.156429 -0.987689 0
    outer loop
      vertex -10.2287 -16.2445 0
      vertex -10.115 -16.2265 4
      vertex -10.2287 -16.2445 4
    endloop
  endfacet
  facet normal 0.156429 -0.987689 0
    outer loop
      vertex -10.115 -16.2265 4
      vertex -10.2287 -16.2445 0
      vertex -10.115 -16.2265 0
    endloop
  endfacet
  facet normal 0.987689 0.156431 0
    outer loop
      vertex -11.076 -17.5492 4
      vertex -11.094 -17.4355 0
      vertex -11.094 -17.4355 4
    endloop
  endfacet
  facet normal 0.987689 0.156431 0
    outer loop
      vertex -11.094 -17.4355 0
      vertex -11.076 -17.5492 4
      vertex -11.076 -17.5492 0
    endloop
  endfacet
  facet normal 0.933581 0.358367 0
    outer loop
      vertex -11.0049 -17.7679 4
      vertex -11.0462 -17.6604 0
      vertex -11.0462 -17.6604 4
    endloop
  endfacet
  facet normal 0.933581 0.358367 0
    outer loop
      vertex -11.0462 -17.6604 0
      vertex -11.0049 -17.7679 4
      vertex -11.0049 -17.7679 0
    endloop
  endfacet
  facet normal 0.965926 0.258817 0
    outer loop
      vertex -11.0462 -17.6604 4
      vertex -11.076 -17.5492 0
      vertex -11.076 -17.5492 4
    endloop
  endfacet
  facet normal 0.965926 0.258817 0
    outer loop
      vertex -11.076 -17.5492 0
      vertex -11.0462 -17.6604 4
      vertex -11.0462 -17.6604 0
    endloop
  endfacet
  facet normal 0.544629 -0.838677 0
    outer loop
      vertex -10.6466 -16.4306 0
      vertex -10.55 -16.3679 4
      vertex -10.6466 -16.4306 4
    endloop
  endfacet
  facet normal 0.544629 -0.838677 0
    outer loop
      vertex -10.55 -16.3679 4
      vertex -10.6466 -16.4306 0
      vertex -10.55 -16.3679 0
    endloop
  endfacet
  facet normal 0.777139 -0.62933 0
    outer loop
      vertex -10.8899 -16.6739 4
      vertex -10.8175 -16.5845 0
      vertex -10.8175 -16.5845 4
    endloop
  endfacet
  facet normal 0.777139 -0.62933 0
    outer loop
      vertex -10.8175 -16.5845 0
      vertex -10.8899 -16.6739 4
      vertex -10.8899 -16.6739 0
    endloop
  endfacet
  facet normal -0.358379 -0.933576 0
    outer loop
      vertex -9.66008 -16.2743 0
      vertex -9.55259 -16.3156 4
      vertex -9.66008 -16.2743 4
    endloop
  endfacet
  facet normal -0.358379 -0.933576 -0
    outer loop
      vertex -9.55259 -16.3156 4
      vertex -9.66008 -16.2743 0
      vertex -9.55259 -16.3156 0
    endloop
  endfacet
  facet normal 0.358379 -0.933576 0
    outer loop
      vertex -10.4474 -16.3156 0
      vertex -10.3399 -16.2743 4
      vertex -10.4474 -16.3156 4
    endloop
  endfacet
  facet normal 0.358379 -0.933576 0
    outer loop
      vertex -10.3399 -16.2743 4
      vertex -10.4474 -16.3156 0
      vertex -10.3399 -16.2743 0
    endloop
  endfacet
endsolid OpenSCAD_Model
