solid OpenSCAD_Model
  facet normal -0.669139 -0.743138 0
    outer loop
      vertex 28.9765 29.1391 0
      vertex 29.0621 29.0621 7.9
      vertex 28.9765 29.1391 7.9
    endloop
  endfacet
  facet normal -0.669139 -0.743138 -0
    outer loop
      vertex 29.0621 29.0621 7.9
      vertex 28.9765 29.1391 0
      vertex 29.0621 29.0621 0
    endloop
  endfacet
  facet normal 0.743129 -0.669148 0
    outer loop
      vertex 27.4294 28.9765 7.9
      vertex 27.5065 29.0621 0
      vertex 27.5065 29.0621 7.9
    endloop
  endfacet
  facet normal 0.743129 -0.669148 0
    outer loop
      vertex 27.5065 29.0621 0
      vertex 27.4294 28.9765 7.9
      vertex 27.4294 28.9765 0
    endloop
  endfacet
  facet normal 0 -1 0
    outer loop
      vertex 28.2267 29.3828 0
      vertex 28.3418 29.3828 7.9
      vertex 28.2267 29.3828 7.9
    endloop
  endfacet
  facet normal 0 -1 -0
    outer loop
      vertex 28.3418 29.3828 7.9
      vertex 28.2267 29.3828 0
      vertex 28.3418 29.3828 0
    endloop
  endfacet
  facet normal 1 -0 0
    outer loop
      vertex 27.1858 28.2267 7.9
      vertex 27.1858 28.3418 0
      vertex 27.1858 28.3418 7.9
    endloop
  endfacet
  facet normal 1 0 0
    outer loop
      vertex 27.1858 28.3418 0
      vertex 27.1858 28.2267 7.9
      vertex 27.1858 28.2267 0
    endloop
  endfacet
  facet normal 0.913542 -0.406744 0
    outer loop
      vertex 27.2573 28.6785 7.9
      vertex 27.3042 28.7837 0
      vertex 27.3042 28.7837 7.9
    endloop
  endfacet
  facet normal 0.913542 -0.406744 0
    outer loop
      vertex 27.3042 28.7837 0
      vertex 27.2573 28.6785 7.9
      vertex 27.2573 28.6785 0
    endloop
  endfacet
  facet normal -0.406744 -0.913542 0
    outer loop
      vertex 28.6785 29.3112 0
      vertex 28.7837 29.2644 7.9
      vertex 28.6785 29.3112 7.9
    endloop
  endfacet
  facet normal -0.406744 -0.913542 -0
    outer loop
      vertex 28.7837 29.2644 7.9
      vertex 28.6785 29.3112 0
      vertex 28.7837 29.2644 0
    endloop
  endfacet
  facet normal -0.587776 -0.809024 0
    outer loop
      vertex 28.8834 29.2068 0
      vertex 28.9765 29.1391 7.9
      vertex 28.8834 29.2068 7.9
    endloop
  endfacet
  facet normal -0.587776 -0.809024 -0
    outer loop
      vertex 28.9765 29.1391 7.9
      vertex 28.8834 29.2068 0
      vertex 28.9765 29.1391 0
    endloop
  endfacet
  facet normal 0.40675 -0.913539 0
    outer loop
      vertex 27.7849 29.2644 0
      vertex 27.8901 29.3112 7.9
      vertex 27.7849 29.2644 7.9
    endloop
  endfacet
  facet normal 0.40675 -0.913539 0
    outer loop
      vertex 27.8901 29.3112 7.9
      vertex 27.7849 29.2644 0
      vertex 27.8901 29.3112 0
    endloop
  endfacet
  facet normal 0.743129 0.669148 0
    outer loop
      vertex 27.5065 27.5065 7.9
      vertex 27.4294 27.592 0
      vertex 27.4294 27.592 7.9
    endloop
  endfacet
  facet normal 0.743129 0.669148 0
    outer loop
      vertex 27.4294 27.592 0
      vertex 27.5065 27.5065 7.9
      vertex 27.5065 27.5065 0
    endloop
  endfacet
  facet normal 0.809024 -0.587776 0
    outer loop
      vertex 27.3617 28.8834 7.9
      vertex 27.4294 28.9765 0
      vertex 27.4294 28.9765 7.9
    endloop
  endfacet
  facet normal 0.809024 -0.587776 0
    outer loop
      vertex 27.4294 28.9765 0
      vertex 27.3617 28.8834 7.9
      vertex 27.3617 28.8834 0
    endloop
  endfacet
  facet normal -0.809024 0.587776 0
    outer loop
      vertex 29.1391 27.592 0
      vertex 29.2068 27.6852 7.9
      vertex 29.2068 27.6852 0
    endloop
  endfacet
  facet normal -0.809024 0.587776 0
    outer loop
      vertex 29.2068 27.6852 7.9
      vertex 29.1391 27.592 0
      vertex 29.1391 27.592 7.9
    endloop
  endfacet
  facet normal -0.500004 -0.866023 0
    outer loop
      vertex 28.7837 29.2644 0
      vertex 28.8834 29.2068 7.9
      vertex 28.7837 29.2644 7.9
    endloop
  endfacet
  facet normal -0.500004 -0.866023 -0
    outer loop
      vertex 28.8834 29.2068 7.9
      vertex 28.7837 29.2644 0
      vertex 28.8834 29.2068 0
    endloop
  endfacet
  facet normal -0.207899 -0.97815 0
    outer loop
      vertex 28.4563 29.3707 0
      vertex 28.569 29.3468 7.9
      vertex 28.4563 29.3707 7.9
    endloop
  endfacet
  facet normal -0.207899 -0.97815 -0
    outer loop
      vertex 28.569 29.3468 7.9
      vertex 28.4563 29.3707 0
      vertex 28.569 29.3468 0
    endloop
  endfacet
  facet normal -0.10453 -0.994522 0
    outer loop
      vertex 28.3418 29.3828 0
      vertex 28.4563 29.3707 7.9
      vertex 28.3418 29.3828 7.9
    endloop
  endfacet
  facet normal -0.10453 -0.994522 -0
    outer loop
      vertex 28.4563 29.3707 7.9
      vertex 28.3418 29.3828 0
      vertex 28.4563 29.3707 0
    endloop
  endfacet
  facet normal -0.309018 -0.951056 0
    outer loop
      vertex 28.569 29.3468 0
      vertex 28.6785 29.3112 7.9
      vertex 28.569 29.3468 7.9
    endloop
  endfacet
  facet normal -0.309018 -0.951056 -0
    outer loop
      vertex 28.6785 29.3112 7.9
      vertex 28.569 29.3468 0
      vertex 28.6785 29.3112 0
    endloop
  endfacet
  facet normal 0.500004 -0.866023 0
    outer loop
      vertex 27.6852 29.2068 0
      vertex 27.7849 29.2644 7.9
      vertex 27.6852 29.2068 7.9
    endloop
  endfacet
  facet normal 0.500004 -0.866023 0
    outer loop
      vertex 27.7849 29.2644 7.9
      vertex 27.6852 29.2068 0
      vertex 27.7849 29.2644 0
    endloop
  endfacet
  facet normal 0.587776 -0.809024 0
    outer loop
      vertex 27.592 29.1391 0
      vertex 27.6852 29.2068 7.9
      vertex 27.592 29.1391 7.9
    endloop
  endfacet
  facet normal 0.587776 -0.809024 0
    outer loop
      vertex 27.6852 29.2068 7.9
      vertex 27.592 29.1391 0
      vertex 27.6852 29.2068 0
    endloop
  endfacet
  facet normal 0.104531 -0.994522 0
    outer loop
      vertex 28.1122 29.3707 0
      vertex 28.2267 29.3828 7.9
      vertex 28.1122 29.3707 7.9
    endloop
  endfacet
  facet normal 0.104531 -0.994522 0
    outer loop
      vertex 28.2267 29.3828 7.9
      vertex 28.1122 29.3707 0
      vertex 28.2267 29.3828 0
    endloop
  endfacet
  facet normal 0.207895 -0.978151 0
    outer loop
      vertex 27.9996 29.3468 0
      vertex 28.1122 29.3707 7.9
      vertex 27.9996 29.3468 7.9
    endloop
  endfacet
  facet normal 0.207895 -0.978151 0
    outer loop
      vertex 28.1122 29.3707 7.9
      vertex 27.9996 29.3468 0
      vertex 28.1122 29.3707 0
    endloop
  endfacet
  facet normal 0.866031 0.499991 0
    outer loop
      vertex 27.3617 27.6852 7.9
      vertex 27.3042 27.7849 0
      vertex 27.3042 27.7849 7.9
    endloop
  endfacet
  facet normal 0.866031 0.499991 0
    outer loop
      vertex 27.3042 27.7849 0
      vertex 27.3617 27.6852 7.9
      vertex 27.3617 27.6852 0
    endloop
  endfacet
  facet normal 0.951056 0.309018 0
    outer loop
      vertex 27.2573 27.8901 7.9
      vertex 27.2218 27.9996 0
      vertex 27.2218 27.9996 7.9
    endloop
  endfacet
  facet normal 0.951056 0.309018 0
    outer loop
      vertex 27.2218 27.9996 0
      vertex 27.2573 27.8901 7.9
      vertex 27.2573 27.8901 0
    endloop
  endfacet
  facet normal 0.994522 0.104531 0
    outer loop
      vertex 27.1978 28.1122 7.9
      vertex 27.1858 28.2267 0
      vertex 27.1858 28.2267 7.9
    endloop
  endfacet
  facet normal 0.994522 0.104531 0
    outer loop
      vertex 27.1858 28.2267 0
      vertex 27.1978 28.1122 7.9
      vertex 27.1978 28.1122 0
    endloop
  endfacet
  facet normal 0.978151 0.207895 0
    outer loop
      vertex 27.2218 27.9996 7.9
      vertex 27.1978 28.1122 0
      vertex 27.1978 28.1122 7.9
    endloop
  endfacet
  facet normal 0.978151 0.207895 0
    outer loop
      vertex 27.1978 28.1122 0
      vertex 27.2218 27.9996 7.9
      vertex 27.2218 27.9996 0
    endloop
  endfacet
  facet normal 0.913539 0.40675 0
    outer loop
      vertex 27.3042 27.7849 7.9
      vertex 27.2573 27.8901 0
      vertex 27.2573 27.8901 7.9
    endloop
  endfacet
  facet normal 0.913539 0.40675 0
    outer loop
      vertex 27.2573 27.8901 0
      vertex 27.3042 27.7849 7.9
      vertex 27.3042 27.7849 0
    endloop
  endfacet
  facet normal 0.809024 0.587776 0
    outer loop
      vertex 27.4294 27.592 7.9
      vertex 27.3617 27.6852 0
      vertex 27.3617 27.6852 7.9
    endloop
  endfacet
  facet normal 0.809024 0.587776 0
    outer loop
      vertex 27.3617 27.6852 0
      vertex 27.4294 27.592 7.9
      vertex 27.4294 27.592 0
    endloop
  endfacet
  facet normal 0.97815 -0.207899 0
    outer loop
      vertex 27.1978 28.4563 7.9
      vertex 27.2218 28.569 0
      vertex 27.2218 28.569 7.9
    endloop
  endfacet
  facet normal 0.97815 -0.207899 0
    outer loop
      vertex 27.2218 28.569 0
      vertex 27.1978 28.4563 7.9
      vertex 27.1978 28.4563 0
    endloop
  endfacet
  facet normal -0.743138 -0.669139 0
    outer loop
      vertex 29.1391 28.9765 0
      vertex 29.0621 29.0621 7.9
      vertex 29.0621 29.0621 0
    endloop
  endfacet
  facet normal -0.743138 -0.669139 0
    outer loop
      vertex 29.0621 29.0621 7.9
      vertex 29.1391 28.9765 0
      vertex 29.1391 28.9765 7.9
    endloop
  endfacet
  facet normal -0.866023 -0.500004 0
    outer loop
      vertex 29.2644 28.7837 0
      vertex 29.2068 28.8834 7.9
      vertex 29.2068 28.8834 0
    endloop
  endfacet
  facet normal -0.866023 -0.500004 0
    outer loop
      vertex 29.2068 28.8834 7.9
      vertex 29.2644 28.7837 0
      vertex 29.2644 28.7837 7.9
    endloop
  endfacet
  facet normal -0.951056 0.309018 0
    outer loop
      vertex 29.3112 27.8901 0
      vertex 29.3468 27.9996 7.9
      vertex 29.3468 27.9996 0
    endloop
  endfacet
  facet normal -0.951056 0.309018 0
    outer loop
      vertex 29.3468 27.9996 7.9
      vertex 29.3112 27.8901 0
      vertex 29.3112 27.8901 7.9
    endloop
  endfacet
  facet normal -0.97815 -0.207899 0
    outer loop
      vertex 29.3707 28.4563 0
      vertex 29.3468 28.569 7.9
      vertex 29.3468 28.569 0
    endloop
  endfacet
  facet normal -0.97815 -0.207899 0
    outer loop
      vertex 29.3468 28.569 7.9
      vertex 29.3707 28.4563 0
      vertex 29.3707 28.4563 7.9
    endloop
  endfacet
  facet normal -0.669148 0.743129 0
    outer loop
      vertex 29.0621 27.5065 0
      vertex 28.9765 27.4294 7.9
      vertex 29.0621 27.5065 7.9
    endloop
  endfacet
  facet normal -0.669148 0.743129 0
    outer loop
      vertex 28.9765 27.4294 7.9
      vertex 29.0621 27.5065 0
      vertex 28.9765 27.4294 0
    endloop
  endfacet
  facet normal 0.40675 0.913539 -0
    outer loop
      vertex 27.8901 27.2573 0
      vertex 27.7849 27.3042 7.9
      vertex 27.8901 27.2573 7.9
    endloop
  endfacet
  facet normal 0.40675 0.913539 0
    outer loop
      vertex 27.7849 27.3042 7.9
      vertex 27.8901 27.2573 0
      vertex 27.7849 27.3042 0
    endloop
  endfacet
  facet normal -0.913539 0.40675 0
    outer loop
      vertex 29.2644 27.7849 0
      vertex 29.3112 27.8901 7.9
      vertex 29.3112 27.8901 0
    endloop
  endfacet
  facet normal -0.913539 0.40675 0
    outer loop
      vertex 29.3112 27.8901 7.9
      vertex 29.2644 27.7849 0
      vertex 29.2644 27.7849 7.9
    endloop
  endfacet
  facet normal -0.866023 0.500004 0
    outer loop
      vertex 29.2068 27.6852 0
      vertex 29.2644 27.7849 7.9
      vertex 29.2644 27.7849 0
    endloop
  endfacet
  facet normal -0.866023 0.500004 0
    outer loop
      vertex 29.2644 27.7849 7.9
      vertex 29.2068 27.6852 0
      vertex 29.2068 27.6852 7.9
    endloop
  endfacet
  facet normal 0.669139 -0.743138 0
    outer loop
      vertex 27.5065 29.0621 0
      vertex 27.592 29.1391 7.9
      vertex 27.5065 29.0621 7.9
    endloop
  endfacet
  facet normal 0.669139 -0.743138 0
    outer loop
      vertex 27.592 29.1391 7.9
      vertex 27.5065 29.0621 0
      vertex 27.592 29.1391 0
    endloop
  endfacet
  facet normal 0.309018 -0.951056 0
    outer loop
      vertex 27.8901 29.3112 0
      vertex 27.9996 29.3468 7.9
      vertex 27.8901 29.3112 7.9
    endloop
  endfacet
  facet normal 0.309018 -0.951056 0
    outer loop
      vertex 27.9996 29.3468 7.9
      vertex 27.8901 29.3112 0
      vertex 27.9996 29.3468 0
    endloop
  endfacet
  facet normal 0 0 -1
    outer loop
      vertex 29.3707 28.1122 7.9
      vertex 29.3828 28.3418 7.9
      vertex 29.3828 28.2267 7.9
    endloop
  endfacet
  facet normal 0 0 -1
    outer loop
      vertex 29.3707 28.1122 7.9
      vertex 29.3707 28.4563 7.9
      vertex 29.3828 28.3418 7.9
    endloop
  endfacet
  facet normal 0 0 -1
    outer loop
      vertex 29.3468 27.9996 7.9
      vertex 29.3707 28.4563 7.9
      vertex 29.3707 28.1122 7.9
    endloop
  endfacet
  facet normal 0 0 -1
    outer loop
      vertex 29.3468 27.9996 7.9
      vertex 29.3468 28.569 7.9
      vertex 29.3707 28.4563 7.9
    endloop
  endfacet
  facet normal 0 0 -1
    outer loop
      vertex 29.3112 27.8901 7.9
      vertex 29.3468 28.569 7.9
      vertex 29.3468 27.9996 7.9
    endloop
  endfacet
  facet normal 0 0 -1
    outer loop
      vertex 29.3112 27.8901 7.9
      vertex 29.3112 28.6785 7.9
      vertex 29.3468 28.569 7.9
    endloop
  endfacet
  facet normal 0 0 -1
    outer loop
      vertex 29.2644 27.7849 7.9
      vertex 29.3112 28.6785 7.9
      vertex 29.3112 27.8901 7.9
    endloop
  endfacet
  facet normal 0 0 -1
    outer loop
      vertex 29.2644 27.7849 7.9
      vertex 29.2644 28.7837 7.9
      vertex 29.3112 28.6785 7.9
    endloop
  endfacet
  facet normal 0 0 -1
    outer loop
      vertex 29.2068 27.6852 7.9
      vertex 29.2644 28.7837 7.9
      vertex 29.2644 27.7849 7.9
    endloop
  endfacet
  facet normal 0 0 -1
    outer loop
      vertex 29.2068 27.6852 7.9
      vertex 29.2068 28.8834 7.9
      vertex 29.2644 28.7837 7.9
    endloop
  endfacet
  facet normal 0 0 -1
    outer loop
      vertex 29.1391 27.592 7.9
      vertex 29.2068 28.8834 7.9
      vertex 29.2068 27.6852 7.9
    endloop
  endfacet
  facet normal 0 0 -1
    outer loop
      vertex 29.1391 27.592 7.9
      vertex 29.1391 28.9765 7.9
      vertex 29.2068 28.8834 7.9
    endloop
  endfacet
  facet normal 0 0 -1
    outer loop
      vertex 29.0621 27.5065 7.9
      vertex 29.1391 28.9765 7.9
      vertex 29.1391 27.592 7.9
    endloop
  endfacet
  facet normal 0 0 -1
    outer loop
      vertex 29.0621 27.5065 7.9
      vertex 29.0621 29.0621 7.9
      vertex 29.1391 28.9765 7.9
    endloop
  endfacet
  facet normal 0 0 -1
    outer loop
      vertex 28.9765 27.4294 7.9
      vertex 29.0621 29.0621 7.9
      vertex 29.0621 27.5065 7.9
    endloop
  endfacet
  facet normal 0 0 -1
    outer loop
      vertex 28.9765 27.4294 7.9
      vertex 28.9765 29.1391 7.9
      vertex 29.0621 29.0621 7.9
    endloop
  endfacet
  facet normal 0 0 -1
    outer loop
      vertex 28.8834 27.3617 7.9
      vertex 28.9765 29.1391 7.9
      vertex 28.9765 27.4294 7.9
    endloop
  endfacet
  facet normal 0 0 -1
    outer loop
      vertex 28.8834 27.3617 7.9
      vertex 28.8834 29.2068 7.9
      vertex 28.9765 29.1391 7.9
    endloop
  endfacet
  facet normal 0 0 -1
    outer loop
      vertex 28.7837 27.3042 7.9
      vertex 28.8834 29.2068 7.9
      vertex 28.8834 27.3617 7.9
    endloop
  endfacet
  facet normal 0 0 -1
    outer loop
      vertex 28.7837 27.3042 7.9
      vertex 28.7837 29.2644 7.9
      vertex 28.8834 29.2068 7.9
    endloop
  endfacet
  facet normal 0 0 -1
    outer loop
      vertex 28.6785 27.2573 7.9
      vertex 28.7837 29.2644 7.9
      vertex 28.7837 27.3042 7.9
    endloop
  endfacet
  facet normal 0 0 -1
    outer loop
      vertex 28.6785 27.2573 7.9
      vertex 28.6785 29.3112 7.9
      vertex 28.7837 29.2644 7.9
    endloop
  endfacet
  facet normal 0 0 -1
    outer loop
      vertex 28.569 27.2218 7.9
      vertex 28.6785 29.3112 7.9
      vertex 28.6785 27.2573 7.9
    endloop
  endfacet
  facet normal 0 0 -1
    outer loop
      vertex 28.569 27.2218 7.9
      vertex 28.569 29.3468 7.9
      vertex 28.6785 29.3112 7.9
    endloop
  endfacet
  facet normal 0 0 -1
    outer loop
      vertex 28.4563 27.1978 7.9
      vertex 28.569 29.3468 7.9
      vertex 28.569 27.2218 7.9
    endloop
  endfacet
  facet normal 0 0 -1
    outer loop
      vertex 28.4563 27.1978 7.9
      vertex 28.4563 29.3707 7.9
      vertex 28.569 29.3468 7.9
    endloop
  endfacet
  facet normal 0 0 -1
    outer loop
      vertex 28.3418 27.1858 7.9
      vertex 28.4563 29.3707 7.9
      vertex 28.4563 27.1978 7.9
    endloop
  endfacet
  facet normal 0 0 -1
    outer loop
      vertex 28.3418 27.1858 7.9
      vertex 28.3418 29.3828 7.9
      vertex 28.4563 29.3707 7.9
    endloop
  endfacet
  facet normal 0 0 -1
    outer loop
      vertex 28.2267 27.1858 7.9
      vertex 28.3418 29.3828 7.9
      vertex 28.3418 27.1858 7.9
    endloop
  endfacet
  facet normal 0 0 -1
    outer loop
      vertex 28.2267 27.1858 7.9
      vertex 28.2267 29.3828 7.9
      vertex 28.3418 29.3828 7.9
    endloop
  endfacet
  facet normal 0 0 -1
    outer loop
      vertex 28.1122 27.1978 7.9
      vertex 28.2267 29.3828 7.9
      vertex 28.2267 27.1858 7.9
    endloop
  endfacet
  facet normal 0 0 -1
    outer loop
      vertex 28.1122 27.1978 7.9
      vertex 28.1122 29.3707 7.9
      vertex 28.2267 29.3828 7.9
    endloop
  endfacet
  facet normal 0 0 -1
    outer loop
      vertex 27.9996 27.2218 7.9
      vertex 28.1122 29.3707 7.9
      vertex 28.1122 27.1978 7.9
    endloop
  endfacet
  facet normal 0 0 -1
    outer loop
      vertex 27.9996 27.2218 7.9
      vertex 27.9996 29.3468 7.9
      vertex 28.1122 29.3707 7.9
    endloop
  endfacet
  facet normal 0 0 -1
    outer loop
      vertex 27.8901 27.2573 7.9
      vertex 27.9996 29.3468 7.9
      vertex 27.9996 27.2218 7.9
    endloop
  endfacet
  facet normal 0 0 -1
    outer loop
      vertex 27.8901 27.2573 7.9
      vertex 27.8901 29.3112 7.9
      vertex 27.9996 29.3468 7.9
    endloop
  endfacet
  facet normal 0 0 -1
    outer loop
      vertex 27.7849 27.3042 7.9
      vertex 27.8901 29.3112 7.9
      vertex 27.8901 27.2573 7.9
    endloop
  endfacet
  facet normal 0 0 -1
    outer loop
      vertex 27.7849 27.3042 7.9
      vertex 27.7849 29.2644 7.9
      vertex 27.8901 29.3112 7.9
    endloop
  endfacet
  facet normal 0 0 -1
    outer loop
      vertex 27.6852 27.3617 7.9
      vertex 27.7849 29.2644 7.9
      vertex 27.7849 27.3042 7.9
    endloop
  endfacet
  facet normal 0 0 -1
    outer loop
      vertex 27.6852 27.3617 7.9
      vertex 27.6852 29.2068 7.9
      vertex 27.7849 29.2644 7.9
    endloop
  endfacet
  facet normal 0 0 -1
    outer loop
      vertex 27.592 27.4294 7.9
      vertex 27.6852 29.2068 7.9
      vertex 27.6852 27.3617 7.9
    endloop
  endfacet
  facet normal 0 0 -1
    outer loop
      vertex 27.592 27.4294 7.9
      vertex 27.592 29.1391 7.9
      vertex 27.6852 29.2068 7.9
    endloop
  endfacet
  facet normal 0 0 -1
    outer loop
      vertex 27.5065 27.5065 7.9
      vertex 27.592 29.1391 7.9
      vertex 27.592 27.4294 7.9
    endloop
  endfacet
  facet normal 0 0 -1
    outer loop
      vertex 27.5065 27.5065 7.9
      vertex 27.5065 29.0621 7.9
      vertex 27.592 29.1391 7.9
    endloop
  endfacet
  facet normal 0 0 -1
    outer loop
      vertex 27.4294 27.592 7.9
      vertex 27.5065 29.0621 7.9
      vertex 27.5065 27.5065 7.9
    endloop
  endfacet
  facet normal 0 0 -1
    outer loop
      vertex 27.4294 27.592 7.9
      vertex 27.4294 28.9765 7.9
      vertex 27.5065 29.0621 7.9
    endloop
  endfacet
  facet normal 0 0 -1
    outer loop
      vertex 27.3617 27.6852 7.9
      vertex 27.4294 28.9765 7.9
      vertex 27.4294 27.592 7.9
    endloop
  endfacet
  facet normal 0 0 -1
    outer loop
      vertex 27.3617 27.6852 7.9
      vertex 27.3617 28.8834 7.9
      vertex 27.4294 28.9765 7.9
    endloop
  endfacet
  facet normal 0 0 -1
    outer loop
      vertex 27.3042 27.7849 7.9
      vertex 27.3617 28.8834 7.9
      vertex 27.3617 27.6852 7.9
    endloop
  endfacet
  facet normal 0 0 -1
    outer loop
      vertex 27.3042 27.7849 7.9
      vertex 27.3042 28.7837 7.9
      vertex 27.3617 28.8834 7.9
    endloop
  endfacet
  facet normal 0 0 -1
    outer loop
      vertex 27.2573 27.8901 7.9
      vertex 27.3042 28.7837 7.9
      vertex 27.3042 27.7849 7.9
    endloop
  endfacet
  facet normal 0 0 -1
    outer loop
      vertex 27.2573 27.8901 7.9
      vertex 27.2573 28.6785 7.9
      vertex 27.3042 28.7837 7.9
    endloop
  endfacet
  facet normal 0 0 -1
    outer loop
      vertex 27.2218 27.9996 7.9
      vertex 27.2573 28.6785 7.9
      vertex 27.2573 27.8901 7.9
    endloop
  endfacet
  facet normal 0 0 -1
    outer loop
      vertex 27.2218 27.9996 7.9
      vertex 27.2218 28.569 7.9
      vertex 27.2573 28.6785 7.9
    endloop
  endfacet
  facet normal 0 0 -1
    outer loop
      vertex 27.1978 28.1122 7.9
      vertex 27.2218 28.569 7.9
      vertex 27.2218 27.9996 7.9
    endloop
  endfacet
  facet normal 0 0 -1
    outer loop
      vertex 27.1978 28.1122 7.9
      vertex 27.1978 28.4563 7.9
      vertex 27.2218 28.569 7.9
    endloop
  endfacet
  facet normal 0 0 -1
    outer loop
      vertex 27.1858 28.2267 7.9
      vertex 27.1978 28.4563 7.9
      vertex 27.1978 28.1122 7.9
    endloop
  endfacet
  facet normal 0 0 -1
    outer loop
      vertex 27.1978 28.4563 7.9
      vertex 27.1858 28.2267 7.9
      vertex 27.1858 28.3418 7.9
    endloop
  endfacet
  facet normal 0.994522 -0.10453 0
    outer loop
      vertex 27.1858 28.3418 7.9
      vertex 27.1978 28.4563 0
      vertex 27.1978 28.4563 7.9
    endloop
  endfacet
  facet normal 0.994522 -0.10453 0
    outer loop
      vertex 27.1978 28.4563 0
      vertex 27.1858 28.3418 7.9
      vertex 27.1858 28.3418 0
    endloop
  endfacet
  facet normal 0.951056 -0.309018 0
    outer loop
      vertex 27.2218 28.569 7.9
      vertex 27.2573 28.6785 0
      vertex 27.2573 28.6785 7.9
    endloop
  endfacet
  facet normal 0.951056 -0.309018 0
    outer loop
      vertex 27.2573 28.6785 0
      vertex 27.2218 28.569 7.9
      vertex 27.2218 28.569 0
    endloop
  endfacet
  facet normal 0.866031 -0.499991 0
    outer loop
      vertex 27.3042 28.7837 7.9
      vertex 27.3617 28.8834 0
      vertex 27.3617 28.8834 7.9
    endloop
  endfacet
  facet normal 0.866031 -0.499991 0
    outer loop
      vertex 27.3617 28.8834 0
      vertex 27.3042 28.7837 7.9
      vertex 27.3042 28.7837 0
    endloop
  endfacet
  facet normal -0.809024 -0.587776 0
    outer loop
      vertex 29.2068 28.8834 0
      vertex 29.1391 28.9765 7.9
      vertex 29.1391 28.9765 0
    endloop
  endfacet
  facet normal -0.809024 -0.587776 0
    outer loop
      vertex 29.1391 28.9765 7.9
      vertex 29.2068 28.8834 0
      vertex 29.2068 28.8834 7.9
    endloop
  endfacet
  facet normal -0.994522 -0.10453 0
    outer loop
      vertex 29.3828 28.3418 0
      vertex 29.3707 28.4563 7.9
      vertex 29.3707 28.4563 0
    endloop
  endfacet
  facet normal -0.994522 -0.10453 0
    outer loop
      vertex 29.3707 28.4563 7.9
      vertex 29.3828 28.3418 0
      vertex 29.3828 28.3418 7.9
    endloop
  endfacet
  facet normal -0.406744 0.913542 0
    outer loop
      vertex 28.7837 27.3042 0
      vertex 28.6785 27.2573 7.9
      vertex 28.7837 27.3042 7.9
    endloop
  endfacet
  facet normal -0.406744 0.913542 0
    outer loop
      vertex 28.6785 27.2573 7.9
      vertex 28.7837 27.3042 0
      vertex 28.6785 27.2573 0
    endloop
  endfacet
  facet normal 0.104531 0.994522 -0
    outer loop
      vertex 28.2267 27.1858 0
      vertex 28.1122 27.1978 7.9
      vertex 28.2267 27.1858 7.9
    endloop
  endfacet
  facet normal 0.104531 0.994522 0
    outer loop
      vertex 28.1122 27.1978 7.9
      vertex 28.2267 27.1858 0
      vertex 28.1122 27.1978 0
    endloop
  endfacet
  facet normal 0.499991 0.866031 -0
    outer loop
      vertex 27.7849 27.3042 0
      vertex 27.6852 27.3617 7.9
      vertex 27.7849 27.3042 7.9
    endloop
  endfacet
  facet normal 0.499991 0.866031 0
    outer loop
      vertex 27.6852 27.3617 7.9
      vertex 27.7849 27.3042 0
      vertex 27.6852 27.3617 0
    endloop
  endfacet
  facet normal 0.669148 0.743129 -0
    outer loop
      vertex 27.592 27.4294 0
      vertex 27.5065 27.5065 7.9
      vertex 27.592 27.4294 7.9
    endloop
  endfacet
  facet normal 0.669148 0.743129 0
    outer loop
      vertex 27.5065 27.5065 7.9
      vertex 27.592 27.4294 0
      vertex 27.5065 27.5065 0
    endloop
  endfacet
  facet normal -0.913542 -0.406744 0
    outer loop
      vertex 29.3112 28.6785 0
      vertex 29.2644 28.7837 7.9
      vertex 29.2644 28.7837 0
    endloop
  endfacet
  facet normal -0.913542 -0.406744 0
    outer loop
      vertex 29.2644 28.7837 7.9
      vertex 29.3112 28.6785 0
      vertex 29.3112 28.6785 7.9
    endloop
  endfacet
  facet normal -0.951056 -0.309018 0
    outer loop
      vertex 29.3468 28.569 0
      vertex 29.3112 28.6785 7.9
      vertex 29.3112 28.6785 0
    endloop
  endfacet
  facet normal -0.951056 -0.309018 0
    outer loop
      vertex 29.3112 28.6785 7.9
      vertex 29.3468 28.569 0
      vertex 29.3468 28.569 7.9
    endloop
  endfacet
  facet normal -0.743138 0.669139 0
    outer loop
      vertex 29.0621 27.5065 0
      vertex 29.1391 27.592 7.9
      vertex 29.1391 27.592 0
    endloop
  endfacet
  facet normal -0.743138 0.669139 0
    outer loop
      vertex 29.1391 27.592 7.9
      vertex 29.0621 27.5065 0
      vertex 29.0621 27.5065 7.9
    endloop
  endfacet
  facet normal -0.499991 0.866031 0
    outer loop
      vertex 28.8834 27.3617 0
      vertex 28.7837 27.3042 7.9
      vertex 28.8834 27.3617 7.9
    endloop
  endfacet
  facet normal -0.499991 0.866031 0
    outer loop
      vertex 28.7837 27.3042 7.9
      vertex 28.8834 27.3617 0
      vertex 28.7837 27.3042 0
    endloop
  endfacet
  facet normal 0 1 -0
    outer loop
      vertex 28.3418 27.1858 0
      vertex 28.2267 27.1858 7.9
      vertex 28.3418 27.1858 7.9
    endloop
  endfacet
  facet normal 0 1 0
    outer loop
      vertex 28.2267 27.1858 7.9
      vertex 28.3418 27.1858 0
      vertex 28.2267 27.1858 0
    endloop
  endfacet
  facet normal 0.587776 0.809024 -0
    outer loop
      vertex 27.6852 27.3617 0
      vertex 27.592 27.4294 7.9
      vertex 27.6852 27.3617 7.9
    endloop
  endfacet
  facet normal 0.587776 0.809024 0
    outer loop
      vertex 27.592 27.4294 7.9
      vertex 27.6852 27.3617 0
      vertex 27.592 27.4294 0
    endloop
  endfacet
  facet normal -0.994522 0.104531 0
    outer loop
      vertex 29.3707 28.1122 0
      vertex 29.3828 28.2267 7.9
      vertex 29.3828 28.2267 0
    endloop
  endfacet
  facet normal -0.994522 0.104531 0
    outer loop
      vertex 29.3828 28.2267 7.9
      vertex 29.3707 28.1122 0
      vertex 29.3707 28.1122 7.9
    endloop
  endfacet
  facet normal -0.978151 0.207895 0
    outer loop
      vertex 29.3468 27.9996 0
      vertex 29.3707 28.1122 7.9
      vertex 29.3707 28.1122 0
    endloop
  endfacet
  facet normal -0.978151 0.207895 0
    outer loop
      vertex 29.3707 28.1122 7.9
      vertex 29.3468 27.9996 0
      vertex 29.3468 27.9996 7.9
    endloop
  endfacet
  facet normal -1 0 0
    outer loop
      vertex 29.3828 28.2267 0
      vertex 29.3828 28.3418 7.9
      vertex 29.3828 28.3418 0
    endloop
  endfacet
  facet normal -1 -0 0
    outer loop
      vertex 29.3828 28.3418 7.9
      vertex 29.3828 28.2267 0
      vertex 29.3828 28.2267 7.9
    endloop
  endfacet
  facet normal -0.587776 0.809024 0
    outer loop
      vertex 28.9765 27.4294 0
      vertex 28.8834 27.3617 7.9
      vertex 28.9765 27.4294 7.9
    endloop
  endfacet
  facet normal -0.587776 0.809024 0
    outer loop
      vertex 28.8834 27.3617 7.9
      vertex 28.9765 27.4294 0
      vertex 28.8834 27.3617 0
    endloop
  endfacet
  facet normal -0.10453 0.994522 0
    outer loop
      vertex 28.4563 27.1978 0
      vertex 28.3418 27.1858 7.9
      vertex 28.4563 27.1978 7.9
    endloop
  endfacet
  facet normal -0.10453 0.994522 0
    outer loop
      vertex 28.3418 27.1858 7.9
      vertex 28.4563 27.1978 0
      vertex 28.3418 27.1858 0
    endloop
  endfacet
  facet normal -0.309018 0.951056 0
    outer loop
      vertex 28.6785 27.2573 0
      vertex 28.569 27.2218 7.9
      vertex 28.6785 27.2573 7.9
    endloop
  endfacet
  facet normal -0.309018 0.951056 0
    outer loop
      vertex 28.569 27.2218 7.9
      vertex 28.6785 27.2573 0
      vertex 28.569 27.2218 0
    endloop
  endfacet
  facet normal 0.207895 0.978151 -0
    outer loop
      vertex 28.1122 27.1978 0
      vertex 27.9996 27.2218 7.9
      vertex 28.1122 27.1978 7.9
    endloop
  endfacet
  facet normal 0.207895 0.978151 0
    outer loop
      vertex 27.9996 27.2218 7.9
      vertex 28.1122 27.1978 0
      vertex 27.9996 27.2218 0
    endloop
  endfacet
  facet normal 0.309018 0.951056 -0
    outer loop
      vertex 27.9996 27.2218 0
      vertex 27.8901 27.2573 7.9
      vertex 27.9996 27.2218 7.9
    endloop
  endfacet
  facet normal 0.309018 0.951056 0
    outer loop
      vertex 27.8901 27.2573 7.9
      vertex 27.9996 27.2218 0
      vertex 27.8901 27.2573 0
    endloop
  endfacet
  facet normal -0.207899 0.97815 0
    outer loop
      vertex 28.569 27.2218 0
      vertex 28.4563 27.1978 7.9
      vertex 28.569 27.2218 7.9
    endloop
  endfacet
  facet normal -0.207899 0.97815 0
    outer loop
      vertex 28.4563 27.1978 7.9
      vertex 28.569 27.2218 0
      vertex 28.4563 27.1978 0
    endloop
  endfacet
  facet normal 0.743138 -0.669139 0
    outer loop
      vertex -29.1391 28.9765 7.9
      vertex -29.0621 29.0621 0
      vertex -29.0621 29.0621 7.9
    endloop
  endfacet
  facet normal 0.743138 -0.669139 0
    outer loop
      vertex -29.0621 29.0621 0
      vertex -29.1391 28.9765 7.9
      vertex -29.1391 28.9765 0
    endloop
  endfacet
  facet normal 1 -0 0
    outer loop
      vertex -29.3828 28.2267 7.9
      vertex -29.3828 28.3418 0
      vertex -29.3828 28.3418 7.9
    endloop
  endfacet
  facet normal 1 0 0
    outer loop
      vertex -29.3828 28.3418 0
      vertex -29.3828 28.2267 7.9
      vertex -29.3828 28.2267 0
    endloop
  endfacet
  facet normal 0 -1 0
    outer loop
      vertex -28.3418 29.3828 0
      vertex -28.2267 29.3828 7.9
      vertex -28.3418 29.3828 7.9
    endloop
  endfacet
  facet normal 0 -1 -0
    outer loop
      vertex -28.2267 29.3828 7.9
      vertex -28.3418 29.3828 0
      vertex -28.2267 29.3828 0
    endloop
  endfacet
  facet normal 0.913542 -0.406744 0
    outer loop
      vertex -29.3112 28.6785 7.9
      vertex -29.2644 28.7837 0
      vertex -29.2644 28.7837 7.9
    endloop
  endfacet
  facet normal 0.913542 -0.406744 0
    outer loop
      vertex -29.2644 28.7837 0
      vertex -29.3112 28.6785 7.9
      vertex -29.3112 28.6785 0
    endloop
  endfacet
  facet normal 0.809024 -0.587776 0
    outer loop
      vertex -29.2068 28.8834 7.9
      vertex -29.1391 28.9765 0
      vertex -29.1391 28.9765 7.9
    endloop
  endfacet
  facet normal 0.809024 -0.587776 0
    outer loop
      vertex -29.1391 28.9765 0
      vertex -29.2068 28.8834 7.9
      vertex -29.2068 28.8834 0
    endloop
  endfacet
  facet normal 0.669148 0.743129 -0
    outer loop
      vertex -28.9765 27.4294 0
      vertex -29.0621 27.5065 7.9
      vertex -28.9765 27.4294 7.9
    endloop
  endfacet
  facet normal 0.669148 0.743129 0
    outer loop
      vertex -29.0621 27.5065 7.9
      vertex -28.9765 27.4294 0
      vertex -29.0621 27.5065 0
    endloop
  endfacet
  facet normal 0.913539 0.40675 0
    outer loop
      vertex -29.2644 27.7849 7.9
      vertex -29.3112 27.8901 0
      vertex -29.3112 27.8901 7.9
    endloop
  endfacet
  facet normal 0.913539 0.40675 0
    outer loop
      vertex -29.3112 27.8901 0
      vertex -29.2644 27.7849 7.9
      vertex -29.2644 27.7849 0
    endloop
  endfacet
  facet normal -0.669148 0.743129 0
    outer loop
      vertex -27.5065 27.5065 0
      vertex -27.592 27.4294 7.9
      vertex -27.5065 27.5065 7.9
    endloop
  endfacet
  facet normal -0.669148 0.743129 0
    outer loop
      vertex -27.592 27.4294 7.9
      vertex -27.5065 27.5065 0
      vertex -27.592 27.4294 0
    endloop
  endfacet
  facet normal 0 1 -0
    outer loop
      vertex -28.2267 27.1858 0
      vertex -28.3418 27.1858 7.9
      vertex -28.2267 27.1858 7.9
    endloop
  endfacet
  facet normal 0 1 0
    outer loop
      vertex -28.3418 27.1858 7.9
      vertex -28.2267 27.1858 0
      vertex -28.3418 27.1858 0
    endloop
  endfacet
  facet normal 0.406744 0.913542 -0
    outer loop
      vertex -28.6785 27.2573 0
      vertex -28.7837 27.3042 7.9
      vertex -28.6785 27.2573 7.9
    endloop
  endfacet
  facet normal 0.406744 0.913542 0
    outer loop
      vertex -28.7837 27.3042 7.9
      vertex -28.6785 27.2573 0
      vertex -28.7837 27.3042 0
    endloop
  endfacet
  facet normal 0.587776 0.809024 -0
    outer loop
      vertex -28.8834 27.3617 0
      vertex -28.9765 27.4294 7.9
      vertex -28.8834 27.3617 7.9
    endloop
  endfacet
  facet normal 0.587776 0.809024 0
    outer loop
      vertex -28.9765 27.4294 7.9
      vertex -28.8834 27.3617 0
      vertex -28.9765 27.4294 0
    endloop
  endfacet
  facet normal -0.40675 -0.913539 0
    outer loop
      vertex -27.8901 29.3112 0
      vertex -27.7849 29.2644 7.9
      vertex -27.8901 29.3112 7.9
    endloop
  endfacet
  facet normal -0.40675 -0.913539 -0
    outer loop
      vertex -27.7849 29.2644 7.9
      vertex -27.8901 29.3112 0
      vertex -27.7849 29.2644 0
    endloop
  endfacet
  facet normal 0.866023 -0.500004 0
    outer loop
      vertex -29.2644 28.7837 7.9
      vertex -29.2068 28.8834 0
      vertex -29.2068 28.8834 7.9
    endloop
  endfacet
  facet normal 0.866023 -0.500004 0
    outer loop
      vertex -29.2068 28.8834 0
      vertex -29.2644 28.7837 7.9
      vertex -29.2644 28.7837 0
    endloop
  endfacet
  facet normal 0.97815 -0.207899 0
    outer loop
      vertex -29.3707 28.4563 7.9
      vertex -29.3468 28.569 0
      vertex -29.3468 28.569 7.9
    endloop
  endfacet
  facet normal 0.97815 -0.207899 0
    outer loop
      vertex -29.3468 28.569 0
      vertex -29.3707 28.4563 7.9
      vertex -29.3707 28.4563 0
    endloop
  endfacet
  facet normal 0.994522 -0.10453 0
    outer loop
      vertex -29.3828 28.3418 7.9
      vertex -29.3707 28.4563 0
      vertex -29.3707 28.4563 7.9
    endloop
  endfacet
  facet normal 0.994522 -0.10453 0
    outer loop
      vertex -29.3707 28.4563 0
      vertex -29.3828 28.3418 7.9
      vertex -29.3828 28.3418 0
    endloop
  endfacet
  facet normal 0 0 -1
    outer loop
      vertex -27.1978 28.1122 7.9
      vertex -27.1858 28.3418 7.9
      vertex -27.1858 28.2267 7.9
    endloop
  endfacet
  facet normal 0 0 -1
    outer loop
      vertex -27.1978 28.1122 7.9
      vertex -27.1978 28.4563 7.9
      vertex -27.1858 28.3418 7.9
    endloop
  endfacet
  facet normal 0 0 -1
    outer loop
      vertex -27.2218 27.9996 7.9
      vertex -27.1978 28.4563 7.9
      vertex -27.1978 28.1122 7.9
    endloop
  endfacet
  facet normal 0 0 -1
    outer loop
      vertex -27.2218 27.9996 7.9
      vertex -27.2218 28.569 7.9
      vertex -27.1978 28.4563 7.9
    endloop
  endfacet
  facet normal 0 0 -1
    outer loop
      vertex -27.2573 27.8901 7.9
      vertex -27.2218 28.569 7.9
      vertex -27.2218 27.9996 7.9
    endloop
  endfacet
  facet normal 0 0 -1
    outer loop
      vertex -27.2573 27.8901 7.9
      vertex -27.2573 28.6785 7.9
      vertex -27.2218 28.569 7.9
    endloop
  endfacet
  facet normal 0 0 -1
    outer loop
      vertex -27.3042 27.7849 7.9
      vertex -27.2573 28.6785 7.9
      vertex -27.2573 27.8901 7.9
    endloop
  endfacet
  facet normal 0 0 -1
    outer loop
      vertex -27.3042 27.7849 7.9
      vertex -27.3042 28.7837 7.9
      vertex -27.2573 28.6785 7.9
    endloop
  endfacet
  facet normal 0 0 -1
    outer loop
      vertex -27.3617 27.6852 7.9
      vertex -27.3042 28.7837 7.9
      vertex -27.3042 27.7849 7.9
    endloop
  endfacet
  facet normal 0 0 -1
    outer loop
      vertex -27.3617 27.6852 7.9
      vertex -27.3617 28.8834 7.9
      vertex -27.3042 28.7837 7.9
    endloop
  endfacet
  facet normal 0 0 -1
    outer loop
      vertex -27.4294 27.592 7.9
      vertex -27.3617 28.8834 7.9
      vertex -27.3617 27.6852 7.9
    endloop
  endfacet
  facet normal 0 0 -1
    outer loop
      vertex -27.4294 27.592 7.9
      vertex -27.4294 28.9765 7.9
      vertex -27.3617 28.8834 7.9
    endloop
  endfacet
  facet normal 0 0 -1
    outer loop
      vertex -27.5065 27.5065 7.9
      vertex -27.4294 28.9765 7.9
      vertex -27.4294 27.592 7.9
    endloop
  endfacet
  facet normal 0 0 -1
    outer loop
      vertex -27.5065 27.5065 7.9
      vertex -27.5065 29.0621 7.9
      vertex -27.4294 28.9765 7.9
    endloop
  endfacet
  facet normal 0 0 -1
    outer loop
      vertex -27.592 27.4294 7.9
      vertex -27.5065 29.0621 7.9
      vertex -27.5065 27.5065 7.9
    endloop
  endfacet
  facet normal 0 0 -1
    outer loop
      vertex -27.592 27.4294 7.9
      vertex -27.592 29.1391 7.9
      vertex -27.5065 29.0621 7.9
    endloop
  endfacet
  facet normal 0 0 -1
    outer loop
      vertex -27.6852 27.3617 7.9
      vertex -27.592 29.1391 7.9
      vertex -27.592 27.4294 7.9
    endloop
  endfacet
  facet normal 0 0 -1
    outer loop
      vertex -27.6852 27.3617 7.9
      vertex -27.6852 29.2068 7.9
      vertex -27.592 29.1391 7.9
    endloop
  endfacet
  facet normal 0 0 -1
    outer loop
      vertex -27.7849 27.3042 7.9
      vertex -27.6852 29.2068 7.9
      vertex -27.6852 27.3617 7.9
    endloop
  endfacet
  facet normal 0 0 -1
    outer loop
      vertex -27.7849 27.3042 7.9
      vertex -27.7849 29.2644 7.9
      vertex -27.6852 29.2068 7.9
    endloop
  endfacet
  facet normal 0 0 -1
    outer loop
      vertex -27.8901 27.2573 7.9
      vertex -27.7849 29.2644 7.9
      vertex -27.7849 27.3042 7.9
    endloop
  endfacet
  facet normal 0 0 -1
    outer loop
      vertex -27.8901 27.2573 7.9
      vertex -27.8901 29.3112 7.9
      vertex -27.7849 29.2644 7.9
    endloop
  endfacet
  facet normal 0 0 -1
    outer loop
      vertex -27.9996 27.2218 7.9
      vertex -27.8901 29.3112 7.9
      vertex -27.8901 27.2573 7.9
    endloop
  endfacet
  facet normal 0 0 -1
    outer loop
      vertex -27.9996 27.2218 7.9
      vertex -27.9996 29.3468 7.9
      vertex -27.8901 29.3112 7.9
    endloop
  endfacet
  facet normal 0 0 -1
    outer loop
      vertex -28.1122 27.1978 7.9
      vertex -27.9996 29.3468 7.9
      vertex -27.9996 27.2218 7.9
    endloop
  endfacet
  facet normal 0 0 -1
    outer loop
      vertex -28.1122 27.1978 7.9
      vertex -28.1122 29.3707 7.9
      vertex -27.9996 29.3468 7.9
    endloop
  endfacet
  facet normal 0 0 -1
    outer loop
      vertex -28.2267 27.1858 7.9
      vertex -28.1122 29.3707 7.9
      vertex -28.1122 27.1978 7.9
    endloop
  endfacet
  facet normal 0 0 -1
    outer loop
      vertex -28.2267 27.1858 7.9
      vertex -28.2267 29.3828 7.9
      vertex -28.1122 29.3707 7.9
    endloop
  endfacet
  facet normal 0 0 -1
    outer loop
      vertex -28.3418 27.1858 7.9
      vertex -28.2267 29.3828 7.9
      vertex -28.2267 27.1858 7.9
    endloop
  endfacet
  facet normal 0 0 -1
    outer loop
      vertex -28.3418 27.1858 7.9
      vertex -28.3418 29.3828 7.9
      vertex -28.2267 29.3828 7.9
    endloop
  endfacet
  facet normal 0 0 -1
    outer loop
      vertex -28.4563 27.1978 7.9
      vertex -28.3418 29.3828 7.9
      vertex -28.3418 27.1858 7.9
    endloop
  endfacet
  facet normal 0 0 -1
    outer loop
      vertex -28.4563 27.1978 7.9
      vertex -28.4563 29.3707 7.9
      vertex -28.3418 29.3828 7.9
    endloop
  endfacet
  facet normal 0 0 -1
    outer loop
      vertex -28.569 27.2218 7.9
      vertex -28.4563 29.3707 7.9
      vertex -28.4563 27.1978 7.9
    endloop
  endfacet
  facet normal 0 0 -1
    outer loop
      vertex -28.569 27.2218 7.9
      vertex -28.569 29.3468 7.9
      vertex -28.4563 29.3707 7.9
    endloop
  endfacet
  facet normal 0 0 -1
    outer loop
      vertex -28.6785 27.2573 7.9
      vertex -28.569 29.3468 7.9
      vertex -28.569 27.2218 7.9
    endloop
  endfacet
  facet normal 0 0 -1
    outer loop
      vertex -28.6785 27.2573 7.9
      vertex -28.6785 29.3112 7.9
      vertex -28.569 29.3468 7.9
    endloop
  endfacet
  facet normal 0 0 -1
    outer loop
      vertex -28.7837 27.3042 7.9
      vertex -28.6785 29.3112 7.9
      vertex -28.6785 27.2573 7.9
    endloop
  endfacet
  facet normal 0 0 -1
    outer loop
      vertex -28.7837 27.3042 7.9
      vertex -28.7837 29.2644 7.9
      vertex -28.6785 29.3112 7.9
    endloop
  endfacet
  facet normal 0 0 -1
    outer loop
      vertex -28.8834 27.3617 7.9
      vertex -28.7837 29.2644 7.9
      vertex -28.7837 27.3042 7.9
    endloop
  endfacet
  facet normal 0 0 -1
    outer loop
      vertex -28.8834 27.3617 7.9
      vertex -28.8834 29.2068 7.9
      vertex -28.7837 29.2644 7.9
    endloop
  endfacet
  facet normal 0 0 -1
    outer loop
      vertex -28.9765 27.4294 7.9
      vertex -28.8834 29.2068 7.9
      vertex -28.8834 27.3617 7.9
    endloop
  endfacet
  facet normal 0 0 -1
    outer loop
      vertex -28.9765 27.4294 7.9
      vertex -28.9765 29.1391 7.9
      vertex -28.8834 29.2068 7.9
    endloop
  endfacet
  facet normal 0 0 -1
    outer loop
      vertex -29.0621 27.5065 7.9
      vertex -28.9765 29.1391 7.9
      vertex -28.9765 27.4294 7.9
    endloop
  endfacet
  facet normal 0 0 -1
    outer loop
      vertex -29.0621 27.5065 7.9
      vertex -29.0621 29.0621 7.9
      vertex -28.9765 29.1391 7.9
    endloop
  endfacet
  facet normal 0 0 -1
    outer loop
      vertex -29.1391 27.592 7.9
      vertex -29.0621 29.0621 7.9
      vertex -29.0621 27.5065 7.9
    endloop
  endfacet
  facet normal 0 0 -1
    outer loop
      vertex -29.1391 27.592 7.9
      vertex -29.1391 28.9765 7.9
      vertex -29.0621 29.0621 7.9
    endloop
  endfacet
  facet normal 0 0 -1
    outer loop
      vertex -29.2068 27.6852 7.9
      vertex -29.1391 28.9765 7.9
      vertex -29.1391 27.592 7.9
    endloop
  endfacet
  facet normal 0 0 -1
    outer loop
      vertex -29.2068 27.6852 7.9
      vertex -29.2068 28.8834 7.9
      vertex -29.1391 28.9765 7.9
    endloop
  endfacet
  facet normal 0 0 -1
    outer loop
      vertex -29.2644 27.7849 7.9
      vertex -29.2068 28.8834 7.9
      vertex -29.2068 27.6852 7.9
    endloop
  endfacet
  facet normal 0 0 -1
    outer loop
      vertex -29.2644 27.7849 7.9
      vertex -29.2644 28.7837 7.9
      vertex -29.2068 28.8834 7.9
    endloop
  endfacet
  facet normal 0 0 -1
    outer loop
      vertex -29.3112 27.8901 7.9
      vertex -29.2644 28.7837 7.9
      vertex -29.2644 27.7849 7.9
    endloop
  endfacet
  facet normal 0 0 -1
    outer loop
      vertex -29.3112 27.8901 7.9
      vertex -29.3112 28.6785 7.9
      vertex -29.2644 28.7837 7.9
    endloop
  endfacet
  facet normal 0 0 -1
    outer loop
      vertex -29.3468 27.9996 7.9
      vertex -29.3112 28.6785 7.9
      vertex -29.3112 27.8901 7.9
    endloop
  endfacet
  facet normal 0 0 -1
    outer loop
      vertex -29.3468 27.9996 7.9
      vertex -29.3468 28.569 7.9
      vertex -29.3112 28.6785 7.9
    endloop
  endfacet
  facet normal 0 0 -1
    outer loop
      vertex -29.3707 28.1122 7.9
      vertex -29.3468 28.569 7.9
      vertex -29.3468 27.9996 7.9
    endloop
  endfacet
  facet normal 0 0 -1
    outer loop
      vertex -29.3707 28.1122 7.9
      vertex -29.3707 28.4563 7.9
      vertex -29.3468 28.569 7.9
    endloop
  endfacet
  facet normal 0 0 -1
    outer loop
      vertex -29.3828 28.2267 7.9
      vertex -29.3707 28.4563 7.9
      vertex -29.3707 28.1122 7.9
    endloop
  endfacet
  facet normal 0 0 -1
    outer loop
      vertex -29.3707 28.4563 7.9
      vertex -29.3828 28.2267 7.9
      vertex -29.3828 28.3418 7.9
    endloop
  endfacet
  facet normal 0.951056 -0.309018 0
    outer loop
      vertex -29.3468 28.569 7.9
      vertex -29.3112 28.6785 0
      vertex -29.3112 28.6785 7.9
    endloop
  endfacet
  facet normal 0.951056 -0.309018 0
    outer loop
      vertex -29.3112 28.6785 0
      vertex -29.3468 28.569 7.9
      vertex -29.3468 28.569 0
    endloop
  endfacet
  facet normal 0.809024 0.587776 0
    outer loop
      vertex -29.1391 27.592 7.9
      vertex -29.2068 27.6852 0
      vertex -29.2068 27.6852 7.9
    endloop
  endfacet
  facet normal 0.809024 0.587776 0
    outer loop
      vertex -29.2068 27.6852 0
      vertex -29.1391 27.592 7.9
      vertex -29.1391 27.592 0
    endloop
  endfacet
  facet normal 0.866023 0.500004 0
    outer loop
      vertex -29.2068 27.6852 7.9
      vertex -29.2644 27.7849 0
      vertex -29.2644 27.7849 7.9
    endloop
  endfacet
  facet normal 0.866023 0.500004 0
    outer loop
      vertex -29.2644 27.7849 0
      vertex -29.2068 27.6852 7.9
      vertex -29.2068 27.6852 0
    endloop
  endfacet
  facet normal 0.743138 0.669139 0
    outer loop
      vertex -29.0621 27.5065 7.9
      vertex -29.1391 27.592 0
      vertex -29.1391 27.592 7.9
    endloop
  endfacet
  facet normal 0.743138 0.669139 0
    outer loop
      vertex -29.1391 27.592 0
      vertex -29.0621 27.5065 7.9
      vertex -29.0621 27.5065 0
    endloop
  endfacet
  facet normal 0.994522 0.104531 0
    outer loop
      vertex -29.3707 28.1122 7.9
      vertex -29.3828 28.2267 0
      vertex -29.3828 28.2267 7.9
    endloop
  endfacet
  facet normal 0.994522 0.104531 0
    outer loop
      vertex -29.3828 28.2267 0
      vertex -29.3707 28.1122 7.9
      vertex -29.3707 28.1122 0
    endloop
  endfacet
  facet normal 0.951056 0.309018 0
    outer loop
      vertex -29.3112 27.8901 7.9
      vertex -29.3468 27.9996 0
      vertex -29.3468 27.9996 7.9
    endloop
  endfacet
  facet normal 0.951056 0.309018 0
    outer loop
      vertex -29.3468 27.9996 0
      vertex -29.3112 27.8901 7.9
      vertex -29.3112 27.8901 0
    endloop
  endfacet
  facet normal -0.499991 0.866031 0
    outer loop
      vertex -27.6852 27.3617 0
      vertex -27.7849 27.3042 7.9
      vertex -27.6852 27.3617 7.9
    endloop
  endfacet
  facet normal -0.499991 0.866031 0
    outer loop
      vertex -27.7849 27.3042 7.9
      vertex -27.6852 27.3617 0
      vertex -27.7849 27.3042 0
    endloop
  endfacet
  facet normal -0.309018 0.951056 0
    outer loop
      vertex -27.8901 27.2573 0
      vertex -27.9996 27.2218 7.9
      vertex -27.8901 27.2573 7.9
    endloop
  endfacet
  facet normal -0.309018 0.951056 0
    outer loop
      vertex -27.9996 27.2218 7.9
      vertex -27.8901 27.2573 0
      vertex -27.9996 27.2218 0
    endloop
  endfacet
  facet normal -0.104531 0.994522 0
    outer loop
      vertex -28.1122 27.1978 0
      vertex -28.2267 27.1858 7.9
      vertex -28.1122 27.1978 7.9
    endloop
  endfacet
  facet normal -0.104531 0.994522 0
    outer loop
      vertex -28.2267 27.1858 7.9
      vertex -28.1122 27.1978 0
      vertex -28.2267 27.1858 0
    endloop
  endfacet
  facet normal -0.207895 0.978151 0
    outer loop
      vertex -27.9996 27.2218 0
      vertex -28.1122 27.1978 7.9
      vertex -27.9996 27.2218 7.9
    endloop
  endfacet
  facet normal -0.207895 0.978151 0
    outer loop
      vertex -28.1122 27.1978 7.9
      vertex -27.9996 27.2218 0
      vertex -28.1122 27.1978 0
    endloop
  endfacet
  facet normal -0.40675 0.913539 0
    outer loop
      vertex -27.7849 27.3042 0
      vertex -27.8901 27.2573 7.9
      vertex -27.7849 27.3042 7.9
    endloop
  endfacet
  facet normal -0.40675 0.913539 0
    outer loop
      vertex -27.8901 27.2573 7.9
      vertex -27.7849 27.3042 0
      vertex -27.8901 27.2573 0
    endloop
  endfacet
  facet normal -0.587776 0.809024 0
    outer loop
      vertex -27.592 27.4294 0
      vertex -27.6852 27.3617 7.9
      vertex -27.592 27.4294 7.9
    endloop
  endfacet
  facet normal -0.587776 0.809024 0
    outer loop
      vertex -27.6852 27.3617 7.9
      vertex -27.592 27.4294 0
      vertex -27.6852 27.3617 0
    endloop
  endfacet
  facet normal 0.207899 0.97815 -0
    outer loop
      vertex -28.4563 27.1978 0
      vertex -28.569 27.2218 7.9
      vertex -28.4563 27.1978 7.9
    endloop
  endfacet
  facet normal 0.207899 0.97815 0
    outer loop
      vertex -28.569 27.2218 7.9
      vertex -28.4563 27.1978 0
      vertex -28.569 27.2218 0
    endloop
  endfacet
  facet normal 0.309018 0.951056 -0
    outer loop
      vertex -28.569 27.2218 0
      vertex -28.6785 27.2573 7.9
      vertex -28.569 27.2218 7.9
    endloop
  endfacet
  facet normal 0.309018 0.951056 0
    outer loop
      vertex -28.6785 27.2573 7.9
      vertex -28.569 27.2218 0
      vertex -28.6785 27.2573 0
    endloop
  endfacet
  facet normal 0.10453 0.994522 -0
    outer loop
      vertex -28.3418 27.1858 0
      vertex -28.4563 27.1978 7.9
      vertex -28.3418 27.1858 7.9
    endloop
  endfacet
  facet normal 0.10453 0.994522 0
    outer loop
      vertex -28.4563 27.1978 7.9
      vertex -28.3418 27.1858 0
      vertex -28.4563 27.1978 0
    endloop
  endfacet
  facet normal 0.499991 0.866031 -0
    outer loop
      vertex -28.7837 27.3042 0
      vertex -28.8834 27.3617 7.9
      vertex -28.7837 27.3042 7.9
    endloop
  endfacet
  facet normal 0.499991 0.866031 0
    outer loop
      vertex -28.8834 27.3617 7.9
      vertex -28.7837 27.3042 0
      vertex -28.8834 27.3617 0
    endloop
  endfacet
  facet normal 0.669139 -0.743138 0
    outer loop
      vertex -29.0621 29.0621 0
      vertex -28.9765 29.1391 7.9
      vertex -29.0621 29.0621 7.9
    endloop
  endfacet
  facet normal 0.669139 -0.743138 0
    outer loop
      vertex -28.9765 29.1391 7.9
      vertex -29.0621 29.0621 0
      vertex -28.9765 29.1391 0
    endloop
  endfacet
  facet normal 0.500004 -0.866023 0
    outer loop
      vertex -28.8834 29.2068 0
      vertex -28.7837 29.2644 7.9
      vertex -28.8834 29.2068 7.9
    endloop
  endfacet
  facet normal 0.500004 -0.866023 0
    outer loop
      vertex -28.7837 29.2644 7.9
      vertex -28.8834 29.2068 0
      vertex -28.7837 29.2644 0
    endloop
  endfacet
  facet normal 0.207899 -0.97815 0
    outer loop
      vertex -28.569 29.3468 0
      vertex -28.4563 29.3707 7.9
      vertex -28.569 29.3468 7.9
    endloop
  endfacet
  facet normal 0.207899 -0.97815 0
    outer loop
      vertex -28.4563 29.3707 7.9
      vertex -28.569 29.3468 0
      vertex -28.4563 29.3707 0
    endloop
  endfacet
  facet normal -0.913539 0.40675 0
    outer loop
      vertex -27.3042 27.7849 0
      vertex -27.2573 27.8901 7.9
      vertex -27.2573 27.8901 0
    endloop
  endfacet
  facet normal -0.913539 0.40675 0
    outer loop
      vertex -27.2573 27.8901 7.9
      vertex -27.3042 27.7849 0
      vertex -27.3042 27.7849 7.9
    endloop
  endfacet
  facet normal -0.500004 -0.866023 0
    outer loop
      vertex -27.7849 29.2644 0
      vertex -27.6852 29.2068 7.9
      vertex -27.7849 29.2644 7.9
    endloop
  endfacet
  facet normal -0.500004 -0.866023 -0
    outer loop
      vertex -27.6852 29.2068 7.9
      vertex -27.7849 29.2644 0
      vertex -27.6852 29.2068 0
    endloop
  endfacet
  facet normal 0.978151 0.207895 0
    outer loop
      vertex -29.3468 27.9996 7.9
      vertex -29.3707 28.1122 0
      vertex -29.3707 28.1122 7.9
    endloop
  endfacet
  facet normal 0.978151 0.207895 0
    outer loop
      vertex -29.3707 28.1122 0
      vertex -29.3468 27.9996 7.9
      vertex -29.3468 27.9996 0
    endloop
  endfacet
  facet normal 0.587776 -0.809024 0
    outer loop
      vertex -28.9765 29.1391 0
      vertex -28.8834 29.2068 7.9
      vertex -28.9765 29.1391 7.9
    endloop
  endfacet
  facet normal 0.587776 -0.809024 0
    outer loop
      vertex -28.8834 29.2068 7.9
      vertex -28.9765 29.1391 0
      vertex -28.8834 29.2068 0
    endloop
  endfacet
  facet normal -0.309018 -0.951056 0
    outer loop
      vertex -27.9996 29.3468 0
      vertex -27.8901 29.3112 7.9
      vertex -27.9996 29.3468 7.9
    endloop
  endfacet
  facet normal -0.309018 -0.951056 -0
    outer loop
      vertex -27.8901 29.3112 7.9
      vertex -27.9996 29.3468 0
      vertex -27.8901 29.3112 0
    endloop
  endfacet
  facet normal 0.10453 -0.994522 0
    outer loop
      vertex -28.4563 29.3707 0
      vertex -28.3418 29.3828 7.9
      vertex -28.4563 29.3707 7.9
    endloop
  endfacet
  facet normal 0.10453 -0.994522 0
    outer loop
      vertex -28.3418 29.3828 7.9
      vertex -28.4563 29.3707 0
      vertex -28.3418 29.3828 0
    endloop
  endfacet
  facet normal -0.913542 -0.406744 0
    outer loop
      vertex -27.2573 28.6785 0
      vertex -27.3042 28.7837 7.9
      vertex -27.3042 28.7837 0
    endloop
  endfacet
  facet normal -0.913542 -0.406744 0
    outer loop
      vertex -27.3042 28.7837 7.9
      vertex -27.2573 28.6785 0
      vertex -27.2573 28.6785 7.9
    endloop
  endfacet
  facet normal -0.994522 0.104531 0
    outer loop
      vertex -27.1978 28.1122 0
      vertex -27.1858 28.2267 7.9
      vertex -27.1858 28.2267 0
    endloop
  endfacet
  facet normal -0.994522 0.104531 0
    outer loop
      vertex -27.1858 28.2267 7.9
      vertex -27.1978 28.1122 0
      vertex -27.1978 28.1122 7.9
    endloop
  endfacet
  facet normal -0.866031 0.499991 0
    outer loop
      vertex -27.3617 27.6852 0
      vertex -27.3042 27.7849 7.9
      vertex -27.3042 27.7849 0
    endloop
  endfacet
  facet normal -0.866031 0.499991 0
    outer loop
      vertex -27.3042 27.7849 7.9
      vertex -27.3617 27.6852 0
      vertex -27.3617 27.6852 7.9
    endloop
  endfacet
  facet normal -0.743129 0.669148 0
    outer loop
      vertex -27.5065 27.5065 0
      vertex -27.4294 27.592 7.9
      vertex -27.4294 27.592 0
    endloop
  endfacet
  facet normal -0.743129 0.669148 0
    outer loop
      vertex -27.4294 27.592 7.9
      vertex -27.5065 27.5065 0
      vertex -27.5065 27.5065 7.9
    endloop
  endfacet
  facet normal -0.587776 -0.809024 0
    outer loop
      vertex -27.6852 29.2068 0
      vertex -27.592 29.1391 7.9
      vertex -27.6852 29.2068 7.9
    endloop
  endfacet
  facet normal -0.587776 -0.809024 -0
    outer loop
      vertex -27.592 29.1391 7.9
      vertex -27.6852 29.2068 0
      vertex -27.592 29.1391 0
    endloop
  endfacet
  facet normal 0.406744 -0.913542 0
    outer loop
      vertex -28.7837 29.2644 0
      vertex -28.6785 29.3112 7.9
      vertex -28.7837 29.2644 7.9
    endloop
  endfacet
  facet normal 0.406744 -0.913542 0
    outer loop
      vertex -28.6785 29.3112 7.9
      vertex -28.7837 29.2644 0
      vertex -28.6785 29.3112 0
    endloop
  endfacet
  facet normal 0.309018 -0.951056 0
    outer loop
      vertex -28.6785 29.3112 0
      vertex -28.569 29.3468 7.9
      vertex -28.6785 29.3112 7.9
    endloop
  endfacet
  facet normal 0.309018 -0.951056 0
    outer loop
      vertex -28.569 29.3468 7.9
      vertex -28.6785 29.3112 0
      vertex -28.569 29.3468 0
    endloop
  endfacet
  facet normal -0.104531 -0.994522 0
    outer loop
      vertex -28.2267 29.3828 0
      vertex -28.1122 29.3707 7.9
      vertex -28.2267 29.3828 7.9
    endloop
  endfacet
  facet normal -0.104531 -0.994522 -0
    outer loop
      vertex -28.1122 29.3707 7.9
      vertex -28.2267 29.3828 0
      vertex -28.1122 29.3707 0
    endloop
  endfacet
  facet normal -0.669139 -0.743138 0
    outer loop
      vertex -27.592 29.1391 0
      vertex -27.5065 29.0621 7.9
      vertex -27.592 29.1391 7.9
    endloop
  endfacet
  facet normal -0.669139 -0.743138 -0
    outer loop
      vertex -27.5065 29.0621 7.9
      vertex -27.592 29.1391 0
      vertex -27.5065 29.0621 0
    endloop
  endfacet
  facet normal -0.743129 -0.669148 0
    outer loop
      vertex -27.4294 28.9765 0
      vertex -27.5065 29.0621 7.9
      vertex -27.5065 29.0621 0
    endloop
  endfacet
  facet normal -0.743129 -0.669148 0
    outer loop
      vertex -27.5065 29.0621 7.9
      vertex -27.4294 28.9765 0
      vertex -27.4294 28.9765 7.9
    endloop
  endfacet
  facet normal -0.994522 -0.10453 0
    outer loop
      vertex -27.1858 28.3418 0
      vertex -27.1978 28.4563 7.9
      vertex -27.1978 28.4563 0
    endloop
  endfacet
  facet normal -0.994522 -0.10453 0
    outer loop
      vertex -27.1978 28.4563 7.9
      vertex -27.1858 28.3418 0
      vertex -27.1858 28.3418 7.9
    endloop
  endfacet
  facet normal -1 0 0
    outer loop
      vertex -27.1858 28.2267 0
      vertex -27.1858 28.3418 7.9
      vertex -27.1858 28.3418 0
    endloop
  endfacet
  facet normal -1 -0 0
    outer loop
      vertex -27.1858 28.3418 7.9
      vertex -27.1858 28.2267 0
      vertex -27.1858 28.2267 7.9
    endloop
  endfacet
  facet normal -0.951056 0.309018 0
    outer loop
      vertex -27.2573 27.8901 0
      vertex -27.2218 27.9996 7.9
      vertex -27.2218 27.9996 0
    endloop
  endfacet
  facet normal -0.951056 0.309018 0
    outer loop
      vertex -27.2218 27.9996 7.9
      vertex -27.2573 27.8901 0
      vertex -27.2573 27.8901 7.9
    endloop
  endfacet
  facet normal -0.809024 0.587776 0
    outer loop
      vertex -27.4294 27.592 0
      vertex -27.3617 27.6852 7.9
      vertex -27.3617 27.6852 0
    endloop
  endfacet
  facet normal -0.809024 0.587776 0
    outer loop
      vertex -27.3617 27.6852 7.9
      vertex -27.4294 27.592 0
      vertex -27.4294 27.592 7.9
    endloop
  endfacet
  facet normal -0.207895 -0.978151 0
    outer loop
      vertex -28.1122 29.3707 0
      vertex -27.9996 29.3468 7.9
      vertex -28.1122 29.3707 7.9
    endloop
  endfacet
  facet normal -0.207895 -0.978151 -0
    outer loop
      vertex -27.9996 29.3468 7.9
      vertex -28.1122 29.3707 0
      vertex -27.9996 29.3468 0
    endloop
  endfacet
  facet normal -0.809024 -0.587776 0
    outer loop
      vertex -27.3617 28.8834 0
      vertex -27.4294 28.9765 7.9
      vertex -27.4294 28.9765 0
    endloop
  endfacet
  facet normal -0.809024 -0.587776 0
    outer loop
      vertex -27.4294 28.9765 7.9
      vertex -27.3617 28.8834 0
      vertex -27.3617 28.8834 7.9
    endloop
  endfacet
  facet normal -0.866031 -0.499991 0
    outer loop
      vertex -27.3042 28.7837 0
      vertex -27.3617 28.8834 7.9
      vertex -27.3617 28.8834 0
    endloop
  endfacet
  facet normal -0.866031 -0.499991 0
    outer loop
      vertex -27.3617 28.8834 7.9
      vertex -27.3042 28.7837 0
      vertex -27.3042 28.7837 7.9
    endloop
  endfacet
  facet normal -0.951056 -0.309018 0
    outer loop
      vertex -27.2218 28.569 0
      vertex -27.2573 28.6785 7.9
      vertex -27.2573 28.6785 0
    endloop
  endfacet
  facet normal -0.951056 -0.309018 0
    outer loop
      vertex -27.2573 28.6785 7.9
      vertex -27.2218 28.569 0
      vertex -27.2218 28.569 7.9
    endloop
  endfacet
  facet normal -0.978151 0.207895 0
    outer loop
      vertex -27.2218 27.9996 0
      vertex -27.1978 28.1122 7.9
      vertex -27.1978 28.1122 0
    endloop
  endfacet
  facet normal -0.978151 0.207895 0
    outer loop
      vertex -27.1978 28.1122 7.9
      vertex -27.2218 27.9996 0
      vertex -27.2218 27.9996 7.9
    endloop
  endfacet
  facet normal -0.97815 -0.207899 0
    outer loop
      vertex -27.1978 28.4563 0
      vertex -27.2218 28.569 7.9
      vertex -27.2218 28.569 0
    endloop
  endfacet
  facet normal -0.97815 -0.207899 0
    outer loop
      vertex -27.2218 28.569 7.9
      vertex -27.1978 28.4563 0
      vertex -27.1978 28.4563 7.9
    endloop
  endfacet
  facet normal 0.669139 0.743138 -0
    outer loop
      vertex -28.9765 -29.1391 0
      vertex -29.0621 -29.0621 7.9
      vertex -28.9765 -29.1391 7.9
    endloop
  endfacet
  facet normal 0.669139 0.743138 0
    outer loop
      vertex -29.0621 -29.0621 7.9
      vertex -28.9765 -29.1391 0
      vertex -29.0621 -29.0621 0
    endloop
  endfacet
  facet normal -0.743129 -0.669148 0
    outer loop
      vertex -27.4294 -27.592 0
      vertex -27.5065 -27.5065 7.9
      vertex -27.5065 -27.5065 0
    endloop
  endfacet
  facet normal -0.743129 -0.669148 0
    outer loop
      vertex -27.5065 -27.5065 7.9
      vertex -27.4294 -27.592 0
      vertex -27.4294 -27.592 7.9
    endloop
  endfacet
  facet normal 0.743138 -0.669139 0
    outer loop
      vertex -29.1391 -27.592 7.9
      vertex -29.0621 -27.5065 0
      vertex -29.0621 -27.5065 7.9
    endloop
  endfacet
  facet normal 0.743138 -0.669139 0
    outer loop
      vertex -29.0621 -27.5065 0
      vertex -29.1391 -27.592 7.9
      vertex -29.1391 -27.592 0
    endloop
  endfacet
  facet normal 0.587776 0.809024 -0
    outer loop
      vertex -28.8834 -29.2068 0
      vertex -28.9765 -29.1391 7.9
      vertex -28.8834 -29.2068 7.9
    endloop
  endfacet
  facet normal 0.587776 0.809024 0
    outer loop
      vertex -28.9765 -29.1391 7.9
      vertex -28.8834 -29.2068 0
      vertex -28.9765 -29.1391 0
    endloop
  endfacet
  facet normal -0.951056 -0.309018 0
    outer loop
      vertex -27.2218 -27.9996 0
      vertex -27.2573 -27.8901 7.9
      vertex -27.2573 -27.8901 0
    endloop
  endfacet
  facet normal -0.951056 -0.309018 0
    outer loop
      vertex -27.2573 -27.8901 7.9
      vertex -27.2218 -27.9996 0
      vertex -27.2218 -27.9996 7.9
    endloop
  endfacet
  facet normal -0.978151 -0.207895 0
    outer loop
      vertex -27.1978 -28.1122 0
      vertex -27.2218 -27.9996 7.9
      vertex -27.2218 -27.9996 0
    endloop
  endfacet
  facet normal -0.978151 -0.207895 0
    outer loop
      vertex -27.2218 -27.9996 7.9
      vertex -27.1978 -28.1122 0
      vertex -27.1978 -28.1122 7.9
    endloop
  endfacet
  facet normal -1 0 0
    outer loop
      vertex -27.1858 -28.3418 0
      vertex -27.1858 -28.2267 7.9
      vertex -27.1858 -28.2267 0
    endloop
  endfacet
  facet normal -1 -0 0
    outer loop
      vertex -27.1858 -28.2267 7.9
      vertex -27.1858 -28.3418 0
      vertex -27.1858 -28.3418 7.9
    endloop
  endfacet
  facet normal -0.809024 0.587776 0
    outer loop
      vertex -27.4294 -28.9765 0
      vertex -27.3617 -28.8834 7.9
      vertex -27.3617 -28.8834 0
    endloop
  endfacet
  facet normal -0.809024 0.587776 0
    outer loop
      vertex -27.3617 -28.8834 7.9
      vertex -27.4294 -28.9765 0
      vertex -27.4294 -28.9765 7.9
    endloop
  endfacet
  facet normal 0.913539 -0.40675 0
    outer loop
      vertex -29.3112 -27.8901 7.9
      vertex -29.2644 -27.7849 0
      vertex -29.2644 -27.7849 7.9
    endloop
  endfacet
  facet normal 0.913539 -0.40675 0
    outer loop
      vertex -29.2644 -27.7849 0
      vertex -29.3112 -27.8901 7.9
      vertex -29.3112 -27.8901 0
    endloop
  endfacet
  facet normal 0.500004 0.866023 -0
    outer loop
      vertex -28.7837 -29.2644 0
      vertex -28.8834 -29.2068 7.9
      vertex -28.7837 -29.2644 7.9
    endloop
  endfacet
  facet normal 0.500004 0.866023 0
    outer loop
      vertex -28.8834 -29.2068 7.9
      vertex -28.7837 -29.2644 0
      vertex -28.8834 -29.2068 0
    endloop
  endfacet
  facet normal 0.10453 0.994522 -0
    outer loop
      vertex -28.3418 -29.3828 0
      vertex -28.4563 -29.3707 7.9
      vertex -28.3418 -29.3828 7.9
    endloop
  endfacet
  facet normal 0.10453 0.994522 0
    outer loop
      vertex -28.4563 -29.3707 7.9
      vertex -28.3418 -29.3828 0
      vertex -28.4563 -29.3707 0
    endloop
  endfacet
  facet normal 0.309018 0.951056 -0
    outer loop
      vertex -28.569 -29.3468 0
      vertex -28.6785 -29.3112 7.9
      vertex -28.569 -29.3468 7.9
    endloop
  endfacet
  facet normal 0.309018 0.951056 0
    outer loop
      vertex -28.6785 -29.3112 7.9
      vertex -28.569 -29.3468 0
      vertex -28.6785 -29.3112 0
    endloop
  endfacet
  facet normal -0.587776 0.809024 0
    outer loop
      vertex -27.592 -29.1391 0
      vertex -27.6852 -29.2068 7.9
      vertex -27.592 -29.1391 7.9
    endloop
  endfacet
  facet normal -0.587776 0.809024 0
    outer loop
      vertex -27.6852 -29.2068 7.9
      vertex -27.592 -29.1391 0
      vertex -27.6852 -29.2068 0
    endloop
  endfacet
  facet normal -0.500004 0.866023 0
    outer loop
      vertex -27.6852 -29.2068 0
      vertex -27.7849 -29.2644 7.9
      vertex -27.6852 -29.2068 7.9
    endloop
  endfacet
  facet normal -0.500004 0.866023 0
    outer loop
      vertex -27.7849 -29.2644 7.9
      vertex -27.6852 -29.2068 0
      vertex -27.7849 -29.2644 0
    endloop
  endfacet
  facet normal -0.669139 0.743138 0
    outer loop
      vertex -27.5065 -29.0621 0
      vertex -27.592 -29.1391 7.9
      vertex -27.5065 -29.0621 7.9
    endloop
  endfacet
  facet normal -0.669139 0.743138 0
    outer loop
      vertex -27.592 -29.1391 7.9
      vertex -27.5065 -29.0621 0
      vertex -27.592 -29.1391 0
    endloop
  endfacet
  facet normal -0.309018 0.951056 0
    outer loop
      vertex -27.8901 -29.3112 0
      vertex -27.9996 -29.3468 7.9
      vertex -27.8901 -29.3112 7.9
    endloop
  endfacet
  facet normal -0.309018 0.951056 0
    outer loop
      vertex -27.9996 -29.3468 7.9
      vertex -27.8901 -29.3112 0
      vertex -27.9996 -29.3468 0
    endloop
  endfacet
  facet normal -0.40675 0.913539 0
    outer loop
      vertex -27.7849 -29.2644 0
      vertex -27.8901 -29.3112 7.9
      vertex -27.7849 -29.2644 7.9
    endloop
  endfacet
  facet normal -0.40675 0.913539 0
    outer loop
      vertex -27.8901 -29.3112 7.9
      vertex -27.7849 -29.2644 0
      vertex -27.8901 -29.3112 0
    endloop
  endfacet
  facet normal -0.104531 0.994522 0
    outer loop
      vertex -28.1122 -29.3707 0
      vertex -28.2267 -29.3828 7.9
      vertex -28.1122 -29.3707 7.9
    endloop
  endfacet
  facet normal -0.104531 0.994522 0
    outer loop
      vertex -28.2267 -29.3828 7.9
      vertex -28.1122 -29.3707 0
      vertex -28.2267 -29.3828 0
    endloop
  endfacet
  facet normal -0.866031 -0.499991 0
    outer loop
      vertex -27.3042 -27.7849 0
      vertex -27.3617 -27.6852 7.9
      vertex -27.3617 -27.6852 0
    endloop
  endfacet
  facet normal -0.866031 -0.499991 0
    outer loop
      vertex -27.3617 -27.6852 7.9
      vertex -27.3042 -27.7849 0
      vertex -27.3042 -27.7849 7.9
    endloop
  endfacet
  facet normal -0.809024 -0.587776 0
    outer loop
      vertex -27.3617 -27.6852 0
      vertex -27.4294 -27.592 7.9
      vertex -27.4294 -27.592 0
    endloop
  endfacet
  facet normal -0.809024 -0.587776 0
    outer loop
      vertex -27.4294 -27.592 7.9
      vertex -27.3617 -27.6852 0
      vertex -27.3617 -27.6852 7.9
    endloop
  endfacet
  facet normal -0.97815 0.207899 0
    outer loop
      vertex -27.2218 -28.569 0
      vertex -27.1978 -28.4563 7.9
      vertex -27.1978 -28.4563 0
    endloop
  endfacet
  facet normal -0.97815 0.207899 0
    outer loop
      vertex -27.1978 -28.4563 7.9
      vertex -27.2218 -28.569 0
      vertex -27.2218 -28.569 7.9
    endloop
  endfacet
  facet normal -0.951056 0.309018 0
    outer loop
      vertex -27.2573 -28.6785 0
      vertex -27.2218 -28.569 7.9
      vertex -27.2218 -28.569 0
    endloop
  endfacet
  facet normal -0.951056 0.309018 0
    outer loop
      vertex -27.2218 -28.569 7.9
      vertex -27.2573 -28.6785 0
      vertex -27.2573 -28.6785 7.9
    endloop
  endfacet
  facet normal -0.994522 0.10453 0
    outer loop
      vertex -27.1978 -28.4563 0
      vertex -27.1858 -28.3418 7.9
      vertex -27.1858 -28.3418 0
    endloop
  endfacet
  facet normal -0.994522 0.10453 0
    outer loop
      vertex -27.1858 -28.3418 7.9
      vertex -27.1978 -28.4563 0
      vertex -27.1978 -28.4563 7.9
    endloop
  endfacet
  facet normal -0.866031 0.499991 0
    outer loop
      vertex -27.3617 -28.8834 0
      vertex -27.3042 -28.7837 7.9
      vertex -27.3042 -28.7837 0
    endloop
  endfacet
  facet normal -0.866031 0.499991 0
    outer loop
      vertex -27.3042 -28.7837 7.9
      vertex -27.3617 -28.8834 0
      vertex -27.3617 -28.8834 7.9
    endloop
  endfacet
  facet normal -0.913542 0.406744 0
    outer loop
      vertex -27.3042 -28.7837 0
      vertex -27.2573 -28.6785 7.9
      vertex -27.2573 -28.6785 0
    endloop
  endfacet
  facet normal -0.913542 0.406744 0
    outer loop
      vertex -27.2573 -28.6785 7.9
      vertex -27.3042 -28.7837 0
      vertex -27.3042 -28.7837 7.9
    endloop
  endfacet
  facet normal 0.866023 0.500004 0
    outer loop
      vertex -29.2068 -28.8834 7.9
      vertex -29.2644 -28.7837 0
      vertex -29.2644 -28.7837 7.9
    endloop
  endfacet
  facet normal 0.866023 0.500004 0
    outer loop
      vertex -29.2644 -28.7837 0
      vertex -29.2068 -28.8834 7.9
      vertex -29.2068 -28.8834 0
    endloop
  endfacet
  facet normal 0.951056 0.309018 0
    outer loop
      vertex -29.3112 -28.6785 7.9
      vertex -29.3468 -28.569 0
      vertex -29.3468 -28.569 7.9
    endloop
  endfacet
  facet normal 0.951056 0.309018 0
    outer loop
      vertex -29.3468 -28.569 0
      vertex -29.3112 -28.6785 7.9
      vertex -29.3112 -28.6785 0
    endloop
  endfacet
  facet normal 0.406744 0.913542 -0
    outer loop
      vertex -28.6785 -29.3112 0
      vertex -28.7837 -29.2644 7.9
      vertex -28.6785 -29.3112 7.9
    endloop
  endfacet
  facet normal 0.406744 0.913542 0
    outer loop
      vertex -28.7837 -29.2644 7.9
      vertex -28.6785 -29.3112 0
      vertex -28.7837 -29.2644 0
    endloop
  endfacet
  facet normal 0 1 -0
    outer loop
      vertex -28.2267 -29.3828 0
      vertex -28.3418 -29.3828 7.9
      vertex -28.2267 -29.3828 7.9
    endloop
  endfacet
  facet normal 0 1 0
    outer loop
      vertex -28.3418 -29.3828 7.9
      vertex -28.2267 -29.3828 0
      vertex -28.3418 -29.3828 0
    endloop
  endfacet
  facet normal 0.207899 0.97815 -0
    outer loop
      vertex -28.4563 -29.3707 0
      vertex -28.569 -29.3468 7.9
      vertex -28.4563 -29.3707 7.9
    endloop
  endfacet
  facet normal 0.207899 0.97815 0
    outer loop
      vertex -28.569 -29.3468 7.9
      vertex -28.4563 -29.3707 0
      vertex -28.569 -29.3468 0
    endloop
  endfacet
  facet normal -0.743129 0.669148 0
    outer loop
      vertex -27.5065 -29.0621 0
      vertex -27.4294 -28.9765 7.9
      vertex -27.4294 -28.9765 0
    endloop
  endfacet
  facet normal -0.743129 0.669148 0
    outer loop
      vertex -27.4294 -28.9765 7.9
      vertex -27.5065 -29.0621 0
      vertex -27.5065 -29.0621 7.9
    endloop
  endfacet
  facet normal -0.207895 0.978151 0
    outer loop
      vertex -27.9996 -29.3468 0
      vertex -28.1122 -29.3707 7.9
      vertex -27.9996 -29.3468 7.9
    endloop
  endfacet
  facet normal -0.207895 0.978151 0
    outer loop
      vertex -28.1122 -29.3707 7.9
      vertex -27.9996 -29.3468 0
      vertex -28.1122 -29.3707 0
    endloop
  endfacet
  facet normal -0.994522 -0.104531 0
    outer loop
      vertex -27.1858 -28.2267 0
      vertex -27.1978 -28.1122 7.9
      vertex -27.1978 -28.1122 0
    endloop
  endfacet
  facet normal -0.994522 -0.104531 0
    outer loop
      vertex -27.1978 -28.1122 7.9
      vertex -27.1858 -28.2267 0
      vertex -27.1858 -28.2267 7.9
    endloop
  endfacet
  facet normal -0.913539 -0.40675 0
    outer loop
      vertex -27.2573 -27.8901 0
      vertex -27.3042 -27.7849 7.9
      vertex -27.3042 -27.7849 0
    endloop
  endfacet
  facet normal -0.913539 -0.40675 0
    outer loop
      vertex -27.3042 -27.7849 7.9
      vertex -27.2573 -27.8901 0
      vertex -27.2573 -27.8901 7.9
    endloop
  endfacet
  facet normal 0.809024 0.587776 0
    outer loop
      vertex -29.1391 -28.9765 7.9
      vertex -29.2068 -28.8834 0
      vertex -29.2068 -28.8834 7.9
    endloop
  endfacet
  facet normal 0.809024 0.587776 0
    outer loop
      vertex -29.2068 -28.8834 0
      vertex -29.1391 -28.9765 7.9
      vertex -29.1391 -28.9765 0
    endloop
  endfacet
  facet normal 0.743138 0.669139 0
    outer loop
      vertex -29.0621 -29.0621 7.9
      vertex -29.1391 -28.9765 0
      vertex -29.1391 -28.9765 7.9
    endloop
  endfacet
  facet normal 0.743138 0.669139 0
    outer loop
      vertex -29.1391 -28.9765 0
      vertex -29.0621 -29.0621 7.9
      vertex -29.0621 -29.0621 0
    endloop
  endfacet
  facet normal 0.994522 0.10453 0
    outer loop
      vertex -29.3707 -28.4563 7.9
      vertex -29.3828 -28.3418 0
      vertex -29.3828 -28.3418 7.9
    endloop
  endfacet
  facet normal 0.994522 0.10453 0
    outer loop
      vertex -29.3828 -28.3418 0
      vertex -29.3707 -28.4563 7.9
      vertex -29.3707 -28.4563 0
    endloop
  endfacet
  facet normal 0.10453 -0.994522 0
    outer loop
      vertex -28.4563 -27.1978 0
      vertex -28.3418 -27.1858 7.9
      vertex -28.4563 -27.1978 7.9
    endloop
  endfacet
  facet normal 0.10453 -0.994522 0
    outer loop
      vertex -28.3418 -27.1858 7.9
      vertex -28.4563 -27.1978 0
      vertex -28.3418 -27.1858 0
    endloop
  endfacet
  facet normal -0.587776 -0.809024 0
    outer loop
      vertex -27.6852 -27.3617 0
      vertex -27.592 -27.4294 7.9
      vertex -27.6852 -27.3617 7.9
    endloop
  endfacet
  facet normal -0.587776 -0.809024 -0
    outer loop
      vertex -27.592 -27.4294 7.9
      vertex -27.6852 -27.3617 0
      vertex -27.592 -27.4294 0
    endloop
  endfacet
  facet normal 0.866023 -0.500004 0
    outer loop
      vertex -29.2644 -27.7849 7.9
      vertex -29.2068 -27.6852 0
      vertex -29.2068 -27.6852 7.9
    endloop
  endfacet
  facet normal 0.866023 -0.500004 0
    outer loop
      vertex -29.2068 -27.6852 0
      vertex -29.2644 -27.7849 7.9
      vertex -29.2644 -27.7849 0
    endloop
  endfacet
  facet normal 0.809024 -0.587776 0
    outer loop
      vertex -29.2068 -27.6852 7.9
      vertex -29.1391 -27.592 0
      vertex -29.1391 -27.592 7.9
    endloop
  endfacet
  facet normal 0.809024 -0.587776 0
    outer loop
      vertex -29.1391 -27.592 0
      vertex -29.2068 -27.6852 7.9
      vertex -29.2068 -27.6852 0
    endloop
  endfacet
  facet normal 0.913542 0.406744 0
    outer loop
      vertex -29.2644 -28.7837 7.9
      vertex -29.3112 -28.6785 0
      vertex -29.3112 -28.6785 7.9
    endloop
  endfacet
  facet normal 0.913542 0.406744 0
    outer loop
      vertex -29.3112 -28.6785 0
      vertex -29.2644 -28.7837 7.9
      vertex -29.2644 -28.7837 0
    endloop
  endfacet
  facet normal 0.978151 -0.207895 0
    outer loop
      vertex -29.3707 -28.1122 7.9
      vertex -29.3468 -27.9996 0
      vertex -29.3468 -27.9996 7.9
    endloop
  endfacet
  facet normal 0.978151 -0.207895 0
    outer loop
      vertex -29.3468 -27.9996 0
      vertex -29.3707 -28.1122 7.9
      vertex -29.3707 -28.1122 0
    endloop
  endfacet
  facet normal 0.97815 0.207899 0
    outer loop
      vertex -29.3468 -28.569 7.9
      vertex -29.3707 -28.4563 0
      vertex -29.3707 -28.4563 7.9
    endloop
  endfacet
  facet normal 0.97815 0.207899 0
    outer loop
      vertex -29.3707 -28.4563 0
      vertex -29.3468 -28.569 7.9
      vertex -29.3468 -28.569 0
    endloop
  endfacet
  facet normal 0 0 -1
    outer loop
      vertex -27.1978 -28.4563 7.9
      vertex -27.1858 -28.2267 7.9
      vertex -27.1858 -28.3418 7.9
    endloop
  endfacet
  facet normal 0 0 -1
    outer loop
      vertex -27.1978 -28.4563 7.9
      vertex -27.1978 -28.1122 7.9
      vertex -27.1858 -28.2267 7.9
    endloop
  endfacet
  facet normal 0 0 -1
    outer loop
      vertex -27.2218 -28.569 7.9
      vertex -27.1978 -28.1122 7.9
      vertex -27.1978 -28.4563 7.9
    endloop
  endfacet
  facet normal 0 0 -1
    outer loop
      vertex -27.2218 -28.569 7.9
      vertex -27.2218 -27.9996 7.9
      vertex -27.1978 -28.1122 7.9
    endloop
  endfacet
  facet normal 0 0 -1
    outer loop
      vertex -27.2573 -28.6785 7.9
      vertex -27.2218 -27.9996 7.9
      vertex -27.2218 -28.569 7.9
    endloop
  endfacet
  facet normal 0 0 -1
    outer loop
      vertex -27.2573 -28.6785 7.9
      vertex -27.2573 -27.8901 7.9
      vertex -27.2218 -27.9996 7.9
    endloop
  endfacet
  facet normal 0 0 -1
    outer loop
      vertex -27.3042 -28.7837 7.9
      vertex -27.2573 -27.8901 7.9
      vertex -27.2573 -28.6785 7.9
    endloop
  endfacet
  facet normal 0 0 -1
    outer loop
      vertex -27.3042 -28.7837 7.9
      vertex -27.3042 -27.7849 7.9
      vertex -27.2573 -27.8901 7.9
    endloop
  endfacet
  facet normal 0 0 -1
    outer loop
      vertex -27.3617 -28.8834 7.9
      vertex -27.3042 -27.7849 7.9
      vertex -27.3042 -28.7837 7.9
    endloop
  endfacet
  facet normal 0 0 -1
    outer loop
      vertex -27.3617 -28.8834 7.9
      vertex -27.3617 -27.6852 7.9
      vertex -27.3042 -27.7849 7.9
    endloop
  endfacet
  facet normal 0 0 -1
    outer loop
      vertex -27.4294 -28.9765 7.9
      vertex -27.3617 -27.6852 7.9
      vertex -27.3617 -28.8834 7.9
    endloop
  endfacet
  facet normal 0 0 -1
    outer loop
      vertex -27.4294 -28.9765 7.9
      vertex -27.4294 -27.592 7.9
      vertex -27.3617 -27.6852 7.9
    endloop
  endfacet
  facet normal 0 0 -1
    outer loop
      vertex -27.5065 -29.0621 7.9
      vertex -27.4294 -27.592 7.9
      vertex -27.4294 -28.9765 7.9
    endloop
  endfacet
  facet normal 0 0 -1
    outer loop
      vertex -27.5065 -29.0621 7.9
      vertex -27.5065 -27.5065 7.9
      vertex -27.4294 -27.592 7.9
    endloop
  endfacet
  facet normal 0 0 -1
    outer loop
      vertex -27.592 -29.1391 7.9
      vertex -27.5065 -27.5065 7.9
      vertex -27.5065 -29.0621 7.9
    endloop
  endfacet
  facet normal 0 0 -1
    outer loop
      vertex -27.592 -29.1391 7.9
      vertex -27.592 -27.4294 7.9
      vertex -27.5065 -27.5065 7.9
    endloop
  endfacet
  facet normal 0 0 -1
    outer loop
      vertex -27.6852 -29.2068 7.9
      vertex -27.592 -27.4294 7.9
      vertex -27.592 -29.1391 7.9
    endloop
  endfacet
  facet normal 0 0 -1
    outer loop
      vertex -27.6852 -29.2068 7.9
      vertex -27.6852 -27.3617 7.9
      vertex -27.592 -27.4294 7.9
    endloop
  endfacet
  facet normal 0 0 -1
    outer loop
      vertex -27.7849 -29.2644 7.9
      vertex -27.6852 -27.3617 7.9
      vertex -27.6852 -29.2068 7.9
    endloop
  endfacet
  facet normal 0 0 -1
    outer loop
      vertex -27.7849 -29.2644 7.9
      vertex -27.7849 -27.3042 7.9
      vertex -27.6852 -27.3617 7.9
    endloop
  endfacet
  facet normal 0 0 -1
    outer loop
      vertex -27.8901 -29.3112 7.9
      vertex -27.7849 -27.3042 7.9
      vertex -27.7849 -29.2644 7.9
    endloop
  endfacet
  facet normal 0 0 -1
    outer loop
      vertex -27.8901 -29.3112 7.9
      vertex -27.8901 -27.2573 7.9
      vertex -27.7849 -27.3042 7.9
    endloop
  endfacet
  facet normal 0 0 -1
    outer loop
      vertex -27.9996 -29.3468 7.9
      vertex -27.8901 -27.2573 7.9
      vertex -27.8901 -29.3112 7.9
    endloop
  endfacet
  facet normal 0 0 -1
    outer loop
      vertex -27.9996 -29.3468 7.9
      vertex -27.9996 -27.2218 7.9
      vertex -27.8901 -27.2573 7.9
    endloop
  endfacet
  facet normal 0 0 -1
    outer loop
      vertex -28.1122 -29.3707 7.9
      vertex -27.9996 -27.2218 7.9
      vertex -27.9996 -29.3468 7.9
    endloop
  endfacet
  facet normal 0 0 -1
    outer loop
      vertex -28.1122 -29.3707 7.9
      vertex -28.1122 -27.1978 7.9
      vertex -27.9996 -27.2218 7.9
    endloop
  endfacet
  facet normal 0 0 -1
    outer loop
      vertex -28.2267 -29.3828 7.9
      vertex -28.1122 -27.1978 7.9
      vertex -28.1122 -29.3707 7.9
    endloop
  endfacet
  facet normal 0 0 -1
    outer loop
      vertex -28.2267 -29.3828 7.9
      vertex -28.2267 -27.1858 7.9
      vertex -28.1122 -27.1978 7.9
    endloop
  endfacet
  facet normal 0 0 -1
    outer loop
      vertex -28.3418 -29.3828 7.9
      vertex -28.2267 -27.1858 7.9
      vertex -28.2267 -29.3828 7.9
    endloop
  endfacet
  facet normal 0 0 -1
    outer loop
      vertex -28.3418 -29.3828 7.9
      vertex -28.3418 -27.1858 7.9
      vertex -28.2267 -27.1858 7.9
    endloop
  endfacet
  facet normal 0 0 -1
    outer loop
      vertex -28.4563 -29.3707 7.9
      vertex -28.3418 -27.1858 7.9
      vertex -28.3418 -29.3828 7.9
    endloop
  endfacet
  facet normal 0 0 -1
    outer loop
      vertex -28.4563 -29.3707 7.9
      vertex -28.4563 -27.1978 7.9
      vertex -28.3418 -27.1858 7.9
    endloop
  endfacet
  facet normal 0 0 -1
    outer loop
      vertex -28.569 -29.3468 7.9
      vertex -28.4563 -27.1978 7.9
      vertex -28.4563 -29.3707 7.9
    endloop
  endfacet
  facet normal 0 0 -1
    outer loop
      vertex -28.569 -29.3468 7.9
      vertex -28.569 -27.2218 7.9
      vertex -28.4563 -27.1978 7.9
    endloop
  endfacet
  facet normal 0 0 -1
    outer loop
      vertex -28.6785 -29.3112 7.9
      vertex -28.569 -27.2218 7.9
      vertex -28.569 -29.3468 7.9
    endloop
  endfacet
  facet normal 0 0 -1
    outer loop
      vertex -28.6785 -29.3112 7.9
      vertex -28.6785 -27.2573 7.9
      vertex -28.569 -27.2218 7.9
    endloop
  endfacet
  facet normal 0 0 -1
    outer loop
      vertex -28.7837 -29.2644 7.9
      vertex -28.6785 -27.2573 7.9
      vertex -28.6785 -29.3112 7.9
    endloop
  endfacet
  facet normal 0 0 -1
    outer loop
      vertex -28.7837 -29.2644 7.9
      vertex -28.7837 -27.3042 7.9
      vertex -28.6785 -27.2573 7.9
    endloop
  endfacet
  facet normal 0 0 -1
    outer loop
      vertex -28.8834 -29.2068 7.9
      vertex -28.7837 -27.3042 7.9
      vertex -28.7837 -29.2644 7.9
    endloop
  endfacet
  facet normal 0 0 -1
    outer loop
      vertex -28.8834 -29.2068 7.9
      vertex -28.8834 -27.3617 7.9
      vertex -28.7837 -27.3042 7.9
    endloop
  endfacet
  facet normal 0 0 -1
    outer loop
      vertex -28.9765 -29.1391 7.9
      vertex -28.8834 -27.3617 7.9
      vertex -28.8834 -29.2068 7.9
    endloop
  endfacet
  facet normal 0 0 -1
    outer loop
      vertex -28.9765 -29.1391 7.9
      vertex -28.9765 -27.4294 7.9
      vertex -28.8834 -27.3617 7.9
    endloop
  endfacet
  facet normal 0 0 -1
    outer loop
      vertex -29.0621 -29.0621 7.9
      vertex -28.9765 -27.4294 7.9
      vertex -28.9765 -29.1391 7.9
    endloop
  endfacet
  facet normal 0 0 -1
    outer loop
      vertex -29.0621 -29.0621 7.9
      vertex -29.0621 -27.5065 7.9
      vertex -28.9765 -27.4294 7.9
    endloop
  endfacet
  facet normal 0 0 -1
    outer loop
      vertex -29.1391 -28.9765 7.9
      vertex -29.0621 -27.5065 7.9
      vertex -29.0621 -29.0621 7.9
    endloop
  endfacet
  facet normal 0 0 -1
    outer loop
      vertex -29.1391 -28.9765 7.9
      vertex -29.1391 -27.592 7.9
      vertex -29.0621 -27.5065 7.9
    endloop
  endfacet
  facet normal 0 0 -1
    outer loop
      vertex -29.2068 -28.8834 7.9
      vertex -29.1391 -27.592 7.9
      vertex -29.1391 -28.9765 7.9
    endloop
  endfacet
  facet normal 0 0 -1
    outer loop
      vertex -29.2068 -28.8834 7.9
      vertex -29.2068 -27.6852 7.9
      vertex -29.1391 -27.592 7.9
    endloop
  endfacet
  facet normal 0 0 -1
    outer loop
      vertex -29.2644 -28.7837 7.9
      vertex -29.2068 -27.6852 7.9
      vertex -29.2068 -28.8834 7.9
    endloop
  endfacet
  facet normal 0 0 -1
    outer loop
      vertex -29.2644 -28.7837 7.9
      vertex -29.2644 -27.7849 7.9
      vertex -29.2068 -27.6852 7.9
    endloop
  endfacet
  facet normal 0 0 -1
    outer loop
      vertex -29.3112 -28.6785 7.9
      vertex -29.2644 -27.7849 7.9
      vertex -29.2644 -28.7837 7.9
    endloop
  endfacet
  facet normal 0 0 -1
    outer loop
      vertex -29.3112 -28.6785 7.9
      vertex -29.3112 -27.8901 7.9
      vertex -29.2644 -27.7849 7.9
    endloop
  endfacet
  facet normal 0 0 -1
    outer loop
      vertex -29.3468 -28.569 7.9
      vertex -29.3112 -27.8901 7.9
      vertex -29.3112 -28.6785 7.9
    endloop
  endfacet
  facet normal 0 0 -1
    outer loop
      vertex -29.3468 -28.569 7.9
      vertex -29.3468 -27.9996 7.9
      vertex -29.3112 -27.8901 7.9
    endloop
  endfacet
  facet normal 0 0 -1
    outer loop
      vertex -29.3707 -28.4563 7.9
      vertex -29.3468 -27.9996 7.9
      vertex -29.3468 -28.569 7.9
    endloop
  endfacet
  facet normal 0 0 -1
    outer loop
      vertex -29.3707 -28.4563 7.9
      vertex -29.3707 -28.1122 7.9
      vertex -29.3468 -27.9996 7.9
    endloop
  endfacet
  facet normal 0 0 -1
    outer loop
      vertex -29.3828 -28.3418 7.9
      vertex -29.3707 -28.1122 7.9
      vertex -29.3707 -28.4563 7.9
    endloop
  endfacet
  facet normal 0 0 -1
    outer loop
      vertex -29.3707 -28.1122 7.9
      vertex -29.3828 -28.3418 7.9
      vertex -29.3828 -28.2267 7.9
    endloop
  endfacet
  facet normal 0.669148 -0.743129 0
    outer loop
      vertex -29.0621 -27.5065 0
      vertex -28.9765 -27.4294 7.9
      vertex -29.0621 -27.5065 7.9
    endloop
  endfacet
  facet normal 0.669148 -0.743129 0
    outer loop
      vertex -28.9765 -27.4294 7.9
      vertex -29.0621 -27.5065 0
      vertex -28.9765 -27.4294 0
    endloop
  endfacet
  facet normal 0.406744 -0.913542 0
    outer loop
      vertex -28.7837 -27.3042 0
      vertex -28.6785 -27.2573 7.9
      vertex -28.7837 -27.3042 7.9
    endloop
  endfacet
  facet normal 0.406744 -0.913542 0
    outer loop
      vertex -28.6785 -27.2573 7.9
      vertex -28.7837 -27.3042 0
      vertex -28.6785 -27.2573 0
    endloop
  endfacet
  facet normal 0.499991 -0.866031 0
    outer loop
      vertex -28.8834 -27.3617 0
      vertex -28.7837 -27.3042 7.9
      vertex -28.8834 -27.3617 7.9
    endloop
  endfacet
  facet normal 0.499991 -0.866031 0
    outer loop
      vertex -28.7837 -27.3042 7.9
      vertex -28.8834 -27.3617 0
      vertex -28.7837 -27.3042 0
    endloop
  endfacet
  facet normal 0 -1 0
    outer loop
      vertex -28.3418 -27.1858 0
      vertex -28.2267 -27.1858 7.9
      vertex -28.3418 -27.1858 7.9
    endloop
  endfacet
  facet normal 0 -1 -0
    outer loop
      vertex -28.2267 -27.1858 7.9
      vertex -28.3418 -27.1858 0
      vertex -28.2267 -27.1858 0
    endloop
  endfacet
  facet normal -0.104531 -0.994522 0
    outer loop
      vertex -28.2267 -27.1858 0
      vertex -28.1122 -27.1978 7.9
      vertex -28.2267 -27.1858 7.9
    endloop
  endfacet
  facet normal -0.104531 -0.994522 -0
    outer loop
      vertex -28.1122 -27.1978 7.9
      vertex -28.2267 -27.1858 0
      vertex -28.1122 -27.1978 0
    endloop
  endfacet
  facet normal -0.207895 -0.978151 0
    outer loop
      vertex -28.1122 -27.1978 0
      vertex -27.9996 -27.2218 7.9
      vertex -28.1122 -27.1978 7.9
    endloop
  endfacet
  facet normal -0.207895 -0.978151 -0
    outer loop
      vertex -27.9996 -27.2218 7.9
      vertex -28.1122 -27.1978 0
      vertex -27.9996 -27.2218 0
    endloop
  endfacet
  facet normal -0.40675 -0.913539 0
    outer loop
      vertex -27.8901 -27.2573 0
      vertex -27.7849 -27.3042 7.9
      vertex -27.8901 -27.2573 7.9
    endloop
  endfacet
  facet normal -0.40675 -0.913539 -0
    outer loop
      vertex -27.7849 -27.3042 7.9
      vertex -27.8901 -27.2573 0
      vertex -27.7849 -27.3042 0
    endloop
  endfacet
  facet normal -0.499991 -0.866031 0
    outer loop
      vertex -27.7849 -27.3042 0
      vertex -27.6852 -27.3617 7.9
      vertex -27.7849 -27.3042 7.9
    endloop
  endfacet
  facet normal -0.499991 -0.866031 -0
    outer loop
      vertex -27.6852 -27.3617 7.9
      vertex -27.7849 -27.3042 0
      vertex -27.6852 -27.3617 0
    endloop
  endfacet
  facet normal -0.669148 -0.743129 0
    outer loop
      vertex -27.592 -27.4294 0
      vertex -27.5065 -27.5065 7.9
      vertex -27.592 -27.4294 7.9
    endloop
  endfacet
  facet normal -0.669148 -0.743129 -0
    outer loop
      vertex -27.5065 -27.5065 7.9
      vertex -27.592 -27.4294 0
      vertex -27.5065 -27.5065 0
    endloop
  endfacet
  facet normal 1 -0 0
    outer loop
      vertex -29.3828 -28.3418 7.9
      vertex -29.3828 -28.2267 0
      vertex -29.3828 -28.2267 7.9
    endloop
  endfacet
  facet normal 1 0 0
    outer loop
      vertex -29.3828 -28.2267 0
      vertex -29.3828 -28.3418 7.9
      vertex -29.3828 -28.3418 0
    endloop
  endfacet
  facet normal 0.994522 -0.104531 0
    outer loop
      vertex -29.3828 -28.2267 7.9
      vertex -29.3707 -28.1122 0
      vertex -29.3707 -28.1122 7.9
    endloop
  endfacet
  facet normal 0.994522 -0.104531 0
    outer loop
      vertex -29.3707 -28.1122 0
      vertex -29.3828 -28.2267 7.9
      vertex -29.3828 -28.2267 0
    endloop
  endfacet
  facet normal 0.951056 -0.309018 0
    outer loop
      vertex -29.3468 -27.9996 7.9
      vertex -29.3112 -27.8901 0
      vertex -29.3112 -27.8901 7.9
    endloop
  endfacet
  facet normal 0.951056 -0.309018 0
    outer loop
      vertex -29.3112 -27.8901 0
      vertex -29.3468 -27.9996 7.9
      vertex -29.3468 -27.9996 0
    endloop
  endfacet
  facet normal 0.309018 -0.951056 0
    outer loop
      vertex -28.6785 -27.2573 0
      vertex -28.569 -27.2218 7.9
      vertex -28.6785 -27.2573 7.9
    endloop
  endfacet
  facet normal 0.309018 -0.951056 0
    outer loop
      vertex -28.569 -27.2218 7.9
      vertex -28.6785 -27.2573 0
      vertex -28.569 -27.2218 0
    endloop
  endfacet
  facet normal 0.587776 -0.809024 0
    outer loop
      vertex -28.9765 -27.4294 0
      vertex -28.8834 -27.3617 7.9
      vertex -28.9765 -27.4294 7.9
    endloop
  endfacet
  facet normal 0.587776 -0.809024 0
    outer loop
      vertex -28.8834 -27.3617 7.9
      vertex -28.9765 -27.4294 0
      vertex -28.8834 -27.3617 0
    endloop
  endfacet
  facet normal -0.309018 -0.951056 0
    outer loop
      vertex -27.9996 -27.2218 0
      vertex -27.8901 -27.2573 7.9
      vertex -27.9996 -27.2218 7.9
    endloop
  endfacet
  facet normal -0.309018 -0.951056 -0
    outer loop
      vertex -27.8901 -27.2573 7.9
      vertex -27.9996 -27.2218 0
      vertex -27.8901 -27.2573 0
    endloop
  endfacet
  facet normal 0.207899 -0.97815 0
    outer loop
      vertex -28.569 -27.2218 0
      vertex -28.4563 -27.1978 7.9
      vertex -28.569 -27.2218 7.9
    endloop
  endfacet
  facet normal 0.207899 -0.97815 0
    outer loop
      vertex -28.4563 -27.1978 7.9
      vertex -28.569 -27.2218 0
      vertex -28.4563 -27.1978 0
    endloop
  endfacet
  facet normal -0.743138 0.669139 0
    outer loop
      vertex 29.0621 -29.0621 0
      vertex 29.1391 -28.9765 7.9
      vertex 29.1391 -28.9765 0
    endloop
  endfacet
  facet normal -0.743138 0.669139 0
    outer loop
      vertex 29.1391 -28.9765 7.9
      vertex 29.0621 -29.0621 0
      vertex 29.0621 -29.0621 7.9
    endloop
  endfacet
  facet normal 0.669148 -0.743129 0
    outer loop
      vertex 27.5065 -27.5065 0
      vertex 27.592 -27.4294 7.9
      vertex 27.5065 -27.5065 7.9
    endloop
  endfacet
  facet normal 0.669148 -0.743129 0
    outer loop
      vertex 27.592 -27.4294 7.9
      vertex 27.5065 -27.5065 0
      vertex 27.592 -27.4294 0
    endloop
  endfacet
  facet normal -0.669148 -0.743129 0
    outer loop
      vertex 28.9765 -27.4294 0
      vertex 29.0621 -27.5065 7.9
      vertex 28.9765 -27.4294 7.9
    endloop
  endfacet
  facet normal -0.669148 -0.743129 -0
    outer loop
      vertex 29.0621 -27.5065 7.9
      vertex 28.9765 -27.4294 0
      vertex 29.0621 -27.5065 0
    endloop
  endfacet
  facet normal 0.669139 0.743138 -0
    outer loop
      vertex 27.592 -29.1391 0
      vertex 27.5065 -29.0621 7.9
      vertex 27.592 -29.1391 7.9
    endloop
  endfacet
  facet normal 0.669139 0.743138 0
    outer loop
      vertex 27.5065 -29.0621 7.9
      vertex 27.592 -29.1391 0
      vertex 27.5065 -29.0621 0
    endloop
  endfacet
  facet normal 0 -1 0
    outer loop
      vertex 28.2267 -27.1858 0
      vertex 28.3418 -27.1858 7.9
      vertex 28.2267 -27.1858 7.9
    endloop
  endfacet
  facet normal 0 -1 -0
    outer loop
      vertex 28.3418 -27.1858 7.9
      vertex 28.2267 -27.1858 0
      vertex 28.3418 -27.1858 0
    endloop
  endfacet
  facet normal -0.406744 -0.913542 0
    outer loop
      vertex 28.6785 -27.2573 0
      vertex 28.7837 -27.3042 7.9
      vertex 28.6785 -27.2573 7.9
    endloop
  endfacet
  facet normal -0.406744 -0.913542 -0
    outer loop
      vertex 28.7837 -27.3042 7.9
      vertex 28.6785 -27.2573 0
      vertex 28.7837 -27.3042 0
    endloop
  endfacet
  facet normal -0.809024 0.587776 0
    outer loop
      vertex 29.1391 -28.9765 0
      vertex 29.2068 -28.8834 7.9
      vertex 29.2068 -28.8834 0
    endloop
  endfacet
  facet normal -0.809024 0.587776 0
    outer loop
      vertex 29.2068 -28.8834 7.9
      vertex 29.1391 -28.9765 0
      vertex 29.1391 -28.9765 7.9
    endloop
  endfacet
  facet normal -0.913539 -0.40675 0
    outer loop
      vertex 29.3112 -27.8901 0
      vertex 29.2644 -27.7849 7.9
      vertex 29.2644 -27.7849 0
    endloop
  endfacet
  facet normal -0.913539 -0.40675 0
    outer loop
      vertex 29.2644 -27.7849 7.9
      vertex 29.3112 -27.8901 0
      vertex 29.3112 -27.8901 7.9
    endloop
  endfacet
  facet normal -0.978151 -0.207895 0
    outer loop
      vertex 29.3707 -28.1122 0
      vertex 29.3468 -27.9996 7.9
      vertex 29.3468 -27.9996 0
    endloop
  endfacet
  facet normal -0.978151 -0.207895 0
    outer loop
      vertex 29.3468 -27.9996 7.9
      vertex 29.3707 -28.1122 0
      vertex 29.3707 -28.1122 7.9
    endloop
  endfacet
  facet normal 0.309018 -0.951056 0
    outer loop
      vertex 27.8901 -27.2573 0
      vertex 27.9996 -27.2218 7.9
      vertex 27.8901 -27.2573 7.9
    endloop
  endfacet
  facet normal 0.309018 -0.951056 0
    outer loop
      vertex 27.9996 -27.2218 7.9
      vertex 27.8901 -27.2573 0
      vertex 27.9996 -27.2218 0
    endloop
  endfacet
  facet normal 0.207895 -0.978151 0
    outer loop
      vertex 27.9996 -27.2218 0
      vertex 28.1122 -27.1978 7.9
      vertex 27.9996 -27.2218 7.9
    endloop
  endfacet
  facet normal 0.207895 -0.978151 0
    outer loop
      vertex 28.1122 -27.1978 7.9
      vertex 27.9996 -27.2218 0
      vertex 28.1122 -27.1978 0
    endloop
  endfacet
  facet normal -0.587776 -0.809024 0
    outer loop
      vertex 28.8834 -27.3617 0
      vertex 28.9765 -27.4294 7.9
      vertex 28.8834 -27.3617 7.9
    endloop
  endfacet
  facet normal -0.587776 -0.809024 -0
    outer loop
      vertex 28.9765 -27.4294 7.9
      vertex 28.8834 -27.3617 0
      vertex 28.9765 -27.4294 0
    endloop
  endfacet
  facet normal 0.587776 0.809024 -0
    outer loop
      vertex 27.6852 -29.2068 0
      vertex 27.592 -29.1391 7.9
      vertex 27.6852 -29.2068 7.9
    endloop
  endfacet
  facet normal 0.587776 0.809024 0
    outer loop
      vertex 27.592 -29.1391 7.9
      vertex 27.6852 -29.2068 0
      vertex 27.592 -29.1391 0
    endloop
  endfacet
  facet normal -0.866023 0.500004 0
    outer loop
      vertex 29.2068 -28.8834 0
      vertex 29.2644 -28.7837 7.9
      vertex 29.2644 -28.7837 0
    endloop
  endfacet
  facet normal -0.866023 0.500004 0
    outer loop
      vertex 29.2644 -28.7837 7.9
      vertex 29.2068 -28.8834 0
      vertex 29.2068 -28.8834 7.9
    endloop
  endfacet
  facet normal -0.994522 0.10453 0
    outer loop
      vertex 29.3707 -28.4563 0
      vertex 29.3828 -28.3418 7.9
      vertex 29.3828 -28.3418 0
    endloop
  endfacet
  facet normal -0.994522 0.10453 0
    outer loop
      vertex 29.3828 -28.3418 7.9
      vertex 29.3707 -28.4563 0
      vertex 29.3707 -28.4563 7.9
    endloop
  endfacet
  facet normal -0.951056 0.309018 0
    outer loop
      vertex 29.3112 -28.6785 0
      vertex 29.3468 -28.569 7.9
      vertex 29.3468 -28.569 0
    endloop
  endfacet
  facet normal -0.951056 0.309018 0
    outer loop
      vertex 29.3468 -28.569 7.9
      vertex 29.3112 -28.6785 0
      vertex 29.3112 -28.6785 7.9
    endloop
  endfacet
  facet normal -0.809024 -0.587776 0
    outer loop
      vertex 29.2068 -27.6852 0
      vertex 29.1391 -27.592 7.9
      vertex 29.1391 -27.592 0
    endloop
  endfacet
  facet normal -0.809024 -0.587776 0
    outer loop
      vertex 29.1391 -27.592 7.9
      vertex 29.2068 -27.6852 0
      vertex 29.2068 -27.6852 7.9
    endloop
  endfacet
  facet normal -0.866023 -0.500004 0
    outer loop
      vertex 29.2644 -27.7849 0
      vertex 29.2068 -27.6852 7.9
      vertex 29.2068 -27.6852 0
    endloop
  endfacet
  facet normal -0.866023 -0.500004 0
    outer loop
      vertex 29.2068 -27.6852 7.9
      vertex 29.2644 -27.7849 0
      vertex 29.2644 -27.7849 7.9
    endloop
  endfacet
  facet normal -0.743138 -0.669139 0
    outer loop
      vertex 29.1391 -27.592 0
      vertex 29.0621 -27.5065 7.9
      vertex 29.0621 -27.5065 0
    endloop
  endfacet
  facet normal -0.743138 -0.669139 0
    outer loop
      vertex 29.0621 -27.5065 7.9
      vertex 29.1391 -27.592 0
      vertex 29.1391 -27.592 7.9
    endloop
  endfacet
  facet normal -0.994522 -0.104531 0
    outer loop
      vertex 29.3828 -28.2267 0
      vertex 29.3707 -28.1122 7.9
      vertex 29.3707 -28.1122 0
    endloop
  endfacet
  facet normal -0.994522 -0.104531 0
    outer loop
      vertex 29.3707 -28.1122 7.9
      vertex 29.3828 -28.2267 0
      vertex 29.3828 -28.2267 7.9
    endloop
  endfacet
  facet normal 0.499991 -0.866031 0
    outer loop
      vertex 27.6852 -27.3617 0
      vertex 27.7849 -27.3042 7.9
      vertex 27.6852 -27.3617 7.9
    endloop
  endfacet
  facet normal 0.499991 -0.866031 0
    outer loop
      vertex 27.7849 -27.3042 7.9
      vertex 27.6852 -27.3617 0
      vertex 27.7849 -27.3042 0
    endloop
  endfacet
  facet normal 0.104531 -0.994522 0
    outer loop
      vertex 28.1122 -27.1978 0
      vertex 28.2267 -27.1858 7.9
      vertex 28.1122 -27.1978 7.9
    endloop
  endfacet
  facet normal 0.104531 -0.994522 0
    outer loop
      vertex 28.2267 -27.1858 7.9
      vertex 28.1122 -27.1978 0
      vertex 28.2267 -27.1858 0
    endloop
  endfacet
  facet normal 0.587776 -0.809024 0
    outer loop
      vertex 27.592 -27.4294 0
      vertex 27.6852 -27.3617 7.9
      vertex 27.592 -27.4294 7.9
    endloop
  endfacet
  facet normal 0.587776 -0.809024 0
    outer loop
      vertex 27.6852 -27.3617 7.9
      vertex 27.592 -27.4294 0
      vertex 27.6852 -27.3617 0
    endloop
  endfacet
  facet normal -0.207899 -0.97815 0
    outer loop
      vertex 28.4563 -27.1978 0
      vertex 28.569 -27.2218 7.9
      vertex 28.4563 -27.1978 7.9
    endloop
  endfacet
  facet normal -0.207899 -0.97815 -0
    outer loop
      vertex 28.569 -27.2218 7.9
      vertex 28.4563 -27.1978 0
      vertex 28.569 -27.2218 0
    endloop
  endfacet
  facet normal -0.10453 -0.994522 0
    outer loop
      vertex 28.3418 -27.1858 0
      vertex 28.4563 -27.1978 7.9
      vertex 28.3418 -27.1858 7.9
    endloop
  endfacet
  facet normal -0.10453 -0.994522 -0
    outer loop
      vertex 28.4563 -27.1978 7.9
      vertex 28.3418 -27.1858 0
      vertex 28.4563 -27.1978 0
    endloop
  endfacet
  facet normal -0.499991 -0.866031 0
    outer loop
      vertex 28.7837 -27.3042 0
      vertex 28.8834 -27.3617 7.9
      vertex 28.7837 -27.3042 7.9
    endloop
  endfacet
  facet normal -0.499991 -0.866031 -0
    outer loop
      vertex 28.8834 -27.3617 7.9
      vertex 28.7837 -27.3042 0
      vertex 28.8834 -27.3617 0
    endloop
  endfacet
  facet normal -0.500004 0.866023 0
    outer loop
      vertex 28.8834 -29.2068 0
      vertex 28.7837 -29.2644 7.9
      vertex 28.8834 -29.2068 7.9
    endloop
  endfacet
  facet normal -0.500004 0.866023 0
    outer loop
      vertex 28.7837 -29.2644 7.9
      vertex 28.8834 -29.2068 0
      vertex 28.7837 -29.2644 0
    endloop
  endfacet
  facet normal -0.309018 0.951056 0
    outer loop
      vertex 28.6785 -29.3112 0
      vertex 28.569 -29.3468 7.9
      vertex 28.6785 -29.3112 7.9
    endloop
  endfacet
  facet normal -0.309018 0.951056 0
    outer loop
      vertex 28.569 -29.3468 7.9
      vertex 28.6785 -29.3112 0
      vertex 28.569 -29.3468 0
    endloop
  endfacet
  facet normal 0.40675 0.913539 -0
    outer loop
      vertex 27.8901 -29.3112 0
      vertex 27.7849 -29.2644 7.9
      vertex 27.8901 -29.3112 7.9
    endloop
  endfacet
  facet normal 0.40675 0.913539 0
    outer loop
      vertex 27.7849 -29.2644 7.9
      vertex 27.8901 -29.3112 0
      vertex 27.7849 -29.2644 0
    endloop
  endfacet
  facet normal -0.913542 0.406744 0
    outer loop
      vertex 29.2644 -28.7837 0
      vertex 29.3112 -28.6785 7.9
      vertex 29.3112 -28.6785 0
    endloop
  endfacet
  facet normal -0.913542 0.406744 0
    outer loop
      vertex 29.3112 -28.6785 7.9
      vertex 29.2644 -28.7837 0
      vertex 29.2644 -28.7837 7.9
    endloop
  endfacet
  facet normal -1 0 0
    outer loop
      vertex 29.3828 -28.3418 0
      vertex 29.3828 -28.2267 7.9
      vertex 29.3828 -28.2267 0
    endloop
  endfacet
  facet normal -1 -0 0
    outer loop
      vertex 29.3828 -28.2267 7.9
      vertex 29.3828 -28.3418 0
      vertex 29.3828 -28.3418 7.9
    endloop
  endfacet
  facet normal -0.97815 0.207899 0
    outer loop
      vertex 29.3468 -28.569 0
      vertex 29.3707 -28.4563 7.9
      vertex 29.3707 -28.4563 0
    endloop
  endfacet
  facet normal -0.97815 0.207899 0
    outer loop
      vertex 29.3707 -28.4563 7.9
      vertex 29.3468 -28.569 0
      vertex 29.3468 -28.569 7.9
    endloop
  endfacet
  facet normal -0.951056 -0.309018 0
    outer loop
      vertex 29.3468 -27.9996 0
      vertex 29.3112 -27.8901 7.9
      vertex 29.3112 -27.8901 0
    endloop
  endfacet
  facet normal -0.951056 -0.309018 0
    outer loop
      vertex 29.3112 -27.8901 7.9
      vertex 29.3468 -27.9996 0
      vertex 29.3468 -27.9996 7.9
    endloop
  endfacet
  facet normal 0.40675 -0.913539 0
    outer loop
      vertex 27.7849 -27.3042 0
      vertex 27.8901 -27.2573 7.9
      vertex 27.7849 -27.3042 7.9
    endloop
  endfacet
  facet normal 0.40675 -0.913539 0
    outer loop
      vertex 27.8901 -27.2573 7.9
      vertex 27.7849 -27.3042 0
      vertex 27.8901 -27.2573 0
    endloop
  endfacet
  facet normal -0.309018 -0.951056 0
    outer loop
      vertex 28.569 -27.2218 0
      vertex 28.6785 -27.2573 7.9
      vertex 28.569 -27.2218 7.9
    endloop
  endfacet
  facet normal -0.309018 -0.951056 -0
    outer loop
      vertex 28.6785 -27.2573 7.9
      vertex 28.569 -27.2218 0
      vertex 28.6785 -27.2573 0
    endloop
  endfacet
  facet normal -0.587776 0.809024 0
    outer loop
      vertex 28.9765 -29.1391 0
      vertex 28.8834 -29.2068 7.9
      vertex 28.9765 -29.1391 7.9
    endloop
  endfacet
  facet normal -0.587776 0.809024 0
    outer loop
      vertex 28.8834 -29.2068 7.9
      vertex 28.9765 -29.1391 0
      vertex 28.8834 -29.2068 0
    endloop
  endfacet
  facet normal -0.669139 0.743138 0
    outer loop
      vertex 29.0621 -29.0621 0
      vertex 28.9765 -29.1391 7.9
      vertex 29.0621 -29.0621 7.9
    endloop
  endfacet
  facet normal -0.669139 0.743138 0
    outer loop
      vertex 28.9765 -29.1391 7.9
      vertex 29.0621 -29.0621 0
      vertex 28.9765 -29.1391 0
    endloop
  endfacet
  facet normal 0.309018 0.951056 -0
    outer loop
      vertex 27.9996 -29.3468 0
      vertex 27.8901 -29.3112 7.9
      vertex 27.9996 -29.3468 7.9
    endloop
  endfacet
  facet normal 0.309018 0.951056 0
    outer loop
      vertex 27.8901 -29.3112 7.9
      vertex 27.9996 -29.3468 0
      vertex 27.8901 -29.3112 0
    endloop
  endfacet
  facet normal 0.104531 0.994522 -0
    outer loop
      vertex 28.2267 -29.3828 0
      vertex 28.1122 -29.3707 7.9
      vertex 28.2267 -29.3828 7.9
    endloop
  endfacet
  facet normal 0.104531 0.994522 0
    outer loop
      vertex 28.1122 -29.3707 7.9
      vertex 28.2267 -29.3828 0
      vertex 28.1122 -29.3707 0
    endloop
  endfacet
  facet normal -0.10453 0.994522 0
    outer loop
      vertex 28.4563 -29.3707 0
      vertex 28.3418 -29.3828 7.9
      vertex 28.4563 -29.3707 7.9
    endloop
  endfacet
  facet normal -0.10453 0.994522 0
    outer loop
      vertex 28.3418 -29.3828 7.9
      vertex 28.4563 -29.3707 0
      vertex 28.3418 -29.3828 0
    endloop
  endfacet
  facet normal 0.809024 -0.587776 0
    outer loop
      vertex 27.3617 -27.6852 7.9
      vertex 27.4294 -27.592 0
      vertex 27.4294 -27.592 7.9
    endloop
  endfacet
  facet normal 0.809024 -0.587776 0
    outer loop
      vertex 27.4294 -27.592 0
      vertex 27.3617 -27.6852 7.9
      vertex 27.3617 -27.6852 0
    endloop
  endfacet
  facet normal 0.500004 0.866023 -0
    outer loop
      vertex 27.7849 -29.2644 0
      vertex 27.6852 -29.2068 7.9
      vertex 27.7849 -29.2644 7.9
    endloop
  endfacet
  facet normal 0.500004 0.866023 0
    outer loop
      vertex 27.6852 -29.2068 7.9
      vertex 27.7849 -29.2644 0
      vertex 27.6852 -29.2068 0
    endloop
  endfacet
  facet normal -0.406744 0.913542 0
    outer loop
      vertex 28.7837 -29.2644 0
      vertex 28.6785 -29.3112 7.9
      vertex 28.7837 -29.2644 7.9
    endloop
  endfacet
  facet normal -0.406744 0.913542 0
    outer loop
      vertex 28.6785 -29.3112 7.9
      vertex 28.7837 -29.2644 0
      vertex 28.6785 -29.3112 0
    endloop
  endfacet
  facet normal 0.207895 0.978151 -0
    outer loop
      vertex 28.1122 -29.3707 0
      vertex 27.9996 -29.3468 7.9
      vertex 28.1122 -29.3707 7.9
    endloop
  endfacet
  facet normal 0.207895 0.978151 0
    outer loop
      vertex 27.9996 -29.3468 7.9
      vertex 28.1122 -29.3707 0
      vertex 27.9996 -29.3468 0
    endloop
  endfacet
  facet normal -0.207899 0.97815 0
    outer loop
      vertex 28.569 -29.3468 0
      vertex 28.4563 -29.3707 7.9
      vertex 28.569 -29.3468 7.9
    endloop
  endfacet
  facet normal -0.207899 0.97815 0
    outer loop
      vertex 28.4563 -29.3707 7.9
      vertex 28.569 -29.3468 0
      vertex 28.4563 -29.3707 0
    endloop
  endfacet
  facet normal 0 0 -1
    outer loop
      vertex 29.3707 -28.4563 7.9
      vertex 29.3828 -28.2267 7.9
      vertex 29.3828 -28.3418 7.9
    endloop
  endfacet
  facet normal 0 0 -1
    outer loop
      vertex 29.3707 -28.4563 7.9
      vertex 29.3707 -28.1122 7.9
      vertex 29.3828 -28.2267 7.9
    endloop
  endfacet
  facet normal 0 0 -1
    outer loop
      vertex 29.3468 -28.569 7.9
      vertex 29.3707 -28.1122 7.9
      vertex 29.3707 -28.4563 7.9
    endloop
  endfacet
  facet normal 0 0 -1
    outer loop
      vertex 29.3468 -28.569 7.9
      vertex 29.3468 -27.9996 7.9
      vertex 29.3707 -28.1122 7.9
    endloop
  endfacet
  facet normal 0 0 -1
    outer loop
      vertex 29.3112 -28.6785 7.9
      vertex 29.3468 -27.9996 7.9
      vertex 29.3468 -28.569 7.9
    endloop
  endfacet
  facet normal 0 0 -1
    outer loop
      vertex 29.3112 -28.6785 7.9
      vertex 29.3112 -27.8901 7.9
      vertex 29.3468 -27.9996 7.9
    endloop
  endfacet
  facet normal 0 0 -1
    outer loop
      vertex 29.2644 -28.7837 7.9
      vertex 29.3112 -27.8901 7.9
      vertex 29.3112 -28.6785 7.9
    endloop
  endfacet
  facet normal 0 0 -1
    outer loop
      vertex 29.2644 -28.7837 7.9
      vertex 29.2644 -27.7849 7.9
      vertex 29.3112 -27.8901 7.9
    endloop
  endfacet
  facet normal 0 0 -1
    outer loop
      vertex 29.2068 -28.8834 7.9
      vertex 29.2644 -27.7849 7.9
      vertex 29.2644 -28.7837 7.9
    endloop
  endfacet
  facet normal 0 0 -1
    outer loop
      vertex 29.2068 -28.8834 7.9
      vertex 29.2068 -27.6852 7.9
      vertex 29.2644 -27.7849 7.9
    endloop
  endfacet
  facet normal 0 0 -1
    outer loop
      vertex 29.1391 -28.9765 7.9
      vertex 29.2068 -27.6852 7.9
      vertex 29.2068 -28.8834 7.9
    endloop
  endfacet
  facet normal 0 0 -1
    outer loop
      vertex 29.1391 -28.9765 7.9
      vertex 29.1391 -27.592 7.9
      vertex 29.2068 -27.6852 7.9
    endloop
  endfacet
  facet normal 0 0 -1
    outer loop
      vertex 29.0621 -29.0621 7.9
      vertex 29.1391 -27.592 7.9
      vertex 29.1391 -28.9765 7.9
    endloop
  endfacet
  facet normal 0 0 -1
    outer loop
      vertex 29.0621 -29.0621 7.9
      vertex 29.0621 -27.5065 7.9
      vertex 29.1391 -27.592 7.9
    endloop
  endfacet
  facet normal 0 0 -1
    outer loop
      vertex 28.9765 -29.1391 7.9
      vertex 29.0621 -27.5065 7.9
      vertex 29.0621 -29.0621 7.9
    endloop
  endfacet
  facet normal 0 0 -1
    outer loop
      vertex 28.9765 -29.1391 7.9
      vertex 28.9765 -27.4294 7.9
      vertex 29.0621 -27.5065 7.9
    endloop
  endfacet
  facet normal 0 0 -1
    outer loop
      vertex 28.8834 -29.2068 7.9
      vertex 28.9765 -27.4294 7.9
      vertex 28.9765 -29.1391 7.9
    endloop
  endfacet
  facet normal 0 0 -1
    outer loop
      vertex 28.8834 -29.2068 7.9
      vertex 28.8834 -27.3617 7.9
      vertex 28.9765 -27.4294 7.9
    endloop
  endfacet
  facet normal 0 0 -1
    outer loop
      vertex 28.7837 -29.2644 7.9
      vertex 28.8834 -27.3617 7.9
      vertex 28.8834 -29.2068 7.9
    endloop
  endfacet
  facet normal 0 0 -1
    outer loop
      vertex 28.7837 -29.2644 7.9
      vertex 28.7837 -27.3042 7.9
      vertex 28.8834 -27.3617 7.9
    endloop
  endfacet
  facet normal 0 0 -1
    outer loop
      vertex 28.6785 -29.3112 7.9
      vertex 28.7837 -27.3042 7.9
      vertex 28.7837 -29.2644 7.9
    endloop
  endfacet
  facet normal 0 0 -1
    outer loop
      vertex 28.6785 -29.3112 7.9
      vertex 28.6785 -27.2573 7.9
      vertex 28.7837 -27.3042 7.9
    endloop
  endfacet
  facet normal 0 0 -1
    outer loop
      vertex 28.569 -29.3468 7.9
      vertex 28.6785 -27.2573 7.9
      vertex 28.6785 -29.3112 7.9
    endloop
  endfacet
  facet normal 0 0 -1
    outer loop
      vertex 28.569 -29.3468 7.9
      vertex 28.569 -27.2218 7.9
      vertex 28.6785 -27.2573 7.9
    endloop
  endfacet
  facet normal 0 0 -1
    outer loop
      vertex 28.4563 -29.3707 7.9
      vertex 28.569 -27.2218 7.9
      vertex 28.569 -29.3468 7.9
    endloop
  endfacet
  facet normal 0 0 -1
    outer loop
      vertex 28.4563 -29.3707 7.9
      vertex 28.4563 -27.1978 7.9
      vertex 28.569 -27.2218 7.9
    endloop
  endfacet
  facet normal 0 0 -1
    outer loop
      vertex 28.3418 -29.3828 7.9
      vertex 28.4563 -27.1978 7.9
      vertex 28.4563 -29.3707 7.9
    endloop
  endfacet
  facet normal 0 0 -1
    outer loop
      vertex 28.3418 -29.3828 7.9
      vertex 28.3418 -27.1858 7.9
      vertex 28.4563 -27.1978 7.9
    endloop
  endfacet
  facet normal 0 0 -1
    outer loop
      vertex 28.2267 -29.3828 7.9
      vertex 28.3418 -27.1858 7.9
      vertex 28.3418 -29.3828 7.9
    endloop
  endfacet
  facet normal 0 0 -1
    outer loop
      vertex 28.2267 -29.3828 7.9
      vertex 28.2267 -27.1858 7.9
      vertex 28.3418 -27.1858 7.9
    endloop
  endfacet
  facet normal 0 0 -1
    outer loop
      vertex 28.1122 -29.3707 7.9
      vertex 28.2267 -27.1858 7.9
      vertex 28.2267 -29.3828 7.9
    endloop
  endfacet
  facet normal 0 0 -1
    outer loop
      vertex 28.1122 -29.3707 7.9
      vertex 28.1122 -27.1978 7.9
      vertex 28.2267 -27.1858 7.9
    endloop
  endfacet
  facet normal 0 0 -1
    outer loop
      vertex 27.9996 -29.3468 7.9
      vertex 28.1122 -27.1978 7.9
      vertex 28.1122 -29.3707 7.9
    endloop
  endfacet
  facet normal 0 0 -1
    outer loop
      vertex 27.9996 -29.3468 7.9
      vertex 27.9996 -27.2218 7.9
      vertex 28.1122 -27.1978 7.9
    endloop
  endfacet
  facet normal 0 0 -1
    outer loop
      vertex 27.8901 -29.3112 7.9
      vertex 27.9996 -27.2218 7.9
      vertex 27.9996 -29.3468 7.9
    endloop
  endfacet
  facet normal 0 0 -1
    outer loop
      vertex 27.8901 -29.3112 7.9
      vertex 27.8901 -27.2573 7.9
      vertex 27.9996 -27.2218 7.9
    endloop
  endfacet
  facet normal 0 0 -1
    outer loop
      vertex 27.7849 -29.2644 7.9
      vertex 27.8901 -27.2573 7.9
      vertex 27.8901 -29.3112 7.9
    endloop
  endfacet
  facet normal 0 0 -1
    outer loop
      vertex 27.7849 -29.2644 7.9
      vertex 27.7849 -27.3042 7.9
      vertex 27.8901 -27.2573 7.9
    endloop
  endfacet
  facet normal 0 0 -1
    outer loop
      vertex 27.6852 -29.2068 7.9
      vertex 27.7849 -27.3042 7.9
      vertex 27.7849 -29.2644 7.9
    endloop
  endfacet
  facet normal 0 0 -1
    outer loop
      vertex 27.6852 -29.2068 7.9
      vertex 27.6852 -27.3617 7.9
      vertex 27.7849 -27.3042 7.9
    endloop
  endfacet
  facet normal 0 0 -1
    outer loop
      vertex 27.592 -29.1391 7.9
      vertex 27.6852 -27.3617 7.9
      vertex 27.6852 -29.2068 7.9
    endloop
  endfacet
  facet normal 0 0 -1
    outer loop
      vertex 27.592 -29.1391 7.9
      vertex 27.592 -27.4294 7.9
      vertex 27.6852 -27.3617 7.9
    endloop
  endfacet
  facet normal 0 0 -1
    outer loop
      vertex 27.5065 -29.0621 7.9
      vertex 27.592 -27.4294 7.9
      vertex 27.592 -29.1391 7.9
    endloop
  endfacet
  facet normal 0 0 -1
    outer loop
      vertex 27.5065 -29.0621 7.9
      vertex 27.5065 -27.5065 7.9
      vertex 27.592 -27.4294 7.9
    endloop
  endfacet
  facet normal 0 0 -1
    outer loop
      vertex 27.4294 -28.9765 7.9
      vertex 27.5065 -27.5065 7.9
      vertex 27.5065 -29.0621 7.9
    endloop
  endfacet
  facet normal 0 0 -1
    outer loop
      vertex 27.4294 -28.9765 7.9
      vertex 27.4294 -27.592 7.9
      vertex 27.5065 -27.5065 7.9
    endloop
  endfacet
  facet normal 0 0 -1
    outer loop
      vertex 27.3617 -28.8834 7.9
      vertex 27.4294 -27.592 7.9
      vertex 27.4294 -28.9765 7.9
    endloop
  endfacet
  facet normal 0 0 -1
    outer loop
      vertex 27.3617 -28.8834 7.9
      vertex 27.3617 -27.6852 7.9
      vertex 27.4294 -27.592 7.9
    endloop
  endfacet
  facet normal 0 0 -1
    outer loop
      vertex 27.3042 -28.7837 7.9
      vertex 27.3617 -27.6852 7.9
      vertex 27.3617 -28.8834 7.9
    endloop
  endfacet
  facet normal 0 0 -1
    outer loop
      vertex 27.3042 -28.7837 7.9
      vertex 27.3042 -27.7849 7.9
      vertex 27.3617 -27.6852 7.9
    endloop
  endfacet
  facet normal 0 0 -1
    outer loop
      vertex 27.2573 -28.6785 7.9
      vertex 27.3042 -27.7849 7.9
      vertex 27.3042 -28.7837 7.9
    endloop
  endfacet
  facet normal 0 0 -1
    outer loop
      vertex 27.2573 -28.6785 7.9
      vertex 27.2573 -27.8901 7.9
      vertex 27.3042 -27.7849 7.9
    endloop
  endfacet
  facet normal 0 0 -1
    outer loop
      vertex 27.2218 -28.569 7.9
      vertex 27.2573 -27.8901 7.9
      vertex 27.2573 -28.6785 7.9
    endloop
  endfacet
  facet normal 0 0 -1
    outer loop
      vertex 27.2218 -28.569 7.9
      vertex 27.2218 -27.9996 7.9
      vertex 27.2573 -27.8901 7.9
    endloop
  endfacet
  facet normal 0 0 -1
    outer loop
      vertex 27.1978 -28.4563 7.9
      vertex 27.2218 -27.9996 7.9
      vertex 27.2218 -28.569 7.9
    endloop
  endfacet
  facet normal 0 0 -1
    outer loop
      vertex 27.1978 -28.4563 7.9
      vertex 27.1978 -28.1122 7.9
      vertex 27.2218 -27.9996 7.9
    endloop
  endfacet
  facet normal 0 0 -1
    outer loop
      vertex 27.1858 -28.3418 7.9
      vertex 27.1978 -28.1122 7.9
      vertex 27.1978 -28.4563 7.9
    endloop
  endfacet
  facet normal 0 0 -1
    outer loop
      vertex 27.1978 -28.1122 7.9
      vertex 27.1858 -28.3418 7.9
      vertex 27.1858 -28.2267 7.9
    endloop
  endfacet
  facet normal 0.913542 0.406744 0
    outer loop
      vertex 27.3042 -28.7837 7.9
      vertex 27.2573 -28.6785 0
      vertex 27.2573 -28.6785 7.9
    endloop
  endfacet
  facet normal 0.913542 0.406744 0
    outer loop
      vertex 27.2573 -28.6785 0
      vertex 27.3042 -28.7837 7.9
      vertex 27.3042 -28.7837 0
    endloop
  endfacet
  facet normal 1 -0 0
    outer loop
      vertex 27.1858 -28.3418 7.9
      vertex 27.1858 -28.2267 0
      vertex 27.1858 -28.2267 7.9
    endloop
  endfacet
  facet normal 1 0 0
    outer loop
      vertex 27.1858 -28.2267 0
      vertex 27.1858 -28.3418 7.9
      vertex 27.1858 -28.3418 0
    endloop
  endfacet
  facet normal 0.994522 -0.104531 0
    outer loop
      vertex 27.1858 -28.2267 7.9
      vertex 27.1978 -28.1122 0
      vertex 27.1978 -28.1122 7.9
    endloop
  endfacet
  facet normal 0.994522 -0.104531 0
    outer loop
      vertex 27.1978 -28.1122 0
      vertex 27.1858 -28.2267 7.9
      vertex 27.1858 -28.2267 0
    endloop
  endfacet
  facet normal 0.978151 -0.207895 0
    outer loop
      vertex 27.1978 -28.1122 7.9
      vertex 27.2218 -27.9996 0
      vertex 27.2218 -27.9996 7.9
    endloop
  endfacet
  facet normal 0.978151 -0.207895 0
    outer loop
      vertex 27.2218 -27.9996 0
      vertex 27.1978 -28.1122 7.9
      vertex 27.1978 -28.1122 0
    endloop
  endfacet
  facet normal 0.913539 -0.40675 0
    outer loop
      vertex 27.2573 -27.8901 7.9
      vertex 27.3042 -27.7849 0
      vertex 27.3042 -27.7849 7.9
    endloop
  endfacet
  facet normal 0.913539 -0.40675 0
    outer loop
      vertex 27.3042 -27.7849 0
      vertex 27.2573 -27.8901 7.9
      vertex 27.2573 -27.8901 0
    endloop
  endfacet
  facet normal 0.866031 -0.499991 0
    outer loop
      vertex 27.3042 -27.7849 7.9
      vertex 27.3617 -27.6852 0
      vertex 27.3617 -27.6852 7.9
    endloop
  endfacet
  facet normal 0.866031 -0.499991 0
    outer loop
      vertex 27.3617 -27.6852 0
      vertex 27.3042 -27.7849 7.9
      vertex 27.3042 -27.7849 0
    endloop
  endfacet
  facet normal 0.743129 -0.669148 0
    outer loop
      vertex 27.4294 -27.592 7.9
      vertex 27.5065 -27.5065 0
      vertex 27.5065 -27.5065 7.9
    endloop
  endfacet
  facet normal 0.743129 -0.669148 0
    outer loop
      vertex 27.5065 -27.5065 0
      vertex 27.4294 -27.592 7.9
      vertex 27.4294 -27.592 0
    endloop
  endfacet
  facet normal 0 1 -0
    outer loop
      vertex 28.3418 -29.3828 0
      vertex 28.2267 -29.3828 7.9
      vertex 28.3418 -29.3828 7.9
    endloop
  endfacet
  facet normal 0 1 0
    outer loop
      vertex 28.2267 -29.3828 7.9
      vertex 28.3418 -29.3828 0
      vertex 28.2267 -29.3828 0
    endloop
  endfacet
  facet normal 0.994522 0.10453 0
    outer loop
      vertex 27.1978 -28.4563 7.9
      vertex 27.1858 -28.3418 0
      vertex 27.1858 -28.3418 7.9
    endloop
  endfacet
  facet normal 0.994522 0.10453 0
    outer loop
      vertex 27.1858 -28.3418 0
      vertex 27.1978 -28.4563 7.9
      vertex 27.1978 -28.4563 0
    endloop
  endfacet
  facet normal 0.866031 0.499991 0
    outer loop
      vertex 27.3617 -28.8834 7.9
      vertex 27.3042 -28.7837 0
      vertex 27.3042 -28.7837 7.9
    endloop
  endfacet
  facet normal 0.866031 0.499991 0
    outer loop
      vertex 27.3042 -28.7837 0
      vertex 27.3617 -28.8834 7.9
      vertex 27.3617 -28.8834 0
    endloop
  endfacet
  facet normal 0.809024 0.587776 0
    outer loop
      vertex 27.4294 -28.9765 7.9
      vertex 27.3617 -28.8834 0
      vertex 27.3617 -28.8834 7.9
    endloop
  endfacet
  facet normal 0.809024 0.587776 0
    outer loop
      vertex 27.3617 -28.8834 0
      vertex 27.4294 -28.9765 7.9
      vertex 27.4294 -28.9765 0
    endloop
  endfacet
  facet normal 0.743129 0.669148 0
    outer loop
      vertex 27.5065 -29.0621 7.9
      vertex 27.4294 -28.9765 0
      vertex 27.4294 -28.9765 7.9
    endloop
  endfacet
  facet normal 0.743129 0.669148 0
    outer loop
      vertex 27.4294 -28.9765 0
      vertex 27.5065 -29.0621 7.9
      vertex 27.5065 -29.0621 0
    endloop
  endfacet
  facet normal 0.951056 -0.309018 0
    outer loop
      vertex 27.2218 -27.9996 7.9
      vertex 27.2573 -27.8901 0
      vertex 27.2573 -27.8901 7.9
    endloop
  endfacet
  facet normal 0.951056 -0.309018 0
    outer loop
      vertex 27.2573 -27.8901 0
      vertex 27.2218 -27.9996 7.9
      vertex 27.2218 -27.9996 0
    endloop
  endfacet
  facet normal 0.97815 0.207899 0
    outer loop
      vertex 27.2218 -28.569 7.9
      vertex 27.1978 -28.4563 0
      vertex 27.1978 -28.4563 7.9
    endloop
  endfacet
  facet normal 0.97815 0.207899 0
    outer loop
      vertex 27.1978 -28.4563 0
      vertex 27.2218 -28.569 7.9
      vertex 27.2218 -28.569 0
    endloop
  endfacet
  facet normal 0.951056 0.309018 0
    outer loop
      vertex 27.2573 -28.6785 7.9
      vertex 27.2218 -28.569 0
      vertex 27.2218 -28.569 7.9
    endloop
  endfacet
  facet normal 0.951056 0.309018 0
    outer loop
      vertex 27.2218 -28.569 0
      vertex 27.2573 -28.6785 7.9
      vertex 27.2573 -28.6785 0
    endloop
  endfacet
  facet normal -0.998629 -0.0523405 0
    outer loop
      vertex 49.4 0 2
      vertex 49.3814 0.355396 9
      vertex 49.3814 0.355396 2
    endloop
  endfacet
  facet normal -0.998629 -0.0523405 0
    outer loop
      vertex 49.3814 0.355396 9
      vertex 49.4 0 2
      vertex 49.4 0 9
    endloop
  endfacet
  facet normal -0.707108 -0.707105 0
    outer loop
      vertex 48.5267 2.27504 2
      vertex 48.275 2.52669 9
      vertex 48.275 2.52669 2
    endloop
  endfacet
  facet normal -0.707108 -0.707105 0
    outer loop
      vertex 48.275 2.52669 9
      vertex 48.5267 2.27504 2
      vertex 48.5267 2.27504 9
    endloop
  endfacet
  facet normal -0.933581 -0.358366 0
    outer loop
      vertex 49.2336 1.05066 2
      vertex 49.1061 1.3829 9
      vertex 49.1061 1.3829 2
    endloop
  endfacet
  facet normal -0.933581 -0.358366 0
    outer loop
      vertex 49.1061 1.3829 9
      vertex 49.2336 1.05066 2
      vertex 49.2336 1.05066 9
    endloop
  endfacet
  facet normal -0.987689 -0.156432 0
    outer loop
      vertex 49.3814 0.355396 2
      vertex 49.3257 0.7069 9
      vertex 49.3257 0.7069 2
    endloop
  endfacet
  facet normal -0.987689 -0.156432 0
    outer loop
      vertex 49.3257 0.7069 9
      vertex 49.3814 0.355396 2
      vertex 49.3814 0.355396 9
    endloop
  endfacet
  facet normal -0.35837 -0.93358 0
    outer loop
      vertex 47.0507 3.23359 2
      vertex 47.3829 3.10605 9
      vertex 47.0507 3.23359 9
    endloop
  endfacet
  facet normal -0.35837 -0.93358 -0
    outer loop
      vertex 47.3829 3.10605 9
      vertex 47.0507 3.23359 2
      vertex 47.3829 3.10605 2
    endloop
  endfacet
  facet normal -0.544639 -0.83867 0
    outer loop
      vertex 47.7 2.94449 2
      vertex 47.9985 2.75066 9
      vertex 47.7 2.94449 9
    endloop
  endfacet
  facet normal -0.544639 -0.83867 -0
    outer loop
      vertex 47.9985 2.75066 9
      vertex 47.7 2.94449 2
      vertex 47.9985 2.75066 2
    endloop
  endfacet
  facet normal 0 0 1
    outer loop
      vertex 49.4 0 2
      vertex 49.3814 0.355396 2
      vertex 49.4 -6.04956e-015 2
    endloop
  endfacet
  facet normal 0 0 1
    outer loop
      vertex 49.4 -6.04956e-015 2
      vertex 49.3814 -0.355396 2
      vertex 49.4 -1.20991e-014 2
    endloop
  endfacet
  facet normal 0 0 1
    outer loop
      vertex 49.3814 0.355396 2
      vertex 49.3814 -0.355396 2
      vertex 49.4 -6.04956e-015 2
    endloop
  endfacet
  facet normal 0 0 1
    outer loop
      vertex 49.3257 0.7069 2
      vertex 49.3814 -0.355396 2
      vertex 49.3814 0.355396 2
    endloop
  endfacet
  facet normal 0 0 1
    outer loop
      vertex 49.3257 0.7069 2
      vertex 49.3257 -0.7069 2
      vertex 49.3814 -0.355396 2
    endloop
  endfacet
  facet normal 0 0 1
    outer loop
      vertex 49.2336 1.05066 2
      vertex 49.3257 -0.7069 2
      vertex 49.3257 0.7069 2
    endloop
  endfacet
  facet normal 0 0 1
    outer loop
      vertex 49.2336 1.05066 2
      vertex 49.2336 -1.05066 2
      vertex 49.3257 -0.7069 2
    endloop
  endfacet
  facet normal 0 0 1
    outer loop
      vertex 49.1061 1.3829 2
      vertex 49.2336 -1.05066 2
      vertex 49.2336 1.05066 2
    endloop
  endfacet
  facet normal 0 0 1
    outer loop
      vertex 49.1061 1.3829 2
      vertex 49.1061 -1.3829 2
      vertex 49.2336 -1.05066 2
    endloop
  endfacet
  facet normal 0 0 1
    outer loop
      vertex 48.9445 1.7 2
      vertex 49.1061 -1.3829 2
      vertex 49.1061 1.3829 2
    endloop
  endfacet
  facet normal 0 0 1
    outer loop
      vertex 48.9445 1.7 2
      vertex 48.9445 -1.7 2
      vertex 49.1061 -1.3829 2
    endloop
  endfacet
  facet normal 0 0 1
    outer loop
      vertex 48.7507 1.99847 2
      vertex 48.9445 -1.7 2
      vertex 48.9445 1.7 2
    endloop
  endfacet
  facet normal 0 0 1
    outer loop
      vertex 48.7507 1.99847 2
      vertex 48.7507 -1.99847 2
      vertex 48.9445 -1.7 2
    endloop
  endfacet
  facet normal 0 0 1
    outer loop
      vertex 48.5267 2.27504 2
      vertex 48.7507 -1.99847 2
      vertex 48.7507 1.99847 2
    endloop
  endfacet
  facet normal 0 0 1
    outer loop
      vertex 48.5267 2.27504 2
      vertex 48.5267 -2.27504 2
      vertex 48.7507 -1.99847 2
    endloop
  endfacet
  facet normal 0 0 1
    outer loop
      vertex 48.275 2.52669 2
      vertex 48.5267 -2.27504 2
      vertex 48.5267 2.27504 2
    endloop
  endfacet
  facet normal 0 0 1
    outer loop
      vertex 48.275 2.52669 2
      vertex 48.275 -2.52669 2
      vertex 48.5267 -2.27504 2
    endloop
  endfacet
  facet normal 0 0 1
    outer loop
      vertex 47.9985 2.75066 2
      vertex 48.275 -2.52669 2
      vertex 48.275 2.52669 2
    endloop
  endfacet
  facet normal 0 0 1
    outer loop
      vertex 47.9985 2.75066 2
      vertex 47.9985 -2.75066 2
      vertex 48.275 -2.52669 2
    endloop
  endfacet
  facet normal 0 0 1
    outer loop
      vertex 47.7 2.94449 2
      vertex 47.9985 -2.75066 2
      vertex 47.9985 2.75066 2
    endloop
  endfacet
  facet normal 0 0 1
    outer loop
      vertex 47.7 2.94449 2
      vertex 47.7 -2.94449 2
      vertex 47.9985 -2.75066 2
    endloop
  endfacet
  facet normal 0 0 1
    outer loop
      vertex 47.3829 3.10605 2
      vertex 47.7 -2.94449 2
      vertex 47.7 2.94449 2
    endloop
  endfacet
  facet normal 0 0 1
    outer loop
      vertex 47.3829 3.10605 2
      vertex 47.3829 -3.10605 2
      vertex 47.7 -2.94449 2
    endloop
  endfacet
  facet normal 0 0 1
    outer loop
      vertex 47.0507 3.23359 2
      vertex 47.3829 -3.10605 2
      vertex 47.3829 3.10605 2
    endloop
  endfacet
  facet normal 0 0 1
    outer loop
      vertex 47.0507 3.23359 2
      vertex 47.0507 -3.23359 2
      vertex 47.3829 -3.10605 2
    endloop
  endfacet
  facet normal 0 0 1
    outer loop
      vertex 46.7069 3.3257 2
      vertex 47.0507 -3.23359 2
      vertex 47.0507 3.23359 2
    endloop
  endfacet
  facet normal 0 0 1
    outer loop
      vertex 46.7069 3.3257 2
      vertex 46.7069 -3.3257 2
      vertex 47.0507 -3.23359 2
    endloop
  endfacet
  facet normal 0 0 1
    outer loop
      vertex 46.3554 3.38137 2
      vertex 46.7069 -3.3257 2
      vertex 46.7069 3.3257 2
    endloop
  endfacet
  facet normal 0 0 1
    outer loop
      vertex 46.3554 3.38137 2
      vertex 46.3554 -3.38137 2
      vertex 46.7069 -3.3257 2
    endloop
  endfacet
  facet normal 0 0 1
    outer loop
      vertex 46 3.4 2
      vertex 46.3554 -3.38137 2
      vertex 46.3554 3.38137 2
    endloop
  endfacet
  facet normal 0 0 1
    outer loop
      vertex 46 3.4 2
      vertex 46 -3.4 2
      vertex 46.3554 -3.38137 2
    endloop
  endfacet
  facet normal 0 0 1
    outer loop
      vertex 42.6 -1.04336e-014 2
      vertex 46 3.4 2
      vertex 42.6 3.4 2
    endloop
  endfacet
  facet normal 0 0 1
    outer loop
      vertex 46 3.4 2
      vertex 42.6 -1.04336e-014 2
      vertex 46 -3.4 2
    endloop
  endfacet
  facet normal 0 0 1
    outer loop
      vertex 46 -3.4 2
      vertex 42.6 -1.04336e-014 2
      vertex 42.6 -3.4 2
    endloop
  endfacet
  facet normal -0.965926 -0.258819 0
    outer loop
      vertex 49.3257 0.7069 2
      vertex 49.2336 1.05066 9
      vertex 49.2336 1.05066 2
    endloop
  endfacet
  facet normal -0.965926 -0.258819 0
    outer loop
      vertex 49.2336 1.05066 9
      vertex 49.3257 0.7069 2
      vertex 49.3257 0.7069 9
    endloop
  endfacet
  facet normal -0.83867 -0.544639 0
    outer loop
      vertex 48.9445 1.7 2
      vertex 48.7507 1.99847 9
      vertex 48.7507 1.99847 2
    endloop
  endfacet
  facet normal -0.83867 -0.544639 0
    outer loop
      vertex 48.7507 1.99847 9
      vertex 48.9445 1.7 2
      vertex 48.9445 1.7 9
    endloop
  endfacet
  facet normal -0.777147 -0.629319 0
    outer loop
      vertex 48.7507 1.99847 2
      vertex 48.5267 2.27504 9
      vertex 48.5267 2.27504 2
    endloop
  endfacet
  facet normal -0.777147 -0.629319 0
    outer loop
      vertex 48.5267 2.27504 9
      vertex 48.7507 1.99847 2
      vertex 48.7507 1.99847 9
    endloop
  endfacet
  facet normal -0.891003 -0.453998 0
    outer loop
      vertex 49.1061 1.3829 2
      vertex 48.9445 1.7 9
      vertex 48.9445 1.7 2
    endloop
  endfacet
  facet normal -0.891003 -0.453998 0
    outer loop
      vertex 48.9445 1.7 9
      vertex 49.1061 1.3829 2
      vertex 49.1061 1.3829 9
    endloop
  endfacet
  facet normal -0.156434 -0.987688 0
    outer loop
      vertex 46.3554 3.38137 2
      vertex 46.7069 3.3257 9
      vertex 46.3554 3.38137 9
    endloop
  endfacet
  facet normal -0.156434 -0.987688 -0
    outer loop
      vertex 46.7069 3.3257 9
      vertex 46.3554 3.38137 2
      vertex 46.7069 3.3257 2
    endloop
  endfacet
  facet normal -0.0523352 -0.99863 0
    outer loop
      vertex 46 3.4 2
      vertex 46.3554 3.38137 9
      vertex 46 3.4 9
    endloop
  endfacet
  facet normal -0.0523352 -0.99863 -0
    outer loop
      vertex 46.3554 3.38137 9
      vertex 46 3.4 2
      vertex 46.3554 3.38137 2
    endloop
  endfacet
  facet normal -0.629321 -0.777146 0
    outer loop
      vertex 47.9985 2.75066 2
      vertex 48.275 2.52669 9
      vertex 47.9985 2.75066 9
    endloop
  endfacet
  facet normal -0.629321 -0.777146 -0
    outer loop
      vertex 48.275 2.52669 9
      vertex 47.9985 2.75066 2
      vertex 48.275 2.52669 2
    endloop
  endfacet
  facet normal -0.258819 -0.965926 0
    outer loop
      vertex 46.7069 3.3257 2
      vertex 47.0507 3.23359 9
      vertex 46.7069 3.3257 9
    endloop
  endfacet
  facet normal -0.258819 -0.965926 -0
    outer loop
      vertex 47.0507 3.23359 9
      vertex 46.7069 3.3257 2
      vertex 47.0507 3.23359 2
    endloop
  endfacet
  facet normal -0.45399 -0.891007 0
    outer loop
      vertex 47.3829 3.10605 2
      vertex 47.7 2.94449 9
      vertex 47.3829 3.10605 9
    endloop
  endfacet
  facet normal -0.45399 -0.891007 -0
    outer loop
      vertex 47.7 2.94449 9
      vertex 47.3829 3.10605 2
      vertex 47.7 2.94449 2
    endloop
  endfacet
  facet normal -1.58585e-009 1 0
    outer loop
      vertex 49.4 0 2
      vertex 49.4 -6.04956e-015 9
      vertex 49.4 0 9
    endloop
  endfacet
  facet normal -1.58585e-009 1 0
    outer loop
      vertex 49.4 -6.04956e-015 9
      vertex 49.4 0 2
      vertex 49.4 -6.04956e-015 2
    endloop
  endfacet
  facet normal 1 -0 0
    outer loop
      vertex 42.6 -1.04336e-014 9
      vertex 42.6 3.4 2
      vertex 42.6 3.4 9
    endloop
  endfacet
  facet normal 1 0 0
    outer loop
      vertex 42.6 3.4 2
      vertex 42.6 -1.04336e-014 9
      vertex 42.6 -1.04336e-014 2
    endloop
  endfacet
  facet normal 0 -1 0
    outer loop
      vertex 42.6 3.4 2
      vertex 46 3.4 9
      vertex 42.6 3.4 9
    endloop
  endfacet
  facet normal 0 -1 -0
    outer loop
      vertex 46 3.4 9
      vertex 42.6 3.4 2
      vertex 46 3.4 2
    endloop
  endfacet
  facet normal -0.838672 -0.544637 0
    outer loop
      vertex 42.7817 24.7 2
      vertex 42.5878 24.9985 9
      vertex 42.5878 24.9985 2
    endloop
  endfacet
  facet normal -0.838672 -0.544637 0
    outer loop
      vertex 42.5878 24.9985 9
      vertex 42.7817 24.7 2
      vertex 42.7817 24.7 9
    endloop
  endfacet
  facet normal -0.544639 0.83867 0
    outer loop
      vertex 41.8356 20.2493 2
      vertex 41.5372 20.0555 9
      vertex 41.8356 20.2493 9
    endloop
  endfacet
  facet normal -0.544639 0.83867 0
    outer loop
      vertex 41.5372 20.0555 9
      vertex 41.8356 20.2493 2
      vertex 41.5372 20.0555 2
    endloop
  endfacet
  facet normal -0.258819 -0.965926 0
    outer loop
      vertex 40.5441 26.3257 2
      vertex 40.8878 26.2336 9
      vertex 40.5441 26.3257 9
    endloop
  endfacet
  facet normal -0.258819 -0.965926 -0
    outer loop
      vertex 40.8878 26.2336 9
      vertex 40.5441 26.3257 2
      vertex 40.8878 26.2336 2
    endloop
  endfacet
  facet normal -0.629324 -0.777143 0
    outer loop
      vertex 41.8356 25.7507 2
      vertex 42.1122 25.5267 9
      vertex 41.8356 25.7507 9
    endloop
  endfacet
  facet normal -0.629324 -0.777143 -0
    outer loop
      vertex 42.1122 25.5267 9
      vertex 41.8356 25.7507 2
      vertex 42.1122 25.5267 2
    endloop
  endfacet
  facet normal -0.777146 -0.629321 0
    outer loop
      vertex 42.5878 24.9985 2
      vertex 42.3639 25.275 9
      vertex 42.3639 25.275 2
    endloop
  endfacet
  facet normal -0.777146 -0.629321 0
    outer loop
      vertex 42.3639 25.275 9
      vertex 42.5878 24.9985 2
      vertex 42.5878 24.9985 9
    endloop
  endfacet
  facet normal 0.156438 -0.987688 0
    outer loop
      vertex 39.1303 26.3257 2
      vertex 39.4818 26.3814 9
      vertex 39.1303 26.3257 9
    endloop
  endfacet
  facet normal 0.156438 -0.987688 0
    outer loop
      vertex 39.4818 26.3814 9
      vertex 39.1303 26.3257 2
      vertex 39.4818 26.3814 2
    endloop
  endfacet
  facet normal -0.0523352 -0.99863 0
    outer loop
      vertex 39.8372 26.4 2
      vertex 40.1926 26.3814 9
      vertex 39.8372 26.4 9
    endloop
  endfacet
  facet normal -0.0523352 -0.99863 -0
    outer loop
      vertex 40.1926 26.3814 9
      vertex 39.8372 26.4 2
      vertex 40.1926 26.3814 2
    endloop
  endfacet
  facet normal 0 0 1
    outer loop
      vertex 43.2185 23.3554 2
      vertex 43.2185 22.6446 2
      vertex 43.2372 23 2
    endloop
  endfacet
  facet normal 0 0 1
    outer loop
      vertex 43.1629 23.7069 2
      vertex 43.2185 22.6446 2
      vertex 43.2185 23.3554 2
    endloop
  endfacet
  facet normal 0 0 1
    outer loop
      vertex 43.1629 23.7069 2
      vertex 43.1629 22.2931 2
      vertex 43.2185 22.6446 2
    endloop
  endfacet
  facet normal 0 0 1
    outer loop
      vertex 43.0708 24.0507 2
      vertex 43.1629 22.2931 2
      vertex 43.1629 23.7069 2
    endloop
  endfacet
  facet normal 0 0 1
    outer loop
      vertex 43.0708 24.0507 2
      vertex 43.0708 21.9493 2
      vertex 43.1629 22.2931 2
    endloop
  endfacet
  facet normal 0 0 1
    outer loop
      vertex 42.9432 24.3829 2
      vertex 43.0708 21.9493 2
      vertex 43.0708 24.0507 2
    endloop
  endfacet
  facet normal 0 0 1
    outer loop
      vertex 42.9432 24.3829 2
      vertex 42.9432 21.6171 2
      vertex 43.0708 21.9493 2
    endloop
  endfacet
  facet normal 0 0 1
    outer loop
      vertex 42.7817 24.7 2
      vertex 42.9432 21.6171 2
      vertex 42.9432 24.3829 2
    endloop
  endfacet
  facet normal 0 0 1
    outer loop
      vertex 42.7817 24.7 2
      vertex 42.7817 21.3 2
      vertex 42.9432 21.6171 2
    endloop
  endfacet
  facet normal 0 0 1
    outer loop
      vertex 42.5878 24.9985 2
      vertex 42.7817 21.3 2
      vertex 42.7817 24.7 2
    endloop
  endfacet
  facet normal 0 0 1
    outer loop
      vertex 42.5878 24.9985 2
      vertex 42.5878 21.0015 2
      vertex 42.7817 21.3 2
    endloop
  endfacet
  facet normal 0 0 1
    outer loop
      vertex 42.3639 25.275 2
      vertex 42.5878 21.0015 2
      vertex 42.5878 24.9985 2
    endloop
  endfacet
  facet normal 0 0 1
    outer loop
      vertex 42.3639 25.275 2
      vertex 42.3639 20.725 2
      vertex 42.5878 21.0015 2
    endloop
  endfacet
  facet normal 0 0 1
    outer loop
      vertex 42.1122 25.5267 2
      vertex 42.3639 20.725 2
      vertex 42.3639 25.275 2
    endloop
  endfacet
  facet normal 0 0 1
    outer loop
      vertex 42.1122 25.5267 2
      vertex 42.1122 20.4733 2
      vertex 42.3639 20.725 2
    endloop
  endfacet
  facet normal 0 0 1
    outer loop
      vertex 41.8356 25.7507 2
      vertex 42.1122 20.4733 2
      vertex 42.1122 25.5267 2
    endloop
  endfacet
  facet normal 0 0 1
    outer loop
      vertex 41.8356 25.7507 2
      vertex 41.8356 20.2493 2
      vertex 42.1122 20.4733 2
    endloop
  endfacet
  facet normal 0 0 1
    outer loop
      vertex 41.5372 25.9445 2
      vertex 41.8356 20.2493 2
      vertex 41.8356 25.7507 2
    endloop
  endfacet
  facet normal 0 0 1
    outer loop
      vertex 41.5372 25.9445 2
      vertex 41.5372 20.0555 2
      vertex 41.8356 20.2493 2
    endloop
  endfacet
  facet normal 0 0 1
    outer loop
      vertex 41.2201 26.1061 2
      vertex 41.5372 20.0555 2
      vertex 41.5372 25.9445 2
    endloop
  endfacet
  facet normal 0 0 1
    outer loop
      vertex 40.8878 26.2336 2
      vertex 41.5372 20.0555 2
      vertex 41.2201 26.1061 2
    endloop
  endfacet
  facet normal 0 0 1
    outer loop
      vertex 40.5441 26.3257 2
      vertex 41.5372 20.0555 2
      vertex 40.8878 26.2336 2
    endloop
  endfacet
  facet normal 0 0 1
    outer loop
      vertex 40.1926 26.3814 2
      vertex 41.5372 20.0555 2
      vertex 40.5441 26.3257 2
    endloop
  endfacet
  facet normal 0 0 1
    outer loop
      vertex 39.8372 26.4 2
      vertex 41.5372 20.0555 2
      vertex 40.1926 26.3814 2
    endloop
  endfacet
  facet normal -0 0 1
    outer loop
      vertex 39.4818 26.3814 2
      vertex 41.5372 20.0555 2
      vertex 39.8372 26.4 2
    endloop
  endfacet
  facet normal -0 0 1
    outer loop
      vertex 39.1303 26.3257 2
      vertex 41.5372 20.0555 2
      vertex 39.4818 26.3814 2
    endloop
  endfacet
  facet normal -0 0 1
    outer loop
      vertex 38.7865 26.2336 2
      vertex 41.5372 20.0555 2
      vertex 39.1303 26.3257 2
    endloop
  endfacet
  facet normal -0 0 1
    outer loop
      vertex 38.1372 25.9445 2
      vertex 41.5372 20.0555 2
      vertex 38.7865 26.2336 2
    endloop
  endfacet
  facet normal 0 0 1
    outer loop
      vertex 38.1372 25.9445 2
      vertex 38.7865 26.2336 2
      vertex 38.4543 26.1061 2
    endloop
  endfacet
  facet normal 0 0 1
    outer loop
      vertex 41.5372 20.0555 2
      vertex 38.1372 25.9445 2
      vertex 38.5927 18.3555 2
    endloop
  endfacet
  facet normal 0 0 1
    outer loop
      vertex 38.5927 18.3555 2
      vertex 38.1372 25.9445 2
      vertex 35.1927 24.2445 2
    endloop
  endfacet
  facet normal -0.629319 0.777147 0
    outer loop
      vertex 42.1122 20.4733 2
      vertex 41.8356 20.2493 9
      vertex 42.1122 20.4733 9
    endloop
  endfacet
  facet normal -0.629319 0.777147 0
    outer loop
      vertex 41.8356 20.2493 9
      vertex 42.1122 20.4733 2
      vertex 41.8356 20.2493 2
    endloop
  endfacet
  facet normal -0.707107 -0.707107 0
    outer loop
      vertex 42.3639 25.275 2
      vertex 42.1122 25.5267 9
      vertex 42.1122 25.5267 2
    endloop
  endfacet
  facet normal -0.707107 -0.707107 0
    outer loop
      vertex 42.1122 25.5267 9
      vertex 42.3639 25.275 2
      vertex 42.3639 25.275 9
    endloop
  endfacet
  facet normal -0.453992 -0.891006 0
    outer loop
      vertex 41.2201 26.1061 2
      vertex 41.5372 25.9445 9
      vertex 41.2201 26.1061 9
    endloop
  endfacet
  facet normal -0.453992 -0.891006 -0
    outer loop
      vertex 41.5372 25.9445 9
      vertex 41.2201 26.1061 2
      vertex 41.5372 25.9445 2
    endloop
  endfacet
  facet normal -0.358364 -0.933582 0
    outer loop
      vertex 40.8878 26.2336 2
      vertex 41.2201 26.1061 9
      vertex 40.8878 26.2336 9
    endloop
  endfacet
  facet normal -0.358364 -0.933582 -0
    outer loop
      vertex 41.2201 26.1061 9
      vertex 40.8878 26.2336 2
      vertex 41.2201 26.1061 2
    endloop
  endfacet
  facet normal -0.544635 -0.838673 0
    outer loop
      vertex 41.5372 25.9445 2
      vertex 41.8356 25.7507 9
      vertex 41.5372 25.9445 9
    endloop
  endfacet
  facet normal -0.544635 -0.838673 -0
    outer loop
      vertex 41.8356 25.7507 9
      vertex 41.5372 25.9445 2
      vertex 41.8356 25.7507 2
    endloop
  endfacet
  facet normal 0.358364 -0.933582 0
    outer loop
      vertex 38.4543 26.1061 2
      vertex 38.7865 26.2336 9
      vertex 38.4543 26.1061 9
    endloop
  endfacet
  facet normal 0.358364 -0.933582 0
    outer loop
      vertex 38.7865 26.2336 9
      vertex 38.4543 26.1061 2
      vertex 38.7865 26.2336 2
    endloop
  endfacet
  facet normal 0.453992 -0.891006 0
    outer loop
      vertex 38.1372 25.9445 2
      vertex 38.4543 26.1061 9
      vertex 38.1372 25.9445 9
    endloop
  endfacet
  facet normal 0.453992 -0.891006 0
    outer loop
      vertex 38.4543 26.1061 9
      vertex 38.1372 25.9445 2
      vertex 38.4543 26.1061 2
    endloop
  endfacet
  facet normal -0.156438 -0.987688 0
    outer loop
      vertex 40.1926 26.3814 2
      vertex 40.5441 26.3257 9
      vertex 40.1926 26.3814 9
    endloop
  endfacet
  facet normal -0.156438 -0.987688 -0
    outer loop
      vertex 40.5441 26.3257 9
      vertex 40.1926 26.3814 2
      vertex 40.5441 26.3257 2
    endloop
  endfacet
  facet normal -0.965926 0.258819 0
    outer loop
      vertex 43.0708 21.9493 2
      vertex 43.1629 22.2931 9
      vertex 43.1629 22.2931 2
    endloop
  endfacet
  facet normal -0.965926 0.258819 0
    outer loop
      vertex 43.1629 22.2931 9
      vertex 43.0708 21.9493 2
      vertex 43.0708 21.9493 9
    endloop
  endfacet
  facet normal -0.777146 0.629321 0
    outer loop
      vertex 42.3639 20.725 2
      vertex 42.5878 21.0015 9
      vertex 42.5878 21.0015 2
    endloop
  endfacet
  facet normal -0.777146 0.629321 0
    outer loop
      vertex 42.5878 21.0015 9
      vertex 42.3639 20.725 2
      vertex 42.3639 20.725 9
    endloop
  endfacet
  facet normal 0.258819 -0.965926 0
    outer loop
      vertex 38.7865 26.2336 2
      vertex 39.1303 26.3257 9
      vertex 38.7865 26.2336 9
    endloop
  endfacet
  facet normal 0.258819 -0.965926 0
    outer loop
      vertex 39.1303 26.3257 9
      vertex 38.7865 26.2336 2
      vertex 39.1303 26.3257 2
    endloop
  endfacet
  facet normal 0.0523346 -0.99863 0
    outer loop
      vertex 39.4818 26.3814 2
      vertex 39.8372 26.4 9
      vertex 39.4818 26.3814 9
    endloop
  endfacet
  facet normal 0.0523346 -0.99863 0
    outer loop
      vertex 39.8372 26.4 9
      vertex 39.4818 26.3814 2
      vertex 39.8372 26.4 2
    endloop
  endfacet
  facet normal -0.933581 -0.358366 0
    outer loop
      vertex 43.0708 24.0507 2
      vertex 42.9432 24.3829 9
      vertex 42.9432 24.3829 2
    endloop
  endfacet
  facet normal -0.933581 -0.358366 0
    outer loop
      vertex 42.9432 24.3829 9
      vertex 43.0708 24.0507 2
      vertex 43.0708 24.0507 9
    endloop
  endfacet
  facet normal -0.891007 -0.45399 0
    outer loop
      vertex 42.9432 24.3829 2
      vertex 42.7817 24.7 9
      vertex 42.7817 24.7 2
    endloop
  endfacet
  facet normal -0.891007 -0.45399 0
    outer loop
      vertex 42.7817 24.7 9
      vertex 42.9432 24.3829 2
      vertex 42.9432 24.3829 9
    endloop
  endfacet
  facet normal -0.838672 0.544637 0
    outer loop
      vertex 42.5878 21.0015 2
      vertex 42.7817 21.3 9
      vertex 42.7817 21.3 2
    endloop
  endfacet
  facet normal -0.838672 0.544637 0
    outer loop
      vertex 42.7817 21.3 9
      vertex 42.5878 21.0015 2
      vertex 42.5878 21.0015 9
    endloop
  endfacet
  facet normal -0.891007 0.45399 0
    outer loop
      vertex 42.7817 21.3 2
      vertex 42.9432 21.6171 9
      vertex 42.9432 21.6171 2
    endloop
  endfacet
  facet normal -0.891007 0.45399 0
    outer loop
      vertex 42.9432 21.6171 9
      vertex 42.7817 21.3 2
      vertex 42.7817 21.3 9
    endloop
  endfacet
  facet normal -0.987687 0.156442 0
    outer loop
      vertex 43.1629 22.2931 2
      vertex 43.2185 22.6446 9
      vertex 43.2185 22.6446 2
    endloop
  endfacet
  facet normal -0.987687 0.156442 0
    outer loop
      vertex 43.2185 22.6446 9
      vertex 43.1629 22.2931 2
      vertex 43.1629 22.2931 9
    endloop
  endfacet
  facet normal -0.707107 0.707107 0
    outer loop
      vertex 42.1122 20.4733 2
      vertex 42.3639 20.725 9
      vertex 42.3639 20.725 2
    endloop
  endfacet
  facet normal -0.707107 0.707107 0
    outer loop
      vertex 42.3639 20.725 9
      vertex 42.1122 20.4733 2
      vertex 42.1122 20.4733 9
    endloop
  endfacet
  facet normal -0.987687 -0.156442 0
    outer loop
      vertex 43.2185 23.3554 2
      vertex 43.1629 23.7069 9
      vertex 43.1629 23.7069 2
    endloop
  endfacet
  facet normal -0.987687 -0.156442 0
    outer loop
      vertex 43.1629 23.7069 9
      vertex 43.2185 23.3554 2
      vertex 43.2185 23.3554 9
    endloop
  endfacet
  facet normal -0.99863 -0.0523299 0
    outer loop
      vertex 43.2372 23 2
      vertex 43.2185 23.3554 9
      vertex 43.2185 23.3554 2
    endloop
  endfacet
  facet normal -0.99863 -0.0523299 0
    outer loop
      vertex 43.2185 23.3554 9
      vertex 43.2372 23 2
      vertex 43.2372 23 9
    endloop
  endfacet
  facet normal -0.965926 -0.258819 0
    outer loop
      vertex 43.1629 23.7069 2
      vertex 43.0708 24.0507 9
      vertex 43.0708 24.0507 2
    endloop
  endfacet
  facet normal -0.965926 -0.258819 0
    outer loop
      vertex 43.0708 24.0507 9
      vertex 43.1629 23.7069 2
      vertex 43.1629 23.7069 9
    endloop
  endfacet
  facet normal -0.99863 0.0523299 0
    outer loop
      vertex 43.2185 22.6446 2
      vertex 43.2372 23 9
      vertex 43.2372 23 2
    endloop
  endfacet
  facet normal -0.99863 0.0523299 0
    outer loop
      vertex 43.2372 23 9
      vertex 43.2185 22.6446 2
      vertex 43.2185 22.6446 9
    endloop
  endfacet
  facet normal -0.933581 0.358366 0
    outer loop
      vertex 42.9432 21.6171 2
      vertex 43.0708 21.9493 9
      vertex 43.0708 21.9493 2
    endloop
  endfacet
  facet normal -0.933581 0.358366 0
    outer loop
      vertex 43.0708 21.9493 9
      vertex 42.9432 21.6171 2
      vertex 42.9432 21.6171 9
    endloop
  endfacet
  facet normal 0.866025 0.5 0
    outer loop
      vertex 38.5927 18.3555 9
      vertex 35.1927 24.2445 2
      vertex 35.1927 24.2445 9
    endloop
  endfacet
  facet normal 0.866025 0.5 0
    outer loop
      vertex 35.1927 24.2445 2
      vertex 38.5927 18.3555 9
      vertex 38.5927 18.3555 2
    endloop
  endfacet
  facet normal 0.5 -0.866025 0
    outer loop
      vertex 35.1927 24.2445 2
      vertex 38.1372 25.9445 9
      vertex 35.1927 24.2445 9
    endloop
  endfacet
  facet normal 0.5 -0.866025 0
    outer loop
      vertex 38.1372 25.9445 9
      vertex 35.1927 24.2445 2
      vertex 38.1372 25.9445 2
    endloop
  endfacet
  facet normal -0.5 0.866025 0
    outer loop
      vertex 41.5372 20.0555 2
      vertex 38.5927 18.3555 9
      vertex 41.5372 20.0555 9
    endloop
  endfacet
  facet normal -0.5 0.866025 0
    outer loop
      vertex 38.5927 18.3555 9
      vertex 41.5372 20.0555 2
      vertex 38.5927 18.3555 2
    endloop
  endfacet
  facet normal 0.0523405 -0.998629 0
    outer loop
      vertex -0.355396 49.3814 2
      vertex 1.0969e-014 49.4 9
      vertex -0.355396 49.3814 9
    endloop
  endfacet
  facet normal 0.0523405 -0.998629 0
    outer loop
      vertex 1.0969e-014 49.4 9
      vertex -0.355396 49.3814 2
      vertex 1.0969e-014 49.4 2
    endloop
  endfacet
  facet normal -0.99863 -0.0523352 0
    outer loop
      vertex 3.4 46 2
      vertex 3.38137 46.3554 9
      vertex 3.38137 46.3554 2
    endloop
  endfacet
  facet normal -0.99863 -0.0523352 0
    outer loop
      vertex 3.38137 46.3554 9
      vertex 3.4 46 2
      vertex 3.4 46 9
    endloop
  endfacet
  facet normal 0.707105 -0.707108 0
    outer loop
      vertex -2.52669 48.275 2
      vertex -2.27504 48.5267 9
      vertex -2.52669 48.275 9
    endloop
  endfacet
  facet normal 0.707105 -0.707108 0
    outer loop
      vertex -2.27504 48.5267 9
      vertex -2.52669 48.275 2
      vertex -2.27504 48.5267 2
    endloop
  endfacet
  facet normal 0.358366 -0.933581 0
    outer loop
      vertex -1.3829 49.1061 2
      vertex -1.05066 49.2336 9
      vertex -1.3829 49.1061 9
    endloop
  endfacet
  facet normal 0.358366 -0.933581 0
    outer loop
      vertex -1.05066 49.2336 9
      vertex -1.3829 49.1061 2
      vertex -1.05066 49.2336 2
    endloop
  endfacet
  facet normal 0.156432 -0.987689 0
    outer loop
      vertex -0.7069 49.3257 2
      vertex -0.355396 49.3814 9
      vertex -0.7069 49.3257 9
    endloop
  endfacet
  facet normal 0.156432 -0.987689 0
    outer loop
      vertex -0.355396 49.3814 9
      vertex -0.7069 49.3257 2
      vertex -0.355396 49.3814 2
    endloop
  endfacet
  facet normal 0.93358 -0.35837 0
    outer loop
      vertex -3.23359 47.0507 9
      vertex -3.10605 47.3829 2
      vertex -3.10605 47.3829 9
    endloop
  endfacet
  facet normal 0.93358 -0.35837 0
    outer loop
      vertex -3.10605 47.3829 2
      vertex -3.23359 47.0507 9
      vertex -3.23359 47.0507 2
    endloop
  endfacet
  facet normal 0.83867 -0.544639 0
    outer loop
      vertex -2.94449 47.7 9
      vertex -2.75066 47.9985 2
      vertex -2.75066 47.9985 9
    endloop
  endfacet
  facet normal 0.83867 -0.544639 0
    outer loop
      vertex -2.75066 47.9985 2
      vertex -2.94449 47.7 9
      vertex -2.94449 47.7 2
    endloop
  endfacet
  facet normal 0 0 1
    outer loop
      vertex -3.4 46 2
      vertex 3.4 46 2
      vertex 3.38137 46.3554 2
    endloop
  endfacet
  facet normal 0 0 1
    outer loop
      vertex -3.4 46 2
      vertex 3.38137 46.3554 2
      vertex 3.3257 46.7069 2
    endloop
  endfacet
  facet normal 0 0 1
    outer loop
      vertex -3.4 46 2
      vertex 3.3257 46.7069 2
      vertex 3.23359 47.0507 2
    endloop
  endfacet
  facet normal 0 0 1
    outer loop
      vertex -3.4 46 2
      vertex 3.23359 47.0507 2
      vertex 3.10605 47.3829 2
    endloop
  endfacet
  facet normal 0 0 1
    outer loop
      vertex -3.4 46 2
      vertex 3.10605 47.3829 2
      vertex 2.94449 47.7 2
    endloop
  endfacet
  facet normal 0 0 1
    outer loop
      vertex -3.4 46 2
      vertex 2.94449 47.7 2
      vertex 2.75066 47.9985 2
    endloop
  endfacet
  facet normal 0 0 1
    outer loop
      vertex -3.4 46 2
      vertex 2.75066 47.9985 2
      vertex 2.52669 48.275 2
    endloop
  endfacet
  facet normal 0 0 1
    outer loop
      vertex -3.4 46 2
      vertex 2.52669 48.275 2
      vertex 2.27504 48.5267 2
    endloop
  endfacet
  facet normal 0 0 1
    outer loop
      vertex -3.4 46 2
      vertex 2.27504 48.5267 2
      vertex 1.99847 48.7507 2
    endloop
  endfacet
  facet normal 0 0 1
    outer loop
      vertex -3.4 46 2
      vertex 1.99847 48.7507 2
      vertex 1.7 48.9445 2
    endloop
  endfacet
  facet normal 0 0 1
    outer loop
      vertex -3.4 46 2
      vertex 1.7 48.9445 2
      vertex 1.3829 49.1061 2
    endloop
  endfacet
  facet normal 0 0 1
    outer loop
      vertex -3.4 46 2
      vertex 1.3829 49.1061 2
      vertex 1.05066 49.2336 2
    endloop
  endfacet
  facet normal 0 0 1
    outer loop
      vertex -3.4 46 2
      vertex 1.05066 49.2336 2
      vertex 0.7069 49.3257 2
    endloop
  endfacet
  facet normal 0 0 1
    outer loop
      vertex -3.4 46 2
      vertex 0.7069 49.3257 2
      vertex 0.355396 49.3814 2
    endloop
  endfacet
  facet normal 0 0 1
    outer loop
      vertex -3.4 46 2
      vertex 0.355396 49.3814 2
      vertex 1.0969e-014 49.4 2
    endloop
  endfacet
  facet normal 0 0 1
    outer loop
      vertex -3.4 46 2
      vertex 1.0969e-014 49.4 2
      vertex -0.355396 49.3814 2
    endloop
  endfacet
  facet normal 0 0 1
    outer loop
      vertex -3.4 46 2
      vertex -0.355396 49.3814 2
      vertex -0.7069 49.3257 2
    endloop
  endfacet
  facet normal 0 0 1
    outer loop
      vertex -3.4 46 2
      vertex -0.7069 49.3257 2
      vertex -1.05066 49.2336 2
    endloop
  endfacet
  facet normal 0 0 1
    outer loop
      vertex -3.4 46 2
      vertex -1.05066 49.2336 2
      vertex -1.3829 49.1061 2
    endloop
  endfacet
  facet normal 0 0 1
    outer loop
      vertex -3.4 46 2
      vertex -1.3829 49.1061 2
      vertex -1.7 48.9445 2
    endloop
  endfacet
  facet normal 0 0 1
    outer loop
      vertex -3.4 46 2
      vertex -1.7 48.9445 2
      vertex -1.99847 48.7507 2
    endloop
  endfacet
  facet normal 0 0 1
    outer loop
      vertex -3.4 46 2
      vertex -1.99847 48.7507 2
      vertex -2.27504 48.5267 2
    endloop
  endfacet
  facet normal 0 0 1
    outer loop
      vertex -3.4 46 2
      vertex -2.27504 48.5267 2
      vertex -2.52669 48.275 2
    endloop
  endfacet
  facet normal 0 0 1
    outer loop
      vertex -3.4 46 2
      vertex -2.52669 48.275 2
      vertex -2.75066 47.9985 2
    endloop
  endfacet
  facet normal 0 0 1
    outer loop
      vertex -3.4 46 2
      vertex -2.75066 47.9985 2
      vertex -2.94449 47.7 2
    endloop
  endfacet
  facet normal 0 0 1
    outer loop
      vertex -3.4 46 2
      vertex -2.94449 47.7 2
      vertex -3.10605 47.3829 2
    endloop
  endfacet
  facet normal 0 0 1
    outer loop
      vertex -3.4 46 2
      vertex -3.10605 47.3829 2
      vertex -3.23359 47.0507 2
    endloop
  endfacet
  facet normal 0 0 1
    outer loop
      vertex -3.4 46 2
      vertex -3.23359 47.0507 2
      vertex -3.3257 46.7069 2
    endloop
  endfacet
  facet normal 0 0 1
    outer loop
      vertex -3.4 46 2
      vertex -3.3257 46.7069 2
      vertex -3.38137 46.3554 2
    endloop
  endfacet
  facet normal 0 0 1
    outer loop
      vertex 3.4 46 2
      vertex -3.4 46 2
      vertex 3.4 42.6 2
    endloop
  endfacet
  facet normal 0 0 1
    outer loop
      vertex 3.4 42.6 2
      vertex -3.4 46 2
      vertex -3.4 42.6 2
    endloop
  endfacet
  facet normal -0.987688 -0.156435 0
    outer loop
      vertex 3.38137 46.3554 2
      vertex 3.3257 46.7069 9
      vertex 3.3257 46.7069 2
    endloop
  endfacet
  facet normal -0.987688 -0.156435 0
    outer loop
      vertex 3.3257 46.7069 9
      vertex 3.38137 46.3554 2
      vertex 3.38137 46.3554 9
    endloop
  endfacet
  facet normal 0.258819 -0.965926 0
    outer loop
      vertex -1.05066 49.2336 2
      vertex -0.7069 49.3257 9
      vertex -1.05066 49.2336 9
    endloop
  endfacet
  facet normal 0.258819 -0.965926 0
    outer loop
      vertex -0.7069 49.3257 9
      vertex -1.05066 49.2336 2
      vertex -0.7069 49.3257 2
    endloop
  endfacet
  facet normal 0.544639 -0.83867 0
    outer loop
      vertex -1.99847 48.7507 2
      vertex -1.7 48.9445 9
      vertex -1.99847 48.7507 9
    endloop
  endfacet
  facet normal 0.544639 -0.83867 0
    outer loop
      vertex -1.7 48.9445 9
      vertex -1.99847 48.7507 2
      vertex -1.7 48.9445 2
    endloop
  endfacet
  facet normal 0.629319 -0.777147 0
    outer loop
      vertex -2.27504 48.5267 2
      vertex -1.99847 48.7507 9
      vertex -2.27504 48.5267 9
    endloop
  endfacet
  facet normal 0.629319 -0.777147 0
    outer loop
      vertex -1.99847 48.7507 9
      vertex -2.27504 48.5267 2
      vertex -1.99847 48.7507 2
    endloop
  endfacet
  facet normal 0.453998 -0.891003 0
    outer loop
      vertex -1.7 48.9445 2
      vertex -1.3829 49.1061 9
      vertex -1.7 48.9445 9
    endloop
  endfacet
  facet normal 0.453998 -0.891003 0
    outer loop
      vertex -1.3829 49.1061 9
      vertex -1.7 48.9445 2
      vertex -1.3829 49.1061 2
    endloop
  endfacet
  facet normal 0.987688 -0.156434 0
    outer loop
      vertex -3.38137 46.3554 9
      vertex -3.3257 46.7069 2
      vertex -3.3257 46.7069 9
    endloop
  endfacet
  facet normal 0.987688 -0.156434 0
    outer loop
      vertex -3.3257 46.7069 2
      vertex -3.38137 46.3554 9
      vertex -3.38137 46.3554 2
    endloop
  endfacet
  facet normal 0.99863 -0.0523352 0
    outer loop
      vertex -3.4 46 9
      vertex -3.38137 46.3554 2
      vertex -3.38137 46.3554 9
    endloop
  endfacet
  facet normal 0.99863 -0.0523352 0
    outer loop
      vertex -3.38137 46.3554 2
      vertex -3.4 46 9
      vertex -3.4 46 2
    endloop
  endfacet
  facet normal 0.777146 -0.629321 0
    outer loop
      vertex -2.75066 47.9985 9
      vertex -2.52669 48.275 2
      vertex -2.52669 48.275 9
    endloop
  endfacet
  facet normal 0.777146 -0.629321 0
    outer loop
      vertex -2.52669 48.275 2
      vertex -2.75066 47.9985 9
      vertex -2.75066 47.9985 2
    endloop
  endfacet
  facet normal -0.707105 -0.707108 0
    outer loop
      vertex 2.27504 48.5267 2
      vertex 2.52669 48.275 9
      vertex 2.27504 48.5267 9
    endloop
  endfacet
  facet normal -0.707105 -0.707108 -0
    outer loop
      vertex 2.52669 48.275 9
      vertex 2.27504 48.5267 2
      vertex 2.52669 48.275 2
    endloop
  endfacet
  facet normal -0.933581 -0.358366 0
    outer loop
      vertex 3.23359 47.0507 2
      vertex 3.10605 47.3829 9
      vertex 3.10605 47.3829 2
    endloop
  endfacet
  facet normal -0.933581 -0.358366 0
    outer loop
      vertex 3.10605 47.3829 9
      vertex 3.23359 47.0507 2
      vertex 3.23359 47.0507 9
    endloop
  endfacet
  facet normal 0.965926 -0.258819 0
    outer loop
      vertex -3.3257 46.7069 9
      vertex -3.23359 47.0507 2
      vertex -3.23359 47.0507 9
    endloop
  endfacet
  facet normal 0.965926 -0.258819 0
    outer loop
      vertex -3.23359 47.0507 2
      vertex -3.3257 46.7069 9
      vertex -3.3257 46.7069 2
    endloop
  endfacet
  facet normal 0.891007 -0.45399 0
    outer loop
      vertex -3.10605 47.3829 9
      vertex -2.94449 47.7 2
      vertex -2.94449 47.7 9
    endloop
  endfacet
  facet normal 0.891007 -0.45399 0
    outer loop
      vertex -2.94449 47.7 2
      vertex -3.10605 47.3829 9
      vertex -3.10605 47.3829 2
    endloop
  endfacet
  facet normal -0.156432 -0.987689 0
    outer loop
      vertex 0.355396 49.3814 2
      vertex 0.7069 49.3257 9
      vertex 0.355396 49.3814 9
    endloop
  endfacet
  facet normal -0.156432 -0.987689 -0
    outer loop
      vertex 0.7069 49.3257 9
      vertex 0.355396 49.3814 2
      vertex 0.7069 49.3257 2
    endloop
  endfacet
  facet normal -0.0523405 -0.998629 0
    outer loop
      vertex 1.0969e-014 49.4 2
      vertex 0.355396 49.3814 9
      vertex 1.0969e-014 49.4 9
    endloop
  endfacet
  facet normal -0.0523405 -0.998629 -0
    outer loop
      vertex 0.355396 49.3814 9
      vertex 1.0969e-014 49.4 2
      vertex 0.355396 49.3814 2
    endloop
  endfacet
  facet normal -0.891007 -0.45399 0
    outer loop
      vertex 3.10605 47.3829 2
      vertex 2.94449 47.7 9
      vertex 2.94449 47.7 2
    endloop
  endfacet
  facet normal -0.891007 -0.45399 0
    outer loop
      vertex 2.94449 47.7 9
      vertex 3.10605 47.3829 2
      vertex 3.10605 47.3829 9
    endloop
  endfacet
  facet normal -0.83867 -0.544639 0
    outer loop
      vertex 2.94449 47.7 2
      vertex 2.75066 47.9985 9
      vertex 2.75066 47.9985 2
    endloop
  endfacet
  facet normal -0.83867 -0.544639 0
    outer loop
      vertex 2.75066 47.9985 9
      vertex 2.94449 47.7 2
      vertex 2.94449 47.7 9
    endloop
  endfacet
  facet normal -0.629319 -0.777147 0
    outer loop
      vertex 1.99847 48.7507 2
      vertex 2.27504 48.5267 9
      vertex 1.99847 48.7507 9
    endloop
  endfacet
  facet normal -0.629319 -0.777147 -0
    outer loop
      vertex 2.27504 48.5267 9
      vertex 1.99847 48.7507 2
      vertex 2.27504 48.5267 2
    endloop
  endfacet
  facet normal -0.965926 -0.258819 0
    outer loop
      vertex 3.3257 46.7069 2
      vertex 3.23359 47.0507 9
      vertex 3.23359 47.0507 2
    endloop
  endfacet
  facet normal -0.965926 -0.258819 0
    outer loop
      vertex 3.23359 47.0507 9
      vertex 3.3257 46.7069 2
      vertex 3.3257 46.7069 9
    endloop
  endfacet
  facet normal -0.358375 -0.933578 0
    outer loop
      vertex 1.05066 49.2336 2
      vertex 1.3829 49.1061 9
      vertex 1.05066 49.2336 9
    endloop
  endfacet
  facet normal -0.358375 -0.933578 -0
    outer loop
      vertex 1.3829 49.1061 9
      vertex 1.05066 49.2336 2
      vertex 1.3829 49.1061 2
    endloop
  endfacet
  facet normal -0.453989 -0.891007 0
    outer loop
      vertex 1.3829 49.1061 2
      vertex 1.7 48.9445 9
      vertex 1.3829 49.1061 9
    endloop
  endfacet
  facet normal -0.453989 -0.891007 -0
    outer loop
      vertex 1.7 48.9445 9
      vertex 1.3829 49.1061 2
      vertex 1.7 48.9445 2
    endloop
  endfacet
  facet normal -0.258819 -0.965926 0
    outer loop
      vertex 0.7069 49.3257 2
      vertex 1.05066 49.2336 9
      vertex 0.7069 49.3257 9
    endloop
  endfacet
  facet normal -0.258819 -0.965926 -0
    outer loop
      vertex 1.05066 49.2336 9
      vertex 0.7069 49.3257 2
      vertex 1.05066 49.2336 2
    endloop
  endfacet
  facet normal -0.544639 -0.83867 0
    outer loop
      vertex 1.7 48.9445 2
      vertex 1.99847 48.7507 9
      vertex 1.7 48.9445 9
    endloop
  endfacet
  facet normal -0.544639 -0.83867 -0
    outer loop
      vertex 1.99847 48.7507 9
      vertex 1.7 48.9445 2
      vertex 1.99847 48.7507 2
    endloop
  endfacet
  facet normal -0.777146 -0.629321 0
    outer loop
      vertex 2.75066 47.9985 2
      vertex 2.52669 48.275 9
      vertex 2.52669 48.275 2
    endloop
  endfacet
  facet normal -0.777146 -0.629321 0
    outer loop
      vertex 2.52669 48.275 9
      vertex 2.75066 47.9985 2
      vertex 2.75066 47.9985 9
    endloop
  endfacet
  facet normal 0 1 -0
    outer loop
      vertex 3.4 42.6 2
      vertex -3.4 42.6 9
      vertex 3.4 42.6 9
    endloop
  endfacet
  facet normal 0 1 0
    outer loop
      vertex -3.4 42.6 9
      vertex 3.4 42.6 2
      vertex -3.4 42.6 2
    endloop
  endfacet
  facet normal 1 -0 0
    outer loop
      vertex -3.4 42.6 9
      vertex -3.4 46 2
      vertex -3.4 46 9
    endloop
  endfacet
  facet normal 1 0 0
    outer loop
      vertex -3.4 46 2
      vertex -3.4 42.6 9
      vertex -3.4 42.6 2
    endloop
  endfacet
  facet normal -1 0 0
    outer loop
      vertex 3.4 42.6 2
      vertex 3.4 46 9
      vertex 3.4 46 2
    endloop
  endfacet
  facet normal -1 -0 0
    outer loop
      vertex 3.4 46 9
      vertex 3.4 42.6 2
      vertex 3.4 42.6 9
    endloop
  endfacet
  facet normal 0.544637 -0.838672 0
    outer loop
      vertex -24.9985 42.5878 2
      vertex -24.7 42.7817 9
      vertex -24.9985 42.5878 9
    endloop
  endfacet
  facet normal 0.544637 -0.838672 0
    outer loop
      vertex -24.7 42.7817 9
      vertex -24.9985 42.5878 2
      vertex -24.7 42.7817 2
    endloop
  endfacet
  facet normal -0.83867 -0.544639 0
    outer loop
      vertex -20.0555 41.5372 2
      vertex -20.2493 41.8356 9
      vertex -20.2493 41.8356 2
    endloop
  endfacet
  facet normal -0.83867 -0.544639 0
    outer loop
      vertex -20.2493 41.8356 9
      vertex -20.0555 41.5372 2
      vertex -20.0555 41.5372 9
    endloop
  endfacet
  facet normal 0.965926 -0.258819 0
    outer loop
      vertex -26.3257 40.5441 9
      vertex -26.2336 40.8878 2
      vertex -26.2336 40.8878 9
    endloop
  endfacet
  facet normal 0.965926 -0.258819 0
    outer loop
      vertex -26.2336 40.8878 2
      vertex -26.3257 40.5441 9
      vertex -26.3257 40.5441 2
    endloop
  endfacet
  facet normal 0.777143 -0.629324 0
    outer loop
      vertex -25.7507 41.8356 9
      vertex -25.5267 42.1122 2
      vertex -25.5267 42.1122 9
    endloop
  endfacet
  facet normal 0.777143 -0.629324 0
    outer loop
      vertex -25.5267 42.1122 2
      vertex -25.7507 41.8356 9
      vertex -25.7507 41.8356 2
    endloop
  endfacet
  facet normal 0.629321 -0.777146 0
    outer loop
      vertex -25.275 42.3639 2
      vertex -24.9985 42.5878 9
      vertex -25.275 42.3639 9
    endloop
  endfacet
  facet normal 0.629321 -0.777146 0
    outer loop
      vertex -24.9985 42.5878 9
      vertex -25.275 42.3639 2
      vertex -24.9985 42.5878 2
    endloop
  endfacet
  facet normal 0.987688 0.156438 0
    outer loop
      vertex -26.3257 39.1303 9
      vertex -26.3814 39.4818 2
      vertex -26.3814 39.4818 9
    endloop
  endfacet
  facet normal 0.987688 0.156438 0
    outer loop
      vertex -26.3814 39.4818 2
      vertex -26.3257 39.1303 9
      vertex -26.3257 39.1303 2
    endloop
  endfacet
  facet normal 0.99863 -0.0523352 0
    outer loop
      vertex -26.4 39.8372 9
      vertex -26.3814 40.1926 2
      vertex -26.3814 40.1926 9
    endloop
  endfacet
  facet normal 0.99863 -0.0523352 0
    outer loop
      vertex -26.3814 40.1926 2
      vertex -26.4 39.8372 9
      vertex -26.4 39.8372 2
    endloop
  endfacet
  facet normal 0 0 1
    outer loop
      vertex -25.9445 38.1372 2
      vertex -20.0555 41.5372 2
      vertex -20.2493 41.8356 2
    endloop
  endfacet
  facet normal 0 0 1
    outer loop
      vertex -25.9445 38.1372 2
      vertex -20.2493 41.8356 2
      vertex -20.4733 42.1122 2
    endloop
  endfacet
  facet normal 0 0 1
    outer loop
      vertex -25.9445 38.1372 2
      vertex -20.4733 42.1122 2
      vertex -20.725 42.3639 2
    endloop
  endfacet
  facet normal 0 0 1
    outer loop
      vertex -25.9445 38.1372 2
      vertex -20.725 42.3639 2
      vertex -21.0015 42.5878 2
    endloop
  endfacet
  facet normal 0 0 1
    outer loop
      vertex -25.9445 38.1372 2
      vertex -21.0015 42.5878 2
      vertex -21.3 42.7817 2
    endloop
  endfacet
  facet normal 0 0 1
    outer loop
      vertex -25.9445 38.1372 2
      vertex -21.3 42.7817 2
      vertex -21.6171 42.9432 2
    endloop
  endfacet
  facet normal 0 0 1
    outer loop
      vertex -25.9445 38.1372 2
      vertex -21.6171 42.9432 2
      vertex -21.9493 43.0708 2
    endloop
  endfacet
  facet normal 0 0 1
    outer loop
      vertex -25.9445 38.1372 2
      vertex -21.9493 43.0708 2
      vertex -22.2931 43.1629 2
    endloop
  endfacet
  facet normal 0 0 1
    outer loop
      vertex -25.9445 38.1372 2
      vertex -22.2931 43.1629 2
      vertex -22.6446 43.2185 2
    endloop
  endfacet
  facet normal 0 0 1
    outer loop
      vertex -25.9445 38.1372 2
      vertex -22.6446 43.2185 2
      vertex -23 43.2372 2
    endloop
  endfacet
  facet normal 0 0 1
    outer loop
      vertex -25.9445 38.1372 2
      vertex -23 43.2372 2
      vertex -23.3554 43.2185 2
    endloop
  endfacet
  facet normal 0 0 1
    outer loop
      vertex -25.9445 38.1372 2
      vertex -23.3554 43.2185 2
      vertex -23.7069 43.1629 2
    endloop
  endfacet
  facet normal 0 0 1
    outer loop
      vertex -25.9445 38.1372 2
      vertex -23.7069 43.1629 2
      vertex -24.0507 43.0708 2
    endloop
  endfacet
  facet normal 0 0 1
    outer loop
      vertex -20.0555 41.5372 2
      vertex -25.9445 38.1372 2
      vertex -18.3555 38.5927 2
    endloop
  endfacet
  facet normal 0 0 1
    outer loop
      vertex -25.9445 38.1372 2
      vertex -24.0507 43.0708 2
      vertex -24.3829 42.9432 2
    endloop
  endfacet
  facet normal 0 0 1
    outer loop
      vertex -25.9445 38.1372 2
      vertex -24.3829 42.9432 2
      vertex -24.7 42.7817 2
    endloop
  endfacet
  facet normal 0 0 1
    outer loop
      vertex -25.9445 38.1372 2
      vertex -24.7 42.7817 2
      vertex -24.9985 42.5878 2
    endloop
  endfacet
  facet normal 0 0 1
    outer loop
      vertex -25.9445 38.1372 2
      vertex -24.9985 42.5878 2
      vertex -25.275 42.3639 2
    endloop
  endfacet
  facet normal 0 0 1
    outer loop
      vertex -25.9445 38.1372 2
      vertex -25.275 42.3639 2
      vertex -25.5267 42.1122 2
    endloop
  endfacet
  facet normal 0 0 1
    outer loop
      vertex -25.9445 38.1372 2
      vertex -25.5267 42.1122 2
      vertex -25.7507 41.8356 2
    endloop
  endfacet
  facet normal 0 0 1
    outer loop
      vertex -25.9445 38.1372 2
      vertex -25.7507 41.8356 2
      vertex -25.9445 41.5372 2
    endloop
  endfacet
  facet normal 0 0 1
    outer loop
      vertex -18.3555 38.5927 2
      vertex -25.9445 38.1372 2
      vertex -24.2445 35.1927 2
    endloop
  endfacet
  facet normal -0 0 1
    outer loop
      vertex -26.1061 41.2201 2
      vertex -25.9445 38.1372 2
      vertex -25.9445 41.5372 2
    endloop
  endfacet
  facet normal 0 0 1
    outer loop
      vertex -26.1061 41.2201 2
      vertex -26.1061 38.4543 2
      vertex -25.9445 38.1372 2
    endloop
  endfacet
  facet normal -0 0 1
    outer loop
      vertex -26.2336 40.8878 2
      vertex -26.1061 38.4543 2
      vertex -26.1061 41.2201 2
    endloop
  endfacet
  facet normal 0 0 1
    outer loop
      vertex -26.2336 40.8878 2
      vertex -26.2336 38.7865 2
      vertex -26.1061 38.4543 2
    endloop
  endfacet
  facet normal -0 0 1
    outer loop
      vertex -26.3257 40.5441 2
      vertex -26.2336 38.7865 2
      vertex -26.2336 40.8878 2
    endloop
  endfacet
  facet normal 0 0 1
    outer loop
      vertex -26.3257 40.5441 2
      vertex -26.3257 39.1303 2
      vertex -26.2336 38.7865 2
    endloop
  endfacet
  facet normal -0 0 1
    outer loop
      vertex -26.3814 40.1926 2
      vertex -26.3257 39.1303 2
      vertex -26.3257 40.5441 2
    endloop
  endfacet
  facet normal 0 0 1
    outer loop
      vertex -26.3814 40.1926 2
      vertex -26.3814 39.4818 2
      vertex -26.3257 39.1303 2
    endloop
  endfacet
  facet normal 0 -0 1
    outer loop
      vertex -26.3814 39.4818 2
      vertex -26.3814 40.1926 2
      vertex -26.4 39.8372 2
    endloop
  endfacet
  facet normal -0.777147 -0.629319 0
    outer loop
      vertex -20.2493 41.8356 2
      vertex -20.4733 42.1122 9
      vertex -20.4733 42.1122 2
    endloop
  endfacet
  facet normal -0.777147 -0.629319 0
    outer loop
      vertex -20.4733 42.1122 9
      vertex -20.2493 41.8356 2
      vertex -20.2493 41.8356 9
    endloop
  endfacet
  facet normal 0.707107 -0.707107 0
    outer loop
      vertex -25.5267 42.1122 9
      vertex -25.275 42.3639 2
      vertex -25.275 42.3639 9
    endloop
  endfacet
  facet normal 0.707107 -0.707107 0
    outer loop
      vertex -25.275 42.3639 2
      vertex -25.5267 42.1122 9
      vertex -25.5267 42.1122 2
    endloop
  endfacet
  facet normal 0.891006 -0.453992 0
    outer loop
      vertex -26.1061 41.2201 9
      vertex -25.9445 41.5372 2
      vertex -25.9445 41.5372 9
    endloop
  endfacet
  facet normal 0.891006 -0.453992 0
    outer loop
      vertex -25.9445 41.5372 2
      vertex -26.1061 41.2201 9
      vertex -26.1061 41.2201 2
    endloop
  endfacet
  facet normal 0.933582 -0.358364 0
    outer loop
      vertex -26.2336 40.8878 9
      vertex -26.1061 41.2201 2
      vertex -26.1061 41.2201 9
    endloop
  endfacet
  facet normal 0.933582 -0.358364 0
    outer loop
      vertex -26.1061 41.2201 2
      vertex -26.2336 40.8878 9
      vertex -26.2336 40.8878 2
    endloop
  endfacet
  facet normal 0.838673 -0.544635 0
    outer loop
      vertex -25.9445 41.5372 9
      vertex -25.7507 41.8356 2
      vertex -25.7507 41.8356 9
    endloop
  endfacet
  facet normal 0.838673 -0.544635 0
    outer loop
      vertex -25.7507 41.8356 2
      vertex -25.9445 41.5372 9
      vertex -25.9445 41.5372 2
    endloop
  endfacet
  facet normal 0.933582 0.358364 0
    outer loop
      vertex -26.1061 38.4543 9
      vertex -26.2336 38.7865 2
      vertex -26.2336 38.7865 9
    endloop
  endfacet
  facet normal 0.933582 0.358364 0
    outer loop
      vertex -26.2336 38.7865 2
      vertex -26.1061 38.4543 9
      vertex -26.1061 38.4543 2
    endloop
  endfacet
  facet normal 0.891006 0.453992 0
    outer loop
      vertex -25.9445 38.1372 9
      vertex -26.1061 38.4543 2
      vertex -26.1061 38.4543 9
    endloop
  endfacet
  facet normal 0.891006 0.453992 0
    outer loop
      vertex -26.1061 38.4543 2
      vertex -25.9445 38.1372 9
      vertex -25.9445 38.1372 2
    endloop
  endfacet
  facet normal 0.987688 -0.156438 0
    outer loop
      vertex -26.3814 40.1926 9
      vertex -26.3257 40.5441 2
      vertex -26.3257 40.5441 9
    endloop
  endfacet
  facet normal 0.987688 -0.156438 0
    outer loop
      vertex -26.3257 40.5441 2
      vertex -26.3814 40.1926 9
      vertex -26.3814 40.1926 2
    endloop
  endfacet
  facet normal -0.258819 -0.965926 0
    outer loop
      vertex -22.2931 43.1629 2
      vertex -21.9493 43.0708 9
      vertex -22.2931 43.1629 9
    endloop
  endfacet
  facet normal -0.258819 -0.965926 -0
    outer loop
      vertex -21.9493 43.0708 9
      vertex -22.2931 43.1629 2
      vertex -21.9493 43.0708 2
    endloop
  endfacet
  facet normal -0.629321 -0.777146 0
    outer loop
      vertex -21.0015 42.5878 2
      vertex -20.725 42.3639 9
      vertex -21.0015 42.5878 9
    endloop
  endfacet
  facet normal -0.629321 -0.777146 -0
    outer loop
      vertex -20.725 42.3639 9
      vertex -21.0015 42.5878 2
      vertex -20.725 42.3639 2
    endloop
  endfacet
  facet normal 0.965926 0.258819 0
    outer loop
      vertex -26.2336 38.7865 9
      vertex -26.3257 39.1303 2
      vertex -26.3257 39.1303 9
    endloop
  endfacet
  facet normal 0.965926 0.258819 0
    outer loop
      vertex -26.3257 39.1303 2
      vertex -26.2336 38.7865 9
      vertex -26.2336 38.7865 2
    endloop
  endfacet
  facet normal 0.99863 0.0523346 0
    outer loop
      vertex -26.3814 39.4818 9
      vertex -26.4 39.8372 2
      vertex -26.4 39.8372 9
    endloop
  endfacet
  facet normal 0.99863 0.0523346 0
    outer loop
      vertex -26.4 39.8372 2
      vertex -26.3814 39.4818 9
      vertex -26.3814 39.4818 2
    endloop
  endfacet
  facet normal 0.358366 -0.933581 0
    outer loop
      vertex -24.3829 42.9432 2
      vertex -24.0507 43.0708 9
      vertex -24.3829 42.9432 9
    endloop
  endfacet
  facet normal 0.358366 -0.933581 0
    outer loop
      vertex -24.0507 43.0708 9
      vertex -24.3829 42.9432 2
      vertex -24.0507 43.0708 2
    endloop
  endfacet
  facet normal 0.45399 -0.891007 0
    outer loop
      vertex -24.7 42.7817 2
      vertex -24.3829 42.9432 9
      vertex -24.7 42.7817 9
    endloop
  endfacet
  facet normal 0.45399 -0.891007 0
    outer loop
      vertex -24.3829 42.9432 9
      vertex -24.7 42.7817 2
      vertex -24.3829 42.9432 2
    endloop
  endfacet
  facet normal -0.544637 -0.838672 0
    outer loop
      vertex -21.3 42.7817 2
      vertex -21.0015 42.5878 9
      vertex -21.3 42.7817 9
    endloop
  endfacet
  facet normal -0.544637 -0.838672 -0
    outer loop
      vertex -21.0015 42.5878 9
      vertex -21.3 42.7817 2
      vertex -21.0015 42.5878 2
    endloop
  endfacet
  facet normal -0.45399 -0.891007 0
    outer loop
      vertex -21.6171 42.9432 2
      vertex -21.3 42.7817 9
      vertex -21.6171 42.9432 9
    endloop
  endfacet
  facet normal -0.45399 -0.891007 -0
    outer loop
      vertex -21.3 42.7817 9
      vertex -21.6171 42.9432 2
      vertex -21.3 42.7817 2
    endloop
  endfacet
  facet normal -0.156442 -0.987687 0
    outer loop
      vertex -22.6446 43.2185 2
      vertex -22.2931 43.1629 9
      vertex -22.6446 43.2185 9
    endloop
  endfacet
  facet normal -0.156442 -0.987687 -0
    outer loop
      vertex -22.2931 43.1629 9
      vertex -22.6446 43.2185 2
      vertex -22.2931 43.1629 2
    endloop
  endfacet
  facet normal -0.707107 -0.707107 0
    outer loop
      vertex -20.4733 42.1122 2
      vertex -20.725 42.3639 9
      vertex -20.725 42.3639 2
    endloop
  endfacet
  facet normal -0.707107 -0.707107 0
    outer loop
      vertex -20.725 42.3639 9
      vertex -20.4733 42.1122 2
      vertex -20.4733 42.1122 9
    endloop
  endfacet
  facet normal 0.156442 -0.987687 0
    outer loop
      vertex -23.7069 43.1629 2
      vertex -23.3554 43.2185 9
      vertex -23.7069 43.1629 9
    endloop
  endfacet
  facet normal 0.156442 -0.987687 0
    outer loop
      vertex -23.3554 43.2185 9
      vertex -23.7069 43.1629 2
      vertex -23.3554 43.2185 2
    endloop
  endfacet
  facet normal 0.0523299 -0.99863 0
    outer loop
      vertex -23.3554 43.2185 2
      vertex -23 43.2372 9
      vertex -23.3554 43.2185 9
    endloop
  endfacet
  facet normal 0.0523299 -0.99863 0
    outer loop
      vertex -23 43.2372 9
      vertex -23.3554 43.2185 2
      vertex -23 43.2372 2
    endloop
  endfacet
  facet normal 0.258819 -0.965926 0
    outer loop
      vertex -24.0507 43.0708 2
      vertex -23.7069 43.1629 9
      vertex -24.0507 43.0708 9
    endloop
  endfacet
  facet normal 0.258819 -0.965926 0
    outer loop
      vertex -23.7069 43.1629 9
      vertex -24.0507 43.0708 2
      vertex -23.7069 43.1629 2
    endloop
  endfacet
  facet normal -0.0523299 -0.99863 0
    outer loop
      vertex -23 43.2372 2
      vertex -22.6446 43.2185 9
      vertex -23 43.2372 9
    endloop
  endfacet
  facet normal -0.0523299 -0.99863 -0
    outer loop
      vertex -22.6446 43.2185 9
      vertex -23 43.2372 2
      vertex -22.6446 43.2185 2
    endloop
  endfacet
  facet normal -0.358366 -0.933581 0
    outer loop
      vertex -21.9493 43.0708 2
      vertex -21.6171 42.9432 9
      vertex -21.9493 43.0708 9
    endloop
  endfacet
  facet normal -0.358366 -0.933581 -0
    outer loop
      vertex -21.6171 42.9432 9
      vertex -21.9493 43.0708 2
      vertex -21.6171 42.9432 2
    endloop
  endfacet
  facet normal -0.5 0.866025 0
    outer loop
      vertex -18.3555 38.5927 2
      vertex -24.2445 35.1927 9
      vertex -18.3555 38.5927 9
    endloop
  endfacet
  facet normal -0.5 0.866025 0
    outer loop
      vertex -24.2445 35.1927 9
      vertex -18.3555 38.5927 2
      vertex -24.2445 35.1927 2
    endloop
  endfacet
  facet normal 0.866025 0.5 0
    outer loop
      vertex -24.2445 35.1927 9
      vertex -25.9445 38.1372 2
      vertex -25.9445 38.1372 9
    endloop
  endfacet
  facet normal 0.866025 0.5 0
    outer loop
      vertex -25.9445 38.1372 2
      vertex -24.2445 35.1927 9
      vertex -24.2445 35.1927 2
    endloop
  endfacet
  facet normal -0.866025 -0.5 0
    outer loop
      vertex -18.3555 38.5927 2
      vertex -20.0555 41.5372 9
      vertex -20.0555 41.5372 2
    endloop
  endfacet
  facet normal -0.866025 -0.5 0
    outer loop
      vertex -20.0555 41.5372 9
      vertex -18.3555 38.5927 2
      vertex -18.3555 38.5927 9
    endloop
  endfacet
  facet normal 0.891007 -0.45399 0
    outer loop
      vertex -42.9432 24.3829 9
      vertex -42.7817 24.7 2
      vertex -42.7817 24.7 9
    endloop
  endfacet
  facet normal 0.891007 -0.45399 0
    outer loop
      vertex -42.7817 24.7 2
      vertex -42.9432 24.3829 9
      vertex -42.9432 24.3829 2
    endloop
  endfacet
  facet normal -0.453992 -0.891006 0
    outer loop
      vertex -38.4543 26.1061 2
      vertex -38.1372 25.9445 9
      vertex -38.4543 26.1061 9
    endloop
  endfacet
  facet normal -0.453992 -0.891006 -0
    outer loop
      vertex -38.1372 25.9445 9
      vertex -38.4543 26.1061 2
      vertex -38.1372 25.9445 2
    endloop
  endfacet
  facet normal 0.965926 0.258819 0
    outer loop
      vertex -43.0708 21.9493 9
      vertex -43.1629 22.2931 2
      vertex -43.1629 22.2931 9
    endloop
  endfacet
  facet normal 0.965926 0.258819 0
    outer loop
      vertex -43.1629 22.2931 2
      vertex -43.0708 21.9493 9
      vertex -43.0708 21.9493 2
    endloop
  endfacet
  facet normal 0.987687 -0.156442 0
    outer loop
      vertex -43.2185 23.3554 9
      vertex -43.1629 23.7069 2
      vertex -43.1629 23.7069 9
    endloop
  endfacet
  facet normal 0.987687 -0.156442 0
    outer loop
      vertex -43.1629 23.7069 2
      vertex -43.2185 23.3554 9
      vertex -43.2185 23.3554 2
    endloop
  endfacet
  facet normal 0.933581 -0.358366 0
    outer loop
      vertex -43.0708 24.0507 9
      vertex -42.9432 24.3829 2
      vertex -42.9432 24.3829 9
    endloop
  endfacet
  facet normal 0.933581 -0.358366 0
    outer loop
      vertex -42.9432 24.3829 2
      vertex -43.0708 24.0507 9
      vertex -43.0708 24.0507 2
    endloop
  endfacet
  facet normal 0.777146 0.629321 0
    outer loop
      vertex -42.3639 20.725 9
      vertex -42.5878 21.0015 2
      vertex -42.5878 21.0015 9
    endloop
  endfacet
  facet normal 0.777146 0.629321 0
    outer loop
      vertex -42.5878 21.0015 2
      vertex -42.3639 20.725 9
      vertex -42.3639 20.725 2
    endloop
  endfacet
  facet normal 0.891007 0.45399 0
    outer loop
      vertex -42.7817 21.3 9
      vertex -42.9432 21.6171 2
      vertex -42.9432 21.6171 9
    endloop
  endfacet
  facet normal 0.891007 0.45399 0
    outer loop
      vertex -42.9432 21.6171 2
      vertex -42.7817 21.3 9
      vertex -42.7817 21.3 2
    endloop
  endfacet
  facet normal 0 0 1
    outer loop
      vertex -41.5372 20.0555 2
      vertex -38.1372 25.9445 2
      vertex -38.4543 26.1061 2
    endloop
  endfacet
  facet normal 0 0 1
    outer loop
      vertex -38.1372 25.9445 2
      vertex -41.5372 20.0555 2
      vertex -35.1927 24.2445 2
    endloop
  endfacet
  facet normal 0 0 1
    outer loop
      vertex -41.5372 20.0555 2
      vertex -38.4543 26.1061 2
      vertex -38.7865 26.2336 2
    endloop
  endfacet
  facet normal 0 0 1
    outer loop
      vertex -41.5372 20.0555 2
      vertex -38.7865 26.2336 2
      vertex -39.1303 26.3257 2
    endloop
  endfacet
  facet normal 0 0 1
    outer loop
      vertex -41.5372 20.0555 2
      vertex -39.1303 26.3257 2
      vertex -39.4818 26.3814 2
    endloop
  endfacet
  facet normal 0 0 1
    outer loop
      vertex -41.5372 20.0555 2
      vertex -39.4818 26.3814 2
      vertex -39.8372 26.4 2
    endloop
  endfacet
  facet normal 0 0 1
    outer loop
      vertex -41.5372 20.0555 2
      vertex -39.8372 26.4 2
      vertex -40.1926 26.3814 2
    endloop
  endfacet
  facet normal 0 0 1
    outer loop
      vertex -41.5372 20.0555 2
      vertex -40.1926 26.3814 2
      vertex -40.5441 26.3257 2
    endloop
  endfacet
  facet normal 0 0 1
    outer loop
      vertex -41.5372 20.0555 2
      vertex -40.5441 26.3257 2
      vertex -40.8878 26.2336 2
    endloop
  endfacet
  facet normal 0 0 1
    outer loop
      vertex -41.5372 20.0555 2
      vertex -40.8878 26.2336 2
      vertex -41.2201 26.1061 2
    endloop
  endfacet
  facet normal 0 0 1
    outer loop
      vertex -41.5372 20.0555 2
      vertex -41.2201 26.1061 2
      vertex -41.5372 25.9445 2
    endloop
  endfacet
  facet normal 0 0 1
    outer loop
      vertex -35.1927 24.2445 2
      vertex -41.5372 20.0555 2
      vertex -38.5927 18.3555 2
    endloop
  endfacet
  facet normal 0 0 1
    outer loop
      vertex -41.5372 25.9445 2
      vertex -41.8356 20.2493 2
      vertex -41.5372 20.0555 2
    endloop
  endfacet
  facet normal -0 0 1
    outer loop
      vertex -41.8356 25.7507 2
      vertex -41.8356 20.2493 2
      vertex -41.5372 25.9445 2
    endloop
  endfacet
  facet normal -0 0 1
    outer loop
      vertex -42.1122 25.5267 2
      vertex -41.8356 20.2493 2
      vertex -41.8356 25.7507 2
    endloop
  endfacet
  facet normal 0 0 1
    outer loop
      vertex -42.1122 25.5267 2
      vertex -42.1122 20.4733 2
      vertex -41.8356 20.2493 2
    endloop
  endfacet
  facet normal -0 0 1
    outer loop
      vertex -42.3639 25.275 2
      vertex -42.1122 20.4733 2
      vertex -42.1122 25.5267 2
    endloop
  endfacet
  facet normal 0 0 1
    outer loop
      vertex -42.3639 25.275 2
      vertex -42.3639 20.725 2
      vertex -42.1122 20.4733 2
    endloop
  endfacet
  facet normal -0 0 1
    outer loop
      vertex -42.5878 24.9985 2
      vertex -42.3639 20.725 2
      vertex -42.3639 25.275 2
    endloop
  endfacet
  facet normal 0 0 1
    outer loop
      vertex -42.5878 24.9985 2
      vertex -42.5878 21.0015 2
      vertex -42.3639 20.725 2
    endloop
  endfacet
  facet normal -0 0 1
    outer loop
      vertex -42.7817 24.7 2
      vertex -42.5878 21.0015 2
      vertex -42.5878 24.9985 2
    endloop
  endfacet
  facet normal 0 0 1
    outer loop
      vertex -42.7817 24.7 2
      vertex -42.7817 21.3 2
      vertex -42.5878 21.0015 2
    endloop
  endfacet
  facet normal -0 0 1
    outer loop
      vertex -42.9432 24.3829 2
      vertex -42.7817 21.3 2
      vertex -42.7817 24.7 2
    endloop
  endfacet
  facet normal 0 0 1
    outer loop
      vertex -42.9432 24.3829 2
      vertex -42.9432 21.6171 2
      vertex -42.7817 21.3 2
    endloop
  endfacet
  facet normal -0 0 1
    outer loop
      vertex -43.0708 24.0507 2
      vertex -42.9432 21.6171 2
      vertex -42.9432 24.3829 2
    endloop
  endfacet
  facet normal 0 0 1
    outer loop
      vertex -43.0708 24.0507 2
      vertex -43.0708 21.9493 2
      vertex -42.9432 21.6171 2
    endloop
  endfacet
  facet normal -0 0 1
    outer loop
      vertex -43.1629 23.7069 2
      vertex -43.0708 21.9493 2
      vertex -43.0708 24.0507 2
    endloop
  endfacet
  facet normal 0 0 1
    outer loop
      vertex -43.1629 23.7069 2
      vertex -43.1629 22.2931 2
      vertex -43.0708 21.9493 2
    endloop
  endfacet
  facet normal -0 0 1
    outer loop
      vertex -43.2185 23.3554 2
      vertex -43.1629 22.2931 2
      vertex -43.1629 23.7069 2
    endloop
  endfacet
  facet normal 0 0 1
    outer loop
      vertex -43.2185 23.3554 2
      vertex -43.2185 22.6446 2
      vertex -43.1629 22.2931 2
    endloop
  endfacet
  facet normal 0 -0 1
    outer loop
      vertex -43.2185 22.6446 2
      vertex -43.2185 23.3554 2
      vertex -43.2372 23 2
    endloop
  endfacet
  facet normal -0.358364 -0.933582 0
    outer loop
      vertex -38.7865 26.2336 2
      vertex -38.4543 26.1061 9
      vertex -38.7865 26.2336 9
    endloop
  endfacet
  facet normal -0.358364 -0.933582 -0
    outer loop
      vertex -38.4543 26.1061 9
      vertex -38.7865 26.2336 2
      vertex -38.4543 26.1061 2
    endloop
  endfacet
  facet normal 0.965926 -0.258819 0
    outer loop
      vertex -43.1629 23.7069 9
      vertex -43.0708 24.0507 2
      vertex -43.0708 24.0507 9
    endloop
  endfacet
  facet normal 0.965926 -0.258819 0
    outer loop
      vertex -43.0708 24.0507 2
      vertex -43.1629 23.7069 9
      vertex -43.1629 23.7069 2
    endloop
  endfacet
  facet normal 0.99863 0.0523299 0
    outer loop
      vertex -43.2185 22.6446 9
      vertex -43.2372 23 2
      vertex -43.2372 23 9
    endloop
  endfacet
  facet normal 0.99863 0.0523299 0
    outer loop
      vertex -43.2372 23 2
      vertex -43.2185 22.6446 9
      vertex -43.2185 22.6446 2
    endloop
  endfacet
  facet normal 0.987687 0.156442 0
    outer loop
      vertex -43.1629 22.2931 9
      vertex -43.2185 22.6446 2
      vertex -43.2185 22.6446 9
    endloop
  endfacet
  facet normal 0.987687 0.156442 0
    outer loop
      vertex -43.2185 22.6446 2
      vertex -43.1629 22.2931 9
      vertex -43.1629 22.2931 2
    endloop
  endfacet
  facet normal 0.99863 -0.0523299 0
    outer loop
      vertex -43.2372 23 9
      vertex -43.2185 23.3554 2
      vertex -43.2185 23.3554 9
    endloop
  endfacet
  facet normal 0.99863 -0.0523299 0
    outer loop
      vertex -43.2185 23.3554 2
      vertex -43.2372 23 9
      vertex -43.2372 23 2
    endloop
  endfacet
  facet normal 0.629319 0.777147 -0
    outer loop
      vertex -41.8356 20.2493 2
      vertex -42.1122 20.4733 9
      vertex -41.8356 20.2493 9
    endloop
  endfacet
  facet normal 0.629319 0.777147 0
    outer loop
      vertex -42.1122 20.4733 9
      vertex -41.8356 20.2493 2
      vertex -42.1122 20.4733 2
    endloop
  endfacet
  facet normal 0.544639 0.83867 -0
    outer loop
      vertex -41.5372 20.0555 2
      vertex -41.8356 20.2493 9
      vertex -41.5372 20.0555 9
    endloop
  endfacet
  facet normal 0.544639 0.83867 0
    outer loop
      vertex -41.8356 20.2493 9
      vertex -41.5372 20.0555 2
      vertex -41.8356 20.2493 2
    endloop
  endfacet
  facet normal 0.933581 0.358366 0
    outer loop
      vertex -42.9432 21.6171 9
      vertex -43.0708 21.9493 2
      vertex -43.0708 21.9493 9
    endloop
  endfacet
  facet normal 0.933581 0.358366 0
    outer loop
      vertex -43.0708 21.9493 2
      vertex -42.9432 21.6171 9
      vertex -42.9432 21.6171 2
    endloop
  endfacet
  facet normal 0.258819 -0.965926 0
    outer loop
      vertex -40.8878 26.2336 2
      vertex -40.5441 26.3257 9
      vertex -40.8878 26.2336 9
    endloop
  endfacet
  facet normal 0.258819 -0.965926 0
    outer loop
      vertex -40.5441 26.3257 9
      vertex -40.8878 26.2336 2
      vertex -40.5441 26.3257 2
    endloop
  endfacet
  facet normal -0.156438 -0.987688 0
    outer loop
      vertex -39.4818 26.3814 2
      vertex -39.1303 26.3257 9
      vertex -39.4818 26.3814 9
    endloop
  endfacet
  facet normal -0.156438 -0.987688 -0
    outer loop
      vertex -39.1303 26.3257 9
      vertex -39.4818 26.3814 2
      vertex -39.1303 26.3257 2
    endloop
  endfacet
  facet normal 0.707107 0.707107 0
    outer loop
      vertex -42.1122 20.4733 9
      vertex -42.3639 20.725 2
      vertex -42.3639 20.725 9
    endloop
  endfacet
  facet normal 0.707107 0.707107 0
    outer loop
      vertex -42.3639 20.725 2
      vertex -42.1122 20.4733 9
      vertex -42.1122 20.4733 2
    endloop
  endfacet
  facet normal 0.838672 0.544637 0
    outer loop
      vertex -42.5878 21.0015 9
      vertex -42.7817 21.3 2
      vertex -42.7817 21.3 9
    endloop
  endfacet
  facet normal 0.838672 0.544637 0
    outer loop
      vertex -42.7817 21.3 2
      vertex -42.5878 21.0015 9
      vertex -42.5878 21.0015 2
    endloop
  endfacet
  facet normal 0.777146 -0.629321 0
    outer loop
      vertex -42.5878 24.9985 9
      vertex -42.3639 25.275 2
      vertex -42.3639 25.275 9
    endloop
  endfacet
  facet normal 0.777146 -0.629321 0
    outer loop
      vertex -42.3639 25.275 2
      vertex -42.5878 24.9985 9
      vertex -42.5878 24.9985 2
    endloop
  endfacet
  facet normal 0.838672 -0.544637 0
    outer loop
      vertex -42.7817 24.7 9
      vertex -42.5878 24.9985 2
      vertex -42.5878 24.9985 9
    endloop
  endfacet
  facet normal 0.838672 -0.544637 0
    outer loop
      vertex -42.5878 24.9985 2
      vertex -42.7817 24.7 9
      vertex -42.7817 24.7 2
    endloop
  endfacet
  facet normal -0.0523346 -0.99863 0
    outer loop
      vertex -39.8372 26.4 2
      vertex -39.4818 26.3814 9
      vertex -39.8372 26.4 9
    endloop
  endfacet
  facet normal -0.0523346 -0.99863 -0
    outer loop
      vertex -39.4818 26.3814 9
      vertex -39.8372 26.4 2
      vertex -39.4818 26.3814 2
    endloop
  endfacet
  facet normal 0.0523352 -0.99863 0
    outer loop
      vertex -40.1926 26.3814 2
      vertex -39.8372 26.4 9
      vertex -40.1926 26.3814 9
    endloop
  endfacet
  facet normal 0.0523352 -0.99863 0
    outer loop
      vertex -39.8372 26.4 9
      vertex -40.1926 26.3814 2
      vertex -39.8372 26.4 2
    endloop
  endfacet
  facet normal 0.358364 -0.933582 0
    outer loop
      vertex -41.2201 26.1061 2
      vertex -40.8878 26.2336 9
      vertex -41.2201 26.1061 9
    endloop
  endfacet
  facet normal 0.358364 -0.933582 0
    outer loop
      vertex -40.8878 26.2336 9
      vertex -41.2201 26.1061 2
      vertex -40.8878 26.2336 2
    endloop
  endfacet
  facet normal -0.258819 -0.965926 0
    outer loop
      vertex -39.1303 26.3257 2
      vertex -38.7865 26.2336 9
      vertex -39.1303 26.3257 9
    endloop
  endfacet
  facet normal -0.258819 -0.965926 -0
    outer loop
      vertex -38.7865 26.2336 9
      vertex -39.1303 26.3257 2
      vertex -38.7865 26.2336 2
    endloop
  endfacet
  facet normal 0.629324 -0.777143 0
    outer loop
      vertex -42.1122 25.5267 2
      vertex -41.8356 25.7507 9
      vertex -42.1122 25.5267 9
    endloop
  endfacet
  facet normal 0.629324 -0.777143 0
    outer loop
      vertex -41.8356 25.7507 9
      vertex -42.1122 25.5267 2
      vertex -41.8356 25.7507 2
    endloop
  endfacet
  facet normal 0.544635 -0.838673 0
    outer loop
      vertex -41.8356 25.7507 2
      vertex -41.5372 25.9445 9
      vertex -41.8356 25.7507 9
    endloop
  endfacet
  facet normal 0.544635 -0.838673 0
    outer loop
      vertex -41.5372 25.9445 9
      vertex -41.8356 25.7507 2
      vertex -41.5372 25.9445 2
    endloop
  endfacet
  facet normal 0.707107 -0.707107 0
    outer loop
      vertex -42.3639 25.275 9
      vertex -42.1122 25.5267 2
      vertex -42.1122 25.5267 9
    endloop
  endfacet
  facet normal 0.707107 -0.707107 0
    outer loop
      vertex -42.1122 25.5267 2
      vertex -42.3639 25.275 9
      vertex -42.3639 25.275 2
    endloop
  endfacet
  facet normal 0.453992 -0.891006 0
    outer loop
      vertex -41.5372 25.9445 2
      vertex -41.2201 26.1061 9
      vertex -41.5372 25.9445 9
    endloop
  endfacet
  facet normal 0.453992 -0.891006 0
    outer loop
      vertex -41.2201 26.1061 9
      vertex -41.5372 25.9445 2
      vertex -41.2201 26.1061 2
    endloop
  endfacet
  facet normal 0.156438 -0.987688 0
    outer loop
      vertex -40.5441 26.3257 2
      vertex -40.1926 26.3814 9
      vertex -40.5441 26.3257 9
    endloop
  endfacet
  facet normal 0.156438 -0.987688 0
    outer loop
      vertex -40.1926 26.3814 9
      vertex -40.5441 26.3257 2
      vertex -40.1926 26.3814 2
    endloop
  endfacet
  facet normal -0.866025 0.5 0
    outer loop
      vertex -38.5927 18.3555 2
      vertex -35.1927 24.2445 9
      vertex -35.1927 24.2445 2
    endloop
  endfacet
  facet normal -0.866025 0.5 0
    outer loop
      vertex -35.1927 24.2445 9
      vertex -38.5927 18.3555 2
      vertex -38.5927 18.3555 9
    endloop
  endfacet
  facet normal 0.5 0.866025 -0
    outer loop
      vertex -38.5927 18.3555 2
      vertex -41.5372 20.0555 9
      vertex -38.5927 18.3555 9
    endloop
  endfacet
  facet normal 0.5 0.866025 0
    outer loop
      vertex -41.5372 20.0555 9
      vertex -38.5927 18.3555 2
      vertex -41.5372 20.0555 2
    endloop
  endfacet
  facet normal -0.5 -0.866025 0
    outer loop
      vertex -38.1372 25.9445 2
      vertex -35.1927 24.2445 9
      vertex -38.1372 25.9445 9
    endloop
  endfacet
  facet normal -0.5 -0.866025 -0
    outer loop
      vertex -35.1927 24.2445 9
      vertex -38.1372 25.9445 2
      vertex -35.1927 24.2445 2
    endloop
  endfacet
  facet normal 0.83867 0.544639 0
    outer loop
      vertex -42.5878 -24.9985 9
      vertex -42.7817 -24.7 2
      vertex -42.7817 -24.7 9
    endloop
  endfacet
  facet normal 0.83867 0.544639 0
    outer loop
      vertex -42.7817 -24.7 2
      vertex -42.5878 -24.9985 9
      vertex -42.5878 -24.9985 2
    endloop
  endfacet
  facet normal 0.544639 -0.83867 0
    outer loop
      vertex -41.8356 -20.2493 2
      vertex -41.5372 -20.0555 9
      vertex -41.8356 -20.2493 9
    endloop
  endfacet
  facet normal 0.544639 -0.83867 0
    outer loop
      vertex -41.5372 -20.0555 9
      vertex -41.8356 -20.2493 2
      vertex -41.5372 -20.0555 2
    endloop
  endfacet
  facet normal 0.258819 0.965926 -0
    outer loop
      vertex -40.5441 -26.3257 2
      vertex -40.8878 -26.2336 9
      vertex -40.5441 -26.3257 9
    endloop
  endfacet
  facet normal 0.258819 0.965926 0
    outer loop
      vertex -40.8878 -26.2336 9
      vertex -40.5441 -26.3257 2
      vertex -40.8878 -26.2336 2
    endloop
  endfacet
  facet normal 0.629324 0.777143 -0
    outer loop
      vertex -41.8356 -25.7507 2
      vertex -42.1122 -25.5267 9
      vertex -41.8356 -25.7507 9
    endloop
  endfacet
  facet normal 0.629324 0.777143 0
    outer loop
      vertex -42.1122 -25.5267 9
      vertex -41.8356 -25.7507 2
      vertex -42.1122 -25.5267 2
    endloop
  endfacet
  facet normal 0.777146 0.629321 0
    outer loop
      vertex -42.3639 -25.275 9
      vertex -42.5878 -24.9985 2
      vertex -42.5878 -24.9985 9
    endloop
  endfacet
  facet normal 0.777146 0.629321 0
    outer loop
      vertex -42.5878 -24.9985 2
      vertex -42.3639 -25.275 9
      vertex -42.3639 -25.275 2
    endloop
  endfacet
  facet normal -0.156438 0.987688 0
    outer loop
      vertex -39.1303 -26.3257 2
      vertex -39.4818 -26.3814 9
      vertex -39.1303 -26.3257 9
    endloop
  endfacet
  facet normal -0.156438 0.987688 0
    outer loop
      vertex -39.4818 -26.3814 9
      vertex -39.1303 -26.3257 2
      vertex -39.4818 -26.3814 2
    endloop
  endfacet
  facet normal 0.0523352 0.99863 -0
    outer loop
      vertex -39.8372 -26.4 2
      vertex -40.1926 -26.3814 9
      vertex -39.8372 -26.4 9
    endloop
  endfacet
  facet normal 0.0523352 0.99863 0
    outer loop
      vertex -40.1926 -26.3814 9
      vertex -39.8372 -26.4 2
      vertex -40.1926 -26.3814 2
    endloop
  endfacet
  facet normal 0 0 1
    outer loop
      vertex -41.5372 -20.0555 2
      vertex -38.1372 -25.9445 2
      vertex -35.1927 -24.2445 2
    endloop
  endfacet
  facet normal -0 0 1
    outer loop
      vertex -41.5372 -20.0555 2
      vertex -35.1927 -24.2445 2
      vertex -38.5927 -18.3555 2
    endloop
  endfacet
  facet normal 0 0 1
    outer loop
      vertex -38.1372 -25.9445 2
      vertex -41.5372 -20.0555 2
      vertex -38.4543 -26.1061 2
    endloop
  endfacet
  facet normal 0 0 1
    outer loop
      vertex -38.4543 -26.1061 2
      vertex -41.5372 -20.0555 2
      vertex -38.7865 -26.2336 2
    endloop
  endfacet
  facet normal 0 0 1
    outer loop
      vertex -38.7865 -26.2336 2
      vertex -41.5372 -20.0555 2
      vertex -39.1303 -26.3257 2
    endloop
  endfacet
  facet normal 0 0 1
    outer loop
      vertex -39.1303 -26.3257 2
      vertex -41.5372 -20.0555 2
      vertex -39.4818 -26.3814 2
    endloop
  endfacet
  facet normal 0 0 1
    outer loop
      vertex -39.4818 -26.3814 2
      vertex -41.5372 -20.0555 2
      vertex -39.8372 -26.4 2
    endloop
  endfacet
  facet normal 0 0 1
    outer loop
      vertex -39.8372 -26.4 2
      vertex -41.5372 -20.0555 2
      vertex -40.1926 -26.3814 2
    endloop
  endfacet
  facet normal 0 0 1
    outer loop
      vertex -40.1926 -26.3814 2
      vertex -41.5372 -20.0555 2
      vertex -40.5441 -26.3257 2
    endloop
  endfacet
  facet normal 0 0 1
    outer loop
      vertex -40.5441 -26.3257 2
      vertex -41.5372 -20.0555 2
      vertex -40.8878 -26.2336 2
    endloop
  endfacet
  facet normal 0 0 1
    outer loop
      vertex -40.8878 -26.2336 2
      vertex -41.5372 -20.0555 2
      vertex -41.2201 -26.1061 2
    endloop
  endfacet
  facet normal 0 0 1
    outer loop
      vertex -41.5372 -20.0555 2
      vertex -41.5372 -25.9445 2
      vertex -41.2201 -26.1061 2
    endloop
  endfacet
  facet normal -0 0 1
    outer loop
      vertex -41.8356 -20.2493 2
      vertex -41.5372 -25.9445 2
      vertex -41.5372 -20.0555 2
    endloop
  endfacet
  facet normal 0 0 1
    outer loop
      vertex -41.8356 -20.2493 2
      vertex -41.8356 -25.7507 2
      vertex -41.5372 -25.9445 2
    endloop
  endfacet
  facet normal -0 0 1
    outer loop
      vertex -42.1122 -20.4733 2
      vertex -41.8356 -25.7507 2
      vertex -41.8356 -20.2493 2
    endloop
  endfacet
  facet normal 0 0 1
    outer loop
      vertex -42.1122 -20.4733 2
      vertex -42.1122 -25.5267 2
      vertex -41.8356 -25.7507 2
    endloop
  endfacet
  facet normal -0 0 1
    outer loop
      vertex -42.3639 -20.725 2
      vertex -42.1122 -25.5267 2
      vertex -42.1122 -20.4733 2
    endloop
  endfacet
  facet normal 0 0 1
    outer loop
      vertex -42.3639 -20.725 2
      vertex -42.3639 -25.275 2
      vertex -42.1122 -25.5267 2
    endloop
  endfacet
  facet normal -0 0 1
    outer loop
      vertex -42.5878 -21.0015 2
      vertex -42.3639 -25.275 2
      vertex -42.3639 -20.725 2
    endloop
  endfacet
  facet normal 0 0 1
    outer loop
      vertex -42.5878 -21.0015 2
      vertex -42.5878 -24.9985 2
      vertex -42.3639 -25.275 2
    endloop
  endfacet
  facet normal -0 0 1
    outer loop
      vertex -42.7817 -21.3 2
      vertex -42.5878 -24.9985 2
      vertex -42.5878 -21.0015 2
    endloop
  endfacet
  facet normal 0 0 1
    outer loop
      vertex -42.7817 -21.3 2
      vertex -42.7817 -24.7 2
      vertex -42.5878 -24.9985 2
    endloop
  endfacet
  facet normal -0 0 1
    outer loop
      vertex -42.9432 -21.6171 2
      vertex -42.7817 -24.7 2
      vertex -42.7817 -21.3 2
    endloop
  endfacet
  facet normal 0 0 1
    outer loop
      vertex -42.9432 -21.6171 2
      vertex -42.9432 -24.3829 2
      vertex -42.7817 -24.7 2
    endloop
  endfacet
  facet normal -0 0 1
    outer loop
      vertex -43.0708 -21.9493 2
      vertex -42.9432 -24.3829 2
      vertex -42.9432 -21.6171 2
    endloop
  endfacet
  facet normal 0 0 1
    outer loop
      vertex -43.0708 -21.9493 2
      vertex -43.0708 -24.0507 2
      vertex -42.9432 -24.3829 2
    endloop
  endfacet
  facet normal -0 0 1
    outer loop
      vertex -43.1629 -22.2931 2
      vertex -43.0708 -24.0507 2
      vertex -43.0708 -21.9493 2
    endloop
  endfacet
  facet normal 0 0 1
    outer loop
      vertex -43.1629 -22.2931 2
      vertex -43.1629 -23.7069 2
      vertex -43.0708 -24.0507 2
    endloop
  endfacet
  facet normal -0 0 1
    outer loop
      vertex -43.2185 -22.6446 2
      vertex -43.1629 -23.7069 2
      vertex -43.1629 -22.2931 2
    endloop
  endfacet
  facet normal 0 0 1
    outer loop
      vertex -43.2185 -22.6446 2
      vertex -43.2185 -23.3554 2
      vertex -43.1629 -23.7069 2
    endloop
  endfacet
  facet normal 0 -0 1
    outer loop
      vertex -43.2185 -23.3554 2
      vertex -43.2185 -22.6446 2
      vertex -43.2372 -23 2
    endloop
  endfacet
  facet normal 0.629319 -0.777147 0
    outer loop
      vertex -42.1122 -20.4733 2
      vertex -41.8356 -20.2493 9
      vertex -42.1122 -20.4733 9
    endloop
  endfacet
  facet normal 0.629319 -0.777147 0
    outer loop
      vertex -41.8356 -20.2493 9
      vertex -42.1122 -20.4733 2
      vertex -41.8356 -20.2493 2
    endloop
  endfacet
  facet normal 0.707107 0.707107 0
    outer loop
      vertex -42.1122 -25.5267 9
      vertex -42.3639 -25.275 2
      vertex -42.3639 -25.275 9
    endloop
  endfacet
  facet normal 0.707107 0.707107 0
    outer loop
      vertex -42.3639 -25.275 2
      vertex -42.1122 -25.5267 9
      vertex -42.1122 -25.5267 2
    endloop
  endfacet
  facet normal 0.453992 0.891006 -0
    outer loop
      vertex -41.2201 -26.1061 2
      vertex -41.5372 -25.9445 9
      vertex -41.2201 -26.1061 9
    endloop
  endfacet
  facet normal 0.453992 0.891006 0
    outer loop
      vertex -41.5372 -25.9445 9
      vertex -41.2201 -26.1061 2
      vertex -41.5372 -25.9445 2
    endloop
  endfacet
  facet normal 0.358364 0.933582 -0
    outer loop
      vertex -40.8878 -26.2336 2
      vertex -41.2201 -26.1061 9
      vertex -40.8878 -26.2336 9
    endloop
  endfacet
  facet normal 0.358364 0.933582 0
    outer loop
      vertex -41.2201 -26.1061 9
      vertex -40.8878 -26.2336 2
      vertex -41.2201 -26.1061 2
    endloop
  endfacet
  facet normal 0.544635 0.838673 -0
    outer loop
      vertex -41.5372 -25.9445 2
      vertex -41.8356 -25.7507 9
      vertex -41.5372 -25.9445 9
    endloop
  endfacet
  facet normal 0.544635 0.838673 0
    outer loop
      vertex -41.8356 -25.7507 9
      vertex -41.5372 -25.9445 2
      vertex -41.8356 -25.7507 2
    endloop
  endfacet
  facet normal -0.358364 0.933582 0
    outer loop
      vertex -38.4543 -26.1061 2
      vertex -38.7865 -26.2336 9
      vertex -38.4543 -26.1061 9
    endloop
  endfacet
  facet normal -0.358364 0.933582 0
    outer loop
      vertex -38.7865 -26.2336 9
      vertex -38.4543 -26.1061 2
      vertex -38.7865 -26.2336 2
    endloop
  endfacet
  facet normal -0.453992 0.891006 0
    outer loop
      vertex -38.1372 -25.9445 2
      vertex -38.4543 -26.1061 9
      vertex -38.1372 -25.9445 9
    endloop
  endfacet
  facet normal -0.453992 0.891006 0
    outer loop
      vertex -38.4543 -26.1061 9
      vertex -38.1372 -25.9445 2
      vertex -38.4543 -26.1061 2
    endloop
  endfacet
  facet normal 0.156438 0.987688 -0
    outer loop
      vertex -40.1926 -26.3814 2
      vertex -40.5441 -26.3257 9
      vertex -40.1926 -26.3814 9
    endloop
  endfacet
  facet normal 0.156438 0.987688 0
    outer loop
      vertex -40.5441 -26.3257 9
      vertex -40.1926 -26.3814 2
      vertex -40.5441 -26.3257 2
    endloop
  endfacet
  facet normal 0.965926 -0.258819 0
    outer loop
      vertex -43.1629 -22.2931 9
      vertex -43.0708 -21.9493 2
      vertex -43.0708 -21.9493 9
    endloop
  endfacet
  facet normal 0.965926 -0.258819 0
    outer loop
      vertex -43.0708 -21.9493 2
      vertex -43.1629 -22.2931 9
      vertex -43.1629 -22.2931 2
    endloop
  endfacet
  facet normal 0.777146 -0.629321 0
    outer loop
      vertex -42.5878 -21.0015 9
      vertex -42.3639 -20.725 2
      vertex -42.3639 -20.725 9
    endloop
  endfacet
  facet normal 0.777146 -0.629321 0
    outer loop
      vertex -42.3639 -20.725 2
      vertex -42.5878 -21.0015 9
      vertex -42.5878 -21.0015 2
    endloop
  endfacet
  facet normal -0.258819 0.965926 0
    outer loop
      vertex -38.7865 -26.2336 2
      vertex -39.1303 -26.3257 9
      vertex -38.7865 -26.2336 9
    endloop
  endfacet
  facet normal -0.258819 0.965926 0
    outer loop
      vertex -39.1303 -26.3257 9
      vertex -38.7865 -26.2336 2
      vertex -39.1303 -26.3257 2
    endloop
  endfacet
  facet normal -0.0523346 0.99863 0
    outer loop
      vertex -39.4818 -26.3814 2
      vertex -39.8372 -26.4 9
      vertex -39.4818 -26.3814 9
    endloop
  endfacet
  facet normal -0.0523346 0.99863 0
    outer loop
      vertex -39.8372 -26.4 9
      vertex -39.4818 -26.3814 2
      vertex -39.8372 -26.4 2
    endloop
  endfacet
  facet normal 0.933581 0.358366 0
    outer loop
      vertex -42.9432 -24.3829 9
      vertex -43.0708 -24.0507 2
      vertex -43.0708 -24.0507 9
    endloop
  endfacet
  facet normal 0.933581 0.358366 0
    outer loop
      vertex -43.0708 -24.0507 2
      vertex -42.9432 -24.3829 9
      vertex -42.9432 -24.3829 2
    endloop
  endfacet
  facet normal 0.891008 0.453988 0
    outer loop
      vertex -42.7817 -24.7 9
      vertex -42.9432 -24.3829 2
      vertex -42.9432 -24.3829 9
    endloop
  endfacet
  facet normal 0.891008 0.453988 0
    outer loop
      vertex -42.9432 -24.3829 2
      vertex -42.7817 -24.7 9
      vertex -42.7817 -24.7 2
    endloop
  endfacet
  facet normal 0.838672 -0.544637 0
    outer loop
      vertex -42.7817 -21.3 9
      vertex -42.5878 -21.0015 2
      vertex -42.5878 -21.0015 9
    endloop
  endfacet
  facet normal 0.838672 -0.544637 0
    outer loop
      vertex -42.5878 -21.0015 2
      vertex -42.7817 -21.3 9
      vertex -42.7817 -21.3 2
    endloop
  endfacet
  facet normal 0.891007 -0.45399 0
    outer loop
      vertex -42.9432 -21.6171 9
      vertex -42.7817 -21.3 2
      vertex -42.7817 -21.3 9
    endloop
  endfacet
  facet normal 0.891007 -0.45399 0
    outer loop
      vertex -42.7817 -21.3 2
      vertex -42.9432 -21.6171 9
      vertex -42.9432 -21.6171 2
    endloop
  endfacet
  facet normal 0.987687 -0.156442 0
    outer loop
      vertex -43.2185 -22.6446 9
      vertex -43.1629 -22.2931 2
      vertex -43.1629 -22.2931 9
    endloop
  endfacet
  facet normal 0.987687 -0.156442 0
    outer loop
      vertex -43.1629 -22.2931 2
      vertex -43.2185 -22.6446 9
      vertex -43.2185 -22.6446 2
    endloop
  endfacet
  facet normal 0.707107 -0.707107 0
    outer loop
      vertex -42.3639 -20.725 9
      vertex -42.1122 -20.4733 2
      vertex -42.1122 -20.4733 9
    endloop
  endfacet
  facet normal 0.707107 -0.707107 0
    outer loop
      vertex -42.1122 -20.4733 2
      vertex -42.3639 -20.725 9
      vertex -42.3639 -20.725 2
    endloop
  endfacet
  facet normal 0.987687 0.156442 0
    outer loop
      vertex -43.1629 -23.7069 9
      vertex -43.2185 -23.3554 2
      vertex -43.2185 -23.3554 9
    endloop
  endfacet
  facet normal 0.987687 0.156442 0
    outer loop
      vertex -43.2185 -23.3554 2
      vertex -43.1629 -23.7069 9
      vertex -43.1629 -23.7069 2
    endloop
  endfacet
  facet normal 0.99863 0.0523299 0
    outer loop
      vertex -43.2185 -23.3554 9
      vertex -43.2372 -23 2
      vertex -43.2372 -23 9
    endloop
  endfacet
  facet normal 0.99863 0.0523299 0
    outer loop
      vertex -43.2372 -23 2
      vertex -43.2185 -23.3554 9
      vertex -43.2185 -23.3554 2
    endloop
  endfacet
  facet normal 0.965926 0.258819 0
    outer loop
      vertex -43.0708 -24.0507 9
      vertex -43.1629 -23.7069 2
      vertex -43.1629 -23.7069 9
    endloop
  endfacet
  facet normal 0.965926 0.258819 0
    outer loop
      vertex -43.1629 -23.7069 2
      vertex -43.0708 -24.0507 9
      vertex -43.0708 -24.0507 2
    endloop
  endfacet
  facet normal 0.99863 -0.0523299 0
    outer loop
      vertex -43.2372 -23 9
      vertex -43.2185 -22.6446 2
      vertex -43.2185 -22.6446 9
    endloop
  endfacet
  facet normal 0.99863 -0.0523299 0
    outer loop
      vertex -43.2185 -22.6446 2
      vertex -43.2372 -23 9
      vertex -43.2372 -23 2
    endloop
  endfacet
  facet normal 0.933581 -0.358366 0
    outer loop
      vertex -43.0708 -21.9493 9
      vertex -42.9432 -21.6171 2
      vertex -42.9432 -21.6171 9
    endloop
  endfacet
  facet normal 0.933581 -0.358366 0
    outer loop
      vertex -42.9432 -21.6171 2
      vertex -43.0708 -21.9493 9
      vertex -43.0708 -21.9493 2
    endloop
  endfacet
  facet normal -0.866025 -0.5 0
    outer loop
      vertex -35.1927 -24.2445 2
      vertex -38.5927 -18.3555 9
      vertex -38.5927 -18.3555 2
    endloop
  endfacet
  facet normal -0.866025 -0.5 0
    outer loop
      vertex -38.5927 -18.3555 9
      vertex -35.1927 -24.2445 2
      vertex -35.1927 -24.2445 9
    endloop
  endfacet
  facet normal -0.5 0.866025 0
    outer loop
      vertex -35.1927 -24.2445 2
      vertex -38.1372 -25.9445 9
      vertex -35.1927 -24.2445 9
    endloop
  endfacet
  facet normal -0.5 0.866025 0
    outer loop
      vertex -38.1372 -25.9445 9
      vertex -35.1927 -24.2445 2
      vertex -38.1372 -25.9445 2
    endloop
  endfacet
  facet normal 0.5 -0.866025 0
    outer loop
      vertex -41.5372 -20.0555 2
      vertex -38.5927 -18.3555 9
      vertex -41.5372 -20.0555 9
    endloop
  endfacet
  facet normal 0.5 -0.866025 0
    outer loop
      vertex -38.5927 -18.3555 9
      vertex -41.5372 -20.0555 2
      vertex -38.5927 -18.3555 2
    endloop
  endfacet
  facet normal 0.453988 0.891008 -0
    outer loop
      vertex -24.3829 -42.9432 2
      vertex -24.7 -42.7817 9
      vertex -24.3829 -42.9432 9
    endloop
  endfacet
  facet normal 0.453988 0.891008 0
    outer loop
      vertex -24.7 -42.7817 9
      vertex -24.3829 -42.9432 2
      vertex -24.7 -42.7817 2
    endloop
  endfacet
  facet normal 0.891006 -0.453992 0
    outer loop
      vertex -26.1061 -38.4543 9
      vertex -25.9445 -38.1372 2
      vertex -25.9445 -38.1372 9
    endloop
  endfacet
  facet normal 0.891006 -0.453992 0
    outer loop
      vertex -25.9445 -38.1372 2
      vertex -26.1061 -38.4543 9
      vertex -26.1061 -38.4543 2
    endloop
  endfacet
  facet normal -0.258819 0.965926 0
    outer loop
      vertex -21.9493 -43.0708 2
      vertex -22.2931 -43.1629 9
      vertex -21.9493 -43.0708 9
    endloop
  endfacet
  facet normal -0.258819 0.965926 0
    outer loop
      vertex -22.2931 -43.1629 9
      vertex -21.9493 -43.0708 2
      vertex -22.2931 -43.1629 2
    endloop
  endfacet
  facet normal 0.156442 0.987687 -0
    outer loop
      vertex -23.3554 -43.2185 2
      vertex -23.7069 -43.1629 9
      vertex -23.3554 -43.2185 9
    endloop
  endfacet
  facet normal 0.156442 0.987687 0
    outer loop
      vertex -23.7069 -43.1629 9
      vertex -23.3554 -43.2185 2
      vertex -23.7069 -43.1629 2
    endloop
  endfacet
  facet normal 0.358366 0.933581 -0
    outer loop
      vertex -24.0507 -43.0708 2
      vertex -24.3829 -42.9432 9
      vertex -24.0507 -43.0708 9
    endloop
  endfacet
  facet normal 0.358366 0.933581 0
    outer loop
      vertex -24.3829 -42.9432 9
      vertex -24.0507 -43.0708 2
      vertex -24.3829 -42.9432 2
    endloop
  endfacet
  facet normal -0.629321 0.777146 0
    outer loop
      vertex -20.725 -42.3639 2
      vertex -21.0015 -42.5878 9
      vertex -20.725 -42.3639 9
    endloop
  endfacet
  facet normal -0.629321 0.777146 0
    outer loop
      vertex -21.0015 -42.5878 9
      vertex -20.725 -42.3639 2
      vertex -21.0015 -42.5878 2
    endloop
  endfacet
  facet normal -0.45399 0.891007 0
    outer loop
      vertex -21.3 -42.7817 2
      vertex -21.6171 -42.9432 9
      vertex -21.3 -42.7817 9
    endloop
  endfacet
  facet normal -0.45399 0.891007 0
    outer loop
      vertex -21.6171 -42.9432 9
      vertex -21.3 -42.7817 2
      vertex -21.6171 -42.9432 2
    endloop
  endfacet
  facet normal 0 0 1
    outer loop
      vertex -25.9445 -38.1372 2
      vertex -20.0555 -41.5372 2
      vertex -18.3555 -38.5927 2
    endloop
  endfacet
  facet normal 0 0 1
    outer loop
      vertex -20.0555 -41.5372 2
      vertex -25.9445 -38.1372 2
      vertex -20.2493 -41.8356 2
    endloop
  endfacet
  facet normal 0 0 1
    outer loop
      vertex -20.2493 -41.8356 2
      vertex -25.9445 -38.1372 2
      vertex -20.4733 -42.1122 2
    endloop
  endfacet
  facet normal 0 0 1
    outer loop
      vertex -20.4733 -42.1122 2
      vertex -25.9445 -38.1372 2
      vertex -20.725 -42.3639 2
    endloop
  endfacet
  facet normal 0 0 1
    outer loop
      vertex -20.725 -42.3639 2
      vertex -25.9445 -38.1372 2
      vertex -21.0015 -42.5878 2
    endloop
  endfacet
  facet normal 0 0 1
    outer loop
      vertex -21.0015 -42.5878 2
      vertex -25.9445 -38.1372 2
      vertex -21.3 -42.7817 2
    endloop
  endfacet
  facet normal 0 0 1
    outer loop
      vertex -21.3 -42.7817 2
      vertex -25.9445 -38.1372 2
      vertex -21.6171 -42.9432 2
    endloop
  endfacet
  facet normal 0 0 1
    outer loop
      vertex -21.6171 -42.9432 2
      vertex -25.9445 -38.1372 2
      vertex -21.9493 -43.0708 2
    endloop
  endfacet
  facet normal 0 0 1
    outer loop
      vertex -21.9493 -43.0708 2
      vertex -25.9445 -38.1372 2
      vertex -22.2931 -43.1629 2
    endloop
  endfacet
  facet normal 0 0 1
    outer loop
      vertex -22.2931 -43.1629 2
      vertex -25.9445 -38.1372 2
      vertex -22.6446 -43.2185 2
    endloop
  endfacet
  facet normal 0 0 1
    outer loop
      vertex -22.6446 -43.2185 2
      vertex -25.9445 -38.1372 2
      vertex -23 -43.2372 2
    endloop
  endfacet
  facet normal 0 0 1
    outer loop
      vertex -23 -43.2372 2
      vertex -25.9445 -38.1372 2
      vertex -23.3554 -43.2185 2
    endloop
  endfacet
  facet normal 0 0 1
    outer loop
      vertex -23.3554 -43.2185 2
      vertex -25.9445 -38.1372 2
      vertex -23.7069 -43.1629 2
    endloop
  endfacet
  facet normal -0 0 1
    outer loop
      vertex -25.9445 -38.1372 2
      vertex -18.3555 -38.5927 2
      vertex -24.2445 -35.1927 2
    endloop
  endfacet
  facet normal 0 0 1
    outer loop
      vertex -23.7069 -43.1629 2
      vertex -25.9445 -38.1372 2
      vertex -24.0507 -43.0708 2
    endloop
  endfacet
  facet normal 0 0 1
    outer loop
      vertex -24.0507 -43.0708 2
      vertex -25.9445 -38.1372 2
      vertex -24.3829 -42.9432 2
    endloop
  endfacet
  facet normal 0 0 1
    outer loop
      vertex -24.3829 -42.9432 2
      vertex -25.9445 -38.1372 2
      vertex -24.7 -42.7817 2
    endloop
  endfacet
  facet normal 0 0 1
    outer loop
      vertex -24.7 -42.7817 2
      vertex -25.9445 -38.1372 2
      vertex -24.9985 -42.5878 2
    endloop
  endfacet
  facet normal 0 0 1
    outer loop
      vertex -24.9985 -42.5878 2
      vertex -25.9445 -38.1372 2
      vertex -25.275 -42.3639 2
    endloop
  endfacet
  facet normal 0 0 1
    outer loop
      vertex -25.275 -42.3639 2
      vertex -25.9445 -38.1372 2
      vertex -25.5267 -42.1122 2
    endloop
  endfacet
  facet normal 0 0 1
    outer loop
      vertex -25.5267 -42.1122 2
      vertex -25.9445 -38.1372 2
      vertex -25.7507 -41.8356 2
    endloop
  endfacet
  facet normal 0 0 1
    outer loop
      vertex -25.9445 -38.1372 2
      vertex -25.9445 -41.5372 2
      vertex -25.7507 -41.8356 2
    endloop
  endfacet
  facet normal -0 0 1
    outer loop
      vertex -26.1061 -38.4543 2
      vertex -25.9445 -41.5372 2
      vertex -25.9445 -38.1372 2
    endloop
  endfacet
  facet normal 0 0 1
    outer loop
      vertex -26.1061 -38.4543 2
      vertex -26.1061 -41.2201 2
      vertex -25.9445 -41.5372 2
    endloop
  endfacet
  facet normal -0 0 1
    outer loop
      vertex -26.2336 -38.7865 2
      vertex -26.1061 -41.2201 2
      vertex -26.1061 -38.4543 2
    endloop
  endfacet
  facet normal 0 0 1
    outer loop
      vertex -26.2336 -38.7865 2
      vertex -26.2336 -40.8878 2
      vertex -26.1061 -41.2201 2
    endloop
  endfacet
  facet normal -0 0 1
    outer loop
      vertex -26.3257 -39.1303 2
      vertex -26.2336 -40.8878 2
      vertex -26.2336 -38.7865 2
    endloop
  endfacet
  facet normal 0 0 1
    outer loop
      vertex -26.3257 -39.1303 2
      vertex -26.3257 -40.5441 2
      vertex -26.2336 -40.8878 2
    endloop
  endfacet
  facet normal -0 0 1
    outer loop
      vertex -26.3814 -39.4818 2
      vertex -26.3257 -40.5441 2
      vertex -26.3257 -39.1303 2
    endloop
  endfacet
  facet normal 0 0 1
    outer loop
      vertex -26.3814 -39.4818 2
      vertex -26.3814 -40.1926 2
      vertex -26.3257 -40.5441 2
    endloop
  endfacet
  facet normal 0 -0 1
    outer loop
      vertex -26.3814 -40.1926 2
      vertex -26.3814 -39.4818 2
      vertex -26.4 -39.8372 2
    endloop
  endfacet
  facet normal 0.933582 -0.358364 0
    outer loop
      vertex -26.2336 -38.7865 9
      vertex -26.1061 -38.4543 2
      vertex -26.1061 -38.4543 9
    endloop
  endfacet
  facet normal 0.933582 -0.358364 0
    outer loop
      vertex -26.1061 -38.4543 2
      vertex -26.2336 -38.7865 9
      vertex -26.2336 -38.7865 2
    endloop
  endfacet
  facet normal 0.258819 0.965926 -0
    outer loop
      vertex -23.7069 -43.1629 2
      vertex -24.0507 -43.0708 9
      vertex -23.7069 -43.1629 9
    endloop
  endfacet
  facet normal 0.258819 0.965926 0
    outer loop
      vertex -24.0507 -43.0708 9
      vertex -23.7069 -43.1629 2
      vertex -24.0507 -43.0708 2
    endloop
  endfacet
  facet normal -0.0523299 0.99863 0
    outer loop
      vertex -22.6446 -43.2185 2
      vertex -23 -43.2372 9
      vertex -22.6446 -43.2185 9
    endloop
  endfacet
  facet normal -0.0523299 0.99863 0
    outer loop
      vertex -23 -43.2372 9
      vertex -22.6446 -43.2185 2
      vertex -23 -43.2372 2
    endloop
  endfacet
  facet normal -0.156442 0.987687 0
    outer loop
      vertex -22.2931 -43.1629 2
      vertex -22.6446 -43.2185 9
      vertex -22.2931 -43.1629 9
    endloop
  endfacet
  facet normal -0.156442 0.987687 0
    outer loop
      vertex -22.6446 -43.2185 9
      vertex -22.2931 -43.1629 2
      vertex -22.6446 -43.2185 2
    endloop
  endfacet
  facet normal 0.0523299 0.99863 -0
    outer loop
      vertex -23 -43.2372 2
      vertex -23.3554 -43.2185 9
      vertex -23 -43.2372 9
    endloop
  endfacet
  facet normal 0.0523299 0.99863 0
    outer loop
      vertex -23.3554 -43.2185 9
      vertex -23 -43.2372 2
      vertex -23.3554 -43.2185 2
    endloop
  endfacet
  facet normal -0.777147 0.629319 0
    outer loop
      vertex -20.4733 -42.1122 2
      vertex -20.2493 -41.8356 9
      vertex -20.2493 -41.8356 2
    endloop
  endfacet
  facet normal -0.777147 0.629319 0
    outer loop
      vertex -20.2493 -41.8356 9
      vertex -20.4733 -42.1122 2
      vertex -20.4733 -42.1122 9
    endloop
  endfacet
  facet normal -0.83867 0.544639 0
    outer loop
      vertex -20.2493 -41.8356 2
      vertex -20.0555 -41.5372 9
      vertex -20.0555 -41.5372 2
    endloop
  endfacet
  facet normal -0.83867 0.544639 0
    outer loop
      vertex -20.0555 -41.5372 9
      vertex -20.2493 -41.8356 2
      vertex -20.2493 -41.8356 9
    endloop
  endfacet
  facet normal -0.358366 0.933581 0
    outer loop
      vertex -21.6171 -42.9432 2
      vertex -21.9493 -43.0708 9
      vertex -21.6171 -42.9432 9
    endloop
  endfacet
  facet normal -0.358366 0.933581 0
    outer loop
      vertex -21.9493 -43.0708 9
      vertex -21.6171 -42.9432 2
      vertex -21.9493 -43.0708 2
    endloop
  endfacet
  facet normal 0.965926 0.258819 0
    outer loop
      vertex -26.2336 -40.8878 9
      vertex -26.3257 -40.5441 2
      vertex -26.3257 -40.5441 9
    endloop
  endfacet
  facet normal 0.965926 0.258819 0
    outer loop
      vertex -26.3257 -40.5441 2
      vertex -26.2336 -40.8878 9
      vertex -26.2336 -40.8878 2
    endloop
  endfacet
  facet normal 0.987688 -0.156438 0
    outer loop
      vertex -26.3814 -39.4818 9
      vertex -26.3257 -39.1303 2
      vertex -26.3257 -39.1303 9
    endloop
  endfacet
  facet normal 0.987688 -0.156438 0
    outer loop
      vertex -26.3257 -39.1303 2
      vertex -26.3814 -39.4818 9
      vertex -26.3814 -39.4818 2
    endloop
  endfacet
  facet normal -0.707107 0.707107 0
    outer loop
      vertex -20.725 -42.3639 2
      vertex -20.4733 -42.1122 9
      vertex -20.4733 -42.1122 2
    endloop
  endfacet
  facet normal -0.707107 0.707107 0
    outer loop
      vertex -20.4733 -42.1122 9
      vertex -20.725 -42.3639 2
      vertex -20.725 -42.3639 9
    endloop
  endfacet
  facet normal -0.544637 0.838672 0
    outer loop
      vertex -21.0015 -42.5878 2
      vertex -21.3 -42.7817 9
      vertex -21.0015 -42.5878 9
    endloop
  endfacet
  facet normal -0.544637 0.838672 0
    outer loop
      vertex -21.3 -42.7817 9
      vertex -21.0015 -42.5878 2
      vertex -21.3 -42.7817 2
    endloop
  endfacet
  facet normal 0.629321 0.777146 -0
    outer loop
      vertex -24.9985 -42.5878 2
      vertex -25.275 -42.3639 9
      vertex -24.9985 -42.5878 9
    endloop
  endfacet
  facet normal 0.629321 0.777146 0
    outer loop
      vertex -25.275 -42.3639 9
      vertex -24.9985 -42.5878 2
      vertex -25.275 -42.3639 2
    endloop
  endfacet
  facet normal 0.544639 0.83867 -0
    outer loop
      vertex -24.7 -42.7817 2
      vertex -24.9985 -42.5878 9
      vertex -24.7 -42.7817 9
    endloop
  endfacet
  facet normal 0.544639 0.83867 0
    outer loop
      vertex -24.9985 -42.5878 9
      vertex -24.7 -42.7817 2
      vertex -24.9985 -42.5878 2
    endloop
  endfacet
  facet normal 0.99863 -0.0523346 0
    outer loop
      vertex -26.4 -39.8372 9
      vertex -26.3814 -39.4818 2
      vertex -26.3814 -39.4818 9
    endloop
  endfacet
  facet normal 0.99863 -0.0523346 0
    outer loop
      vertex -26.3814 -39.4818 2
      vertex -26.4 -39.8372 9
      vertex -26.4 -39.8372 2
    endloop
  endfacet
  facet normal 0.99863 0.0523352 0
    outer loop
      vertex -26.3814 -40.1926 9
      vertex -26.4 -39.8372 2
      vertex -26.4 -39.8372 9
    endloop
  endfacet
  facet normal 0.99863 0.0523352 0
    outer loop
      vertex -26.4 -39.8372 2
      vertex -26.3814 -40.1926 9
      vertex -26.3814 -40.1926 2
    endloop
  endfacet
  facet normal 0.933582 0.358364 0
    outer loop
      vertex -26.1061 -41.2201 9
      vertex -26.2336 -40.8878 2
      vertex -26.2336 -40.8878 9
    endloop
  endfacet
  facet normal 0.933582 0.358364 0
    outer loop
      vertex -26.2336 -40.8878 2
      vertex -26.1061 -41.2201 9
      vertex -26.1061 -41.2201 2
    endloop
  endfacet
  facet normal 0.965926 -0.258819 0
    outer loop
      vertex -26.3257 -39.1303 9
      vertex -26.2336 -38.7865 2
      vertex -26.2336 -38.7865 9
    endloop
  endfacet
  facet normal 0.965926 -0.258819 0
    outer loop
      vertex -26.2336 -38.7865 2
      vertex -26.3257 -39.1303 9
      vertex -26.3257 -39.1303 2
    endloop
  endfacet
  facet normal 0.777143 0.629324 0
    outer loop
      vertex -25.5267 -42.1122 9
      vertex -25.7507 -41.8356 2
      vertex -25.7507 -41.8356 9
    endloop
  endfacet
  facet normal 0.777143 0.629324 0
    outer loop
      vertex -25.7507 -41.8356 2
      vertex -25.5267 -42.1122 9
      vertex -25.5267 -42.1122 2
    endloop
  endfacet
  facet normal 0.838673 0.544635 0
    outer loop
      vertex -25.7507 -41.8356 9
      vertex -25.9445 -41.5372 2
      vertex -25.9445 -41.5372 9
    endloop
  endfacet
  facet normal 0.838673 0.544635 0
    outer loop
      vertex -25.9445 -41.5372 2
      vertex -25.7507 -41.8356 9
      vertex -25.7507 -41.8356 2
    endloop
  endfacet
  facet normal 0.707107 0.707107 0
    outer loop
      vertex -25.275 -42.3639 9
      vertex -25.5267 -42.1122 2
      vertex -25.5267 -42.1122 9
    endloop
  endfacet
  facet normal 0.707107 0.707107 0
    outer loop
      vertex -25.5267 -42.1122 2
      vertex -25.275 -42.3639 9
      vertex -25.275 -42.3639 2
    endloop
  endfacet
  facet normal 0.891006 0.453992 0
    outer loop
      vertex -25.9445 -41.5372 9
      vertex -26.1061 -41.2201 2
      vertex -26.1061 -41.2201 9
    endloop
  endfacet
  facet normal 0.891006 0.453992 0
    outer loop
      vertex -26.1061 -41.2201 2
      vertex -25.9445 -41.5372 9
      vertex -25.9445 -41.5372 2
    endloop
  endfacet
  facet normal 0.987688 0.156438 0
    outer loop
      vertex -26.3257 -40.5441 9
      vertex -26.3814 -40.1926 2
      vertex -26.3814 -40.1926 9
    endloop
  endfacet
  facet normal 0.987688 0.156438 0
    outer loop
      vertex -26.3814 -40.1926 2
      vertex -26.3257 -40.5441 9
      vertex -26.3257 -40.5441 2
    endloop
  endfacet
  facet normal -0.5 -0.866025 0
    outer loop
      vertex -24.2445 -35.1927 2
      vertex -18.3555 -38.5927 9
      vertex -24.2445 -35.1927 9
    endloop
  endfacet
  facet normal -0.5 -0.866025 -0
    outer loop
      vertex -18.3555 -38.5927 9
      vertex -24.2445 -35.1927 2
      vertex -18.3555 -38.5927 2
    endloop
  endfacet
  facet normal -0.866025 0.5 0
    outer loop
      vertex -20.0555 -41.5372 2
      vertex -18.3555 -38.5927 9
      vertex -18.3555 -38.5927 2
    endloop
  endfacet
  facet normal -0.866025 0.5 0
    outer loop
      vertex -18.3555 -38.5927 9
      vertex -20.0555 -41.5372 2
      vertex -20.0555 -41.5372 9
    endloop
  endfacet
  facet normal 0.866025 -0.5 0
    outer loop
      vertex -25.9445 -38.1372 9
      vertex -24.2445 -35.1927 2
      vertex -24.2445 -35.1927 9
    endloop
  endfacet
  facet normal 0.866025 -0.5 0
    outer loop
      vertex -24.2445 -35.1927 2
      vertex -25.9445 -38.1372 9
      vertex -25.9445 -38.1372 2
    endloop
  endfacet
  facet normal -0.0523405 0.998629 0
    outer loop
      vertex 0.355396 -49.3814 2
      vertex -1.0969e-014 -49.4 9
      vertex 0.355396 -49.3814 9
    endloop
  endfacet
  facet normal -0.0523405 0.998629 0
    outer loop
      vertex -1.0969e-014 -49.4 9
      vertex 0.355396 -49.3814 2
      vertex -1.0969e-014 -49.4 2
    endloop
  endfacet
  facet normal 0.99863 0.0523352 0
    outer loop
      vertex -3.38137 -46.3554 9
      vertex -3.4 -46 2
      vertex -3.4 -46 9
    endloop
  endfacet
  facet normal 0.99863 0.0523352 0
    outer loop
      vertex -3.4 -46 2
      vertex -3.38137 -46.3554 9
      vertex -3.38137 -46.3554 2
    endloop
  endfacet
  facet normal -0.707105 0.707108 0
    outer loop
      vertex 2.52669 -48.275 2
      vertex 2.27504 -48.5267 9
      vertex 2.52669 -48.275 9
    endloop
  endfacet
  facet normal -0.707105 0.707108 0
    outer loop
      vertex 2.27504 -48.5267 9
      vertex 2.52669 -48.275 2
      vertex 2.27504 -48.5267 2
    endloop
  endfacet
  facet normal -0.358366 0.933581 0
    outer loop
      vertex 1.3829 -49.1061 2
      vertex 1.05066 -49.2336 9
      vertex 1.3829 -49.1061 9
    endloop
  endfacet
  facet normal -0.358366 0.933581 0
    outer loop
      vertex 1.05066 -49.2336 9
      vertex 1.3829 -49.1061 2
      vertex 1.05066 -49.2336 2
    endloop
  endfacet
  facet normal -0.156432 0.987689 0
    outer loop
      vertex 0.7069 -49.3257 2
      vertex 0.355396 -49.3814 9
      vertex 0.7069 -49.3257 9
    endloop
  endfacet
  facet normal -0.156432 0.987689 0
    outer loop
      vertex 0.355396 -49.3814 9
      vertex 0.7069 -49.3257 2
      vertex 0.355396 -49.3814 2
    endloop
  endfacet
  facet normal -0.93358 0.35837 0
    outer loop
      vertex 3.10605 -47.3829 2
      vertex 3.23359 -47.0507 9
      vertex 3.23359 -47.0507 2
    endloop
  endfacet
  facet normal -0.93358 0.35837 0
    outer loop
      vertex 3.23359 -47.0507 9
      vertex 3.10605 -47.3829 2
      vertex 3.10605 -47.3829 9
    endloop
  endfacet
  facet normal -0.83867 0.544639 0
    outer loop
      vertex 2.75066 -47.9985 2
      vertex 2.94449 -47.7 9
      vertex 2.94449 -47.7 2
    endloop
  endfacet
  facet normal -0.83867 0.544639 0
    outer loop
      vertex 2.94449 -47.7 9
      vertex 2.75066 -47.9985 2
      vertex 2.75066 -47.9985 9
    endloop
  endfacet
  facet normal 0 0 1
    outer loop
      vertex -3.4 -46 2
      vertex 3.4 -46 2
      vertex 3.4 -42.6 2
    endloop
  endfacet
  facet normal 0 0 1
    outer loop
      vertex 3.4 -46 2
      vertex -3.4 -46 2
      vertex 3.38137 -46.3554 2
    endloop
  endfacet
  facet normal 0 0 1
    outer loop
      vertex 3.38137 -46.3554 2
      vertex -3.4 -46 2
      vertex 3.3257 -46.7069 2
    endloop
  endfacet
  facet normal 0 0 1
    outer loop
      vertex 3.3257 -46.7069 2
      vertex -3.4 -46 2
      vertex 3.23359 -47.0507 2
    endloop
  endfacet
  facet normal 0 0 1
    outer loop
      vertex 3.23359 -47.0507 2
      vertex -3.4 -46 2
      vertex 3.10605 -47.3829 2
    endloop
  endfacet
  facet normal 0 0 1
    outer loop
      vertex 3.10605 -47.3829 2
      vertex -3.4 -46 2
      vertex 2.94449 -47.7 2
    endloop
  endfacet
  facet normal 0 0 1
    outer loop
      vertex 2.94449 -47.7 2
      vertex -3.4 -46 2
      vertex 2.75066 -47.9985 2
    endloop
  endfacet
  facet normal 0 0 1
    outer loop
      vertex 2.75066 -47.9985 2
      vertex -3.4 -46 2
      vertex 2.52669 -48.275 2
    endloop
  endfacet
  facet normal 0 0 1
    outer loop
      vertex 2.52669 -48.275 2
      vertex -3.4 -46 2
      vertex 2.27504 -48.5267 2
    endloop
  endfacet
  facet normal 0 0 1
    outer loop
      vertex 2.27504 -48.5267 2
      vertex -3.4 -46 2
      vertex 1.99847 -48.7507 2
    endloop
  endfacet
  facet normal 0 0 1
    outer loop
      vertex 1.99847 -48.7507 2
      vertex -3.4 -46 2
      vertex 1.7 -48.9445 2
    endloop
  endfacet
  facet normal 0 0 1
    outer loop
      vertex 1.7 -48.9445 2
      vertex -3.4 -46 2
      vertex 1.3829 -49.1061 2
    endloop
  endfacet
  facet normal 0 0 1
    outer loop
      vertex 1.3829 -49.1061 2
      vertex -3.4 -46 2
      vertex 1.05066 -49.2336 2
    endloop
  endfacet
  facet normal 0 0 1
    outer loop
      vertex 1.05066 -49.2336 2
      vertex -3.4 -46 2
      vertex 0.7069 -49.3257 2
    endloop
  endfacet
  facet normal 0 0 1
    outer loop
      vertex 0.7069 -49.3257 2
      vertex -3.4 -46 2
      vertex 0.355396 -49.3814 2
    endloop
  endfacet
  facet normal 0 0 1
    outer loop
      vertex 0.355396 -49.3814 2
      vertex -3.4 -46 2
      vertex -1.0969e-014 -49.4 2
    endloop
  endfacet
  facet normal 0 0 1
    outer loop
      vertex -1.0969e-014 -49.4 2
      vertex -3.4 -46 2
      vertex -0.355396 -49.3814 2
    endloop
  endfacet
  facet normal 0 0 1
    outer loop
      vertex -0.355396 -49.3814 2
      vertex -3.4 -46 2
      vertex -0.7069 -49.3257 2
    endloop
  endfacet
  facet normal 0 0 1
    outer loop
      vertex -0.7069 -49.3257 2
      vertex -3.4 -46 2
      vertex -1.05066 -49.2336 2
    endloop
  endfacet
  facet normal 0 0 1
    outer loop
      vertex -1.05066 -49.2336 2
      vertex -3.4 -46 2
      vertex -1.3829 -49.1061 2
    endloop
  endfacet
  facet normal 0 0 1
    outer loop
      vertex -1.3829 -49.1061 2
      vertex -3.4 -46 2
      vertex -1.7 -48.9445 2
    endloop
  endfacet
  facet normal 0 0 1
    outer loop
      vertex -1.7 -48.9445 2
      vertex -3.4 -46 2
      vertex -1.99847 -48.7507 2
    endloop
  endfacet
  facet normal 0 0 1
    outer loop
      vertex -1.99847 -48.7507 2
      vertex -3.4 -46 2
      vertex -2.27504 -48.5267 2
    endloop
  endfacet
  facet normal 0 0 1
    outer loop
      vertex -2.27504 -48.5267 2
      vertex -3.4 -46 2
      vertex -2.52669 -48.275 2
    endloop
  endfacet
  facet normal 0 0 1
    outer loop
      vertex -2.52669 -48.275 2
      vertex -3.4 -46 2
      vertex -2.75066 -47.9985 2
    endloop
  endfacet
  facet normal 0 0 1
    outer loop
      vertex -2.75066 -47.9985 2
      vertex -3.4 -46 2
      vertex -2.94449 -47.7 2
    endloop
  endfacet
  facet normal 0 0 1
    outer loop
      vertex -2.94449 -47.7 2
      vertex -3.4 -46 2
      vertex -3.10605 -47.3829 2
    endloop
  endfacet
  facet normal 0 0 1
    outer loop
      vertex -3.10605 -47.3829 2
      vertex -3.4 -46 2
      vertex -3.23359 -47.0507 2
    endloop
  endfacet
  facet normal 0 0 1
    outer loop
      vertex -3.23359 -47.0507 2
      vertex -3.4 -46 2
      vertex -3.3257 -46.7069 2
    endloop
  endfacet
  facet normal 0 0 1
    outer loop
      vertex -3.4 -46 2
      vertex 3.4 -42.6 2
      vertex -3.4 -42.6 2
    endloop
  endfacet
  facet normal 0 0 1
    outer loop
      vertex -3.3257 -46.7069 2
      vertex -3.4 -46 2
      vertex -3.38137 -46.3554 2
    endloop
  endfacet
  facet normal 0.987688 0.156435 0
    outer loop
      vertex -3.3257 -46.7069 9
      vertex -3.38137 -46.3554 2
      vertex -3.38137 -46.3554 9
    endloop
  endfacet
  facet normal 0.987688 0.156435 0
    outer loop
      vertex -3.38137 -46.3554 2
      vertex -3.3257 -46.7069 9
      vertex -3.3257 -46.7069 2
    endloop
  endfacet
  facet normal -0.258819 0.965926 0
    outer loop
      vertex 1.05066 -49.2336 2
      vertex 0.7069 -49.3257 9
      vertex 1.05066 -49.2336 9
    endloop
  endfacet
  facet normal -0.258819 0.965926 0
    outer loop
      vertex 0.7069 -49.3257 9
      vertex 1.05066 -49.2336 2
      vertex 0.7069 -49.3257 2
    endloop
  endfacet
  facet normal -0.544639 0.83867 0
    outer loop
      vertex 1.99847 -48.7507 2
      vertex 1.7 -48.9445 9
      vertex 1.99847 -48.7507 9
    endloop
  endfacet
  facet normal -0.544639 0.83867 0
    outer loop
      vertex 1.7 -48.9445 9
      vertex 1.99847 -48.7507 2
      vertex 1.7 -48.9445 2
    endloop
  endfacet
  facet normal -0.629319 0.777147 0
    outer loop
      vertex 2.27504 -48.5267 2
      vertex 1.99847 -48.7507 9
      vertex 2.27504 -48.5267 9
    endloop
  endfacet
  facet normal -0.629319 0.777147 0
    outer loop
      vertex 1.99847 -48.7507 9
      vertex 2.27504 -48.5267 2
      vertex 1.99847 -48.7507 2
    endloop
  endfacet
  facet normal -0.453998 0.891003 0
    outer loop
      vertex 1.7 -48.9445 2
      vertex 1.3829 -49.1061 9
      vertex 1.7 -48.9445 9
    endloop
  endfacet
  facet normal -0.453998 0.891003 0
    outer loop
      vertex 1.3829 -49.1061 9
      vertex 1.7 -48.9445 2
      vertex 1.3829 -49.1061 2
    endloop
  endfacet
  facet normal -0.987688 0.156434 0
    outer loop
      vertex 3.3257 -46.7069 2
      vertex 3.38137 -46.3554 9
      vertex 3.38137 -46.3554 2
    endloop
  endfacet
  facet normal -0.987688 0.156434 0
    outer loop
      vertex 3.38137 -46.3554 9
      vertex 3.3257 -46.7069 2
      vertex 3.3257 -46.7069 9
    endloop
  endfacet
  facet normal -0.99863 0.0523352 0
    outer loop
      vertex 3.38137 -46.3554 2
      vertex 3.4 -46 9
      vertex 3.4 -46 2
    endloop
  endfacet
  facet normal -0.99863 0.0523352 0
    outer loop
      vertex 3.4 -46 9
      vertex 3.38137 -46.3554 2
      vertex 3.38137 -46.3554 9
    endloop
  endfacet
  facet normal -0.777146 0.629321 0
    outer loop
      vertex 2.52669 -48.275 2
      vertex 2.75066 -47.9985 9
      vertex 2.75066 -47.9985 2
    endloop
  endfacet
  facet normal -0.777146 0.629321 0
    outer loop
      vertex 2.75066 -47.9985 9
      vertex 2.52669 -48.275 2
      vertex 2.52669 -48.275 9
    endloop
  endfacet
  facet normal 0.707105 0.707108 -0
    outer loop
      vertex -2.27504 -48.5267 2
      vertex -2.52669 -48.275 9
      vertex -2.27504 -48.5267 9
    endloop
  endfacet
  facet normal 0.707105 0.707108 0
    outer loop
      vertex -2.52669 -48.275 9
      vertex -2.27504 -48.5267 2
      vertex -2.52669 -48.275 2
    endloop
  endfacet
  facet normal 0.933581 0.358366 0
    outer loop
      vertex -3.10605 -47.3829 9
      vertex -3.23359 -47.0507 2
      vertex -3.23359 -47.0507 9
    endloop
  endfacet
  facet normal 0.933581 0.358366 0
    outer loop
      vertex -3.23359 -47.0507 2
      vertex -3.10605 -47.3829 9
      vertex -3.10605 -47.3829 2
    endloop
  endfacet
  facet normal -0.965926 0.258819 0
    outer loop
      vertex 3.23359 -47.0507 2
      vertex 3.3257 -46.7069 9
      vertex 3.3257 -46.7069 2
    endloop
  endfacet
  facet normal -0.965926 0.258819 0
    outer loop
      vertex 3.3257 -46.7069 9
      vertex 3.23359 -47.0507 2
      vertex 3.23359 -47.0507 9
    endloop
  endfacet
  facet normal -0.891007 0.45399 0
    outer loop
      vertex 2.94449 -47.7 2
      vertex 3.10605 -47.3829 9
      vertex 3.10605 -47.3829 2
    endloop
  endfacet
  facet normal -0.891007 0.45399 0
    outer loop
      vertex 3.10605 -47.3829 9
      vertex 2.94449 -47.7 2
      vertex 2.94449 -47.7 9
    endloop
  endfacet
  facet normal 0.156432 0.987689 -0
    outer loop
      vertex -0.355396 -49.3814 2
      vertex -0.7069 -49.3257 9
      vertex -0.355396 -49.3814 9
    endloop
  endfacet
  facet normal 0.156432 0.987689 0
    outer loop
      vertex -0.7069 -49.3257 9
      vertex -0.355396 -49.3814 2
      vertex -0.7069 -49.3257 2
    endloop
  endfacet
  facet normal 0.0523405 0.998629 -0
    outer loop
      vertex -1.0969e-014 -49.4 2
      vertex -0.355396 -49.3814 9
      vertex -1.0969e-014 -49.4 9
    endloop
  endfacet
  facet normal 0.0523405 0.998629 0
    outer loop
      vertex -0.355396 -49.3814 9
      vertex -1.0969e-014 -49.4 2
      vertex -0.355396 -49.3814 2
    endloop
  endfacet
  facet normal 0.891007 0.45399 0
    outer loop
      vertex -2.94449 -47.7 9
      vertex -3.10605 -47.3829 2
      vertex -3.10605 -47.3829 9
    endloop
  endfacet
  facet normal 0.891007 0.45399 0
    outer loop
      vertex -3.10605 -47.3829 2
      vertex -2.94449 -47.7 9
      vertex -2.94449 -47.7 2
    endloop
  endfacet
  facet normal 0.83867 0.544639 0
    outer loop
      vertex -2.75066 -47.9985 9
      vertex -2.94449 -47.7 2
      vertex -2.94449 -47.7 9
    endloop
  endfacet
  facet normal 0.83867 0.544639 0
    outer loop
      vertex -2.94449 -47.7 2
      vertex -2.75066 -47.9985 9
      vertex -2.75066 -47.9985 2
    endloop
  endfacet
  facet normal 0.629319 0.777147 -0
    outer loop
      vertex -1.99847 -48.7507 2
      vertex -2.27504 -48.5267 9
      vertex -1.99847 -48.7507 9
    endloop
  endfacet
  facet normal 0.629319 0.777147 0
    outer loop
      vertex -2.27504 -48.5267 9
      vertex -1.99847 -48.7507 2
      vertex -2.27504 -48.5267 2
    endloop
  endfacet
  facet normal 0.965926 0.258819 0
    outer loop
      vertex -3.23359 -47.0507 9
      vertex -3.3257 -46.7069 2
      vertex -3.3257 -46.7069 9
    endloop
  endfacet
  facet normal 0.965926 0.258819 0
    outer loop
      vertex -3.3257 -46.7069 2
      vertex -3.23359 -47.0507 9
      vertex -3.23359 -47.0507 2
    endloop
  endfacet
  facet normal 0.358375 0.933578 -0
    outer loop
      vertex -1.05066 -49.2336 2
      vertex -1.3829 -49.1061 9
      vertex -1.05066 -49.2336 9
    endloop
  endfacet
  facet normal 0.358375 0.933578 0
    outer loop
      vertex -1.3829 -49.1061 9
      vertex -1.05066 -49.2336 2
      vertex -1.3829 -49.1061 2
    endloop
  endfacet
  facet normal 0.453989 0.891007 -0
    outer loop
      vertex -1.3829 -49.1061 2
      vertex -1.7 -48.9445 9
      vertex -1.3829 -49.1061 9
    endloop
  endfacet
  facet normal 0.453989 0.891007 0
    outer loop
      vertex -1.7 -48.9445 9
      vertex -1.3829 -49.1061 2
      vertex -1.7 -48.9445 2
    endloop
  endfacet
  facet normal 0.258819 0.965926 -0
    outer loop
      vertex -0.7069 -49.3257 2
      vertex -1.05066 -49.2336 9
      vertex -0.7069 -49.3257 9
    endloop
  endfacet
  facet normal 0.258819 0.965926 0
    outer loop
      vertex -1.05066 -49.2336 9
      vertex -0.7069 -49.3257 2
      vertex -1.05066 -49.2336 2
    endloop
  endfacet
  facet normal 0.544639 0.83867 -0
    outer loop
      vertex -1.7 -48.9445 2
      vertex -1.99847 -48.7507 9
      vertex -1.7 -48.9445 9
    endloop
  endfacet
  facet normal 0.544639 0.83867 0
    outer loop
      vertex -1.99847 -48.7507 9
      vertex -1.7 -48.9445 2
      vertex -1.99847 -48.7507 2
    endloop
  endfacet
  facet normal 0.777146 0.629321 0
    outer loop
      vertex -2.52669 -48.275 9
      vertex -2.75066 -47.9985 2
      vertex -2.75066 -47.9985 9
    endloop
  endfacet
  facet normal 0.777146 0.629321 0
    outer loop
      vertex -2.75066 -47.9985 2
      vertex -2.52669 -48.275 9
      vertex -2.52669 -48.275 2
    endloop
  endfacet
  facet normal 0 -1 0
    outer loop
      vertex -3.4 -42.6 2
      vertex 3.4 -42.6 9
      vertex -3.4 -42.6 9
    endloop
  endfacet
  facet normal 0 -1 -0
    outer loop
      vertex 3.4 -42.6 9
      vertex -3.4 -42.6 2
      vertex 3.4 -42.6 2
    endloop
  endfacet
  facet normal -1 0 0
    outer loop
      vertex 3.4 -46 2
      vertex 3.4 -42.6 9
      vertex 3.4 -42.6 2
    endloop
  endfacet
  facet normal -1 -0 0
    outer loop
      vertex 3.4 -42.6 9
      vertex 3.4 -46 2
      vertex 3.4 -46 9
    endloop
  endfacet
  facet normal 1 -0 0
    outer loop
      vertex -3.4 -46 9
      vertex -3.4 -42.6 2
      vertex -3.4 -42.6 9
    endloop
  endfacet
  facet normal 1 0 0
    outer loop
      vertex -3.4 -42.6 2
      vertex -3.4 -46 9
      vertex -3.4 -46 2
    endloop
  endfacet
  facet normal -0.891008 0.453988 0
    outer loop
      vertex 42.7817 -24.7 2
      vertex 42.9432 -24.3829 9
      vertex 42.9432 -24.3829 2
    endloop
  endfacet
  facet normal -0.891008 0.453988 0
    outer loop
      vertex 42.9432 -24.3829 9
      vertex 42.7817 -24.7 2
      vertex 42.7817 -24.7 9
    endloop
  endfacet
  facet normal 0.453992 0.891006 -0
    outer loop
      vertex 38.4543 -26.1061 2
      vertex 38.1372 -25.9445 9
      vertex 38.4543 -26.1061 9
    endloop
  endfacet
  facet normal 0.453992 0.891006 0
    outer loop
      vertex 38.1372 -25.9445 9
      vertex 38.4543 -26.1061 2
      vertex 38.1372 -25.9445 2
    endloop
  endfacet
  facet normal -0.965926 -0.258819 0
    outer loop
      vertex 43.1629 -22.2931 2
      vertex 43.0708 -21.9493 9
      vertex 43.0708 -21.9493 2
    endloop
  endfacet
  facet normal -0.965926 -0.258819 0
    outer loop
      vertex 43.0708 -21.9493 9
      vertex 43.1629 -22.2931 2
      vertex 43.1629 -22.2931 9
    endloop
  endfacet
  facet normal -0.987687 0.156442 0
    outer loop
      vertex 43.1629 -23.7069 2
      vertex 43.2185 -23.3554 9
      vertex 43.2185 -23.3554 2
    endloop
  endfacet
  facet normal -0.987687 0.156442 0
    outer loop
      vertex 43.2185 -23.3554 9
      vertex 43.1629 -23.7069 2
      vertex 43.1629 -23.7069 9
    endloop
  endfacet
  facet normal -0.933581 0.358366 0
    outer loop
      vertex 42.9432 -24.3829 2
      vertex 43.0708 -24.0507 9
      vertex 43.0708 -24.0507 2
    endloop
  endfacet
  facet normal -0.933581 0.358366 0
    outer loop
      vertex 43.0708 -24.0507 9
      vertex 42.9432 -24.3829 2
      vertex 42.9432 -24.3829 9
    endloop
  endfacet
  facet normal -0.777146 -0.629321 0
    outer loop
      vertex 42.5878 -21.0015 2
      vertex 42.3639 -20.725 9
      vertex 42.3639 -20.725 2
    endloop
  endfacet
  facet normal -0.777146 -0.629321 0
    outer loop
      vertex 42.3639 -20.725 9
      vertex 42.5878 -21.0015 2
      vertex 42.5878 -21.0015 9
    endloop
  endfacet
  facet normal -0.891007 -0.45399 0
    outer loop
      vertex 42.9432 -21.6171 2
      vertex 42.7817 -21.3 9
      vertex 42.7817 -21.3 2
    endloop
  endfacet
  facet normal -0.891007 -0.45399 0
    outer loop
      vertex 42.7817 -21.3 9
      vertex 42.9432 -21.6171 2
      vertex 42.9432 -21.6171 9
    endloop
  endfacet
  facet normal 0 0 1
    outer loop
      vertex 43.2185 -22.6446 2
      vertex 43.2185 -23.3554 2
      vertex 43.2372 -23 2
    endloop
  endfacet
  facet normal 0 0 1
    outer loop
      vertex 43.1629 -22.2931 2
      vertex 43.2185 -23.3554 2
      vertex 43.2185 -22.6446 2
    endloop
  endfacet
  facet normal 0 0 1
    outer loop
      vertex 43.1629 -22.2931 2
      vertex 43.1629 -23.7069 2
      vertex 43.2185 -23.3554 2
    endloop
  endfacet
  facet normal 0 0 1
    outer loop
      vertex 43.0708 -21.9493 2
      vertex 43.1629 -23.7069 2
      vertex 43.1629 -22.2931 2
    endloop
  endfacet
  facet normal 0 0 1
    outer loop
      vertex 43.0708 -21.9493 2
      vertex 43.0708 -24.0507 2
      vertex 43.1629 -23.7069 2
    endloop
  endfacet
  facet normal 0 0 1
    outer loop
      vertex 42.9432 -21.6171 2
      vertex 43.0708 -24.0507 2
      vertex 43.0708 -21.9493 2
    endloop
  endfacet
  facet normal 0 0 1
    outer loop
      vertex 42.9432 -21.6171 2
      vertex 42.9432 -24.3829 2
      vertex 43.0708 -24.0507 2
    endloop
  endfacet
  facet normal 0 0 1
    outer loop
      vertex 42.7817 -21.3 2
      vertex 42.9432 -24.3829 2
      vertex 42.9432 -21.6171 2
    endloop
  endfacet
  facet normal 0 0 1
    outer loop
      vertex 42.7817 -21.3 2
      vertex 42.7817 -24.7 2
      vertex 42.9432 -24.3829 2
    endloop
  endfacet
  facet normal 0 0 1
    outer loop
      vertex 42.5878 -21.0015 2
      vertex 42.7817 -24.7 2
      vertex 42.7817 -21.3 2
    endloop
  endfacet
  facet normal 0 0 1
    outer loop
      vertex 42.5878 -21.0015 2
      vertex 42.5878 -24.9985 2
      vertex 42.7817 -24.7 2
    endloop
  endfacet
  facet normal 0 0 1
    outer loop
      vertex 42.3639 -20.725 2
      vertex 42.5878 -24.9985 2
      vertex 42.5878 -21.0015 2
    endloop
  endfacet
  facet normal 0 0 1
    outer loop
      vertex 42.3639 -20.725 2
      vertex 42.3639 -25.275 2
      vertex 42.5878 -24.9985 2
    endloop
  endfacet
  facet normal 0 0 1
    outer loop
      vertex 42.1122 -20.4733 2
      vertex 42.3639 -25.275 2
      vertex 42.3639 -20.725 2
    endloop
  endfacet
  facet normal 0 0 1
    outer loop
      vertex 42.1122 -20.4733 2
      vertex 42.1122 -25.5267 2
      vertex 42.3639 -25.275 2
    endloop
  endfacet
  facet normal 0 0 1
    outer loop
      vertex 42.1122 -20.4733 2
      vertex 41.8356 -25.7507 2
      vertex 42.1122 -25.5267 2
    endloop
  endfacet
  facet normal 0 0 1
    outer loop
      vertex 41.8356 -20.2493 2
      vertex 41.8356 -25.7507 2
      vertex 42.1122 -20.4733 2
    endloop
  endfacet
  facet normal 0 0 1
    outer loop
      vertex 41.5372 -20.0555 2
      vertex 41.8356 -25.7507 2
      vertex 41.8356 -20.2493 2
    endloop
  endfacet
  facet normal 0 0 1
    outer loop
      vertex 41.5372 -20.0555 2
      vertex 41.5372 -25.9445 2
      vertex 41.8356 -25.7507 2
    endloop
  endfacet
  facet normal 0 0 1
    outer loop
      vertex 41.5372 -20.0555 2
      vertex 41.2201 -26.1061 2
      vertex 41.5372 -25.9445 2
    endloop
  endfacet
  facet normal 0 0 1
    outer loop
      vertex 41.5372 -20.0555 2
      vertex 40.8878 -26.2336 2
      vertex 41.2201 -26.1061 2
    endloop
  endfacet
  facet normal 0 0 1
    outer loop
      vertex 41.5372 -20.0555 2
      vertex 40.5441 -26.3257 2
      vertex 40.8878 -26.2336 2
    endloop
  endfacet
  facet normal 0 0 1
    outer loop
      vertex 41.5372 -20.0555 2
      vertex 40.1926 -26.3814 2
      vertex 40.5441 -26.3257 2
    endloop
  endfacet
  facet normal 0 0 1
    outer loop
      vertex 41.5372 -20.0555 2
      vertex 39.8372 -26.4 2
      vertex 40.1926 -26.3814 2
    endloop
  endfacet
  facet normal 0 0 1
    outer loop
      vertex 41.5372 -20.0555 2
      vertex 39.4818 -26.3814 2
      vertex 39.8372 -26.4 2
    endloop
  endfacet
  facet normal 0 0 1
    outer loop
      vertex 41.5372 -20.0555 2
      vertex 39.1303 -26.3257 2
      vertex 39.4818 -26.3814 2
    endloop
  endfacet
  facet normal 0 0 1
    outer loop
      vertex 41.5372 -20.0555 2
      vertex 38.7865 -26.2336 2
      vertex 39.1303 -26.3257 2
    endloop
  endfacet
  facet normal 0 0 1
    outer loop
      vertex 38.1372 -25.9445 2
      vertex 41.5372 -20.0555 2
      vertex 38.5927 -18.3555 2
    endloop
  endfacet
  facet normal 0 0 1
    outer loop
      vertex 41.5372 -20.0555 2
      vertex 38.1372 -25.9445 2
      vertex 38.7865 -26.2336 2
    endloop
  endfacet
  facet normal 0 0 1
    outer loop
      vertex 38.7865 -26.2336 2
      vertex 38.1372 -25.9445 2
      vertex 38.4543 -26.1061 2
    endloop
  endfacet
  facet normal 0 -0 1
    outer loop
      vertex 38.1372 -25.9445 2
      vertex 38.5927 -18.3555 2
      vertex 35.1927 -24.2445 2
    endloop
  endfacet
  facet normal 0.358364 0.933582 -0
    outer loop
      vertex 38.7865 -26.2336 2
      vertex 38.4543 -26.1061 9
      vertex 38.7865 -26.2336 9
    endloop
  endfacet
  facet normal 0.358364 0.933582 0
    outer loop
      vertex 38.4543 -26.1061 9
      vertex 38.7865 -26.2336 2
      vertex 38.4543 -26.1061 2
    endloop
  endfacet
  facet normal -0.965926 0.258819 0
    outer loop
      vertex 43.0708 -24.0507 2
      vertex 43.1629 -23.7069 9
      vertex 43.1629 -23.7069 2
    endloop
  endfacet
  facet normal -0.965926 0.258819 0
    outer loop
      vertex 43.1629 -23.7069 9
      vertex 43.0708 -24.0507 2
      vertex 43.0708 -24.0507 9
    endloop
  endfacet
  facet normal -0.99863 -0.0523299 0
    outer loop
      vertex 43.2372 -23 2
      vertex 43.2185 -22.6446 9
      vertex 43.2185 -22.6446 2
    endloop
  endfacet
  facet normal -0.99863 -0.0523299 0
    outer loop
      vertex 43.2185 -22.6446 9
      vertex 43.2372 -23 2
      vertex 43.2372 -23 9
    endloop
  endfacet
  facet normal -0.987687 -0.156442 0
    outer loop
      vertex 43.2185 -22.6446 2
      vertex 43.1629 -22.2931 9
      vertex 43.1629 -22.2931 2
    endloop
  endfacet
  facet normal -0.987687 -0.156442 0
    outer loop
      vertex 43.1629 -22.2931 9
      vertex 43.2185 -22.6446 2
      vertex 43.2185 -22.6446 9
    endloop
  endfacet
  facet normal -0.99863 0.0523299 0
    outer loop
      vertex 43.2185 -23.3554 2
      vertex 43.2372 -23 9
      vertex 43.2372 -23 2
    endloop
  endfacet
  facet normal -0.99863 0.0523299 0
    outer loop
      vertex 43.2372 -23 9
      vertex 43.2185 -23.3554 2
      vertex 43.2185 -23.3554 9
    endloop
  endfacet
  facet normal -0.629319 -0.777147 0
    outer loop
      vertex 41.8356 -20.2493 2
      vertex 42.1122 -20.4733 9
      vertex 41.8356 -20.2493 9
    endloop
  endfacet
  facet normal -0.629319 -0.777147 -0
    outer loop
      vertex 42.1122 -20.4733 9
      vertex 41.8356 -20.2493 2
      vertex 42.1122 -20.4733 2
    endloop
  endfacet
  facet normal -0.544639 -0.83867 0
    outer loop
      vertex 41.5372 -20.0555 2
      vertex 41.8356 -20.2493 9
      vertex 41.5372 -20.0555 9
    endloop
  endfacet
  facet normal -0.544639 -0.83867 -0
    outer loop
      vertex 41.8356 -20.2493 9
      vertex 41.5372 -20.0555 2
      vertex 41.8356 -20.2493 2
    endloop
  endfacet
  facet normal -0.933581 -0.358366 0
    outer loop
      vertex 43.0708 -21.9493 2
      vertex 42.9432 -21.6171 9
      vertex 42.9432 -21.6171 2
    endloop
  endfacet
  facet normal -0.933581 -0.358366 0
    outer loop
      vertex 42.9432 -21.6171 9
      vertex 43.0708 -21.9493 2
      vertex 43.0708 -21.9493 9
    endloop
  endfacet
  facet normal -0.258819 0.965926 0
    outer loop
      vertex 40.8878 -26.2336 2
      vertex 40.5441 -26.3257 9
      vertex 40.8878 -26.2336 9
    endloop
  endfacet
  facet normal -0.258819 0.965926 0
    outer loop
      vertex 40.5441 -26.3257 9
      vertex 40.8878 -26.2336 2
      vertex 40.5441 -26.3257 2
    endloop
  endfacet
  facet normal 0.156438 0.987688 -0
    outer loop
      vertex 39.4818 -26.3814 2
      vertex 39.1303 -26.3257 9
      vertex 39.4818 -26.3814 9
    endloop
  endfacet
  facet normal 0.156438 0.987688 0
    outer loop
      vertex 39.1303 -26.3257 9
      vertex 39.4818 -26.3814 2
      vertex 39.1303 -26.3257 2
    endloop
  endfacet
  facet normal -0.707107 -0.707107 0
    outer loop
      vertex 42.3639 -20.725 2
      vertex 42.1122 -20.4733 9
      vertex 42.1122 -20.4733 2
    endloop
  endfacet
  facet normal -0.707107 -0.707107 0
    outer loop
      vertex 42.1122 -20.4733 9
      vertex 42.3639 -20.725 2
      vertex 42.3639 -20.725 9
    endloop
  endfacet
  facet normal -0.838672 -0.544637 0
    outer loop
      vertex 42.7817 -21.3 2
      vertex 42.5878 -21.0015 9
      vertex 42.5878 -21.0015 2
    endloop
  endfacet
  facet normal -0.838672 -0.544637 0
    outer loop
      vertex 42.5878 -21.0015 9
      vertex 42.7817 -21.3 2
      vertex 42.7817 -21.3 9
    endloop
  endfacet
  facet normal -0.777146 0.629321 0
    outer loop
      vertex 42.3639 -25.275 2
      vertex 42.5878 -24.9985 9
      vertex 42.5878 -24.9985 2
    endloop
  endfacet
  facet normal -0.777146 0.629321 0
    outer loop
      vertex 42.5878 -24.9985 9
      vertex 42.3639 -25.275 2
      vertex 42.3639 -25.275 9
    endloop
  endfacet
  facet normal -0.83867 0.544639 0
    outer loop
      vertex 42.5878 -24.9985 2
      vertex 42.7817 -24.7 9
      vertex 42.7817 -24.7 2
    endloop
  endfacet
  facet normal -0.83867 0.544639 0
    outer loop
      vertex 42.7817 -24.7 9
      vertex 42.5878 -24.9985 2
      vertex 42.5878 -24.9985 9
    endloop
  endfacet
  facet normal 0.0523346 0.99863 -0
    outer loop
      vertex 39.8372 -26.4 2
      vertex 39.4818 -26.3814 9
      vertex 39.8372 -26.4 9
    endloop
  endfacet
  facet normal 0.0523346 0.99863 0
    outer loop
      vertex 39.4818 -26.3814 9
      vertex 39.8372 -26.4 2
      vertex 39.4818 -26.3814 2
    endloop
  endfacet
  facet normal -0.0523352 0.99863 0
    outer loop
      vertex 40.1926 -26.3814 2
      vertex 39.8372 -26.4 9
      vertex 40.1926 -26.3814 9
    endloop
  endfacet
  facet normal -0.0523352 0.99863 0
    outer loop
      vertex 39.8372 -26.4 9
      vertex 40.1926 -26.3814 2
      vertex 39.8372 -26.4 2
    endloop
  endfacet
  facet normal -0.358364 0.933582 0
    outer loop
      vertex 41.2201 -26.1061 2
      vertex 40.8878 -26.2336 9
      vertex 41.2201 -26.1061 9
    endloop
  endfacet
  facet normal -0.358364 0.933582 0
    outer loop
      vertex 40.8878 -26.2336 9
      vertex 41.2201 -26.1061 2
      vertex 40.8878 -26.2336 2
    endloop
  endfacet
  facet normal 0.258819 0.965926 -0
    outer loop
      vertex 39.1303 -26.3257 2
      vertex 38.7865 -26.2336 9
      vertex 39.1303 -26.3257 9
    endloop
  endfacet
  facet normal 0.258819 0.965926 0
    outer loop
      vertex 38.7865 -26.2336 9
      vertex 39.1303 -26.3257 2
      vertex 38.7865 -26.2336 2
    endloop
  endfacet
  facet normal -0.629324 0.777143 0
    outer loop
      vertex 42.1122 -25.5267 2
      vertex 41.8356 -25.7507 9
      vertex 42.1122 -25.5267 9
    endloop
  endfacet
  facet normal -0.629324 0.777143 0
    outer loop
      vertex 41.8356 -25.7507 9
      vertex 42.1122 -25.5267 2
      vertex 41.8356 -25.7507 2
    endloop
  endfacet
  facet normal -0.544635 0.838673 0
    outer loop
      vertex 41.8356 -25.7507 2
      vertex 41.5372 -25.9445 9
      vertex 41.8356 -25.7507 9
    endloop
  endfacet
  facet normal -0.544635 0.838673 0
    outer loop
      vertex 41.5372 -25.9445 9
      vertex 41.8356 -25.7507 2
      vertex 41.5372 -25.9445 2
    endloop
  endfacet
  facet normal -0.707107 0.707107 0
    outer loop
      vertex 42.1122 -25.5267 2
      vertex 42.3639 -25.275 9
      vertex 42.3639 -25.275 2
    endloop
  endfacet
  facet normal -0.707107 0.707107 0
    outer loop
      vertex 42.3639 -25.275 9
      vertex 42.1122 -25.5267 2
      vertex 42.1122 -25.5267 9
    endloop
  endfacet
  facet normal -0.453992 0.891006 0
    outer loop
      vertex 41.5372 -25.9445 2
      vertex 41.2201 -26.1061 9
      vertex 41.5372 -25.9445 9
    endloop
  endfacet
  facet normal -0.453992 0.891006 0
    outer loop
      vertex 41.2201 -26.1061 9
      vertex 41.5372 -25.9445 2
      vertex 41.2201 -26.1061 2
    endloop
  endfacet
  facet normal -0.156438 0.987688 0
    outer loop
      vertex 40.5441 -26.3257 2
      vertex 40.1926 -26.3814 9
      vertex 40.5441 -26.3257 9
    endloop
  endfacet
  facet normal -0.156438 0.987688 0
    outer loop
      vertex 40.1926 -26.3814 9
      vertex 40.5441 -26.3257 2
      vertex 40.1926 -26.3814 2
    endloop
  endfacet
  facet normal 0.866025 -0.5 0
    outer loop
      vertex 35.1927 -24.2445 9
      vertex 38.5927 -18.3555 2
      vertex 38.5927 -18.3555 9
    endloop
  endfacet
  facet normal 0.866025 -0.5 0
    outer loop
      vertex 38.5927 -18.3555 2
      vertex 35.1927 -24.2445 9
      vertex 35.1927 -24.2445 2
    endloop
  endfacet
  facet normal -0.5 -0.866025 0
    outer loop
      vertex 38.5927 -18.3555 2
      vertex 41.5372 -20.0555 9
      vertex 38.5927 -18.3555 9
    endloop
  endfacet
  facet normal -0.5 -0.866025 -0
    outer loop
      vertex 41.5372 -20.0555 9
      vertex 38.5927 -18.3555 2
      vertex 41.5372 -20.0555 2
    endloop
  endfacet
  facet normal 0.5 0.866025 -0
    outer loop
      vertex 38.1372 -25.9445 2
      vertex 35.1927 -24.2445 9
      vertex 38.1372 -25.9445 9
    endloop
  endfacet
  facet normal 0.5 0.866025 0
    outer loop
      vertex 35.1927 -24.2445 9
      vertex 38.1372 -25.9445 2
      vertex 35.1927 -24.2445 2
    endloop
  endfacet
  facet normal -1.58585e-009 -1 0
    outer loop
      vertex 49.4 -6.04956e-015 2
      vertex 49.4 -1.20991e-014 9
      vertex 49.4 -6.04956e-015 9
    endloop
  endfacet
  facet normal -1.58585e-009 -1 -0
    outer loop
      vertex 49.4 -1.20991e-014 9
      vertex 49.4 -6.04956e-015 2
      vertex 49.4 -1.20991e-014 2
    endloop
  endfacet
  facet normal -0.0523352 0.99863 0
    outer loop
      vertex 46.3554 -3.38137 2
      vertex 46 -3.4 9
      vertex 46.3554 -3.38137 9
    endloop
  endfacet
  facet normal -0.0523352 0.99863 0
    outer loop
      vertex 46 -3.4 9
      vertex 46.3554 -3.38137 2
      vertex 46 -3.4 2
    endloop
  endfacet
  facet normal -0.156435 0.987688 0
    outer loop
      vertex 46.7069 -3.3257 2
      vertex 46.3554 -3.38137 9
      vertex 46.7069 -3.3257 9
    endloop
  endfacet
  facet normal -0.156435 0.987688 0
    outer loop
      vertex 46.3554 -3.38137 9
      vertex 46.7069 -3.3257 2
      vertex 46.3554 -3.38137 2
    endloop
  endfacet
  facet normal -0.707108 0.707105 0
    outer loop
      vertex 48.275 -2.52669 2
      vertex 48.5267 -2.27504 9
      vertex 48.5267 -2.27504 2
    endloop
  endfacet
  facet normal -0.707108 0.707105 0
    outer loop
      vertex 48.5267 -2.27504 9
      vertex 48.275 -2.52669 2
      vertex 48.275 -2.52669 9
    endloop
  endfacet
  facet normal -0.358366 0.933581 0
    outer loop
      vertex 47.3829 -3.10605 2
      vertex 47.0507 -3.23359 9
      vertex 47.3829 -3.10605 9
    endloop
  endfacet
  facet normal -0.358366 0.933581 0
    outer loop
      vertex 47.0507 -3.23359 9
      vertex 47.3829 -3.10605 2
      vertex 47.0507 -3.23359 2
    endloop
  endfacet
  facet normal -0.987689 0.156432 0
    outer loop
      vertex 49.3257 -0.7069 2
      vertex 49.3814 -0.355396 9
      vertex 49.3814 -0.355396 2
    endloop
  endfacet
  facet normal -0.987689 0.156432 0
    outer loop
      vertex 49.3814 -0.355396 9
      vertex 49.3257 -0.7069 2
      vertex 49.3257 -0.7069 9
    endloop
  endfacet
  facet normal -0.998629 0.0523405 0
    outer loop
      vertex 49.3814 -0.355396 2
      vertex 49.4 -1.20991e-014 9
      vertex 49.4 -1.20991e-014 2
    endloop
  endfacet
  facet normal -0.998629 0.0523405 0
    outer loop
      vertex 49.4 -1.20991e-014 9
      vertex 49.3814 -0.355396 2
      vertex 49.3814 -0.355396 9
    endloop
  endfacet
  facet normal -0.45399 0.891007 0
    outer loop
      vertex 47.7 -2.94449 2
      vertex 47.3829 -3.10605 9
      vertex 47.7 -2.94449 9
    endloop
  endfacet
  facet normal -0.45399 0.891007 0
    outer loop
      vertex 47.3829 -3.10605 9
      vertex 47.7 -2.94449 2
      vertex 47.3829 -3.10605 2
    endloop
  endfacet
  facet normal -0.544639 0.83867 0
    outer loop
      vertex 47.9985 -2.75066 2
      vertex 47.7 -2.94449 9
      vertex 47.9985 -2.75066 9
    endloop
  endfacet
  facet normal -0.544639 0.83867 0
    outer loop
      vertex 47.7 -2.94449 9
      vertex 47.9985 -2.75066 2
      vertex 47.7 -2.94449 2
    endloop
  endfacet
  facet normal -0.777147 0.629319 0
    outer loop
      vertex 48.5267 -2.27504 2
      vertex 48.7507 -1.99847 9
      vertex 48.7507 -1.99847 2
    endloop
  endfacet
  facet normal -0.777147 0.629319 0
    outer loop
      vertex 48.7507 -1.99847 9
      vertex 48.5267 -2.27504 2
      vertex 48.5267 -2.27504 9
    endloop
  endfacet
  facet normal -0.258819 0.965926 0
    outer loop
      vertex 47.0507 -3.23359 2
      vertex 46.7069 -3.3257 9
      vertex 47.0507 -3.23359 9
    endloop
  endfacet
  facet normal -0.258819 0.965926 0
    outer loop
      vertex 46.7069 -3.3257 9
      vertex 47.0507 -3.23359 2
      vertex 46.7069 -3.3257 2
    endloop
  endfacet
  facet normal -0.933578 0.358375 0
    outer loop
      vertex 49.1061 -1.3829 2
      vertex 49.2336 -1.05066 9
      vertex 49.2336 -1.05066 2
    endloop
  endfacet
  facet normal -0.933578 0.358375 0
    outer loop
      vertex 49.2336 -1.05066 9
      vertex 49.1061 -1.3829 2
      vertex 49.1061 -1.3829 9
    endloop
  endfacet
  facet normal -0.891007 0.453989 0
    outer loop
      vertex 48.9445 -1.7 2
      vertex 49.1061 -1.3829 9
      vertex 49.1061 -1.3829 2
    endloop
  endfacet
  facet normal -0.891007 0.453989 0
    outer loop
      vertex 49.1061 -1.3829 9
      vertex 48.9445 -1.7 2
      vertex 48.9445 -1.7 9
    endloop
  endfacet
  facet normal -0.965926 0.258819 0
    outer loop
      vertex 49.2336 -1.05066 2
      vertex 49.3257 -0.7069 9
      vertex 49.3257 -0.7069 2
    endloop
  endfacet
  facet normal -0.965926 0.258819 0
    outer loop
      vertex 49.3257 -0.7069 9
      vertex 49.2336 -1.05066 2
      vertex 49.2336 -1.05066 9
    endloop
  endfacet
  facet normal -0.83867 0.544639 0
    outer loop
      vertex 48.7507 -1.99847 2
      vertex 48.9445 -1.7 9
      vertex 48.9445 -1.7 2
    endloop
  endfacet
  facet normal -0.83867 0.544639 0
    outer loop
      vertex 48.9445 -1.7 9
      vertex 48.7507 -1.99847 2
      vertex 48.7507 -1.99847 9
    endloop
  endfacet
  facet normal -0.629321 0.777146 0
    outer loop
      vertex 48.275 -2.52669 2
      vertex 47.9985 -2.75066 9
      vertex 48.275 -2.52669 9
    endloop
  endfacet
  facet normal -0.629321 0.777146 0
    outer loop
      vertex 47.9985 -2.75066 9
      vertex 48.275 -2.52669 2
      vertex 47.9985 -2.75066 2
    endloop
  endfacet
  facet normal 1 -0 0
    outer loop
      vertex 42.6 -3.4 9
      vertex 42.6 -1.04336e-014 2
      vertex 42.6 -1.04336e-014 9
    endloop
  endfacet
  facet normal 1 0 0
    outer loop
      vertex 42.6 -1.04336e-014 2
      vertex 42.6 -3.4 9
      vertex 42.6 -3.4 2
    endloop
  endfacet
  facet normal 0 1 -0
    outer loop
      vertex 46 -3.4 2
      vertex 42.6 -3.4 9
      vertex 46 -3.4 9
    endloop
  endfacet
  facet normal 0 1 0
    outer loop
      vertex 42.6 -3.4 9
      vertex 46 -3.4 2
      vertex 42.6 -3.4 2
    endloop
  endfacet
  facet normal 0 0 1
    outer loop
      vertex 23.5588 37.2051 7.1
      vertex 33.7911 37.5288 7.1
      vertex 29.6832 40.8554 7.1
    endloop
  endfacet
  facet normal 0 0 1
    outer loop
      vertex 23.5588 39.0051 7.1
      vertex 29.6832 40.8554 7.1
      vertex 25.25 43.7343 7.1
    endloop
  endfacet
  facet normal 0 0 1
    outer loop
      vertex 23.5588 37.2051 7.1
      vertex 29.6832 40.8554 7.1
      vertex 23.8 38.1051 7.1
    endloop
  endfacet
  facet normal 0 0 1
    outer loop
      vertex 33.7911 37.5288 7.1
      vertex 23.5588 37.2051 7.1
      vertex 34.4388 36.8811 7.1
    endloop
  endfacet
  facet normal 0 0 1
    outer loop
      vertex 29.6832 40.8554 7.1
      vertex 23.5588 39.0051 7.1
      vertex 23.8 38.1051 7.1
    endloop
  endfacet
  facet normal 0 0 1
    outer loop
      vertex 25.25 43.7343 7.1
      vertex 22.9 39.664 7.1
      vertex 23.5588 39.0051 7.1
    endloop
  endfacet
  facet normal 0 0 1
    outer loop
      vertex 25.25 43.7343 7.1
      vertex 22 39.9051 7.1
      vertex 22.9 39.664 7.1
    endloop
  endfacet
  facet normal 0 0 1
    outer loop
      vertex 20.5402 46.134 7.1
      vertex 22 39.9051 7.1
      vertex 25.25 43.7343 7.1
    endloop
  endfacet
  facet normal 0 0 1
    outer loop
      vertex 22 39.9051 7.1
      vertex 20.5402 46.134 7.1
      vertex 21.1 39.664 7.1
    endloop
  endfacet
  facet normal 0 0 1
    outer loop
      vertex 20.5402 46.134 7.1
      vertex 20.4412 39.0051 7.1
      vertex 21.1 39.664 7.1
    endloop
  endfacet
  facet normal 0 0 1
    outer loop
      vertex 15.6054 48.0284 7.1
      vertex 20.4412 39.0051 7.1
      vertex 20.5402 46.134 7.1
    endloop
  endfacet
  facet normal 0 0 1
    outer loop
      vertex 14.671 48.2787 7.1
      vertex 20.4412 39.0051 7.1
      vertex 15.6054 48.0284 7.1
    endloop
  endfacet
  facet normal 0 0 1
    outer loop
      vertex 10.8156 33.287 7.1
      vertex 20.4412 39.0051 7.1
      vertex 14.671 48.2787 7.1
    endloop
  endfacet
  facet normal 0 0 1
    outer loop
      vertex 20.4412 39.0051 7.1
      vertex 10.8156 33.287 7.1
      vertex 20.2 38.1051 7.1
    endloop
  endfacet
  facet normal 0 0 1
    outer loop
      vertex 20.2 38.1051 7.1
      vertex 14.2358 31.9741 7.1
      vertex 17.5 30.3109 7.1
    endloop
  endfacet
  facet normal 0 0 1
    outer loop
      vertex 20.2 38.1051 7.1
      vertex 10.8156 33.287 7.1
      vertex 14.2358 31.9741 7.1
    endloop
  endfacet
  facet normal 0 -0 1
    outer loop
      vertex 10.8156 33.287 7.1
      vertex 14.671 48.2787 7.1
      vertex 10.1427 33.4673 7.1
    endloop
  endfacet
  facet normal 0 0 1
    outer loop
      vertex 23.4196 26.0101 7.1
      vertex 34.4388 36.8811 7.1
      vertex 23.5588 37.2051 7.1
    endloop
  endfacet
  facet normal 0 0 1
    outer loop
      vertex 34.4388 36.8811 7.1
      vertex 23.4196 26.0101 7.1
      vertex 23.8759 25.5538 7.1
    endloop
  endfacet
  facet normal -0 0 1
    outer loop
      vertex 22.9 36.5463 7.1
      vertex 23.4196 26.0101 7.1
      vertex 23.5588 37.2051 7.1
    endloop
  endfacet
  facet normal 0 0 1
    outer loop
      vertex 20.5725 28.3156 7.1
      vertex 22.9 36.5463 7.1
      vertex 22 36.3051 7.1
    endloop
  endfacet
  facet normal 0 0 1
    outer loop
      vertex 17.5 30.3109 7.1
      vertex 22 36.3051 7.1
      vertex 21.1 36.5463 7.1
    endloop
  endfacet
  facet normal 0 0 1
    outer loop
      vertex 22.9 36.5463 7.1
      vertex 20.5725 28.3156 7.1
      vertex 23.4196 26.0101 7.1
    endloop
  endfacet
  facet normal 0 0 1
    outer loop
      vertex 17.5 30.3109 7.1
      vertex 21.1 36.5463 7.1
      vertex 20.4412 37.2051 7.1
    endloop
  endfacet
  facet normal 0 0 1
    outer loop
      vertex 17.5 30.3109 7.1
      vertex 20.4412 37.2051 7.1
      vertex 20.2 38.1051 7.1
    endloop
  endfacet
  facet normal 0 0 1
    outer loop
      vertex 22 36.3051 7.1
      vertex 17.5 30.3109 7.1
      vertex 20.5725 28.3156 7.1
    endloop
  endfacet
  facet normal 0.707107 0.707107 0
    outer loop
      vertex 23.8759 25.5538 9
      vertex 23.4196 26.0101 7.1
      vertex 23.4196 26.0101 9
    endloop
  endfacet
  facet normal 0.707107 0.707107 0
    outer loop
      vertex 23.4196 26.0101 7.1
      vertex 23.8759 25.5538 9
      vertex 23.8759 25.5538 7.1
    endloop
  endfacet
  facet normal 0.358369 0.93358 -0
    outer loop
      vertex 14.2358 31.9741 7.1
      vertex 10.8156 33.287 9
      vertex 14.2358 31.9741 9
    endloop
  endfacet
  facet normal 0.358369 0.93358 0
    outer loop
      vertex 10.8156 33.287 9
      vertex 14.2358 31.9741 7.1
      vertex 10.8156 33.287 7.1
    endloop
  endfacet
  facet normal 0.258816 0.965927 -0
    outer loop
      vertex 10.8156 33.287 7.1
      vertex 10.1427 33.4673 9
      vertex 10.8156 33.287 9
    endloop
  endfacet
  facet normal 0.258816 0.965927 0
    outer loop
      vertex 10.1427 33.4673 9
      vertex 10.8156 33.287 7.1
      vertex 10.1427 33.4673 7.1
    endloop
  endfacet
  facet normal 0.544639 0.83867 -0
    outer loop
      vertex 20.5725 28.3156 7.1
      vertex 17.5 30.3109 9
      vertex 20.5725 28.3156 9
    endloop
  endfacet
  facet normal 0.544639 0.83867 0
    outer loop
      vertex 17.5 30.3109 9
      vertex 20.5725 28.3156 7.1
      vertex 17.5 30.3109 7.1
    endloop
  endfacet
  facet normal 0.45399 0.891007 -0
    outer loop
      vertex 17.5 30.3109 7.1
      vertex 14.2358 31.9741 9
      vertex 17.5 30.3109 9
    endloop
  endfacet
  facet normal 0.45399 0.891007 0
    outer loop
      vertex 14.2358 31.9741 9
      vertex 17.5 30.3109 7.1
      vertex 14.2358 31.9741 7.1
    endloop
  endfacet
  facet normal 0.62932 0.777146 -0
    outer loop
      vertex 23.4196 26.0101 7.1
      vertex 20.5725 28.3156 9
      vertex 23.4196 26.0101 9
    endloop
  endfacet
  facet normal 0.62932 0.777146 0
    outer loop
      vertex 20.5725 28.3156 9
      vertex 23.4196 26.0101 7.1
      vertex 20.5725 28.3156 7.1
    endloop
  endfacet
  facet normal -0.731354 0.681998 0
    outer loop
      vertex 23.8759 25.5538 7.1
      vertex 34.4388 36.8811 9
      vertex 34.4388 36.8811 7.1
    endloop
  endfacet
  facet normal -0.731354 0.681998 0
    outer loop
      vertex 34.4388 36.8811 9
      vertex 23.8759 25.5538 7.1
      vertex 23.8759 25.5538 9
    endloop
  endfacet
  facet normal 0.956305 -0.292372 0
    outer loop
      vertex 10.1427 33.4673 9
      vertex 14.671 48.2787 7.1
      vertex 14.671 48.2787 9
    endloop
  endfacet
  facet normal 0.956305 -0.292372 0
    outer loop
      vertex 14.671 48.2787 7.1
      vertex 10.1427 33.4673 9
      vertex 10.1427 33.4673 7.1
    endloop
  endfacet
  facet normal -0.258819 -0.965926 0
    outer loop
      vertex 22 39.9051 4
      vertex 22.9 39.664 7.1
      vertex 22 39.9051 7.1
    endloop
  endfacet
  facet normal -0.258819 -0.965926 -0
    outer loop
      vertex 22.9 39.664 7.1
      vertex 22 39.9051 4
      vertex 22.9 39.664 4
    endloop
  endfacet
  facet normal 0.707106 0.707108 -0
    outer loop
      vertex 21.1 36.5463 4
      vertex 20.4412 37.2051 7.1
      vertex 21.1 36.5463 7.1
    endloop
  endfacet
  facet normal 0.707106 0.707108 0
    outer loop
      vertex 20.4412 37.2051 7.1
      vertex 21.1 36.5463 4
      vertex 20.4412 37.2051 4
    endloop
  endfacet
  facet normal 0.965926 -0.258819 0
    outer loop
      vertex 20.2 38.1051 7.1
      vertex 20.4412 39.0051 4
      vertex 20.4412 39.0051 7.1
    endloop
  endfacet
  facet normal 0.965926 -0.258819 0
    outer loop
      vertex 20.4412 39.0051 4
      vertex 20.2 38.1051 7.1
      vertex 20.2 38.1051 4
    endloop
  endfacet
  facet normal 0.258819 -0.965926 0
    outer loop
      vertex 21.1 39.664 4
      vertex 22 39.9051 7.1
      vertex 21.1 39.664 7.1
    endloop
  endfacet
  facet normal 0.258819 -0.965926 0
    outer loop
      vertex 22 39.9051 7.1
      vertex 21.1 39.664 4
      vertex 22 39.9051 4
    endloop
  endfacet
  facet normal 0.965926 0.258818 0
    outer loop
      vertex 20.4412 37.2051 7.1
      vertex 20.2 38.1051 4
      vertex 20.2 38.1051 7.1
    endloop
  endfacet
  facet normal 0.965926 0.258818 0
    outer loop
      vertex 20.2 38.1051 4
      vertex 20.4412 37.2051 7.1
      vertex 20.4412 37.2051 4
    endloop
  endfacet
  facet normal -0.965926 0.258818 0
    outer loop
      vertex 23.5588 37.2051 4
      vertex 23.8 38.1051 7.1
      vertex 23.8 38.1051 4
    endloop
  endfacet
  facet normal -0.965926 0.258818 0
    outer loop
      vertex 23.8 38.1051 7.1
      vertex 23.5588 37.2051 4
      vertex 23.5588 37.2051 7.1
    endloop
  endfacet
  facet normal -0.965926 -0.258818 0
    outer loop
      vertex 23.8 38.1051 4
      vertex 23.5588 39.0051 7.1
      vertex 23.5588 39.0051 4
    endloop
  endfacet
  facet normal -0.965926 -0.258818 0
    outer loop
      vertex 23.5588 39.0051 7.1
      vertex 23.8 38.1051 4
      vertex 23.8 38.1051 7.1
    endloop
  endfacet
  facet normal 0.707108 -0.707106 0
    outer loop
      vertex 20.4412 39.0051 7.1
      vertex 21.1 39.664 4
      vertex 21.1 39.664 7.1
    endloop
  endfacet
  facet normal 0.707108 -0.707106 0
    outer loop
      vertex 21.1 39.664 4
      vertex 20.4412 39.0051 7.1
      vertex 20.4412 39.0051 4
    endloop
  endfacet
  facet normal -0.707106 -0.707108 0
    outer loop
      vertex 22.9 39.664 4
      vertex 23.5588 39.0051 7.1
      vertex 22.9 39.664 7.1
    endloop
  endfacet
  facet normal -0.707106 -0.707108 -0
    outer loop
      vertex 23.5588 39.0051 7.1
      vertex 22.9 39.664 4
      vertex 23.5588 39.0051 4
    endloop
  endfacet
  facet normal 0 0 1
    outer loop
      vertex 23.5588 39.0051 4
      vertex 23.5588 37.2051 4
      vertex 23.8 38.1051 4
    endloop
  endfacet
  facet normal 0 0 1
    outer loop
      vertex 22.9 39.664 4
      vertex 23.5588 37.2051 4
      vertex 23.5588 39.0051 4
    endloop
  endfacet
  facet normal 0 0 1
    outer loop
      vertex 22.9 39.664 4
      vertex 22.9 36.5463 4
      vertex 23.5588 37.2051 4
    endloop
  endfacet
  facet normal 0 0 1
    outer loop
      vertex 22 39.9051 4
      vertex 22.9 36.5463 4
      vertex 22.9 39.664 4
    endloop
  endfacet
  facet normal 0 0 1
    outer loop
      vertex 22 39.9051 4
      vertex 22 36.3051 4
      vertex 22.9 36.5463 4
    endloop
  endfacet
  facet normal -0 0 1
    outer loop
      vertex 21.1 39.664 4
      vertex 22 36.3051 4
      vertex 22 39.9051 4
    endloop
  endfacet
  facet normal 0 0 1
    outer loop
      vertex 21.1 39.664 4
      vertex 21.1 36.5463 4
      vertex 22 36.3051 4
    endloop
  endfacet
  facet normal -0 0 1
    outer loop
      vertex 20.4412 39.0051 4
      vertex 21.1 36.5463 4
      vertex 21.1 39.664 4
    endloop
  endfacet
  facet normal 0 0 1
    outer loop
      vertex 20.4412 39.0051 4
      vertex 20.4412 37.2051 4
      vertex 21.1 36.5463 4
    endloop
  endfacet
  facet normal 0 -0 1
    outer loop
      vertex 20.4412 37.2051 4
      vertex 20.4412 39.0051 4
      vertex 20.2 38.1051 4
    endloop
  endfacet
  facet normal -0.707106 0.707108 0
    outer loop
      vertex 23.5588 37.2051 4
      vertex 22.9 36.5463 7.1
      vertex 23.5588 37.2051 7.1
    endloop
  endfacet
  facet normal -0.707106 0.707108 0
    outer loop
      vertex 22.9 36.5463 7.1
      vertex 23.5588 37.2051 4
      vertex 22.9 36.5463 4
    endloop
  endfacet
  facet normal -0.258819 0.965926 0
    outer loop
      vertex 22.9 36.5463 4
      vertex 22 36.3051 7.1
      vertex 22.9 36.5463 7.1
    endloop
  endfacet
  facet normal -0.258819 0.965926 0
    outer loop
      vertex 22 36.3051 7.1
      vertex 22.9 36.5463 4
      vertex 22 36.3051 4
    endloop
  endfacet
  facet normal 0.258819 0.965926 -0
    outer loop
      vertex 22 36.3051 4
      vertex 21.1 36.5463 7.1
      vertex 22 36.3051 7.1
    endloop
  endfacet
  facet normal 0.258819 0.965926 0
    outer loop
      vertex 21.1 36.5463 7.1
      vertex 22 36.3051 4
      vertex 21.1 36.5463 4
    endloop
  endfacet
  facet normal -0.258764 -0.965731 -0.0201197
    outer loop
      vertex 23.7986 41.2204 0
      vertex 23.758 41.1501 3.9
      vertex 22.8057 41.4865 0
    endloop
  endfacet
  facet normal 0.96573 -0.258766 -0.0201196
    outer loop
      vertex 18.484 38.1051 3.9
      vertex 18.6187 38.9109 0
      vertex 18.9551 39.8631 3.9
    endloop
  endfacet
  facet normal 0.96573 -0.258767 -0.0201197
    outer loop
      vertex 18.6187 38.9109 0
      vertex 18.484 38.1051 3.9
      vertex 18.4028 38.1051 0
    endloop
  endfacet
  facet normal 0.706964 -0.706964 -0.0201196
    outer loop
      vertex 19.6115 40.6306 0
      vertex 18.9551 39.8631 3.9
      vertex 18.8847 39.9037 0
    endloop
  endfacet
  facet normal -0.706964 0.706964 -0.0201196
    outer loop
      vertex 25.0449 36.3471 3.9
      vertex 25.1153 36.3065 0
      vertex 24.3885 35.5797 0
    endloop
  endfacet
  facet normal 0.706965 0.706963 -0.0201195
    outer loop
      vertex 20.242 35.0602 3.9
      vertex 20.2014 34.9898 0
      vertex 19.4745 35.7166 0
    endloop
  endfacet
  facet normal -0.258767 -0.96573 -0.0201192
    outer loop
      vertex 22.8057 41.4865 0
      vertex 22 41.6211 3.9
      vertex 22 41.7024 0
    endloop
  endfacet
  facet normal -0.258766 -0.96573 -0.020119
    outer loop
      vertex 22 41.6211 3.9
      vertex 22.8057 41.4865 0
      vertex 23.758 41.1501 3.9
    endloop
  endfacet
  facet normal -0.96573 0.258767 -0.0201197
    outer loop
      vertex 25.3813 37.2994 0
      vertex 25.516 38.1051 3.9
      vertex 25.5972 38.1051 0
    endloop
  endfacet
  facet normal -0.96573 0.258766 -0.0201196
    outer loop
      vertex 25.516 38.1051 3.9
      vertex 25.3813 37.2994 0
      vertex 25.0449 36.3471 3.9
    endloop
  endfacet
  facet normal 0.96573 -0.258768 -0.0201193
    outer loop
      vertex 18.8847 39.9037 0
      vertex 18.9551 39.8631 3.9
      vertex 18.6187 38.9109 0
    endloop
  endfacet
  facet normal 0.258767 0.96573 -0.0201192
    outer loop
      vertex 21.1943 34.7238 0
      vertex 22 34.5891 3.9
      vertex 22 34.5079 0
    endloop
  endfacet
  facet normal 0.258766 0.96573 -0.020119
    outer loop
      vertex 22 34.5891 3.9
      vertex 21.1943 34.7238 0
      vertex 20.242 35.0602 3.9
    endloop
  endfacet
  facet normal 0.258764 0.965731 -0.0201197
    outer loop
      vertex 20.242 35.0602 3.9
      vertex 21.1943 34.7238 0
      vertex 20.2014 34.9898 0
    endloop
  endfacet
  facet normal -0.96573 0.258768 -0.0201193
    outer loop
      vertex 25.3813 37.2994 0
      vertex 25.1153 36.3065 0
      vertex 25.0449 36.3471 3.9
    endloop
  endfacet
  facet normal -0.706965 -0.706963 -0.0201195
    outer loop
      vertex 23.7986 41.2204 0
      vertex 24.5255 40.4936 0
      vertex 23.758 41.1501 3.9
    endloop
  endfacet
  facet normal 0.96573 0.258766 -0.0201197
    outer loop
      vertex 18.9551 36.3471 3.9
      vertex 18.4028 38.1051 0
      vertex 18.484 38.1051 3.9
    endloop
  endfacet
  facet normal 0.96573 0.258767 -0.0201193
    outer loop
      vertex 18.4028 38.1051 0
      vertex 18.9551 36.3471 3.9
      vertex 18.8847 36.3065 0
    endloop
  endfacet
  facet normal 0 0 -1
    outer loop
      vertex 25.0449 36.3471 3.9
      vertex 25.0449 39.8631 3.9
      vertex 25.516 38.1051 3.9
    endloop
  endfacet
  facet normal 0 0 -1
    outer loop
      vertex 23.758 35.0602 3.9
      vertex 25.0449 39.8631 3.9
      vertex 25.0449 36.3471 3.9
    endloop
  endfacet
  facet normal 0 0 -1
    outer loop
      vertex 23.758 35.0602 3.9
      vertex 23.758 41.1501 3.9
      vertex 25.0449 39.8631 3.9
    endloop
  endfacet
  facet normal 0 0 -1
    outer loop
      vertex 22 34.5891 3.9
      vertex 23.758 41.1501 3.9
      vertex 23.758 35.0602 3.9
    endloop
  endfacet
  facet normal 0 0 -1
    outer loop
      vertex 22 34.5891 3.9
      vertex 22 41.6211 3.9
      vertex 23.758 41.1501 3.9
    endloop
  endfacet
  facet normal 0 0 -1
    outer loop
      vertex 20.242 35.0602 3.9
      vertex 22 41.6211 3.9
      vertex 22 34.5891 3.9
    endloop
  endfacet
  facet normal 0 0 -1
    outer loop
      vertex 20.242 35.0602 3.9
      vertex 20.242 41.1501 3.9
      vertex 22 41.6211 3.9
    endloop
  endfacet
  facet normal 0 0 -1
    outer loop
      vertex 18.9551 36.3471 3.9
      vertex 20.242 41.1501 3.9
      vertex 20.242 35.0602 3.9
    endloop
  endfacet
  facet normal 0 0 -1
    outer loop
      vertex 18.9551 36.3471 3.9
      vertex 18.9551 39.8631 3.9
      vertex 20.242 41.1501 3.9
    endloop
  endfacet
  facet normal 0 -0 -1
    outer loop
      vertex 18.9551 39.8631 3.9
      vertex 18.9551 36.3471 3.9
      vertex 18.484 38.1051 3.9
    endloop
  endfacet
  facet normal 0.258765 -0.965731 -0.0201197
    outer loop
      vertex 22 41.7024 0
      vertex 20.242 41.1501 3.9
      vertex 20.2014 41.2204 0
    endloop
  endfacet
  facet normal 0.258766 -0.96573 -0.0201192
    outer loop
      vertex 20.242 41.1501 3.9
      vertex 22 41.7024 0
      vertex 22 41.6211 3.9
    endloop
  endfacet
  facet normal 0.706964 -0.706964 -0.0201196
    outer loop
      vertex 20.242 41.1501 3.9
      vertex 19.6115 40.6306 0
      vertex 20.2014 41.2204 0
    endloop
  endfacet
  facet normal 0.706964 -0.706964 -0.0201196
    outer loop
      vertex 19.6115 40.6306 0
      vertex 20.242 41.1501 3.9
      vertex 18.9551 39.8631 3.9
    endloop
  endfacet
  facet normal -0.258765 0.965731 -0.0201197
    outer loop
      vertex 22 34.5079 0
      vertex 23.758 35.0602 3.9
      vertex 23.7986 34.9898 0
    endloop
  endfacet
  facet normal -0.258766 0.96573 -0.0201192
    outer loop
      vertex 23.758 35.0602 3.9
      vertex 22 34.5079 0
      vertex 22 34.5891 3.9
    endloop
  endfacet
  facet normal 0.706963 0.706965 -0.0201195
    outer loop
      vertex 18.9551 36.3471 3.9
      vertex 19.4745 35.7166 0
      vertex 18.8847 36.3065 0
    endloop
  endfacet
  facet normal 0.706964 0.706964 -0.0201192
    outer loop
      vertex 19.4745 35.7166 0
      vertex 18.9551 36.3471 3.9
      vertex 20.242 35.0602 3.9
    endloop
  endfacet
  facet normal -0.706964 0.706964 -0.0201196
    outer loop
      vertex 24.3885 35.5797 0
      vertex 23.758 35.0602 3.9
      vertex 25.0449 36.3471 3.9
    endloop
  endfacet
  facet normal -0.706964 0.706964 -0.0201196
    outer loop
      vertex 23.758 35.0602 3.9
      vertex 24.3885 35.5797 0
      vertex 23.7986 34.9898 0
    endloop
  endfacet
  facet normal -0.96573 -0.258767 -0.0201193
    outer loop
      vertex 25.5972 38.1051 0
      vertex 25.0449 39.8631 3.9
      vertex 25.1153 39.9037 0
    endloop
  endfacet
  facet normal -0.96573 -0.258766 -0.0201197
    outer loop
      vertex 25.0449 39.8631 3.9
      vertex 25.5972 38.1051 0
      vertex 25.516 38.1051 3.9
    endloop
  endfacet
  facet normal -0.706963 -0.706965 -0.0201195
    outer loop
      vertex 25.0449 39.8631 3.9
      vertex 24.5255 40.4936 0
      vertex 25.1153 39.9037 0
    endloop
  endfacet
  facet normal -0.706964 -0.706964 -0.0201192
    outer loop
      vertex 24.5255 40.4936 0
      vertex 25.0449 39.8631 3.9
      vertex 23.758 41.1501 3.9
    endloop
  endfacet
  facet normal -0 0 1
    outer loop
      vertex -42.4412 0.9 7.1
      vertex -35 0 7.1
      vertex -34.8083 3.6585 7.1
    endloop
  endfacet
  facet normal 0 0 1
    outer loop
      vertex -43.1 1.55885 7.1
      vertex -34.8083 3.6585 7.1
      vertex -34.2352 7.27691 7.1
    endloop
  endfacet
  facet normal 0 0 1
    outer loop
      vertex -49.1808 11.3043 7.1
      vertex -34.2352 7.27691 7.1
      vertex -34.0896 7.8202 7.1
    endloop
  endfacet
  facet normal 0 0 1
    outer loop
      vertex -35 0 7.1
      vertex -42.4412 0.9 7.1
      vertex -42.2 5.16784e-015 7.1
    endloop
  endfacet
  facet normal 0 0 1
    outer loop
      vertex -34.8083 3.6585 7.1
      vertex -43.1 1.55885 7.1
      vertex -42.4412 0.9 7.1
    endloop
  endfacet
  facet normal 0 0 1
    outer loop
      vertex -34.2352 7.27691 7.1
      vertex -44 1.8 7.1
      vertex -43.1 1.55885 7.1
    endloop
  endfacet
  facet normal 0 0 1
    outer loop
      vertex -34.2352 7.27691 7.1
      vertex -49.1808 11.3043 7.1
      vertex -44 1.8 7.1
    endloop
  endfacet
  facet normal 0 0 1
    outer loop
      vertex -50.5 0 7.1
      vertex -45.8 5.6087e-015 7.1
      vertex -45.5588 0.9 7.1
    endloop
  endfacet
  facet normal 0 0 1
    outer loop
      vertex -44 1.8 7.1
      vertex -49.1808 11.3043 7.1
      vertex -49.3965 10.4995 7.1
    endloop
  endfacet
  facet normal -0 0 1
    outer loop
      vertex -50.2234 5.27869 7.1
      vertex -44 1.8 7.1
      vertex -49.3965 10.4995 7.1
    endloop
  endfacet
  facet normal 0 0 1
    outer loop
      vertex -44 1.8 7.1
      vertex -50.2234 5.27869 7.1
      vertex -44.9 1.55885 7.1
    endloop
  endfacet
  facet normal 0 0 1
    outer loop
      vertex -44.9 1.55885 7.1
      vertex -50.2234 5.27869 7.1
      vertex -45.5588 0.9 7.1
    endloop
  endfacet
  facet normal 0 0 1
    outer loop
      vertex -50.5 0 7.1
      vertex -45.5588 0.9 7.1
      vertex -50.2234 5.27869 7.1
    endloop
  endfacet
  facet normal 0 0 1
    outer loop
      vertex -45.8 5.6087e-015 7.1
      vertex -50.2234 -5.27869 7.1
      vertex -49.3965 -10.4995 7.1
    endloop
  endfacet
  facet normal 0 0 1
    outer loop
      vertex -45.8 5.6087e-015 7.1
      vertex -49.3965 -10.4995 7.1
      vertex -49.1297 -11.4951 7.1
    endloop
  endfacet
  facet normal 0 0 1
    outer loop
      vertex -45.8 5.6087e-015 7.1
      vertex -50.5 0 7.1
      vertex -50.2234 -5.27869 7.1
    endloop
  endfacet
  facet normal 0 0 1
    outer loop
      vertex -42.4412 -0.9 7.1
      vertex -35 0 7.1
      vertex -42.2 5.16784e-015 7.1
    endloop
  endfacet
  facet normal 0 0 1
    outer loop
      vertex -35 0 7.1
      vertex -42.4412 -0.9 7.1
      vertex -34.8083 -3.6585 7.1
    endloop
  endfacet
  facet normal -0 0 1
    outer loop
      vertex -43.1 -1.55885 7.1
      vertex -34.8083 -3.6585 7.1
      vertex -42.4412 -0.9 7.1
    endloop
  endfacet
  facet normal 0 0 1
    outer loop
      vertex -34.8083 -3.6585 7.1
      vertex -43.1 -1.55885 7.1
      vertex -34.2352 -7.27691 7.1
    endloop
  endfacet
  facet normal -0 0 1
    outer loop
      vertex -44 -1.8 7.1
      vertex -34.2352 -7.27691 7.1
      vertex -43.1 -1.55885 7.1
    endloop
  endfacet
  facet normal 0 0 1
    outer loop
      vertex -49.1297 -11.4951 7.1
      vertex -34.2352 -7.27691 7.1
      vertex -44 -1.8 7.1
    endloop
  endfacet
  facet normal 0 0 1
    outer loop
      vertex -49.1297 -11.4951 7.1
      vertex -44 -1.8 7.1
      vertex -44.9 -1.55885 7.1
    endloop
  endfacet
  facet normal 0 0 1
    outer loop
      vertex -34.2352 -7.27691 7.1
      vertex -49.1297 -11.4951 7.1
      vertex -34.0385 -8.01103 7.1
    endloop
  endfacet
  facet normal 0 0 1
    outer loop
      vertex -45.5588 -0.9 7.1
      vertex -49.1297 -11.4951 7.1
      vertex -44.9 -1.55885 7.1
    endloop
  endfacet
  facet normal 0 0 1
    outer loop
      vertex -49.1297 -11.4951 7.1
      vertex -45.5588 -0.9 7.1
      vertex -45.8 5.6087e-015 7.1
    endloop
  endfacet
  facet normal -0.99863 0.0523361 0
    outer loop
      vertex -35 0 7.1
      vertex -34.8083 3.6585 9
      vertex -34.8083 3.6585 7.1
    endloop
  endfacet
  facet normal -0.99863 0.0523361 0
    outer loop
      vertex -34.8083 3.6585 9
      vertex -35 0 7.1
      vertex -35 0 9
    endloop
  endfacet
  facet normal -0.965927 0.258815 0
    outer loop
      vertex -34.2352 7.27691 7.1
      vertex -34.0896 7.8202 9
      vertex -34.0896 7.8202 7.1
    endloop
  endfacet
  facet normal -0.965927 0.258815 0
    outer loop
      vertex -34.0896 7.8202 9
      vertex -34.2352 7.27691 7.1
      vertex -34.2352 7.27691 9
    endloop
  endfacet
  facet normal -0.987688 0.156435 0
    outer loop
      vertex -34.8083 3.6585 7.1
      vertex -34.2352 7.27691 9
      vertex -34.2352 7.27691 7.1
    endloop
  endfacet
  facet normal -0.987688 0.156435 0
    outer loop
      vertex -34.2352 7.27691 9
      vertex -34.8083 3.6585 7.1
      vertex -34.8083 3.6585 9
    endloop
  endfacet
  facet normal -0.965926 -0.258817 0
    outer loop
      vertex -34.0385 -8.01103 7.1
      vertex -34.2352 -7.27691 9
      vertex -34.2352 -7.27691 7.1
    endloop
  endfacet
  facet normal -0.965926 -0.258817 0
    outer loop
      vertex -34.2352 -7.27691 9
      vertex -34.0385 -8.01103 7.1
      vertex -34.0385 -8.01103 9
    endloop
  endfacet
  facet normal -0.99863 -0.0523361 0
    outer loop
      vertex -34.8083 -3.6585 7.1
      vertex -35 0 9
      vertex -35 0 7.1
    endloop
  endfacet
  facet normal -0.99863 -0.0523361 0
    outer loop
      vertex -35 0 9
      vertex -34.8083 -3.6585 7.1
      vertex -34.8083 -3.6585 9
    endloop
  endfacet
  facet normal -0.987688 -0.156435 0
    outer loop
      vertex -34.2352 -7.27691 7.1
      vertex -34.8083 -3.6585 9
      vertex -34.8083 -3.6585 7.1
    endloop
  endfacet
  facet normal -0.987688 -0.156435 0
    outer loop
      vertex -34.8083 -3.6585 9
      vertex -34.2352 -7.27691 7.1
      vertex -34.2352 -7.27691 9
    endloop
  endfacet
  facet normal -0.224951 -0.97437 0
    outer loop
      vertex -49.1808 11.3043 7.1
      vertex -34.0896 7.8202 9
      vertex -49.1808 11.3043 9
    endloop
  endfacet
  facet normal -0.224951 -0.97437 -0
    outer loop
      vertex -34.0896 7.8202 9
      vertex -49.1808 11.3043 7.1
      vertex -34.0896 7.8202 7.1
    endloop
  endfacet
  facet normal -0.224951 0.97437 0
    outer loop
      vertex -34.0385 -8.01103 7.1
      vertex -49.1297 -11.4951 9
      vertex -34.0385 -8.01103 9
    endloop
  endfacet
  facet normal -0.224951 0.97437 0
    outer loop
      vertex -49.1297 -11.4951 9
      vertex -34.0385 -8.01103 7.1
      vertex -49.1297 -11.4951 7.1
    endloop
  endfacet
  facet normal 0.965926 0.258819 0
    outer loop
      vertex -45.5588 -0.9 7.1
      vertex -45.8 5.6087e-015 4
      vertex -45.8 5.6087e-015 7.1
    endloop
  endfacet
  facet normal 0.965926 0.258819 0
    outer loop
      vertex -45.8 5.6087e-015 4
      vertex -45.5588 -0.9 7.1
      vertex -45.5588 -0.9 4
    endloop
  endfacet
  facet normal -0.965926 0.258819 0
    outer loop
      vertex -42.4412 -0.9 4
      vertex -42.2 5.16784e-015 7.1
      vertex -42.2 5.16784e-015 4
    endloop
  endfacet
  facet normal -0.965926 0.258819 0
    outer loop
      vertex -42.2 5.16784e-015 7.1
      vertex -42.4412 -0.9 4
      vertex -42.4412 -0.9 7.1
    endloop
  endfacet
  facet normal -0.258818 0.965926 0
    outer loop
      vertex -43.1 -1.55885 4
      vertex -44 -1.8 7.1
      vertex -43.1 -1.55885 7.1
    endloop
  endfacet
  facet normal -0.258818 0.965926 0
    outer loop
      vertex -44 -1.8 7.1
      vertex -43.1 -1.55885 4
      vertex -44 -1.8 4
    endloop
  endfacet
  facet normal 0.707108 0.707106 0
    outer loop
      vertex -44.9 -1.55885 7.1
      vertex -45.5588 -0.9 4
      vertex -45.5588 -0.9 7.1
    endloop
  endfacet
  facet normal 0.707108 0.707106 0
    outer loop
      vertex -45.5588 -0.9 4
      vertex -44.9 -1.55885 7.1
      vertex -44.9 -1.55885 4
    endloop
  endfacet
  facet normal -0.707108 0.707106 0
    outer loop
      vertex -43.1 -1.55885 4
      vertex -42.4412 -0.9 7.1
      vertex -42.4412 -0.9 4
    endloop
  endfacet
  facet normal -0.707108 0.707106 0
    outer loop
      vertex -42.4412 -0.9 7.1
      vertex -43.1 -1.55885 4
      vertex -43.1 -1.55885 7.1
    endloop
  endfacet
  facet normal 0.258819 -0.965926 0
    outer loop
      vertex -44.9 1.55885 4
      vertex -44 1.8 7.1
      vertex -44.9 1.55885 7.1
    endloop
  endfacet
  facet normal 0.258819 -0.965926 0
    outer loop
      vertex -44 1.8 7.1
      vertex -44.9 1.55885 4
      vertex -44 1.8 4
    endloop
  endfacet
  facet normal 0.707106 -0.707108 0
    outer loop
      vertex -45.5588 0.9 4
      vertex -44.9 1.55885 7.1
      vertex -45.5588 0.9 7.1
    endloop
  endfacet
  facet normal 0.707106 -0.707108 0
    outer loop
      vertex -44.9 1.55885 7.1
      vertex -45.5588 0.9 4
      vertex -44.9 1.55885 4
    endloop
  endfacet
  facet normal 0.258818 0.965926 -0
    outer loop
      vertex -44 -1.8 4
      vertex -44.9 -1.55885 7.1
      vertex -44 -1.8 7.1
    endloop
  endfacet
  facet normal 0.258818 0.965926 0
    outer loop
      vertex -44.9 -1.55885 7.1
      vertex -44 -1.8 4
      vertex -44.9 -1.55885 4
    endloop
  endfacet
  facet normal 0.965926 -0.258819 0
    outer loop
      vertex -45.8 5.6087e-015 7.1
      vertex -45.5588 0.9 4
      vertex -45.5588 0.9 7.1
    endloop
  endfacet
  facet normal 0.965926 -0.258819 0
    outer loop
      vertex -45.5588 0.9 4
      vertex -45.8 5.6087e-015 7.1
      vertex -45.8 5.6087e-015 4
    endloop
  endfacet
  facet normal 0 0 1
    outer loop
      vertex -42.4412 0.9 4
      vertex -42.4412 -0.9 4
      vertex -42.2 5.16784e-015 4
    endloop
  endfacet
  facet normal 0 0 1
    outer loop
      vertex -43.1 1.55885 4
      vertex -42.4412 -0.9 4
      vertex -42.4412 0.9 4
    endloop
  endfacet
  facet normal 0 0 1
    outer loop
      vertex -43.1 1.55885 4
      vertex -43.1 -1.55885 4
      vertex -42.4412 -0.9 4
    endloop
  endfacet
  facet normal 0 0 1
    outer loop
      vertex -44 1.8 4
      vertex -43.1 -1.55885 4
      vertex -43.1 1.55885 4
    endloop
  endfacet
  facet normal 0 0 1
    outer loop
      vertex -44 1.8 4
      vertex -44 -1.8 4
      vertex -43.1 -1.55885 4
    endloop
  endfacet
  facet normal -0 0 1
    outer loop
      vertex -44.9 1.55885 4
      vertex -44 -1.8 4
      vertex -44 1.8 4
    endloop
  endfacet
  facet normal 0 0 1
    outer loop
      vertex -44.9 1.55885 4
      vertex -44.9 -1.55885 4
      vertex -44 -1.8 4
    endloop
  endfacet
  facet normal -0 0 1
    outer loop
      vertex -45.5588 0.9 4
      vertex -44.9 -1.55885 4
      vertex -44.9 1.55885 4
    endloop
  endfacet
  facet normal 0 0 1
    outer loop
      vertex -45.5588 0.9 4
      vertex -45.5588 -0.9 4
      vertex -44.9 -1.55885 4
    endloop
  endfacet
  facet normal 0 -0 1
    outer loop
      vertex -45.5588 -0.9 4
      vertex -45.5588 0.9 4
      vertex -45.8 5.6087e-015 4
    endloop
  endfacet
  facet normal -0.258818 -0.965926 0
    outer loop
      vertex -44 1.8 4
      vertex -43.1 1.55885 7.1
      vertex -44 1.8 7.1
    endloop
  endfacet
  facet normal -0.258818 -0.965926 -0
    outer loop
      vertex -43.1 1.55885 7.1
      vertex -44 1.8 4
      vertex -43.1 1.55885 4
    endloop
  endfacet
  facet normal -0.707108 -0.707106 0
    outer loop
      vertex -42.4412 0.9 4
      vertex -43.1 1.55885 7.1
      vertex -43.1 1.55885 4
    endloop
  endfacet
  facet normal -0.707108 -0.707106 0
    outer loop
      vertex -43.1 1.55885 7.1
      vertex -42.4412 0.9 4
      vertex -42.4412 0.9 7.1
    endloop
  endfacet
  facet normal -0.965926 -0.258819 0
    outer loop
      vertex -42.2 5.16784e-015 4
      vertex -42.4412 0.9 7.1
      vertex -42.4412 0.9 4
    endloop
  endfacet
  facet normal -0.965926 -0.258819 0
    outer loop
      vertex -42.4412 0.9 7.1
      vertex -42.2 5.16784e-015 4
      vertex -42.2 5.16784e-015 7.1
    endloop
  endfacet
  facet normal 0.965731 0.258764 -0.0201192
    outer loop
      vertex -47.516 5.81884e-015 3.9
      vertex -47.3312 -0.992875 0
      vertex -47.5972 5.82879e-015 0
    endloop
  endfacet
  facet normal -0.258766 0.96573 -0.0201195
    outer loop
      vertex -43.0071 -3.33121 0
      vertex -42.242 -3.04494 3.9
      vertex -42.2014 -3.11531 0
    endloop
  endfacet
  facet normal -0.258767 0.96573 -0.0201193
    outer loop
      vertex -42.242 -3.04494 3.9
      vertex -43.0071 -3.33121 0
      vertex -44 -3.516 3.9
    endloop
  endfacet
  facet normal 0.258767 0.96573 -0.0201193
    outer loop
      vertex -44 -3.516 3.9
      vertex -44 -3.59725 0
      vertex -44.9929 -3.33121 0
    endloop
  endfacet
  facet normal -0.258767 -0.96573 -0.0201193
    outer loop
      vertex -44 3.59725 0
      vertex -43.0071 3.33121 0
      vertex -44 3.516 3.9
    endloop
  endfacet
  facet normal -0.965731 0.258764 -0.0201192
    outer loop
      vertex -40.484 4.9577e-015 3.9
      vertex -40.4028 4.94775e-015 0
      vertex -40.6688 -0.992875 0
    endloop
  endfacet
  facet normal 0.96573 0.258766 -0.0201199
    outer loop
      vertex -47.0449 -1.758 3.9
      vertex -47.3312 -0.992875 0
      vertex -47.516 5.81884e-015 3.9
    endloop
  endfacet
  facet normal 0.96573 0.258767 -0.0201197
    outer loop
      vertex -47.3312 -0.992875 0
      vertex -47.0449 -1.758 3.9
      vertex -47.1153 -1.79862 0
    endloop
  endfacet
  facet normal 0.258766 -0.96573 -0.0201195
    outer loop
      vertex -44.9929 3.33121 0
      vertex -45.758 3.04494 3.9
      vertex -45.7986 3.11531 0
    endloop
  endfacet
  facet normal 0.258767 -0.96573 -0.0201193
    outer loop
      vertex -45.758 3.04494 3.9
      vertex -44.9929 3.33121 0
      vertex -44 3.516 3.9
    endloop
  endfacet
  facet normal -0.258767 0.96573 -0.0201193
    outer loop
      vertex -44 -3.516 3.9
      vertex -43.0071 -3.33121 0
      vertex -44 -3.59725 0
    endloop
  endfacet
  facet normal -0.96573 -0.258767 -0.0201197
    outer loop
      vertex -40.6688 0.992875 0
      vertex -40.9551 1.758 3.9
      vertex -40.8847 1.79862 0
    endloop
  endfacet
  facet normal -0.96573 -0.258766 -0.0201199
    outer loop
      vertex -40.9551 1.758 3.9
      vertex -40.6688 0.992875 0
      vertex -40.484 4.9577e-015 3.9
    endloop
  endfacet
  facet normal -0.965731 -0.258764 -0.0201192
    outer loop
      vertex -40.4028 4.94775e-015 0
      vertex -40.484 4.9577e-015 3.9
      vertex -40.6688 0.992875 0
    endloop
  endfacet
  facet normal 0.258767 -0.96573 -0.0201193
    outer loop
      vertex -44 3.59725 0
      vertex -44 3.516 3.9
      vertex -44.9929 3.33121 0
    endloop
  endfacet
  facet normal 0.965731 -0.258764 -0.0201192
    outer loop
      vertex -47.3312 0.992875 0
      vertex -47.516 5.81884e-015 3.9
      vertex -47.5972 5.82879e-015 0
    endloop
  endfacet
  facet normal -0.706964 0.706964 -0.0201196
    outer loop
      vertex -40.8847 -1.79862 0
      vertex -42.242 -3.04494 3.9
      vertex -40.9551 -1.758 3.9
    endloop
  endfacet
  facet normal -0.706964 0.706964 -0.0201196
    outer loop
      vertex -42.242 -3.04494 3.9
      vertex -40.8847 -1.79862 0
      vertex -42.2014 -3.11531 0
    endloop
  endfacet
  facet normal 0 0 -1
    outer loop
      vertex -40.9551 -1.758 3.9
      vertex -40.9551 1.758 3.9
      vertex -40.484 4.9577e-015 3.9
    endloop
  endfacet
  facet normal 0 0 -1
    outer loop
      vertex -42.242 -3.04494 3.9
      vertex -40.9551 1.758 3.9
      vertex -40.9551 -1.758 3.9
    endloop
  endfacet
  facet normal 0 0 -1
    outer loop
      vertex -42.242 -3.04494 3.9
      vertex -42.242 3.04494 3.9
      vertex -40.9551 1.758 3.9
    endloop
  endfacet
  facet normal 0 0 -1
    outer loop
      vertex -44 -3.516 3.9
      vertex -42.242 3.04494 3.9
      vertex -42.242 -3.04494 3.9
    endloop
  endfacet
  facet normal 0 0 -1
    outer loop
      vertex -44 -3.516 3.9
      vertex -44 3.516 3.9
      vertex -42.242 3.04494 3.9
    endloop
  endfacet
  facet normal 0 0 -1
    outer loop
      vertex -45.758 -3.04494 3.9
      vertex -44 3.516 3.9
      vertex -44 -3.516 3.9
    endloop
  endfacet
  facet normal 0 0 -1
    outer loop
      vertex -45.758 -3.04494 3.9
      vertex -45.758 3.04494 3.9
      vertex -44 3.516 3.9
    endloop
  endfacet
  facet normal 0 0 -1
    outer loop
      vertex -47.0449 -1.758 3.9
      vertex -45.758 3.04494 3.9
      vertex -45.758 -3.04494 3.9
    endloop
  endfacet
  facet normal 0 0 -1
    outer loop
      vertex -47.0449 -1.758 3.9
      vertex -47.0449 1.758 3.9
      vertex -45.758 3.04494 3.9
    endloop
  endfacet
  facet normal 0 -0 -1
    outer loop
      vertex -47.0449 1.758 3.9
      vertex -47.0449 -1.758 3.9
      vertex -47.516 5.81884e-015 3.9
    endloop
  endfacet
  facet normal 0.706964 0.706964 -0.0201196
    outer loop
      vertex -45.758 -3.04494 3.9
      vertex -47.1153 -1.79862 0
      vertex -47.0449 -1.758 3.9
    endloop
  endfacet
  facet normal 0.706964 0.706964 -0.0201196
    outer loop
      vertex -47.1153 -1.79862 0
      vertex -45.758 -3.04494 3.9
      vertex -45.7986 -3.11531 0
    endloop
  endfacet
  facet normal 0.258767 0.96573 -0.0201193
    outer loop
      vertex -44.9929 -3.33121 0
      vertex -45.758 -3.04494 3.9
      vertex -44 -3.516 3.9
    endloop
  endfacet
  facet normal 0.258766 0.96573 -0.0201195
    outer loop
      vertex -45.758 -3.04494 3.9
      vertex -44.9929 -3.33121 0
      vertex -45.7986 -3.11531 0
    endloop
  endfacet
  facet normal -0.706964 -0.706964 -0.0201196
    outer loop
      vertex -40.8847 1.79862 0
      vertex -42.242 3.04494 3.9
      vertex -42.2014 3.11531 0
    endloop
  endfacet
  facet normal -0.706964 -0.706964 -0.0201196
    outer loop
      vertex -42.242 3.04494 3.9
      vertex -40.8847 1.79862 0
      vertex -40.9551 1.758 3.9
    endloop
  endfacet
  facet normal -0.96573 0.258766 -0.0201199
    outer loop
      vertex -40.6688 -0.992875 0
      vertex -40.9551 -1.758 3.9
      vertex -40.484 4.9577e-015 3.9
    endloop
  endfacet
  facet normal -0.96573 0.258767 -0.0201197
    outer loop
      vertex -40.9551 -1.758 3.9
      vertex -40.6688 -0.992875 0
      vertex -40.8847 -1.79862 0
    endloop
  endfacet
  facet normal -0.258767 -0.96573 -0.0201193
    outer loop
      vertex -43.0071 3.33121 0
      vertex -42.242 3.04494 3.9
      vertex -44 3.516 3.9
    endloop
  endfacet
  facet normal -0.258766 -0.96573 -0.0201195
    outer loop
      vertex -42.242 3.04494 3.9
      vertex -43.0071 3.33121 0
      vertex -42.2014 3.11531 0
    endloop
  endfacet
  facet normal 0.706964 -0.706964 -0.0201196
    outer loop
      vertex -45.758 3.04494 3.9
      vertex -47.1153 1.79862 0
      vertex -45.7986 3.11531 0
    endloop
  endfacet
  facet normal 0.706964 -0.706964 -0.0201196
    outer loop
      vertex -47.1153 1.79862 0
      vertex -45.758 3.04494 3.9
      vertex -47.0449 1.758 3.9
    endloop
  endfacet
  facet normal 0.96573 -0.258767 -0.0201197
    outer loop
      vertex -47.0449 1.758 3.9
      vertex -47.3312 0.992875 0
      vertex -47.1153 1.79862 0
    endloop
  endfacet
  facet normal 0.96573 -0.258766 -0.0201199
    outer loop
      vertex -47.3312 0.992875 0
      vertex -47.0449 1.758 3.9
      vertex -47.516 5.81884e-015 3.9
    endloop
  endfacet
  facet normal 0 0 1
    outer loop
      vertex 29.6832 -40.8554 7.1
      vertex 23.5588 -37.2051 7.1
      vertex 23.8 -38.1051 7.1
    endloop
  endfacet
  facet normal 0 0 1
    outer loop
      vertex 34.4613 -36.8586 7.1
      vertex 23.4196 -26.0101 7.1
      vertex 23.5588 -37.2051 7.1
    endloop
  endfacet
  facet normal 0 0 1
    outer loop
      vertex 23.4196 -26.0101 7.1
      vertex 22.9 -36.5463 7.1
      vertex 23.5588 -37.2051 7.1
    endloop
  endfacet
  facet normal -0 0 1
    outer loop
      vertex 20.5725 -28.3156 7.1
      vertex 22.9 -36.5463 7.1
      vertex 23.4196 -26.0101 7.1
    endloop
  endfacet
  facet normal 0 0 1
    outer loop
      vertex 22.9 -36.5463 7.1
      vertex 20.5725 -28.3156 7.1
      vertex 22 -36.3051 7.1
    endloop
  endfacet
  facet normal -0 0 1
    outer loop
      vertex 17.5 -30.3109 7.1
      vertex 22 -36.3051 7.1
      vertex 20.5725 -28.3156 7.1
    endloop
  endfacet
  facet normal 0 0 1
    outer loop
      vertex 22 -36.3051 7.1
      vertex 17.5 -30.3109 7.1
      vertex 21.1 -36.5463 7.1
    endloop
  endfacet
  facet normal 0 0 1
    outer loop
      vertex 21.1 -36.5463 7.1
      vertex 17.5 -30.3109 7.1
      vertex 20.4412 -37.2051 7.1
    endloop
  endfacet
  facet normal -0 0 1
    outer loop
      vertex 14.2358 -31.9741 7.1
      vertex 20.4412 -37.2051 7.1
      vertex 17.5 -30.3109 7.1
    endloop
  endfacet
  facet normal -0 0 1
    outer loop
      vertex 23.4196 -26.0101 7.1
      vertex 34.4613 -36.8586 7.1
      vertex 23.8984 -25.5313 7.1
    endloop
  endfacet
  facet normal 0 0 1
    outer loop
      vertex 23.5588 -37.2051 7.1
      vertex 29.6832 -40.8554 7.1
      vertex 33.7911 -37.5288 7.1
    endloop
  endfacet
  facet normal 0 0 1
    outer loop
      vertex 34.4613 -36.8586 7.1
      vertex 23.5588 -37.2051 7.1
      vertex 33.7911 -37.5288 7.1
    endloop
  endfacet
  facet normal -0 0 1
    outer loop
      vertex 23.5588 -39.0051 7.1
      vertex 29.6832 -40.8554 7.1
      vertex 23.8 -38.1051 7.1
    endloop
  endfacet
  facet normal 0 0 1
    outer loop
      vertex 29.6832 -40.8554 7.1
      vertex 23.5588 -39.0051 7.1
      vertex 25.25 -43.7343 7.1
    endloop
  endfacet
  facet normal -0 0 1
    outer loop
      vertex 22.9 -39.664 7.1
      vertex 25.25 -43.7343 7.1
      vertex 23.5588 -39.0051 7.1
    endloop
  endfacet
  facet normal -0 0 1
    outer loop
      vertex 22 -39.9051 7.1
      vertex 25.25 -43.7343 7.1
      vertex 22.9 -39.664 7.1
    endloop
  endfacet
  facet normal 0 0 1
    outer loop
      vertex 20.5402 -46.134 7.1
      vertex 22 -39.9051 7.1
      vertex 21.1 -39.664 7.1
    endloop
  endfacet
  facet normal 0 0 1
    outer loop
      vertex 22 -39.9051 7.1
      vertex 20.5402 -46.134 7.1
      vertex 25.25 -43.7343 7.1
    endloop
  endfacet
  facet normal 0 0 1
    outer loop
      vertex 20.4412 -39.0051 7.1
      vertex 20.5402 -46.134 7.1
      vertex 21.1 -39.664 7.1
    endloop
  endfacet
  facet normal 0 0 1
    outer loop
      vertex 10.8156 -33.287 7.1
      vertex 20.4412 -39.0051 7.1
      vertex 20.2 -38.1051 7.1
    endloop
  endfacet
  facet normal 0 0 1
    outer loop
      vertex 20.4412 -37.2051 7.1
      vertex 14.2358 -31.9741 7.1
      vertex 20.2 -38.1051 7.1
    endloop
  endfacet
  facet normal -0 0 1
    outer loop
      vertex 10.8156 -33.287 7.1
      vertex 20.2 -38.1051 7.1
      vertex 14.2358 -31.9741 7.1
    endloop
  endfacet
  facet normal 0 0 1
    outer loop
      vertex 20.4412 -39.0051 7.1
      vertex 15.6054 -48.0284 7.1
      vertex 20.5402 -46.134 7.1
    endloop
  endfacet
  facet normal 0 0 1
    outer loop
      vertex 20.4412 -39.0051 7.1
      vertex 10.8156 -33.287 7.1
      vertex 14.7394 -48.2604 7.1
    endloop
  endfacet
  facet normal 0 0 1
    outer loop
      vertex 20.4412 -39.0051 7.1
      vertex 14.7394 -48.2604 7.1
      vertex 15.6054 -48.0284 7.1
    endloop
  endfacet
  facet normal 0 0 1
    outer loop
      vertex 14.7394 -48.2604 7.1
      vertex 10.8156 -33.287 7.1
      vertex 10.2111 -33.449 7.1
    endloop
  endfacet
  facet normal 0.258816 -0.965927 0
    outer loop
      vertex 10.2111 -33.449 7.1
      vertex 10.8156 -33.287 9
      vertex 10.2111 -33.449 9
    endloop
  endfacet
  facet normal 0.258816 -0.965927 0
    outer loop
      vertex 10.8156 -33.287 9
      vertex 10.2111 -33.449 7.1
      vertex 10.8156 -33.287 7.1
    endloop
  endfacet
  facet normal 0.62932 -0.777146 0
    outer loop
      vertex 20.5725 -28.3156 7.1
      vertex 23.4196 -26.0101 9
      vertex 20.5725 -28.3156 9
    endloop
  endfacet
  facet normal 0.62932 -0.777146 0
    outer loop
      vertex 23.4196 -26.0101 9
      vertex 20.5725 -28.3156 7.1
      vertex 23.4196 -26.0101 7.1
    endloop
  endfacet
  facet normal 0.45399 -0.891007 0
    outer loop
      vertex 14.2358 -31.9741 7.1
      vertex 17.5 -30.3109 9
      vertex 14.2358 -31.9741 9
    endloop
  endfacet
  facet normal 0.45399 -0.891007 0
    outer loop
      vertex 17.5 -30.3109 9
      vertex 14.2358 -31.9741 7.1
      vertex 17.5 -30.3109 7.1
    endloop
  endfacet
  facet normal 0.358369 -0.93358 0
    outer loop
      vertex 10.8156 -33.287 7.1
      vertex 14.2358 -31.9741 9
      vertex 10.8156 -33.287 9
    endloop
  endfacet
  facet normal 0.358369 -0.93358 0
    outer loop
      vertex 14.2358 -31.9741 9
      vertex 10.8156 -33.287 7.1
      vertex 14.2358 -31.9741 7.1
    endloop
  endfacet
  facet normal 0.707105 -0.707108 0
    outer loop
      vertex 23.4196 -26.0101 7.1
      vertex 23.8984 -25.5313 9
      vertex 23.4196 -26.0101 9
    endloop
  endfacet
  facet normal 0.707105 -0.707108 0
    outer loop
      vertex 23.8984 -25.5313 9
      vertex 23.4196 -26.0101 7.1
      vertex 23.8984 -25.5313 7.1
    endloop
  endfacet
  facet normal 0.544639 -0.83867 0
    outer loop
      vertex 17.5 -30.3109 7.1
      vertex 20.5725 -28.3156 9
      vertex 17.5 -30.3109 9
    endloop
  endfacet
  facet normal 0.544639 -0.83867 0
    outer loop
      vertex 20.5725 -28.3156 9
      vertex 17.5 -30.3109 7.1
      vertex 20.5725 -28.3156 7.1
    endloop
  endfacet
  facet normal 0.956305 0.292372 0
    outer loop
      vertex 14.7394 -48.2604 9
      vertex 10.2111 -33.449 7.1
      vertex 10.2111 -33.449 9
    endloop
  endfacet
  facet normal 0.956305 0.292372 0
    outer loop
      vertex 10.2111 -33.449 7.1
      vertex 14.7394 -48.2604 9
      vertex 14.7394 -48.2604 7.1
    endloop
  endfacet
  facet normal -0.731354 -0.681998 0
    outer loop
      vertex 34.4613 -36.8586 7.1
      vertex 23.8984 -25.5313 9
      vertex 23.8984 -25.5313 7.1
    endloop
  endfacet
  facet normal -0.731354 -0.681998 0
    outer loop
      vertex 23.8984 -25.5313 9
      vertex 34.4613 -36.8586 7.1
      vertex 34.4613 -36.8586 9
    endloop
  endfacet
  facet normal -0.707106 0.707108 0
    outer loop
      vertex 23.5588 -39.0051 4
      vertex 22.9 -39.664 7.1
      vertex 23.5588 -39.0051 7.1
    endloop
  endfacet
  facet normal -0.707106 0.707108 0
    outer loop
      vertex 22.9 -39.664 7.1
      vertex 23.5588 -39.0051 4
      vertex 22.9 -39.664 4
    endloop
  endfacet
  facet normal 0.258819 -0.965926 0
    outer loop
      vertex 21.1 -36.5463 4
      vertex 22 -36.3051 7.1
      vertex 21.1 -36.5463 7.1
    endloop
  endfacet
  facet normal 0.258819 -0.965926 0
    outer loop
      vertex 22 -36.3051 7.1
      vertex 21.1 -36.5463 4
      vertex 22 -36.3051 4
    endloop
  endfacet
  facet normal -0.707106 -0.707108 0
    outer loop
      vertex 22.9 -36.5463 4
      vertex 23.5588 -37.2051 7.1
      vertex 22.9 -36.5463 7.1
    endloop
  endfacet
  facet normal -0.707106 -0.707108 -0
    outer loop
      vertex 23.5588 -37.2051 7.1
      vertex 22.9 -36.5463 4
      vertex 23.5588 -37.2051 4
    endloop
  endfacet
  facet normal -0.965926 0.258818 0
    outer loop
      vertex 23.5588 -39.0051 4
      vertex 23.8 -38.1051 7.1
      vertex 23.8 -38.1051 4
    endloop
  endfacet
  facet normal -0.965926 0.258818 0
    outer loop
      vertex 23.8 -38.1051 7.1
      vertex 23.5588 -39.0051 4
      vertex 23.5588 -39.0051 7.1
    endloop
  endfacet
  facet normal -0.258819 -0.965926 0
    outer loop
      vertex 22 -36.3051 4
      vertex 22.9 -36.5463 7.1
      vertex 22 -36.3051 7.1
    endloop
  endfacet
  facet normal -0.258819 -0.965926 -0
    outer loop
      vertex 22.9 -36.5463 7.1
      vertex 22 -36.3051 4
      vertex 22.9 -36.5463 4
    endloop
  endfacet
  facet normal 0.707108 0.707106 0
    outer loop
      vertex 21.1 -39.664 7.1
      vertex 20.4412 -39.0051 4
      vertex 20.4412 -39.0051 7.1
    endloop
  endfacet
  facet normal 0.707108 0.707106 0
    outer loop
      vertex 20.4412 -39.0051 4
      vertex 21.1 -39.664 7.1
      vertex 21.1 -39.664 4
    endloop
  endfacet
  facet normal 0.258819 0.965926 -0
    outer loop
      vertex 22 -39.9051 4
      vertex 21.1 -39.664 7.1
      vertex 22 -39.9051 7.1
    endloop
  endfacet
  facet normal 0.258819 0.965926 0
    outer loop
      vertex 21.1 -39.664 7.1
      vertex 22 -39.9051 4
      vertex 21.1 -39.664 4
    endloop
  endfacet
  facet normal -0.965926 -0.258818 0
    outer loop
      vertex 23.8 -38.1051 4
      vertex 23.5588 -37.2051 7.1
      vertex 23.5588 -37.2051 4
    endloop
  endfacet
  facet normal -0.965926 -0.258818 0
    outer loop
      vertex 23.5588 -37.2051 7.1
      vertex 23.8 -38.1051 4
      vertex 23.8 -38.1051 7.1
    endloop
  endfacet
  facet normal -0.258819 0.965926 0
    outer loop
      vertex 22.9 -39.664 4
      vertex 22 -39.9051 7.1
      vertex 22.9 -39.664 7.1
    endloop
  endfacet
  facet normal -0.258819 0.965926 0
    outer loop
      vertex 22 -39.9051 7.1
      vertex 22.9 -39.664 4
      vertex 22 -39.9051 4
    endloop
  endfacet
  facet normal 0 0 1
    outer loop
      vertex 23.5588 -37.2051 4
      vertex 23.5588 -39.0051 4
      vertex 23.8 -38.1051 4
    endloop
  endfacet
  facet normal 0 0 1
    outer loop
      vertex 22.9 -36.5463 4
      vertex 23.5588 -39.0051 4
      vertex 23.5588 -37.2051 4
    endloop
  endfacet
  facet normal 0 0 1
    outer loop
      vertex 22.9 -36.5463 4
      vertex 22.9 -39.664 4
      vertex 23.5588 -39.0051 4
    endloop
  endfacet
  facet normal 0 0 1
    outer loop
      vertex 22 -36.3051 4
      vertex 22.9 -39.664 4
      vertex 22.9 -36.5463 4
    endloop
  endfacet
  facet normal 0 0 1
    outer loop
      vertex 22 -36.3051 4
      vertex 22 -39.9051 4
      vertex 22.9 -39.664 4
    endloop
  endfacet
  facet normal -0 0 1
    outer loop
      vertex 21.1 -36.5463 4
      vertex 22 -39.9051 4
      vertex 22 -36.3051 4
    endloop
  endfacet
  facet normal 0 0 1
    outer loop
      vertex 21.1 -36.5463 4
      vertex 21.1 -39.664 4
      vertex 22 -39.9051 4
    endloop
  endfacet
  facet normal -0 0 1
    outer loop
      vertex 20.4412 -37.2051 4
      vertex 21.1 -39.664 4
      vertex 21.1 -36.5463 4
    endloop
  endfacet
  facet normal 0 0 1
    outer loop
      vertex 20.4412 -37.2051 4
      vertex 20.4412 -39.0051 4
      vertex 21.1 -39.664 4
    endloop
  endfacet
  facet normal 0 -0 1
    outer loop
      vertex 20.4412 -39.0051 4
      vertex 20.4412 -37.2051 4
      vertex 20.2 -38.1051 4
    endloop
  endfacet
  facet normal 0.965926 0.258819 0
    outer loop
      vertex 20.4412 -39.0051 7.1
      vertex 20.2 -38.1051 4
      vertex 20.2 -38.1051 7.1
    endloop
  endfacet
  facet normal 0.965926 0.258819 0
    outer loop
      vertex 20.2 -38.1051 4
      vertex 20.4412 -39.0051 7.1
      vertex 20.4412 -39.0051 4
    endloop
  endfacet
  facet normal 0.965926 -0.258818 0
    outer loop
      vertex 20.2 -38.1051 7.1
      vertex 20.4412 -37.2051 4
      vertex 20.4412 -37.2051 7.1
    endloop
  endfacet
  facet normal 0.965926 -0.258818 0
    outer loop
      vertex 20.4412 -37.2051 4
      vertex 20.2 -38.1051 7.1
      vertex 20.2 -38.1051 4
    endloop
  endfacet
  facet normal 0.707106 -0.707108 0
    outer loop
      vertex 20.4412 -37.2051 4
      vertex 21.1 -36.5463 7.1
      vertex 20.4412 -37.2051 7.1
    endloop
  endfacet
  facet normal 0.707106 -0.707108 0
    outer loop
      vertex 21.1 -36.5463 7.1
      vertex 20.4412 -37.2051 4
      vertex 21.1 -36.5463 4
    endloop
  endfacet
  facet normal -0.706965 0.706963 -0.0201195
    outer loop
      vertex 24.5255 -40.4936 0
      vertex 23.7986 -41.2204 0
      vertex 23.758 -41.1501 3.9
    endloop
  endfacet
  facet normal -0.706964 -0.706964 -0.0201196
    outer loop
      vertex 24.3885 -35.5797 0
      vertex 23.758 -35.0602 3.9
      vertex 23.7986 -34.9898 0
    endloop
  endfacet
  facet normal -0.706964 -0.706964 -0.0201196
    outer loop
      vertex 23.758 -35.0602 3.9
      vertex 24.3885 -35.5797 0
      vertex 25.0449 -36.3471 3.9
    endloop
  endfacet
  facet normal -0.96573 -0.258768 -0.0201193
    outer loop
      vertex 25.1153 -36.3065 0
      vertex 25.3813 -37.2994 0
      vertex 25.0449 -36.3471 3.9
    endloop
  endfacet
  facet normal 0.96573 0.258768 -0.0201193
    outer loop
      vertex 18.9551 -39.8631 3.9
      vertex 18.8847 -39.9037 0
      vertex 18.6187 -38.9109 0
    endloop
  endfacet
  facet normal 0.258764 -0.965731 -0.0201197
    outer loop
      vertex 21.1943 -34.7238 0
      vertex 20.242 -35.0602 3.9
      vertex 20.2014 -34.9898 0
    endloop
  endfacet
  facet normal -0.706963 0.706965 -0.0201195
    outer loop
      vertex 24.5255 -40.4936 0
      vertex 25.0449 -39.8631 3.9
      vertex 25.1153 -39.9037 0
    endloop
  endfacet
  facet normal -0.706964 0.706964 -0.0201192
    outer loop
      vertex 25.0449 -39.8631 3.9
      vertex 24.5255 -40.4936 0
      vertex 23.758 -41.1501 3.9
    endloop
  endfacet
  facet normal 0.706964 0.706964 -0.0201196
    outer loop
      vertex 20.242 -41.1501 3.9
      vertex 19.6115 -40.6306 0
      vertex 18.9551 -39.8631 3.9
    endloop
  endfacet
  facet normal 0.706964 0.706964 -0.0201196
    outer loop
      vertex 19.6115 -40.6306 0
      vertex 20.242 -41.1501 3.9
      vertex 20.2014 -41.2204 0
    endloop
  endfacet
  facet normal -0.706964 -0.706964 -0.0201196
    outer loop
      vertex 25.1153 -36.3065 0
      vertex 25.0449 -36.3471 3.9
      vertex 24.3885 -35.5797 0
    endloop
  endfacet
  facet normal 0.706964 -0.706964 -0.0201192
    outer loop
      vertex 18.9551 -36.3471 3.9
      vertex 19.4745 -35.7166 0
      vertex 20.242 -35.0602 3.9
    endloop
  endfacet
  facet normal 0.706963 -0.706965 -0.0201195
    outer loop
      vertex 19.4745 -35.7166 0
      vertex 18.9551 -36.3471 3.9
      vertex 18.8847 -36.3065 0
    endloop
  endfacet
  facet normal 0.706965 -0.706963 -0.0201195
    outer loop
      vertex 20.2014 -34.9898 0
      vertex 20.242 -35.0602 3.9
      vertex 19.4745 -35.7166 0
    endloop
  endfacet
  facet normal 0.706964 0.706964 -0.0201196
    outer loop
      vertex 18.9551 -39.8631 3.9
      vertex 19.6115 -40.6306 0
      vertex 18.8847 -39.9037 0
    endloop
  endfacet
  facet normal -0.258764 0.965731 -0.0201197
    outer loop
      vertex 23.758 -41.1501 3.9
      vertex 23.7986 -41.2204 0
      vertex 22.8057 -41.4865 0
    endloop
  endfacet
  facet normal -0.258766 -0.96573 -0.0201192
    outer loop
      vertex 22 -34.5079 0
      vertex 23.758 -35.0602 3.9
      vertex 22 -34.5891 3.9
    endloop
  endfacet
  facet normal -0.258765 -0.965731 -0.0201197
    outer loop
      vertex 23.758 -35.0602 3.9
      vertex 22 -34.5079 0
      vertex 23.7986 -34.9898 0
    endloop
  endfacet
  facet normal 0 0 -1
    outer loop
      vertex 25.0449 -39.8631 3.9
      vertex 25.0449 -36.3471 3.9
      vertex 25.516 -38.1051 3.9
    endloop
  endfacet
  facet normal 0 0 -1
    outer loop
      vertex 23.758 -41.1501 3.9
      vertex 25.0449 -36.3471 3.9
      vertex 25.0449 -39.8631 3.9
    endloop
  endfacet
  facet normal 0 0 -1
    outer loop
      vertex 23.758 -41.1501 3.9
      vertex 23.758 -35.0602 3.9
      vertex 25.0449 -36.3471 3.9
    endloop
  endfacet
  facet normal 0 0 -1
    outer loop
      vertex 22 -41.6211 3.9
      vertex 23.758 -35.0602 3.9
      vertex 23.758 -41.1501 3.9
    endloop
  endfacet
  facet normal 0 0 -1
    outer loop
      vertex 22 -41.6211 3.9
      vertex 22 -34.5891 3.9
      vertex 23.758 -35.0602 3.9
    endloop
  endfacet
  facet normal 0 0 -1
    outer loop
      vertex 20.242 -41.1501 3.9
      vertex 22 -34.5891 3.9
      vertex 22 -41.6211 3.9
    endloop
  endfacet
  facet normal 0 0 -1
    outer loop
      vertex 20.242 -41.1501 3.9
      vertex 20.242 -35.0602 3.9
      vertex 22 -34.5891 3.9
    endloop
  endfacet
  facet normal 0 0 -1
    outer loop
      vertex 18.9551 -39.8631 3.9
      vertex 20.242 -35.0602 3.9
      vertex 20.242 -41.1501 3.9
    endloop
  endfacet
  facet normal 0 0 -1
    outer loop
      vertex 18.9551 -39.8631 3.9
      vertex 18.9551 -36.3471 3.9
      vertex 20.242 -35.0602 3.9
    endloop
  endfacet
  facet normal 0 -0 -1
    outer loop
      vertex 18.9551 -36.3471 3.9
      vertex 18.9551 -39.8631 3.9
      vertex 18.484 -38.1051 3.9
    endloop
  endfacet
  facet normal -0.96573 0.258766 -0.0201197
    outer loop
      vertex 25.5972 -38.1051 0
      vertex 25.0449 -39.8631 3.9
      vertex 25.516 -38.1051 3.9
    endloop
  endfacet
  facet normal -0.96573 0.258767 -0.0201193
    outer loop
      vertex 25.0449 -39.8631 3.9
      vertex 25.5972 -38.1051 0
      vertex 25.1153 -39.9037 0
    endloop
  endfacet
  facet normal -0.96573 -0.258767 -0.0201197
    outer loop
      vertex 25.516 -38.1051 3.9
      vertex 25.3813 -37.2994 0
      vertex 25.5972 -38.1051 0
    endloop
  endfacet
  facet normal -0.96573 -0.258766 -0.0201196
    outer loop
      vertex 25.3813 -37.2994 0
      vertex 25.516 -38.1051 3.9
      vertex 25.0449 -36.3471 3.9
    endloop
  endfacet
  facet normal 0.96573 -0.258766 -0.0201197
    outer loop
      vertex 18.4028 -38.1051 0
      vertex 18.9551 -36.3471 3.9
      vertex 18.484 -38.1051 3.9
    endloop
  endfacet
  facet normal 0.96573 -0.258767 -0.0201193
    outer loop
      vertex 18.9551 -36.3471 3.9
      vertex 18.4028 -38.1051 0
      vertex 18.8847 -36.3065 0
    endloop
  endfacet
  facet normal 0.258766 -0.96573 -0.020119
    outer loop
      vertex 21.1943 -34.7238 0
      vertex 22 -34.5891 3.9
      vertex 20.242 -35.0602 3.9
    endloop
  endfacet
  facet normal 0.258767 -0.96573 -0.0201192
    outer loop
      vertex 22 -34.5891 3.9
      vertex 21.1943 -34.7238 0
      vertex 22 -34.5079 0
    endloop
  endfacet
  facet normal 0.96573 0.258767 -0.0201197
    outer loop
      vertex 18.484 -38.1051 3.9
      vertex 18.6187 -38.9109 0
      vertex 18.4028 -38.1051 0
    endloop
  endfacet
  facet normal 0.96573 0.258766 -0.0201196
    outer loop
      vertex 18.6187 -38.9109 0
      vertex 18.484 -38.1051 3.9
      vertex 18.9551 -39.8631 3.9
    endloop
  endfacet
  facet normal 0.258766 0.96573 -0.0201192
    outer loop
      vertex 22 -41.7024 0
      vertex 20.242 -41.1501 3.9
      vertex 22 -41.6211 3.9
    endloop
  endfacet
  facet normal 0.258765 0.965731 -0.0201197
    outer loop
      vertex 20.242 -41.1501 3.9
      vertex 22 -41.7024 0
      vertex 20.2014 -41.2204 0
    endloop
  endfacet
  facet normal -0.258766 0.96573 -0.020119
    outer loop
      vertex 22.8057 -41.4865 0
      vertex 22 -41.6211 3.9
      vertex 23.758 -41.1501 3.9
    endloop
  endfacet
  facet normal -0.258767 0.96573 -0.0201192
    outer loop
      vertex 22 -41.6211 3.9
      vertex 22.8057 -41.4865 0
      vertex 22 -41.7024 0
    endloop
  endfacet
  facet normal -0.99863 0.0523363 0
    outer loop
      vertex -8 0 0
      vertex -7.95617 0.836227 9
      vertex -7.95617 0.836227 0
    endloop
  endfacet
  facet normal -0.99863 0.0523363 0
    outer loop
      vertex -7.95617 0.836227 9
      vertex -8 0 0
      vertex -8 0 9
    endloop
  endfacet
  facet normal 0.0523363 0.99863 -0
    outer loop
      vertex 0.836227 7.95617 0
      vertex 0 8 9
      vertex 0.836227 7.95617 9
    endloop
  endfacet
  facet normal 0.0523363 0.99863 0
    outer loop
      vertex 0 8 9
      vertex 0.836227 7.95617 0
      vertex 0 8 0
    endloop
  endfacet
  facet normal -0.0523363 -0.99863 0
    outer loop
      vertex -0.836227 -7.95617 0
      vertex 0 -8 9
      vertex -0.836227 -7.95617 9
    endloop
  endfacet
  facet normal -0.0523363 -0.99863 -0
    outer loop
      vertex 0 -8 9
      vertex -0.836227 -7.95617 0
      vertex 0 -8 0
    endloop
  endfacet
  facet normal 0.707107 0.707107 0
    outer loop
      vertex 5.94516 5.35304 9
      vertex 5.35304 5.94516 0
      vertex 5.35304 5.94516 9
    endloop
  endfacet
  facet normal 0.707107 0.707107 0
    outer loop
      vertex 5.35304 5.94516 0
      vertex 5.94516 5.35304 9
      vertex 5.94516 5.35304 0
    endloop
  endfacet
  facet normal -0.987688 -0.156435 0
    outer loop
      vertex -7.82518 -1.66329 0
      vertex -7.95617 -0.836227 9
      vertex -7.95617 -0.836227 0
    endloop
  endfacet
  facet normal -0.987688 -0.156435 0
    outer loop
      vertex -7.95617 -0.836227 9
      vertex -7.82518 -1.66329 0
      vertex -7.82518 -1.66329 9
    endloop
  endfacet
  facet normal -0 0 -1
    outer loop
      vertex -28.8834 27.3617 0
      vertex -43.7343 25.25 0
      vertex -28.9765 27.4294 0
    endloop
  endfacet
  facet normal -0 0 -1
    outer loop
      vertex -28.9765 27.4294 0
      vertex -43.7343 25.25 0
      vertex -29.0621 27.5065 0
    endloop
  endfacet
  facet normal 0 0 -1
    outer loop
      vertex -29.2068 27.6852 0
      vertex -40.8554 29.6832 0
      vertex -37.5288 33.7911 0
    endloop
  endfacet
  facet normal -0 0 -1
    outer loop
      vertex -29.0621 27.5065 0
      vertex -43.7343 25.25 0
      vertex -29.1391 27.592 0
    endloop
  endfacet
  facet normal 0 0 -1
    outer loop
      vertex -48.0284 15.6054 0
      vertex -42.2014 3.11531 0
      vertex -43.0071 3.33121 0
    endloop
  endfacet
  facet normal -0 0 -1
    outer loop
      vertex -29.2068 27.6852 0
      vertex -43.7343 25.25 0
      vertex -40.8554 29.6832 0
    endloop
  endfacet
  facet normal 0 0 -1
    outer loop
      vertex -48.0284 15.6054 0
      vertex -43.0071 3.33121 0
      vertex -44 3.59725 0
    endloop
  endfacet
  facet normal 0 0 -1
    outer loop
      vertex -49.3965 10.4995 0
      vertex -44 3.59725 0
      vertex -44.9929 3.33121 0
    endloop
  endfacet
  facet normal 0 0 -1
    outer loop
      vertex -49.3965 10.4995 0
      vertex -44.9929 3.33121 0
      vertex -45.7986 3.11531 0
    endloop
  endfacet
  facet normal -0 0 -1
    outer loop
      vertex -29.1391 27.592 0
      vertex -43.7343 25.25 0
      vertex -29.2068 27.6852 0
    endloop
  endfacet
  facet normal 0 0 -1
    outer loop
      vertex -50.2234 5.27869 0
      vertex -45.7986 3.11531 0
      vertex -47.1153 1.79862 0
    endloop
  endfacet
  facet normal 0 0 -1
    outer loop
      vertex -50.5 0 0
      vertex -47.1153 1.79862 0
      vertex -47.3312 0.992875 0
    endloop
  endfacet
  facet normal 0 0 -1
    outer loop
      vertex -50.5 0 0
      vertex -47.3312 0.992875 0
      vertex -47.5972 5.82879e-015 0
    endloop
  endfacet
  facet normal 0 0 -1
    outer loop
      vertex -42.2014 3.11531 0
      vertex -48.0284 15.6054 0
      vertex -46.134 20.5402 0
    endloop
  endfacet
  facet normal 0 0 -1
    outer loop
      vertex -50.5 0 0
      vertex -47.1153 -1.79862 0
      vertex -50.2234 -5.27869 0
    endloop
  endfacet
  facet normal 0 0 -1
    outer loop
      vertex -47.1153 -1.79862 0
      vertex -50.5 0 0
      vertex -47.3312 -0.992875 0
    endloop
  endfacet
  facet normal 0 0 -1
    outer loop
      vertex -44 3.59725 0
      vertex -49.3965 10.4995 0
      vertex -48.0284 15.6054 0
    endloop
  endfacet
  facet normal 0 0 -1
    outer loop
      vertex -47.3312 -0.992875 0
      vertex -50.5 0 0
      vertex -47.5972 5.82879e-015 0
    endloop
  endfacet
  facet normal 0 0 -1
    outer loop
      vertex -45.7986 3.11531 0
      vertex -50.2234 5.27869 0
      vertex -49.3965 10.4995 0
    endloop
  endfacet
  facet normal -0 0 -1
    outer loop
      vertex -47.1153 1.79862 0
      vertex -50.5 0 0
      vertex -50.2234 5.27869 0
    endloop
  endfacet
  facet normal 0 0 -1
    outer loop
      vertex -27.6852 -27.3617 0
      vertex -17.9098 -16.126 0
      vertex -27.592 -27.4294 0
    endloop
  endfacet
  facet normal 0 0 -1
    outer loop
      vertex -24.1 0 0
      vertex -27.1978 28.1122 0
      vertex -27.1858 28.2267 0
    endloop
  endfacet
  facet normal 0 0 -1
    outer loop
      vertex -27.7849 -27.3042 0
      vertex -17.9098 -16.126 0
      vertex -27.6852 -27.3617 0
    endloop
  endfacet
  facet normal 0 0 -1
    outer loop
      vertex -24.1 0 0
      vertex -27.2218 27.9996 0
      vertex -27.1978 28.1122 0
    endloop
  endfacet
  facet normal 0 0 -1
    outer loop
      vertex -27.8901 -27.2573 0
      vertex -17.9098 -16.126 0
      vertex -27.7849 -27.3042 0
    endloop
  endfacet
  facet normal 0 0 -1
    outer loop
      vertex -24.1 0 0
      vertex -27.2573 27.8901 0
      vertex -27.2218 27.9996 0
    endloop
  endfacet
  facet normal -0 0 -1
    outer loop
      vertex -17.9098 -16.126 0
      vertex -27.8901 -27.2573 0
      vertex -19.4973 -14.1656 0
    endloop
  endfacet
  facet normal 0 0 -1
    outer loop
      vertex -24.1 0 0
      vertex -27.3042 27.7849 0
      vertex -27.2573 27.8901 0
    endloop
  endfacet
  facet normal 0 0 -1
    outer loop
      vertex -27.9996 -27.2218 0
      vertex -19.4973 -14.1656 0
      vertex -27.8901 -27.2573 0
    endloop
  endfacet
  facet normal 0 0 -1
    outer loop
      vertex -24.1 0 0
      vertex -27.3617 27.6852 0
      vertex -27.3042 27.7849 0
    endloop
  endfacet
  facet normal 0 0 -1
    outer loop
      vertex -28.1122 -27.1978 0
      vertex -19.4973 -14.1656 0
      vertex -27.9996 -27.2218 0
    endloop
  endfacet
  facet normal 0 0 -1
    outer loop
      vertex -24.1 0 0
      vertex -27.4294 27.592 0
      vertex -27.3617 27.6852 0
    endloop
  endfacet
  facet normal 0 0 -1
    outer loop
      vertex -28.2267 -27.1858 0
      vertex -19.4973 -14.1656 0
      vertex -28.1122 -27.1978 0
    endloop
  endfacet
  facet normal 0 0 -1
    outer loop
      vertex -24.1 0 0
      vertex -27.5065 27.5065 0
      vertex -27.4294 27.592 0
    endloop
  endfacet
  facet normal -0 0 -1
    outer loop
      vertex -19.4973 -14.1656 0
      vertex -28.2267 -27.1858 0
      vertex -20.8712 -12.05 0
    endloop
  endfacet
  facet normal 0 0 -1
    outer loop
      vertex -24.1 0 0
      vertex -27.592 27.4294 0
      vertex -27.5065 27.5065 0
    endloop
  endfacet
  facet normal 0 0 -1
    outer loop
      vertex -28.3418 -27.1858 0
      vertex -20.8712 -12.05 0
      vertex -28.2267 -27.1858 0
    endloop
  endfacet
  facet normal 0 0 -1
    outer loop
      vertex -40.6688 0.992875 0
      vertex -24.1 0 0
      vertex -40.4028 4.94775e-015 0
    endloop
  endfacet
  facet normal 0 0 -1
    outer loop
      vertex -28.4563 -27.1978 0
      vertex -20.8712 -12.05 0
      vertex -28.3418 -27.1858 0
    endloop
  endfacet
  facet normal 0 0 -1
    outer loop
      vertex -24.1 0 0
      vertex -27.6852 27.3617 0
      vertex -27.592 27.4294 0
    endloop
  endfacet
  facet normal 0 0 -1
    outer loop
      vertex -28.569 -27.2218 0
      vertex -20.8712 -12.05 0
      vertex -28.4563 -27.1978 0
    endloop
  endfacet
  facet normal 0 0 -1
    outer loop
      vertex -24.1 0 0
      vertex -27.7849 27.3042 0
      vertex -27.6852 27.3617 0
    endloop
  endfacet
  facet normal -0 0 -1
    outer loop
      vertex -20.8712 -12.05 0
      vertex -28.569 -27.2218 0
      vertex -22.0164 -9.80235 0
    endloop
  endfacet
  facet normal 0 0 -1
    outer loop
      vertex -24.1 0 0
      vertex -27.8901 27.2573 0
      vertex -27.7849 27.3042 0
    endloop
  endfacet
  facet normal 0 0 -1
    outer loop
      vertex -28.6785 -27.2573 0
      vertex -22.0164 -9.80235 0
      vertex -28.569 -27.2218 0
    endloop
  endfacet
  facet normal 0 0 -1
    outer loop
      vertex -24.1 0 0
      vertex -27.9996 27.2218 0
      vertex -27.8901 27.2573 0
    endloop
  endfacet
  facet normal 0 0 -1
    outer loop
      vertex -28.7837 -27.3042 0
      vertex -22.0164 -9.80235 0
      vertex -28.6785 -27.2573 0
    endloop
  endfacet
  facet normal 0 0 -1
    outer loop
      vertex -24.1 0 0
      vertex -28.1122 27.1978 0
      vertex -27.9996 27.2218 0
    endloop
  endfacet
  facet normal 0 0 -1
    outer loop
      vertex -40.4028 4.94775e-015 0
      vertex -22.0164 -9.80235 0
      vertex -28.7837 -27.3042 0
    endloop
  endfacet
  facet normal 0 0 -1
    outer loop
      vertex -24.1 0 0
      vertex -28.2267 27.1858 0
      vertex -28.1122 27.1978 0
    endloop
  endfacet
  facet normal 0 0 -1
    outer loop
      vertex -22.0164 -9.80235 0
      vertex -40.4028 4.94775e-015 0
      vertex -22.9205 -7.44731 0
    endloop
  endfacet
  facet normal 0 0 -1
    outer loop
      vertex -24.1 0 0
      vertex -28.3418 27.1858 0
      vertex -28.2267 27.1858 0
    endloop
  endfacet
  facet normal 0 0 -1
    outer loop
      vertex -23.968 -2.51914 0
      vertex -40.4028 4.94775e-015 0
      vertex -24.1 0 0
    endloop
  endfacet
  facet normal 0 0 -1
    outer loop
      vertex -24.1 0 0
      vertex -28.4563 27.1978 0
      vertex -28.3418 27.1858 0
    endloop
  endfacet
  facet normal 0 0 -1
    outer loop
      vertex -23.5734 -5.01067 0
      vertex -40.4028 4.94775e-015 0
      vertex -23.968 -2.51914 0
    endloop
  endfacet
  facet normal 0 0 -1
    outer loop
      vertex -40.8847 1.79862 0
      vertex -28.4563 27.1978 0
      vertex -24.1 0 0
    endloop
  endfacet
  facet normal 0 0 -1
    outer loop
      vertex -22.9205 -7.44731 0
      vertex -40.4028 4.94775e-015 0
      vertex -23.5734 -5.01067 0
    endloop
  endfacet
  facet normal 0 0 -1
    outer loop
      vertex -40.8847 1.79862 0
      vertex -24.1 0 0
      vertex -40.6688 0.992875 0
    endloop
  endfacet
  facet normal 0 0 -1
    outer loop
      vertex -40.4028 4.94775e-015 0
      vertex -28.7837 -27.3042 0
      vertex -28.8834 -27.3617 0
    endloop
  endfacet
  facet normal 0 0 -1
    outer loop
      vertex -42.2014 3.11531 0
      vertex -28.4563 27.1978 0
      vertex -40.8847 1.79862 0
    endloop
  endfacet
  facet normal 0 0 -1
    outer loop
      vertex -40.4028 4.94775e-015 0
      vertex -28.8834 -27.3617 0
      vertex -28.9765 -27.4294 0
    endloop
  endfacet
  facet normal -0 0 -1
    outer loop
      vertex -28.4563 27.1978 0
      vertex -42.2014 3.11531 0
      vertex -28.569 27.2218 0
    endloop
  endfacet
  facet normal 0 0 -1
    outer loop
      vertex -40.4028 4.94775e-015 0
      vertex -28.9765 -27.4294 0
      vertex -29.0621 -27.5065 0
    endloop
  endfacet
  facet normal -0 0 -1
    outer loop
      vertex -28.569 27.2218 0
      vertex -42.2014 3.11531 0
      vertex -28.6785 27.2573 0
    endloop
  endfacet
  facet normal 0 0 -1
    outer loop
      vertex -40.4028 4.94775e-015 0
      vertex -29.0621 -27.5065 0
      vertex -29.1391 -27.592 0
    endloop
  endfacet
  facet normal 0 0 -1
    outer loop
      vertex -46.134 20.5402 0
      vertex -28.6785 27.2573 0
      vertex -42.2014 3.11531 0
    endloop
  endfacet
  facet normal 0 0 -1
    outer loop
      vertex -40.4028 4.94775e-015 0
      vertex -29.1391 -27.592 0
      vertex -29.2068 -27.6852 0
    endloop
  endfacet
  facet normal -0 0 -1
    outer loop
      vertex -28.6785 27.2573 0
      vertex -46.134 20.5402 0
      vertex -28.7837 27.3042 0
    endloop
  endfacet
  facet normal 0 0 -1
    outer loop
      vertex -40.4028 4.94775e-015 0
      vertex -29.2068 -27.6852 0
      vertex -29.2644 -27.7849 0
    endloop
  endfacet
  facet normal -0 0 -1
    outer loop
      vertex -28.7837 27.3042 0
      vertex -46.134 20.5402 0
      vertex -28.8834 27.3617 0
    endloop
  endfacet
  facet normal 0 0 -1
    outer loop
      vertex -40.4028 4.94775e-015 0
      vertex -29.2644 -27.7849 0
      vertex -29.3112 -27.8901 0
    endloop
  endfacet
  facet normal 0 -0 -1
    outer loop
      vertex -43.7343 25.25 0
      vertex -28.8834 27.3617 0
      vertex -46.134 20.5402 0
    endloop
  endfacet
  facet normal 0 0 -1
    outer loop
      vertex -40.4028 4.94775e-015 0
      vertex -29.3112 -27.8901 0
      vertex -29.3468 -27.9996 0
    endloop
  endfacet
  facet normal 0 0 -1
    outer loop
      vertex -29.2068 27.6852 0
      vertex -37.5288 33.7911 0
      vertex -29.2644 27.7849 0
    endloop
  endfacet
  facet normal 0 0 -1
    outer loop
      vertex -40.4028 4.94775e-015 0
      vertex -29.3468 -27.9996 0
      vertex -29.3707 -28.1122 0
    endloop
  endfacet
  facet normal 0 0 -1
    outer loop
      vertex -29.2644 27.7849 0
      vertex -37.5288 33.7911 0
      vertex -29.3112 27.8901 0
    endloop
  endfacet
  facet normal 0 0 -1
    outer loop
      vertex -40.4028 4.94775e-015 0
      vertex -29.3707 -28.1122 0
      vertex -29.3828 -28.2267 0
    endloop
  endfacet
  facet normal 0 0 -1
    outer loop
      vertex -29.3112 27.8901 0
      vertex -37.5288 33.7911 0
      vertex -29.3468 27.9996 0
    endloop
  endfacet
  facet normal 0 0 -1
    outer loop
      vertex -27.592 -27.4294 0
      vertex -17.9098 -16.126 0
      vertex -27.5065 -27.5065 0
    endloop
  endfacet
  facet normal 0 0 -1
    outer loop
      vertex -24.1 0 0
      vertex -27.1858 28.2267 0
      vertex -25.25 43.7343 0
    endloop
  endfacet
  facet normal 0 0 -1
    outer loop
      vertex -27.1858 28.3418 0
      vertex -25.25 43.7343 0
      vertex -27.1858 28.2267 0
    endloop
  endfacet
  facet normal 0 0 -1
    outer loop
      vertex -27.1978 28.4563 0
      vertex -25.25 43.7343 0
      vertex -27.1858 28.3418 0
    endloop
  endfacet
  facet normal 0 0 -1
    outer loop
      vertex -27.2218 28.569 0
      vertex -25.25 43.7343 0
      vertex -27.1978 28.4563 0
    endloop
  endfacet
  facet normal 0 0 -1
    outer loop
      vertex -27.2573 28.6785 0
      vertex -25.25 43.7343 0
      vertex -27.2218 28.569 0
    endloop
  endfacet
  facet normal 0 0 -1
    outer loop
      vertex -27.3042 28.7837 0
      vertex -25.25 43.7343 0
      vertex -27.2573 28.6785 0
    endloop
  endfacet
  facet normal 0 0 -1
    outer loop
      vertex -27.3617 28.8834 0
      vertex -25.25 43.7343 0
      vertex -27.3042 28.7837 0
    endloop
  endfacet
  facet normal 0 0 -1
    outer loop
      vertex -27.4294 28.9765 0
      vertex -25.25 43.7343 0
      vertex -27.3617 28.8834 0
    endloop
  endfacet
  facet normal 0 0 -1
    outer loop
      vertex -27.5065 29.0621 0
      vertex -25.25 43.7343 0
      vertex -27.4294 28.9765 0
    endloop
  endfacet
  facet normal 0 0 -1
    outer loop
      vertex -27.592 29.1391 0
      vertex -25.25 43.7343 0
      vertex -27.5065 29.0621 0
    endloop
  endfacet
  facet normal 0 0 -1
    outer loop
      vertex -27.6852 29.2068 0
      vertex -25.25 43.7343 0
      vertex -27.592 29.1391 0
    endloop
  endfacet
  facet normal 0 0 -1
    outer loop
      vertex -29.6832 40.8554 0
      vertex -27.6852 29.2068 0
      vertex -27.7849 29.2644 0
    endloop
  endfacet
  facet normal 0 0 -1
    outer loop
      vertex -29.6832 40.8554 0
      vertex -27.7849 29.2644 0
      vertex -27.8901 29.3112 0
    endloop
  endfacet
  facet normal 0 0 -1
    outer loop
      vertex -29.6832 40.8554 0
      vertex -27.8901 29.3112 0
      vertex -27.9996 29.3468 0
    endloop
  endfacet
  facet normal 0 0 -1
    outer loop
      vertex -29.6832 40.8554 0
      vertex -27.9996 29.3468 0
      vertex -28.1122 29.3707 0
    endloop
  endfacet
  facet normal 0 0 -1
    outer loop
      vertex -29.6832 40.8554 0
      vertex -28.1122 29.3707 0
      vertex -28.2267 29.3828 0
    endloop
  endfacet
  facet normal 0 0 -1
    outer loop
      vertex -29.6832 40.8554 0
      vertex -28.2267 29.3828 0
      vertex -28.3418 29.3828 0
    endloop
  endfacet
  facet normal 0 0 -1
    outer loop
      vertex -29.6832 40.8554 0
      vertex -28.3418 29.3828 0
      vertex -28.4563 29.3707 0
    endloop
  endfacet
  facet normal 0 0 -1
    outer loop
      vertex -29.6832 40.8554 0
      vertex -28.4563 29.3707 0
      vertex -28.569 29.3468 0
    endloop
  endfacet
  facet normal 0 0 -1
    outer loop
      vertex -29.6832 40.8554 0
      vertex -28.569 29.3468 0
      vertex -28.6785 29.3112 0
    endloop
  endfacet
  facet normal 0 0 -1
    outer loop
      vertex -29.6832 40.8554 0
      vertex -28.6785 29.3112 0
      vertex -28.7837 29.2644 0
    endloop
  endfacet
  facet normal 0 0 -1
    outer loop
      vertex -29.6832 40.8554 0
      vertex -28.7837 29.2644 0
      vertex -28.8834 29.2068 0
    endloop
  endfacet
  facet normal 0 0 -1
    outer loop
      vertex -29.6832 40.8554 0
      vertex -28.8834 29.2068 0
      vertex -28.9765 29.1391 0
    endloop
  endfacet
  facet normal 0 0 -1
    outer loop
      vertex -29.6832 40.8554 0
      vertex -28.9765 29.1391 0
      vertex -29.0621 29.0621 0
    endloop
  endfacet
  facet normal 0 0 -1
    outer loop
      vertex -29.6832 40.8554 0
      vertex -29.0621 29.0621 0
      vertex -29.1391 28.9765 0
    endloop
  endfacet
  facet normal 0 0 -1
    outer loop
      vertex -29.6832 40.8554 0
      vertex -29.1391 28.9765 0
      vertex -29.2068 28.8834 0
    endloop
  endfacet
  facet normal 0 0 -1
    outer loop
      vertex -29.6832 40.8554 0
      vertex -29.2068 28.8834 0
      vertex -29.2644 28.7837 0
    endloop
  endfacet
  facet normal 0 0 -1
    outer loop
      vertex -29.6832 40.8554 0
      vertex -29.2644 28.7837 0
      vertex -29.3112 28.6785 0
    endloop
  endfacet
  facet normal 0 0 -1
    outer loop
      vertex -29.6832 40.8554 0
      vertex -29.3112 28.6785 0
      vertex -29.3468 28.569 0
    endloop
  endfacet
  facet normal 0 0 -1
    outer loop
      vertex -27.6852 29.2068 0
      vertex -29.6832 40.8554 0
      vertex -25.25 43.7343 0
    endloop
  endfacet
  facet normal 0 0 -1
    outer loop
      vertex -29.3707 28.4563 0
      vertex -29.6832 40.8554 0
      vertex -29.3468 28.569 0
    endloop
  endfacet
  facet normal 0 0 -1
    outer loop
      vertex -29.3828 28.3418 0
      vertex -29.6832 40.8554 0
      vertex -29.3707 28.4563 0
    endloop
  endfacet
  facet normal 0 0 -1
    outer loop
      vertex -29.3828 28.2267 0
      vertex -29.6832 40.8554 0
      vertex -29.3828 28.3418 0
    endloop
  endfacet
  facet normal 0 0 -1
    outer loop
      vertex -40.8847 -1.79862 0
      vertex -29.6832 -40.8554 0
      vertex -33.7911 -37.5288 0
    endloop
  endfacet
  facet normal 0 0 -1
    outer loop
      vertex -29.3707 28.1122 0
      vertex -37.5288 33.7911 0
      vertex -29.3828 28.2267 0
    endloop
  endfacet
  facet normal 0 0 -1
    outer loop
      vertex -40.8847 -1.79862 0
      vertex -33.7911 -37.5288 0
      vertex -37.5288 -33.7911 0
    endloop
  endfacet
  facet normal 0 0 -1
    outer loop
      vertex -29.3828 28.2267 0
      vertex -33.7911 37.5288 0
      vertex -29.6832 40.8554 0
    endloop
  endfacet
  facet normal 0 0 -1
    outer loop
      vertex -29.3828 28.2267 0
      vertex -37.5288 33.7911 0
      vertex -33.7911 37.5288 0
    endloop
  endfacet
  facet normal 0 0 -1
    outer loop
      vertex -29.6832 -40.8554 0
      vertex -40.6688 -0.992875 0
      vertex -40.4028 4.94775e-015 0
    endloop
  endfacet
  facet normal 0 0 -1
    outer loop
      vertex -40.8847 -1.79862 0
      vertex -37.5288 -33.7911 0
      vertex -40.8554 -29.6832 0
    endloop
  endfacet
  facet normal 0 0 -1
    outer loop
      vertex -29.6832 -40.8554 0
      vertex -40.8847 -1.79862 0
      vertex -40.6688 -0.992875 0
    endloop
  endfacet
  facet normal 0 0 -1
    outer loop
      vertex -43.7343 -25.25 0
      vertex -40.8847 -1.79862 0
      vertex -40.8554 -29.6832 0
    endloop
  endfacet
  facet normal 0 0 -1
    outer loop
      vertex -40.8847 -1.79862 0
      vertex -43.7343 -25.25 0
      vertex -42.2014 -3.11531 0
    endloop
  endfacet
  facet normal 0 0 -1
    outer loop
      vertex -46.134 -20.5402 0
      vertex -42.2014 -3.11531 0
      vertex -43.7343 -25.25 0
    endloop
  endfacet
  facet normal 0 0 -1
    outer loop
      vertex -48.0284 -15.6054 0
      vertex -42.2014 -3.11531 0
      vertex -46.134 -20.5402 0
    endloop
  endfacet
  facet normal 0 0 -1
    outer loop
      vertex -42.2014 -3.11531 0
      vertex -48.0284 -15.6054 0
      vertex -43.0071 -3.33121 0
    endloop
  endfacet
  facet normal 0 0 -1
    outer loop
      vertex -43.0071 -3.33121 0
      vertex -48.0284 -15.6054 0
      vertex -44 -3.59725 0
    endloop
  endfacet
  facet normal 0 0 -1
    outer loop
      vertex -49.3965 -10.4995 0
      vertex -44 -3.59725 0
      vertex -48.0284 -15.6054 0
    endloop
  endfacet
  facet normal -0 0 -1
    outer loop
      vertex -44 -3.59725 0
      vertex -49.3965 -10.4995 0
      vertex -44.9929 -3.33121 0
    endloop
  endfacet
  facet normal -0 0 -1
    outer loop
      vertex -44.9929 -3.33121 0
      vertex -49.3965 -10.4995 0
      vertex -45.7986 -3.11531 0
    endloop
  endfacet
  facet normal 0 0 -1
    outer loop
      vertex -50.2234 -5.27869 0
      vertex -45.7986 -3.11531 0
      vertex -49.3965 -10.4995 0
    endloop
  endfacet
  facet normal -0 0 -1
    outer loop
      vertex -45.7986 -3.11531 0
      vertex -50.2234 -5.27869 0
      vertex -47.1153 -1.79862 0
    endloop
  endfacet
  facet normal -0 0 -1
    outer loop
      vertex -3.09093 -1.0043 0
      vertex -7.60845 -2.47214 0
      vertex -3.17898 -0.675713 0
    endloop
  endfacet
  facet normal 0 0 -1
    outer loop
      vertex -7.82518 -1.66329 0
      vertex -3.17898 -0.675713 0
      vertex -7.60845 -2.47214 0
    endloop
  endfacet
  facet normal 0 -0 -1
    outer loop
      vertex -6.47214 4.70228 0
      vertex -3.25 0 0
      vertex -6.9282 4 0
    endloop
  endfacet
  facet normal 0 0 -1
    outer loop
      vertex -3.25 0 0
      vertex -6.47214 4.70228 0
      vertex -6.30099 4.91363 0
    endloop
  endfacet
  facet normal -0 0 -1
    outer loop
      vertex -3.17898 -0.675713 0
      vertex -7.82518 -1.66329 0
      vertex -3.2322 -0.339717 0
    endloop
  endfacet
  facet normal 0 0 -1
    outer loop
      vertex -3.25 0 0
      vertex -7.30836 3.25389 0
      vertex -6.9282 4 0
    endloop
  endfacet
  facet normal 0 0 -1
    outer loop
      vertex -7.95617 -0.836227 0
      vertex -3.2322 -0.339717 0
      vertex -7.82518 -1.66329 0
    endloop
  endfacet
  facet normal 0 0 -1
    outer loop
      vertex -3.25 0 0
      vertex -7.60845 2.47214 0
      vertex -7.30836 3.25389 0
    endloop
  endfacet
  facet normal -0 0 -1
    outer loop
      vertex -3.2322 -0.339717 0
      vertex -7.95617 -0.836227 0
      vertex -3.25 0 0
    endloop
  endfacet
  facet normal 0 0 -1
    outer loop
      vertex -3.25 0 0
      vertex -7.82518 1.66329 0
      vertex -7.60845 2.47214 0
    endloop
  endfacet
  facet normal 0 0 -1
    outer loop
      vertex -8 0 0
      vertex -3.25 0 0
      vertex -7.95617 -0.836227 0
    endloop
  endfacet
  facet normal 0 0 -1
    outer loop
      vertex -3.25 0 0
      vertex -7.95617 0.836227 0
      vertex -7.82518 1.66329 0
    endloop
  endfacet
  facet normal 0 0 -1
    outer loop
      vertex -3.25 0 0
      vertex -8 0 0
      vertex -7.95617 0.836227 0
    endloop
  endfacet
  facet normal 0 0 -1
    outer loop
      vertex 2.6293 1.9103 0
      vertex 6.47214 4.70228 0
      vertex 2.81458 1.625 0
    endloop
  endfacet
  facet normal -0 0 -1
    outer loop
      vertex 6.47214 4.70228 0
      vertex 2.6293 1.9103 0
      vertex 5.94516 5.35304 0
    endloop
  endfacet
  facet normal 0 0 -1
    outer loop
      vertex 2.41522 2.17467 0
      vertex 5.94516 5.35304 0
      vertex 2.6293 1.9103 0
    endloop
  endfacet
  facet normal -0 0 -1
    outer loop
      vertex 5.94516 5.35304 0
      vertex 2.41522 2.17467 0
      vertex 5.35304 5.94516 0
    endloop
  endfacet
  facet normal 0 0 -1
    outer loop
      vertex 2.17467 2.41522 0
      vertex 5.35304 5.94516 0
      vertex 2.41522 2.17467 0
    endloop
  endfacet
  facet normal -0 0 -1
    outer loop
      vertex 5.35304 5.94516 0
      vertex 2.17467 2.41522 0
      vertex 4.70228 6.47214 0
    endloop
  endfacet
  facet normal 0 0 -1
    outer loop
      vertex 1.9103 2.6293 0
      vertex 4.70228 6.47214 0
      vertex 2.17467 2.41522 0
    endloop
  endfacet
  facet normal -0 0 -1
    outer loop
      vertex 4.70228 6.47214 0
      vertex 1.9103 2.6293 0
      vertex 4 6.9282 0
    endloop
  endfacet
  facet normal 0 0 -1
    outer loop
      vertex 1.625 2.81458 0
      vertex 4 6.9282 0
      vertex 1.9103 2.6293 0
    endloop
  endfacet
  facet normal -0 0 -1
    outer loop
      vertex 4 6.9282 0
      vertex 1.625 2.81458 0
      vertex 3.25389 7.30836 0
    endloop
  endfacet
  facet normal 0 0 -1
    outer loop
      vertex 1.32189 2.96902 0
      vertex 3.25389 7.30836 0
      vertex 1.625 2.81458 0
    endloop
  endfacet
  facet normal -0 0 -1
    outer loop
      vertex 3.25389 7.30836 0
      vertex 1.32189 2.96902 0
      vertex 2.47214 7.60845 0
    endloop
  endfacet
  facet normal 0 0 -1
    outer loop
      vertex 1.0043 3.09093 0
      vertex 2.47214 7.60845 0
      vertex 1.32189 2.96902 0
    endloop
  endfacet
  facet normal -0 0 -1
    outer loop
      vertex 2.47214 7.60845 0
      vertex 1.0043 3.09093 0
      vertex 1.66329 7.82518 0
    endloop
  endfacet
  facet normal 0 0 -1
    outer loop
      vertex 0.675713 3.17898 0
      vertex 1.66329 7.82518 0
      vertex 1.0043 3.09093 0
    endloop
  endfacet
  facet normal -0 0 -1
    outer loop
      vertex 1.66329 7.82518 0
      vertex 0.675713 3.17898 0
      vertex 0.836227 7.95617 0
    endloop
  endfacet
  facet normal 0 0 -1
    outer loop
      vertex 0.339717 3.2322 0
      vertex 0.836227 7.95617 0
      vertex 0.675713 3.17898 0
    endloop
  endfacet
  facet normal 0 0 -1
    outer loop
      vertex 0 3.25 0
      vertex 0.836227 7.95617 0
      vertex 0.339717 3.2322 0
    endloop
  endfacet
  facet normal 0 0 -1
    outer loop
      vertex 0 3.25 0
      vertex 0 8 0
      vertex 0.836227 7.95617 0
    endloop
  endfacet
  facet normal 0 0 -1
    outer loop
      vertex -0.339717 3.2322 0
      vertex 0 8 0
      vertex 0 3.25 0
    endloop
  endfacet
  facet normal 0 0 -1
    outer loop
      vertex -1.10484 7.91363 0
      vertex -0.339717 3.2322 0
      vertex -0.675713 3.17898 0
    endloop
  endfacet
  facet normal 0 0 -1
    outer loop
      vertex -0.339717 3.2322 0
      vertex -0.836227 7.95617 0
      vertex 0 8 0
    endloop
  endfacet
  facet normal 0 0 -1
    outer loop
      vertex -1.10484 7.91363 0
      vertex -0.675713 3.17898 0
      vertex -1.0043 3.09093 0
    endloop
  endfacet
  facet normal 0 0 -1
    outer loop
      vertex -0.339717 3.2322 0
      vertex -1.10484 7.91363 0
      vertex -0.836227 7.95617 0
    endloop
  endfacet
  facet normal 0 0 -1
    outer loop
      vertex -1.32189 2.96902 0
      vertex -1.10484 7.91363 0
      vertex -1.0043 3.09093 0
    endloop
  endfacet
  facet normal 0 0 -1
    outer loop
      vertex -1.625 2.81458 0
      vertex -1.10484 7.91363 0
      vertex -1.32189 2.96902 0
    endloop
  endfacet
  facet normal 0 0 -1
    outer loop
      vertex -6.30099 4.91363 0
      vertex -1.625 2.81458 0
      vertex -1.9103 2.6293 0
    endloop
  endfacet
  facet normal 0 0 -1
    outer loop
      vertex -6.30099 4.91363 0
      vertex -1.9103 2.6293 0
      vertex -2.17467 2.41522 0
    endloop
  endfacet
  facet normal 0 0 -1
    outer loop
      vertex -6.30099 4.91363 0
      vertex -2.17467 2.41522 0
      vertex -2.41522 2.17467 0
    endloop
  endfacet
  facet normal 0 0 -1
    outer loop
      vertex -6.30099 4.91363 0
      vertex -2.41522 2.17467 0
      vertex -2.6293 1.9103 0
    endloop
  endfacet
  facet normal 0 0 -1
    outer loop
      vertex -6.30099 4.91363 0
      vertex -2.6293 1.9103 0
      vertex -2.81458 1.625 0
    endloop
  endfacet
  facet normal 0 0 -1
    outer loop
      vertex -6.30099 4.91363 0
      vertex -2.81458 1.625 0
      vertex -2.96902 1.32189 0
    endloop
  endfacet
  facet normal 0 0 -1
    outer loop
      vertex -6.30099 4.91363 0
      vertex -2.96902 1.32189 0
      vertex -3.09093 1.0043 0
    endloop
  endfacet
  facet normal 0 0 -1
    outer loop
      vertex -7.60845 -2.47214 0
      vertex -3.09093 -1.0043 0
      vertex -7.30836 -3.25389 0
    endloop
  endfacet
  facet normal 0 0 -1
    outer loop
      vertex -3.25 0 0
      vertex -6.30099 4.91363 0
      vertex -3.2322 0.339717 0
    endloop
  endfacet
  facet normal 0 0 -1
    outer loop
      vertex -3.2322 0.339717 0
      vertex -6.30099 4.91363 0
      vertex -3.17898 0.675713 0
    endloop
  endfacet
  facet normal 0 0 -1
    outer loop
      vertex -3.17898 0.675713 0
      vertex -6.30099 4.91363 0
      vertex -3.09093 1.0043 0
    endloop
  endfacet
  facet normal 0 0 -1
    outer loop
      vertex -1.625 2.81458 0
      vertex -6.30099 4.91363 0
      vertex -1.10484 7.91363 0
    endloop
  endfacet
  facet normal 0 0 -1
    outer loop
      vertex -6.30099 4.91363 0
      vertex -9.34783 22.1909 0
      vertex -1.10484 7.91363 0
    endloop
  endfacet
  facet normal 0 0 -1
    outer loop
      vertex -14.544 19.1909 0
      vertex -9.34783 22.1909 0
      vertex -6.30099 4.91363 0
    endloop
  endfacet
  facet normal 0 0 -1
    outer loop
      vertex -25.25 43.7343 0
      vertex -9.34783 22.1909 0
      vertex -14.544 19.1909 0
    endloop
  endfacet
  facet normal 0 0 -1
    outer loop
      vertex -9.34783 22.1909 0
      vertex -15.6054 48.0284 0
      vertex -10.4995 49.3965 0
    endloop
  endfacet
  facet normal 0 0 -1
    outer loop
      vertex -25.25 43.7343 0
      vertex -14.544 19.1909 0
      vertex -16.126 17.9098 0
    endloop
  endfacet
  facet normal 0 0 -1
    outer loop
      vertex -25.25 43.7343 0
      vertex -16.126 17.9098 0
      vertex -17.9098 16.126 0
    endloop
  endfacet
  facet normal 0 0 -1
    outer loop
      vertex -25.25 43.7343 0
      vertex -17.9098 16.126 0
      vertex -19.4973 14.1656 0
    endloop
  endfacet
  facet normal 0 0 -1
    outer loop
      vertex -9.34783 22.1909 0
      vertex -20.5402 46.134 0
      vertex -15.6054 48.0284 0
    endloop
  endfacet
  facet normal 0 0 -1
    outer loop
      vertex -25.25 43.7343 0
      vertex -19.4973 14.1656 0
      vertex -20.8712 12.05 0
    endloop
  endfacet
  facet normal 0 0 -1
    outer loop
      vertex -25.25 43.7343 0
      vertex -20.8712 12.05 0
      vertex -22.0164 9.80235 0
    endloop
  endfacet
  facet normal 0 0 -1
    outer loop
      vertex -25.25 43.7343 0
      vertex -22.0164 9.80235 0
      vertex -22.9205 7.44731 0
    endloop
  endfacet
  facet normal 0 0 -1
    outer loop
      vertex -25.25 43.7343 0
      vertex -22.9205 7.44731 0
      vertex -23.5734 5.01067 0
    endloop
  endfacet
  facet normal 0 0 -1
    outer loop
      vertex -25.25 43.7343 0
      vertex -23.5734 5.01067 0
      vertex -23.968 2.51914 0
    endloop
  endfacet
  facet normal 0 0 -1
    outer loop
      vertex -9.34783 22.1909 0
      vertex -25.25 43.7343 0
      vertex -20.5402 46.134 0
    endloop
  endfacet
  facet normal 0 0 -1
    outer loop
      vertex -24.1 0 0
      vertex -25.25 43.7343 0
      vertex -23.968 2.51914 0
    endloop
  endfacet
  facet normal 0 0 -1
    outer loop
      vertex -27.5065 -27.5065 0
      vertex -16.126 -17.9098 0
      vertex -27.4294 -27.592 0
    endloop
  endfacet
  facet normal -0 0 -1
    outer loop
      vertex -16.126 -17.9098 0
      vertex -27.5065 -27.5065 0
      vertex -17.9098 -16.126 0
    endloop
  endfacet
  facet normal 0 0 -1
    outer loop
      vertex -25.25 -43.7343 0
      vertex -27.1978 -28.4563 0
      vertex -27.1858 -28.3418 0
    endloop
  endfacet
  facet normal 0 0 -1
    outer loop
      vertex -25.25 -43.7343 0
      vertex -27.2218 -28.569 0
      vertex -27.1978 -28.4563 0
    endloop
  endfacet
  facet normal 0 0 -1
    outer loop
      vertex -25.25 -43.7343 0
      vertex -27.2573 -28.6785 0
      vertex -27.2218 -28.569 0
    endloop
  endfacet
  facet normal 0 0 -1
    outer loop
      vertex -25.25 -43.7343 0
      vertex -27.3042 -28.7837 0
      vertex -27.2573 -28.6785 0
    endloop
  endfacet
  facet normal 0 0 -1
    outer loop
      vertex -25.25 -43.7343 0
      vertex -27.3617 -28.8834 0
      vertex -27.3042 -28.7837 0
    endloop
  endfacet
  facet normal 0 0 -1
    outer loop
      vertex -25.25 -43.7343 0
      vertex -27.4294 -28.9765 0
      vertex -27.3617 -28.8834 0
    endloop
  endfacet
  facet normal 0 0 -1
    outer loop
      vertex -25.25 -43.7343 0
      vertex -27.5065 -29.0621 0
      vertex -27.4294 -28.9765 0
    endloop
  endfacet
  facet normal 0 0 -1
    outer loop
      vertex -25.25 -43.7343 0
      vertex -27.592 -29.1391 0
      vertex -27.5065 -29.0621 0
    endloop
  endfacet
  facet normal 0 0 -1
    outer loop
      vertex -25.25 -43.7343 0
      vertex -27.6852 -29.2068 0
      vertex -27.592 -29.1391 0
    endloop
  endfacet
  facet normal 0 0 -1
    outer loop
      vertex -29.6832 -40.8554 0
      vertex -27.6852 -29.2068 0
      vertex -25.25 -43.7343 0
    endloop
  endfacet
  facet normal 0 0 -1
    outer loop
      vertex -27.6852 -29.2068 0
      vertex -29.6832 -40.8554 0
      vertex -27.7849 -29.2644 0
    endloop
  endfacet
  facet normal 0 0 -1
    outer loop
      vertex -27.7849 -29.2644 0
      vertex -29.6832 -40.8554 0
      vertex -27.8901 -29.3112 0
    endloop
  endfacet
  facet normal 0 0 -1
    outer loop
      vertex -27.8901 -29.3112 0
      vertex -29.6832 -40.8554 0
      vertex -27.9996 -29.3468 0
    endloop
  endfacet
  facet normal 0 0 -1
    outer loop
      vertex -27.9996 -29.3468 0
      vertex -29.6832 -40.8554 0
      vertex -28.1122 -29.3707 0
    endloop
  endfacet
  facet normal 0 0 -1
    outer loop
      vertex -28.1122 -29.3707 0
      vertex -29.6832 -40.8554 0
      vertex -28.2267 -29.3828 0
    endloop
  endfacet
  facet normal -0 0 -1
    outer loop
      vertex -28.2267 -29.3828 0
      vertex -29.6832 -40.8554 0
      vertex -28.3418 -29.3828 0
    endloop
  endfacet
  facet normal -0 0 -1
    outer loop
      vertex -28.3418 -29.3828 0
      vertex -29.6832 -40.8554 0
      vertex -28.4563 -29.3707 0
    endloop
  endfacet
  facet normal -0 0 -1
    outer loop
      vertex -28.4563 -29.3707 0
      vertex -29.6832 -40.8554 0
      vertex -28.569 -29.3468 0
    endloop
  endfacet
  facet normal -0 0 -1
    outer loop
      vertex -28.569 -29.3468 0
      vertex -29.6832 -40.8554 0
      vertex -28.6785 -29.3112 0
    endloop
  endfacet
  facet normal -0 0 -1
    outer loop
      vertex -28.6785 -29.3112 0
      vertex -29.6832 -40.8554 0
      vertex -28.7837 -29.2644 0
    endloop
  endfacet
  facet normal -0 0 -1
    outer loop
      vertex -28.7837 -29.2644 0
      vertex -29.6832 -40.8554 0
      vertex -28.8834 -29.2068 0
    endloop
  endfacet
  facet normal -0 0 -1
    outer loop
      vertex -28.8834 -29.2068 0
      vertex -29.6832 -40.8554 0
      vertex -28.9765 -29.1391 0
    endloop
  endfacet
  facet normal -0 0 -1
    outer loop
      vertex -28.9765 -29.1391 0
      vertex -29.6832 -40.8554 0
      vertex -29.0621 -29.0621 0
    endloop
  endfacet
  facet normal -0 0 -1
    outer loop
      vertex -29.0621 -29.0621 0
      vertex -29.6832 -40.8554 0
      vertex -29.1391 -28.9765 0
    endloop
  endfacet
  facet normal -0 0 -1
    outer loop
      vertex -29.1391 -28.9765 0
      vertex -29.6832 -40.8554 0
      vertex -29.2068 -28.8834 0
    endloop
  endfacet
  facet normal -0 0 -1
    outer loop
      vertex -29.2068 -28.8834 0
      vertex -29.6832 -40.8554 0
      vertex -29.2644 -28.7837 0
    endloop
  endfacet
  facet normal -0 0 -1
    outer loop
      vertex -29.2644 -28.7837 0
      vertex -29.6832 -40.8554 0
      vertex -29.3112 -28.6785 0
    endloop
  endfacet
  facet normal 0 0 -1
    outer loop
      vertex -40.4028 4.94775e-015 0
      vertex -29.3828 -28.3418 0
      vertex -29.6832 -40.8554 0
    endloop
  endfacet
  facet normal 0 0 -1
    outer loop
      vertex -29.3828 -28.3418 0
      vertex -40.4028 4.94775e-015 0
      vertex -29.3828 -28.2267 0
    endloop
  endfacet
  facet normal 0 0 -1
    outer loop
      vertex -29.3468 27.9996 0
      vertex -37.5288 33.7911 0
      vertex -29.3707 28.1122 0
    endloop
  endfacet
  facet normal -0 0 -1
    outer loop
      vertex -29.3707 -28.4563 0
      vertex -29.6832 -40.8554 0
      vertex -29.3828 -28.3418 0
    endloop
  endfacet
  facet normal -0 0 -1
    outer loop
      vertex -29.3468 -28.569 0
      vertex -29.6832 -40.8554 0
      vertex -29.3707 -28.4563 0
    endloop
  endfacet
  facet normal -0 0 -1
    outer loop
      vertex -29.3112 -28.6785 0
      vertex -29.6832 -40.8554 0
      vertex -29.3468 -28.569 0
    endloop
  endfacet
  facet normal 0 0 -1
    outer loop
      vertex 7.40582 -3 0
      vertex 23.8918 3 0
      vertex 23.8918 -3 0
    endloop
  endfacet
  facet normal 0 0 -1
    outer loop
      vertex 7.40582 -3 0
      vertex 7.40582 3 0
      vertex 23.8918 3 0
    endloop
  endfacet
  facet normal 0 0 -1
    outer loop
      vertex 2.96902 -1.32189 0
      vertex 7.40582 -3 0
      vertex 7.30836 -3.25389 0
    endloop
  endfacet
  facet normal 0 0 -1
    outer loop
      vertex 7.40582 -3 0
      vertex 3.25 0 0
      vertex 7.40582 3 0
    endloop
  endfacet
  facet normal 0 0 -1
    outer loop
      vertex 2.96902 -1.32189 0
      vertex 7.30836 -3.25389 0
      vertex 6.9282 -4 0
    endloop
  endfacet
  facet normal 0 0 -1
    outer loop
      vertex 3.2322 0.339717 0
      vertex 7.40582 3 0
      vertex 3.25 0 0
    endloop
  endfacet
  facet normal 0 0 -1
    outer loop
      vertex 2.81458 -1.625 0
      vertex 6.9282 -4 0
      vertex 6.47214 -4.70228 0
    endloop
  endfacet
  facet normal 0 0 -1
    outer loop
      vertex 3.17898 0.675713 0
      vertex 7.40582 3 0
      vertex 3.2322 0.339717 0
    endloop
  endfacet
  facet normal 0 0 -1
    outer loop
      vertex 2.6293 -1.9103 0
      vertex 6.47214 -4.70228 0
      vertex 5.94516 -5.35304 0
    endloop
  endfacet
  facet normal 0 0 -1
    outer loop
      vertex 3.09093 1.0043 0
      vertex 7.40582 3 0
      vertex 3.17898 0.675713 0
    endloop
  endfacet
  facet normal 0 0 -1
    outer loop
      vertex 2.41522 -2.17467 0
      vertex 5.94516 -5.35304 0
      vertex 5.35304 -5.94516 0
    endloop
  endfacet
  facet normal 0 0 -1
    outer loop
      vertex 2.96902 1.32189 0
      vertex 7.40582 3 0
      vertex 3.09093 1.0043 0
    endloop
  endfacet
  facet normal 0 0 -1
    outer loop
      vertex 2.17467 -2.41522 0
      vertex 5.35304 -5.94516 0
      vertex 4.70228 -6.47214 0
    endloop
  endfacet
  facet normal -0 0 -1
    outer loop
      vertex 7.40582 3 0
      vertex 2.96902 1.32189 0
      vertex 7.30836 3.25389 0
    endloop
  endfacet
  facet normal 0 0 -1
    outer loop
      vertex 1.9103 -2.6293 0
      vertex 4.70228 -6.47214 0
      vertex 4 -6.9282 0
    endloop
  endfacet
  facet normal -0 0 -1
    outer loop
      vertex 7.30836 3.25389 0
      vertex 2.96902 1.32189 0
      vertex 6.9282 4 0
    endloop
  endfacet
  facet normal 0 0 -1
    outer loop
      vertex 1.625 -2.81458 0
      vertex 4 -6.9282 0
      vertex 3.25389 -7.30836 0
    endloop
  endfacet
  facet normal 0 0 -1
    outer loop
      vertex 2.81458 1.625 0
      vertex 6.9282 4 0
      vertex 2.96902 1.32189 0
    endloop
  endfacet
  facet normal -0 0 -1
    outer loop
      vertex 6.9282 4 0
      vertex 2.81458 1.625 0
      vertex 6.47214 4.70228 0
    endloop
  endfacet
  facet normal 0 0 -1
    outer loop
      vertex 7.40582 -3 0
      vertex 3.2322 -0.339717 0
      vertex 3.25 0 0
    endloop
  endfacet
  facet normal 0 0 -1
    outer loop
      vertex 7.40582 -3 0
      vertex 3.17898 -0.675713 0
      vertex 3.2322 -0.339717 0
    endloop
  endfacet
  facet normal 0 0 -1
    outer loop
      vertex 7.40582 -3 0
      vertex 3.09093 -1.0043 0
      vertex 3.17898 -0.675713 0
    endloop
  endfacet
  facet normal 0 0 -1
    outer loop
      vertex 7.40582 -3 0
      vertex 2.96902 -1.32189 0
      vertex 3.09093 -1.0043 0
    endloop
  endfacet
  facet normal 0 0 -1
    outer loop
      vertex 6.9282 -4 0
      vertex 2.81458 -1.625 0
      vertex 2.96902 -1.32189 0
    endloop
  endfacet
  facet normal 0 0 -1
    outer loop
      vertex 6.47214 -4.70228 0
      vertex 2.6293 -1.9103 0
      vertex 2.81458 -1.625 0
    endloop
  endfacet
  facet normal 0 0 -1
    outer loop
      vertex 1.32189 -2.96902 0
      vertex 3.25389 -7.30836 0
      vertex 2.47214 -7.60845 0
    endloop
  endfacet
  facet normal 0 0 -1
    outer loop
      vertex 5.94516 -5.35304 0
      vertex 2.41522 -2.17467 0
      vertex 2.6293 -1.9103 0
    endloop
  endfacet
  facet normal 0 0 -1
    outer loop
      vertex 5.35304 -5.94516 0
      vertex 2.17467 -2.41522 0
      vertex 2.41522 -2.17467 0
    endloop
  endfacet
  facet normal 0 0 -1
    outer loop
      vertex 4.70228 -6.47214 0
      vertex 1.9103 -2.6293 0
      vertex 2.17467 -2.41522 0
    endloop
  endfacet
  facet normal 0 0 -1
    outer loop
      vertex 1.0043 -3.09093 0
      vertex 2.47214 -7.60845 0
      vertex 1.66329 -7.82518 0
    endloop
  endfacet
  facet normal 0 0 -1
    outer loop
      vertex 4 -6.9282 0
      vertex 1.625 -2.81458 0
      vertex 1.9103 -2.6293 0
    endloop
  endfacet
  facet normal 0 0 -1
    outer loop
      vertex 3.25389 -7.30836 0
      vertex 1.32189 -2.96902 0
      vertex 1.625 -2.81458 0
    endloop
  endfacet
  facet normal 0 0 -1
    outer loop
      vertex 2.47214 -7.60845 0
      vertex 1.0043 -3.09093 0
      vertex 1.32189 -2.96902 0
    endloop
  endfacet
  facet normal 0 0 -1
    outer loop
      vertex 0.675713 -3.17898 0
      vertex 1.66329 -7.82518 0
      vertex 0.836227 -7.95617 0
    endloop
  endfacet
  facet normal 0 0 -1
    outer loop
      vertex 1.66329 -7.82518 0
      vertex 0.675713 -3.17898 0
      vertex 1.0043 -3.09093 0
    endloop
  endfacet
  facet normal 0 0 -1
    outer loop
      vertex 0.836227 -7.95617 0
      vertex 0.339717 -3.2322 0
      vertex 0.675713 -3.17898 0
    endloop
  endfacet
  facet normal 0 0 -1
    outer loop
      vertex 0 -8 0
      vertex 0.339717 -3.2322 0
      vertex 0.836227 -7.95617 0
    endloop
  endfacet
  facet normal 0 0 -1
    outer loop
      vertex 0 -8 0
      vertex 0 -3.25 0
      vertex 0.339717 -3.2322 0
    endloop
  endfacet
  facet normal 0 0 -1
    outer loop
      vertex 0 -8 0
      vertex -0.339717 -3.2322 0
      vertex 0 -3.25 0
    endloop
  endfacet
  facet normal 0 0 -1
    outer loop
      vertex -0.836227 -7.95617 0
      vertex -0.339717 -3.2322 0
      vertex 0 -8 0
    endloop
  endfacet
  facet normal 0 0 -1
    outer loop
      vertex -1.10484 -7.91363 0
      vertex -0.339717 -3.2322 0
      vertex -0.836227 -7.95617 0
    endloop
  endfacet
  facet normal -0 0 -1
    outer loop
      vertex -0.339717 -3.2322 0
      vertex -1.10484 -7.91363 0
      vertex -0.675713 -3.17898 0
    endloop
  endfacet
  facet normal -0 0 -1
    outer loop
      vertex -0.675713 -3.17898 0
      vertex -1.10484 -7.91363 0
      vertex -1.0043 -3.09093 0
    endloop
  endfacet
  facet normal 0 0 -1
    outer loop
      vertex -1.10484 -7.91363 0
      vertex -1.32189 -2.96902 0
      vertex -1.0043 -3.09093 0
    endloop
  endfacet
  facet normal 0 0 -1
    outer loop
      vertex -1.10484 -7.91363 0
      vertex -1.625 -2.81458 0
      vertex -1.32189 -2.96902 0
    endloop
  endfacet
  facet normal 0 0 -1
    outer loop
      vertex -6.30099 -4.91363 0
      vertex -1.625 -2.81458 0
      vertex -1.10484 -7.91363 0
    endloop
  endfacet
  facet normal -0 0 -1
    outer loop
      vertex -1.625 -2.81458 0
      vertex -6.30099 -4.91363 0
      vertex -1.9103 -2.6293 0
    endloop
  endfacet
  facet normal -0 0 -1
    outer loop
      vertex -1.9103 -2.6293 0
      vertex -6.30099 -4.91363 0
      vertex -2.17467 -2.41522 0
    endloop
  endfacet
  facet normal -0 0 -1
    outer loop
      vertex -2.17467 -2.41522 0
      vertex -6.30099 -4.91363 0
      vertex -2.41522 -2.17467 0
    endloop
  endfacet
  facet normal -0 0 -1
    outer loop
      vertex -2.41522 -2.17467 0
      vertex -6.30099 -4.91363 0
      vertex -2.6293 -1.9103 0
    endloop
  endfacet
  facet normal 0 0 -1
    outer loop
      vertex -6.47214 -4.70228 0
      vertex -2.6293 -1.9103 0
      vertex -6.30099 -4.91363 0
    endloop
  endfacet
  facet normal -0 0 -1
    outer loop
      vertex -2.6293 -1.9103 0
      vertex -6.47214 -4.70228 0
      vertex -2.81458 -1.625 0
    endloop
  endfacet
  facet normal -0 0 -1
    outer loop
      vertex -2.96902 -1.32189 0
      vertex -7.30836 -3.25389 0
      vertex -3.09093 -1.0043 0
    endloop
  endfacet
  facet normal 0 0 -1
    outer loop
      vertex -7.30836 -3.25389 0
      vertex -2.96902 -1.32189 0
      vertex -6.9282 -4 0
    endloop
  endfacet
  facet normal -0 0 -1
    outer loop
      vertex -2.81458 -1.625 0
      vertex -6.9282 -4 0
      vertex -2.96902 -1.32189 0
    endloop
  endfacet
  facet normal 0 0 -1
    outer loop
      vertex -6.9282 -4 0
      vertex -2.81458 -1.625 0
      vertex -6.47214 -4.70228 0
    endloop
  endfacet
  facet normal 0 0 -1
    outer loop
      vertex -9.34783 -22.1909 0
      vertex -6.30099 -4.91363 0
      vertex -1.10484 -7.91363 0
    endloop
  endfacet
  facet normal 0 0 -1
    outer loop
      vertex -9.34783 -22.1909 0
      vertex -14.544 -19.1909 0
      vertex -6.30099 -4.91363 0
    endloop
  endfacet
  facet normal -0 0 -1
    outer loop
      vertex -7.44731 -22.9205 0
      vertex -15.6054 -48.0284 0
      vertex -9.34783 -22.1909 0
    endloop
  endfacet
  facet normal 0 0 -1
    outer loop
      vertex -20.5402 -46.134 0
      vertex -9.34783 -22.1909 0
      vertex -15.6054 -48.0284 0
    endloop
  endfacet
  facet normal 0 0 -1
    outer loop
      vertex -27.1858 -28.3418 0
      vertex -20.5402 -46.134 0
      vertex -25.25 -43.7343 0
    endloop
  endfacet
  facet normal 0 0 -1
    outer loop
      vertex -20.5402 -46.134 0
      vertex -27.1858 -28.3418 0
      vertex -9.34783 -22.1909 0
    endloop
  endfacet
  facet normal -0 0 -1
    outer loop
      vertex -9.34783 -22.1909 0
      vertex -27.1858 -28.3418 0
      vertex -14.544 -19.1909 0
    endloop
  endfacet
  facet normal 0 0 -1
    outer loop
      vertex -27.1858 -28.2267 0
      vertex -14.544 -19.1909 0
      vertex -27.1858 -28.3418 0
    endloop
  endfacet
  facet normal 0 0 -1
    outer loop
      vertex -27.1978 -28.1122 0
      vertex -14.544 -19.1909 0
      vertex -27.1858 -28.2267 0
    endloop
  endfacet
  facet normal 0 0 -1
    outer loop
      vertex -27.2218 -27.9996 0
      vertex -14.544 -19.1909 0
      vertex -27.1978 -28.1122 0
    endloop
  endfacet
  facet normal 0 0 -1
    outer loop
      vertex -27.2573 -27.8901 0
      vertex -14.544 -19.1909 0
      vertex -27.2218 -27.9996 0
    endloop
  endfacet
  facet normal 0 0 -1
    outer loop
      vertex -27.3042 -27.7849 0
      vertex -14.544 -19.1909 0
      vertex -27.2573 -27.8901 0
    endloop
  endfacet
  facet normal -0 0 -1
    outer loop
      vertex -14.544 -19.1909 0
      vertex -27.3042 -27.7849 0
      vertex -16.126 -17.9098 0
    endloop
  endfacet
  facet normal 0 0 -1
    outer loop
      vertex -27.4294 -27.592 0
      vertex -16.126 -17.9098 0
      vertex -27.3617 -27.6852 0
    endloop
  endfacet
  facet normal 0 0 -1
    outer loop
      vertex -27.3617 -27.6852 0
      vertex -16.126 -17.9098 0
      vertex -27.3042 -27.7849 0
    endloop
  endfacet
  facet normal -0 0 -1
    outer loop
      vertex 27.6852 27.3617 0
      vertex 17.9098 16.126 0
      vertex 27.592 27.4294 0
    endloop
  endfacet
  facet normal -0 0 -1
    outer loop
      vertex 27.592 27.4294 0
      vertex 17.9098 16.126 0
      vertex 27.5065 27.5065 0
    endloop
  endfacet
  facet normal 0 0 -1
    outer loop
      vertex 23.5734 -5.01067 0
      vertex 25.3813 -37.2994 0
      vertex 25.1153 -36.3065 0
    endloop
  endfacet
  facet normal 0 0 -1
    outer loop
      vertex 16.126 17.9098 0
      vertex 27.5065 27.5065 0
      vertex 17.9098 16.126 0
    endloop
  endfacet
  facet normal 0 0 -1
    outer loop
      vertex 20.8712 -12.05 0
      vertex 25.1153 -36.3065 0
      vertex 24.3885 -35.5797 0
    endloop
  endfacet
  facet normal 0 0 -1
    outer loop
      vertex 27.1978 28.1122 0
      vertex 25.3813 37.2994 0
      vertex 25.5972 38.1051 0
    endloop
  endfacet
  facet normal -0 0 -1
    outer loop
      vertex 27.5065 27.5065 0
      vertex 16.126 17.9098 0
      vertex 27.4294 27.592 0
    endloop
  endfacet
  facet normal 0 0 -1
    outer loop
      vertex 20.8712 -12.05 0
      vertex 24.3885 -35.5797 0
      vertex 23.7986 -34.9898 0
    endloop
  endfacet
  facet normal 0 0 -1
    outer loop
      vertex 25.3813 -37.2994 0
      vertex 23.5734 -5.01067 0
      vertex 23.8918 -3 0
    endloop
  endfacet
  facet normal 0 0 -1
    outer loop
      vertex 25.1153 -36.3065 0
      vertex 22.9205 -7.44731 0
      vertex 23.5734 -5.01067 0
    endloop
  endfacet
  facet normal 0 0 -1
    outer loop
      vertex 25.1153 -36.3065 0
      vertex 22.0164 -9.80235 0
      vertex 22.9205 -7.44731 0
    endloop
  endfacet
  facet normal 0 0 -1
    outer loop
      vertex 17.9098 -16.126 0
      vertex 23.7986 -34.9898 0
      vertex 22 -34.5079 0
    endloop
  endfacet
  facet normal 0 0 -1
    outer loop
      vertex 14.1656 -19.4973 0
      vertex 22 -34.5079 0
      vertex 21.1943 -34.7238 0
    endloop
  endfacet
  facet normal 0 0 -1
    outer loop
      vertex 25.1153 -36.3065 0
      vertex 20.8712 -12.05 0
      vertex 22.0164 -9.80235 0
    endloop
  endfacet
  facet normal 0 0 -1
    outer loop
      vertex 14.1656 -19.4973 0
      vertex 21.1943 -34.7238 0
      vertex 20.2014 -34.9898 0
    endloop
  endfacet
  facet normal 0 0 -1
    outer loop
      vertex 23.7986 -34.9898 0
      vertex 19.4973 -14.1656 0
      vertex 20.8712 -12.05 0
    endloop
  endfacet
  facet normal 0 0 -1
    outer loop
      vertex 9.80235 -22.0164 0
      vertex 20.2014 -34.9898 0
      vertex 19.4745 -35.7166 0
    endloop
  endfacet
  facet normal 0 0 -1
    outer loop
      vertex 9.80235 -22.0164 0
      vertex 19.4745 -35.7166 0
      vertex 18.8847 -36.3065 0
    endloop
  endfacet
  facet normal 0 0 -1
    outer loop
      vertex 5.01067 -23.5734 0
      vertex 18.8847 -36.3065 0
      vertex 18.4028 -38.1051 0
    endloop
  endfacet
  facet normal 0 0 -1
    outer loop
      vertex 23.7986 -34.9898 0
      vertex 17.9098 -16.126 0
      vertex 19.4973 -14.1656 0
    endloop
  endfacet
  facet normal 0 0 -1
    outer loop
      vertex 40.8554 -29.6832 0
      vertex 29.2068 -27.6852 0
      vertex 43.7343 -25.25 0
    endloop
  endfacet
  facet normal 0 0 -1
    outer loop
      vertex 47.3011 17.5 0
      vertex 29.3707 28.1122 0
      vertex 29.3828 28.2267 0
    endloop
  endfacet
  facet normal 0 0 -1
    outer loop
      vertex 29.1391 -27.592 0
      vertex 43.7343 -25.25 0
      vertex 29.2068 -27.6852 0
    endloop
  endfacet
  facet normal 0 0 -1
    outer loop
      vertex 47.3011 17.5 0
      vertex 29.3468 27.9996 0
      vertex 29.3707 28.1122 0
    endloop
  endfacet
  facet normal 0 0 -1
    outer loop
      vertex 29.0621 -27.5065 0
      vertex 43.7343 -25.25 0
      vertex 29.1391 -27.592 0
    endloop
  endfacet
  facet normal 0 0 -1
    outer loop
      vertex 47.3011 17.5 0
      vertex 29.3112 27.8901 0
      vertex 29.3468 27.9996 0
    endloop
  endfacet
  facet normal 0 0 -1
    outer loop
      vertex 28.9765 -27.4294 0
      vertex 43.7343 -25.25 0
      vertex 29.0621 -27.5065 0
    endloop
  endfacet
  facet normal 0 0 -1
    outer loop
      vertex 47.3011 17.5 0
      vertex 29.2644 27.7849 0
      vertex 29.3112 27.8901 0
    endloop
  endfacet
  facet normal 0 0 -1
    outer loop
      vertex 28.8834 -27.3617 0
      vertex 43.7343 -25.25 0
      vertex 28.9765 -27.4294 0
    endloop
  endfacet
  facet normal 0 0 -1
    outer loop
      vertex 47.3011 17.5 0
      vertex 29.2068 27.6852 0
      vertex 29.2644 27.7849 0
    endloop
  endfacet
  facet normal -0 0 -1
    outer loop
      vertex 43.7343 -25.25 0
      vertex 28.8834 -27.3617 0
      vertex 46.134 -20.5402 0
    endloop
  endfacet
  facet normal 0 0 -1
    outer loop
      vertex 47.3011 17.5 0
      vertex 29.1391 27.592 0
      vertex 29.2068 27.6852 0
    endloop
  endfacet
  facet normal 0 0 -1
    outer loop
      vertex 28.7837 -27.3042 0
      vertex 46.134 -20.5402 0
      vertex 28.8834 -27.3617 0
    endloop
  endfacet
  facet normal 0 0 -1
    outer loop
      vertex 47.3011 17.5 0
      vertex 29.0621 27.5065 0
      vertex 29.1391 27.592 0
    endloop
  endfacet
  facet normal 0 0 -1
    outer loop
      vertex 28.6785 -27.2573 0
      vertex 46.134 -20.5402 0
      vertex 28.7837 -27.3042 0
    endloop
  endfacet
  facet normal 0 0 -1
    outer loop
      vertex 47.3011 17.5 0
      vertex 28.9765 27.4294 0
      vertex 29.0621 27.5065 0
    endloop
  endfacet
  facet normal -0 0 -1
    outer loop
      vertex 46.134 -20.5402 0
      vertex 28.6785 -27.2573 0
      vertex 47.3011 -17.5 0
    endloop
  endfacet
  facet normal 0 0 -1
    outer loop
      vertex 47.3011 17.5 0
      vertex 28.8834 27.3617 0
      vertex 28.9765 27.4294 0
    endloop
  endfacet
  facet normal 0 0 -1
    outer loop
      vertex 23.8918 -3 0
      vertex 28.6785 -27.2573 0
      vertex 28.569 -27.2218 0
    endloop
  endfacet
  facet normal 0 0 -1
    outer loop
      vertex 47.3011 17.5 0
      vertex 28.7837 27.3042 0
      vertex 28.8834 27.3617 0
    endloop
  endfacet
  facet normal 0 0 -1
    outer loop
      vertex 23.8918 -3 0
      vertex 28.569 -27.2218 0
      vertex 28.4563 -27.1978 0
    endloop
  endfacet
  facet normal 0 0 -1
    outer loop
      vertex 47.3011 17.5 0
      vertex 28.6785 27.2573 0
      vertex 28.7837 27.3042 0
    endloop
  endfacet
  facet normal 0 0 -1
    outer loop
      vertex 23.8918 -3 0
      vertex 28.4563 -27.1978 0
      vertex 28.3418 -27.1858 0
    endloop
  endfacet
  facet normal 0 0 -1
    outer loop
      vertex 23.5734 5.01067 0
      vertex 47.3011 17.5 0
      vertex 23.8918 3 0
    endloop
  endfacet
  facet normal 0 0 -1
    outer loop
      vertex 23.8918 -3 0
      vertex 28.3418 -27.1858 0
      vertex 28.2267 -27.1858 0
    endloop
  endfacet
  facet normal 0 0 -1
    outer loop
      vertex 23.8918 3 0
      vertex 47.3011 17.5 0
      vertex 23.8918 -3 0
    endloop
  endfacet
  facet normal 0 0 -1
    outer loop
      vertex 28.6785 -27.2573 0
      vertex 23.8918 -3 0
      vertex 47.3011 -17.5 0
    endloop
  endfacet
  facet normal 0 0 -1
    outer loop
      vertex 22.9205 7.44731 0
      vertex 47.3011 17.5 0
      vertex 23.5734 5.01067 0
    endloop
  endfacet
  facet normal 0 0 -1
    outer loop
      vertex 47.3011 -17.5 0
      vertex 23.8918 -3 0
      vertex 47.3011 17.5 0
    endloop
  endfacet
  facet normal 0 0 -1
    outer loop
      vertex 22.0164 9.80235 0
      vertex 47.3011 17.5 0
      vertex 22.9205 7.44731 0
    endloop
  endfacet
  facet normal 0 0 -1
    outer loop
      vertex 23.8918 -3 0
      vertex 28.2267 -27.1858 0
      vertex 28.1122 -27.1978 0
    endloop
  endfacet
  facet normal -0 0 -1
    outer loop
      vertex 47.3011 17.5 0
      vertex 22.0164 9.80235 0
      vertex 28.6785 27.2573 0
    endloop
  endfacet
  facet normal 0 0 -1
    outer loop
      vertex 23.8918 -3 0
      vertex 28.1122 -27.1978 0
      vertex 27.9996 -27.2218 0
    endloop
  endfacet
  facet normal 0 0 -1
    outer loop
      vertex 28.6785 27.2573 0
      vertex 22.0164 9.80235 0
      vertex 28.569 27.2218 0
    endloop
  endfacet
  facet normal 0 0 -1
    outer loop
      vertex 23.8918 -3 0
      vertex 27.9996 -27.2218 0
      vertex 27.8901 -27.2573 0
    endloop
  endfacet
  facet normal 0 0 -1
    outer loop
      vertex 20.8712 12.05 0
      vertex 28.569 27.2218 0
      vertex 22.0164 9.80235 0
    endloop
  endfacet
  facet normal 0 0 -1
    outer loop
      vertex 23.8918 -3 0
      vertex 27.8901 -27.2573 0
      vertex 27.7849 -27.3042 0
    endloop
  endfacet
  facet normal 0 0 -1
    outer loop
      vertex 28.569 27.2218 0
      vertex 20.8712 12.05 0
      vertex 28.4563 27.1978 0
    endloop
  endfacet
  facet normal 0 0 -1
    outer loop
      vertex 23.8918 -3 0
      vertex 27.7849 -27.3042 0
      vertex 27.6852 -27.3617 0
    endloop
  endfacet
  facet normal 0 0 -1
    outer loop
      vertex 28.4563 27.1978 0
      vertex 20.8712 12.05 0
      vertex 28.3418 27.1858 0
    endloop
  endfacet
  facet normal 0 0 -1
    outer loop
      vertex 23.8918 -3 0
      vertex 27.6852 -27.3617 0
      vertex 27.592 -27.4294 0
    endloop
  endfacet
  facet normal -0 0 -1
    outer loop
      vertex 28.3418 27.1858 0
      vertex 20.8712 12.05 0
      vertex 28.2267 27.1858 0
    endloop
  endfacet
  facet normal 0 0 -1
    outer loop
      vertex 23.8918 -3 0
      vertex 27.592 -27.4294 0
      vertex 27.5065 -27.5065 0
    endloop
  endfacet
  facet normal 0 0 -1
    outer loop
      vertex 19.4973 14.1656 0
      vertex 28.2267 27.1858 0
      vertex 20.8712 12.05 0
    endloop
  endfacet
  facet normal 0 0 -1
    outer loop
      vertex 23.8918 -3 0
      vertex 27.5065 -27.5065 0
      vertex 27.4294 -27.592 0
    endloop
  endfacet
  facet normal -0 0 -1
    outer loop
      vertex 28.2267 27.1858 0
      vertex 19.4973 14.1656 0
      vertex 28.1122 27.1978 0
    endloop
  endfacet
  facet normal 0 0 -1
    outer loop
      vertex 23.8918 -3 0
      vertex 27.4294 -27.592 0
      vertex 27.3617 -27.6852 0
    endloop
  endfacet
  facet normal -0 0 -1
    outer loop
      vertex 28.1122 27.1978 0
      vertex 19.4973 14.1656 0
      vertex 27.9996 27.2218 0
    endloop
  endfacet
  facet normal 0 0 -1
    outer loop
      vertex 23.8918 -3 0
      vertex 27.3617 -27.6852 0
      vertex 27.3042 -27.7849 0
    endloop
  endfacet
  facet normal -0 0 -1
    outer loop
      vertex 27.9996 27.2218 0
      vertex 19.4973 14.1656 0
      vertex 27.8901 27.2573 0
    endloop
  endfacet
  facet normal 0 0 -1
    outer loop
      vertex 23.8918 -3 0
      vertex 27.3042 -27.7849 0
      vertex 27.2573 -27.8901 0
    endloop
  endfacet
  facet normal 0 0 -1
    outer loop
      vertex 17.9098 16.126 0
      vertex 27.8901 27.2573 0
      vertex 19.4973 14.1656 0
    endloop
  endfacet
  facet normal 0 0 -1
    outer loop
      vertex 23.8918 -3 0
      vertex 27.2573 -27.8901 0
      vertex 27.2218 -27.9996 0
    endloop
  endfacet
  facet normal -0 0 -1
    outer loop
      vertex 27.8901 27.2573 0
      vertex 17.9098 16.126 0
      vertex 27.7849 27.3042 0
    endloop
  endfacet
  facet normal 0 0 -1
    outer loop
      vertex 23.8918 -3 0
      vertex 27.2218 -27.9996 0
      vertex 27.1978 -28.1122 0
    endloop
  endfacet
  facet normal -0 0 -1
    outer loop
      vertex 27.7849 27.3042 0
      vertex 17.9098 16.126 0
      vertex 27.6852 27.3617 0
    endloop
  endfacet
  facet normal -0 0 -1
    outer loop
      vertex 27.1858 -28.3418 0
      vertex 25.3813 -37.2994 0
      vertex 27.1858 -28.2267 0
    endloop
  endfacet
  facet normal -0 0 -1
    outer loop
      vertex 27.1858 -28.2267 0
      vertex 25.3813 -37.2994 0
      vertex 27.1978 -28.1122 0
    endloop
  endfacet
  facet normal 0 0 -1
    outer loop
      vertex 47.3011 -17.5 0
      vertex 55 17.5 0
      vertex 55 -17.5 0
    endloop
  endfacet
  facet normal 0 0 -1
    outer loop
      vertex 47.3011 -17.5 0
      vertex 47.3011 17.5 0
      vertex 55 17.5 0
    endloop
  endfacet
  facet normal 0 0 -1
    outer loop
      vertex 29.3112 -27.8901 0
      vertex 40.8554 -29.6832 0
      vertex 29.3468 -27.9996 0
    endloop
  endfacet
  facet normal 0 0 -1
    outer loop
      vertex 29.2644 -27.7849 0
      vertex 40.8554 -29.6832 0
      vertex 29.3112 -27.8901 0
    endloop
  endfacet
  facet normal 0 0 -1
    outer loop
      vertex 29.3468 -27.9996 0
      vertex 40.8554 -29.6832 0
      vertex 29.3707 -28.1122 0
    endloop
  endfacet
  facet normal 0 0 -1
    outer loop
      vertex 29.2068 -27.6852 0
      vertex 40.8554 -29.6832 0
      vertex 29.2644 -27.7849 0
    endloop
  endfacet
  facet normal 0 0 -1
    outer loop
      vertex 29.3707 -28.1122 0
      vertex 40.8554 -29.6832 0
      vertex 29.3828 -28.2267 0
    endloop
  endfacet
  facet normal 0 0 -1
    outer loop
      vertex 47.3011 17.5 0
      vertex 29.3828 28.2267 0
      vertex 46.134 20.5402 0
    endloop
  endfacet
  facet normal 0 0 -1
    outer loop
      vertex 29.3828 -28.3418 0
      vertex 40.8554 -29.6832 0
      vertex 37.5288 -33.7911 0
    endloop
  endfacet
  facet normal 0 0 -1
    outer loop
      vertex 46.134 20.5402 0
      vertex 29.3828 28.2267 0
      vertex 43.7343 25.25 0
    endloop
  endfacet
  facet normal 0 0 -1
    outer loop
      vertex 29.0621 -29.0621 0
      vertex 37.5288 -33.7911 0
      vertex 33.7911 -37.5288 0
    endloop
  endfacet
  facet normal 0 0 -1
    outer loop
      vertex 43.7343 25.25 0
      vertex 29.3828 28.2267 0
      vertex 40.8554 29.6832 0
    endloop
  endfacet
  facet normal 0 0 -1
    outer loop
      vertex 25.5972 -38.1051 0
      vertex 33.7911 -37.5288 0
      vertex 29.6832 -40.8554 0
    endloop
  endfacet
  facet normal 0 0 -1
    outer loop
      vertex 29.3828 28.3418 0
      vertex 40.8554 29.6832 0
      vertex 29.3828 28.2267 0
    endloop
  endfacet
  facet normal 0 0 -1
    outer loop
      vertex 40.8554 -29.6832 0
      vertex 29.3828 -28.3418 0
      vertex 29.3828 -28.2267 0
    endloop
  endfacet
  facet normal 0 0 -1
    outer loop
      vertex 37.5288 -33.7911 0
      vertex 29.3707 -28.4563 0
      vertex 29.3828 -28.3418 0
    endloop
  endfacet
  facet normal 0 0 -1
    outer loop
      vertex 37.5288 -33.7911 0
      vertex 29.3468 -28.569 0
      vertex 29.3707 -28.4563 0
    endloop
  endfacet
  facet normal 0 0 -1
    outer loop
      vertex 37.5288 -33.7911 0
      vertex 29.3112 -28.6785 0
      vertex 29.3468 -28.569 0
    endloop
  endfacet
  facet normal 0 0 -1
    outer loop
      vertex 37.5288 -33.7911 0
      vertex 29.2644 -28.7837 0
      vertex 29.3112 -28.6785 0
    endloop
  endfacet
  facet normal 0 0 -1
    outer loop
      vertex 37.5288 -33.7911 0
      vertex 29.2068 -28.8834 0
      vertex 29.2644 -28.7837 0
    endloop
  endfacet
  facet normal 0 0 -1
    outer loop
      vertex 37.5288 -33.7911 0
      vertex 29.1391 -28.9765 0
      vertex 29.2068 -28.8834 0
    endloop
  endfacet
  facet normal 0 0 -1
    outer loop
      vertex 37.5288 -33.7911 0
      vertex 29.0621 -29.0621 0
      vertex 29.1391 -28.9765 0
    endloop
  endfacet
  facet normal 0 0 -1
    outer loop
      vertex 33.7911 -37.5288 0
      vertex 28.9765 -29.1391 0
      vertex 29.0621 -29.0621 0
    endloop
  endfacet
  facet normal 0 0 -1
    outer loop
      vertex 33.7911 -37.5288 0
      vertex 28.8834 -29.2068 0
      vertex 28.9765 -29.1391 0
    endloop
  endfacet
  facet normal 0 0 -1
    outer loop
      vertex 33.7911 -37.5288 0
      vertex 28.7837 -29.2644 0
      vertex 28.8834 -29.2068 0
    endloop
  endfacet
  facet normal 0 0 -1
    outer loop
      vertex 33.7911 -37.5288 0
      vertex 28.6785 -29.3112 0
      vertex 28.7837 -29.2644 0
    endloop
  endfacet
  facet normal 0 0 -1
    outer loop
      vertex 25.3813 -37.2994 0
      vertex 33.7911 -37.5288 0
      vertex 25.5972 -38.1051 0
    endloop
  endfacet
  facet normal 0 0 -1
    outer loop
      vertex 33.7911 -37.5288 0
      vertex 28.569 -29.3468 0
      vertex 28.6785 -29.3112 0
    endloop
  endfacet
  facet normal 0 0 -1
    outer loop
      vertex 25.3813 -37.2994 0
      vertex 28.569 -29.3468 0
      vertex 33.7911 -37.5288 0
    endloop
  endfacet
  facet normal 0 0 -1
    outer loop
      vertex 28.569 -29.3468 0
      vertex 25.3813 -37.2994 0
      vertex 28.4563 -29.3707 0
    endloop
  endfacet
  facet normal 0 0 -1
    outer loop
      vertex 28.4563 -29.3707 0
      vertex 25.3813 -37.2994 0
      vertex 28.3418 -29.3828 0
    endloop
  endfacet
  facet normal -0 0 -1
    outer loop
      vertex 28.3418 -29.3828 0
      vertex 25.3813 -37.2994 0
      vertex 28.2267 -29.3828 0
    endloop
  endfacet
  facet normal -0 0 -1
    outer loop
      vertex 28.2267 -29.3828 0
      vertex 25.3813 -37.2994 0
      vertex 28.1122 -29.3707 0
    endloop
  endfacet
  facet normal -0 0 -1
    outer loop
      vertex 28.1122 -29.3707 0
      vertex 25.3813 -37.2994 0
      vertex 27.9996 -29.3468 0
    endloop
  endfacet
  facet normal -0 0 -1
    outer loop
      vertex 27.9996 -29.3468 0
      vertex 25.3813 -37.2994 0
      vertex 27.8901 -29.3112 0
    endloop
  endfacet
  facet normal -0 0 -1
    outer loop
      vertex 27.8901 -29.3112 0
      vertex 25.3813 -37.2994 0
      vertex 27.7849 -29.2644 0
    endloop
  endfacet
  facet normal -0 0 -1
    outer loop
      vertex 27.7849 -29.2644 0
      vertex 25.3813 -37.2994 0
      vertex 27.6852 -29.2068 0
    endloop
  endfacet
  facet normal -0 0 -1
    outer loop
      vertex 27.6852 -29.2068 0
      vertex 25.3813 -37.2994 0
      vertex 27.592 -29.1391 0
    endloop
  endfacet
  facet normal -0 0 -1
    outer loop
      vertex 27.592 -29.1391 0
      vertex 25.3813 -37.2994 0
      vertex 27.5065 -29.0621 0
    endloop
  endfacet
  facet normal -0 0 -1
    outer loop
      vertex 27.5065 -29.0621 0
      vertex 25.3813 -37.2994 0
      vertex 27.4294 -28.9765 0
    endloop
  endfacet
  facet normal -0 0 -1
    outer loop
      vertex 27.4294 -28.9765 0
      vertex 25.3813 -37.2994 0
      vertex 27.3617 -28.8834 0
    endloop
  endfacet
  facet normal -0 0 -1
    outer loop
      vertex 27.3617 -28.8834 0
      vertex 25.3813 -37.2994 0
      vertex 27.3042 -28.7837 0
    endloop
  endfacet
  facet normal -0 0 -1
    outer loop
      vertex 27.3042 -28.7837 0
      vertex 25.3813 -37.2994 0
      vertex 27.2573 -28.6785 0
    endloop
  endfacet
  facet normal -0 0 -1
    outer loop
      vertex 27.1978 -28.4563 0
      vertex 25.3813 -37.2994 0
      vertex 27.1858 -28.3418 0
    endloop
  endfacet
  facet normal 0 0 -1
    outer loop
      vertex 23.8918 -3 0
      vertex 27.1978 -28.1122 0
      vertex 25.3813 -37.2994 0
    endloop
  endfacet
  facet normal 0 0 -1
    outer loop
      vertex 27.1978 28.1122 0
      vertex 25.5972 38.1051 0
      vertex 27.1858 28.2267 0
    endloop
  endfacet
  facet normal -0 0 -1
    outer loop
      vertex 27.2218 -28.569 0
      vertex 25.3813 -37.2994 0
      vertex 27.1978 -28.4563 0
    endloop
  endfacet
  facet normal -0 0 -1
    outer loop
      vertex 27.2573 -28.6785 0
      vertex 25.3813 -37.2994 0
      vertex 27.2218 -28.569 0
    endloop
  endfacet
  facet normal 0 0 -1
    outer loop
      vertex 25.1153 -39.9037 0
      vertex 29.6832 -40.8554 0
      vertex 25.25 -43.7343 0
    endloop
  endfacet
  facet normal 0 0 -1
    outer loop
      vertex 29.6832 -40.8554 0
      vertex 25.1153 -39.9037 0
      vertex 25.5972 -38.1051 0
    endloop
  endfacet
  facet normal 0 0 -1
    outer loop
      vertex 25.25 -43.7343 0
      vertex 24.5255 -40.4936 0
      vertex 25.1153 -39.9037 0
    endloop
  endfacet
  facet normal 0 0 -1
    outer loop
      vertex 25.25 -43.7343 0
      vertex 23.7986 -41.2204 0
      vertex 24.5255 -40.4936 0
    endloop
  endfacet
  facet normal 0 0 -1
    outer loop
      vertex 25.25 -43.7343 0
      vertex 22.8057 -41.4865 0
      vertex 23.7986 -41.2204 0
    endloop
  endfacet
  facet normal 0 0 -1
    outer loop
      vertex 25.25 -43.7343 0
      vertex 22 -41.7024 0
      vertex 22.8057 -41.4865 0
    endloop
  endfacet
  facet normal 0 0 -1
    outer loop
      vertex 20.5402 -46.134 0
      vertex 22 -41.7024 0
      vertex 25.25 -43.7343 0
    endloop
  endfacet
  facet normal 0 0 -1
    outer loop
      vertex 20.5402 -46.134 0
      vertex 20.2014 -41.2204 0
      vertex 22 -41.7024 0
    endloop
  endfacet
  facet normal 0 0 -1
    outer loop
      vertex 20.5402 -46.134 0
      vertex 19.6115 -40.6306 0
      vertex 20.2014 -41.2204 0
    endloop
  endfacet
  facet normal 0 0 -1
    outer loop
      vertex 15.6054 -48.0284 0
      vertex 19.6115 -40.6306 0
      vertex 20.5402 -46.134 0
    endloop
  endfacet
  facet normal -0 0 -1
    outer loop
      vertex 19.6115 -40.6306 0
      vertex 15.6054 -48.0284 0
      vertex 18.8847 -39.9037 0
    endloop
  endfacet
  facet normal -0 0 -1
    outer loop
      vertex 18.8847 -39.9037 0
      vertex 15.6054 -48.0284 0
      vertex 18.6187 -38.9109 0
    endloop
  endfacet
  facet normal 0 0 -1
    outer loop
      vertex 22 -34.5079 0
      vertex 16.126 -17.9098 0
      vertex 17.9098 -16.126 0
    endloop
  endfacet
  facet normal 0 0 -1
    outer loop
      vertex 10.4995 -49.3965 0
      vertex 18.6187 -38.9109 0
      vertex 15.6054 -48.0284 0
    endloop
  endfacet
  facet normal -0 0 -1
    outer loop
      vertex 18.6187 -38.9109 0
      vertex 10.4995 -49.3965 0
      vertex 18.4028 -38.1051 0
    endloop
  endfacet
  facet normal 0 0 -1
    outer loop
      vertex 22 -34.5079 0
      vertex 14.1656 -19.4973 0
      vertex 16.126 -17.9098 0
    endloop
  endfacet
  facet normal 0 0 -1
    outer loop
      vertex 20.2014 -34.9898 0
      vertex 12.05 -20.8712 0
      vertex 14.1656 -19.4973 0
    endloop
  endfacet
  facet normal 0 0 -1
    outer loop
      vertex 5.27869 -50.2234 0
      vertex 18.4028 -38.1051 0
      vertex 10.4995 -49.3965 0
    endloop
  endfacet
  facet normal 0 0 -1
    outer loop
      vertex 20.2014 -34.9898 0
      vertex 9.80235 -22.0164 0
      vertex 12.05 -20.8712 0
    endloop
  endfacet
  facet normal 0 0 -1
    outer loop
      vertex 18.8847 -36.3065 0
      vertex 7.44731 -22.9205 0
      vertex 9.80235 -22.0164 0
    endloop
  endfacet
  facet normal 0 0 -1
    outer loop
      vertex 2.51914 -23.968 0
      vertex 18.4028 -38.1051 0
      vertex 5.27869 -50.2234 0
    endloop
  endfacet
  facet normal 0 0 -1
    outer loop
      vertex 18.8847 -36.3065 0
      vertex 5.01067 -23.5734 0
      vertex 7.44731 -22.9205 0
    endloop
  endfacet
  facet normal 0 0 -1
    outer loop
      vertex 18.4028 -38.1051 0
      vertex 2.51914 -23.968 0
      vertex 5.01067 -23.5734 0
    endloop
  endfacet
  facet normal 0 0 -1
    outer loop
      vertex 0 -50.5 0
      vertex 2.51914 -23.968 0
      vertex 5.27869 -50.2234 0
    endloop
  endfacet
  facet normal 0 0 -1
    outer loop
      vertex 0 -50.5 0
      vertex 0 -24.1 0
      vertex 2.51914 -23.968 0
    endloop
  endfacet
  facet normal 0 0 -1
    outer loop
      vertex 0 -50.5 0
      vertex -2.51914 -23.968 0
      vertex 0 -24.1 0
    endloop
  endfacet
  facet normal 0 0 -1
    outer loop
      vertex -5.27869 -50.2234 0
      vertex -2.51914 -23.968 0
      vertex 0 -50.5 0
    endloop
  endfacet
  facet normal -0 0 -1
    outer loop
      vertex -2.51914 -23.968 0
      vertex -5.27869 -50.2234 0
      vertex -5.01067 -23.5734 0
    endloop
  endfacet
  facet normal 0 0 -1
    outer loop
      vertex -10.4995 -49.3965 0
      vertex -5.01067 -23.5734 0
      vertex -5.27869 -50.2234 0
    endloop
  endfacet
  facet normal -0 0 -1
    outer loop
      vertex -5.01067 -23.5734 0
      vertex -10.4995 -49.3965 0
      vertex -7.44731 -22.9205 0
    endloop
  endfacet
  facet normal 0 0 -1
    outer loop
      vertex -15.6054 -48.0284 0
      vertex -7.44731 -22.9205 0
      vertex -10.4995 -49.3965 0
    endloop
  endfacet
  facet normal -0 0 -1
    outer loop
      vertex 40.8554 29.6832 0
      vertex 29.3828 28.3418 0
      vertex 37.5288 33.7911 0
    endloop
  endfacet
  facet normal 0 0 -1
    outer loop
      vertex 29.3707 28.4563 0
      vertex 37.5288 33.7911 0
      vertex 29.3828 28.3418 0
    endloop
  endfacet
  facet normal 0 0 -1
    outer loop
      vertex 29.3468 28.569 0
      vertex 37.5288 33.7911 0
      vertex 29.3707 28.4563 0
    endloop
  endfacet
  facet normal 0 0 -1
    outer loop
      vertex 29.3112 28.6785 0
      vertex 37.5288 33.7911 0
      vertex 29.3468 28.569 0
    endloop
  endfacet
  facet normal 0 0 -1
    outer loop
      vertex 29.2644 28.7837 0
      vertex 37.5288 33.7911 0
      vertex 29.3112 28.6785 0
    endloop
  endfacet
  facet normal 0 0 -1
    outer loop
      vertex 29.2068 28.8834 0
      vertex 37.5288 33.7911 0
      vertex 29.2644 28.7837 0
    endloop
  endfacet
  facet normal 0 0 -1
    outer loop
      vertex 29.1391 28.9765 0
      vertex 37.5288 33.7911 0
      vertex 29.2068 28.8834 0
    endloop
  endfacet
  facet normal 0 0 -1
    outer loop
      vertex 29.0621 29.0621 0
      vertex 37.5288 33.7911 0
      vertex 29.1391 28.9765 0
    endloop
  endfacet
  facet normal -0 0 -1
    outer loop
      vertex 37.5288 33.7911 0
      vertex 29.0621 29.0621 0
      vertex 33.7911 37.5288 0
    endloop
  endfacet
  facet normal 0 0 -1
    outer loop
      vertex 28.9765 29.1391 0
      vertex 33.7911 37.5288 0
      vertex 29.0621 29.0621 0
    endloop
  endfacet
  facet normal 0 0 -1
    outer loop
      vertex 28.8834 29.2068 0
      vertex 33.7911 37.5288 0
      vertex 28.9765 29.1391 0
    endloop
  endfacet
  facet normal 0 0 -1
    outer loop
      vertex 28.7837 29.2644 0
      vertex 33.7911 37.5288 0
      vertex 28.8834 29.2068 0
    endloop
  endfacet
  facet normal 0 0 -1
    outer loop
      vertex 28.6785 29.3112 0
      vertex 33.7911 37.5288 0
      vertex 28.7837 29.2644 0
    endloop
  endfacet
  facet normal 0 0 -1
    outer loop
      vertex 28.569 29.3468 0
      vertex 33.7911 37.5288 0
      vertex 28.6785 29.3112 0
    endloop
  endfacet
  facet normal 0 0 -1
    outer loop
      vertex 28.4563 29.3707 0
      vertex 33.7911 37.5288 0
      vertex 28.569 29.3468 0
    endloop
  endfacet
  facet normal -0 0 -1
    outer loop
      vertex 33.7911 37.5288 0
      vertex 28.4563 29.3707 0
      vertex 25.5972 38.1051 0
    endloop
  endfacet
  facet normal 0 0 -1
    outer loop
      vertex 25.5972 38.1051 0
      vertex 28.4563 29.3707 0
      vertex 28.3418 29.3828 0
    endloop
  endfacet
  facet normal 0 0 -1
    outer loop
      vertex 25.5972 38.1051 0
      vertex 28.3418 29.3828 0
      vertex 28.2267 29.3828 0
    endloop
  endfacet
  facet normal 0 0 -1
    outer loop
      vertex 25.5972 38.1051 0
      vertex 28.2267 29.3828 0
      vertex 28.1122 29.3707 0
    endloop
  endfacet
  facet normal 0 0 -1
    outer loop
      vertex 25.5972 38.1051 0
      vertex 28.1122 29.3707 0
      vertex 27.9996 29.3468 0
    endloop
  endfacet
  facet normal 0 0 -1
    outer loop
      vertex 25.5972 38.1051 0
      vertex 27.9996 29.3468 0
      vertex 27.8901 29.3112 0
    endloop
  endfacet
  facet normal 0 0 -1
    outer loop
      vertex 25.5972 38.1051 0
      vertex 27.8901 29.3112 0
      vertex 27.7849 29.2644 0
    endloop
  endfacet
  facet normal 0 0 -1
    outer loop
      vertex 25.5972 38.1051 0
      vertex 27.7849 29.2644 0
      vertex 27.6852 29.2068 0
    endloop
  endfacet
  facet normal 0 0 -1
    outer loop
      vertex 25.5972 38.1051 0
      vertex 27.6852 29.2068 0
      vertex 27.592 29.1391 0
    endloop
  endfacet
  facet normal 0 0 -1
    outer loop
      vertex 25.5972 38.1051 0
      vertex 27.592 29.1391 0
      vertex 27.5065 29.0621 0
    endloop
  endfacet
  facet normal 0 0 -1
    outer loop
      vertex 25.5972 38.1051 0
      vertex 27.5065 29.0621 0
      vertex 27.4294 28.9765 0
    endloop
  endfacet
  facet normal 0 0 -1
    outer loop
      vertex 25.5972 38.1051 0
      vertex 27.4294 28.9765 0
      vertex 27.3617 28.8834 0
    endloop
  endfacet
  facet normal 0 0 -1
    outer loop
      vertex 25.5972 38.1051 0
      vertex 27.3617 28.8834 0
      vertex 27.3042 28.7837 0
    endloop
  endfacet
  facet normal 0 0 -1
    outer loop
      vertex 25.5972 38.1051 0
      vertex 27.3042 28.7837 0
      vertex 27.2573 28.6785 0
    endloop
  endfacet
  facet normal 0 0 -1
    outer loop
      vertex 25.5972 38.1051 0
      vertex 27.2573 28.6785 0
      vertex 27.2218 28.569 0
    endloop
  endfacet
  facet normal 0 0 -1
    outer loop
      vertex 25.5972 38.1051 0
      vertex 27.2218 28.569 0
      vertex 27.1978 28.4563 0
    endloop
  endfacet
  facet normal 0 0 -1
    outer loop
      vertex 27.1858 28.2267 0
      vertex 25.5972 38.1051 0
      vertex 27.1858 28.3418 0
    endloop
  endfacet
  facet normal 0 0 -1
    outer loop
      vertex 25.5972 38.1051 0
      vertex 27.1978 28.4563 0
      vertex 27.1858 28.3418 0
    endloop
  endfacet
  facet normal 0 0 -1
    outer loop
      vertex 33.7911 37.5288 0
      vertex 25.5972 38.1051 0
      vertex 29.6832 40.8554 0
    endloop
  endfacet
  facet normal 0 0 -1
    outer loop
      vertex 25.1153 39.9037 0
      vertex 29.6832 40.8554 0
      vertex 25.5972 38.1051 0
    endloop
  endfacet
  facet normal -0 0 -1
    outer loop
      vertex 29.6832 40.8554 0
      vertex 25.1153 39.9037 0
      vertex 25.25 43.7343 0
    endloop
  endfacet
  facet normal 0 0 -1
    outer loop
      vertex 24.5255 40.4936 0
      vertex 25.25 43.7343 0
      vertex 25.1153 39.9037 0
    endloop
  endfacet
  facet normal 0 0 -1
    outer loop
      vertex 23.7986 41.2204 0
      vertex 25.25 43.7343 0
      vertex 24.5255 40.4936 0
    endloop
  endfacet
  facet normal 0 0 -1
    outer loop
      vertex 22.8057 41.4865 0
      vertex 25.25 43.7343 0
      vertex 23.7986 41.2204 0
    endloop
  endfacet
  facet normal 0 0 -1
    outer loop
      vertex 22 41.7024 0
      vertex 25.25 43.7343 0
      vertex 22.8057 41.4865 0
    endloop
  endfacet
  facet normal 0 0 -1
    outer loop
      vertex 22 41.7024 0
      vertex 20.5402 46.134 0
      vertex 25.25 43.7343 0
    endloop
  endfacet
  facet normal 0 0 -1
    outer loop
      vertex 20.2014 41.2204 0
      vertex 20.5402 46.134 0
      vertex 22 41.7024 0
    endloop
  endfacet
  facet normal 0 0 -1
    outer loop
      vertex 19.6115 40.6306 0
      vertex 20.5402 46.134 0
      vertex 20.2014 41.2204 0
    endloop
  endfacet
  facet normal 0 0 -1
    outer loop
      vertex 15.6054 48.0284 0
      vertex 19.6115 40.6306 0
      vertex 18.8847 39.9037 0
    endloop
  endfacet
  facet normal 0 0 -1
    outer loop
      vertex 15.6054 48.0284 0
      vertex 18.8847 39.9037 0
      vertex 18.6187 38.9109 0
    endloop
  endfacet
  facet normal 0 0 -1
    outer loop
      vertex 10.4995 49.3965 0
      vertex 18.6187 38.9109 0
      vertex 18.4028 38.1051 0
    endloop
  endfacet
  facet normal 0 0 -1
    outer loop
      vertex 9.80235 22.0164 0
      vertex 20.2014 34.9898 0
      vertex 12.05 20.8712 0
    endloop
  endfacet
  facet normal 0 0 -1
    outer loop
      vertex 19.6115 40.6306 0
      vertex 15.6054 48.0284 0
      vertex 20.5402 46.134 0
    endloop
  endfacet
  facet normal -0 0 -1
    outer loop
      vertex 20.2014 34.9898 0
      vertex 9.80235 22.0164 0
      vertex 19.4745 35.7166 0
    endloop
  endfacet
  facet normal -0 0 -1
    outer loop
      vertex 19.4745 35.7166 0
      vertex 9.80235 22.0164 0
      vertex 18.8847 36.3065 0
    endloop
  endfacet
  facet normal 0 0 -1
    outer loop
      vertex 7.44731 22.9205 0
      vertex 18.8847 36.3065 0
      vertex 9.80235 22.0164 0
    endloop
  endfacet
  facet normal 0 0 -1
    outer loop
      vertex 5.01067 23.5734 0
      vertex 18.8847 36.3065 0
      vertex 7.44731 22.9205 0
    endloop
  endfacet
  facet normal -0 0 -1
    outer loop
      vertex 18.8847 36.3065 0
      vertex 5.01067 23.5734 0
      vertex 18.4028 38.1051 0
    endloop
  endfacet
  facet normal 0 0 -1
    outer loop
      vertex 18.6187 38.9109 0
      vertex 10.4995 49.3965 0
      vertex 15.6054 48.0284 0
    endloop
  endfacet
  facet normal 0 0 -1
    outer loop
      vertex 2.51914 23.968 0
      vertex 18.4028 38.1051 0
      vertex 5.01067 23.5734 0
    endloop
  endfacet
  facet normal 0 0 -1
    outer loop
      vertex 18.4028 38.1051 0
      vertex 5.27869 50.2234 0
      vertex 10.4995 49.3965 0
    endloop
  endfacet
  facet normal -0 0 -1
    outer loop
      vertex 18.4028 38.1051 0
      vertex 2.51914 23.968 0
      vertex 5.27869 50.2234 0
    endloop
  endfacet
  facet normal 0 0 -1
    outer loop
      vertex 0 24.1 0
      vertex 5.27869 50.2234 0
      vertex 2.51914 23.968 0
    endloop
  endfacet
  facet normal 0 0 -1
    outer loop
      vertex 0 24.1 0
      vertex 0 50.5 0
      vertex 5.27869 50.2234 0
    endloop
  endfacet
  facet normal 0 0 -1
    outer loop
      vertex -2.51914 23.968 0
      vertex 0 50.5 0
      vertex 0 24.1 0
    endloop
  endfacet
  facet normal 0 0 -1
    outer loop
      vertex -5.27869 50.2234 0
      vertex -2.51914 23.968 0
      vertex -5.01067 23.5734 0
    endloop
  endfacet
  facet normal 0 0 -1
    outer loop
      vertex -2.51914 23.968 0
      vertex -5.27869 50.2234 0
      vertex 0 50.5 0
    endloop
  endfacet
  facet normal 0 0 -1
    outer loop
      vertex -10.4995 49.3965 0
      vertex -5.01067 23.5734 0
      vertex -7.44731 22.9205 0
    endloop
  endfacet
  facet normal 0 0 -1
    outer loop
      vertex -10.4995 49.3965 0
      vertex -7.44731 22.9205 0
      vertex -9.34783 22.1909 0
    endloop
  endfacet
  facet normal 0 0 -1
    outer loop
      vertex -5.01067 23.5734 0
      vertex -10.4995 49.3965 0
      vertex -5.27869 50.2234 0
    endloop
  endfacet
  facet normal 0 0 -1
    outer loop
      vertex 27.1978 28.1122 0
      vertex 25.1153 36.3065 0
      vertex 25.3813 37.2994 0
    endloop
  endfacet
  facet normal -0 0 -1
    outer loop
      vertex 27.4294 27.592 0
      vertex 16.126 17.9098 0
      vertex 27.3617 27.6852 0
    endloop
  endfacet
  facet normal -0 0 -1
    outer loop
      vertex 27.3617 27.6852 0
      vertex 16.126 17.9098 0
      vertex 27.3042 27.7849 0
    endloop
  endfacet
  facet normal -0 0 -1
    outer loop
      vertex 27.3042 27.7849 0
      vertex 16.126 17.9098 0
      vertex 27.2573 27.8901 0
    endloop
  endfacet
  facet normal 0 0 -1
    outer loop
      vertex 27.1978 28.1122 0
      vertex 24.3885 35.5797 0
      vertex 25.1153 36.3065 0
    endloop
  endfacet
  facet normal 0 0 -1
    outer loop
      vertex 27.1978 28.1122 0
      vertex 23.7986 34.9898 0
      vertex 24.3885 35.5797 0
    endloop
  endfacet
  facet normal 0 0 -1
    outer loop
      vertex 14.1656 19.4973 0
      vertex 27.2573 27.8901 0
      vertex 16.126 17.9098 0
    endloop
  endfacet
  facet normal -0 0 -1
    outer loop
      vertex 27.2573 27.8901 0
      vertex 14.1656 19.4973 0
      vertex 27.2218 27.9996 0
    endloop
  endfacet
  facet normal 0 0 -1
    outer loop
      vertex 27.1978 28.1122 0
      vertex 22 34.5079 0
      vertex 23.7986 34.9898 0
    endloop
  endfacet
  facet normal -0 0 -1
    outer loop
      vertex 27.2218 27.9996 0
      vertex 14.1656 19.4973 0
      vertex 27.1978 28.1122 0
    endloop
  endfacet
  facet normal 0 -0 -1
    outer loop
      vertex 21.1943 34.7238 0
      vertex 27.1978 28.1122 0
      vertex 14.1656 19.4973 0
    endloop
  endfacet
  facet normal 0 0 -1
    outer loop
      vertex 27.1978 28.1122 0
      vertex 21.1943 34.7238 0
      vertex 22 34.5079 0
    endloop
  endfacet
  facet normal -0 0 -1
    outer loop
      vertex 21.1943 34.7238 0
      vertex 14.1656 19.4973 0
      vertex 20.2014 34.9898 0
    endloop
  endfacet
  facet normal 0 0 -1
    outer loop
      vertex 12.05 20.8712 0
      vertex 20.2014 34.9898 0
      vertex 14.1656 19.4973 0
    endloop
  endfacet
  facet normal 0.933581 0.358368 0
    outer loop
      vertex 7.40582 3 9
      vertex 7.30836 3.25389 0
      vertex 7.30836 3.25389 9
    endloop
  endfacet
  facet normal 0.933581 0.358368 0
    outer loop
      vertex 7.30836 3.25389 0
      vertex 7.40582 3 9
      vertex 7.40582 3 0
    endloop
  endfacet
  facet normal 0.358368 0.93358 -0
    outer loop
      vertex 3.25389 7.30836 0
      vertex 2.47214 7.60845 9
      vertex 3.25389 7.30836 9
    endloop
  endfacet
  facet normal 0.358368 0.93358 0
    outer loop
      vertex 2.47214 7.60845 9
      vertex 3.25389 7.30836 0
      vertex 2.47214 7.60845 0
    endloop
  endfacet
  facet normal -0.838671 0.544638 0
    outer loop
      vertex -6.9282 4 0
      vertex -6.47214 4.70228 9
      vertex -6.47214 4.70228 0
    endloop
  endfacet
  facet normal -0.838671 0.544638 0
    outer loop
      vertex -6.47214 4.70228 9
      vertex -6.9282 4 0
      vertex -6.9282 4 9
    endloop
  endfacet
  facet normal -0.777145 0.629321 0
    outer loop
      vertex -6.47214 4.70228 0
      vertex -6.30099 4.91363 9
      vertex -6.30099 4.91363 0
    endloop
  endfacet
  facet normal -0.777145 0.629321 0
    outer loop
      vertex -6.30099 4.91363 9
      vertex -6.47214 4.70228 0
      vertex -6.47214 4.70228 9
    endloop
  endfacet
  facet normal -0.0523363 0.99863 0
    outer loop
      vertex 0 8 0
      vertex -0.836227 7.95617 9
      vertex 0 8 9
    endloop
  endfacet
  facet normal -0.0523363 0.99863 0
    outer loop
      vertex -0.836227 7.95617 9
      vertex 0 8 0
      vertex -0.836227 7.95617 0
    endloop
  endfacet
  facet normal 0.891006 -0.453991 0
    outer loop
      vertex 6.9282 -4 9
      vertex 7.30836 -3.25389 0
      vertex 7.30836 -3.25389 9
    endloop
  endfacet
  facet normal 0.891006 -0.453991 0
    outer loop
      vertex 7.30836 -3.25389 0
      vertex 6.9282 -4 9
      vertex 6.9282 -4 0
    endloop
  endfacet
  facet normal 0.258818 -0.965926 0
    outer loop
      vertex 1.66329 -7.82518 0
      vertex 2.47214 -7.60845 9
      vertex 1.66329 -7.82518 9
    endloop
  endfacet
  facet normal 0.258818 -0.965926 0
    outer loop
      vertex 2.47214 -7.60845 9
      vertex 1.66329 -7.82518 0
      vertex 2.47214 -7.60845 0
    endloop
  endfacet
  facet normal 0.707107 -0.707107 0
    outer loop
      vertex 5.35304 -5.94516 9
      vertex 5.94516 -5.35304 0
      vertex 5.94516 -5.35304 9
    endloop
  endfacet
  facet normal 0.707107 -0.707107 0
    outer loop
      vertex 5.94516 -5.35304 0
      vertex 5.35304 -5.94516 9
      vertex 5.35304 -5.94516 0
    endloop
  endfacet
  facet normal -0.777145 -0.629321 0
    outer loop
      vertex -6.30099 -4.91363 0
      vertex -6.47214 -4.70228 9
      vertex -6.47214 -4.70228 0
    endloop
  endfacet
  facet normal -0.777145 -0.629321 0
    outer loop
      vertex -6.47214 -4.70228 9
      vertex -6.30099 -4.91363 0
      vertex -6.30099 -4.91363 9
    endloop
  endfacet
  facet normal -0.838671 -0.544638 0
    outer loop
      vertex -6.47214 -4.70228 0
      vertex -6.9282 -4 9
      vertex -6.9282 -4 0
    endloop
  endfacet
  facet normal -0.838671 -0.544638 0
    outer loop
      vertex -6.9282 -4 9
      vertex -6.47214 -4.70228 0
      vertex -6.47214 -4.70228 9
    endloop
  endfacet
  facet normal -0.99863 -0.0523363 0
    outer loop
      vertex -7.95617 -0.836227 0
      vertex -8 0 9
      vertex -8 0 0
    endloop
  endfacet
  facet normal -0.99863 -0.0523363 0
    outer loop
      vertex -8 0 9
      vertex -7.95617 -0.836227 0
      vertex -7.95617 -0.836227 9
    endloop
  endfacet
  facet normal 0.838671 0.544638 0
    outer loop
      vertex 6.9282 4 9
      vertex 6.47214 4.70228 0
      vertex 6.47214 4.70228 9
    endloop
  endfacet
  facet normal 0.838671 0.544638 0
    outer loop
      vertex 6.47214 4.70228 0
      vertex 6.9282 4 9
      vertex 6.9282 4 0
    endloop
  endfacet
  facet normal 0.891006 0.453991 0
    outer loop
      vertex 7.30836 3.25389 9
      vertex 6.9282 4 0
      vertex 6.9282 4 9
    endloop
  endfacet
  facet normal 0.891006 0.453991 0
    outer loop
      vertex 6.9282 4 0
      vertex 7.30836 3.25389 9
      vertex 7.30836 3.25389 0
    endloop
  endfacet
  facet normal 0.258818 0.965926 -0
    outer loop
      vertex 2.47214 7.60845 0
      vertex 1.66329 7.82518 9
      vertex 2.47214 7.60845 9
    endloop
  endfacet
  facet normal 0.258818 0.965926 0
    outer loop
      vertex 1.66329 7.82518 9
      vertex 2.47214 7.60845 0
      vertex 1.66329 7.82518 0
    endloop
  endfacet
  facet normal 0.156435 0.987688 -0
    outer loop
      vertex 1.66329 7.82518 0
      vertex 0.836227 7.95617 9
      vertex 1.66329 7.82518 9
    endloop
  endfacet
  facet normal 0.156435 0.987688 0
    outer loop
      vertex 0.836227 7.95617 9
      vertex 1.66329 7.82518 0
      vertex 0.836227 7.95617 0
    endloop
  endfacet
  facet normal 0.544639 0.838671 -0
    outer loop
      vertex 4.70228 6.47214 0
      vertex 4 6.9282 9
      vertex 4.70228 6.47214 9
    endloop
  endfacet
  facet normal 0.544639 0.838671 0
    outer loop
      vertex 4 6.9282 9
      vertex 4.70228 6.47214 0
      vertex 4 6.9282 0
    endloop
  endfacet
  facet normal 0.629321 0.777146 -0
    outer loop
      vertex 5.35304 5.94516 0
      vertex 4.70228 6.47214 9
      vertex 5.35304 5.94516 9
    endloop
  endfacet
  facet normal 0.629321 0.777146 0
    outer loop
      vertex 4.70228 6.47214 9
      vertex 5.35304 5.94516 0
      vertex 4.70228 6.47214 0
    endloop
  endfacet
  facet normal -0.965926 0.258818 0
    outer loop
      vertex -7.82518 1.66329 0
      vertex -7.60845 2.47214 9
      vertex -7.60845 2.47214 0
    endloop
  endfacet
  facet normal -0.965926 0.258818 0
    outer loop
      vertex -7.60845 2.47214 9
      vertex -7.82518 1.66329 0
      vertex -7.82518 1.66329 9
    endloop
  endfacet
  facet normal -0.891006 0.453991 0
    outer loop
      vertex -7.30836 3.25389 0
      vertex -6.9282 4 9
      vertex -6.9282 4 0
    endloop
  endfacet
  facet normal -0.891006 0.453991 0
    outer loop
      vertex -6.9282 4 9
      vertex -7.30836 3.25389 0
      vertex -7.30836 3.25389 9
    endloop
  endfacet
  facet normal -0.93358 0.358368 0
    outer loop
      vertex -7.60845 2.47214 0
      vertex -7.30836 3.25389 9
      vertex -7.30836 3.25389 0
    endloop
  endfacet
  facet normal -0.93358 0.358368 0
    outer loop
      vertex -7.30836 3.25389 9
      vertex -7.60845 2.47214 0
      vertex -7.60845 2.47214 9
    endloop
  endfacet
  facet normal -0.987688 0.156435 0
    outer loop
      vertex -7.95617 0.836227 0
      vertex -7.82518 1.66329 9
      vertex -7.82518 1.66329 0
    endloop
  endfacet
  facet normal -0.987688 0.156435 0
    outer loop
      vertex -7.82518 1.66329 9
      vertex -7.95617 0.836227 0
      vertex -7.95617 0.836227 9
    endloop
  endfacet
  facet normal -0 0 1
    outer loop
      vertex 7.40582 3 9
      vertex 23.8918 -3 9
      vertex 23.8918 3 9
    endloop
  endfacet
  facet normal 0 0 1
    outer loop
      vertex 7.40582 3 9
      vertex 7.40582 -3 9
      vertex 23.8918 -3 9
    endloop
  endfacet
  facet normal 0 0 1
    outer loop
      vertex 2.96902 1.32189 9
      vertex 7.40582 3 9
      vertex 7.30836 3.25389 9
    endloop
  endfacet
  facet normal 0 0 1
    outer loop
      vertex 7.40582 3 9
      vertex 3.25 0 9
      vertex 7.40582 -3 9
    endloop
  endfacet
  facet normal 0 0 1
    outer loop
      vertex 2.96902 1.32189 9
      vertex 7.30836 3.25389 9
      vertex 6.9282 4 9
    endloop
  endfacet
  facet normal -0 0 1
    outer loop
      vertex 3.2322 -0.339717 9
      vertex 7.40582 -3 9
      vertex 3.25 0 9
    endloop
  endfacet
  facet normal 0 0 1
    outer loop
      vertex 2.81458 1.625 9
      vertex 6.9282 4 9
      vertex 6.47214 4.70228 9
    endloop
  endfacet
  facet normal -0 0 1
    outer loop
      vertex 3.17898 -0.675713 9
      vertex 7.40582 -3 9
      vertex 3.2322 -0.339717 9
    endloop
  endfacet
  facet normal 0 0 1
    outer loop
      vertex 2.6293 1.9103 9
      vertex 6.47214 4.70228 9
      vertex 5.94516 5.35304 9
    endloop
  endfacet
  facet normal -0 0 1
    outer loop
      vertex 3.09093 -1.0043 9
      vertex 7.40582 -3 9
      vertex 3.17898 -0.675713 9
    endloop
  endfacet
  facet normal 0 0 1
    outer loop
      vertex 2.41522 2.17467 9
      vertex 5.94516 5.35304 9
      vertex 5.35304 5.94516 9
    endloop
  endfacet
  facet normal -0 0 1
    outer loop
      vertex 2.96902 -1.32189 9
      vertex 7.40582 -3 9
      vertex 3.09093 -1.0043 9
    endloop
  endfacet
  facet normal 0 0 1
    outer loop
      vertex 2.17467 2.41522 9
      vertex 5.35304 5.94516 9
      vertex 4.70228 6.47214 9
    endloop
  endfacet
  facet normal 0 0 1
    outer loop
      vertex 7.40582 -3 9
      vertex 2.96902 -1.32189 9
      vertex 7.30836 -3.25389 9
    endloop
  endfacet
  facet normal 0 0 1
    outer loop
      vertex 1.9103 2.6293 9
      vertex 4.70228 6.47214 9
      vertex 4 6.9282 9
    endloop
  endfacet
  facet normal 0 0 1
    outer loop
      vertex 7.30836 -3.25389 9
      vertex 2.96902 -1.32189 9
      vertex 6.9282 -4 9
    endloop
  endfacet
  facet normal 0 0 1
    outer loop
      vertex 1.625 2.81458 9
      vertex 4 6.9282 9
      vertex 3.25389 7.30836 9
    endloop
  endfacet
  facet normal -0 0 1
    outer loop
      vertex 2.81458 -1.625 9
      vertex 6.9282 -4 9
      vertex 2.96902 -1.32189 9
    endloop
  endfacet
  facet normal 0 0 1
    outer loop
      vertex 6.9282 -4 9
      vertex 2.81458 -1.625 9
      vertex 6.47214 -4.70228 9
    endloop
  endfacet
  facet normal 0 0 1
    outer loop
      vertex 7.40582 3 9
      vertex 3.2322 0.339717 9
      vertex 3.25 0 9
    endloop
  endfacet
  facet normal 0 0 1
    outer loop
      vertex 7.40582 3 9
      vertex 3.17898 0.675713 9
      vertex 3.2322 0.339717 9
    endloop
  endfacet
  facet normal 0 0 1
    outer loop
      vertex 7.40582 3 9
      vertex 3.09093 1.0043 9
      vertex 3.17898 0.675713 9
    endloop
  endfacet
  facet normal 0 0 1
    outer loop
      vertex 7.40582 3 9
      vertex 2.96902 1.32189 9
      vertex 3.09093 1.0043 9
    endloop
  endfacet
  facet normal 0 0 1
    outer loop
      vertex 6.9282 4 9
      vertex 2.81458 1.625 9
      vertex 2.96902 1.32189 9
    endloop
  endfacet
  facet normal 0 0 1
    outer loop
      vertex 6.47214 4.70228 9
      vertex 2.6293 1.9103 9
      vertex 2.81458 1.625 9
    endloop
  endfacet
  facet normal 0 0 1
    outer loop
      vertex 1.32189 2.96902 9
      vertex 3.25389 7.30836 9
      vertex 2.47214 7.60845 9
    endloop
  endfacet
  facet normal 0 0 1
    outer loop
      vertex 5.94516 5.35304 9
      vertex 2.41522 2.17467 9
      vertex 2.6293 1.9103 9
    endloop
  endfacet
  facet normal 0 0 1
    outer loop
      vertex 5.35304 5.94516 9
      vertex 2.17467 2.41522 9
      vertex 2.41522 2.17467 9
    endloop
  endfacet
  facet normal 0 0 1
    outer loop
      vertex 4.70228 6.47214 9
      vertex 1.9103 2.6293 9
      vertex 2.17467 2.41522 9
    endloop
  endfacet
  facet normal 0 0 1
    outer loop
      vertex 1.0043 3.09093 9
      vertex 2.47214 7.60845 9
      vertex 1.66329 7.82518 9
    endloop
  endfacet
  facet normal 0 0 1
    outer loop
      vertex 4 6.9282 9
      vertex 1.625 2.81458 9
      vertex 1.9103 2.6293 9
    endloop
  endfacet
  facet normal 0 0 1
    outer loop
      vertex 3.25389 7.30836 9
      vertex 1.32189 2.96902 9
      vertex 1.625 2.81458 9
    endloop
  endfacet
  facet normal 0 0 1
    outer loop
      vertex 2.47214 7.60845 9
      vertex 1.0043 3.09093 9
      vertex 1.32189 2.96902 9
    endloop
  endfacet
  facet normal 0 0 1
    outer loop
      vertex 0.675713 3.17898 9
      vertex 1.66329 7.82518 9
      vertex 0.836227 7.95617 9
    endloop
  endfacet
  facet normal 0 0 1
    outer loop
      vertex 1.66329 7.82518 9
      vertex 0.675713 3.17898 9
      vertex 1.0043 3.09093 9
    endloop
  endfacet
  facet normal 0 0 1
    outer loop
      vertex 0.836227 7.95617 9
      vertex 0.339717 3.2322 9
      vertex 0.675713 3.17898 9
    endloop
  endfacet
  facet normal 0 0 1
    outer loop
      vertex 0 8 9
      vertex 0.339717 3.2322 9
      vertex 0.836227 7.95617 9
    endloop
  endfacet
  facet normal 0 0 1
    outer loop
      vertex 0 8 9
      vertex 0 3.25 9
      vertex 0.339717 3.2322 9
    endloop
  endfacet
  facet normal 0 0 1
    outer loop
      vertex 0 8 9
      vertex -0.339717 3.2322 9
      vertex 0 3.25 9
    endloop
  endfacet
  facet normal -0 0 1
    outer loop
      vertex -0.836227 7.95617 9
      vertex -0.339717 3.2322 9
      vertex 0 8 9
    endloop
  endfacet
  facet normal -0 0 1
    outer loop
      vertex -1.10484 7.91363 9
      vertex -0.339717 3.2322 9
      vertex -0.836227 7.95617 9
    endloop
  endfacet
  facet normal 0 0 1
    outer loop
      vertex -0.339717 3.2322 9
      vertex -1.10484 7.91363 9
      vertex -0.675713 3.17898 9
    endloop
  endfacet
  facet normal 0 0 1
    outer loop
      vertex -0.675713 3.17898 9
      vertex -1.10484 7.91363 9
      vertex -1.0043 3.09093 9
    endloop
  endfacet
  facet normal 0 0 1
    outer loop
      vertex -1.10484 7.91363 9
      vertex -1.32189 2.96902 9
      vertex -1.0043 3.09093 9
    endloop
  endfacet
  facet normal 0 0 1
    outer loop
      vertex -1.10484 7.91363 9
      vertex -1.625 2.81458 9
      vertex -1.32189 2.96902 9
    endloop
  endfacet
  facet normal -0 0 1
    outer loop
      vertex -6.30099 4.91363 9
      vertex -1.625 2.81458 9
      vertex -1.10484 7.91363 9
    endloop
  endfacet
  facet normal 0 0 1
    outer loop
      vertex -1.625 2.81458 9
      vertex -6.30099 4.91363 9
      vertex -1.9103 2.6293 9
    endloop
  endfacet
  facet normal 0 0 1
    outer loop
      vertex -1.9103 2.6293 9
      vertex -6.30099 4.91363 9
      vertex -2.17467 2.41522 9
    endloop
  endfacet
  facet normal 0 0 1
    outer loop
      vertex -2.17467 2.41522 9
      vertex -6.30099 4.91363 9
      vertex -2.41522 2.17467 9
    endloop
  endfacet
  facet normal 0 0 1
    outer loop
      vertex -2.41522 2.17467 9
      vertex -6.30099 4.91363 9
      vertex -2.6293 1.9103 9
    endloop
  endfacet
  facet normal -0 0 1
    outer loop
      vertex -6.47214 4.70228 9
      vertex -2.6293 1.9103 9
      vertex -6.30099 4.91363 9
    endloop
  endfacet
  facet normal 0 0 1
    outer loop
      vertex -2.6293 1.9103 9
      vertex -6.47214 4.70228 9
      vertex -2.81458 1.625 9
    endloop
  endfacet
  facet normal 0 0 1
    outer loop
      vertex -2.96902 1.32189 9
      vertex -7.30836 3.25389 9
      vertex -3.09093 1.0043 9
    endloop
  endfacet
  facet normal -0 0 1
    outer loop
      vertex -7.30836 3.25389 9
      vertex -2.96902 1.32189 9
      vertex -6.9282 4 9
    endloop
  endfacet
  facet normal 0 0 1
    outer loop
      vertex -2.81458 1.625 9
      vertex -6.9282 4 9
      vertex -2.96902 1.32189 9
    endloop
  endfacet
  facet normal -0 0 1
    outer loop
      vertex -6.9282 4 9
      vertex -2.81458 1.625 9
      vertex -6.47214 4.70228 9
    endloop
  endfacet
  facet normal 0 0 1
    outer loop
      vertex -9.34783 22.1909 9
      vertex -6.30099 4.91363 9
      vertex -1.10484 7.91363 9
    endloop
  endfacet
  facet normal 0 0 1
    outer loop
      vertex -9.34783 22.1909 9
      vertex -14.544 19.1909 9
      vertex -6.30099 4.91363 9
    endloop
  endfacet
  facet normal 0 0 1
    outer loop
      vertex -7.44731 22.9205 9
      vertex -18.3555 38.5927 9
      vertex -9.34783 22.1909 9
    endloop
  endfacet
  facet normal 0 0 1
    outer loop
      vertex -18.3555 38.5927 9
      vertex -10.4995 49.3965 9
      vertex -15.6054 48.0284 9
    endloop
  endfacet
  facet normal 0 0 1
    outer loop
      vertex -20.6623 21.0407 9
      vertex -9.34783 22.1909 9
      vertex -18.3555 38.5927 9
    endloop
  endfacet
  facet normal 0 -0 1
    outer loop
      vertex -20.1597 20.7017 9
      vertex -9.34783 22.1909 9
      vertex -20.4021 20.8844 9
    endloop
  endfacet
  facet normal -0 -0 1
    outer loop
      vertex -19.7385 20.2656 9
      vertex -14.544 19.1909 9
      vertex -19.9377 20.4947 9
    endloop
  endfacet
  facet normal 0 0 1
    outer loop
      vertex -15.6054 48.0284 9
      vertex -20.0555 41.5372 9
      vertex -18.3555 38.5927 9
    endloop
  endfacet
  facet normal 0 0 1
    outer loop
      vertex -15.6054 48.0284 9
      vertex -20.2493 41.8356 9
      vertex -20.0555 41.5372 9
    endloop
  endfacet
  facet normal -0 0 1
    outer loop
      vertex -20.5402 46.134 9
      vertex -20.2493 41.8356 9
      vertex -15.6054 48.0284 9
    endloop
  endfacet
  facet normal 0 0 1
    outer loop
      vertex -20.2493 41.8356 9
      vertex -20.5402 46.134 9
      vertex -20.4733 42.1122 9
    endloop
  endfacet
  facet normal 0 0 1
    outer loop
      vertex -20.5402 46.134 9
      vertex -20.725 42.3639 9
      vertex -20.4733 42.1122 9
    endloop
  endfacet
  facet normal 0 0 1
    outer loop
      vertex -20.5402 46.134 9
      vertex -21.0015 42.5878 9
      vertex -20.725 42.3639 9
    endloop
  endfacet
  facet normal 0 0 1
    outer loop
      vertex -20.5402 46.134 9
      vertex -21.3 42.7817 9
      vertex -21.0015 42.5878 9
    endloop
  endfacet
  facet normal 0 0 1
    outer loop
      vertex -20.5402 46.134 9
      vertex -21.6171 42.9432 9
      vertex -21.3 42.7817 9
    endloop
  endfacet
  facet normal 0 0 1
    outer loop
      vertex -20.5402 46.134 9
      vertex -21.9493 43.0708 9
      vertex -21.6171 42.9432 9
    endloop
  endfacet
  facet normal 0 0 1
    outer loop
      vertex -20.5402 46.134 9
      vertex -22.2931 43.1629 9
      vertex -21.9493 43.0708 9
    endloop
  endfacet
  facet normal 0 0 1
    outer loop
      vertex -20.5402 46.134 9
      vertex -22.6446 43.2185 9
      vertex -22.2931 43.1629 9
    endloop
  endfacet
  facet normal 0 0 1
    outer loop
      vertex -20.5402 46.134 9
      vertex -23 43.2372 9
      vertex -22.6446 43.2185 9
    endloop
  endfacet
  facet normal 0 0 1
    outer loop
      vertex -20.5402 46.134 9
      vertex -23.3554 43.2185 9
      vertex -23 43.2372 9
    endloop
  endfacet
  facet normal -0 0 1
    outer loop
      vertex -25.25 43.7343 9
      vertex -23.3554 43.2185 9
      vertex -20.5402 46.134 9
    endloop
  endfacet
  facet normal 0 0 1
    outer loop
      vertex -23.3554 43.2185 9
      vertex -25.25 43.7343 9
      vertex -23.7069 43.1629 9
    endloop
  endfacet
  facet normal 0 0 1
    outer loop
      vertex -23.7069 43.1629 9
      vertex -25.25 43.7343 9
      vertex -24.0507 43.0708 9
    endloop
  endfacet
  facet normal 0 0 1
    outer loop
      vertex -24.0507 43.0708 9
      vertex -25.25 43.7343 9
      vertex -24.3829 42.9432 9
    endloop
  endfacet
  facet normal 0 0 1
    outer loop
      vertex -24.3829 42.9432 9
      vertex -25.25 43.7343 9
      vertex -24.7 42.7817 9
    endloop
  endfacet
  facet normal 0 0 1
    outer loop
      vertex -24.7 42.7817 9
      vertex -25.25 43.7343 9
      vertex -24.9985 42.5878 9
    endloop
  endfacet
  facet normal 0 0 1
    outer loop
      vertex -25.25 43.7343 9
      vertex -25.275 42.3639 9
      vertex -24.9985 42.5878 9
    endloop
  endfacet
  facet normal 0 0 1
    outer loop
      vertex -25.25 43.7343 9
      vertex -25.5267 42.1122 9
      vertex -25.275 42.3639 9
    endloop
  endfacet
  facet normal 0 0 1
    outer loop
      vertex -25.25 43.7343 9
      vertex -25.7507 41.8356 9
      vertex -25.5267 42.1122 9
    endloop
  endfacet
  facet normal 0 0 1
    outer loop
      vertex -29.6832 40.8554 9
      vertex -25.7507 41.8356 9
      vertex -25.25 43.7343 9
    endloop
  endfacet
  facet normal 0 0 1
    outer loop
      vertex -25.7507 41.8356 9
      vertex -29.6832 40.8554 9
      vertex -25.9445 41.5372 9
    endloop
  endfacet
  facet normal 0 0 1
    outer loop
      vertex -25.9445 41.5372 9
      vertex -29.6832 40.8554 9
      vertex -26.1061 41.2201 9
    endloop
  endfacet
  facet normal 0 0 1
    outer loop
      vertex -25.9445 -38.1372 9
      vertex -33.7911 -37.5288 9
      vertex -26.1061 -38.4543 9
    endloop
  endfacet
  facet normal 0 0 1
    outer loop
      vertex -26.3814 40.1926 9
      vertex -29.6832 40.8554 9
      vertex -26.4 39.8372 9
    endloop
  endfacet
  facet normal 0 0 1
    outer loop
      vertex -26.3257 40.5441 9
      vertex -29.6832 40.8554 9
      vertex -26.3814 40.1926 9
    endloop
  endfacet
  facet normal 0 0 1
    outer loop
      vertex -26.2336 40.8878 9
      vertex -29.6832 40.8554 9
      vertex -26.3257 40.5441 9
    endloop
  endfacet
  facet normal 0 0 1
    outer loop
      vertex -26.1061 41.2201 9
      vertex -29.6832 40.8554 9
      vertex -26.2336 40.8878 9
    endloop
  endfacet
  facet normal 0 0 1
    outer loop
      vertex 42.6 -1.04336e-014 9
      vertex 31.6341 0.303132 9
      vertex 31.65 1.10215e-015 9
    endloop
  endfacet
  facet normal 0 0 1
    outer loop
      vertex 35.1927 24.2445 9
      vertex 31.5866 0.602943 9
      vertex 31.6341 0.303132 9
    endloop
  endfacet
  facet normal 0 0 1
    outer loop
      vertex 35.1927 24.2445 9
      vertex 31.5081 0.896149 9
      vertex 31.5866 0.602943 9
    endloop
  endfacet
  facet normal 0 0 1
    outer loop
      vertex 35.1927 24.2445 9
      vertex 31.3993 1.17954 9
      vertex 31.5081 0.896149 9
    endloop
  endfacet
  facet normal 0 0 1
    outer loop
      vertex 35.1927 24.2445 9
      vertex 31.2615 1.45 9
      vertex 31.3993 1.17954 9
    endloop
  endfacet
  facet normal 0 0 1
    outer loop
      vertex 35.1927 24.2445 9
      vertex 31.0961 1.70458 9
      vertex 31.2615 1.45 9
    endloop
  endfacet
  facet normal 0 0 1
    outer loop
      vertex 35.1927 24.2445 9
      vertex 30.9051 1.94048 9
      vertex 31.0961 1.70458 9
    endloop
  endfacet
  facet normal 0 0 1
    outer loop
      vertex 35.1927 24.2445 9
      vertex 30.6905 2.15512 9
      vertex 30.9051 1.94048 9
    endloop
  endfacet
  facet normal 0 0 1
    outer loop
      vertex 35.1927 24.2445 9
      vertex 30.4546 2.34615 9
      vertex 30.6905 2.15512 9
    endloop
  endfacet
  facet normal 0 0 1
    outer loop
      vertex 20.8712 12.05 9
      vertex 35.1927 24.2445 9
      vertex 23.8759 25.5538 9
    endloop
  endfacet
  facet normal 0 0 1
    outer loop
      vertex 35.1927 24.2445 9
      vertex 30.2 2.51147 9
      vertex 30.4546 2.34615 9
    endloop
  endfacet
  facet normal 0 0 1
    outer loop
      vertex 35.1927 24.2445 9
      vertex 29.9295 2.64928 9
      vertex 30.2 2.51147 9
    endloop
  endfacet
  facet normal 0 0 1
    outer loop
      vertex 35.1927 24.2445 9
      vertex 29.6461 2.75806 9
      vertex 29.9295 2.64928 9
    endloop
  endfacet
  facet normal 0 0 1
    outer loop
      vertex 35.1927 24.2445 9
      vertex 22.0164 9.80235 9
      vertex 29.6461 2.75806 9
    endloop
  endfacet
  facet normal 0 0 1
    outer loop
      vertex 29.6461 2.75806 9
      vertex 22.0164 9.80235 9
      vertex 29.3529 2.83663 9
    endloop
  endfacet
  facet normal -0 -0 1
    outer loop
      vertex 22.9205 7.44731 9
      vertex 29.3529 2.83663 9
      vertex 22.0164 9.80235 9
    endloop
  endfacet
  facet normal 0 0 1
    outer loop
      vertex 29.3529 2.83663 9
      vertex 22.9205 7.44731 9
      vertex 29.0531 2.88411 9
    endloop
  endfacet
  facet normal 0 0 1
    outer loop
      vertex 29.0531 2.88411 9
      vertex 22.9205 7.44731 9
      vertex 28.75 2.9 9
    endloop
  endfacet
  facet normal 0 0 1
    outer loop
      vertex 28.75 2.9 9
      vertex 22.9205 7.44731 9
      vertex 28.4469 2.88411 9
    endloop
  endfacet
  facet normal 0 0 1
    outer loop
      vertex 28.4469 2.88411 9
      vertex 22.9205 7.44731 9
      vertex 28.1471 2.83663 9
    endloop
  endfacet
  facet normal -0 -0 1
    outer loop
      vertex 23.5734 5.01067 9
      vertex 28.1471 2.83663 9
      vertex 22.9205 7.44731 9
    endloop
  endfacet
  facet normal 0 0 1
    outer loop
      vertex 28.1471 2.83663 9
      vertex 23.5734 5.01067 9
      vertex 27.8539 2.75806 9
    endloop
  endfacet
  facet normal 0 0 1
    outer loop
      vertex 27.8539 2.75806 9
      vertex 23.5734 5.01067 9
      vertex 27.5705 2.64928 9
    endloop
  endfacet
  facet normal 0 0 1
    outer loop
      vertex 27.5705 2.64928 9
      vertex 23.5734 5.01067 9
      vertex 27.3 2.51147 9
    endloop
  endfacet
  facet normal -0 -0 1
    outer loop
      vertex 23.8918 3 9
      vertex 27.0454 2.34615 9
      vertex 23.5734 5.01067 9
    endloop
  endfacet
  facet normal 0 0 1
    outer loop
      vertex 27.0454 2.34615 9
      vertex 23.8918 3 9
      vertex 26.8095 2.15512 9
    endloop
  endfacet
  facet normal 0 0 1
    outer loop
      vertex 26.5949 1.94048 9
      vertex 23.8918 3 9
      vertex 26.4039 1.70458 9
    endloop
  endfacet
  facet normal 0 0 1
    outer loop
      vertex 26.4039 1.70458 9
      vertex 23.8918 3 9
      vertex 26.2385 1.45 9
    endloop
  endfacet
  facet normal 0 0 1
    outer loop
      vertex 23.8918 3 9
      vertex 25.85 1.10215e-015 9
      vertex 25.8659 0.303132 9
    endloop
  endfacet
  facet normal 0 0 1
    outer loop
      vertex 25.85 1.10215e-015 9
      vertex 23.8918 3 9
      vertex 23.8918 -3 9
    endloop
  endfacet
  facet normal 0 0 1
    outer loop
      vertex 25.9134 0.602943 9
      vertex 23.8918 3 9
      vertex 25.8659 0.303132 9
    endloop
  endfacet
  facet normal 0 0 1
    outer loop
      vertex 26.2385 1.45 9
      vertex 23.8918 3 9
      vertex 26.1007 1.17954 9
    endloop
  endfacet
  facet normal 0 0 1
    outer loop
      vertex 26.8095 2.15512 9
      vertex 23.8918 3 9
      vertex 26.5949 1.94048 9
    endloop
  endfacet
  facet normal 0 0 1
    outer loop
      vertex 25.9919 0.896149 9
      vertex 23.8918 3 9
      vertex 25.9134 0.602943 9
    endloop
  endfacet
  facet normal 0 0 1
    outer loop
      vertex 16.126 17.9098 9
      vertex 23.8759 25.5538 9
      vertex 23.4196 26.0101 9
    endloop
  endfacet
  facet normal 0 0 1
    outer loop
      vertex 26.1007 1.17954 9
      vertex 23.8918 3 9
      vertex 25.9919 0.896149 9
    endloop
  endfacet
  facet normal 0 0 1
    outer loop
      vertex 27.3 2.51147 9
      vertex 23.5734 5.01067 9
      vertex 27.0454 2.34615 9
    endloop
  endfacet
  facet normal 0 0 1
    outer loop
      vertex 35.1927 24.2445 9
      vertex 20.8712 12.05 9
      vertex 22.0164 9.80235 9
    endloop
  endfacet
  facet normal 0 0 1
    outer loop
      vertex 16.126 17.9098 9
      vertex 23.4196 26.0101 9
      vertex 20.5725 28.3156 9
    endloop
  endfacet
  facet normal 0 0 1
    outer loop
      vertex 23.8759 25.5538 9
      vertex 19.4973 14.1656 9
      vertex 20.8712 12.05 9
    endloop
  endfacet
  facet normal 0 0 1
    outer loop
      vertex 23.8759 25.5538 9
      vertex 17.9098 16.126 9
      vertex 19.4973 14.1656 9
    endloop
  endfacet
  facet normal 0 0 1
    outer loop
      vertex 14.1656 19.4973 9
      vertex 20.5725 28.3156 9
      vertex 17.5 30.3109 9
    endloop
  endfacet
  facet normal 0 0 1
    outer loop
      vertex 23.8759 25.5538 9
      vertex 16.126 17.9098 9
      vertex 17.9098 16.126 9
    endloop
  endfacet
  facet normal 0 0 1
    outer loop
      vertex 12.05 20.8712 9
      vertex 17.5 30.3109 9
      vertex 14.2358 31.9741 9
    endloop
  endfacet
  facet normal 0 0 1
    outer loop
      vertex 20.5725 28.3156 9
      vertex 14.1656 19.4973 9
      vertex 16.126 17.9098 9
    endloop
  endfacet
  facet normal 0 0 1
    outer loop
      vertex 17.5 30.3109 9
      vertex 12.05 20.8712 9
      vertex 14.1656 19.4973 9
    endloop
  endfacet
  facet normal 0 0 1
    outer loop
      vertex 9.80235 22.0164 9
      vertex 14.2358 31.9741 9
      vertex 10.8156 33.287 9
    endloop
  endfacet
  facet normal 0 0 1
    outer loop
      vertex 7.44731 22.9205 9
      vertex 10.8156 33.287 9
      vertex 10.1427 33.4673 9
    endloop
  endfacet
  facet normal 0 0 1
    outer loop
      vertex 14.2358 31.9741 9
      vertex 9.80235 22.0164 9
      vertex 12.05 20.8712 9
    endloop
  endfacet
  facet normal 0 0 1
    outer loop
      vertex 25.85 1.10215e-015 9
      vertex 23.8918 -3 9
      vertex 23.5734 -5.01067 9
    endloop
  endfacet
  facet normal 0 0 1
    outer loop
      vertex 25.85 1.10215e-015 9
      vertex 23.5734 -5.01067 9
      vertex 22.9205 -7.44731 9
    endloop
  endfacet
  facet normal 0 0 1
    outer loop
      vertex 25.85 1.10215e-015 9
      vertex 22.9205 -7.44731 9
      vertex 23.8984 -25.5313 9
    endloop
  endfacet
  facet normal -0 0 1
    outer loop
      vertex 22.0164 -9.80235 9
      vertex 23.8984 -25.5313 9
      vertex 22.9205 -7.44731 9
    endloop
  endfacet
  facet normal -0 0 1
    outer loop
      vertex 20.8712 -12.05 9
      vertex 23.8984 -25.5313 9
      vertex 22.0164 -9.80235 9
    endloop
  endfacet
  facet normal -0 0 1
    outer loop
      vertex 19.4973 -14.1656 9
      vertex 23.8984 -25.5313 9
      vertex 20.8712 -12.05 9
    endloop
  endfacet
  facet normal -0 0 1
    outer loop
      vertex 17.9098 -16.126 9
      vertex 23.8984 -25.5313 9
      vertex 19.4973 -14.1656 9
    endloop
  endfacet
  facet normal -0 0 1
    outer loop
      vertex 16.126 -17.9098 9
      vertex 23.8984 -25.5313 9
      vertex 17.9098 -16.126 9
    endloop
  endfacet
  facet normal 0 0 1
    outer loop
      vertex 23.8984 -25.5313 9
      vertex 16.126 -17.9098 9
      vertex 23.4196 -26.0101 9
    endloop
  endfacet
  facet normal 0 0 1
    outer loop
      vertex 23.4196 -26.0101 9
      vertex 16.126 -17.9098 9
      vertex 20.5725 -28.3156 9
    endloop
  endfacet
  facet normal -0 0 1
    outer loop
      vertex 14.1656 -19.4973 9
      vertex 20.5725 -28.3156 9
      vertex 16.126 -17.9098 9
    endloop
  endfacet
  facet normal 0 0 1
    outer loop
      vertex 20.5725 -28.3156 9
      vertex 14.1656 -19.4973 9
      vertex 17.5 -30.3109 9
    endloop
  endfacet
  facet normal -0 0 1
    outer loop
      vertex 12.05 -20.8712 9
      vertex 17.5 -30.3109 9
      vertex 14.1656 -19.4973 9
    endloop
  endfacet
  facet normal 0 0 1
    outer loop
      vertex 17.5 -30.3109 9
      vertex 12.05 -20.8712 9
      vertex 14.2358 -31.9741 9
    endloop
  endfacet
  facet normal -0 0 1
    outer loop
      vertex 9.80235 -22.0164 9
      vertex 14.2358 -31.9741 9
      vertex 12.05 -20.8712 9
    endloop
  endfacet
  facet normal 0 0 1
    outer loop
      vertex 14.2358 -31.9741 9
      vertex 9.80235 -22.0164 9
      vertex 10.8156 -33.287 9
    endloop
  endfacet
  facet normal -0 0 1
    outer loop
      vertex 7.44731 -22.9205 9
      vertex 10.8156 -33.287 9
      vertex 9.80235 -22.0164 9
    endloop
  endfacet
  facet normal -0 0 1
    outer loop
      vertex 3.4 -42.6 9
      vertex 14.7394 -48.2604 9
      vertex 10.2111 -33.449 9
    endloop
  endfacet
  facet normal 0 0 1
    outer loop
      vertex 10.8156 -33.287 9
      vertex 7.44731 -22.9205 9
      vertex 10.2111 -33.449 9
    endloop
  endfacet
  facet normal -0 0 1
    outer loop
      vertex 5.01067 -23.5734 9
      vertex 10.2111 -33.449 9
      vertex 7.44731 -22.9205 9
    endloop
  endfacet
  facet normal 0 0 1
    outer loop
      vertex 14.7394 -48.2604 9
      vertex 3.4 -42.6 9
      vertex 10.4995 -49.3965 9
    endloop
  endfacet
  facet normal -0 0 1
    outer loop
      vertex 2.51914 -23.968 9
      vertex 10.2111 -33.449 9
      vertex 5.01067 -23.5734 9
    endloop
  endfacet
  facet normal -0 0 1
    outer loop
      vertex 3.4 -46 9
      vertex 10.4995 -49.3965 9
      vertex 3.4 -42.6 9
    endloop
  endfacet
  facet normal -0 0 1
    outer loop
      vertex 3.38137 -46.3554 9
      vertex 10.4995 -49.3965 9
      vertex 3.4 -46 9
    endloop
  endfacet
  facet normal 0 0 1
    outer loop
      vertex 10.4995 -49.3965 9
      vertex 3.38137 -46.3554 9
      vertex 5.27869 -50.2234 9
    endloop
  endfacet
  facet normal -0 0 1
    outer loop
      vertex 3.3257 -46.7069 9
      vertex 5.27869 -50.2234 9
      vertex 3.38137 -46.3554 9
    endloop
  endfacet
  facet normal -0 0 1
    outer loop
      vertex 3.23359 -47.0507 9
      vertex 5.27869 -50.2234 9
      vertex 3.3257 -46.7069 9
    endloop
  endfacet
  facet normal -0 0 1
    outer loop
      vertex 3.10605 -47.3829 9
      vertex 5.27869 -50.2234 9
      vertex 3.23359 -47.0507 9
    endloop
  endfacet
  facet normal -0 0 1
    outer loop
      vertex 2.94449 -47.7 9
      vertex 5.27869 -50.2234 9
      vertex 3.10605 -47.3829 9
    endloop
  endfacet
  facet normal -0 0 1
    outer loop
      vertex 2.75066 -47.9985 9
      vertex 5.27869 -50.2234 9
      vertex 2.94449 -47.7 9
    endloop
  endfacet
  facet normal -0 0 1
    outer loop
      vertex 2.52669 -48.275 9
      vertex 5.27869 -50.2234 9
      vertex 2.75066 -47.9985 9
    endloop
  endfacet
  facet normal -0 0 1
    outer loop
      vertex 2.27504 -48.5267 9
      vertex 5.27869 -50.2234 9
      vertex 2.52669 -48.275 9
    endloop
  endfacet
  facet normal -0 0 1
    outer loop
      vertex 1.99847 -48.7507 9
      vertex 5.27869 -50.2234 9
      vertex 2.27504 -48.5267 9
    endloop
  endfacet
  facet normal -0 0 1
    outer loop
      vertex 1.7 -48.9445 9
      vertex 5.27869 -50.2234 9
      vertex 1.99847 -48.7507 9
    endloop
  endfacet
  facet normal -0 0 1
    outer loop
      vertex 1.3829 -49.1061 9
      vertex 5.27869 -50.2234 9
      vertex 1.7 -48.9445 9
    endloop
  endfacet
  facet normal 0 0 1
    outer loop
      vertex 0 -50.5 9
      vertex 1.3829 -49.1061 9
      vertex 1.05066 -49.2336 9
    endloop
  endfacet
  facet normal 0 0 1
    outer loop
      vertex 0 -50.5 9
      vertex 1.05066 -49.2336 9
      vertex 0.7069 -49.3257 9
    endloop
  endfacet
  facet normal 0 0 1
    outer loop
      vertex 0 -50.5 9
      vertex 0.7069 -49.3257 9
      vertex 0.355396 -49.3814 9
    endloop
  endfacet
  facet normal 0 0 1
    outer loop
      vertex 1.3829 -49.1061 9
      vertex 0 -50.5 9
      vertex 5.27869 -50.2234 9
    endloop
  endfacet
  facet normal -0 0 1
    outer loop
      vertex -1.0969e-014 -49.4 9
      vertex 0 -50.5 9
      vertex 0.355396 -49.3814 9
    endloop
  endfacet
  facet normal 0 0 1
    outer loop
      vertex -0.355396 -49.3814 9
      vertex 0 -50.5 9
      vertex -1.0969e-014 -49.4 9
    endloop
  endfacet
  facet normal 0 0 1
    outer loop
      vertex -0.7069 -49.3257 9
      vertex 0 -50.5 9
      vertex -0.355396 -49.3814 9
    endloop
  endfacet
  facet normal 0 0 1
    outer loop
      vertex -1.05066 -49.2336 9
      vertex 0 -50.5 9
      vertex -0.7069 -49.3257 9
    endloop
  endfacet
  facet normal 0 0 1
    outer loop
      vertex -1.3829 -49.1061 9
      vertex 0 -50.5 9
      vertex -1.05066 -49.2336 9
    endloop
  endfacet
  facet normal 0 0 1
    outer loop
      vertex -5.27869 -50.2234 9
      vertex -1.3829 -49.1061 9
      vertex -1.7 -48.9445 9
    endloop
  endfacet
  facet normal 0 0 1
    outer loop
      vertex -5.27869 -50.2234 9
      vertex -1.7 -48.9445 9
      vertex -1.99847 -48.7507 9
    endloop
  endfacet
  facet normal 0 0 1
    outer loop
      vertex -5.27869 -50.2234 9
      vertex -1.99847 -48.7507 9
      vertex -2.27504 -48.5267 9
    endloop
  endfacet
  facet normal 0 -0 1
    outer loop
      vertex -10.4995 -49.3965 9
      vertex -3.4 -42.6 9
      vertex -18.3555 -38.5927 9
    endloop
  endfacet
  facet normal 0 0 1
    outer loop
      vertex -1.3829 -49.1061 9
      vertex -5.27869 -50.2234 9
      vertex 0 -50.5 9
    endloop
  endfacet
  facet normal 0 0 1
    outer loop
      vertex -2.52669 -48.275 9
      vertex -5.27869 -50.2234 9
      vertex -2.27504 -48.5267 9
    endloop
  endfacet
  facet normal 0 0 1
    outer loop
      vertex -2.75066 -47.9985 9
      vertex -5.27869 -50.2234 9
      vertex -2.52669 -48.275 9
    endloop
  endfacet
  facet normal 0 0 1
    outer loop
      vertex -2.94449 -47.7 9
      vertex -5.27869 -50.2234 9
      vertex -2.75066 -47.9985 9
    endloop
  endfacet
  facet normal 0 0 1
    outer loop
      vertex -3.10605 -47.3829 9
      vertex -5.27869 -50.2234 9
      vertex -2.94449 -47.7 9
    endloop
  endfacet
  facet normal 0 0 1
    outer loop
      vertex -3.23359 -47.0507 9
      vertex -5.27869 -50.2234 9
      vertex -3.10605 -47.3829 9
    endloop
  endfacet
  facet normal 0 0 1
    outer loop
      vertex -3.3257 -46.7069 9
      vertex -5.27869 -50.2234 9
      vertex -3.23359 -47.0507 9
    endloop
  endfacet
  facet normal 0 0 1
    outer loop
      vertex -3.38137 -46.3554 9
      vertex -5.27869 -50.2234 9
      vertex -3.3257 -46.7069 9
    endloop
  endfacet
  facet normal 0 0 1
    outer loop
      vertex -3.4 -42.6 9
      vertex -10.4995 -49.3965 9
      vertex -3.4 -46 9
    endloop
  endfacet
  facet normal 0 0 1
    outer loop
      vertex -18.3555 -38.5927 9
      vertex -5.01067 -23.5734 9
      vertex -7.44731 -22.9205 9
    endloop
  endfacet
  facet normal 0 0 1
    outer loop
      vertex -18.3555 -38.5927 9
      vertex -7.44731 -22.9205 9
      vertex -9.34783 -22.1909 9
    endloop
  endfacet
  facet normal 0 0 1
    outer loop
      vertex -3.4 -46 9
      vertex -10.4995 -49.3965 9
      vertex -3.38137 -46.3554 9
    endloop
  endfacet
  facet normal 0 0 1
    outer loop
      vertex -34.0385 -8.01103 9
      vertex -38.5927 -18.3555 9
      vertex -35.1927 -24.2445 9
    endloop
  endfacet
  facet normal -0 0 1
    outer loop
      vertex -49.1297 -11.4951 9
      vertex -38.5927 -18.3555 9
      vertex -34.0385 -8.01103 9
    endloop
  endfacet
  facet normal 0 0 1
    outer loop
      vertex -38.5927 -18.3555 9
      vertex -48.0284 -15.6054 9
      vertex -41.5372 -20.0555 9
    endloop
  endfacet
  facet normal 0 0 1
    outer loop
      vertex -41.5372 -20.0555 9
      vertex -48.0284 -15.6054 9
      vertex -41.8356 -20.2493 9
    endloop
  endfacet
  facet normal 0 -0 1
    outer loop
      vertex -46.134 -20.5402 9
      vertex -41.8356 -20.2493 9
      vertex -48.0284 -15.6054 9
    endloop
  endfacet
  facet normal 0 0 1
    outer loop
      vertex -41.8356 -20.2493 9
      vertex -46.134 -20.5402 9
      vertex -42.1122 -20.4733 9
    endloop
  endfacet
  facet normal 0 0 1
    outer loop
      vertex -46.134 -20.5402 9
      vertex -43.2372 -23 9
      vertex -43.2185 -22.6446 9
    endloop
  endfacet
  facet normal 0 0 1
    outer loop
      vertex -46.134 -20.5402 9
      vertex -43.2185 -22.6446 9
      vertex -43.1629 -22.2931 9
    endloop
  endfacet
  facet normal 0 0 1
    outer loop
      vertex -43.2372 -23 9
      vertex -46.134 -20.5402 9
      vertex -43.7343 -25.25 9
    endloop
  endfacet
  facet normal 0 0 1
    outer loop
      vertex -43.0708 -21.9493 9
      vertex -46.134 -20.5402 9
      vertex -43.1629 -22.2931 9
    endloop
  endfacet
  facet normal 0 0 1
    outer loop
      vertex -42.9432 -21.6171 9
      vertex -46.134 -20.5402 9
      vertex -43.0708 -21.9493 9
    endloop
  endfacet
  facet normal 0 0 1
    outer loop
      vertex -42.7817 -21.3 9
      vertex -46.134 -20.5402 9
      vertex -42.9432 -21.6171 9
    endloop
  endfacet
  facet normal 0 0 1
    outer loop
      vertex -42.5878 -21.0015 9
      vertex -46.134 -20.5402 9
      vertex -42.7817 -21.3 9
    endloop
  endfacet
  facet normal 0 0 1
    outer loop
      vertex -42.1122 -20.4733 9
      vertex -46.134 -20.5402 9
      vertex -42.3639 -20.725 9
    endloop
  endfacet
  facet normal 0 0 1
    outer loop
      vertex -42.3639 -20.725 9
      vertex -46.134 -20.5402 9
      vertex -42.5878 -21.0015 9
    endloop
  endfacet
  facet normal 0 0 1
    outer loop
      vertex -38.5927 -18.3555 9
      vertex -49.1297 -11.4951 9
      vertex -48.0284 -15.6054 9
    endloop
  endfacet
  facet normal 0 0 1
    outer loop
      vertex -26.3257 -39.1303 9
      vertex -29.6832 -40.8554 9
      vertex -26.3814 -39.4818 9
    endloop
  endfacet
  facet normal 0 0 1
    outer loop
      vertex -35.1927 -24.2445 9
      vertex -37.5288 -33.7911 9
      vertex -33.7911 -37.5288 9
    endloop
  endfacet
  facet normal -0 0 1
    outer loop
      vertex -38.1372 -25.9445 9
      vertex -37.5288 -33.7911 9
      vertex -35.1927 -24.2445 9
    endloop
  endfacet
  facet normal -0 0 1
    outer loop
      vertex -38.4543 -26.1061 9
      vertex -37.5288 -33.7911 9
      vertex -38.1372 -25.9445 9
    endloop
  endfacet
  facet normal 0 0 1
    outer loop
      vertex -40.8554 -29.6832 9
      vertex -38.4543 -26.1061 9
      vertex -38.7865 -26.2336 9
    endloop
  endfacet
  facet normal 0 0 1
    outer loop
      vertex -40.8554 -29.6832 9
      vertex -38.7865 -26.2336 9
      vertex -39.1303 -26.3257 9
    endloop
  endfacet
  facet normal 0 0 1
    outer loop
      vertex -40.8554 -29.6832 9
      vertex -39.1303 -26.3257 9
      vertex -39.4818 -26.3814 9
    endloop
  endfacet
  facet normal 0 0 1
    outer loop
      vertex -40.8554 -29.6832 9
      vertex -39.4818 -26.3814 9
      vertex -39.8372 -26.4 9
    endloop
  endfacet
  facet normal 0 0 1
    outer loop
      vertex -40.8554 -29.6832 9
      vertex -39.8372 -26.4 9
      vertex -40.1926 -26.3814 9
    endloop
  endfacet
  facet normal 0 0 1
    outer loop
      vertex -40.8554 -29.6832 9
      vertex -40.1926 -26.3814 9
      vertex -40.5441 -26.3257 9
    endloop
  endfacet
  facet normal 0 0 1
    outer loop
      vertex -38.4543 -26.1061 9
      vertex -40.8554 -29.6832 9
      vertex -37.5288 -33.7911 9
    endloop
  endfacet
  facet normal 0 0 1
    outer loop
      vertex -40.8878 -26.2336 9
      vertex -40.8554 -29.6832 9
      vertex -40.5441 -26.3257 9
    endloop
  endfacet
  facet normal 0 0 1
    outer loop
      vertex -41.2201 -26.1061 9
      vertex -40.8554 -29.6832 9
      vertex -40.8878 -26.2336 9
    endloop
  endfacet
  facet normal 0 0 1
    outer loop
      vertex -41.5372 -25.9445 9
      vertex -40.8554 -29.6832 9
      vertex -41.2201 -26.1061 9
    endloop
  endfacet
  facet normal 0 0 1
    outer loop
      vertex -41.8356 -25.7507 9
      vertex -40.8554 -29.6832 9
      vertex -41.5372 -25.9445 9
    endloop
  endfacet
  facet normal 0 0 1
    outer loop
      vertex -43.7343 -25.25 9
      vertex -41.8356 -25.7507 9
      vertex -42.1122 -25.5267 9
    endloop
  endfacet
  facet normal 0 0 1
    outer loop
      vertex -43.7343 -25.25 9
      vertex -42.1122 -25.5267 9
      vertex -42.3639 -25.275 9
    endloop
  endfacet
  facet normal -0 0 1
    outer loop
      vertex -43.7343 -25.25 9
      vertex -42.3639 -25.275 9
      vertex -42.5878 -24.9985 9
    endloop
  endfacet
  facet normal 0 0 1
    outer loop
      vertex -43.7343 -25.25 9
      vertex -42.5878 -24.9985 9
      vertex -42.7817 -24.7 9
    endloop
  endfacet
  facet normal 0 0 1
    outer loop
      vertex -43.7343 -25.25 9
      vertex -42.7817 -24.7 9
      vertex -42.9432 -24.3829 9
    endloop
  endfacet
  facet normal 0 0 1
    outer loop
      vertex -41.8356 -25.7507 9
      vertex -43.7343 -25.25 9
      vertex -40.8554 -29.6832 9
    endloop
  endfacet
  facet normal 0 0 1
    outer loop
      vertex -43.0708 -24.0507 9
      vertex -43.7343 -25.25 9
      vertex -42.9432 -24.3829 9
    endloop
  endfacet
  facet normal 0 0 1
    outer loop
      vertex -43.1629 -23.7069 9
      vertex -43.7343 -25.25 9
      vertex -43.0708 -24.0507 9
    endloop
  endfacet
  facet normal 0 0 1
    outer loop
      vertex -43.2185 -23.3554 9
      vertex -43.7343 -25.25 9
      vertex -43.1629 -23.7069 9
    endloop
  endfacet
  facet normal 0 0 1
    outer loop
      vertex -43.7343 -25.25 9
      vertex -43.2185 -23.3554 9
      vertex -43.2372 -23 9
    endloop
  endfacet
  facet normal 0 0 1
    outer loop
      vertex -34.8083 3.6585 9
      vertex -34.0896 7.8202 9
      vertex -34.2352 7.27691 9
    endloop
  endfacet
  facet normal 0 0 1
    outer loop
      vertex -34.0896 7.8202 9
      vertex -34.8083 3.6585 9
      vertex -34.0385 -8.01103 9
    endloop
  endfacet
  facet normal -0 0 1
    outer loop
      vertex -34.8083 -3.6585 9
      vertex -34.0385 -8.01103 9
      vertex -34.8083 3.6585 9
    endloop
  endfacet
  facet normal 0 0 1
    outer loop
      vertex -34.0385 -8.01103 9
      vertex -34.8083 -3.6585 9
      vertex -34.2352 -7.27691 9
    endloop
  endfacet
  facet normal 0 -0 1
    outer loop
      vertex -34.8083 -3.6585 9
      vertex -34.8083 3.6585 9
      vertex -35 0 9
    endloop
  endfacet
  facet normal -0 0 1
    outer loop
      vertex -38.5927 18.3555 9
      vertex -34.0896 7.8202 9
      vertex -35.1927 24.2445 9
    endloop
  endfacet
  facet normal 0 0 1
    outer loop
      vertex -48.0284 15.6054 9
      vertex -38.5927 18.3555 9
      vertex -41.5372 20.0555 9
    endloop
  endfacet
  facet normal 0 0 1
    outer loop
      vertex -48.0284 15.6054 9
      vertex -41.5372 20.0555 9
      vertex -41.8356 20.2493 9
    endloop
  endfacet
  facet normal 0 0 1
    outer loop
      vertex -46.134 20.5402 9
      vertex -41.8356 20.2493 9
      vertex -42.1122 20.4733 9
    endloop
  endfacet
  facet normal -0 0 1
    outer loop
      vertex -46.134 20.5402 9
      vertex -42.1122 20.4733 9
      vertex -42.3639 20.725 9
    endloop
  endfacet
  facet normal 0 0 1
    outer loop
      vertex -46.134 20.5402 9
      vertex -42.3639 20.725 9
      vertex -42.5878 21.0015 9
    endloop
  endfacet
  facet normal 0 0 1
    outer loop
      vertex -46.134 20.5402 9
      vertex -42.5878 21.0015 9
      vertex -42.7817 21.3 9
    endloop
  endfacet
  facet normal 0 0 1
    outer loop
      vertex -43.2185 23.3554 9
      vertex -46.134 20.5402 9
      vertex -43.2372 23 9
    endloop
  endfacet
  facet normal 0 0 1
    outer loop
      vertex -43.2372 23 9
      vertex -46.134 20.5402 9
      vertex -43.2185 22.6446 9
    endloop
  endfacet
  facet normal 0 0 1
    outer loop
      vertex -43.2185 22.6446 9
      vertex -46.134 20.5402 9
      vertex -43.1629 22.2931 9
    endloop
  endfacet
  facet normal 0 0 1
    outer loop
      vertex -46.134 20.5402 9
      vertex -43.0708 21.9493 9
      vertex -43.1629 22.2931 9
    endloop
  endfacet
  facet normal 0 0 1
    outer loop
      vertex -46.134 20.5402 9
      vertex -42.9432 21.6171 9
      vertex -43.0708 21.9493 9
    endloop
  endfacet
  facet normal 0 0 1
    outer loop
      vertex -46.134 20.5402 9
      vertex -42.7817 21.3 9
      vertex -42.9432 21.6171 9
    endloop
  endfacet
  facet normal 0 0 1
    outer loop
      vertex -41.8356 20.2493 9
      vertex -46.134 20.5402 9
      vertex -48.0284 15.6054 9
    endloop
  endfacet
  facet normal 0 0 1
    outer loop
      vertex -49.1808 11.3043 9
      vertex -38.5927 18.3555 9
      vertex -48.0284 15.6054 9
    endloop
  endfacet
  facet normal 0 0 1
    outer loop
      vertex -38.5927 18.3555 9
      vertex -49.1808 11.3043 9
      vertex -34.0896 7.8202 9
    endloop
  endfacet
  facet normal -0 0 1
    outer loop
      vertex -19.1308 18.2778 9
      vertex -16.126 17.9098 9
      vertex -19.1255 18.5814 9
    endloop
  endfacet
  facet normal -0 -0 1
    outer loop
      vertex -19.1255 18.5814 9
      vertex -16.126 17.9098 9
      vertex -19.152 18.8837 9
    endloop
  endfacet
  facet normal -0 -0 1
    outer loop
      vertex -19.152 18.8837 9
      vertex -16.126 17.9098 9
      vertex -19.2099 19.1817 9
    endloop
  endfacet
  facet normal 0 0 1
    outer loop
      vertex -14.544 19.1909 9
      vertex -19.2987 19.472 9
      vertex -16.126 17.9098 9
    endloop
  endfacet
  facet normal -0 -0 1
    outer loop
      vertex -19.2987 19.472 9
      vertex -14.544 19.1909 9
      vertex -19.4173 19.7514 9
    endloop
  endfacet
  facet normal -0 -0 1
    outer loop
      vertex -19.4173 19.7514 9
      vertex -14.544 19.1909 9
      vertex -19.5644 20.0169 9
    endloop
  endfacet
  facet normal -0 -0 1
    outer loop
      vertex -19.5644 20.0169 9
      vertex -14.544 19.1909 9
      vertex -19.7385 20.2656 9
    endloop
  endfacet
  facet normal 0 0 1
    outer loop
      vertex -14.544 19.1909 9
      vertex -20.1597 20.7017 9
      vertex -19.9377 20.4947 9
    endloop
  endfacet
  facet normal 0 0 1
    outer loop
      vertex -9.34783 22.1909 9
      vertex -20.1597 20.7017 9
      vertex -14.544 19.1909 9
    endloop
  endfacet
  facet normal 0 0 1
    outer loop
      vertex -9.34783 22.1909 9
      vertex -20.6623 21.0407 9
      vertex -20.4021 20.8844 9
    endloop
  endfacet
  facet normal 0 0 1
    outer loop
      vertex -18.3555 38.5927 9
      vertex -20.9374 21.169 9
      vertex -20.6623 21.0407 9
    endloop
  endfacet
  facet normal -0 0 1
    outer loop
      vertex -24.2445 35.1927 9
      vertex -20.9374 21.169 9
      vertex -18.3555 38.5927 9
    endloop
  endfacet
  facet normal 0 0 1
    outer loop
      vertex -20.9374 21.169 9
      vertex -24.2445 35.1927 9
      vertex -21.2244 21.2678 9
    endloop
  endfacet
  facet normal 0 0 1
    outer loop
      vertex -21.2244 21.2678 9
      vertex -24.2445 35.1927 9
      vertex -21.5202 21.3361 9
    endloop
  endfacet
  facet normal 0 0 1
    outer loop
      vertex -21.5202 21.3361 9
      vertex -24.2445 35.1927 9
      vertex -21.8215 21.3731 9
    endloop
  endfacet
  facet normal 0 0 1
    outer loop
      vertex -21.8215 21.3731 9
      vertex -24.2445 35.1927 9
      vertex -22.125 21.3784 9
    endloop
  endfacet
  facet normal 0 0 1
    outer loop
      vertex -22.125 21.3784 9
      vertex -24.2445 35.1927 9
      vertex -22.4274 21.3519 9
    endloop
  endfacet
  facet normal 0 0 1
    outer loop
      vertex -22.4274 21.3519 9
      vertex -24.2445 35.1927 9
      vertex -22.7253 21.294 9
    endloop
  endfacet
  facet normal 0 0 1
    outer loop
      vertex -22.7253 21.294 9
      vertex -24.2445 35.1927 9
      vertex -23.0156 21.2053 9
    endloop
  endfacet
  facet normal 0 0 1
    outer loop
      vertex -23.0156 21.2053 9
      vertex -24.2445 35.1927 9
      vertex -23.2951 21.0866 9
    endloop
  endfacet
  facet normal 0 0 1
    outer loop
      vertex -23.2951 21.0866 9
      vertex -24.2445 35.1927 9
      vertex -23.5605 20.9395 9
    endloop
  endfacet
  facet normal 0 0 1
    outer loop
      vertex -23.5605 20.9395 9
      vertex -24.2445 35.1927 9
      vertex -23.8092 20.7654 9
    endloop
  endfacet
  facet normal 0 0 1
    outer loop
      vertex -23.8092 20.7654 9
      vertex -24.2445 35.1927 9
      vertex -24.0383 20.5662 9
    endloop
  endfacet
  facet normal 0 0 1
    outer loop
      vertex -24.2445 35.1927 9
      vertex -24.2453 20.3442 9
      vertex -24.0383 20.5662 9
    endloop
  endfacet
  facet normal 0 0 1
    outer loop
      vertex -24.2445 35.1927 9
      vertex -24.428 20.1018 9
      vertex -24.2453 20.3442 9
    endloop
  endfacet
  facet normal 0 0 1
    outer loop
      vertex -24.2445 35.1927 9
      vertex -24.5843 19.8416 9
      vertex -24.428 20.1018 9
    endloop
  endfacet
  facet normal 0 0 1
    outer loop
      vertex -29.6832 40.8554 9
      vertex -24.2445 35.1927 9
      vertex -25.9445 38.1372 9
    endloop
  endfacet
  facet normal 0 0 1
    outer loop
      vertex -24.2445 35.1927 9
      vertex -29.6832 40.8554 9
      vertex -24.5843 19.8416 9
    endloop
  endfacet
  facet normal 0 0 1
    outer loop
      vertex -24.5843 19.8416 9
      vertex -29.6832 40.8554 9
      vertex -24.7126 19.5665 9
    endloop
  endfacet
  facet normal 0 0 1
    outer loop
      vertex -29.6832 40.8554 9
      vertex -25.9445 38.1372 9
      vertex -26.1061 38.4543 9
    endloop
  endfacet
  facet normal 0 0 1
    outer loop
      vertex -34.0896 7.8202 9
      vertex -24.8114 19.2795 9
      vertex -29.6832 40.8554 9
    endloop
  endfacet
  facet normal 0 0 1
    outer loop
      vertex -29.6832 40.8554 9
      vertex -26.1061 38.4543 9
      vertex -26.2336 38.7865 9
    endloop
  endfacet
  facet normal 0 0 1
    outer loop
      vertex -24.7126 19.5665 9
      vertex -29.6832 40.8554 9
      vertex -24.8114 19.2795 9
    endloop
  endfacet
  facet normal 0 0 1
    outer loop
      vertex -19.2099 -19.1817 9
      vertex -16.126 -17.9098 9
      vertex -19.152 -18.8837 9
    endloop
  endfacet
  facet normal 0 0 1
    outer loop
      vertex -16.126 -17.9098 9
      vertex -19.1308 -18.2778 9
      vertex -19.1255 -18.5814 9
    endloop
  endfacet
  facet normal 0 0 1
    outer loop
      vertex -16.126 -17.9098 9
      vertex -19.1678 -17.9766 9
      vertex -19.1308 -18.2778 9
    endloop
  endfacet
  facet normal 0 0 1
    outer loop
      vertex -17.9098 -16.126 9
      vertex -19.2361 -17.6808 9
      vertex -19.1678 -17.9766 9
    endloop
  endfacet
  facet normal 0 0 1
    outer loop
      vertex -17.9098 -16.126 9
      vertex -19.3349 -17.3938 9
      vertex -19.2361 -17.6808 9
    endloop
  endfacet
  facet normal 0 0 1
    outer loop
      vertex -17.9098 -16.126 9
      vertex -19.4632 -17.1187 9
      vertex -19.3349 -17.3938 9
    endloop
  endfacet
  facet normal 0 0 1
    outer loop
      vertex -20.0093 -16.3941 9
      vertex -17.9098 -16.126 9
      vertex -19.4973 -14.1656 9
    endloop
  endfacet
  facet normal 0 0 1
    outer loop
      vertex -17.9098 -16.126 9
      vertex -19.6196 -16.8585 9
      vertex -19.4632 -17.1187 9
    endloop
  endfacet
  facet normal 0 0 1
    outer loop
      vertex -17.9098 -16.126 9
      vertex -19.8022 -16.6161 9
      vertex -19.6196 -16.8585 9
    endloop
  endfacet
  facet normal 0 0 1
    outer loop
      vertex -17.9098 -16.126 9
      vertex -20.0093 -16.3941 9
      vertex -19.8022 -16.6161 9
    endloop
  endfacet
  facet normal 0 0 1
    outer loop
      vertex -19.4973 -14.1656 9
      vertex -20.2384 -16.1949 9
      vertex -20.0093 -16.3941 9
    endloop
  endfacet
  facet normal 0 0 1
    outer loop
      vertex -19.4973 -14.1656 9
      vertex -20.487 -16.0208 9
      vertex -20.2384 -16.1949 9
    endloop
  endfacet
  facet normal 0 0 1
    outer loop
      vertex -19.4973 -14.1656 9
      vertex -20.7525 -15.8736 9
      vertex -20.487 -16.0208 9
    endloop
  endfacet
  facet normal 0 0 1
    outer loop
      vertex -21.6202 -15.6084 9
      vertex -19.4973 -14.1656 9
      vertex -20.8712 -12.05 9
    endloop
  endfacet
  facet normal 0 0 1
    outer loop
      vertex -19.4973 -14.1656 9
      vertex -21.0319 -15.755 9
      vertex -20.7525 -15.8736 9
    endloop
  endfacet
  facet normal 0 0 1
    outer loop
      vertex -19.4973 -14.1656 9
      vertex -21.3222 -15.6663 9
      vertex -21.0319 -15.755 9
    endloop
  endfacet
  facet normal 0 0 1
    outer loop
      vertex -19.4973 -14.1656 9
      vertex -21.6202 -15.6084 9
      vertex -21.3222 -15.6663 9
    endloop
  endfacet
  facet normal 0 0 1
    outer loop
      vertex -20.8712 -12.05 9
      vertex -21.9226 -15.5819 9
      vertex -21.6202 -15.6084 9
    endloop
  endfacet
  facet normal 0 0 1
    outer loop
      vertex -23.1101 -15.7913 9
      vertex -20.8712 -12.05 9
      vertex -22.0164 -9.80235 9
    endloop
  endfacet
  facet normal 0 0 1
    outer loop
      vertex -20.8712 -12.05 9
      vertex -22.2261 -15.5872 9
      vertex -21.9226 -15.5819 9
    endloop
  endfacet
  facet normal 0 0 1
    outer loop
      vertex -20.8712 -12.05 9
      vertex -22.5274 -15.6242 9
      vertex -22.2261 -15.5872 9
    endloop
  endfacet
  facet normal 0 0 1
    outer loop
      vertex -20.8712 -12.05 9
      vertex -22.8231 -15.6925 9
      vertex -22.5274 -15.6242 9
    endloop
  endfacet
  facet normal -0 0 1
    outer loop
      vertex -34.0385 -8.01103 9
      vertex -22.0164 -9.80235 9
      vertex -22.9205 -7.44731 9
    endloop
  endfacet
  facet normal 0 0 1
    outer loop
      vertex -20.8712 -12.05 9
      vertex -23.1101 -15.7913 9
      vertex -22.8231 -15.6925 9
    endloop
  endfacet
  facet normal 0 0 1
    outer loop
      vertex -22.0164 -9.80235 9
      vertex -23.3852 -15.9196 9
      vertex -23.1101 -15.7913 9
    endloop
  endfacet
  facet normal 0 0 1
    outer loop
      vertex -34.0385 -8.01103 9
      vertex -22.9205 -7.44731 9
      vertex -23.5734 -5.01067 9
    endloop
  endfacet
  facet normal 0 0 1
    outer loop
      vertex -22.0164 -9.80235 9
      vertex -23.6454 -16.0759 9
      vertex -23.3852 -15.9196 9
    endloop
  endfacet
  facet normal 0 0 1
    outer loop
      vertex -22.0164 -9.80235 9
      vertex -23.8879 -16.2586 9
      vertex -23.6454 -16.0759 9
    endloop
  endfacet
  facet normal 0 0 1
    outer loop
      vertex -24.1 0 9
      vertex -34.0385 -8.01103 9
      vertex -23.968 -2.51914 9
    endloop
  endfacet
  facet normal 0 -0 1
    outer loop
      vertex -34.0385 -8.01103 9
      vertex -24.1 0 9
      vertex -34.0896 7.8202 9
    endloop
  endfacet
  facet normal 0 0 1
    outer loop
      vertex -34.0385 -8.01103 9
      vertex -23.8879 -16.2586 9
      vertex -22.0164 -9.80235 9
    endloop
  endfacet
  facet normal 0 0 1
    outer loop
      vertex -34.0896 7.8202 9
      vertex -24.4831 16.9434 9
      vertex -24.6303 17.2089 9
    endloop
  endfacet
  facet normal 0 0 1
    outer loop
      vertex -34.0896 7.8202 9
      vertex -24.6303 17.2089 9
      vertex -24.7489 17.4883 9
    endloop
  endfacet
  facet normal 0 0 1
    outer loop
      vertex -23.8879 -16.2586 9
      vertex -34.0385 -8.01103 9
      vertex -24.1099 -16.4656 9
    endloop
  endfacet
  facet normal 0 0 1
    outer loop
      vertex -22.9205 7.44731 9
      vertex -34.0896 7.8202 9
      vertex -23.5734 5.01067 9
    endloop
  endfacet
  facet normal 0 0 1
    outer loop
      vertex -24.1099 -16.4656 9
      vertex -34.0385 -8.01103 9
      vertex -24.309 -16.6947 9
    endloop
  endfacet
  facet normal 0 0 1
    outer loop
      vertex -34.0896 7.8202 9
      vertex -24.7489 17.4883 9
      vertex -24.8376 17.7786 9
    endloop
  endfacet
  facet normal 0 0 1
    outer loop
      vertex -24.309 -16.6947 9
      vertex -34.0385 -8.01103 9
      vertex -24.4831 -16.9434 9
    endloop
  endfacet
  facet normal 0 0 1
    outer loop
      vertex -34.0896 7.8202 9
      vertex -24.8376 17.7786 9
      vertex -24.8956 18.0765 9
    endloop
  endfacet
  facet normal 0 0 1
    outer loop
      vertex -23.968 -2.51914 9
      vertex -34.0385 -8.01103 9
      vertex -23.5734 -5.01067 9
    endloop
  endfacet
  facet normal 0 0 1
    outer loop
      vertex -23.5734 5.01067 9
      vertex -34.0896 7.8202 9
      vertex -23.968 2.51914 9
    endloop
  endfacet
  facet normal 0 0 1
    outer loop
      vertex -24.4831 -16.9434 9
      vertex -34.0385 -8.01103 9
      vertex -24.6303 -17.2089 9
    endloop
  endfacet
  facet normal 0 0 1
    outer loop
      vertex -24.922 18.3789 9
      vertex -34.0896 7.8202 9
      vertex -24.8956 18.0765 9
    endloop
  endfacet
  facet normal 0 0 1
    outer loop
      vertex -24.6303 -17.2089 9
      vertex -34.0385 -8.01103 9
      vertex -24.7489 -17.4883 9
    endloop
  endfacet
  facet normal 0 0 1
    outer loop
      vertex -24.9167 18.6824 9
      vertex -34.0896 7.8202 9
      vertex -24.922 18.3789 9
    endloop
  endfacet
  facet normal 0 0 1
    outer loop
      vertex -23.968 2.51914 9
      vertex -34.0896 7.8202 9
      vertex -24.1 0 9
    endloop
  endfacet
  facet normal -0 -0 1
    outer loop
      vertex -19.2099 19.1817 9
      vertex -16.126 17.9098 9
      vertex -19.2987 19.472 9
    endloop
  endfacet
  facet normal -0 0 1
    outer loop
      vertex -19.1678 17.9766 9
      vertex -16.126 17.9098 9
      vertex -19.1308 18.2778 9
    endloop
  endfacet
  facet normal 0 0 1
    outer loop
      vertex -16.126 17.9098 9
      vertex -19.1678 17.9766 9
      vertex -17.9098 16.126 9
    endloop
  endfacet
  facet normal -0 0 1
    outer loop
      vertex -19.2361 17.6808 9
      vertex -17.9098 16.126 9
      vertex -19.1678 17.9766 9
    endloop
  endfacet
  facet normal -0 0 1
    outer loop
      vertex -19.3349 17.3938 9
      vertex -17.9098 16.126 9
      vertex -19.2361 17.6808 9
    endloop
  endfacet
  facet normal -0 0 1
    outer loop
      vertex -19.4632 17.1187 9
      vertex -17.9098 16.126 9
      vertex -19.3349 17.3938 9
    endloop
  endfacet
  facet normal -0 0 1
    outer loop
      vertex -19.6196 16.8585 9
      vertex -17.9098 16.126 9
      vertex -19.4632 17.1187 9
    endloop
  endfacet
  facet normal -0 0 1
    outer loop
      vertex -19.8022 16.6161 9
      vertex -17.9098 16.126 9
      vertex -19.6196 16.8585 9
    endloop
  endfacet
  facet normal -0 0 1
    outer loop
      vertex -20.0093 16.3941 9
      vertex -17.9098 16.126 9
      vertex -19.8022 16.6161 9
    endloop
  endfacet
  facet normal 0 0 1
    outer loop
      vertex -17.9098 16.126 9
      vertex -20.0093 16.3941 9
      vertex -19.4973 14.1656 9
    endloop
  endfacet
  facet normal -0 0 1
    outer loop
      vertex -20.2384 16.1949 9
      vertex -19.4973 14.1656 9
      vertex -20.0093 16.3941 9
    endloop
  endfacet
  facet normal -0 0 1
    outer loop
      vertex -20.487 16.0208 9
      vertex -19.4973 14.1656 9
      vertex -20.2384 16.1949 9
    endloop
  endfacet
  facet normal -0 0 1
    outer loop
      vertex -20.7525 15.8736 9
      vertex -19.4973 14.1656 9
      vertex -20.487 16.0208 9
    endloop
  endfacet
  facet normal -0 0 1
    outer loop
      vertex -21.0319 15.755 9
      vertex -19.4973 14.1656 9
      vertex -20.7525 15.8736 9
    endloop
  endfacet
  facet normal -0 0 1
    outer loop
      vertex -21.3222 15.6663 9
      vertex -19.4973 14.1656 9
      vertex -21.0319 15.755 9
    endloop
  endfacet
  facet normal -0 0 1
    outer loop
      vertex -21.6202 15.6084 9
      vertex -19.4973 14.1656 9
      vertex -21.3222 15.6663 9
    endloop
  endfacet
  facet normal 0 0 1
    outer loop
      vertex -19.4973 14.1656 9
      vertex -21.6202 15.6084 9
      vertex -20.8712 12.05 9
    endloop
  endfacet
  facet normal -0 0 1
    outer loop
      vertex -21.9226 15.5819 9
      vertex -20.8712 12.05 9
      vertex -21.6202 15.6084 9
    endloop
  endfacet
  facet normal 0 0 1
    outer loop
      vertex -22.2261 15.5872 9
      vertex -20.8712 12.05 9
      vertex -21.9226 15.5819 9
    endloop
  endfacet
  facet normal 0 0 1
    outer loop
      vertex -22.5274 15.6242 9
      vertex -20.8712 12.05 9
      vertex -22.2261 15.5872 9
    endloop
  endfacet
  facet normal 0 0 1
    outer loop
      vertex -22.8231 15.6925 9
      vertex -20.8712 12.05 9
      vertex -22.5274 15.6242 9
    endloop
  endfacet
  facet normal 0 0 1
    outer loop
      vertex -23.1101 15.7913 9
      vertex -20.8712 12.05 9
      vertex -22.8231 15.6925 9
    endloop
  endfacet
  facet normal 0 0 1
    outer loop
      vertex -20.8712 12.05 9
      vertex -23.1101 15.7913 9
      vertex -22.0164 9.80235 9
    endloop
  endfacet
  facet normal 0 0 1
    outer loop
      vertex -23.3852 15.9196 9
      vertex -22.0164 9.80235 9
      vertex -23.1101 15.7913 9
    endloop
  endfacet
  facet normal 0 0 1
    outer loop
      vertex -23.6454 16.0759 9
      vertex -22.0164 9.80235 9
      vertex -23.3852 15.9196 9
    endloop
  endfacet
  facet normal 0 0 1
    outer loop
      vertex -23.8879 16.2586 9
      vertex -22.0164 9.80235 9
      vertex -23.6454 16.0759 9
    endloop
  endfacet
  facet normal 0 0 1
    outer loop
      vertex -34.0896 7.8202 9
      vertex -23.8879 16.2586 9
      vertex -24.1099 16.4656 9
    endloop
  endfacet
  facet normal 0 0 1
    outer loop
      vertex -23.8879 16.2586 9
      vertex -34.0896 7.8202 9
      vertex -22.0164 9.80235 9
    endloop
  endfacet
  facet normal 0 0 1
    outer loop
      vertex -34.0896 7.8202 9
      vertex -24.1099 16.4656 9
      vertex -24.309 16.6947 9
    endloop
  endfacet
  facet normal 0 0 1
    outer loop
      vertex -34.0896 7.8202 9
      vertex -24.309 16.6947 9
      vertex -24.4831 16.9434 9
    endloop
  endfacet
  facet normal 0 0 1
    outer loop
      vertex -22.0164 9.80235 9
      vertex -34.0896 7.8202 9
      vertex -22.9205 7.44731 9
    endloop
  endfacet
  facet normal 0 0 1
    outer loop
      vertex -19.2987 -19.472 9
      vertex -16.126 -17.9098 9
      vertex -19.2099 -19.1817 9
    endloop
  endfacet
  facet normal 0 0 1
    outer loop
      vertex -16.126 -17.9098 9
      vertex -19.2987 -19.472 9
      vertex -14.544 -19.1909 9
    endloop
  endfacet
  facet normal 0 0 1
    outer loop
      vertex -19.4173 -19.7514 9
      vertex -14.544 -19.1909 9
      vertex -19.2987 -19.472 9
    endloop
  endfacet
  facet normal 0 0 1
    outer loop
      vertex -19.5644 -20.0169 9
      vertex -14.544 -19.1909 9
      vertex -19.4173 -19.7514 9
    endloop
  endfacet
  facet normal 0 0 1
    outer loop
      vertex -19.7385 -20.2656 9
      vertex -14.544 -19.1909 9
      vertex -19.5644 -20.0169 9
    endloop
  endfacet
  facet normal 0 0 1
    outer loop
      vertex -19.9377 -20.4947 9
      vertex -14.544 -19.1909 9
      vertex -19.7385 -20.2656 9
    endloop
  endfacet
  facet normal 0 0 1
    outer loop
      vertex -20.1597 -20.7017 9
      vertex -14.544 -19.1909 9
      vertex -19.9377 -20.4947 9
    endloop
  endfacet
  facet normal 0 0 1
    outer loop
      vertex -20.4021 -20.8844 9
      vertex -14.544 -19.1909 9
      vertex -20.1597 -20.7017 9
    endloop
  endfacet
  facet normal 0 0 1
    outer loop
      vertex -14.544 -19.1909 9
      vertex -20.4021 -20.8844 9
      vertex -18.3555 -38.5927 9
    endloop
  endfacet
  facet normal -0 0 1
    outer loop
      vertex -20.6623 -21.0407 9
      vertex -18.3555 -38.5927 9
      vertex -20.4021 -20.8844 9
    endloop
  endfacet
  facet normal -0 0 1
    outer loop
      vertex -20.9374 -21.169 9
      vertex -18.3555 -38.5927 9
      vertex -20.6623 -21.0407 9
    endloop
  endfacet
  facet normal 0 0 1
    outer loop
      vertex -24.2445 -35.1927 9
      vertex -20.9374 -21.169 9
      vertex -21.2244 -21.2678 9
    endloop
  endfacet
  facet normal 0 0 1
    outer loop
      vertex -24.2445 -35.1927 9
      vertex -21.2244 -21.2678 9
      vertex -21.5202 -21.3361 9
    endloop
  endfacet
  facet normal 0 0 1
    outer loop
      vertex -24.2445 -35.1927 9
      vertex -21.5202 -21.3361 9
      vertex -21.8215 -21.3731 9
    endloop
  endfacet
  facet normal 0 0 1
    outer loop
      vertex -24.2445 -35.1927 9
      vertex -21.8215 -21.3731 9
      vertex -22.125 -21.3784 9
    endloop
  endfacet
  facet normal 0 0 1
    outer loop
      vertex -24.2445 -35.1927 9
      vertex -22.125 -21.3784 9
      vertex -22.4274 -21.3519 9
    endloop
  endfacet
  facet normal 0 0 1
    outer loop
      vertex -24.2445 -35.1927 9
      vertex -22.4274 -21.3519 9
      vertex -22.7253 -21.294 9
    endloop
  endfacet
  facet normal 0 0 1
    outer loop
      vertex -24.2445 -35.1927 9
      vertex -22.7253 -21.294 9
      vertex -23.0156 -21.2053 9
    endloop
  endfacet
  facet normal 0 0 1
    outer loop
      vertex -24.2445 -35.1927 9
      vertex -23.0156 -21.2053 9
      vertex -23.2951 -21.0866 9
    endloop
  endfacet
  facet normal 0 0 1
    outer loop
      vertex -24.2445 -35.1927 9
      vertex -23.2951 -21.0866 9
      vertex -23.5605 -20.9395 9
    endloop
  endfacet
  facet normal 0 0 1
    outer loop
      vertex -35.1927 -24.2445 9
      vertex -23.5605 -20.9395 9
      vertex -23.8092 -20.7654 9
    endloop
  endfacet
  facet normal 0 0 1
    outer loop
      vertex -35.1927 -24.2445 9
      vertex -23.8092 -20.7654 9
      vertex -24.0383 -20.5662 9
    endloop
  endfacet
  facet normal 0 0 1
    outer loop
      vertex -20.9374 -21.169 9
      vertex -24.2445 -35.1927 9
      vertex -18.3555 -38.5927 9
    endloop
  endfacet
  facet normal 0 0 1
    outer loop
      vertex -35.1927 -24.2445 9
      vertex -24.0383 -20.5662 9
      vertex -24.2453 -20.3442 9
    endloop
  endfacet
  facet normal 0 0 1
    outer loop
      vertex -35.1927 -24.2445 9
      vertex -24.2453 -20.3442 9
      vertex -24.428 -20.1018 9
    endloop
  endfacet
  facet normal 0 0 1
    outer loop
      vertex -35.1927 -24.2445 9
      vertex -24.428 -20.1018 9
      vertex -24.5843 -19.8416 9
    endloop
  endfacet
  facet normal 0 0 1
    outer loop
      vertex -35.1927 -24.2445 9
      vertex -24.5843 -19.8416 9
      vertex -24.7126 -19.5665 9
    endloop
  endfacet
  facet normal 0 0 1
    outer loop
      vertex -24.8797 -18.9837 9
      vertex -35.1927 -24.2445 9
      vertex -24.8114 -19.2795 9
    endloop
  endfacet
  facet normal 0 0 1
    outer loop
      vertex -24.9167 -18.6824 9
      vertex -35.1927 -24.2445 9
      vertex -24.8797 -18.9837 9
    endloop
  endfacet
  facet normal 0 0 1
    outer loop
      vertex -24.922 -18.3789 9
      vertex -35.1927 -24.2445 9
      vertex -24.9167 -18.6824 9
    endloop
  endfacet
  facet normal 0 0 1
    outer loop
      vertex -29.6832 40.8554 9
      vertex -26.2336 38.7865 9
      vertex -26.3257 39.1303 9
    endloop
  endfacet
  facet normal 0 0 1
    outer loop
      vertex -23.5605 -20.9395 9
      vertex -35.1927 -24.2445 9
      vertex -24.2445 -35.1927 9
    endloop
  endfacet
  facet normal 0 0 1
    outer loop
      vertex -24.8114 19.2795 9
      vertex -34.0896 7.8202 9
      vertex -24.8797 18.9837 9
    endloop
  endfacet
  facet normal 0 0 1
    outer loop
      vertex -29.6832 40.8554 9
      vertex -26.3257 39.1303 9
      vertex -26.3814 39.4818 9
    endloop
  endfacet
  facet normal 0 0 1
    outer loop
      vertex -24.8114 -19.2795 9
      vertex -35.1927 -24.2445 9
      vertex -24.7126 -19.5665 9
    endloop
  endfacet
  facet normal 0 0 1
    outer loop
      vertex -24.8797 18.9837 9
      vertex -34.0896 7.8202 9
      vertex -24.9167 18.6824 9
    endloop
  endfacet
  facet normal 0 -0 1
    outer loop
      vertex -33.7911 -37.5288 9
      vertex -24.2445 -35.1927 9
      vertex -35.1927 -24.2445 9
    endloop
  endfacet
  facet normal 0 0 1
    outer loop
      vertex -24.7489 -17.4883 9
      vertex -34.0385 -8.01103 9
      vertex -24.8376 -17.7786 9
    endloop
  endfacet
  facet normal 0 0 1
    outer loop
      vertex -24.2445 -35.1927 9
      vertex -33.7911 -37.5288 9
      vertex -25.9445 -38.1372 9
    endloop
  endfacet
  facet normal 0 0 1
    outer loop
      vertex -24.8376 -17.7786 9
      vertex -35.1927 -24.2445 9
      vertex -24.8956 -18.0765 9
    endloop
  endfacet
  facet normal 0 0 1
    outer loop
      vertex -24.8956 -18.0765 9
      vertex -35.1927 -24.2445 9
      vertex -24.922 -18.3789 9
    endloop
  endfacet
  facet normal 0 0 1
    outer loop
      vertex -29.6832 40.8554 9
      vertex -26.3814 39.4818 9
      vertex -26.4 39.8372 9
    endloop
  endfacet
  facet normal 0 0 1
    outer loop
      vertex -35.1927 -24.2445 9
      vertex -24.8376 -17.7786 9
      vertex -34.0385 -8.01103 9
    endloop
  endfacet
  facet normal 0 0 1
    outer loop
      vertex -3.09093 1.0043 9
      vertex -7.60845 2.47214 9
      vertex -3.17898 0.675713 9
    endloop
  endfacet
  facet normal -0 0 1
    outer loop
      vertex -7.82518 1.66329 9
      vertex -3.17898 0.675713 9
      vertex -7.60845 2.47214 9
    endloop
  endfacet
  facet normal 0 -0 1
    outer loop
      vertex -6.47214 -4.70228 9
      vertex -3.25 0 9
      vertex -6.9282 -4 9
    endloop
  endfacet
  facet normal 0 0 1
    outer loop
      vertex -3.25 0 9
      vertex -6.47214 -4.70228 9
      vertex -6.30099 -4.91363 9
    endloop
  endfacet
  facet normal 0 0 1
    outer loop
      vertex -3.17898 0.675713 9
      vertex -7.82518 1.66329 9
      vertex -3.2322 0.339717 9
    endloop
  endfacet
  facet normal 0 0 1
    outer loop
      vertex -3.25 0 9
      vertex -7.30836 -3.25389 9
      vertex -6.9282 -4 9
    endloop
  endfacet
  facet normal -0 0 1
    outer loop
      vertex -7.95617 0.836227 9
      vertex -3.2322 0.339717 9
      vertex -7.82518 1.66329 9
    endloop
  endfacet
  facet normal 0 0 1
    outer loop
      vertex -3.25 0 9
      vertex -7.60845 -2.47214 9
      vertex -7.30836 -3.25389 9
    endloop
  endfacet
  facet normal 0 0 1
    outer loop
      vertex -3.2322 0.339717 9
      vertex -7.95617 0.836227 9
      vertex -3.25 0 9
    endloop
  endfacet
  facet normal 0 0 1
    outer loop
      vertex -3.25 0 9
      vertex -7.82518 -1.66329 9
      vertex -7.60845 -2.47214 9
    endloop
  endfacet
  facet normal 0 0 1
    outer loop
      vertex -8 0 9
      vertex -3.25 0 9
      vertex -7.95617 0.836227 9
    endloop
  endfacet
  facet normal 0 0 1
    outer loop
      vertex -3.25 0 9
      vertex -7.95617 -0.836227 9
      vertex -7.82518 -1.66329 9
    endloop
  endfacet
  facet normal 0 0 1
    outer loop
      vertex -3.25 0 9
      vertex -8 0 9
      vertex -7.95617 -0.836227 9
    endloop
  endfacet
  facet normal -0 0 1
    outer loop
      vertex 0 -24.1 9
      vertex 10.2111 -33.449 9
      vertex 2.51914 -23.968 9
    endloop
  endfacet
  facet normal 0 0 1
    outer loop
      vertex 10.2111 -33.449 9
      vertex 0 -24.1 9
      vertex 3.4 -42.6 9
    endloop
  endfacet
  facet normal 0 0 1
    outer loop
      vertex -3.4 -42.6 9
      vertex 0 -24.1 9
      vertex -2.51914 -23.968 9
    endloop
  endfacet
  facet normal 0 0 1
    outer loop
      vertex 0 -24.1 9
      vertex -3.4 -42.6 9
      vertex 3.4 -42.6 9
    endloop
  endfacet
  facet normal -0 0 1
    outer loop
      vertex -18.3555 -38.5927 9
      vertex -3.4 -42.6 9
      vertex -5.01067 -23.5734 9
    endloop
  endfacet
  facet normal 0 0 1
    outer loop
      vertex -5.01067 -23.5734 9
      vertex -3.4 -42.6 9
      vertex -2.51914 -23.968 9
    endloop
  endfacet
  facet normal 0 0 1
    outer loop
      vertex 3.4 42.6 9
      vertex 14.671 48.2787 9
      vertex 10.4995 49.3965 9
    endloop
  endfacet
  facet normal 0 0 1
    outer loop
      vertex 14.671 48.2787 9
      vertex 3.4 42.6 9
      vertex 10.1427 33.4673 9
    endloop
  endfacet
  facet normal 0 0 1
    outer loop
      vertex 0 24.1 9
      vertex 10.1427 33.4673 9
      vertex 3.4 42.6 9
    endloop
  endfacet
  facet normal 0 0 1
    outer loop
      vertex 3.38137 46.3554 9
      vertex 10.4995 49.3965 9
      vertex 5.27869 50.2234 9
    endloop
  endfacet
  facet normal 0 0 1
    outer loop
      vertex 10.8156 33.287 9
      vertex 7.44731 22.9205 9
      vertex 9.80235 22.0164 9
    endloop
  endfacet
  facet normal 0 0 1
    outer loop
      vertex 10.4995 49.3965 9
      vertex 3.4 46 9
      vertex 3.4 42.6 9
    endloop
  endfacet
  facet normal 0 0 1
    outer loop
      vertex 10.4995 49.3965 9
      vertex 3.38137 46.3554 9
      vertex 3.4 46 9
    endloop
  endfacet
  facet normal 0 0 1
    outer loop
      vertex 5.27869 50.2234 9
      vertex 3.3257 46.7069 9
      vertex 3.38137 46.3554 9
    endloop
  endfacet
  facet normal 0 0 1
    outer loop
      vertex 5.27869 50.2234 9
      vertex 3.23359 47.0507 9
      vertex 3.3257 46.7069 9
    endloop
  endfacet
  facet normal 0 0 1
    outer loop
      vertex 5.27869 50.2234 9
      vertex 3.10605 47.3829 9
      vertex 3.23359 47.0507 9
    endloop
  endfacet
  facet normal 0 0 1
    outer loop
      vertex 5.27869 50.2234 9
      vertex 2.94449 47.7 9
      vertex 3.10605 47.3829 9
    endloop
  endfacet
  facet normal 0 0 1
    outer loop
      vertex 5.27869 50.2234 9
      vertex 2.75066 47.9985 9
      vertex 2.94449 47.7 9
    endloop
  endfacet
  facet normal 0 0 1
    outer loop
      vertex 5.27869 50.2234 9
      vertex 2.52669 48.275 9
      vertex 2.75066 47.9985 9
    endloop
  endfacet
  facet normal 0 0 1
    outer loop
      vertex 5.27869 50.2234 9
      vertex 2.27504 48.5267 9
      vertex 2.52669 48.275 9
    endloop
  endfacet
  facet normal 0 0 1
    outer loop
      vertex 5.27869 50.2234 9
      vertex 1.99847 48.7507 9
      vertex 2.27504 48.5267 9
    endloop
  endfacet
  facet normal 0 0 1
    outer loop
      vertex 5.27869 50.2234 9
      vertex 1.7 48.9445 9
      vertex 1.99847 48.7507 9
    endloop
  endfacet
  facet normal 0 0 1
    outer loop
      vertex 5.27869 50.2234 9
      vertex 1.3829 49.1061 9
      vertex 1.7 48.9445 9
    endloop
  endfacet
  facet normal 0 0 1
    outer loop
      vertex 0 50.5 9
      vertex 1.3829 49.1061 9
      vertex 5.27869 50.2234 9
    endloop
  endfacet
  facet normal 0 0 1
    outer loop
      vertex 1.3829 49.1061 9
      vertex 0 50.5 9
      vertex 1.05066 49.2336 9
    endloop
  endfacet
  facet normal 0 0 1
    outer loop
      vertex 1.05066 49.2336 9
      vertex 0 50.5 9
      vertex 0.7069 49.3257 9
    endloop
  endfacet
  facet normal 0 0 1
    outer loop
      vertex 0.7069 49.3257 9
      vertex 0 50.5 9
      vertex 0.355396 49.3814 9
    endloop
  endfacet
  facet normal 0 0 1
    outer loop
      vertex 0.355396 49.3814 9
      vertex 0 50.5 9
      vertex 1.0969e-014 49.4 9
    endloop
  endfacet
  facet normal 0 0 1
    outer loop
      vertex 0 50.5 9
      vertex -0.355396 49.3814 9
      vertex 1.0969e-014 49.4 9
    endloop
  endfacet
  facet normal 0 0 1
    outer loop
      vertex 0 50.5 9
      vertex -0.7069 49.3257 9
      vertex -0.355396 49.3814 9
    endloop
  endfacet
  facet normal 0 0 1
    outer loop
      vertex 0 50.5 9
      vertex -1.05066 49.2336 9
      vertex -0.7069 49.3257 9
    endloop
  endfacet
  facet normal 0 0 1
    outer loop
      vertex 0 50.5 9
      vertex -1.3829 49.1061 9
      vertex -1.05066 49.2336 9
    endloop
  endfacet
  facet normal -0 0 1
    outer loop
      vertex -5.27869 50.2234 9
      vertex -1.3829 49.1061 9
      vertex 0 50.5 9
    endloop
  endfacet
  facet normal 0 0 1
    outer loop
      vertex -1.3829 49.1061 9
      vertex -5.27869 50.2234 9
      vertex -1.7 48.9445 9
    endloop
  endfacet
  facet normal 0 0 1
    outer loop
      vertex -1.7 48.9445 9
      vertex -5.27869 50.2234 9
      vertex -1.99847 48.7507 9
    endloop
  endfacet
  facet normal 0 0 1
    outer loop
      vertex -10.4995 49.3965 9
      vertex -3.4 42.6 9
      vertex -3.4 46 9
    endloop
  endfacet
  facet normal 0 0 1
    outer loop
      vertex -10.4995 49.3965 9
      vertex -3.4 46 9
      vertex -3.38137 46.3554 9
    endloop
  endfacet
  facet normal 0 0 1
    outer loop
      vertex -1.99847 48.7507 9
      vertex -5.27869 50.2234 9
      vertex -2.27504 48.5267 9
    endloop
  endfacet
  facet normal 0 0 1
    outer loop
      vertex -5.27869 50.2234 9
      vertex -2.52669 48.275 9
      vertex -2.27504 48.5267 9
    endloop
  endfacet
  facet normal 0 0 1
    outer loop
      vertex -5.27869 50.2234 9
      vertex -2.75066 47.9985 9
      vertex -2.52669 48.275 9
    endloop
  endfacet
  facet normal 0 0 1
    outer loop
      vertex -5.27869 50.2234 9
      vertex -2.94449 47.7 9
      vertex -2.75066 47.9985 9
    endloop
  endfacet
  facet normal 0 0 1
    outer loop
      vertex -5.27869 50.2234 9
      vertex -3.10605 47.3829 9
      vertex -2.94449 47.7 9
    endloop
  endfacet
  facet normal 0 0 1
    outer loop
      vertex -5.27869 50.2234 9
      vertex -3.23359 47.0507 9
      vertex -3.10605 47.3829 9
    endloop
  endfacet
  facet normal 0 0 1
    outer loop
      vertex -5.27869 50.2234 9
      vertex -3.3257 46.7069 9
      vertex -3.23359 47.0507 9
    endloop
  endfacet
  facet normal 0 0 1
    outer loop
      vertex -5.27869 50.2234 9
      vertex -3.38137 46.3554 9
      vertex -3.3257 46.7069 9
    endloop
  endfacet
  facet normal -0 0 1
    outer loop
      vertex -10.4995 49.3965 9
      vertex -3.38137 46.3554 9
      vertex -5.27869 50.2234 9
    endloop
  endfacet
  facet normal 0 0 1
    outer loop
      vertex -18.3555 38.5927 9
      vertex -3.4 42.6 9
      vertex -10.4995 49.3965 9
    endloop
  endfacet
  facet normal 0 0 1
    outer loop
      vertex -3.4 42.6 9
      vertex -7.44731 22.9205 9
      vertex -5.01067 23.5734 9
    endloop
  endfacet
  facet normal -0 0 1
    outer loop
      vertex -18.3555 38.5927 9
      vertex -7.44731 22.9205 9
      vertex -3.4 42.6 9
    endloop
  endfacet
  facet normal 0 0 1
    outer loop
      vertex 10.1427 33.4673 9
      vertex 5.01067 23.5734 9
      vertex 7.44731 22.9205 9
    endloop
  endfacet
  facet normal 0 0 1
    outer loop
      vertex 10.1427 33.4673 9
      vertex 2.51914 23.968 9
      vertex 5.01067 23.5734 9
    endloop
  endfacet
  facet normal 0 0 1
    outer loop
      vertex 10.1427 33.4673 9
      vertex 0 24.1 9
      vertex 2.51914 23.968 9
    endloop
  endfacet
  facet normal -0 0 1
    outer loop
      vertex -3.4 42.6 9
      vertex 0 24.1 9
      vertex 3.4 42.6 9
    endloop
  endfacet
  facet normal 0 0 1
    outer loop
      vertex 0 24.1 9
      vertex -3.4 42.6 9
      vertex -2.51914 23.968 9
    endloop
  endfacet
  facet normal 0 0 1
    outer loop
      vertex -2.51914 23.968 9
      vertex -3.4 42.6 9
      vertex -5.01067 23.5734 9
    endloop
  endfacet
  facet normal -0 0 1
    outer loop
      vertex 2.6293 -1.9103 9
      vertex 6.47214 -4.70228 9
      vertex 2.81458 -1.625 9
    endloop
  endfacet
  facet normal 0 0 1
    outer loop
      vertex 6.47214 -4.70228 9
      vertex 2.6293 -1.9103 9
      vertex 5.94516 -5.35304 9
    endloop
  endfacet
  facet normal -0 0 1
    outer loop
      vertex 2.41522 -2.17467 9
      vertex 5.94516 -5.35304 9
      vertex 2.6293 -1.9103 9
    endloop
  endfacet
  facet normal 0 0 1
    outer loop
      vertex 5.94516 -5.35304 9
      vertex 2.41522 -2.17467 9
      vertex 5.35304 -5.94516 9
    endloop
  endfacet
  facet normal -0 0 1
    outer loop
      vertex 2.17467 -2.41522 9
      vertex 5.35304 -5.94516 9
      vertex 2.41522 -2.17467 9
    endloop
  endfacet
  facet normal 0 0 1
    outer loop
      vertex 5.35304 -5.94516 9
      vertex 2.17467 -2.41522 9
      vertex 4.70228 -6.47214 9
    endloop
  endfacet
  facet normal -0 0 1
    outer loop
      vertex 1.9103 -2.6293 9
      vertex 4.70228 -6.47214 9
      vertex 2.17467 -2.41522 9
    endloop
  endfacet
  facet normal 0 0 1
    outer loop
      vertex 4.70228 -6.47214 9
      vertex 1.9103 -2.6293 9
      vertex 4 -6.9282 9
    endloop
  endfacet
  facet normal -0 0 1
    outer loop
      vertex 1.625 -2.81458 9
      vertex 4 -6.9282 9
      vertex 1.9103 -2.6293 9
    endloop
  endfacet
  facet normal 0 0 1
    outer loop
      vertex 4 -6.9282 9
      vertex 1.625 -2.81458 9
      vertex 3.25389 -7.30836 9
    endloop
  endfacet
  facet normal -0 0 1
    outer loop
      vertex 1.32189 -2.96902 9
      vertex 3.25389 -7.30836 9
      vertex 1.625 -2.81458 9
    endloop
  endfacet
  facet normal 0 0 1
    outer loop
      vertex 3.25389 -7.30836 9
      vertex 1.32189 -2.96902 9
      vertex 2.47214 -7.60845 9
    endloop
  endfacet
  facet normal -0 0 1
    outer loop
      vertex 1.0043 -3.09093 9
      vertex 2.47214 -7.60845 9
      vertex 1.32189 -2.96902 9
    endloop
  endfacet
  facet normal 0 0 1
    outer loop
      vertex 2.47214 -7.60845 9
      vertex 1.0043 -3.09093 9
      vertex 1.66329 -7.82518 9
    endloop
  endfacet
  facet normal -0 0 1
    outer loop
      vertex 0.675713 -3.17898 9
      vertex 1.66329 -7.82518 9
      vertex 1.0043 -3.09093 9
    endloop
  endfacet
  facet normal 0 0 1
    outer loop
      vertex 1.66329 -7.82518 9
      vertex 0.675713 -3.17898 9
      vertex 0.836227 -7.95617 9
    endloop
  endfacet
  facet normal -0 0 1
    outer loop
      vertex 0.339717 -3.2322 9
      vertex 0.836227 -7.95617 9
      vertex 0.675713 -3.17898 9
    endloop
  endfacet
  facet normal -0 0 1
    outer loop
      vertex 0 -3.25 9
      vertex 0.836227 -7.95617 9
      vertex 0.339717 -3.2322 9
    endloop
  endfacet
  facet normal 0 0 1
    outer loop
      vertex 0 -3.25 9
      vertex 0 -8 9
      vertex 0.836227 -7.95617 9
    endloop
  endfacet
  facet normal 0 0 1
    outer loop
      vertex -0.339717 -3.2322 9
      vertex 0 -8 9
      vertex 0 -3.25 9
    endloop
  endfacet
  facet normal 0 0 1
    outer loop
      vertex -1.10484 -7.91363 9
      vertex -0.339717 -3.2322 9
      vertex -0.675713 -3.17898 9
    endloop
  endfacet
  facet normal 0 0 1
    outer loop
      vertex -0.339717 -3.2322 9
      vertex -0.836227 -7.95617 9
      vertex 0 -8 9
    endloop
  endfacet
  facet normal 0 0 1
    outer loop
      vertex -1.10484 -7.91363 9
      vertex -0.675713 -3.17898 9
      vertex -1.0043 -3.09093 9
    endloop
  endfacet
  facet normal 0 0 1
    outer loop
      vertex -0.339717 -3.2322 9
      vertex -1.10484 -7.91363 9
      vertex -0.836227 -7.95617 9
    endloop
  endfacet
  facet normal 0 0 1
    outer loop
      vertex -1.32189 -2.96902 9
      vertex -1.10484 -7.91363 9
      vertex -1.0043 -3.09093 9
    endloop
  endfacet
  facet normal 0 0 1
    outer loop
      vertex -1.625 -2.81458 9
      vertex -1.10484 -7.91363 9
      vertex -1.32189 -2.96902 9
    endloop
  endfacet
  facet normal 0 0 1
    outer loop
      vertex -6.30099 -4.91363 9
      vertex -1.625 -2.81458 9
      vertex -1.9103 -2.6293 9
    endloop
  endfacet
  facet normal 0 0 1
    outer loop
      vertex -6.30099 -4.91363 9
      vertex -1.9103 -2.6293 9
      vertex -2.17467 -2.41522 9
    endloop
  endfacet
  facet normal 0 0 1
    outer loop
      vertex -6.30099 -4.91363 9
      vertex -2.17467 -2.41522 9
      vertex -2.41522 -2.17467 9
    endloop
  endfacet
  facet normal 0 0 1
    outer loop
      vertex -6.30099 -4.91363 9
      vertex -2.41522 -2.17467 9
      vertex -2.6293 -1.9103 9
    endloop
  endfacet
  facet normal 0 0 1
    outer loop
      vertex -6.30099 -4.91363 9
      vertex -2.6293 -1.9103 9
      vertex -2.81458 -1.625 9
    endloop
  endfacet
  facet normal 0 0 1
    outer loop
      vertex -6.30099 -4.91363 9
      vertex -2.81458 -1.625 9
      vertex -2.96902 -1.32189 9
    endloop
  endfacet
  facet normal 0 0 1
    outer loop
      vertex -6.30099 -4.91363 9
      vertex -2.96902 -1.32189 9
      vertex -3.09093 -1.0043 9
    endloop
  endfacet
  facet normal -0 0 1
    outer loop
      vertex -7.60845 2.47214 9
      vertex -3.09093 1.0043 9
      vertex -7.30836 3.25389 9
    endloop
  endfacet
  facet normal 0 0 1
    outer loop
      vertex -3.25 0 9
      vertex -6.30099 -4.91363 9
      vertex -3.2322 -0.339717 9
    endloop
  endfacet
  facet normal 0 0 1
    outer loop
      vertex -3.2322 -0.339717 9
      vertex -6.30099 -4.91363 9
      vertex -3.17898 -0.675713 9
    endloop
  endfacet
  facet normal 0 0 1
    outer loop
      vertex -3.17898 -0.675713 9
      vertex -6.30099 -4.91363 9
      vertex -3.09093 -1.0043 9
    endloop
  endfacet
  facet normal 0 0 1
    outer loop
      vertex -1.625 -2.81458 9
      vertex -6.30099 -4.91363 9
      vertex -1.10484 -7.91363 9
    endloop
  endfacet
  facet normal 0 0 1
    outer loop
      vertex -6.30099 -4.91363 9
      vertex -9.34783 -22.1909 9
      vertex -1.10484 -7.91363 9
    endloop
  endfacet
  facet normal -0 0 1
    outer loop
      vertex -14.544 -19.1909 9
      vertex -9.34783 -22.1909 9
      vertex -6.30099 -4.91363 9
    endloop
  endfacet
  facet normal 0 0 1
    outer loop
      vertex -18.3555 -38.5927 9
      vertex -9.34783 -22.1909 9
      vertex -14.544 -19.1909 9
    endloop
  endfacet
  facet normal 0 0 1
    outer loop
      vertex -3.38137 -46.3554 9
      vertex -10.4995 -49.3965 9
      vertex -5.27869 -50.2234 9
    endloop
  endfacet
  facet normal 0 0 1
    outer loop
      vertex -19.152 -18.8837 9
      vertex -16.126 -17.9098 9
      vertex -19.1255 -18.5814 9
    endloop
  endfacet
  facet normal 0 0 1
    outer loop
      vertex -19.1678 -17.9766 9
      vertex -16.126 -17.9098 9
      vertex -17.9098 -16.126 9
    endloop
  endfacet
  facet normal 0 0 1
    outer loop
      vertex -10.4995 -49.3965 9
      vertex -18.3555 -38.5927 9
      vertex -15.6054 -48.0284 9
    endloop
  endfacet
  facet normal -0 0 1
    outer loop
      vertex -20.0555 -41.5372 9
      vertex -15.6054 -48.0284 9
      vertex -18.3555 -38.5927 9
    endloop
  endfacet
  facet normal -0 0 1
    outer loop
      vertex -20.2493 -41.8356 9
      vertex -15.6054 -48.0284 9
      vertex -20.0555 -41.5372 9
    endloop
  endfacet
  facet normal 0 0 1
    outer loop
      vertex -20.5402 -46.134 9
      vertex -20.2493 -41.8356 9
      vertex -20.4733 -42.1122 9
    endloop
  endfacet
  facet normal 0 0 1
    outer loop
      vertex -20.2493 -41.8356 9
      vertex -20.5402 -46.134 9
      vertex -15.6054 -48.0284 9
    endloop
  endfacet
  facet normal -0 0 1
    outer loop
      vertex -20.725 -42.3639 9
      vertex -20.5402 -46.134 9
      vertex -20.4733 -42.1122 9
    endloop
  endfacet
  facet normal -0 0 1
    outer loop
      vertex -21.0015 -42.5878 9
      vertex -20.5402 -46.134 9
      vertex -20.725 -42.3639 9
    endloop
  endfacet
  facet normal -0 0 1
    outer loop
      vertex -21.3 -42.7817 9
      vertex -20.5402 -46.134 9
      vertex -21.0015 -42.5878 9
    endloop
  endfacet
  facet normal -0 0 1
    outer loop
      vertex -21.6171 -42.9432 9
      vertex -20.5402 -46.134 9
      vertex -21.3 -42.7817 9
    endloop
  endfacet
  facet normal -0 0 1
    outer loop
      vertex -21.9493 -43.0708 9
      vertex -20.5402 -46.134 9
      vertex -21.6171 -42.9432 9
    endloop
  endfacet
  facet normal -0 0 1
    outer loop
      vertex -22.2931 -43.1629 9
      vertex -20.5402 -46.134 9
      vertex -21.9493 -43.0708 9
    endloop
  endfacet
  facet normal -0 0 1
    outer loop
      vertex -22.6446 -43.2185 9
      vertex -20.5402 -46.134 9
      vertex -22.2931 -43.1629 9
    endloop
  endfacet
  facet normal -0 0 1
    outer loop
      vertex -23 -43.2372 9
      vertex -20.5402 -46.134 9
      vertex -22.6446 -43.2185 9
    endloop
  endfacet
  facet normal 0 0 1
    outer loop
      vertex -23.3554 -43.2185 9
      vertex -20.5402 -46.134 9
      vertex -23 -43.2372 9
    endloop
  endfacet
  facet normal 0 0 1
    outer loop
      vertex -25.25 -43.7343 9
      vertex -23.3554 -43.2185 9
      vertex -23.7069 -43.1629 9
    endloop
  endfacet
  facet normal 0 0 1
    outer loop
      vertex -25.25 -43.7343 9
      vertex -23.7069 -43.1629 9
      vertex -24.0507 -43.0708 9
    endloop
  endfacet
  facet normal 0 0 1
    outer loop
      vertex -25.25 -43.7343 9
      vertex -24.0507 -43.0708 9
      vertex -24.3829 -42.9432 9
    endloop
  endfacet
  facet normal 0 0 1
    outer loop
      vertex -25.25 -43.7343 9
      vertex -24.3829 -42.9432 9
      vertex -24.7 -42.7817 9
    endloop
  endfacet
  facet normal 0 0 1
    outer loop
      vertex -25.25 -43.7343 9
      vertex -24.7 -42.7817 9
      vertex -24.9985 -42.5878 9
    endloop
  endfacet
  facet normal 0 0 1
    outer loop
      vertex -23.3554 -43.2185 9
      vertex -25.25 -43.7343 9
      vertex -20.5402 -46.134 9
    endloop
  endfacet
  facet normal 0 0 1
    outer loop
      vertex -25.275 -42.3639 9
      vertex -25.25 -43.7343 9
      vertex -24.9985 -42.5878 9
    endloop
  endfacet
  facet normal 0 0 1
    outer loop
      vertex -25.5267 -42.1122 9
      vertex -25.25 -43.7343 9
      vertex -25.275 -42.3639 9
    endloop
  endfacet
  facet normal 0 0 1
    outer loop
      vertex -25.7507 -41.8356 9
      vertex -25.25 -43.7343 9
      vertex -25.5267 -42.1122 9
    endloop
  endfacet
  facet normal 0 0 1
    outer loop
      vertex -29.6832 -40.8554 9
      vertex -25.7507 -41.8356 9
      vertex -25.9445 -41.5372 9
    endloop
  endfacet
  facet normal 0 0 1
    outer loop
      vertex -29.6832 -40.8554 9
      vertex -25.9445 -41.5372 9
      vertex -26.1061 -41.2201 9
    endloop
  endfacet
  facet normal 0 0 1
    outer loop
      vertex -29.6832 -40.8554 9
      vertex -26.1061 -41.2201 9
      vertex -26.2336 -40.8878 9
    endloop
  endfacet
  facet normal 0 0 1
    outer loop
      vertex -25.7507 -41.8356 9
      vertex -29.6832 -40.8554 9
      vertex -25.25 -43.7343 9
    endloop
  endfacet
  facet normal 0 0 1
    outer loop
      vertex -26.3257 -40.5441 9
      vertex -29.6832 -40.8554 9
      vertex -26.2336 -40.8878 9
    endloop
  endfacet
  facet normal 0 0 1
    outer loop
      vertex -26.3814 -40.1926 9
      vertex -29.6832 -40.8554 9
      vertex -26.3257 -40.5441 9
    endloop
  endfacet
  facet normal 0 0 1
    outer loop
      vertex -26.4 -39.8372 9
      vertex -29.6832 -40.8554 9
      vertex -26.3814 -40.1926 9
    endloop
  endfacet
  facet normal 0 -0 1
    outer loop
      vertex -29.6832 -40.8554 9
      vertex -26.1061 -38.4543 9
      vertex -33.7911 -37.5288 9
    endloop
  endfacet
  facet normal 0 0 1
    outer loop
      vertex -35.1927 24.2445 9
      vertex -29.6832 40.8554 9
      vertex -33.7911 37.5288 9
    endloop
  endfacet
  facet normal 0 0 1
    outer loop
      vertex -26.1061 -38.4543 9
      vertex -29.6832 -40.8554 9
      vertex -26.2336 -38.7865 9
    endloop
  endfacet
  facet normal 0 0 1
    outer loop
      vertex -26.3814 -39.4818 9
      vertex -29.6832 -40.8554 9
      vertex -26.4 -39.8372 9
    endloop
  endfacet
  facet normal 0 0 1
    outer loop
      vertex -26.2336 -38.7865 9
      vertex -29.6832 -40.8554 9
      vertex -26.3257 -39.1303 9
    endloop
  endfacet
  facet normal 0 0 1
    outer loop
      vertex -29.6832 40.8554 9
      vertex -35.1927 24.2445 9
      vertex -34.0896 7.8202 9
    endloop
  endfacet
  facet normal -0 0 1
    outer loop
      vertex -37.5288 33.7911 9
      vertex -35.1927 24.2445 9
      vertex -33.7911 37.5288 9
    endloop
  endfacet
  facet normal 0 0 1
    outer loop
      vertex -37.5288 33.7911 9
      vertex -38.1372 25.9445 9
      vertex -35.1927 24.2445 9
    endloop
  endfacet
  facet normal 0 0 1
    outer loop
      vertex -37.5288 33.7911 9
      vertex -38.4543 26.1061 9
      vertex -38.1372 25.9445 9
    endloop
  endfacet
  facet normal -0 0 1
    outer loop
      vertex -40.8554 29.6832 9
      vertex -38.4543 26.1061 9
      vertex -37.5288 33.7911 9
    endloop
  endfacet
  facet normal 0 0 1
    outer loop
      vertex -38.4543 26.1061 9
      vertex -40.8554 29.6832 9
      vertex -38.7865 26.2336 9
    endloop
  endfacet
  facet normal 0 0 1
    outer loop
      vertex -38.7865 26.2336 9
      vertex -40.8554 29.6832 9
      vertex -39.1303 26.3257 9
    endloop
  endfacet
  facet normal 0 0 1
    outer loop
      vertex -39.1303 26.3257 9
      vertex -40.8554 29.6832 9
      vertex -39.4818 26.3814 9
    endloop
  endfacet
  facet normal 0 0 1
    outer loop
      vertex -39.4818 26.3814 9
      vertex -40.8554 29.6832 9
      vertex -39.8372 26.4 9
    endloop
  endfacet
  facet normal 0 0 1
    outer loop
      vertex -39.8372 26.4 9
      vertex -40.8554 29.6832 9
      vertex -40.1926 26.3814 9
    endloop
  endfacet
  facet normal 0 0 1
    outer loop
      vertex -40.1926 26.3814 9
      vertex -40.8554 29.6832 9
      vertex -40.5441 26.3257 9
    endloop
  endfacet
  facet normal 0 0 1
    outer loop
      vertex -40.8554 29.6832 9
      vertex -40.8878 26.2336 9
      vertex -40.5441 26.3257 9
    endloop
  endfacet
  facet normal 0 0 1
    outer loop
      vertex -40.8554 29.6832 9
      vertex -41.2201 26.1061 9
      vertex -40.8878 26.2336 9
    endloop
  endfacet
  facet normal 0 0 1
    outer loop
      vertex -40.8554 29.6832 9
      vertex -41.5372 25.9445 9
      vertex -41.2201 26.1061 9
    endloop
  endfacet
  facet normal 0 0 1
    outer loop
      vertex -40.8554 29.6832 9
      vertex -41.8356 25.7507 9
      vertex -41.5372 25.9445 9
    endloop
  endfacet
  facet normal 0 0 1
    outer loop
      vertex -43.7343 25.25 9
      vertex -41.8356 25.7507 9
      vertex -40.8554 29.6832 9
    endloop
  endfacet
  facet normal 0 0 1
    outer loop
      vertex -41.8356 25.7507 9
      vertex -43.7343 25.25 9
      vertex -42.1122 25.5267 9
    endloop
  endfacet
  facet normal 0 0 1
    outer loop
      vertex -42.1122 25.5267 9
      vertex -43.7343 25.25 9
      vertex -42.3639 25.275 9
    endloop
  endfacet
  facet normal 0 0 1
    outer loop
      vertex -42.3639 25.275 9
      vertex -43.7343 25.25 9
      vertex -42.5878 24.9985 9
    endloop
  endfacet
  facet normal 0 0 1
    outer loop
      vertex -42.5878 24.9985 9
      vertex -43.7343 25.25 9
      vertex -42.7817 24.7 9
    endloop
  endfacet
  facet normal 0 0 1
    outer loop
      vertex -46.134 20.5402 9
      vertex -43.2185 23.3554 9
      vertex -43.7343 25.25 9
    endloop
  endfacet
  facet normal 0 0 1
    outer loop
      vertex -43.1629 23.7069 9
      vertex -43.7343 25.25 9
      vertex -43.2185 23.3554 9
    endloop
  endfacet
  facet normal 0 0 1
    outer loop
      vertex -43.0708 24.0507 9
      vertex -43.7343 25.25 9
      vertex -43.1629 23.7069 9
    endloop
  endfacet
  facet normal 0 0 1
    outer loop
      vertex -42.9432 24.3829 9
      vertex -43.7343 25.25 9
      vertex -43.0708 24.0507 9
    endloop
  endfacet
  facet normal 0 0 1
    outer loop
      vertex -42.7817 24.7 9
      vertex -43.7343 25.25 9
      vertex -42.9432 24.3829 9
    endloop
  endfacet
  facet normal 0 0 1
    outer loop
      vertex 46.134 20.5402 9
      vertex 43.2185 23.3554 9
      vertex 43.2372 23 9
    endloop
  endfacet
  facet normal 0 0 1
    outer loop
      vertex 43.7343 25.25 9
      vertex 43.1629 23.7069 9
      vertex 43.2185 23.3554 9
    endloop
  endfacet
  facet normal 0 0 1
    outer loop
      vertex 43.7343 25.25 9
      vertex 43.0708 24.0507 9
      vertex 43.1629 23.7069 9
    endloop
  endfacet
  facet normal 0 0 1
    outer loop
      vertex 43.7343 25.25 9
      vertex 42.9432 24.3829 9
      vertex 43.0708 24.0507 9
    endloop
  endfacet
  facet normal 0 0 1
    outer loop
      vertex 43.7343 25.25 9
      vertex 42.7817 24.7 9
      vertex 42.9432 24.3829 9
    endloop
  endfacet
  facet normal 0 0 1
    outer loop
      vertex 43.7343 25.25 9
      vertex 42.5878 24.9985 9
      vertex 42.7817 24.7 9
    endloop
  endfacet
  facet normal 0 0 1
    outer loop
      vertex 43.7343 25.25 9
      vertex 42.3639 25.275 9
      vertex 42.5878 24.9985 9
    endloop
  endfacet
  facet normal 0 0 1
    outer loop
      vertex 43.7343 25.25 9
      vertex 42.1122 25.5267 9
      vertex 42.3639 25.275 9
    endloop
  endfacet
  facet normal 0 0 1
    outer loop
      vertex 43.7343 25.25 9
      vertex 41.8356 25.7507 9
      vertex 42.1122 25.5267 9
    endloop
  endfacet
  facet normal 0 0 1
    outer loop
      vertex 40.8554 29.6832 9
      vertex 41.8356 25.7507 9
      vertex 43.7343 25.25 9
    endloop
  endfacet
  facet normal 0 0 1
    outer loop
      vertex 41.8356 25.7507 9
      vertex 40.8554 29.6832 9
      vertex 41.5372 25.9445 9
    endloop
  endfacet
  facet normal 0 0 1
    outer loop
      vertex 41.5372 25.9445 9
      vertex 40.8554 29.6832 9
      vertex 41.2201 26.1061 9
    endloop
  endfacet
  facet normal 0 0 1
    outer loop
      vertex 41.2201 26.1061 9
      vertex 40.8554 29.6832 9
      vertex 40.8878 26.2336 9
    endloop
  endfacet
  facet normal 0 0 1
    outer loop
      vertex 40.8554 29.6832 9
      vertex 40.5441 26.3257 9
      vertex 40.8878 26.2336 9
    endloop
  endfacet
  facet normal 0 0 1
    outer loop
      vertex 40.8554 29.6832 9
      vertex 40.1926 26.3814 9
      vertex 40.5441 26.3257 9
    endloop
  endfacet
  facet normal 0 0 1
    outer loop
      vertex 40.8554 29.6832 9
      vertex 39.8372 26.4 9
      vertex 40.1926 26.3814 9
    endloop
  endfacet
  facet normal 0 0 1
    outer loop
      vertex 40.8554 29.6832 9
      vertex 39.4818 26.3814 9
      vertex 39.8372 26.4 9
    endloop
  endfacet
  facet normal 0 0 1
    outer loop
      vertex 40.8554 29.6832 9
      vertex 39.1303 26.3257 9
      vertex 39.4818 26.3814 9
    endloop
  endfacet
  facet normal 0 0 1
    outer loop
      vertex 40.8554 29.6832 9
      vertex 38.7865 26.2336 9
      vertex 39.1303 26.3257 9
    endloop
  endfacet
  facet normal 0 0 1
    outer loop
      vertex 40.8554 29.6832 9
      vertex 38.4543 26.1061 9
      vertex 38.7865 26.2336 9
    endloop
  endfacet
  facet normal 0 0 1
    outer loop
      vertex 37.5288 33.7911 9
      vertex 38.4543 26.1061 9
      vertex 40.8554 29.6832 9
    endloop
  endfacet
  facet normal 0 0 1
    outer loop
      vertex 38.4543 26.1061 9
      vertex 37.5288 33.7911 9
      vertex 38.1372 25.9445 9
    endloop
  endfacet
  facet normal 0 0 1
    outer loop
      vertex 37.5288 33.7911 9
      vertex 35.1927 24.2445 9
      vertex 38.1372 25.9445 9
    endloop
  endfacet
  facet normal 0 0 1
    outer loop
      vertex 42.6 -1.04336e-014 9
      vertex 31.5866 -0.602943 9
      vertex 42.6 -3.4 9
    endloop
  endfacet
  facet normal 0 0 1
    outer loop
      vertex 34.4388 36.8811 9
      vertex 35.1927 24.2445 9
      vertex 37.5288 33.7911 9
    endloop
  endfacet
  facet normal -0 0 1
    outer loop
      vertex 23.8759 25.5538 9
      vertex 35.1927 24.2445 9
      vertex 34.4388 36.8811 9
    endloop
  endfacet
  facet normal -0 0 1
    outer loop
      vertex 31.5081 -0.896149 9
      vertex 42.6 -3.4 9
      vertex 31.5866 -0.602943 9
    endloop
  endfacet
  facet normal -0 0 1
    outer loop
      vertex 31.3993 -1.17954 9
      vertex 42.6 -3.4 9
      vertex 31.5081 -0.896149 9
    endloop
  endfacet
  facet normal -0 0 1
    outer loop
      vertex 31.2615 -1.45 9
      vertex 42.6 -3.4 9
      vertex 31.3993 -1.17954 9
    endloop
  endfacet
  facet normal -0 0 1
    outer loop
      vertex 31.0961 -1.70458 9
      vertex 42.6 -3.4 9
      vertex 31.2615 -1.45 9
    endloop
  endfacet
  facet normal -0 0 1
    outer loop
      vertex 30.9051 -1.94048 9
      vertex 42.6 -3.4 9
      vertex 31.0961 -1.70458 9
    endloop
  endfacet
  facet normal -0 0 1
    outer loop
      vertex 30.6905 -2.15512 9
      vertex 42.6 -3.4 9
      vertex 30.9051 -1.94048 9
    endloop
  endfacet
  facet normal -0 0 1
    outer loop
      vertex 30.4546 -2.34615 9
      vertex 42.6 -3.4 9
      vertex 30.6905 -2.15512 9
    endloop
  endfacet
  facet normal 0 0 1
    outer loop
      vertex 42.6 -3.4 9
      vertex 30.4546 -2.34615 9
      vertex 38.5927 -18.3555 9
    endloop
  endfacet
  facet normal -0 0 1
    outer loop
      vertex 30.2 -2.51147 9
      vertex 38.5927 -18.3555 9
      vertex 30.4546 -2.34615 9
    endloop
  endfacet
  facet normal -0 0 1
    outer loop
      vertex 29.9295 -2.64928 9
      vertex 38.5927 -18.3555 9
      vertex 30.2 -2.51147 9
    endloop
  endfacet
  facet normal -0 0 1
    outer loop
      vertex 29.6461 -2.75806 9
      vertex 38.5927 -18.3555 9
      vertex 29.9295 -2.64928 9
    endloop
  endfacet
  facet normal -0 0 1
    outer loop
      vertex 29.3529 -2.83663 9
      vertex 38.5927 -18.3555 9
      vertex 29.6461 -2.75806 9
    endloop
  endfacet
  facet normal -0 0 1
    outer loop
      vertex 29.0531 -2.88411 9
      vertex 38.5927 -18.3555 9
      vertex 29.3529 -2.83663 9
    endloop
  endfacet
  facet normal -0 0 1
    outer loop
      vertex 28.75 -2.9 9
      vertex 38.5927 -18.3555 9
      vertex 29.0531 -2.88411 9
    endloop
  endfacet
  facet normal 0 0 1
    outer loop
      vertex 28.4469 -2.88411 9
      vertex 38.5927 -18.3555 9
      vertex 28.75 -2.9 9
    endloop
  endfacet
  facet normal 0 0 1
    outer loop
      vertex 38.5927 -18.3555 9
      vertex 23.8984 -25.5313 9
      vertex 35.1927 -24.2445 9
    endloop
  endfacet
  facet normal 0 0 1
    outer loop
      vertex 38.5927 -18.3555 9
      vertex 28.4469 -2.88411 9
      vertex 23.8984 -25.5313 9
    endloop
  endfacet
  facet normal 0 0 1
    outer loop
      vertex 23.8984 -25.5313 9
      vertex 28.4469 -2.88411 9
      vertex 28.1471 -2.83663 9
    endloop
  endfacet
  facet normal 0 0 1
    outer loop
      vertex 23.8984 -25.5313 9
      vertex 28.1471 -2.83663 9
      vertex 27.8539 -2.75806 9
    endloop
  endfacet
  facet normal 0 0 1
    outer loop
      vertex 23.8984 -25.5313 9
      vertex 27.8539 -2.75806 9
      vertex 27.5705 -2.64928 9
    endloop
  endfacet
  facet normal 0 0 1
    outer loop
      vertex 23.8984 -25.5313 9
      vertex 27.5705 -2.64928 9
      vertex 27.3 -2.51147 9
    endloop
  endfacet
  facet normal 0 0 1
    outer loop
      vertex 23.8984 -25.5313 9
      vertex 27.3 -2.51147 9
      vertex 27.0454 -2.34615 9
    endloop
  endfacet
  facet normal 0 0 1
    outer loop
      vertex 23.8984 -25.5313 9
      vertex 27.0454 -2.34615 9
      vertex 26.8095 -2.15512 9
    endloop
  endfacet
  facet normal 0 0 1
    outer loop
      vertex 23.8984 -25.5313 9
      vertex 26.8095 -2.15512 9
      vertex 26.5949 -1.94048 9
    endloop
  endfacet
  facet normal 0 0 1
    outer loop
      vertex 23.8984 -25.5313 9
      vertex 26.5949 -1.94048 9
      vertex 26.4039 -1.70458 9
    endloop
  endfacet
  facet normal 0 0 1
    outer loop
      vertex 23.8984 -25.5313 9
      vertex 26.4039 -1.70458 9
      vertex 26.2385 -1.45 9
    endloop
  endfacet
  facet normal 0 0 1
    outer loop
      vertex 23.8984 -25.5313 9
      vertex 26.2385 -1.45 9
      vertex 26.1007 -1.17954 9
    endloop
  endfacet
  facet normal 0 0 1
    outer loop
      vertex 23.8984 -25.5313 9
      vertex 26.1007 -1.17954 9
      vertex 25.9919 -0.896149 9
    endloop
  endfacet
  facet normal 0 0 1
    outer loop
      vertex 23.8984 -25.5313 9
      vertex 25.9919 -0.896149 9
      vertex 25.9134 -0.602943 9
    endloop
  endfacet
  facet normal 0 0 1
    outer loop
      vertex 35.1927 -24.2445 9
      vertex 23.8984 -25.5313 9
      vertex 34.4613 -36.8586 9
    endloop
  endfacet
  facet normal 0 0 1
    outer loop
      vertex 25.8659 -0.303132 9
      vertex 23.8984 -25.5313 9
      vertex 25.9134 -0.602943 9
    endloop
  endfacet
  facet normal 0 0 1
    outer loop
      vertex 23.8984 -25.5313 9
      vertex 25.8659 -0.303132 9
      vertex 25.85 1.10215e-015 9
    endloop
  endfacet
  facet normal 0 0 1
    outer loop
      vertex 49.4 0 9
      vertex 49.4 -6.04956e-015 9
      vertex 49.4 -1.20991e-014 9
    endloop
  endfacet
  facet normal 0 0 1
    outer loop
      vertex 55 17.5 9
      vertex 49.4 0 9
      vertex 55 -17.5 9
    endloop
  endfacet
  facet normal 0 0 1
    outer loop
      vertex 55 17.5 9
      vertex 49.3814 0.355396 9
      vertex 49.4 0 9
    endloop
  endfacet
  facet normal 0 0 1
    outer loop
      vertex 55 17.5 9
      vertex 49.3257 0.7069 9
      vertex 49.3814 0.355396 9
    endloop
  endfacet
  facet normal 0 0 1
    outer loop
      vertex 55 17.5 9
      vertex 49.2336 1.05066 9
      vertex 49.3257 0.7069 9
    endloop
  endfacet
  facet normal 0 0 1
    outer loop
      vertex 55 17.5 9
      vertex 49.1061 1.3829 9
      vertex 49.2336 1.05066 9
    endloop
  endfacet
  facet normal 0 0 1
    outer loop
      vertex 55 17.5 9
      vertex 48.9445 1.7 9
      vertex 49.1061 1.3829 9
    endloop
  endfacet
  facet normal 0 0 1
    outer loop
      vertex 55 17.5 9
      vertex 48.7507 1.99847 9
      vertex 48.9445 1.7 9
    endloop
  endfacet
  facet normal 0 0 1
    outer loop
      vertex 55 17.5 9
      vertex 48.5267 2.27504 9
      vertex 48.7507 1.99847 9
    endloop
  endfacet
  facet normal 0 0 1
    outer loop
      vertex 55 17.5 9
      vertex 48.275 2.52669 9
      vertex 48.5267 2.27504 9
    endloop
  endfacet
  facet normal 0 0 1
    outer loop
      vertex 55 17.5 9
      vertex 47.9985 2.75066 9
      vertex 48.275 2.52669 9
    endloop
  endfacet
  facet normal 0 0 1
    outer loop
      vertex 55 17.5 9
      vertex 47.7 2.94449 9
      vertex 47.9985 2.75066 9
    endloop
  endfacet
  facet normal 0 0 1
    outer loop
      vertex 55 17.5 9
      vertex 47.3829 3.10605 9
      vertex 47.7 2.94449 9
    endloop
  endfacet
  facet normal -0 0 1
    outer loop
      vertex 47.3011 17.5 9
      vertex 47.3829 3.10605 9
      vertex 55 17.5 9
    endloop
  endfacet
  facet normal 0 0 1
    outer loop
      vertex 47.3011 17.5 9
      vertex 47.0507 3.23359 9
      vertex 47.3829 3.10605 9
    endloop
  endfacet
  facet normal 0 0 1
    outer loop
      vertex 47.3011 17.5 9
      vertex 46.7069 3.3257 9
      vertex 47.0507 3.23359 9
    endloop
  endfacet
  facet normal 0 0 1
    outer loop
      vertex 47.3011 17.5 9
      vertex 46.3554 3.38137 9
      vertex 46.7069 3.3257 9
    endloop
  endfacet
  facet normal -0 0 1
    outer loop
      vertex 42.1122 20.4733 9
      vertex 47.3011 17.5 9
      vertex 46.134 20.5402 9
    endloop
  endfacet
  facet normal 0 0 1
    outer loop
      vertex 47.3011 17.5 9
      vertex 46 3.4 9
      vertex 46.3554 3.38137 9
    endloop
  endfacet
  facet normal -0 0 1
    outer loop
      vertex 43.2185 23.3554 9
      vertex 46.134 20.5402 9
      vertex 43.7343 25.25 9
    endloop
  endfacet
  facet normal 0 0 1
    outer loop
      vertex 46.134 20.5402 9
      vertex 43.2372 23 9
      vertex 43.2185 22.6446 9
    endloop
  endfacet
  facet normal -0 0 1
    outer loop
      vertex 43.1629 22.2931 9
      vertex 46.134 20.5402 9
      vertex 43.2185 22.6446 9
    endloop
  endfacet
  facet normal -0 0 1
    outer loop
      vertex 43.0708 21.9493 9
      vertex 46.134 20.5402 9
      vertex 43.1629 22.2931 9
    endloop
  endfacet
  facet normal -0 0 1
    outer loop
      vertex 42.9432 21.6171 9
      vertex 46.134 20.5402 9
      vertex 43.0708 21.9493 9
    endloop
  endfacet
  facet normal -0 0 1
    outer loop
      vertex 42.7817 21.3 9
      vertex 46.134 20.5402 9
      vertex 42.9432 21.6171 9
    endloop
  endfacet
  facet normal -0 0 1
    outer loop
      vertex 42.5878 21.0015 9
      vertex 46.134 20.5402 9
      vertex 42.7817 21.3 9
    endloop
  endfacet
  facet normal -0 0 1
    outer loop
      vertex 42.3639 20.725 9
      vertex 46.134 20.5402 9
      vertex 42.5878 21.0015 9
    endloop
  endfacet
  facet normal 0 0 1
    outer loop
      vertex 31.6341 0.303132 9
      vertex 42.6 3.4 9
      vertex 38.5927 18.3555 9
    endloop
  endfacet
  facet normal 0 0 1
    outer loop
      vertex 47.3011 17.5 9
      vertex 42.1122 20.4733 9
      vertex 41.8356 20.2493 9
    endloop
  endfacet
  facet normal 0 0 1
    outer loop
      vertex 42.1122 20.4733 9
      vertex 46.134 20.5402 9
      vertex 42.3639 20.725 9
    endloop
  endfacet
  facet normal -0 0 1
    outer loop
      vertex 49.4 -1.20991e-014 9
      vertex 55 -17.5 9
      vertex 49.4 0 9
    endloop
  endfacet
  facet normal -0 0 1
    outer loop
      vertex 49.3814 -0.355396 9
      vertex 55 -17.5 9
      vertex 49.4 -1.20991e-014 9
    endloop
  endfacet
  facet normal -0 0 1
    outer loop
      vertex 49.3257 -0.7069 9
      vertex 55 -17.5 9
      vertex 49.3814 -0.355396 9
    endloop
  endfacet
  facet normal -0 0 1
    outer loop
      vertex 49.2336 -1.05066 9
      vertex 55 -17.5 9
      vertex 49.3257 -0.7069 9
    endloop
  endfacet
  facet normal -0 0 1
    outer loop
      vertex 49.1061 -1.3829 9
      vertex 55 -17.5 9
      vertex 49.2336 -1.05066 9
    endloop
  endfacet
  facet normal -0 0 1
    outer loop
      vertex 48.9445 -1.7 9
      vertex 55 -17.5 9
      vertex 49.1061 -1.3829 9
    endloop
  endfacet
  facet normal -0 0 1
    outer loop
      vertex 48.7507 -1.99847 9
      vertex 55 -17.5 9
      vertex 48.9445 -1.7 9
    endloop
  endfacet
  facet normal -0 0 1
    outer loop
      vertex 48.5267 -2.27504 9
      vertex 55 -17.5 9
      vertex 48.7507 -1.99847 9
    endloop
  endfacet
  facet normal -0 0 1
    outer loop
      vertex 48.275 -2.52669 9
      vertex 55 -17.5 9
      vertex 48.5267 -2.27504 9
    endloop
  endfacet
  facet normal -0 0 1
    outer loop
      vertex 47.9985 -2.75066 9
      vertex 55 -17.5 9
      vertex 48.275 -2.52669 9
    endloop
  endfacet
  facet normal -0 0 1
    outer loop
      vertex 47.7 -2.94449 9
      vertex 55 -17.5 9
      vertex 47.9985 -2.75066 9
    endloop
  endfacet
  facet normal -0 0 1
    outer loop
      vertex 47.3829 -3.10605 9
      vertex 55 -17.5 9
      vertex 47.7 -2.94449 9
    endloop
  endfacet
  facet normal 0 0 1
    outer loop
      vertex 47.3829 -3.10605 9
      vertex 47.3011 -17.5 9
      vertex 55 -17.5 9
    endloop
  endfacet
  facet normal -0 0 1
    outer loop
      vertex 47.0507 -3.23359 9
      vertex 47.3011 -17.5 9
      vertex 47.3829 -3.10605 9
    endloop
  endfacet
  facet normal -0 0 1
    outer loop
      vertex 46.7069 -3.3257 9
      vertex 47.3011 -17.5 9
      vertex 47.0507 -3.23359 9
    endloop
  endfacet
  facet normal -0 0 1
    outer loop
      vertex 46.3554 -3.38137 9
      vertex 47.3011 -17.5 9
      vertex 46.7069 -3.3257 9
    endloop
  endfacet
  facet normal -0 0 1
    outer loop
      vertex 46 -3.4 9
      vertex 47.3011 -17.5 9
      vertex 46.3554 -3.38137 9
    endloop
  endfacet
  facet normal -0 0 1
    outer loop
      vertex 42.6 -3.4 9
      vertex 47.3011 -17.5 9
      vertex 46 -3.4 9
    endloop
  endfacet
  facet normal 0 -0 1
    outer loop
      vertex 41.8356 -20.2493 9
      vertex 47.3011 -17.5 9
      vertex 41.5372 -20.0555 9
    endloop
  endfacet
  facet normal 0 -0 1
    outer loop
      vertex 43.2372 -23 9
      vertex 46.134 -20.5402 9
      vertex 43.2185 -22.6446 9
    endloop
  endfacet
  facet normal 0 0 1
    outer loop
      vertex 43.2185 -23.3554 9
      vertex 46.134 -20.5402 9
      vertex 43.2372 -23 9
    endloop
  endfacet
  facet normal 0 0 1
    outer loop
      vertex 46.134 -20.5402 9
      vertex 43.1629 -22.2931 9
      vertex 43.2185 -22.6446 9
    endloop
  endfacet
  facet normal 0 0 1
    outer loop
      vertex 46.134 -20.5402 9
      vertex 43.0708 -21.9493 9
      vertex 43.1629 -22.2931 9
    endloop
  endfacet
  facet normal 0 0 1
    outer loop
      vertex 46.134 -20.5402 9
      vertex 42.9432 -21.6171 9
      vertex 43.0708 -21.9493 9
    endloop
  endfacet
  facet normal 0 0 1
    outer loop
      vertex 46.134 -20.5402 9
      vertex 42.7817 -21.3 9
      vertex 42.9432 -21.6171 9
    endloop
  endfacet
  facet normal 0 0 1
    outer loop
      vertex 38.5927 -18.3555 9
      vertex 47.3011 -17.5 9
      vertex 42.6 -3.4 9
    endloop
  endfacet
  facet normal 0 0 1
    outer loop
      vertex 46.134 -20.5402 9
      vertex 42.5878 -21.0015 9
      vertex 42.7817 -21.3 9
    endloop
  endfacet
  facet normal 0 0 1
    outer loop
      vertex 47.3011 17.5 9
      vertex 41.8356 20.2493 9
      vertex 41.5372 20.0555 9
    endloop
  endfacet
  facet normal -0 0 1
    outer loop
      vertex 38.5927 18.3555 9
      vertex 47.3011 17.5 9
      vertex 41.5372 20.0555 9
    endloop
  endfacet
  facet normal 0 0 1
    outer loop
      vertex 46.134 -20.5402 9
      vertex 42.3639 -20.725 9
      vertex 42.5878 -21.0015 9
    endloop
  endfacet
  facet normal 0 0 1
    outer loop
      vertex 47.3011 17.5 9
      vertex 42.6 3.4 9
      vertex 46 3.4 9
    endloop
  endfacet
  facet normal 0 0 1
    outer loop
      vertex 46.134 -20.5402 9
      vertex 42.1122 -20.4733 9
      vertex 42.3639 -20.725 9
    endloop
  endfacet
  facet normal 0 0 1
    outer loop
      vertex 47.3011 17.5 9
      vertex 38.5927 18.3555 9
      vertex 42.6 3.4 9
    endloop
  endfacet
  facet normal 0 0 1
    outer loop
      vertex 47.3011 -17.5 9
      vertex 42.1122 -20.4733 9
      vertex 46.134 -20.5402 9
    endloop
  endfacet
  facet normal 0 0 1
    outer loop
      vertex 31.6341 0.303132 9
      vertex 38.5927 18.3555 9
      vertex 35.1927 24.2445 9
    endloop
  endfacet
  facet normal 0 -0 1
    outer loop
      vertex 42.1122 -20.4733 9
      vertex 47.3011 -17.5 9
      vertex 41.8356 -20.2493 9
    endloop
  endfacet
  facet normal 0 0 1
    outer loop
      vertex 31.6341 -0.303132 9
      vertex 42.6 -1.04336e-014 9
      vertex 31.65 1.10215e-015 9
    endloop
  endfacet
  facet normal 0 0 1
    outer loop
      vertex 47.3011 -17.5 9
      vertex 38.5927 -18.3555 9
      vertex 41.5372 -20.0555 9
    endloop
  endfacet
  facet normal -0 0 1
    outer loop
      vertex 31.6341 0.303132 9
      vertex 42.6 -1.04336e-014 9
      vertex 42.6 3.4 9
    endloop
  endfacet
  facet normal 0 0 1
    outer loop
      vertex 31.5866 -0.602943 9
      vertex 42.6 -1.04336e-014 9
      vertex 31.6341 -0.303132 9
    endloop
  endfacet
  facet normal 0 0 1
    outer loop
      vertex 46.134 -20.5402 9
      vertex 43.2185 -23.3554 9
      vertex 43.7343 -25.25 9
    endloop
  endfacet
  facet normal -0 0 1
    outer loop
      vertex 43.1629 -23.7069 9
      vertex 43.7343 -25.25 9
      vertex 43.2185 -23.3554 9
    endloop
  endfacet
  facet normal -0 0 1
    outer loop
      vertex 43.0708 -24.0507 9
      vertex 43.7343 -25.25 9
      vertex 43.1629 -23.7069 9
    endloop
  endfacet
  facet normal -0 0 1
    outer loop
      vertex 42.9432 -24.3829 9
      vertex 43.7343 -25.25 9
      vertex 43.0708 -24.0507 9
    endloop
  endfacet
  facet normal -0 0 1
    outer loop
      vertex 42.7817 -24.7 9
      vertex 43.7343 -25.25 9
      vertex 42.9432 -24.3829 9
    endloop
  endfacet
  facet normal -0 0 1
    outer loop
      vertex 42.5878 -24.9985 9
      vertex 43.7343 -25.25 9
      vertex 42.7817 -24.7 9
    endloop
  endfacet
  facet normal 0 0 1
    outer loop
      vertex 42.3639 -25.275 9
      vertex 43.7343 -25.25 9
      vertex 42.5878 -24.9985 9
    endloop
  endfacet
  facet normal 0 0 1
    outer loop
      vertex 42.1122 -25.5267 9
      vertex 43.7343 -25.25 9
      vertex 42.3639 -25.275 9
    endloop
  endfacet
  facet normal 0 0 1
    outer loop
      vertex 41.8356 -25.7507 9
      vertex 43.7343 -25.25 9
      vertex 42.1122 -25.5267 9
    endloop
  endfacet
  facet normal 0 0 1
    outer loop
      vertex 40.8554 -29.6832 9
      vertex 41.8356 -25.7507 9
      vertex 41.5372 -25.9445 9
    endloop
  endfacet
  facet normal 0 0 1
    outer loop
      vertex 40.8554 -29.6832 9
      vertex 41.5372 -25.9445 9
      vertex 41.2201 -26.1061 9
    endloop
  endfacet
  facet normal 0 0 1
    outer loop
      vertex 40.8554 -29.6832 9
      vertex 41.2201 -26.1061 9
      vertex 40.8878 -26.2336 9
    endloop
  endfacet
  facet normal -0 0 1
    outer loop
      vertex 41.8356 -25.7507 9
      vertex 40.8554 -29.6832 9
      vertex 43.7343 -25.25 9
    endloop
  endfacet
  facet normal -0 0 1
    outer loop
      vertex 40.5441 -26.3257 9
      vertex 40.8554 -29.6832 9
      vertex 40.8878 -26.2336 9
    endloop
  endfacet
  facet normal -0 0 1
    outer loop
      vertex 40.1926 -26.3814 9
      vertex 40.8554 -29.6832 9
      vertex 40.5441 -26.3257 9
    endloop
  endfacet
  facet normal -0 0 1
    outer loop
      vertex 39.8372 -26.4 9
      vertex 40.8554 -29.6832 9
      vertex 40.1926 -26.3814 9
    endloop
  endfacet
  facet normal 0 0 1
    outer loop
      vertex 39.4818 -26.3814 9
      vertex 40.8554 -29.6832 9
      vertex 39.8372 -26.4 9
    endloop
  endfacet
  facet normal 0 0 1
    outer loop
      vertex 39.1303 -26.3257 9
      vertex 40.8554 -29.6832 9
      vertex 39.4818 -26.3814 9
    endloop
  endfacet
  facet normal 0 0 1
    outer loop
      vertex 38.7865 -26.2336 9
      vertex 40.8554 -29.6832 9
      vertex 39.1303 -26.3257 9
    endloop
  endfacet
  facet normal 0 0 1
    outer loop
      vertex 38.4543 -26.1061 9
      vertex 40.8554 -29.6832 9
      vertex 38.7865 -26.2336 9
    endloop
  endfacet
  facet normal 0 0 1
    outer loop
      vertex 37.5288 -33.7911 9
      vertex 38.4543 -26.1061 9
      vertex 38.1372 -25.9445 9
    endloop
  endfacet
  facet normal 0 0 1
    outer loop
      vertex 38.4543 -26.1061 9
      vertex 37.5288 -33.7911 9
      vertex 40.8554 -29.6832 9
    endloop
  endfacet
  facet normal 0 0 1
    outer loop
      vertex 35.1927 -24.2445 9
      vertex 37.5288 -33.7911 9
      vertex 38.1372 -25.9445 9
    endloop
  endfacet
  facet normal 0 0 1
    outer loop
      vertex 37.5288 -33.7911 9
      vertex 35.1927 -24.2445 9
      vertex 34.4613 -36.8586 9
    endloop
  endfacet
  facet normal 0.0523363 -0.99863 0
    outer loop
      vertex 0 -8 0
      vertex 0.836227 -7.95617 9
      vertex 0 -8 9
    endloop
  endfacet
  facet normal 0.0523363 -0.99863 0
    outer loop
      vertex 0.836227 -7.95617 9
      vertex 0 -8 0
      vertex 0.836227 -7.95617 0
    endloop
  endfacet
  facet normal 0.45399 -0.891007 0
    outer loop
      vertex 3.25389 -7.30836 0
      vertex 4 -6.9282 9
      vertex 3.25389 -7.30836 9
    endloop
  endfacet
  facet normal 0.45399 -0.891007 0
    outer loop
      vertex 4 -6.9282 9
      vertex 3.25389 -7.30836 0
      vertex 4 -6.9282 0
    endloop
  endfacet
  facet normal 0.629321 -0.777146 0
    outer loop
      vertex 4.70228 -6.47214 0
      vertex 5.35304 -5.94516 9
      vertex 4.70228 -6.47214 9
    endloop
  endfacet
  facet normal 0.629321 -0.777146 0
    outer loop
      vertex 5.35304 -5.94516 9
      vertex 4.70228 -6.47214 0
      vertex 5.35304 -5.94516 0
    endloop
  endfacet
  facet normal 0.544639 -0.838671 0
    outer loop
      vertex 4 -6.9282 0
      vertex 4.70228 -6.47214 9
      vertex 4 -6.9282 9
    endloop
  endfacet
  facet normal 0.544639 -0.838671 0
    outer loop
      vertex 4.70228 -6.47214 9
      vertex 4 -6.9282 0
      vertex 4.70228 -6.47214 0
    endloop
  endfacet
  facet normal 0.777146 -0.629321 0
    outer loop
      vertex 5.94516 -5.35304 9
      vertex 6.47214 -4.70228 0
      vertex 6.47214 -4.70228 9
    endloop
  endfacet
  facet normal 0.777146 -0.629321 0
    outer loop
      vertex 6.47214 -4.70228 0
      vertex 5.94516 -5.35304 9
      vertex 5.94516 -5.35304 0
    endloop
  endfacet
  facet normal 0.838671 -0.544638 0
    outer loop
      vertex 6.47214 -4.70228 9
      vertex 6.9282 -4 0
      vertex 6.9282 -4 9
    endloop
  endfacet
  facet normal 0.838671 -0.544638 0
    outer loop
      vertex 6.9282 -4 0
      vertex 6.47214 -4.70228 9
      vertex 6.47214 -4.70228 0
    endloop
  endfacet
  facet normal -0.156435 -0.987688 0
    outer loop
      vertex -1.10484 -7.91363 0
      vertex -0.836227 -7.95617 9
      vertex -1.10484 -7.91363 9
    endloop
  endfacet
  facet normal -0.156435 -0.987688 -0
    outer loop
      vertex -0.836227 -7.95617 9
      vertex -1.10484 -7.91363 0
      vertex -0.836227 -7.95617 0
    endloop
  endfacet
  facet normal -0.93358 -0.358368 0
    outer loop
      vertex -7.30836 -3.25389 0
      vertex -7.60845 -2.47214 9
      vertex -7.60845 -2.47214 0
    endloop
  endfacet
  facet normal -0.93358 -0.358368 0
    outer loop
      vertex -7.60845 -2.47214 9
      vertex -7.30836 -3.25389 0
      vertex -7.30836 -3.25389 9
    endloop
  endfacet
  facet normal 0.777146 0.629321 0
    outer loop
      vertex 6.47214 4.70228 9
      vertex 5.94516 5.35304 0
      vertex 5.94516 5.35304 9
    endloop
  endfacet
  facet normal 0.777146 0.629321 0
    outer loop
      vertex 5.94516 5.35304 0
      vertex 6.47214 4.70228 9
      vertex 6.47214 4.70228 0
    endloop
  endfacet
  facet normal 0.45399 0.891007 -0
    outer loop
      vertex 4 6.9282 0
      vertex 3.25389 7.30836 9
      vertex 4 6.9282 9
    endloop
  endfacet
  facet normal 0.45399 0.891007 0
    outer loop
      vertex 3.25389 7.30836 9
      vertex 4 6.9282 0
      vertex 3.25389 7.30836 0
    endloop
  endfacet
  facet normal -0.156435 0.987688 0
    outer loop
      vertex -0.836227 7.95617 0
      vertex -1.10484 7.91363 9
      vertex -0.836227 7.95617 9
    endloop
  endfacet
  facet normal -0.156435 0.987688 0
    outer loop
      vertex -1.10484 7.91363 9
      vertex -0.836227 7.95617 0
      vertex -1.10484 7.91363 0
    endloop
  endfacet
  facet normal 0.156435 -0.987688 0
    outer loop
      vertex 0.836227 -7.95617 0
      vertex 1.66329 -7.82518 9
      vertex 0.836227 -7.95617 9
    endloop
  endfacet
  facet normal 0.156435 -0.987688 0
    outer loop
      vertex 1.66329 -7.82518 9
      vertex 0.836227 -7.95617 0
      vertex 1.66329 -7.82518 0
    endloop
  endfacet
  facet normal 0.358368 -0.93358 0
    outer loop
      vertex 2.47214 -7.60845 0
      vertex 3.25389 -7.30836 9
      vertex 2.47214 -7.60845 9
    endloop
  endfacet
  facet normal 0.358368 -0.93358 0
    outer loop
      vertex 3.25389 -7.30836 9
      vertex 2.47214 -7.60845 0
      vertex 3.25389 -7.30836 0
    endloop
  endfacet
  facet normal 0.933581 -0.358368 0
    outer loop
      vertex 7.30836 -3.25389 9
      vertex 7.40582 -3 0
      vertex 7.40582 -3 9
    endloop
  endfacet
  facet normal 0.933581 -0.358368 0
    outer loop
      vertex 7.40582 -3 0
      vertex 7.30836 -3.25389 9
      vertex 7.30836 -3.25389 0
    endloop
  endfacet
  facet normal -0.891006 -0.453991 0
    outer loop
      vertex -6.9282 -4 0
      vertex -7.30836 -3.25389 9
      vertex -7.30836 -3.25389 0
    endloop
  endfacet
  facet normal -0.891006 -0.453991 0
    outer loop
      vertex -7.30836 -3.25389 9
      vertex -6.9282 -4 0
      vertex -6.9282 -4 9
    endloop
  endfacet
  facet normal -0.965926 -0.258818 0
    outer loop
      vertex -7.60845 -2.47214 0
      vertex -7.82518 -1.66329 9
      vertex -7.82518 -1.66329 0
    endloop
  endfacet
  facet normal -0.965926 -0.258818 0
    outer loop
      vertex -7.82518 -1.66329 9
      vertex -7.60845 -2.47214 0
      vertex -7.60845 -2.47214 9
    endloop
  endfacet
  facet normal -0.998629 -0.0523369 0
    outer loop
      vertex 3.25 0 0
      vertex 3.2322 0.339717 9
      vertex 3.2322 0.339717 0
    endloop
  endfacet
  facet normal -0.998629 -0.0523369 0
    outer loop
      vertex 3.2322 0.339717 9
      vertex 3.25 0 0
      vertex 3.25 0 9
    endloop
  endfacet
  facet normal 0.998629 -0.0523369 0
    outer loop
      vertex -3.25 0 9
      vertex -3.2322 0.339717 0
      vertex -3.2322 0.339717 9
    endloop
  endfacet
  facet normal 0.998629 -0.0523369 0
    outer loop
      vertex -3.2322 0.339717 0
      vertex -3.25 0 9
      vertex -3.25 0 0
    endloop
  endfacet
  facet normal -0.0523369 -0.998629 0
    outer loop
      vertex 0 3.25 0
      vertex 0.339717 3.2322 9
      vertex 0 3.25 9
    endloop
  endfacet
  facet normal -0.0523369 -0.998629 -0
    outer loop
      vertex 0.339717 3.2322 9
      vertex 0 3.25 0
      vertex 0.339717 3.2322 0
    endloop
  endfacet
  facet normal -0.707107 -0.707107 0
    outer loop
      vertex 2.41522 2.17467 0
      vertex 2.17467 2.41522 9
      vertex 2.17467 2.41522 0
    endloop
  endfacet
  facet normal -0.707107 -0.707107 0
    outer loop
      vertex 2.17467 2.41522 9
      vertex 2.41522 2.17467 0
      vertex 2.41522 2.17467 9
    endloop
  endfacet
  facet normal 0.62932 -0.777146 0
    outer loop
      vertex -2.17467 2.41522 0
      vertex -1.9103 2.6293 9
      vertex -2.17467 2.41522 9
    endloop
  endfacet
  facet normal 0.62932 -0.777146 0
    outer loop
      vertex -1.9103 2.6293 9
      vertex -2.17467 2.41522 0
      vertex -1.9103 2.6293 0
    endloop
  endfacet
  facet normal 0.258819 -0.965926 0
    outer loop
      vertex -1.0043 3.09093 0
      vertex -0.675713 3.17898 9
      vertex -1.0043 3.09093 9
    endloop
  endfacet
  facet normal 0.258819 -0.965926 0
    outer loop
      vertex -0.675713 3.17898 9
      vertex -1.0043 3.09093 0
      vertex -0.675713 3.17898 0
    endloop
  endfacet
  facet normal 0.987688 0.156436 0
    outer loop
      vertex -3.17898 -0.675713 9
      vertex -3.2322 -0.339717 0
      vertex -3.2322 -0.339717 9
    endloop
  endfacet
  facet normal 0.987688 0.156436 0
    outer loop
      vertex -3.2322 -0.339717 0
      vertex -3.17898 -0.675713 9
      vertex -3.17898 -0.675713 0
    endloop
  endfacet
  facet normal -0.93358 -0.358368 0
    outer loop
      vertex 3.09093 1.0043 0
      vertex 2.96902 1.32189 9
      vertex 2.96902 1.32189 0
    endloop
  endfacet
  facet normal -0.93358 -0.358368 0
    outer loop
      vertex 2.96902 1.32189 9
      vertex 3.09093 1.0043 0
      vertex 3.09093 1.0043 9
    endloop
  endfacet
  facet normal -0.358368 -0.93358 0
    outer loop
      vertex 1.0043 3.09093 0
      vertex 1.32189 2.96902 9
      vertex 1.0043 3.09093 9
    endloop
  endfacet
  facet normal -0.358368 -0.93358 -0
    outer loop
      vertex 1.32189 2.96902 9
      vertex 1.0043 3.09093 0
      vertex 1.32189 2.96902 0
    endloop
  endfacet
  facet normal 0.838671 -0.544638 0
    outer loop
      vertex -2.81458 1.625 9
      vertex -2.6293 1.9103 0
      vertex -2.6293 1.9103 9
    endloop
  endfacet
  facet normal 0.838671 -0.544638 0
    outer loop
      vertex -2.6293 1.9103 0
      vertex -2.81458 1.625 9
      vertex -2.81458 1.625 0
    endloop
  endfacet
  facet normal 0.777146 -0.62932 0
    outer loop
      vertex -2.6293 1.9103 9
      vertex -2.41522 2.17467 0
      vertex -2.41522 2.17467 9
    endloop
  endfacet
  facet normal 0.777146 -0.62932 0
    outer loop
      vertex -2.41522 2.17467 0
      vertex -2.6293 1.9103 9
      vertex -2.6293 1.9103 0
    endloop
  endfacet
  facet normal 0.0523369 -0.998629 0
    outer loop
      vertex -0.339717 3.2322 0
      vertex 0 3.25 9
      vertex -0.339717 3.2322 9
    endloop
  endfacet
  facet normal 0.0523369 -0.998629 0
    outer loop
      vertex 0 3.25 9
      vertex -0.339717 3.2322 0
      vertex 0 3.25 0
    endloop
  endfacet
  facet normal -0.891006 0.453991 0
    outer loop
      vertex 2.81458 -1.625 0
      vertex 2.96902 -1.32189 9
      vertex 2.96902 -1.32189 0
    endloop
  endfacet
  facet normal -0.891006 0.453991 0
    outer loop
      vertex 2.96902 -1.32189 9
      vertex 2.81458 -1.625 0
      vertex 2.81458 -1.625 9
    endloop
  endfacet
  facet normal -0.258819 0.965926 0
    outer loop
      vertex 1.0043 -3.09093 0
      vertex 0.675713 -3.17898 9
      vertex 1.0043 -3.09093 9
    endloop
  endfacet
  facet normal -0.258819 0.965926 0
    outer loop
      vertex 0.675713 -3.17898 9
      vertex 1.0043 -3.09093 0
      vertex 0.675713 -3.17898 0
    endloop
  endfacet
  facet normal -0.707107 0.707107 0
    outer loop
      vertex 2.17467 -2.41522 0
      vertex 2.41522 -2.17467 9
      vertex 2.41522 -2.17467 0
    endloop
  endfacet
  facet normal -0.707107 0.707107 0
    outer loop
      vertex 2.41522 -2.17467 9
      vertex 2.17467 -2.41522 0
      vertex 2.17467 -2.41522 9
    endloop
  endfacet
  facet normal -0.965926 0.258819 0
    outer loop
      vertex 3.09093 -1.0043 0
      vertex 3.17898 -0.675713 9
      vertex 3.17898 -0.675713 0
    endloop
  endfacet
  facet normal -0.965926 0.258819 0
    outer loop
      vertex 3.17898 -0.675713 9
      vertex 3.09093 -1.0043 0
      vertex 3.09093 -1.0043 9
    endloop
  endfacet
  facet normal 0.358368 0.93358 -0
    outer loop
      vertex -1.0043 -3.09093 0
      vertex -1.32189 -2.96902 9
      vertex -1.0043 -3.09093 9
    endloop
  endfacet
  facet normal 0.358368 0.93358 0
    outer loop
      vertex -1.32189 -2.96902 9
      vertex -1.0043 -3.09093 0
      vertex -1.32189 -2.96902 0
    endloop
  endfacet
  facet normal 0.777146 0.62932 0
    outer loop
      vertex -2.41522 -2.17467 9
      vertex -2.6293 -1.9103 0
      vertex -2.6293 -1.9103 9
    endloop
  endfacet
  facet normal 0.777146 0.62932 0
    outer loop
      vertex -2.6293 -1.9103 0
      vertex -2.41522 -2.17467 9
      vertex -2.41522 -2.17467 0
    endloop
  endfacet
  facet normal 0.838671 0.544638 0
    outer loop
      vertex -2.6293 -1.9103 9
      vertex -2.81458 -1.625 0
      vertex -2.81458 -1.625 9
    endloop
  endfacet
  facet normal 0.838671 0.544638 0
    outer loop
      vertex -2.81458 -1.625 0
      vertex -2.6293 -1.9103 9
      vertex -2.6293 -1.9103 0
    endloop
  endfacet
  facet normal 0.998629 0.0523369 0
    outer loop
      vertex -3.2322 -0.339717 9
      vertex -3.25 0 0
      vertex -3.25 0 9
    endloop
  endfacet
  facet normal 0.998629 0.0523369 0
    outer loop
      vertex -3.25 0 0
      vertex -3.2322 -0.339717 9
      vertex -3.2322 -0.339717 0
    endloop
  endfacet
  facet normal -0.965926 -0.258819 0
    outer loop
      vertex 3.17898 0.675713 0
      vertex 3.09093 1.0043 9
      vertex 3.09093 1.0043 0
    endloop
  endfacet
  facet normal -0.965926 -0.258819 0
    outer loop
      vertex 3.09093 1.0043 9
      vertex 3.17898 0.675713 0
      vertex 3.17898 0.675713 9
    endloop
  endfacet
  facet normal -0.987688 -0.156436 0
    outer loop
      vertex 3.2322 0.339717 0
      vertex 3.17898 0.675713 9
      vertex 3.17898 0.675713 0
    endloop
  endfacet
  facet normal -0.987688 -0.156436 0
    outer loop
      vertex 3.17898 0.675713 9
      vertex 3.2322 0.339717 0
      vertex 3.2322 0.339717 9
    endloop
  endfacet
  facet normal -0.838671 -0.544638 0
    outer loop
      vertex 2.81458 1.625 0
      vertex 2.6293 1.9103 9
      vertex 2.6293 1.9103 0
    endloop
  endfacet
  facet normal -0.838671 -0.544638 0
    outer loop
      vertex 2.6293 1.9103 9
      vertex 2.81458 1.625 0
      vertex 2.81458 1.625 9
    endloop
  endfacet
  facet normal -0.777146 -0.62932 0
    outer loop
      vertex 2.6293 1.9103 0
      vertex 2.41522 2.17467 9
      vertex 2.41522 2.17467 0
    endloop
  endfacet
  facet normal -0.777146 -0.62932 0
    outer loop
      vertex 2.41522 2.17467 9
      vertex 2.6293 1.9103 0
      vertex 2.6293 1.9103 9
    endloop
  endfacet
  facet normal -0.891006 -0.453991 0
    outer loop
      vertex 2.96902 1.32189 0
      vertex 2.81458 1.625 9
      vertex 2.81458 1.625 0
    endloop
  endfacet
  facet normal -0.891006 -0.453991 0
    outer loop
      vertex 2.81458 1.625 9
      vertex 2.96902 1.32189 0
      vertex 2.96902 1.32189 9
    endloop
  endfacet
  facet normal -0.258819 -0.965926 0
    outer loop
      vertex 0.675713 3.17898 0
      vertex 1.0043 3.09093 9
      vertex 0.675713 3.17898 9
    endloop
  endfacet
  facet normal -0.258819 -0.965926 -0
    outer loop
      vertex 1.0043 3.09093 9
      vertex 0.675713 3.17898 0
      vertex 1.0043 3.09093 0
    endloop
  endfacet
  facet normal -0.156436 -0.987688 0
    outer loop
      vertex 0.339717 3.2322 0
      vertex 0.675713 3.17898 9
      vertex 0.339717 3.2322 9
    endloop
  endfacet
  facet normal -0.156436 -0.987688 -0
    outer loop
      vertex 0.675713 3.17898 9
      vertex 0.339717 3.2322 0
      vertex 0.675713 3.17898 0
    endloop
  endfacet
  facet normal -0.544639 -0.83867 0
    outer loop
      vertex 1.625 2.81458 0
      vertex 1.9103 2.6293 9
      vertex 1.625 2.81458 9
    endloop
  endfacet
  facet normal -0.544639 -0.83867 -0
    outer loop
      vertex 1.9103 2.6293 9
      vertex 1.625 2.81458 0
      vertex 1.9103 2.6293 0
    endloop
  endfacet
  facet normal -0.453989 -0.891007 0
    outer loop
      vertex 1.32189 2.96902 0
      vertex 1.625 2.81458 9
      vertex 1.32189 2.96902 9
    endloop
  endfacet
  facet normal -0.453989 -0.891007 -0
    outer loop
      vertex 1.625 2.81458 9
      vertex 1.32189 2.96902 0
      vertex 1.625 2.81458 0
    endloop
  endfacet
  facet normal -0.62932 -0.777146 0
    outer loop
      vertex 1.9103 2.6293 0
      vertex 2.17467 2.41522 9
      vertex 1.9103 2.6293 9
    endloop
  endfacet
  facet normal -0.62932 -0.777146 -0
    outer loop
      vertex 2.17467 2.41522 9
      vertex 1.9103 2.6293 0
      vertex 2.17467 2.41522 0
    endloop
  endfacet
  facet normal 0.965926 -0.258819 0
    outer loop
      vertex -3.17898 0.675713 9
      vertex -3.09093 1.0043 0
      vertex -3.09093 1.0043 9
    endloop
  endfacet
  facet normal 0.965926 -0.258819 0
    outer loop
      vertex -3.09093 1.0043 0
      vertex -3.17898 0.675713 9
      vertex -3.17898 0.675713 0
    endloop
  endfacet
  facet normal 0.707107 -0.707107 0
    outer loop
      vertex -2.41522 2.17467 9
      vertex -2.17467 2.41522 0
      vertex -2.17467 2.41522 9
    endloop
  endfacet
  facet normal 0.707107 -0.707107 0
    outer loop
      vertex -2.17467 2.41522 0
      vertex -2.41522 2.17467 9
      vertex -2.41522 2.17467 0
    endloop
  endfacet
  facet normal 0.891006 -0.453991 0
    outer loop
      vertex -2.96902 1.32189 9
      vertex -2.81458 1.625 0
      vertex -2.81458 1.625 9
    endloop
  endfacet
  facet normal 0.891006 -0.453991 0
    outer loop
      vertex -2.81458 1.625 0
      vertex -2.96902 1.32189 9
      vertex -2.96902 1.32189 0
    endloop
  endfacet
  facet normal 0.93358 -0.358368 0
    outer loop
      vertex -3.09093 1.0043 9
      vertex -2.96902 1.32189 0
      vertex -2.96902 1.32189 9
    endloop
  endfacet
  facet normal 0.93358 -0.358368 0
    outer loop
      vertex -2.96902 1.32189 0
      vertex -3.09093 1.0043 9
      vertex -3.09093 1.0043 0
    endloop
  endfacet
  facet normal 0.987688 -0.156436 0
    outer loop
      vertex -3.2322 0.339717 9
      vertex -3.17898 0.675713 0
      vertex -3.17898 0.675713 9
    endloop
  endfacet
  facet normal 0.987688 -0.156436 0
    outer loop
      vertex -3.17898 0.675713 0
      vertex -3.2322 0.339717 9
      vertex -3.2322 0.339717 0
    endloop
  endfacet
  facet normal 0.358368 -0.93358 0
    outer loop
      vertex -1.32189 2.96902 0
      vertex -1.0043 3.09093 9
      vertex -1.32189 2.96902 9
    endloop
  endfacet
  facet normal 0.358368 -0.93358 0
    outer loop
      vertex -1.0043 3.09093 9
      vertex -1.32189 2.96902 0
      vertex -1.0043 3.09093 0
    endloop
  endfacet
  facet normal 0.453991 -0.891006 0
    outer loop
      vertex -1.625 2.81458 0
      vertex -1.32189 2.96902 9
      vertex -1.625 2.81458 9
    endloop
  endfacet
  facet normal 0.453991 -0.891006 0
    outer loop
      vertex -1.32189 2.96902 9
      vertex -1.625 2.81458 0
      vertex -1.32189 2.96902 0
    endloop
  endfacet
  facet normal 0.544638 -0.838671 0
    outer loop
      vertex -1.9103 2.6293 0
      vertex -1.625 2.81458 9
      vertex -1.9103 2.6293 9
    endloop
  endfacet
  facet normal 0.544638 -0.838671 0
    outer loop
      vertex -1.625 2.81458 9
      vertex -1.9103 2.6293 0
      vertex -1.625 2.81458 0
    endloop
  endfacet
  facet normal -0.998629 0.0523369 0
    outer loop
      vertex 3.2322 -0.339717 0
      vertex 3.25 0 9
      vertex 3.25 0 0
    endloop
  endfacet
  facet normal -0.998629 0.0523369 0
    outer loop
      vertex 3.25 0 9
      vertex 3.2322 -0.339717 0
      vertex 3.2322 -0.339717 9
    endloop
  endfacet
  facet normal -0.0523369 0.998629 0
    outer loop
      vertex 0.339717 -3.2322 0
      vertex 0 -3.25 9
      vertex 0.339717 -3.2322 9
    endloop
  endfacet
  facet normal -0.0523369 0.998629 0
    outer loop
      vertex 0 -3.25 9
      vertex 0.339717 -3.2322 0
      vertex 0 -3.25 0
    endloop
  endfacet
  facet normal -0.453989 0.891007 0
    outer loop
      vertex 1.625 -2.81458 0
      vertex 1.32189 -2.96902 9
      vertex 1.625 -2.81458 9
    endloop
  endfacet
  facet normal -0.453989 0.891007 0
    outer loop
      vertex 1.32189 -2.96902 9
      vertex 1.625 -2.81458 0
      vertex 1.32189 -2.96902 0
    endloop
  endfacet
  facet normal -0.62932 0.777146 0
    outer loop
      vertex 2.17467 -2.41522 0
      vertex 1.9103 -2.6293 9
      vertex 2.17467 -2.41522 9
    endloop
  endfacet
  facet normal -0.62932 0.777146 0
    outer loop
      vertex 1.9103 -2.6293 9
      vertex 2.17467 -2.41522 0
      vertex 1.9103 -2.6293 0
    endloop
  endfacet
  facet normal -0.777146 0.62932 0
    outer loop
      vertex 2.41522 -2.17467 0
      vertex 2.6293 -1.9103 9
      vertex 2.6293 -1.9103 0
    endloop
  endfacet
  facet normal -0.777146 0.62932 0
    outer loop
      vertex 2.6293 -1.9103 9
      vertex 2.41522 -2.17467 0
      vertex 2.41522 -2.17467 9
    endloop
  endfacet
  facet normal -0.838671 0.544638 0
    outer loop
      vertex 2.6293 -1.9103 0
      vertex 2.81458 -1.625 9
      vertex 2.81458 -1.625 0
    endloop
  endfacet
  facet normal -0.838671 0.544638 0
    outer loop
      vertex 2.81458 -1.625 9
      vertex 2.6293 -1.9103 0
      vertex 2.6293 -1.9103 9
    endloop
  endfacet
  facet normal 0.707107 0.707107 0
    outer loop
      vertex -2.17467 -2.41522 9
      vertex -2.41522 -2.17467 0
      vertex -2.41522 -2.17467 9
    endloop
  endfacet
  facet normal 0.707107 0.707107 0
    outer loop
      vertex -2.41522 -2.17467 0
      vertex -2.17467 -2.41522 9
      vertex -2.17467 -2.41522 0
    endloop
  endfacet
  facet normal 0.62932 0.777146 -0
    outer loop
      vertex -1.9103 -2.6293 0
      vertex -2.17467 -2.41522 9
      vertex -1.9103 -2.6293 9
    endloop
  endfacet
  facet normal 0.62932 0.777146 0
    outer loop
      vertex -2.17467 -2.41522 9
      vertex -1.9103 -2.6293 0
      vertex -2.17467 -2.41522 0
    endloop
  endfacet
  facet normal 0.544639 0.83867 -0
    outer loop
      vertex -1.625 -2.81458 0
      vertex -1.9103 -2.6293 9
      vertex -1.625 -2.81458 9
    endloop
  endfacet
  facet normal 0.544639 0.83867 0
    outer loop
      vertex -1.9103 -2.6293 9
      vertex -1.625 -2.81458 0
      vertex -1.9103 -2.6293 0
    endloop
  endfacet
  facet normal 0.156436 0.987688 -0
    outer loop
      vertex -0.339717 -3.2322 0
      vertex -0.675713 -3.17898 9
      vertex -0.339717 -3.2322 9
    endloop
  endfacet
  facet normal 0.156436 0.987688 0
    outer loop
      vertex -0.675713 -3.17898 9
      vertex -0.339717 -3.2322 0
      vertex -0.675713 -3.17898 0
    endloop
  endfacet
  facet normal 0.93358 0.358368 0
    outer loop
      vertex -2.96902 -1.32189 9
      vertex -3.09093 -1.0043 0
      vertex -3.09093 -1.0043 9
    endloop
  endfacet
  facet normal 0.93358 0.358368 0
    outer loop
      vertex -3.09093 -1.0043 0
      vertex -2.96902 -1.32189 9
      vertex -2.96902 -1.32189 0
    endloop
  endfacet
  facet normal 0.965926 0.258819 0
    outer loop
      vertex -3.09093 -1.0043 9
      vertex -3.17898 -0.675713 0
      vertex -3.17898 -0.675713 9
    endloop
  endfacet
  facet normal 0.965926 0.258819 0
    outer loop
      vertex -3.17898 -0.675713 0
      vertex -3.09093 -1.0043 9
      vertex -3.09093 -1.0043 0
    endloop
  endfacet
  facet normal 0.156436 -0.987688 0
    outer loop
      vertex -0.675713 3.17898 0
      vertex -0.339717 3.2322 9
      vertex -0.675713 3.17898 9
    endloop
  endfacet
  facet normal 0.156436 -0.987688 0
    outer loop
      vertex -0.339717 3.2322 9
      vertex -0.675713 3.17898 0
      vertex -0.339717 3.2322 0
    endloop
  endfacet
  facet normal -0.156436 0.987688 0
    outer loop
      vertex 0.675713 -3.17898 0
      vertex 0.339717 -3.2322 9
      vertex 0.675713 -3.17898 9
    endloop
  endfacet
  facet normal -0.156436 0.987688 0
    outer loop
      vertex 0.339717 -3.2322 9
      vertex 0.675713 -3.17898 0
      vertex 0.339717 -3.2322 0
    endloop
  endfacet
  facet normal -0.358368 0.93358 0
    outer loop
      vertex 1.32189 -2.96902 0
      vertex 1.0043 -3.09093 9
      vertex 1.32189 -2.96902 9
    endloop
  endfacet
  facet normal -0.358368 0.93358 0
    outer loop
      vertex 1.0043 -3.09093 9
      vertex 1.32189 -2.96902 0
      vertex 1.0043 -3.09093 0
    endloop
  endfacet
  facet normal -0.544639 0.83867 0
    outer loop
      vertex 1.9103 -2.6293 0
      vertex 1.625 -2.81458 9
      vertex 1.9103 -2.6293 9
    endloop
  endfacet
  facet normal -0.544639 0.83867 0
    outer loop
      vertex 1.625 -2.81458 9
      vertex 1.9103 -2.6293 0
      vertex 1.625 -2.81458 0
    endloop
  endfacet
  facet normal -0.93358 0.358368 0
    outer loop
      vertex 2.96902 -1.32189 0
      vertex 3.09093 -1.0043 9
      vertex 3.09093 -1.0043 0
    endloop
  endfacet
  facet normal -0.93358 0.358368 0
    outer loop
      vertex 3.09093 -1.0043 9
      vertex 2.96902 -1.32189 0
      vertex 2.96902 -1.32189 9
    endloop
  endfacet
  facet normal -0.987688 0.156436 0
    outer loop
      vertex 3.17898 -0.675713 0
      vertex 3.2322 -0.339717 9
      vertex 3.2322 -0.339717 0
    endloop
  endfacet
  facet normal -0.987688 0.156436 0
    outer loop
      vertex 3.2322 -0.339717 9
      vertex 3.17898 -0.675713 0
      vertex 3.17898 -0.675713 9
    endloop
  endfacet
  facet normal 0.453989 0.891007 -0
    outer loop
      vertex -1.32189 -2.96902 0
      vertex -1.625 -2.81458 9
      vertex -1.32189 -2.96902 9
    endloop
  endfacet
  facet normal 0.453989 0.891007 0
    outer loop
      vertex -1.625 -2.81458 9
      vertex -1.32189 -2.96902 0
      vertex -1.625 -2.81458 0
    endloop
  endfacet
  facet normal 0.258819 0.965926 -0
    outer loop
      vertex -0.675713 -3.17898 0
      vertex -1.0043 -3.09093 9
      vertex -0.675713 -3.17898 9
    endloop
  endfacet
  facet normal 0.258819 0.965926 0
    outer loop
      vertex -1.0043 -3.09093 9
      vertex -0.675713 -3.17898 0
      vertex -1.0043 -3.09093 0
    endloop
  endfacet
  facet normal 0.0523369 0.998629 -0
    outer loop
      vertex 0 -3.25 0
      vertex -0.339717 -3.2322 9
      vertex 0 -3.25 9
    endloop
  endfacet
  facet normal 0.0523369 0.998629 0
    outer loop
      vertex -0.339717 -3.2322 9
      vertex 0 -3.25 0
      vertex -0.339717 -3.2322 0
    endloop
  endfacet
  facet normal 0.891006 0.453991 0
    outer loop
      vertex -2.81458 -1.625 9
      vertex -2.96902 -1.32189 0
      vertex -2.96902 -1.32189 9
    endloop
  endfacet
  facet normal 0.891006 0.453991 0
    outer loop
      vertex -2.96902 -1.32189 0
      vertex -2.81458 -1.625 9
      vertex -2.81458 -1.625 0
    endloop
  endfacet
  facet normal 0 -1 0
    outer loop
      vertex 7.40582 -3 0
      vertex 23.8918 -3 9
      vertex 7.40582 -3 9
    endloop
  endfacet
  facet normal 0 -1 -0
    outer loop
      vertex 23.8918 -3 9
      vertex 7.40582 -3 0
      vertex 23.8918 -3 0
    endloop
  endfacet
  facet normal 0 1 -0
    outer loop
      vertex 23.8918 3 0
      vertex 7.40582 3 9
      vertex 23.8918 3 9
    endloop
  endfacet
  facet normal 0 1 0
    outer loop
      vertex 7.40582 3 9
      vertex 23.8918 3 0
      vertex 7.40582 3 0
    endloop
  endfacet
  facet normal 0.866025 0.5 0
    outer loop
      vertex -1.10484 7.91363 9
      vertex -9.34783 22.1909 0
      vertex -9.34783 22.1909 9
    endloop
  endfacet
  facet normal 0.866025 0.5 0
    outer loop
      vertex -9.34783 22.1909 0
      vertex -1.10484 7.91363 9
      vertex -1.10484 7.91363 0
    endloop
  endfacet
  facet normal -0.866025 -0.5 0
    outer loop
      vertex -6.30099 4.91363 0
      vertex -14.544 19.1909 9
      vertex -14.544 19.1909 0
    endloop
  endfacet
  facet normal -0.866025 -0.5 0
    outer loop
      vertex -14.544 19.1909 9
      vertex -6.30099 4.91363 0
      vertex -6.30099 4.91363 9
    endloop
  endfacet
  facet normal -0.866025 0.5 0
    outer loop
      vertex -14.544 -19.1909 0
      vertex -6.30099 -4.91363 9
      vertex -6.30099 -4.91363 0
    endloop
  endfacet
  facet normal -0.866025 0.5 0
    outer loop
      vertex -6.30099 -4.91363 9
      vertex -14.544 -19.1909 0
      vertex -14.544 -19.1909 9
    endloop
  endfacet
  facet normal 0.866025 -0.5 0
    outer loop
      vertex -9.34783 -22.1909 9
      vertex -1.10484 -7.91363 0
      vertex -1.10484 -7.91363 9
    endloop
  endfacet
  facet normal 0.866025 -0.5 0
    outer loop
      vertex -1.10484 -7.91363 0
      vertex -9.34783 -22.1909 9
      vertex -9.34783 -22.1909 0
    endloop
  endfacet
  facet normal -0.99863 0.0523362 0
    outer loop
      vertex -50.5 0 0
      vertex -50.2234 5.27869 7.1
      vertex -50.2234 5.27869 0
    endloop
  endfacet
  facet normal -0.99863 0.0523362 0
    outer loop
      vertex -50.2234 5.27869 7.1
      vertex -50.5 0 0
      vertex -50.5 0 7.1
    endloop
  endfacet
  facet normal 0.0523362 0.99863 -0
    outer loop
      vertex 5.27869 50.2234 0
      vertex 0 50.5 9
      vertex 5.27869 50.2234 9
    endloop
  endfacet
  facet normal 0.0523362 0.99863 0
    outer loop
      vertex 0 50.5 9
      vertex 5.27869 50.2234 0
      vertex 0 50.5 0
    endloop
  endfacet
  facet normal 0.707107 0.707107 0
    outer loop
      vertex 34.4388 36.8811 9
      vertex 37.5288 33.7911 9
      vertex 34.4388 36.8811 7.1
    endloop
  endfacet
  facet normal 0.707107 0.707107 0
    outer loop
      vertex 34.4388 36.8811 7.1
      vertex 33.7911 37.5288 0
      vertex 33.7911 37.5288 7.1
    endloop
  endfacet
  facet normal 0.707107 0.707107 -0
    outer loop
      vertex 37.5288 33.7911 0
      vertex 34.4388 36.8811 7.1
      vertex 37.5288 33.7911 9
    endloop
  endfacet
  facet normal 0.707107 0.707107 0
    outer loop
      vertex 34.4388 36.8811 7.1
      vertex 37.5288 33.7911 0
      vertex 33.7911 37.5288 0
    endloop
  endfacet
  facet normal -0.62932 0.777146 0
    outer loop
      vertex -29.6832 40.8554 0
      vertex -33.7911 37.5288 9
      vertex -29.6832 40.8554 9
    endloop
  endfacet
  facet normal -0.62932 0.777146 0
    outer loop
      vertex -33.7911 37.5288 9
      vertex -29.6832 40.8554 0
      vertex -33.7911 37.5288 0
    endloop
  endfacet
  facet normal -0.358368 0.93358 0
    outer loop
      vertex -15.6054 48.0284 0
      vertex -20.5402 46.134 9
      vertex -15.6054 48.0284 9
    endloop
  endfacet
  facet normal -0.358368 0.93358 0
    outer loop
      vertex -20.5402 46.134 9
      vertex -15.6054 48.0284 0
      vertex -20.5402 46.134 0
    endloop
  endfacet
  facet normal -0.777146 -0.62932 0
    outer loop
      vertex -37.5288 -33.7911 0
      vertex -40.8554 -29.6832 9
      vertex -40.8554 -29.6832 0
    endloop
  endfacet
  facet normal -0.777146 -0.62932 0
    outer loop
      vertex -40.8554 -29.6832 9
      vertex -37.5288 -33.7911 0
      vertex -37.5288 -33.7911 9
    endloop
  endfacet
  facet normal 0.93358 0.358368 0
    outer loop
      vertex 47.3011 17.5 9
      vertex 46.134 20.5402 0
      vertex 46.134 20.5402 9
    endloop
  endfacet
  facet normal 0.93358 0.358368 0
    outer loop
      vertex 46.134 20.5402 0
      vertex 47.3011 17.5 9
      vertex 47.3011 17.5 0
    endloop
  endfacet
  facet normal 0.45399 0.891007 -0
    outer loop
      vertex 25.25 43.7343 0
      vertex 20.5402 46.134 7.1
      vertex 25.25 43.7343 7.1
    endloop
  endfacet
  facet normal 0.45399 0.891007 0
    outer loop
      vertex 20.5402 46.134 7.1
      vertex 25.25 43.7343 0
      vertex 20.5402 46.134 0
    endloop
  endfacet
  facet normal 0.62932 0.777146 -0
    outer loop
      vertex 33.7911 37.5288 0
      vertex 29.6832 40.8554 7.1
      vertex 33.7911 37.5288 7.1
    endloop
  endfacet
  facet normal 0.62932 0.777146 0
    outer loop
      vertex 29.6832 40.8554 7.1
      vertex 33.7911 37.5288 0
      vertex 29.6832 40.8554 0
    endloop
  endfacet
  facet normal -0.838671 0.544639 0
    outer loop
      vertex -43.7343 25.25 0
      vertex -40.8554 29.6832 9
      vertex -40.8554 29.6832 0
    endloop
  endfacet
  facet normal -0.838671 0.544639 0
    outer loop
      vertex -40.8554 29.6832 9
      vertex -43.7343 25.25 0
      vertex -43.7343 25.25 9
    endloop
  endfacet
  facet normal -0.777146 0.62932 0
    outer loop
      vertex -40.8554 29.6832 0
      vertex -37.5288 33.7911 9
      vertex -37.5288 33.7911 0
    endloop
  endfacet
  facet normal -0.777146 0.62932 0
    outer loop
      vertex -37.5288 33.7911 9
      vertex -40.8554 29.6832 0
      vertex -40.8554 29.6832 9
    endloop
  endfacet
  facet normal -0.544639 0.838671 0
    outer loop
      vertex -25.25 43.7343 0
      vertex -29.6832 40.8554 9
      vertex -25.25 43.7343 9
    endloop
  endfacet
  facet normal -0.544639 0.838671 0
    outer loop
      vertex -29.6832 40.8554 9
      vertex -25.25 43.7343 0
      vertex -29.6832 40.8554 0
    endloop
  endfacet
  facet normal 0.891007 -0.45399 0
    outer loop
      vertex 43.7343 -25.25 9
      vertex 46.134 -20.5402 0
      vertex 46.134 -20.5402 9
    endloop
  endfacet
  facet normal 0.891007 -0.45399 0
    outer loop
      vertex 46.134 -20.5402 0
      vertex 43.7343 -25.25 9
      vertex 43.7343 -25.25 0
    endloop
  endfacet
  facet normal 0.258819 -0.965926 0
    outer loop
      vertex 10.4995 -49.3965 9
      vertex 14.7394 -48.2604 7.1
      vertex 14.7394 -48.2604 9
    endloop
  endfacet
  facet normal 0.258819 -0.965926 0
    outer loop
      vertex 10.4995 -49.3965 0
      vertex 14.7394 -48.2604 7.1
      vertex 10.4995 -49.3965 9
    endloop
  endfacet
  facet normal 0.258819 -0.965926 1.65148e-007
    outer loop
      vertex 15.6054 -48.0284 0
      vertex 14.7394 -48.2604 7.1
      vertex 10.4995 -49.3965 0
    endloop
  endfacet
  facet normal 0.258818 -0.965926 0
    outer loop
      vertex 14.7394 -48.2604 7.1
      vertex 15.6054 -48.0284 0
      vertex 15.6054 -48.0284 7.1
    endloop
  endfacet
  facet normal 0.707107 -0.707107 0
    outer loop
      vertex 34.4613 -36.8586 7.1
      vertex 37.5288 -33.7911 9
      vertex 34.4613 -36.8586 9
    endloop
  endfacet
  facet normal 0.707107 -0.707107 0
    outer loop
      vertex 37.5288 -33.7911 9
      vertex 34.4613 -36.8586 7.1
      vertex 37.5288 -33.7911 0
    endloop
  endfacet
  facet normal 0.707107 -0.707107 0
    outer loop
      vertex 33.7911 -37.5288 0
      vertex 34.4613 -36.8586 7.1
      vertex 33.7911 -37.5288 7.1
    endloop
  endfacet
  facet normal 0.707107 -0.707107 0
    outer loop
      vertex 34.4613 -36.8586 7.1
      vertex 33.7911 -37.5288 0
      vertex 37.5288 -33.7911 0
    endloop
  endfacet
  facet normal -0.358368 -0.93358 0
    outer loop
      vertex -20.5402 -46.134 0
      vertex -15.6054 -48.0284 9
      vertex -20.5402 -46.134 9
    endloop
  endfacet
  facet normal -0.358368 -0.93358 -0
    outer loop
      vertex -15.6054 -48.0284 9
      vertex -20.5402 -46.134 0
      vertex -15.6054 -48.0284 0
    endloop
  endfacet
  facet normal -0.544639 -0.838671 0
    outer loop
      vertex -29.6832 -40.8554 0
      vertex -25.25 -43.7343 9
      vertex -29.6832 -40.8554 9
    endloop
  endfacet
  facet normal -0.544639 -0.838671 -0
    outer loop
      vertex -25.25 -43.7343 9
      vertex -29.6832 -40.8554 0
      vertex -25.25 -43.7343 0
    endloop
  endfacet
  facet normal 0.891007 0.45399 0
    outer loop
      vertex 46.134 20.5402 9
      vertex 43.7343 25.25 0
      vertex 43.7343 25.25 9
    endloop
  endfacet
  facet normal 0.891007 0.45399 0
    outer loop
      vertex 43.7343 25.25 0
      vertex 46.134 20.5402 9
      vertex 46.134 20.5402 0
    endloop
  endfacet
  facet normal 0.838671 0.544639 0
    outer loop
      vertex 43.7343 25.25 9
      vertex 40.8554 29.6832 0
      vertex 40.8554 29.6832 9
    endloop
  endfacet
  facet normal 0.838671 0.544639 0
    outer loop
      vertex 40.8554 29.6832 0
      vertex 43.7343 25.25 9
      vertex 43.7343 25.25 0
    endloop
  endfacet
  facet normal 0.358368 0.93358 -0
    outer loop
      vertex 20.5402 46.134 0
      vertex 15.6054 48.0284 7.1
      vertex 20.5402 46.134 7.1
    endloop
  endfacet
  facet normal 0.358368 0.93358 0
    outer loop
      vertex 15.6054 48.0284 7.1
      vertex 20.5402 46.134 0
      vertex 15.6054 48.0284 0
    endloop
  endfacet
  facet normal 0.258818 0.965926 0
    outer loop
      vertex 15.6054 48.0284 7.1
      vertex 15.6054 48.0284 0
      vertex 14.671 48.2787 7.1
    endloop
  endfacet
  facet normal 0.258819 0.965926 -0
    outer loop
      vertex 14.671 48.2787 7.1
      vertex 10.4995 49.3965 9
      vertex 14.671 48.2787 9
    endloop
  endfacet
  facet normal 0.258819 0.965926 1.95855e-007
    outer loop
      vertex 10.4995 49.3965 0
      vertex 14.671 48.2787 7.1
      vertex 15.6054 48.0284 0
    endloop
  endfacet
  facet normal 0.258819 0.965926 0
    outer loop
      vertex 14.671 48.2787 7.1
      vertex 10.4995 49.3965 0
      vertex 10.4995 49.3965 9
    endloop
  endfacet
  facet normal 0.156434 0.987688 -0
    outer loop
      vertex 10.4995 49.3965 0
      vertex 5.27869 50.2234 9
      vertex 10.4995 49.3965 9
    endloop
  endfacet
  facet normal 0.156434 0.987688 0
    outer loop
      vertex 5.27869 50.2234 9
      vertex 10.4995 49.3965 0
      vertex 5.27869 50.2234 0
    endloop
  endfacet
  facet normal -0.707107 0.707107 0
    outer loop
      vertex -37.5288 33.7911 0
      vertex -33.7911 37.5288 9
      vertex -33.7911 37.5288 0
    endloop
  endfacet
  facet normal -0.707107 0.707107 0
    outer loop
      vertex -33.7911 37.5288 9
      vertex -37.5288 33.7911 0
      vertex -37.5288 33.7911 9
    endloop
  endfacet
  facet normal -0.891007 0.45399 0
    outer loop
      vertex -46.134 20.5402 0
      vertex -43.7343 25.25 9
      vertex -43.7343 25.25 0
    endloop
  endfacet
  facet normal -0.891007 0.45399 0
    outer loop
      vertex -43.7343 25.25 9
      vertex -46.134 20.5402 0
      vertex -46.134 20.5402 9
    endloop
  endfacet
  facet normal -0.93358 0.358368 0
    outer loop
      vertex -48.0284 15.6054 0
      vertex -46.134 20.5402 9
      vertex -46.134 20.5402 0
    endloop
  endfacet
  facet normal -0.93358 0.358368 0
    outer loop
      vertex -46.134 20.5402 9
      vertex -48.0284 15.6054 0
      vertex -48.0284 15.6054 9
    endloop
  endfacet
  facet normal -0.965926 0.258818 0
    outer loop
      vertex -48.0284 15.6054 0
      vertex -49.1808 11.3043 7.1
      vertex -48.0284 15.6054 9
    endloop
  endfacet
  facet normal -0.965926 0.258819 3.08655e-007
    outer loop
      vertex -49.3965 10.4995 0
      vertex -49.1808 11.3043 7.1
      vertex -48.0284 15.6054 0
    endloop
  endfacet
  facet normal -0.965925 0.258821 0
    outer loop
      vertex -49.1808 11.3043 7.1
      vertex -49.3965 10.4995 0
      vertex -49.3965 10.4995 7.1
    endloop
  endfacet
  facet normal -0.965926 0.258818 0
    outer loop
      vertex -48.0284 15.6054 9
      vertex -49.1808 11.3043 7.1
      vertex -49.1808 11.3043 9
    endloop
  endfacet
  facet normal -0.45399 0.891007 0
    outer loop
      vertex -20.5402 46.134 0
      vertex -25.25 43.7343 9
      vertex -20.5402 46.134 9
    endloop
  endfacet
  facet normal -0.45399 0.891007 0
    outer loop
      vertex -25.25 43.7343 9
      vertex -20.5402 46.134 0
      vertex -25.25 43.7343 0
    endloop
  endfacet
  facet normal -0.0523362 0.99863 0
    outer loop
      vertex 0 50.5 0
      vertex -5.27869 50.2234 9
      vertex 0 50.5 9
    endloop
  endfacet
  facet normal -0.0523362 0.99863 0
    outer loop
      vertex -5.27869 50.2234 9
      vertex 0 50.5 0
      vertex -5.27869 50.2234 0
    endloop
  endfacet
  facet normal -0.156434 0.987688 0
    outer loop
      vertex -5.27869 50.2234 0
      vertex -10.4995 49.3965 9
      vertex -5.27869 50.2234 9
    endloop
  endfacet
  facet normal -0.156434 0.987688 0
    outer loop
      vertex -10.4995 49.3965 9
      vertex -5.27869 50.2234 0
      vertex -10.4995 49.3965 0
    endloop
  endfacet
  facet normal 0.0523362 -0.99863 0
    outer loop
      vertex 0 -50.5 0
      vertex 5.27869 -50.2234 9
      vertex 0 -50.5 9
    endloop
  endfacet
  facet normal 0.0523362 -0.99863 0
    outer loop
      vertex 5.27869 -50.2234 9
      vertex 0 -50.5 0
      vertex 5.27869 -50.2234 0
    endloop
  endfacet
  facet normal 0.156434 -0.987688 0
    outer loop
      vertex 5.27869 -50.2234 0
      vertex 10.4995 -49.3965 9
      vertex 5.27869 -50.2234 9
    endloop
  endfacet
  facet normal 0.156434 -0.987688 0
    outer loop
      vertex 10.4995 -49.3965 9
      vertex 5.27869 -50.2234 0
      vertex 10.4995 -49.3965 0
    endloop
  endfacet
  facet normal 0.45399 -0.891007 0
    outer loop
      vertex 20.5402 -46.134 0
      vertex 25.25 -43.7343 7.1
      vertex 20.5402 -46.134 7.1
    endloop
  endfacet
  facet normal 0.45399 -0.891007 0
    outer loop
      vertex 25.25 -43.7343 7.1
      vertex 20.5402 -46.134 0
      vertex 25.25 -43.7343 0
    endloop
  endfacet
  facet normal 0.62932 -0.777146 0
    outer loop
      vertex 29.6832 -40.8554 0
      vertex 33.7911 -37.5288 7.1
      vertex 29.6832 -40.8554 7.1
    endloop
  endfacet
  facet normal 0.62932 -0.777146 0
    outer loop
      vertex 33.7911 -37.5288 7.1
      vertex 29.6832 -40.8554 0
      vertex 33.7911 -37.5288 0
    endloop
  endfacet
  facet normal 0.544639 -0.838671 0
    outer loop
      vertex 25.25 -43.7343 0
      vertex 29.6832 -40.8554 7.1
      vertex 25.25 -43.7343 7.1
    endloop
  endfacet
  facet normal 0.544639 -0.838671 0
    outer loop
      vertex 29.6832 -40.8554 7.1
      vertex 25.25 -43.7343 0
      vertex 29.6832 -40.8554 0
    endloop
  endfacet
  facet normal 0.777146 -0.62932 0
    outer loop
      vertex 37.5288 -33.7911 9
      vertex 40.8554 -29.6832 0
      vertex 40.8554 -29.6832 9
    endloop
  endfacet
  facet normal 0.777146 -0.62932 0
    outer loop
      vertex 40.8554 -29.6832 0
      vertex 37.5288 -33.7911 9
      vertex 37.5288 -33.7911 0
    endloop
  endfacet
  facet normal 0.838671 -0.544639 0
    outer loop
      vertex 40.8554 -29.6832 9
      vertex 43.7343 -25.25 0
      vertex 43.7343 -25.25 9
    endloop
  endfacet
  facet normal 0.838671 -0.544639 0
    outer loop
      vertex 43.7343 -25.25 0
      vertex 40.8554 -29.6832 9
      vertex 40.8554 -29.6832 0
    endloop
  endfacet
  facet normal -0.156434 -0.987688 0
    outer loop
      vertex -10.4995 -49.3965 0
      vertex -5.27869 -50.2234 9
      vertex -10.4995 -49.3965 9
    endloop
  endfacet
  facet normal -0.156434 -0.987688 -0
    outer loop
      vertex -5.27869 -50.2234 9
      vertex -10.4995 -49.3965 0
      vertex -5.27869 -50.2234 0
    endloop
  endfacet
  facet normal -0.707107 -0.707107 0
    outer loop
      vertex -33.7911 -37.5288 0
      vertex -37.5288 -33.7911 9
      vertex -37.5288 -33.7911 0
    endloop
  endfacet
  facet normal -0.707107 -0.707107 0
    outer loop
      vertex -37.5288 -33.7911 9
      vertex -33.7911 -37.5288 0
      vertex -33.7911 -37.5288 9
    endloop
  endfacet
  facet normal -0.0523362 -0.99863 0
    outer loop
      vertex -5.27869 -50.2234 0
      vertex 0 -50.5 9
      vertex -5.27869 -50.2234 9
    endloop
  endfacet
  facet normal -0.0523362 -0.99863 -0
    outer loop
      vertex 0 -50.5 9
      vertex -5.27869 -50.2234 0
      vertex 0 -50.5 0
    endloop
  endfacet
  facet normal -0.62932 -0.777146 0
    outer loop
      vertex -33.7911 -37.5288 0
      vertex -29.6832 -40.8554 9
      vertex -33.7911 -37.5288 9
    endloop
  endfacet
  facet normal -0.62932 -0.777146 -0
    outer loop
      vertex -29.6832 -40.8554 9
      vertex -33.7911 -37.5288 0
      vertex -29.6832 -40.8554 0
    endloop
  endfacet
  facet normal -0.891007 -0.45399 0
    outer loop
      vertex -43.7343 -25.25 0
      vertex -46.134 -20.5402 9
      vertex -46.134 -20.5402 0
    endloop
  endfacet
  facet normal -0.891007 -0.45399 0
    outer loop
      vertex -46.134 -20.5402 9
      vertex -43.7343 -25.25 0
      vertex -43.7343 -25.25 9
    endloop
  endfacet
  facet normal -0.965926 -0.258818 0
    outer loop
      vertex -49.3965 -10.4995 0
      vertex -49.1297 -11.4951 7.1
      vertex -49.3965 -10.4995 7.1
    endloop
  endfacet
  facet normal -0.965926 -0.258819 -1.15919e-007
    outer loop
      vertex -48.0284 -15.6054 0
      vertex -49.1297 -11.4951 7.1
      vertex -49.3965 -10.4995 0
    endloop
  endfacet
  facet normal -0.965926 -0.258819 -0
    outer loop
      vertex -48.0284 -15.6054 9
      vertex -49.1297 -11.4951 7.1
      vertex -48.0284 -15.6054 0
    endloop
  endfacet
  facet normal -0.965926 -0.258819 0
    outer loop
      vertex -49.1297 -11.4951 7.1
      vertex -48.0284 -15.6054 9
      vertex -49.1297 -11.4951 9
    endloop
  endfacet
  facet normal -0.99863 -0.0523362 0
    outer loop
      vertex -50.2234 -5.27869 0
      vertex -50.5 0 7.1
      vertex -50.5 0 0
    endloop
  endfacet
  facet normal -0.99863 -0.0523362 0
    outer loop
      vertex -50.5 0 7.1
      vertex -50.2234 -5.27869 0
      vertex -50.2234 -5.27869 7.1
    endloop
  endfacet
  facet normal -0.93358 -0.358368 0
    outer loop
      vertex -46.134 -20.5402 0
      vertex -48.0284 -15.6054 9
      vertex -48.0284 -15.6054 0
    endloop
  endfacet
  facet normal -0.93358 -0.358368 0
    outer loop
      vertex -48.0284 -15.6054 9
      vertex -46.134 -20.5402 0
      vertex -46.134 -20.5402 9
    endloop
  endfacet
  facet normal 0.777146 0.62932 0
    outer loop
      vertex 40.8554 29.6832 9
      vertex 37.5288 33.7911 0
      vertex 37.5288 33.7911 9
    endloop
  endfacet
  facet normal 0.777146 0.62932 0
    outer loop
      vertex 37.5288 33.7911 0
      vertex 40.8554 29.6832 9
      vertex 40.8554 29.6832 0
    endloop
  endfacet
  facet normal 0.544639 0.838671 -0
    outer loop
      vertex 29.6832 40.8554 0
      vertex 25.25 43.7343 7.1
      vertex 29.6832 40.8554 7.1
    endloop
  endfacet
  facet normal 0.544639 0.838671 0
    outer loop
      vertex 25.25 43.7343 7.1
      vertex 29.6832 40.8554 0
      vertex 25.25 43.7343 0
    endloop
  endfacet
  facet normal -0.987688 0.156434 0
    outer loop
      vertex -50.2234 5.27869 0
      vertex -49.3965 10.4995 7.1
      vertex -49.3965 10.4995 0
    endloop
  endfacet
  facet normal -0.987688 0.156434 0
    outer loop
      vertex -49.3965 10.4995 7.1
      vertex -50.2234 5.27869 0
      vertex -50.2234 5.27869 7.1
    endloop
  endfacet
  facet normal -0.258819 0.965926 0
    outer loop
      vertex -10.4995 49.3965 0
      vertex -15.6054 48.0284 9
      vertex -10.4995 49.3965 9
    endloop
  endfacet
  facet normal -0.258819 0.965926 0
    outer loop
      vertex -15.6054 48.0284 9
      vertex -10.4995 49.3965 0
      vertex -15.6054 48.0284 0
    endloop
  endfacet
  facet normal 0.358368 -0.93358 0
    outer loop
      vertex 15.6054 -48.0284 0
      vertex 20.5402 -46.134 7.1
      vertex 15.6054 -48.0284 7.1
    endloop
  endfacet
  facet normal 0.358368 -0.93358 0
    outer loop
      vertex 20.5402 -46.134 7.1
      vertex 15.6054 -48.0284 0
      vertex 20.5402 -46.134 0
    endloop
  endfacet
  facet normal 0.93358 -0.358368 0
    outer loop
      vertex 46.134 -20.5402 9
      vertex 47.3011 -17.5 0
      vertex 47.3011 -17.5 9
    endloop
  endfacet
  facet normal 0.93358 -0.358368 0
    outer loop
      vertex 47.3011 -17.5 0
      vertex 46.134 -20.5402 9
      vertex 46.134 -20.5402 0
    endloop
  endfacet
  facet normal -0.258819 -0.965926 0
    outer loop
      vertex -15.6054 -48.0284 0
      vertex -10.4995 -49.3965 9
      vertex -15.6054 -48.0284 9
    endloop
  endfacet
  facet normal -0.258819 -0.965926 -0
    outer loop
      vertex -10.4995 -49.3965 9
      vertex -15.6054 -48.0284 0
      vertex -10.4995 -49.3965 0
    endloop
  endfacet
  facet normal -0.45399 -0.891007 0
    outer loop
      vertex -25.25 -43.7343 0
      vertex -20.5402 -46.134 9
      vertex -25.25 -43.7343 9
    endloop
  endfacet
  facet normal -0.45399 -0.891007 -0
    outer loop
      vertex -20.5402 -46.134 9
      vertex -25.25 -43.7343 0
      vertex -20.5402 -46.134 0
    endloop
  endfacet
  facet normal -0.838671 -0.544639 0
    outer loop
      vertex -40.8554 -29.6832 0
      vertex -43.7343 -25.25 9
      vertex -43.7343 -25.25 0
    endloop
  endfacet
  facet normal -0.838671 -0.544639 0
    outer loop
      vertex -43.7343 -25.25 9
      vertex -40.8554 -29.6832 0
      vertex -40.8554 -29.6832 9
    endloop
  endfacet
  facet normal -0.987688 -0.156434 0
    outer loop
      vertex -49.3965 -10.4995 0
      vertex -50.2234 -5.27869 7.1
      vertex -50.2234 -5.27869 0
    endloop
  endfacet
  facet normal -0.987688 -0.156434 0
    outer loop
      vertex -50.2234 -5.27869 7.1
      vertex -49.3965 -10.4995 0
      vertex -49.3965 -10.4995 7.1
    endloop
  endfacet
  facet normal 1 -0 0
    outer loop
      vertex 55 -17.5 9
      vertex 55 17.5 0
      vertex 55 17.5 9
    endloop
  endfacet
  facet normal 1 0 0
    outer loop
      vertex 55 17.5 0
      vertex 55 -17.5 9
      vertex 55 -17.5 0
    endloop
  endfacet
  facet normal 0 1 -0
    outer loop
      vertex 55 17.5 0
      vertex 47.3011 17.5 9
      vertex 55 17.5 9
    endloop
  endfacet
  facet normal 0 1 0
    outer loop
      vertex 47.3011 17.5 9
      vertex 55 17.5 0
      vertex 47.3011 17.5 0
    endloop
  endfacet
  facet normal 0 -1 0
    outer loop
      vertex 47.3011 -17.5 0
      vertex 55 -17.5 9
      vertex 47.3011 -17.5 9
    endloop
  endfacet
  facet normal 0 -1 -0
    outer loop
      vertex 55 -17.5 9
      vertex 47.3011 -17.5 0
      vertex 55 -17.5 0
    endloop
  endfacet
  facet normal -0.99863 0.0523354 -6.59403e-018
    outer loop
      vertex 31.6341 -0.303132 5.1
      vertex 31.65 1.10215e-015 9
      vertex 31.65 6.24549e-016 5.1
    endloop
  endfacet
  facet normal -0.99863 0.0523354 0
    outer loop
      vertex 31.65 1.10215e-015 9
      vertex 31.6341 -0.303132 5.1
      vertex 31.6341 -0.303132 9
    endloop
  endfacet
  facet normal 0.998629 0.0523417 -6.59402e-018
    outer loop
      vertex 25.8659 -0.303132 9
      vertex 25.85 6.24549e-016 5.1
      vertex 25.85 1.10215e-015 9
    endloop
  endfacet
  facet normal 0.998629 0.0523417 0
    outer loop
      vertex 25.85 6.24549e-016 5.1
      vertex 25.8659 -0.303132 9
      vertex 25.8659 -0.303132 5.1
    endloop
  endfacet
  facet normal 0.0523352 0.99863 -0
    outer loop
      vertex 28.75 -2.9 5.1
      vertex 28.4469 -2.88411 9
      vertex 28.75 -2.9 9
    endloop
  endfacet
  facet normal 0.0523352 0.99863 0
    outer loop
      vertex 28.4469 -2.88411 9
      vertex 28.75 -2.9 5.1
      vertex 28.4469 -2.88411 5.1
    endloop
  endfacet
  facet normal -0.707107 0.707107 0
    outer loop
      vertex 30.6905 -2.15512 5.1
      vertex 30.9051 -1.94048 9
      vertex 30.9051 -1.94048 5.1
    endloop
  endfacet
  facet normal -0.707107 0.707107 0
    outer loop
      vertex 30.9051 -1.94048 9
      vertex 30.6905 -2.15512 5.1
      vertex 30.6905 -2.15512 9
    endloop
  endfacet
  facet normal 0.707107 0.707107 0
    outer loop
      vertex 26.8095 -2.15512 9
      vertex 26.5949 -1.94048 5.1
      vertex 26.5949 -1.94048 9
    endloop
  endfacet
  facet normal 0.707107 0.707107 0
    outer loop
      vertex 26.5949 -1.94048 5.1
      vertex 26.8095 -2.15512 9
      vertex 26.8095 -2.15512 5.1
    endloop
  endfacet
  facet normal 0.453989 0.891007 -0
    outer loop
      vertex 27.5705 -2.64928 5.1
      vertex 27.3 -2.51147 9
      vertex 27.5705 -2.64928 9
    endloop
  endfacet
  facet normal 0.453989 0.891007 0
    outer loop
      vertex 27.3 -2.51147 9
      vertex 27.5705 -2.64928 5.1
      vertex 27.3 -2.51147 5.1
    endloop
  endfacet
  facet normal -0.89101 0.453984 0
    outer loop
      vertex 31.2615 -1.45 5.1
      vertex 31.3993 -1.17954 9
      vertex 31.3993 -1.17954 5.1
    endloop
  endfacet
  facet normal -0.89101 0.453984 0
    outer loop
      vertex 31.3993 -1.17954 9
      vertex 31.2615 -1.45 5.1
      vertex 31.2615 -1.45 9
    endloop
  endfacet
  facet normal -0.358368 0.93358 0
    outer loop
      vertex 29.9295 -2.64928 5.1
      vertex 29.6461 -2.75806 9
      vertex 29.9295 -2.64928 9
    endloop
  endfacet
  facet normal -0.358368 0.93358 0
    outer loop
      vertex 29.6461 -2.75806 9
      vertex 29.9295 -2.64928 5.1
      vertex 29.6461 -2.75806 5.1
    endloop
  endfacet
  facet normal 0.891007 0.453989 0
    outer loop
      vertex 26.2385 -1.45 9
      vertex 26.1007 -1.17954 5.1
      vertex 26.1007 -1.17954 9
    endloop
  endfacet
  facet normal 0.891007 0.453989 0
    outer loop
      vertex 26.1007 -1.17954 5.1
      vertex 26.2385 -1.45 9
      vertex 26.2385 -1.45 5.1
    endloop
  endfacet
  facet normal 0.838669 0.544642 0
    outer loop
      vertex 26.4039 -1.70458 9
      vertex 26.2385 -1.45 5.1
      vertex 26.2385 -1.45 9
    endloop
  endfacet
  facet normal 0.838669 0.544642 0
    outer loop
      vertex 26.2385 -1.45 5.1
      vertex 26.4039 -1.70458 9
      vertex 26.4039 -1.70458 5.1
    endloop
  endfacet
  facet normal 0.62932 0.777146 -0
    outer loop
      vertex 27.0454 -2.34615 5.1
      vertex 26.8095 -2.15512 9
      vertex 27.0454 -2.34615 9
    endloop
  endfacet
  facet normal 0.62932 0.777146 0
    outer loop
      vertex 26.8095 -2.15512 9
      vertex 27.0454 -2.34615 5.1
      vertex 26.8095 -2.15512 5.1
    endloop
  endfacet
  facet normal -0.156434 -0.987688 0
    outer loop
      vertex 29.0531 2.88411 5.1
      vertex 29.3529 2.83663 9
      vertex 29.0531 2.88411 9
    endloop
  endfacet
  facet normal -0.156434 -0.987688 -0
    outer loop
      vertex 29.3529 2.83663 9
      vertex 29.0531 2.88411 5.1
      vertex 29.3529 2.83663 5.1
    endloop
  endfacet
  facet normal -0.965926 0.258818 0
    outer loop
      vertex 31.5081 -0.896149 5.1
      vertex 31.5866 -0.602943 9
      vertex 31.5866 -0.602943 5.1
    endloop
  endfacet
  facet normal -0.965926 0.258818 0
    outer loop
      vertex 31.5866 -0.602943 9
      vertex 31.5081 -0.896149 5.1
      vertex 31.5081 -0.896149 9
    endloop
  endfacet
  facet normal -0.987688 0.156434 0
    outer loop
      vertex 31.5866 -0.602943 5.1
      vertex 31.6341 -0.303132 9
      vertex 31.6341 -0.303132 5.1
    endloop
  endfacet
  facet normal -0.987688 0.156434 0
    outer loop
      vertex 31.6341 -0.303132 9
      vertex 31.5866 -0.602943 5.1
      vertex 31.5866 -0.602943 9
    endloop
  endfacet
  facet normal -0.933579 0.358372 0
    outer loop
      vertex 31.3993 -1.17954 5.1
      vertex 31.5081 -0.896149 9
      vertex 31.5081 -0.896149 5.1
    endloop
  endfacet
  facet normal -0.933579 0.358372 0
    outer loop
      vertex 31.5081 -0.896149 9
      vertex 31.3993 -1.17954 5.1
      vertex 31.3993 -1.17954 9
    endloop
  endfacet
  facet normal -0.777147 0.629319 0
    outer loop
      vertex 30.9051 -1.94048 5.1
      vertex 31.0961 -1.70458 9
      vertex 31.0961 -1.70458 5.1
    endloop
  endfacet
  facet normal -0.777147 0.629319 0
    outer loop
      vertex 31.0961 -1.70458 9
      vertex 30.9051 -1.94048 5.1
      vertex 30.9051 -1.94048 9
    endloop
  endfacet
  facet normal -0.838669 0.544642 0
    outer loop
      vertex 31.0961 -1.70458 5.1
      vertex 31.2615 -1.45 9
      vertex 31.2615 -1.45 5.1
    endloop
  endfacet
  facet normal -0.838669 0.544642 0
    outer loop
      vertex 31.2615 -1.45 9
      vertex 31.0961 -1.70458 5.1
      vertex 31.0961 -1.70458 9
    endloop
  endfacet
  facet normal -0.156434 0.987688 0
    outer loop
      vertex 29.3529 -2.83663 5.1
      vertex 29.0531 -2.88411 9
      vertex 29.3529 -2.83663 9
    endloop
  endfacet
  facet normal -0.156434 0.987688 0
    outer loop
      vertex 29.0531 -2.88411 9
      vertex 29.3529 -2.83663 5.1
      vertex 29.0531 -2.88411 5.1
    endloop
  endfacet
  facet normal -0.0523356 0.99863 0
    outer loop
      vertex 29.0531 -2.88411 5.1
      vertex 28.75 -2.9 9
      vertex 29.0531 -2.88411 9
    endloop
  endfacet
  facet normal -0.0523356 0.99863 0
    outer loop
      vertex 28.75 -2.9 9
      vertex 29.0531 -2.88411 5.1
      vertex 28.75 -2.9 5.1
    endloop
  endfacet
  facet normal -0.629317 0.777149 0
    outer loop
      vertex 30.6905 -2.15512 5.1
      vertex 30.4546 -2.34615 9
      vertex 30.6905 -2.15512 9
    endloop
  endfacet
  facet normal -0.629317 0.777149 0
    outer loop
      vertex 30.4546 -2.34615 9
      vertex 30.6905 -2.15512 5.1
      vertex 30.4546 -2.34615 5.1
    endloop
  endfacet
  facet normal -0.453987 0.891008 0
    outer loop
      vertex 30.2 -2.51147 5.1
      vertex 29.9295 -2.64928 9
      vertex 30.2 -2.51147 9
    endloop
  endfacet
  facet normal -0.453987 0.891008 0
    outer loop
      vertex 29.9295 -2.64928 9
      vertex 30.2 -2.51147 5.1
      vertex 29.9295 -2.64928 5.1
    endloop
  endfacet
  facet normal -0.544643 0.838668 0
    outer loop
      vertex 30.4546 -2.34615 5.1
      vertex 30.2 -2.51147 9
      vertex 30.4546 -2.34615 9
    endloop
  endfacet
  facet normal -0.544643 0.838668 0
    outer loop
      vertex 30.2 -2.51147 9
      vertex 30.4546 -2.34615 5.1
      vertex 30.2 -2.51147 5.1
    endloop
  endfacet
  facet normal 0.965926 0.258818 0
    outer loop
      vertex 25.9919 -0.896149 9
      vertex 25.9134 -0.602943 5.1
      vertex 25.9134 -0.602943 9
    endloop
  endfacet
  facet normal 0.965926 0.258818 0
    outer loop
      vertex 25.9134 -0.602943 5.1
      vertex 25.9919 -0.896149 9
      vertex 25.9919 -0.896149 5.1
    endloop
  endfacet
  facet normal 0.987688 0.156434 0
    outer loop
      vertex 25.9134 -0.602943 9
      vertex 25.8659 -0.303132 5.1
      vertex 25.8659 -0.303132 9
    endloop
  endfacet
  facet normal 0.987688 0.156434 0
    outer loop
      vertex 25.8659 -0.303132 5.1
      vertex 25.9134 -0.602943 9
      vertex 25.9134 -0.602943 5.1
    endloop
  endfacet
  facet normal 0.156435 0.987688 -0
    outer loop
      vertex 28.4469 -2.88411 5.1
      vertex 28.1471 -2.83663 9
      vertex 28.4469 -2.88411 9
    endloop
  endfacet
  facet normal 0.156435 0.987688 0
    outer loop
      vertex 28.1471 -2.83663 9
      vertex 28.4469 -2.88411 5.1
      vertex 28.1471 -2.83663 5.1
    endloop
  endfacet
  facet normal 0.358366 0.933581 -0
    outer loop
      vertex 27.8539 -2.75806 5.1
      vertex 27.5705 -2.64928 9
      vertex 27.8539 -2.75806 9
    endloop
  endfacet
  facet normal 0.358366 0.933581 0
    outer loop
      vertex 27.5705 -2.64928 9
      vertex 27.8539 -2.75806 5.1
      vertex 27.5705 -2.64928 5.1
    endloop
  endfacet
  facet normal 0.258821 0.965925 -0
    outer loop
      vertex 28.1471 -2.83663 5.1
      vertex 27.8539 -2.75806 9
      vertex 28.1471 -2.83663 9
    endloop
  endfacet
  facet normal 0.258821 0.965925 0
    outer loop
      vertex 27.8539 -2.75806 9
      vertex 28.1471 -2.83663 5.1
      vertex 27.8539 -2.75806 5.1
    endloop
  endfacet
  facet normal -0.965926 -0.258818 0
    outer loop
      vertex 31.5866 0.602943 5.1
      vertex 31.5081 0.896149 9
      vertex 31.5081 0.896149 5.1
    endloop
  endfacet
  facet normal -0.965926 -0.258818 0
    outer loop
      vertex 31.5081 0.896149 9
      vertex 31.5866 0.602943 5.1
      vertex 31.5866 0.602943 9
    endloop
  endfacet
  facet normal -0.89101 -0.453984 0
    outer loop
      vertex 31.3993 1.17954 5.1
      vertex 31.2615 1.45 9
      vertex 31.2615 1.45 5.1
    endloop
  endfacet
  facet normal -0.89101 -0.453984 0
    outer loop
      vertex 31.2615 1.45 9
      vertex 31.3993 1.17954 5.1
      vertex 31.3993 1.17954 9
    endloop
  endfacet
  facet normal 0.0523352 -0.99863 0
    outer loop
      vertex 28.4469 2.88411 5.1
      vertex 28.75 2.9 9
      vertex 28.4469 2.88411 9
    endloop
  endfacet
  facet normal 0.0523352 -0.99863 0
    outer loop
      vertex 28.75 2.9 9
      vertex 28.4469 2.88411 5.1
      vertex 28.75 2.9 5.1
    endloop
  endfacet
  facet normal 0.777147 -0.629319 0
    outer loop
      vertex 26.4039 1.70458 9
      vertex 26.5949 1.94048 5.1
      vertex 26.5949 1.94048 9
    endloop
  endfacet
  facet normal 0.777147 -0.629319 0
    outer loop
      vertex 26.5949 1.94048 5.1
      vertex 26.4039 1.70458 9
      vertex 26.4039 1.70458 5.1
    endloop
  endfacet
  facet normal 0.933581 -0.358367 0
    outer loop
      vertex 25.9919 0.896149 9
      vertex 26.1007 1.17954 5.1
      vertex 26.1007 1.17954 9
    endloop
  endfacet
  facet normal 0.933581 -0.358367 0
    outer loop
      vertex 26.1007 1.17954 5.1
      vertex 25.9919 0.896149 9
      vertex 25.9919 0.896149 5.1
    endloop
  endfacet
  facet normal -0.453987 -0.891008 0
    outer loop
      vertex 29.9295 2.64928 5.1
      vertex 30.2 2.51147 9
      vertex 29.9295 2.64928 9
    endloop
  endfacet
  facet normal -0.453987 -0.891008 -0
    outer loop
      vertex 30.2 2.51147 9
      vertex 29.9295 2.64928 5.1
      vertex 30.2 2.51147 5.1
    endloop
  endfacet
  facet normal -0.258821 0.965925 0
    outer loop
      vertex 29.6461 -2.75806 5.1
      vertex 29.3529 -2.83663 9
      vertex 29.6461 -2.75806 9
    endloop
  endfacet
  facet normal -0.258821 0.965925 0
    outer loop
      vertex 29.3529 -2.83663 9
      vertex 29.6461 -2.75806 5.1
      vertex 29.3529 -2.83663 5.1
    endloop
  endfacet
  facet normal 0.777147 0.629319 0
    outer loop
      vertex 26.5949 -1.94048 9
      vertex 26.4039 -1.70458 5.1
      vertex 26.4039 -1.70458 9
    endloop
  endfacet
  facet normal 0.777147 0.629319 0
    outer loop
      vertex 26.4039 -1.70458 5.1
      vertex 26.5949 -1.94048 9
      vertex 26.5949 -1.94048 5.1
    endloop
  endfacet
  facet normal 0 0 1
    outer loop
      vertex 31.6341 0.303132 5.1
      vertex 31.6341 -0.303132 5.1
      vertex 31.65 6.24549e-016 5.1
    endloop
  endfacet
  facet normal 0 0 1
    outer loop
      vertex 31.5866 0.602943 5.1
      vertex 31.6341 -0.303132 5.1
      vertex 31.6341 0.303132 5.1
    endloop
  endfacet
  facet normal 0 0 1
    outer loop
      vertex 31.5866 0.602943 5.1
      vertex 31.5866 -0.602943 5.1
      vertex 31.6341 -0.303132 5.1
    endloop
  endfacet
  facet normal 0 0 1
    outer loop
      vertex 31.5081 0.896149 5.1
      vertex 31.5866 -0.602943 5.1
      vertex 31.5866 0.602943 5.1
    endloop
  endfacet
  facet normal 0 0 1
    outer loop
      vertex 31.5081 0.896149 5.1
      vertex 31.5081 -0.896149 5.1
      vertex 31.5866 -0.602943 5.1
    endloop
  endfacet
  facet normal 0 0 1
    outer loop
      vertex 31.3993 1.17954 5.1
      vertex 31.5081 -0.896149 5.1
      vertex 31.5081 0.896149 5.1
    endloop
  endfacet
  facet normal 0 0 1
    outer loop
      vertex 31.3993 1.17954 5.1
      vertex 31.3993 -1.17954 5.1
      vertex 31.5081 -0.896149 5.1
    endloop
  endfacet
  facet normal 0 0 1
    outer loop
      vertex 31.2615 1.45 5.1
      vertex 31.3993 -1.17954 5.1
      vertex 31.3993 1.17954 5.1
    endloop
  endfacet
  facet normal 0 0 1
    outer loop
      vertex 31.2615 1.45 5.1
      vertex 31.2615 -1.45 5.1
      vertex 31.3993 -1.17954 5.1
    endloop
  endfacet
  facet normal 0 0 1
    outer loop
      vertex 31.0961 1.70458 5.1
      vertex 31.2615 -1.45 5.1
      vertex 31.2615 1.45 5.1
    endloop
  endfacet
  facet normal 0 0 1
    outer loop
      vertex 31.0961 1.70458 5.1
      vertex 31.0961 -1.70458 5.1
      vertex 31.2615 -1.45 5.1
    endloop
  endfacet
  facet normal 0 0 1
    outer loop
      vertex 30.9051 1.94048 5.1
      vertex 31.0961 -1.70458 5.1
      vertex 31.0961 1.70458 5.1
    endloop
  endfacet
  facet normal 0 0 1
    outer loop
      vertex 30.9051 1.94048 5.1
      vertex 30.9051 -1.94048 5.1
      vertex 31.0961 -1.70458 5.1
    endloop
  endfacet
  facet normal 0 0 1
    outer loop
      vertex 30.6905 2.15512 5.1
      vertex 30.9051 -1.94048 5.1
      vertex 30.9051 1.94048 5.1
    endloop
  endfacet
  facet normal 0 0 1
    outer loop
      vertex 30.6905 2.15512 5.1
      vertex 30.6905 -2.15512 5.1
      vertex 30.9051 -1.94048 5.1
    endloop
  endfacet
  facet normal 0 0 1
    outer loop
      vertex 30.4546 2.34615 5.1
      vertex 30.6905 -2.15512 5.1
      vertex 30.6905 2.15512 5.1
    endloop
  endfacet
  facet normal 0 0 1
    outer loop
      vertex 30.4546 2.34615 5.1
      vertex 30.4546 -2.34615 5.1
      vertex 30.6905 -2.15512 5.1
    endloop
  endfacet
  facet normal 0 0 1
    outer loop
      vertex 30.2 2.51147 5.1
      vertex 30.4546 -2.34615 5.1
      vertex 30.4546 2.34615 5.1
    endloop
  endfacet
  facet normal 0 0 1
    outer loop
      vertex 30.2 2.51147 5.1
      vertex 30.2 -2.51147 5.1
      vertex 30.4546 -2.34615 5.1
    endloop
  endfacet
  facet normal 0 0 1
    outer loop
      vertex 29.9295 2.64928 5.1
      vertex 30.2 -2.51147 5.1
      vertex 30.2 2.51147 5.1
    endloop
  endfacet
  facet normal 0 0 1
    outer loop
      vertex 29.9295 2.64928 5.1
      vertex 29.9295 -2.64928 5.1
      vertex 30.2 -2.51147 5.1
    endloop
  endfacet
  facet normal 0 0 1
    outer loop
      vertex 29.6461 2.75806 5.1
      vertex 29.9295 -2.64928 5.1
      vertex 29.9295 2.64928 5.1
    endloop
  endfacet
  facet normal 0 0 1
    outer loop
      vertex 29.6461 2.75806 5.1
      vertex 29.6461 -2.75806 5.1
      vertex 29.9295 -2.64928 5.1
    endloop
  endfacet
  facet normal 0 0 1
    outer loop
      vertex 29.3529 2.83663 5.1
      vertex 29.6461 -2.75806 5.1
      vertex 29.6461 2.75806 5.1
    endloop
  endfacet
  facet normal 0 0 1
    outer loop
      vertex 29.3529 2.83663 5.1
      vertex 29.3529 -2.83663 5.1
      vertex 29.6461 -2.75806 5.1
    endloop
  endfacet
  facet normal 0 0 1
    outer loop
      vertex 29.0531 2.88411 5.1
      vertex 29.3529 -2.83663 5.1
      vertex 29.3529 2.83663 5.1
    endloop
  endfacet
  facet normal 0 0 1
    outer loop
      vertex 29.0531 2.88411 5.1
      vertex 29.0531 -2.88411 5.1
      vertex 29.3529 -2.83663 5.1
    endloop
  endfacet
  facet normal 0 0 1
    outer loop
      vertex 28.75 2.9 5.1
      vertex 29.0531 -2.88411 5.1
      vertex 29.0531 2.88411 5.1
    endloop
  endfacet
  facet normal 0 0 1
    outer loop
      vertex 28.75 2.9 5.1
      vertex 28.75 -2.9 5.1
      vertex 29.0531 -2.88411 5.1
    endloop
  endfacet
  facet normal -0 0 1
    outer loop
      vertex 28.4469 2.88411 5.1
      vertex 28.75 -2.9 5.1
      vertex 28.75 2.9 5.1
    endloop
  endfacet
  facet normal 0 0 1
    outer loop
      vertex 28.4469 2.88411 5.1
      vertex 28.4469 -2.88411 5.1
      vertex 28.75 -2.9 5.1
    endloop
  endfacet
  facet normal -0 0 1
    outer loop
      vertex 28.1471 2.83663 5.1
      vertex 28.4469 -2.88411 5.1
      vertex 28.4469 2.88411 5.1
    endloop
  endfacet
  facet normal 0 0 1
    outer loop
      vertex 28.1471 2.83663 5.1
      vertex 28.1471 -2.83663 5.1
      vertex 28.4469 -2.88411 5.1
    endloop
  endfacet
  facet normal -0 0 1
    outer loop
      vertex 27.8539 2.75806 5.1
      vertex 28.1471 -2.83663 5.1
      vertex 28.1471 2.83663 5.1
    endloop
  endfacet
  facet normal 0 0 1
    outer loop
      vertex 27.8539 2.75806 5.1
      vertex 27.8539 -2.75806 5.1
      vertex 28.1471 -2.83663 5.1
    endloop
  endfacet
  facet normal -0 0 1
    outer loop
      vertex 27.5705 2.64928 5.1
      vertex 27.8539 -2.75806 5.1
      vertex 27.8539 2.75806 5.1
    endloop
  endfacet
  facet normal 0 0 1
    outer loop
      vertex 27.5705 2.64928 5.1
      vertex 27.5705 -2.64928 5.1
      vertex 27.8539 -2.75806 5.1
    endloop
  endfacet
  facet normal -0 0 1
    outer loop
      vertex 27.3 2.51147 5.1
      vertex 27.5705 -2.64928 5.1
      vertex 27.5705 2.64928 5.1
    endloop
  endfacet
  facet normal 0 0 1
    outer loop
      vertex 27.3 2.51147 5.1
      vertex 27.3 -2.51147 5.1
      vertex 27.5705 -2.64928 5.1
    endloop
  endfacet
  facet normal -0 0 1
    outer loop
      vertex 27.0454 2.34615 5.1
      vertex 27.3 -2.51147 5.1
      vertex 27.3 2.51147 5.1
    endloop
  endfacet
  facet normal 0 0 1
    outer loop
      vertex 27.0454 2.34615 5.1
      vertex 27.0454 -2.34615 5.1
      vertex 27.3 -2.51147 5.1
    endloop
  endfacet
  facet normal -0 0 1
    outer loop
      vertex 26.8095 2.15512 5.1
      vertex 27.0454 -2.34615 5.1
      vertex 27.0454 2.34615 5.1
    endloop
  endfacet
  facet normal 0 0 1
    outer loop
      vertex 26.8095 2.15512 5.1
      vertex 26.8095 -2.15512 5.1
      vertex 27.0454 -2.34615 5.1
    endloop
  endfacet
  facet normal -0 0 1
    outer loop
      vertex 26.5949 1.94048 5.1
      vertex 26.8095 -2.15512 5.1
      vertex 26.8095 2.15512 5.1
    endloop
  endfacet
  facet normal 0 0 1
    outer loop
      vertex 26.5949 1.94048 5.1
      vertex 26.5949 -1.94048 5.1
      vertex 26.8095 -2.15512 5.1
    endloop
  endfacet
  facet normal -0 0 1
    outer loop
      vertex 26.4039 1.70458 5.1
      vertex 26.5949 -1.94048 5.1
      vertex 26.5949 1.94048 5.1
    endloop
  endfacet
  facet normal 0 0 1
    outer loop
      vertex 26.4039 1.70458 5.1
      vertex 26.4039 -1.70458 5.1
      vertex 26.5949 -1.94048 5.1
    endloop
  endfacet
  facet normal -0 0 1
    outer loop
      vertex 26.2385 1.45 5.1
      vertex 26.4039 -1.70458 5.1
      vertex 26.4039 1.70458 5.1
    endloop
  endfacet
  facet normal 0 0 1
    outer loop
      vertex 26.2385 1.45 5.1
      vertex 26.2385 -1.45 5.1
      vertex 26.4039 -1.70458 5.1
    endloop
  endfacet
  facet normal -0 0 1
    outer loop
      vertex 26.1007 1.17954 5.1
      vertex 26.2385 -1.45 5.1
      vertex 26.2385 1.45 5.1
    endloop
  endfacet
  facet normal 0 0 1
    outer loop
      vertex 26.1007 1.17954 5.1
      vertex 26.1007 -1.17954 5.1
      vertex 26.2385 -1.45 5.1
    endloop
  endfacet
  facet normal -0 0 1
    outer loop
      vertex 25.9919 0.896149 5.1
      vertex 26.1007 -1.17954 5.1
      vertex 26.1007 1.17954 5.1
    endloop
  endfacet
  facet normal 0 0 1
    outer loop
      vertex 25.9919 0.896149 5.1
      vertex 25.9919 -0.896149 5.1
      vertex 26.1007 -1.17954 5.1
    endloop
  endfacet
  facet normal -0 0 1
    outer loop
      vertex 25.9134 0.602943 5.1
      vertex 25.9919 -0.896149 5.1
      vertex 25.9919 0.896149 5.1
    endloop
  endfacet
  facet normal 0 0 1
    outer loop
      vertex 25.9134 0.602943 5.1
      vertex 25.9134 -0.602943 5.1
      vertex 25.9919 -0.896149 5.1
    endloop
  endfacet
  facet normal -0 0 1
    outer loop
      vertex 25.8659 0.303132 5.1
      vertex 25.9134 -0.602943 5.1
      vertex 25.9134 0.602943 5.1
    endloop
  endfacet
  facet normal 0 0 1
    outer loop
      vertex 25.8659 0.303132 5.1
      vertex 25.8659 -0.303132 5.1
      vertex 25.9134 -0.602943 5.1
    endloop
  endfacet
  facet normal 0 -0 1
    outer loop
      vertex 25.8659 -0.303132 5.1
      vertex 25.8659 0.303132 5.1
      vertex 25.85 6.24549e-016 5.1
    endloop
  endfacet
  facet normal 0.933581 0.358367 0
    outer loop
      vertex 26.1007 -1.17954 9
      vertex 25.9919 -0.896149 5.1
      vertex 25.9919 -0.896149 9
    endloop
  endfacet
  facet normal 0.933581 0.358367 0
    outer loop
      vertex 25.9919 -0.896149 5.1
      vertex 26.1007 -1.17954 9
      vertex 26.1007 -1.17954 5.1
    endloop
  endfacet
  facet normal 0.54464 0.83867 -0
    outer loop
      vertex 27.3 -2.51147 5.1
      vertex 27.0454 -2.34615 9
      vertex 27.3 -2.51147 9
    endloop
  endfacet
  facet normal 0.54464 0.83867 0
    outer loop
      vertex 27.0454 -2.34615 9
      vertex 27.3 -2.51147 5.1
      vertex 27.0454 -2.34615 5.1
    endloop
  endfacet
  facet normal -0.987688 -0.156434 0
    outer loop
      vertex 31.6341 0.303132 5.1
      vertex 31.5866 0.602943 9
      vertex 31.5866 0.602943 5.1
    endloop
  endfacet
  facet normal -0.987688 -0.156434 0
    outer loop
      vertex 31.5866 0.602943 9
      vertex 31.6341 0.303132 5.1
      vertex 31.6341 0.303132 9
    endloop
  endfacet
  facet normal -0.99863 -0.0523354 0
    outer loop
      vertex 31.6341 0.303132 5.1
      vertex 31.65 1.10215e-015 9
      vertex 31.6341 0.303132 9
    endloop
  endfacet
  facet normal -0.99863 -0.0523354 6.40903e-018
    outer loop
      vertex 31.65 1.10215e-015 9
      vertex 31.6341 0.303132 5.1
      vertex 31.65 6.24549e-016 5.1
    endloop
  endfacet
  facet normal -0.544643 -0.838668 0
    outer loop
      vertex 30.2 2.51147 5.1
      vertex 30.4546 2.34615 9
      vertex 30.2 2.51147 9
    endloop
  endfacet
  facet normal -0.544643 -0.838668 -0
    outer loop
      vertex 30.4546 2.34615 9
      vertex 30.2 2.51147 5.1
      vertex 30.4546 2.34615 5.1
    endloop
  endfacet
  facet normal -0.707107 -0.707107 0
    outer loop
      vertex 30.9051 1.94048 5.1
      vertex 30.6905 2.15512 9
      vertex 30.6905 2.15512 5.1
    endloop
  endfacet
  facet normal -0.707107 -0.707107 0
    outer loop
      vertex 30.6905 2.15512 9
      vertex 30.9051 1.94048 5.1
      vertex 30.9051 1.94048 9
    endloop
  endfacet
  facet normal -0.777147 -0.629319 0
    outer loop
      vertex 31.0961 1.70458 5.1
      vertex 30.9051 1.94048 9
      vertex 30.9051 1.94048 5.1
    endloop
  endfacet
  facet normal -0.777147 -0.629319 0
    outer loop
      vertex 30.9051 1.94048 9
      vertex 31.0961 1.70458 5.1
      vertex 31.0961 1.70458 9
    endloop
  endfacet
  facet normal 0.358366 -0.933581 0
    outer loop
      vertex 27.5705 2.64928 5.1
      vertex 27.8539 2.75806 9
      vertex 27.5705 2.64928 9
    endloop
  endfacet
  facet normal 0.358366 -0.933581 0
    outer loop
      vertex 27.8539 2.75806 9
      vertex 27.5705 2.64928 5.1
      vertex 27.8539 2.75806 5.1
    endloop
  endfacet
  facet normal 0.891007 -0.453989 0
    outer loop
      vertex 26.1007 1.17954 9
      vertex 26.2385 1.45 5.1
      vertex 26.2385 1.45 9
    endloop
  endfacet
  facet normal 0.891007 -0.453989 0
    outer loop
      vertex 26.2385 1.45 5.1
      vertex 26.1007 1.17954 9
      vertex 26.1007 1.17954 5.1
    endloop
  endfacet
  facet normal 0.965926 -0.258818 0
    outer loop
      vertex 25.9134 0.602943 9
      vertex 25.9919 0.896149 5.1
      vertex 25.9919 0.896149 9
    endloop
  endfacet
  facet normal 0.965926 -0.258818 0
    outer loop
      vertex 25.9919 0.896149 5.1
      vertex 25.9134 0.602943 9
      vertex 25.9134 0.602943 5.1
    endloop
  endfacet
  facet normal 0.998629 -0.0523417 0
    outer loop
      vertex 25.85 1.10215e-015 9
      vertex 25.8659 0.303132 5.1
      vertex 25.8659 0.303132 9
    endloop
  endfacet
  facet normal 0.998629 -0.0523417 6.59402e-018
    outer loop
      vertex 25.8659 0.303132 5.1
      vertex 25.85 1.10215e-015 9
      vertex 25.85 6.24549e-016 5.1
    endloop
  endfacet
  facet normal -0.933579 -0.358372 0
    outer loop
      vertex 31.5081 0.896149 5.1
      vertex 31.3993 1.17954 9
      vertex 31.3993 1.17954 5.1
    endloop
  endfacet
  facet normal -0.933579 -0.358372 0
    outer loop
      vertex 31.3993 1.17954 9
      vertex 31.5081 0.896149 5.1
      vertex 31.5081 0.896149 9
    endloop
  endfacet
  facet normal -0.629317 -0.777149 0
    outer loop
      vertex 30.4546 2.34615 5.1
      vertex 30.6905 2.15512 9
      vertex 30.4546 2.34615 9
    endloop
  endfacet
  facet normal -0.629317 -0.777149 -0
    outer loop
      vertex 30.6905 2.15512 9
      vertex 30.4546 2.34615 5.1
      vertex 30.6905 2.15512 5.1
    endloop
  endfacet
  facet normal -0.838669 -0.544642 0
    outer loop
      vertex 31.2615 1.45 5.1
      vertex 31.0961 1.70458 9
      vertex 31.0961 1.70458 5.1
    endloop
  endfacet
  facet normal -0.838669 -0.544642 0
    outer loop
      vertex 31.0961 1.70458 9
      vertex 31.2615 1.45 5.1
      vertex 31.2615 1.45 9
    endloop
  endfacet
  facet normal -0.0523356 -0.99863 0
    outer loop
      vertex 28.75 2.9 5.1
      vertex 29.0531 2.88411 9
      vertex 28.75 2.9 9
    endloop
  endfacet
  facet normal -0.0523356 -0.99863 -0
    outer loop
      vertex 29.0531 2.88411 9
      vertex 28.75 2.9 5.1
      vertex 29.0531 2.88411 5.1
    endloop
  endfacet
  facet normal 0.258821 -0.965925 0
    outer loop
      vertex 27.8539 2.75806 5.1
      vertex 28.1471 2.83663 9
      vertex 27.8539 2.75806 9
    endloop
  endfacet
  facet normal 0.258821 -0.965925 0
    outer loop
      vertex 28.1471 2.83663 9
      vertex 27.8539 2.75806 5.1
      vertex 28.1471 2.83663 5.1
    endloop
  endfacet
  facet normal 0.453989 -0.891007 0
    outer loop
      vertex 27.3 2.51147 5.1
      vertex 27.5705 2.64928 9
      vertex 27.3 2.51147 9
    endloop
  endfacet
  facet normal 0.453989 -0.891007 0
    outer loop
      vertex 27.5705 2.64928 9
      vertex 27.3 2.51147 5.1
      vertex 27.5705 2.64928 5.1
    endloop
  endfacet
  facet normal 0.707107 -0.707107 0
    outer loop
      vertex 26.5949 1.94048 9
      vertex 26.8095 2.15512 5.1
      vertex 26.8095 2.15512 9
    endloop
  endfacet
  facet normal 0.707107 -0.707107 0
    outer loop
      vertex 26.8095 2.15512 5.1
      vertex 26.5949 1.94048 9
      vertex 26.5949 1.94048 5.1
    endloop
  endfacet
  facet normal 0.838669 -0.544642 0
    outer loop
      vertex 26.2385 1.45 9
      vertex 26.4039 1.70458 5.1
      vertex 26.4039 1.70458 9
    endloop
  endfacet
  facet normal 0.838669 -0.544642 0
    outer loop
      vertex 26.4039 1.70458 5.1
      vertex 26.2385 1.45 9
      vertex 26.2385 1.45 5.1
    endloop
  endfacet
  facet normal 0.987688 -0.156434 0
    outer loop
      vertex 25.8659 0.303132 9
      vertex 25.9134 0.602943 5.1
      vertex 25.9134 0.602943 9
    endloop
  endfacet
  facet normal 0.987688 -0.156434 0
    outer loop
      vertex 25.9134 0.602943 5.1
      vertex 25.8659 0.303132 9
      vertex 25.8659 0.303132 5.1
    endloop
  endfacet
  facet normal -0.258821 -0.965925 0
    outer loop
      vertex 29.3529 2.83663 5.1
      vertex 29.6461 2.75806 9
      vertex 29.3529 2.83663 9
    endloop
  endfacet
  facet normal -0.258821 -0.965925 -0
    outer loop
      vertex 29.6461 2.75806 9
      vertex 29.3529 2.83663 5.1
      vertex 29.6461 2.75806 5.1
    endloop
  endfacet
  facet normal -0.358368 -0.93358 0
    outer loop
      vertex 29.6461 2.75806 5.1
      vertex 29.9295 2.64928 9
      vertex 29.6461 2.75806 9
    endloop
  endfacet
  facet normal -0.358368 -0.93358 -0
    outer loop
      vertex 29.9295 2.64928 9
      vertex 29.6461 2.75806 5.1
      vertex 29.9295 2.64928 5.1
    endloop
  endfacet
  facet normal 0.156435 -0.987688 0
    outer loop
      vertex 28.1471 2.83663 5.1
      vertex 28.4469 2.88411 9
      vertex 28.1471 2.83663 9
    endloop
  endfacet
  facet normal 0.156435 -0.987688 0
    outer loop
      vertex 28.4469 2.88411 9
      vertex 28.1471 2.83663 5.1
      vertex 28.4469 2.88411 5.1
    endloop
  endfacet
  facet normal 0.62932 -0.777146 0
    outer loop
      vertex 26.8095 2.15512 5.1
      vertex 27.0454 2.34615 9
      vertex 26.8095 2.15512 9
    endloop
  endfacet
  facet normal 0.62932 -0.777146 0
    outer loop
      vertex 27.0454 2.34615 9
      vertex 26.8095 2.15512 5.1
      vertex 27.0454 2.34615 5.1
    endloop
  endfacet
  facet normal 0.54464 -0.83867 0
    outer loop
      vertex 27.0454 2.34615 5.1
      vertex 27.3 2.51147 9
      vertex 27.0454 2.34615 9
    endloop
  endfacet
  facet normal 0.54464 -0.83867 0
    outer loop
      vertex 27.3 2.51147 9
      vertex 27.0454 2.34615 5.1
      vertex 27.3 2.51147 5.1
    endloop
  endfacet
  facet normal 0.906306 0.422622 0
    outer loop
      vertex -24.5843 -19.8416 9
      vertex -24.7126 -19.5665 5.1
      vertex -24.7126 -19.5665 9
    endloop
  endfacet
  facet normal 0.906306 0.422622 0
    outer loop
      vertex -24.7126 -19.5665 5.1
      vertex -24.5843 -19.8416 9
      vertex -24.5843 -19.8416 5.1
    endloop
  endfacet
  facet normal 0.798635 0.601816 0
    outer loop
      vertex -24.2453 -20.3442 9
      vertex -24.428 -20.1018 5.1
      vertex -24.428 -20.1018 9
    endloop
  endfacet
  facet normal 0.798635 0.601816 0
    outer loop
      vertex -24.428 -20.1018 5.1
      vertex -24.2453 -20.3442 9
      vertex -24.2453 -20.3442 5.1
    endloop
  endfacet
  facet normal -0.681998 0.731354 0
    outer loop
      vertex -19.9377 -20.4947 5.1
      vertex -20.1597 -20.7017 9
      vertex -19.9377 -20.4947 9
    endloop
  endfacet
  facet normal -0.681998 0.731354 0
    outer loop
      vertex -20.1597 -20.7017 9
      vertex -19.9377 -20.4947 5.1
      vertex -20.1597 -20.7017 5.1
    endloop
  endfacet
  facet normal 0.0871518 0.996195 -0
    outer loop
      vertex -22.125 -21.3784 5.1
      vertex -22.4274 -21.3519 9
      vertex -22.125 -21.3784 9
    endloop
  endfacet
  facet normal 0.0871518 0.996195 0
    outer loop
      vertex -22.4274 -21.3519 9
      vertex -22.125 -21.3784 5.1
      vertex -22.4274 -21.3519 5.1
    endloop
  endfacet
  facet normal -0.515041 0.857166 0
    outer loop
      vertex -20.4021 -20.8844 5.1
      vertex -20.6623 -21.0407 9
      vertex -20.4021 -20.8844 9
    endloop
  endfacet
  facet normal -0.515041 0.857166 0
    outer loop
      vertex -20.6623 -21.0407 9
      vertex -20.4021 -20.8844 5.1
      vertex -20.6623 -21.0407 5.1
    endloop
  endfacet
  facet normal -0.920504 0.390734 0
    outer loop
      vertex -19.4173 -19.7514 5.1
      vertex -19.2987 -19.472 9
      vertex -19.2987 -19.472 5.1
    endloop
  endfacet
  facet normal -0.920504 0.390734 0
    outer loop
      vertex -19.2987 -19.472 9
      vertex -19.4173 -19.7514 5.1
      vertex -19.4173 -19.7514 9
    endloop
  endfacet
  facet normal -0.999848 -0.0174493 0
    outer loop
      vertex -19.1255 -18.5814 5.1
      vertex -19.1308 -18.2778 9
      vertex -19.1308 -18.2778 5.1
    endloop
  endfacet
  facet normal -0.999848 -0.0174493 0
    outer loop
      vertex -19.1308 -18.2778 9
      vertex -19.1255 -18.5814 5.1
      vertex -19.1255 -18.5814 9
    endloop
  endfacet
  facet normal 0.945519 0.325568 0
    outer loop
      vertex -24.7126 -19.5665 9
      vertex -24.8114 -19.2795 5.1
      vertex -24.8114 -19.2795 9
    endloop
  endfacet
  facet normal 0.945519 0.325568 0
    outer loop
      vertex -24.8114 -19.2795 5.1
      vertex -24.7126 -19.5665 9
      vertex -24.7126 -19.5665 5.1
    endloop
  endfacet
  facet normal 0.996194 -0.0871581 0
    outer loop
      vertex -24.922 -18.3789 9
      vertex -24.8956 -18.0765 5.1
      vertex -24.8956 -18.0765 9
    endloop
  endfacet
  facet normal 0.996194 -0.0871581 0
    outer loop
      vertex -24.8956 -18.0765 5.1
      vertex -24.922 -18.3789 9
      vertex -24.922 -18.3789 5.1
    endloop
  endfacet
  facet normal 0.819154 -0.573574 0
    outer loop
      vertex -24.4831 -16.9434 9
      vertex -24.309 -16.6947 5.1
      vertex -24.309 -16.6947 9
    endloop
  endfacet
  facet normal 0.819154 -0.573574 0
    outer loop
      vertex -24.309 -16.6947 5.1
      vertex -24.4831 -16.9434 9
      vertex -24.4831 -16.9434 5.1
    endloop
  endfacet
  facet normal 0.681998 -0.731354 0
    outer loop
      vertex -24.1099 -16.4656 5.1
      vertex -23.8879 -16.2586 9
      vertex -24.1099 -16.4656 9
    endloop
  endfacet
  facet normal 0.681998 -0.731354 0
    outer loop
      vertex -23.8879 -16.2586 9
      vertex -24.1099 -16.4656 5.1
      vertex -23.8879 -16.2586 5.1
    endloop
  endfacet
  facet normal 0.87462 -0.48481 0
    outer loop
      vertex -24.6303 -17.2089 9
      vertex -24.4831 -16.9434 5.1
      vertex -24.4831 -16.9434 9
    endloop
  endfacet
  facet normal 0.87462 -0.48481 0
    outer loop
      vertex -24.4831 -16.9434 5.1
      vertex -24.6303 -17.2089 9
      vertex -24.6303 -17.2089 5.1
    endloop
  endfacet
  facet normal -0.390734 -0.920504 0
    outer loop
      vertex -21.0319 -15.755 5.1
      vertex -20.7525 -15.8736 9
      vertex -21.0319 -15.755 9
    endloop
  endfacet
  facet normal -0.390734 -0.920504 -0
    outer loop
      vertex -20.7525 -15.8736 9
      vertex -21.0319 -15.755 5.1
      vertex -20.7525 -15.8736 5.1
    endloop
  endfacet
  facet normal -0.0871549 -0.996195 0
    outer loop
      vertex -21.9226 -15.5819 5.1
      vertex -21.6202 -15.6084 9
      vertex -21.9226 -15.5819 9
    endloop
  endfacet
  facet normal -0.0871549 -0.996195 -0
    outer loop
      vertex -21.6202 -15.6084 9
      vertex -21.9226 -15.5819 5.1
      vertex -21.6202 -15.6084 5.1
    endloop
  endfacet
  facet normal 0.325568 -0.945519 0
    outer loop
      vertex -23.1101 -15.7913 5.1
      vertex -22.8231 -15.6925 9
      vertex -23.1101 -15.7913 9
    endloop
  endfacet
  facet normal 0.325568 -0.945519 0
    outer loop
      vertex -22.8231 -15.6925 9
      vertex -23.1101 -15.7913 5.1
      vertex -22.8231 -15.6925 5.1
    endloop
  endfacet
  facet normal 0.390734 0.920504 -0
    outer loop
      vertex -23.0156 -21.2053 5.1
      vertex -23.2951 -21.0866 9
      vertex -23.0156 -21.2053 9
    endloop
  endfacet
  facet normal 0.390734 0.920504 0
    outer loop
      vertex -23.2951 -21.0866 9
      vertex -23.0156 -21.2053 5.1
      vertex -23.2951 -21.0866 5.1
    endloop
  endfacet
  facet normal -0.422616 0.906309 0
    outer loop
      vertex -20.6623 -21.0407 5.1
      vertex -20.9374 -21.169 9
      vertex -20.6623 -21.0407 9
    endloop
  endfacet
  facet normal -0.422616 0.906309 0
    outer loop
      vertex -20.9374 -21.169 9
      vertex -20.6623 -21.0407 5.1
      vertex -20.9374 -21.169 5.1
    endloop
  endfacet
  facet normal 0.29237 0.956305 -0
    outer loop
      vertex -22.7253 -21.294 5.1
      vertex -23.0156 -21.2053 9
      vertex -22.7253 -21.294 9
    endloop
  endfacet
  facet normal 0.29237 0.956305 0
    outer loop
      vertex -23.0156 -21.2053 9
      vertex -22.7253 -21.294 5.1
      vertex -23.0156 -21.2053 5.1
    endloop
  endfacet
  facet normal -0.87462 0.48481 0
    outer loop
      vertex -19.5644 -20.0169 5.1
      vertex -19.4173 -19.7514 9
      vertex -19.4173 -19.7514 5.1
    endloop
  endfacet
  facet normal -0.87462 0.48481 0
    outer loop
      vertex -19.4173 -19.7514 9
      vertex -19.5644 -20.0169 5.1
      vertex -19.5644 -20.0169 9
    endloop
  endfacet
  facet normal 0.97437 0.224949 0
    outer loop
      vertex -24.8114 -19.2795 9
      vertex -24.8797 -18.9837 5.1
      vertex -24.8797 -18.9837 9
    endloop
  endfacet
  facet normal 0.97437 0.224949 0
    outer loop
      vertex -24.8797 -18.9837 5.1
      vertex -24.8114 -19.2795 9
      vertex -24.8114 -19.2795 5.1
    endloop
  endfacet
  facet normal 0.992546 0.121874 0
    outer loop
      vertex -24.8797 -18.9837 9
      vertex -24.9167 -18.6824 5.1
      vertex -24.9167 -18.6824 9
    endloop
  endfacet
  facet normal 0.992546 0.121874 0
    outer loop
      vertex -24.9167 -18.6824 5.1
      vertex -24.8797 -18.9837 9
      vertex -24.8797 -18.9837 5.1
    endloop
  endfacet
  facet normal 0.75471 -0.656059 0
    outer loop
      vertex -24.309 -16.6947 9
      vertex -24.1099 -16.4656 5.1
      vertex -24.1099 -16.4656 9
    endloop
  endfacet
  facet normal 0.75471 -0.656059 0
    outer loop
      vertex -24.1099 -16.4656 5.1
      vertex -24.309 -16.6947 9
      vertex -24.309 -16.6947 5.1
    endloop
  endfacet
  facet normal 0.981628 -0.190806 0
    outer loop
      vertex -24.8956 -18.0765 9
      vertex -24.8376 -17.7786 5.1
      vertex -24.8376 -17.7786 9
    endloop
  endfacet
  facet normal 0.981628 -0.190806 0
    outer loop
      vertex -24.8376 -17.7786 5.1
      vertex -24.8956 -18.0765 9
      vertex -24.8956 -18.0765 5.1
    endloop
  endfacet
  facet normal 0.920505 -0.390732 0
    outer loop
      vertex -24.7489 -17.4883 9
      vertex -24.6303 -17.2089 5.1
      vertex -24.6303 -17.2089 9
    endloop
  endfacet
  facet normal 0.920505 -0.390732 0
    outer loop
      vertex -24.6303 -17.2089 5.1
      vertex -24.7489 -17.4883 9
      vertex -24.7489 -17.4883 5.1
    endloop
  endfacet
  facet normal 0.956305 -0.292371 0
    outer loop
      vertex -24.8376 -17.7786 9
      vertex -24.7489 -17.4883 5.1
      vertex -24.7489 -17.4883 9
    endloop
  endfacet
  facet normal 0.956305 -0.292371 0
    outer loop
      vertex -24.7489 -17.4883 5.1
      vertex -24.8376 -17.7786 9
      vertex -24.8376 -17.7786 5.1
    endloop
  endfacet
  facet normal -0.190809 -0.981627 0
    outer loop
      vertex -21.6202 -15.6084 5.1
      vertex -21.3222 -15.6663 9
      vertex -21.6202 -15.6084 9
    endloop
  endfacet
  facet normal -0.190809 -0.981627 -0
    outer loop
      vertex -21.3222 -15.6663 9
      vertex -21.6202 -15.6084 5.1
      vertex -21.3222 -15.6663 5.1
    endloop
  endfacet
  facet normal -0.29237 -0.956305 0
    outer loop
      vertex -21.3222 -15.6663 5.1
      vertex -21.0319 -15.755 9
      vertex -21.3222 -15.6663 9
    endloop
  endfacet
  facet normal -0.29237 -0.956305 -0
    outer loop
      vertex -21.0319 -15.755 9
      vertex -21.3222 -15.6663 5.1
      vertex -21.0319 -15.755 5.1
    endloop
  endfacet
  facet normal -0.731351 -0.682001 0
    outer loop
      vertex -19.8022 -16.6161 5.1
      vertex -20.0093 -16.3941 9
      vertex -20.0093 -16.3941 5.1
    endloop
  endfacet
  facet normal -0.731351 -0.682001 0
    outer loop
      vertex -20.0093 -16.3941 9
      vertex -19.8022 -16.6161 5.1
      vertex -19.8022 -16.6161 9
    endloop
  endfacet
  facet normal -0.573578 -0.819151 0
    outer loop
      vertex -20.487 -16.0208 5.1
      vertex -20.2384 -16.1949 9
      vertex -20.487 -16.0208 9
    endloop
  endfacet
  facet normal -0.573578 -0.819151 -0
    outer loop
      vertex -20.2384 -16.1949 9
      vertex -20.487 -16.0208 5.1
      vertex -20.2384 -16.1949 5.1
    endloop
  endfacet
  facet normal -0.656059 -0.75471 0
    outer loop
      vertex -20.2384 -16.1949 5.1
      vertex -20.0093 -16.3941 9
      vertex -20.2384 -16.1949 9
    endloop
  endfacet
  facet normal -0.656059 -0.75471 -0
    outer loop
      vertex -20.0093 -16.3941 9
      vertex -20.2384 -16.1949 5.1
      vertex -20.0093 -16.3941 5.1
    endloop
  endfacet
  facet normal 0.121868 -0.992546 0
    outer loop
      vertex -22.5274 -15.6242 5.1
      vertex -22.2261 -15.5872 9
      vertex -22.5274 -15.6242 9
    endloop
  endfacet
  facet normal 0.121868 -0.992546 0
    outer loop
      vertex -22.2261 -15.5872 9
      vertex -22.5274 -15.6242 5.1
      vertex -22.2261 -15.5872 5.1
    endloop
  endfacet
  facet normal 0.224952 -0.97437 0
    outer loop
      vertex -22.8231 -15.6925 5.1
      vertex -22.5274 -15.6242 9
      vertex -22.8231 -15.6925 9
    endloop
  endfacet
  facet normal 0.224952 -0.97437 0
    outer loop
      vertex -22.5274 -15.6242 9
      vertex -22.8231 -15.6925 5.1
      vertex -22.5274 -15.6242 5.1
    endloop
  endfacet
  facet normal 0.0174525 -0.999848 0
    outer loop
      vertex -22.2261 -15.5872 5.1
      vertex -21.9226 -15.5819 9
      vertex -22.2261 -15.5872 9
    endloop
  endfacet
  facet normal 0.0174525 -0.999848 0
    outer loop
      vertex -21.9226 -15.5819 9
      vertex -22.2261 -15.5872 5.1
      vertex -21.9226 -15.5819 5.1
    endloop
  endfacet
  facet normal 0.601813 -0.798637 0
    outer loop
      vertex -23.8879 -16.2586 5.1
      vertex -23.6454 -16.0759 9
      vertex -23.8879 -16.2586 9
    endloop
  endfacet
  facet normal 0.601813 -0.798637 0
    outer loop
      vertex -23.6454 -16.0759 9
      vertex -23.8879 -16.2586 5.1
      vertex -23.6454 -16.0759 5.1
    endloop
  endfacet
  facet normal 0.422619 -0.906307 0
    outer loop
      vertex -23.3852 -15.9196 5.1
      vertex -23.1101 -15.7913 9
      vertex -23.3852 -15.9196 9
    endloop
  endfacet
  facet normal 0.422619 -0.906307 0
    outer loop
      vertex -23.1101 -15.7913 9
      vertex -23.3852 -15.9196 5.1
      vertex -23.1101 -15.7913 5.1
    endloop
  endfacet
  facet normal 0.515036 -0.857168 0
    outer loop
      vertex -23.6454 -16.0759 5.1
      vertex -23.3852 -15.9196 9
      vertex -23.6454 -16.0759 9
    endloop
  endfacet
  facet normal 0.515036 -0.857168 0
    outer loop
      vertex -23.3852 -15.9196 9
      vertex -23.6454 -16.0759 5.1
      vertex -23.3852 -15.9196 5.1
    endloop
  endfacet
  facet normal 0.731354 0.681998 0
    outer loop
      vertex -24.0383 -20.5662 9
      vertex -24.2453 -20.3442 5.1
      vertex -24.2453 -20.3442 9
    endloop
  endfacet
  facet normal 0.731354 0.681998 0
    outer loop
      vertex -24.2453 -20.3442 5.1
      vertex -24.0383 -20.5662 9
      vertex -24.0383 -20.5662 5.1
    endloop
  endfacet
  facet normal -0.325566 0.945519 0
    outer loop
      vertex -20.9374 -21.169 5.1
      vertex -21.2244 -21.2678 9
      vertex -20.9374 -21.169 9
    endloop
  endfacet
  facet normal -0.325566 0.945519 0
    outer loop
      vertex -21.2244 -21.2678 9
      vertex -20.9374 -21.169 5.1
      vertex -21.2244 -21.2678 5.1
    endloop
  endfacet
  facet normal -0.224949 0.97437 0
    outer loop
      vertex -21.2244 -21.2678 5.1
      vertex -21.5202 -21.3361 9
      vertex -21.2244 -21.2678 9
    endloop
  endfacet
  facet normal -0.224949 0.97437 0
    outer loop
      vertex -21.5202 -21.3361 9
      vertex -21.2244 -21.2678 5.1
      vertex -21.5202 -21.3361 5.1
    endloop
  endfacet
  facet normal -0.121875 0.992545 0
    outer loop
      vertex -21.5202 -21.3361 5.1
      vertex -21.8215 -21.3731 9
      vertex -21.5202 -21.3361 9
    endloop
  endfacet
  facet normal -0.121875 0.992545 0
    outer loop
      vertex -21.8215 -21.3731 9
      vertex -21.5202 -21.3361 5.1
      vertex -21.8215 -21.3731 5.1
    endloop
  endfacet
  facet normal 0.190812 0.981627 -0
    outer loop
      vertex -22.4274 -21.3519 5.1
      vertex -22.7253 -21.294 9
      vertex -22.4274 -21.3519 9
    endloop
  endfacet
  facet normal 0.190812 0.981627 0
    outer loop
      vertex -22.7253 -21.294 9
      vertex -22.4274 -21.3519 5.1
      vertex -22.7253 -21.294 5.1
    endloop
  endfacet
  facet normal 0.48481 0.87462 -0
    outer loop
      vertex -23.2951 -21.0866 5.1
      vertex -23.5605 -20.9395 9
      vertex -23.2951 -21.0866 9
    endloop
  endfacet
  facet normal 0.48481 0.87462 0
    outer loop
      vertex -23.5605 -20.9395 9
      vertex -23.2951 -21.0866 5.1
      vertex -23.5605 -20.9395 5.1
    endloop
  endfacet
  facet normal 0.573575 0.819153 -0
    outer loop
      vertex -23.5605 -20.9395 5.1
      vertex -23.8092 -20.7654 9
      vertex -23.5605 -20.9395 9
    endloop
  endfacet
  facet normal 0.573575 0.819153 0
    outer loop
      vertex -23.8092 -20.7654 9
      vertex -23.5605 -20.9395 5.1
      vertex -23.8092 -20.7654 5.1
    endloop
  endfacet
  facet normal -0.981628 0.190805 0
    outer loop
      vertex -19.2099 -19.1817 5.1
      vertex -19.152 -18.8837 9
      vertex -19.152 -18.8837 5.1
    endloop
  endfacet
  facet normal -0.981628 0.190805 0
    outer loop
      vertex -19.152 -18.8837 9
      vertex -19.2099 -19.1817 5.1
      vertex -19.2099 -19.1817 9
    endloop
  endfacet
  facet normal -0.819151 0.573578 0
    outer loop
      vertex -19.7385 -20.2656 5.1
      vertex -19.5644 -20.0169 9
      vertex -19.5644 -20.0169 5.1
    endloop
  endfacet
  facet normal -0.819151 0.573578 0
    outer loop
      vertex -19.5644 -20.0169 9
      vertex -19.7385 -20.2656 5.1
      vertex -19.7385 -20.2656 9
    endloop
  endfacet
  facet normal -0.956305 0.292371 0
    outer loop
      vertex -19.2987 -19.472 5.1
      vertex -19.2099 -19.1817 9
      vertex -19.2099 -19.1817 5.1
    endloop
  endfacet
  facet normal -0.956305 0.292371 0
    outer loop
      vertex -19.2099 -19.1817 9
      vertex -19.2987 -19.472 5.1
      vertex -19.2987 -19.472 9
    endloop
  endfacet
  facet normal -0.996194 0.0871586 0
    outer loop
      vertex -19.152 -18.8837 5.1
      vertex -19.1255 -18.5814 9
      vertex -19.1255 -18.5814 5.1
    endloop
  endfacet
  facet normal -0.996194 0.0871586 0
    outer loop
      vertex -19.1255 -18.5814 9
      vertex -19.152 -18.8837 5.1
      vertex -19.152 -18.8837 9
    endloop
  endfacet
  facet normal -0.97437 -0.224949 0
    outer loop
      vertex -19.1678 -17.9766 5.1
      vertex -19.2361 -17.6808 9
      vertex -19.2361 -17.6808 5.1
    endloop
  endfacet
  facet normal -0.97437 -0.224949 0
    outer loop
      vertex -19.2361 -17.6808 9
      vertex -19.1678 -17.9766 5.1
      vertex -19.1678 -17.9766 9
    endloop
  endfacet
  facet normal -0.906306 -0.422622 0
    outer loop
      vertex -19.3349 -17.3938 5.1
      vertex -19.4632 -17.1187 9
      vertex -19.4632 -17.1187 5.1
    endloop
  endfacet
  facet normal -0.906306 -0.422622 0
    outer loop
      vertex -19.4632 -17.1187 9
      vertex -19.3349 -17.3938 5.1
      vertex -19.3349 -17.3938 9
    endloop
  endfacet
  facet normal -0.798637 -0.601813 0
    outer loop
      vertex -19.6196 -16.8585 5.1
      vertex -19.8022 -16.6161 9
      vertex -19.8022 -16.6161 5.1
    endloop
  endfacet
  facet normal -0.798637 -0.601813 0
    outer loop
      vertex -19.8022 -16.6161 9
      vertex -19.6196 -16.8585 5.1
      vertex -19.6196 -16.8585 9
    endloop
  endfacet
  facet normal -0.945519 -0.325568 0
    outer loop
      vertex -19.2361 -17.6808 5.1
      vertex -19.3349 -17.3938 9
      vertex -19.3349 -17.3938 5.1
    endloop
  endfacet
  facet normal -0.945519 -0.325568 0
    outer loop
      vertex -19.3349 -17.3938 9
      vertex -19.2361 -17.6808 5.1
      vertex -19.2361 -17.6808 9
    endloop
  endfacet
  facet normal 0.85717 0.515033 0
    outer loop
      vertex -24.428 -20.1018 9
      vertex -24.5843 -19.8416 5.1
      vertex -24.5843 -19.8416 9
    endloop
  endfacet
  facet normal 0.85717 0.515033 0
    outer loop
      vertex -24.5843 -19.8416 5.1
      vertex -24.428 -20.1018 9
      vertex -24.428 -20.1018 5.1
    endloop
  endfacet
  facet normal 0 0 1
    outer loop
      vertex -19.1308 -18.2778 5.1
      vertex -19.152 -18.8837 5.1
      vertex -19.1255 -18.5814 5.1
    endloop
  endfacet
  facet normal 0 0 1
    outer loop
      vertex -19.1678 -17.9766 5.1
      vertex -19.152 -18.8837 5.1
      vertex -19.1308 -18.2778 5.1
    endloop
  endfacet
  facet normal 0 0 1
    outer loop
      vertex -19.1678 -17.9766 5.1
      vertex -19.2099 -19.1817 5.1
      vertex -19.152 -18.8837 5.1
    endloop
  endfacet
  facet normal 0 0 1
    outer loop
      vertex -19.2361 -17.6808 5.1
      vertex -19.2099 -19.1817 5.1
      vertex -19.1678 -17.9766 5.1
    endloop
  endfacet
  facet normal 0 0 1
    outer loop
      vertex -19.2361 -17.6808 5.1
      vertex -19.2987 -19.472 5.1
      vertex -19.2099 -19.1817 5.1
    endloop
  endfacet
  facet normal 0 0 1
    outer loop
      vertex -19.3349 -17.3938 5.1
      vertex -19.2987 -19.472 5.1
      vertex -19.2361 -17.6808 5.1
    endloop
  endfacet
  facet normal 0 0 1
    outer loop
      vertex -19.3349 -17.3938 5.1
      vertex -19.4173 -19.7514 5.1
      vertex -19.2987 -19.472 5.1
    endloop
  endfacet
  facet normal 0 0 1
    outer loop
      vertex -19.4632 -17.1187 5.1
      vertex -19.4173 -19.7514 5.1
      vertex -19.3349 -17.3938 5.1
    endloop
  endfacet
  facet normal 0 0 1
    outer loop
      vertex -19.4632 -17.1187 5.1
      vertex -19.5644 -20.0169 5.1
      vertex -19.4173 -19.7514 5.1
    endloop
  endfacet
  facet normal 0 0 1
    outer loop
      vertex -19.6196 -16.8585 5.1
      vertex -19.5644 -20.0169 5.1
      vertex -19.4632 -17.1187 5.1
    endloop
  endfacet
  facet normal 0 0 1
    outer loop
      vertex -19.6196 -16.8585 5.1
      vertex -19.7385 -20.2656 5.1
      vertex -19.5644 -20.0169 5.1
    endloop
  endfacet
  facet normal 0 0 1
    outer loop
      vertex -19.8022 -16.6161 5.1
      vertex -19.7385 -20.2656 5.1
      vertex -19.6196 -16.8585 5.1
    endloop
  endfacet
  facet normal 0 0 1
    outer loop
      vertex -19.8022 -16.6161 5.1
      vertex -19.9377 -20.4947 5.1
      vertex -19.7385 -20.2656 5.1
    endloop
  endfacet
  facet normal 0 0 1
    outer loop
      vertex -20.0093 -16.3941 5.1
      vertex -19.9377 -20.4947 5.1
      vertex -19.8022 -16.6161 5.1
    endloop
  endfacet
  facet normal 0 0 1
    outer loop
      vertex -20.0093 -16.3941 5.1
      vertex -20.1597 -20.7017 5.1
      vertex -19.9377 -20.4947 5.1
    endloop
  endfacet
  facet normal 0 0 1
    outer loop
      vertex -20.2384 -16.1949 5.1
      vertex -20.1597 -20.7017 5.1
      vertex -20.0093 -16.3941 5.1
    endloop
  endfacet
  facet normal 0 0 1
    outer loop
      vertex -20.2384 -16.1949 5.1
      vertex -20.4021 -20.8844 5.1
      vertex -20.1597 -20.7017 5.1
    endloop
  endfacet
  facet normal 0 0 1
    outer loop
      vertex -20.487 -16.0208 5.1
      vertex -20.4021 -20.8844 5.1
      vertex -20.2384 -16.1949 5.1
    endloop
  endfacet
  facet normal 0 0 1
    outer loop
      vertex -20.487 -16.0208 5.1
      vertex -20.6623 -21.0407 5.1
      vertex -20.4021 -20.8844 5.1
    endloop
  endfacet
  facet normal 0 0 1
    outer loop
      vertex -20.7525 -15.8736 5.1
      vertex -20.6623 -21.0407 5.1
      vertex -20.487 -16.0208 5.1
    endloop
  endfacet
  facet normal 0 0 1
    outer loop
      vertex -20.7525 -15.8736 5.1
      vertex -20.9374 -21.169 5.1
      vertex -20.6623 -21.0407 5.1
    endloop
  endfacet
  facet normal 0 0 1
    outer loop
      vertex -21.0319 -15.755 5.1
      vertex -20.9374 -21.169 5.1
      vertex -20.7525 -15.8736 5.1
    endloop
  endfacet
  facet normal 0 0 1
    outer loop
      vertex -21.0319 -15.755 5.1
      vertex -21.2244 -21.2678 5.1
      vertex -20.9374 -21.169 5.1
    endloop
  endfacet
  facet normal 0 0 1
    outer loop
      vertex -21.3222 -15.6663 5.1
      vertex -21.2244 -21.2678 5.1
      vertex -21.0319 -15.755 5.1
    endloop
  endfacet
  facet normal 0 0 1
    outer loop
      vertex -21.3222 -15.6663 5.1
      vertex -21.5202 -21.3361 5.1
      vertex -21.2244 -21.2678 5.1
    endloop
  endfacet
  facet normal 0 0 1
    outer loop
      vertex -21.6202 -15.6084 5.1
      vertex -21.5202 -21.3361 5.1
      vertex -21.3222 -15.6663 5.1
    endloop
  endfacet
  facet normal 0 0 1
    outer loop
      vertex -21.6202 -15.6084 5.1
      vertex -21.8215 -21.3731 5.1
      vertex -21.5202 -21.3361 5.1
    endloop
  endfacet
  facet normal 0 0 1
    outer loop
      vertex -21.9226 -15.5819 5.1
      vertex -21.8215 -21.3731 5.1
      vertex -21.6202 -15.6084 5.1
    endloop
  endfacet
  facet normal 0 0 1
    outer loop
      vertex -21.9226 -15.5819 5.1
      vertex -22.125 -21.3784 5.1
      vertex -21.8215 -21.3731 5.1
    endloop
  endfacet
  facet normal -0 0 1
    outer loop
      vertex -22.2261 -15.5872 5.1
      vertex -22.125 -21.3784 5.1
      vertex -21.9226 -15.5819 5.1
    endloop
  endfacet
  facet normal 0 0 1
    outer loop
      vertex -22.2261 -15.5872 5.1
      vertex -22.4274 -21.3519 5.1
      vertex -22.125 -21.3784 5.1
    endloop
  endfacet
  facet normal -0 0 1
    outer loop
      vertex -22.5274 -15.6242 5.1
      vertex -22.4274 -21.3519 5.1
      vertex -22.2261 -15.5872 5.1
    endloop
  endfacet
  facet normal 0 0 1
    outer loop
      vertex -22.5274 -15.6242 5.1
      vertex -22.7253 -21.294 5.1
      vertex -22.4274 -21.3519 5.1
    endloop
  endfacet
  facet normal -0 0 1
    outer loop
      vertex -22.8231 -15.6925 5.1
      vertex -22.7253 -21.294 5.1
      vertex -22.5274 -15.6242 5.1
    endloop
  endfacet
  facet normal 0 0 1
    outer loop
      vertex -22.8231 -15.6925 5.1
      vertex -23.0156 -21.2053 5.1
      vertex -22.7253 -21.294 5.1
    endloop
  endfacet
  facet normal -0 0 1
    outer loop
      vertex -23.1101 -15.7913 5.1
      vertex -23.0156 -21.2053 5.1
      vertex -22.8231 -15.6925 5.1
    endloop
  endfacet
  facet normal 0 0 1
    outer loop
      vertex -23.1101 -15.7913 5.1
      vertex -23.2951 -21.0866 5.1
      vertex -23.0156 -21.2053 5.1
    endloop
  endfacet
  facet normal -0 0 1
    outer loop
      vertex -23.3852 -15.9196 5.1
      vertex -23.2951 -21.0866 5.1
      vertex -23.1101 -15.7913 5.1
    endloop
  endfacet
  facet normal 0 0 1
    outer loop
      vertex -23.3852 -15.9196 5.1
      vertex -23.5605 -20.9395 5.1
      vertex -23.2951 -21.0866 5.1
    endloop
  endfacet
  facet normal -0 0 1
    outer loop
      vertex -23.6454 -16.0759 5.1
      vertex -23.5605 -20.9395 5.1
      vertex -23.3852 -15.9196 5.1
    endloop
  endfacet
  facet normal 0 0 1
    outer loop
      vertex -23.6454 -16.0759 5.1
      vertex -23.8092 -20.7654 5.1
      vertex -23.5605 -20.9395 5.1
    endloop
  endfacet
  facet normal -0 0 1
    outer loop
      vertex -23.8879 -16.2586 5.1
      vertex -23.8092 -20.7654 5.1
      vertex -23.6454 -16.0759 5.1
    endloop
  endfacet
  facet normal 0 0 1
    outer loop
      vertex -23.8879 -16.2586 5.1
      vertex -24.0383 -20.5662 5.1
      vertex -23.8092 -20.7654 5.1
    endloop
  endfacet
  facet normal -0 0 1
    outer loop
      vertex -24.1099 -16.4656 5.1
      vertex -24.0383 -20.5662 5.1
      vertex -23.8879 -16.2586 5.1
    endloop
  endfacet
  facet normal 0 0 1
    outer loop
      vertex -24.1099 -16.4656 5.1
      vertex -24.2453 -20.3442 5.1
      vertex -24.0383 -20.5662 5.1
    endloop
  endfacet
  facet normal -0 0 1
    outer loop
      vertex -24.309 -16.6947 5.1
      vertex -24.2453 -20.3442 5.1
      vertex -24.1099 -16.4656 5.1
    endloop
  endfacet
  facet normal 0 0 1
    outer loop
      vertex -24.309 -16.6947 5.1
      vertex -24.428 -20.1018 5.1
      vertex -24.2453 -20.3442 5.1
    endloop
  endfacet
  facet normal -0 0 1
    outer loop
      vertex -24.4831 -16.9434 5.1
      vertex -24.428 -20.1018 5.1
      vertex -24.309 -16.6947 5.1
    endloop
  endfacet
  facet normal 0 0 1
    outer loop
      vertex -24.4831 -16.9434 5.1
      vertex -24.5843 -19.8416 5.1
      vertex -24.428 -20.1018 5.1
    endloop
  endfacet
  facet normal -0 0 1
    outer loop
      vertex -24.6303 -17.2089 5.1
      vertex -24.5843 -19.8416 5.1
      vertex -24.4831 -16.9434 5.1
    endloop
  endfacet
  facet normal 0 0 1
    outer loop
      vertex -24.6303 -17.2089 5.1
      vertex -24.7126 -19.5665 5.1
      vertex -24.5843 -19.8416 5.1
    endloop
  endfacet
  facet normal -0 0 1
    outer loop
      vertex -24.7489 -17.4883 5.1
      vertex -24.7126 -19.5665 5.1
      vertex -24.6303 -17.2089 5.1
    endloop
  endfacet
  facet normal 0 0 1
    outer loop
      vertex -24.7489 -17.4883 5.1
      vertex -24.8114 -19.2795 5.1
      vertex -24.7126 -19.5665 5.1
    endloop
  endfacet
  facet normal -0 0 1
    outer loop
      vertex -24.8376 -17.7786 5.1
      vertex -24.8114 -19.2795 5.1
      vertex -24.7489 -17.4883 5.1
    endloop
  endfacet
  facet normal 0 0 1
    outer loop
      vertex -24.8376 -17.7786 5.1
      vertex -24.8797 -18.9837 5.1
      vertex -24.8114 -19.2795 5.1
    endloop
  endfacet
  facet normal -0 0 1
    outer loop
      vertex -24.8956 -18.0765 5.1
      vertex -24.8797 -18.9837 5.1
      vertex -24.8376 -17.7786 5.1
    endloop
  endfacet
  facet normal 0 0 1
    outer loop
      vertex -24.8956 -18.0765 5.1
      vertex -24.9167 -18.6824 5.1
      vertex -24.8797 -18.9837 5.1
    endloop
  endfacet
  facet normal 0 -0 1
    outer loop
      vertex -24.9167 -18.6824 5.1
      vertex -24.8956 -18.0765 5.1
      vertex -24.922 -18.3789 5.1
    endloop
  endfacet
  facet normal 0.999848 0.0174494 0
    outer loop
      vertex -24.9167 -18.6824 9
      vertex -24.922 -18.3789 5.1
      vertex -24.922 -18.3789 9
    endloop
  endfacet
  facet normal 0.999848 0.0174494 0
    outer loop
      vertex -24.922 -18.3789 5.1
      vertex -24.9167 -18.6824 9
      vertex -24.9167 -18.6824 5.1
    endloop
  endfacet
  facet normal -0.484808 -0.874621 0
    outer loop
      vertex -20.7525 -15.8736 5.1
      vertex -20.487 -16.0208 9
      vertex -20.7525 -15.8736 9
    endloop
  endfacet
  facet normal -0.484808 -0.874621 -0
    outer loop
      vertex -20.487 -16.0208 9
      vertex -20.7525 -15.8736 5.1
      vertex -20.487 -16.0208 5.1
    endloop
  endfacet
  facet normal -0.601813 0.798637 0
    outer loop
      vertex -20.1597 -20.7017 5.1
      vertex -20.4021 -20.8844 9
      vertex -20.1597 -20.7017 9
    endloop
  endfacet
  facet normal -0.601813 0.798637 0
    outer loop
      vertex -20.4021 -20.8844 9
      vertex -20.1597 -20.7017 5.1
      vertex -20.4021 -20.8844 5.1
    endloop
  endfacet
  facet normal -0.0174494 0.999848 0
    outer loop
      vertex -21.8215 -21.3731 5.1
      vertex -22.125 -21.3784 9
      vertex -21.8215 -21.3731 9
    endloop
  endfacet
  facet normal -0.0174494 0.999848 0
    outer loop
      vertex -22.125 -21.3784 9
      vertex -21.8215 -21.3731 5.1
      vertex -22.125 -21.3784 5.1
    endloop
  endfacet
  facet normal 0.656058 0.75471 -0
    outer loop
      vertex -23.8092 -20.7654 5.1
      vertex -24.0383 -20.5662 9
      vertex -23.8092 -20.7654 9
    endloop
  endfacet
  facet normal 0.656058 0.75471 0
    outer loop
      vertex -24.0383 -20.5662 9
      vertex -23.8092 -20.7654 5.1
      vertex -24.0383 -20.5662 5.1
    endloop
  endfacet
  facet normal -0.754713 0.656055 0
    outer loop
      vertex -19.9377 -20.4947 5.1
      vertex -19.7385 -20.2656 9
      vertex -19.7385 -20.2656 5.1
    endloop
  endfacet
  facet normal -0.754713 0.656055 0
    outer loop
      vertex -19.7385 -20.2656 9
      vertex -19.9377 -20.4947 5.1
      vertex -19.9377 -20.4947 9
    endloop
  endfacet
  facet normal -0.992546 -0.121874 0
    outer loop
      vertex -19.1308 -18.2778 5.1
      vertex -19.1678 -17.9766 9
      vertex -19.1678 -17.9766 5.1
    endloop
  endfacet
  facet normal -0.992546 -0.121874 0
    outer loop
      vertex -19.1678 -17.9766 9
      vertex -19.1308 -18.2778 5.1
      vertex -19.1308 -18.2778 9
    endloop
  endfacet
  facet normal -0.857168 -0.515036 0
    outer loop
      vertex -19.4632 -17.1187 5.1
      vertex -19.6196 -16.8585 9
      vertex -19.6196 -16.8585 5.1
    endloop
  endfacet
  facet normal -0.857168 -0.515036 0
    outer loop
      vertex -19.6196 -16.8585 9
      vertex -19.4632 -17.1187 5.1
      vertex -19.4632 -17.1187 9
    endloop
  endfacet
  facet normal 0.731354 -0.681998 0
    outer loop
      vertex -24.2453 20.3442 9
      vertex -24.0383 20.5662 5.1
      vertex -24.0383 20.5662 9
    endloop
  endfacet
  facet normal 0.731354 -0.681998 0
    outer loop
      vertex -24.0383 20.5662 5.1
      vertex -24.2453 20.3442 9
      vertex -24.2453 20.3442 5.1
    endloop
  endfacet
  facet normal -0.798637 0.601813 0
    outer loop
      vertex -19.8022 16.6161 5.1
      vertex -19.6196 16.8585 9
      vertex -19.6196 16.8585 5.1
    endloop
  endfacet
  facet normal -0.798637 0.601813 0
    outer loop
      vertex -19.6196 16.8585 9
      vertex -19.8022 16.6161 5.1
      vertex -19.8022 16.6161 9
    endloop
  endfacet
  facet normal 0.601809 0.79864 -0
    outer loop
      vertex -23.6454 16.0759 5.1
      vertex -23.8879 16.2586 9
      vertex -23.6454 16.0759 9
    endloop
  endfacet
  facet normal 0.601809 0.79864 0
    outer loop
      vertex -23.8879 16.2586 9
      vertex -23.6454 16.0759 5.1
      vertex -23.8879 16.2586 5.1
    endloop
  endfacet
  facet normal 0.996194 0.0871586 0
    outer loop
      vertex -24.8956 18.0765 9
      vertex -24.922 18.3789 5.1
      vertex -24.922 18.3789 9
    endloop
  endfacet
  facet normal 0.996194 0.0871586 0
    outer loop
      vertex -24.922 18.3789 5.1
      vertex -24.8956 18.0765 9
      vertex -24.8956 18.0765 5.1
    endloop
  endfacet
  facet normal 0.75471 0.656059 0
    outer loop
      vertex -24.1099 16.4656 9
      vertex -24.309 16.6947 5.1
      vertex -24.309 16.6947 9
    endloop
  endfacet
  facet normal 0.75471 0.656059 0
    outer loop
      vertex -24.309 16.6947 5.1
      vertex -24.1099 16.4656 9
      vertex -24.1099 16.4656 5.1
    endloop
  endfacet
  facet normal 0.0871518 -0.996195 0
    outer loop
      vertex -22.4274 21.3519 5.1
      vertex -22.125 21.3784 9
      vertex -22.4274 21.3519 9
    endloop
  endfacet
  facet normal 0.0871518 -0.996195 0
    outer loop
      vertex -22.125 21.3784 9
      vertex -22.4274 21.3519 5.1
      vertex -22.125 21.3784 5.1
    endloop
  endfacet
  facet normal -0.325572 -0.945517 0
    outer loop
      vertex -21.2244 21.2678 5.1
      vertex -20.9374 21.169 9
      vertex -21.2244 21.2678 9
    endloop
  endfacet
  facet normal -0.325572 -0.945517 -0
    outer loop
      vertex -20.9374 21.169 9
      vertex -21.2244 21.2678 5.1
      vertex -20.9374 21.169 5.1
    endloop
  endfacet
  facet normal -0.992546 0.121874 0
    outer loop
      vertex -19.1678 17.9766 5.1
      vertex -19.1308 18.2778 9
      vertex -19.1308 18.2778 5.1
    endloop
  endfacet
  facet normal -0.992546 0.121874 0
    outer loop
      vertex -19.1308 18.2778 9
      vertex -19.1678 17.9766 5.1
      vertex -19.1678 17.9766 9
    endloop
  endfacet
  facet normal -0.999848 0.0174493 0
    outer loop
      vertex -19.1308 18.2778 5.1
      vertex -19.1255 18.5814 9
      vertex -19.1255 18.5814 5.1
    endloop
  endfacet
  facet normal -0.999848 0.0174493 0
    outer loop
      vertex -19.1255 18.5814 9
      vertex -19.1308 18.2778 5.1
      vertex -19.1308 18.2778 9
    endloop
  endfacet
  facet normal -0.920504 -0.390734 0
    outer loop
      vertex -19.2987 19.472 5.1
      vertex -19.4173 19.7514 9
      vertex -19.4173 19.7514 5.1
    endloop
  endfacet
  facet normal -0.920504 -0.390734 0
    outer loop
      vertex -19.4173 19.7514 9
      vertex -19.2987 19.472 5.1
      vertex -19.2987 19.472 9
    endloop
  endfacet
  facet normal -0.981628 -0.190805 0
    outer loop
      vertex -19.152 18.8837 5.1
      vertex -19.2099 19.1817 9
      vertex -19.2099 19.1817 5.1
    endloop
  endfacet
  facet normal -0.981628 -0.190805 0
    outer loop
      vertex -19.2099 19.1817 9
      vertex -19.152 18.8837 5.1
      vertex -19.152 18.8837 9
    endloop
  endfacet
  facet normal -0.874621 -0.484807 0
    outer loop
      vertex -19.4173 19.7514 5.1
      vertex -19.5644 20.0169 9
      vertex -19.5644 20.0169 5.1
    endloop
  endfacet
  facet normal -0.874621 -0.484807 0
    outer loop
      vertex -19.5644 20.0169 9
      vertex -19.4173 19.7514 5.1
      vertex -19.4173 19.7514 9
    endloop
  endfacet
  facet normal 0.97437 -0.224949 0
    outer loop
      vertex -24.8797 18.9837 9
      vertex -24.8114 19.2795 5.1
      vertex -24.8114 19.2795 9
    endloop
  endfacet
  facet normal 0.97437 -0.224949 0
    outer loop
      vertex -24.8114 19.2795 5.1
      vertex -24.8797 18.9837 9
      vertex -24.8797 18.9837 5.1
    endloop
  endfacet
  facet normal 0.819156 0.573571 0
    outer loop
      vertex -24.309 16.6947 9
      vertex -24.4831 16.9434 5.1
      vertex -24.4831 16.9434 9
    endloop
  endfacet
  facet normal 0.819156 0.573571 0
    outer loop
      vertex -24.4831 16.9434 5.1
      vertex -24.309 16.6947 9
      vertex -24.309 16.6947 5.1
    endloop
  endfacet
  facet normal 0.906306 -0.422622 0
    outer loop
      vertex -24.7126 19.5665 9
      vertex -24.5843 19.8416 5.1
      vertex -24.5843 19.8416 9
    endloop
  endfacet
  facet normal 0.906306 -0.422622 0
    outer loop
      vertex -24.5843 19.8416 5.1
      vertex -24.7126 19.5665 9
      vertex -24.7126 19.5665 5.1
    endloop
  endfacet
  facet normal 0.325568 0.945519 -0
    outer loop
      vertex -22.8231 15.6925 5.1
      vertex -23.1101 15.7913 9
      vertex -22.8231 15.6925 9
    endloop
  endfacet
  facet normal 0.325568 0.945519 0
    outer loop
      vertex -23.1101 15.7913 9
      vertex -22.8231 15.6925 5.1
      vertex -23.1101 15.7913 5.1
    endloop
  endfacet
  facet normal 0.121868 0.992546 -0
    outer loop
      vertex -22.2261 15.5872 5.1
      vertex -22.5274 15.6242 9
      vertex -22.2261 15.5872 9
    endloop
  endfacet
  facet normal 0.121868 0.992546 0
    outer loop
      vertex -22.5274 15.6242 9
      vertex -22.2261 15.5872 5.1
      vertex -22.5274 15.6242 5.1
    endloop
  endfacet
  facet normal -0.731351 0.682001 0
    outer loop
      vertex -20.0093 16.3941 5.1
      vertex -19.8022 16.6161 9
      vertex -19.8022 16.6161 5.1
    endloop
  endfacet
  facet normal -0.731351 0.682001 0
    outer loop
      vertex -19.8022 16.6161 9
      vertex -20.0093 16.3941 5.1
      vertex -20.0093 16.3941 9
    endloop
  endfacet
  facet normal -0.390734 0.920504 0
    outer loop
      vertex -20.7525 15.8736 5.1
      vertex -21.0319 15.755 9
      vertex -20.7525 15.8736 9
    endloop
  endfacet
  facet normal -0.390734 0.920504 0
    outer loop
      vertex -21.0319 15.755 9
      vertex -20.7525 15.8736 5.1
      vertex -21.0319 15.755 5.1
    endloop
  endfacet
  facet normal 0.48481 -0.87462 0
    outer loop
      vertex -23.5605 20.9395 5.1
      vertex -23.2951 21.0866 9
      vertex -23.5605 20.9395 9
    endloop
  endfacet
  facet normal 0.48481 -0.87462 0
    outer loop
      vertex -23.2951 21.0866 9
      vertex -23.5605 20.9395 5.1
      vertex -23.2951 21.0866 5.1
    endloop
  endfacet
  facet normal 0.656058 -0.75471 0
    outer loop
      vertex -24.0383 20.5662 5.1
      vertex -23.8092 20.7654 9
      vertex -24.0383 20.5662 9
    endloop
  endfacet
  facet normal 0.656058 -0.75471 0
    outer loop
      vertex -23.8092 20.7654 9
      vertex -24.0383 20.5662 5.1
      vertex -23.8092 20.7654 5.1
    endloop
  endfacet
  facet normal 0.57358 -0.81915 0
    outer loop
      vertex -23.8092 20.7654 5.1
      vertex -23.5605 20.9395 9
      vertex -23.8092 20.7654 9
    endloop
  endfacet
  facet normal 0.57358 -0.81915 0
    outer loop
      vertex -23.5605 20.9395 9
      vertex -23.8092 20.7654 5.1
      vertex -23.5605 20.9395 5.1
    endloop
  endfacet
  facet normal 0.390729 -0.920506 0
    outer loop
      vertex -23.2951 21.0866 5.1
      vertex -23.0156 21.2053 9
      vertex -23.2951 21.0866 9
    endloop
  endfacet
  facet normal 0.390729 -0.920506 0
    outer loop
      vertex -23.0156 21.2053 9
      vertex -23.2951 21.0866 5.1
      vertex -23.0156 21.2053 5.1
    endloop
  endfacet
  facet normal 0.190812 -0.981627 0
    outer loop
      vertex -22.7253 21.294 5.1
      vertex -22.4274 21.3519 9
      vertex -22.7253 21.294 9
    endloop
  endfacet
  facet normal 0.190812 -0.981627 0
    outer loop
      vertex -22.4274 21.3519 9
      vertex -22.7253 21.294 5.1
      vertex -22.4274 21.3519 5.1
    endloop
  endfacet
  facet normal 0.29237 -0.956305 0
    outer loop
      vertex -23.0156 21.2053 5.1
      vertex -22.7253 21.294 9
      vertex -23.0156 21.2053 9
    endloop
  endfacet
  facet normal 0.29237 -0.956305 0
    outer loop
      vertex -22.7253 21.294 9
      vertex -23.0156 21.2053 5.1
      vertex -22.7253 21.294 5.1
    endloop
  endfacet
  facet normal -0.601817 -0.798634 0
    outer loop
      vertex -20.4021 20.8844 5.1
      vertex -20.1597 20.7017 9
      vertex -20.4021 20.8844 9
    endloop
  endfacet
  facet normal -0.601817 -0.798634 -0
    outer loop
      vertex -20.1597 20.7017 9
      vertex -20.4021 20.8844 5.1
      vertex -20.1597 20.7017 5.1
    endloop
  endfacet
  facet normal -0.422616 -0.906309 0
    outer loop
      vertex -20.9374 21.169 5.1
      vertex -20.6623 21.0407 9
      vertex -20.9374 21.169 9
    endloop
  endfacet
  facet normal -0.422616 -0.906309 -0
    outer loop
      vertex -20.6623 21.0407 9
      vertex -20.9374 21.169 5.1
      vertex -20.6623 21.0407 5.1
    endloop
  endfacet
  facet normal -0.515036 -0.857168 0
    outer loop
      vertex -20.6623 21.0407 5.1
      vertex -20.4021 20.8844 9
      vertex -20.6623 21.0407 9
    endloop
  endfacet
  facet normal -0.515036 -0.857168 -0
    outer loop
      vertex -20.4021 20.8844 9
      vertex -20.6623 21.0407 5.1
      vertex -20.4021 20.8844 5.1
    endloop
  endfacet
  facet normal -0.0174494 -0.999848 0
    outer loop
      vertex -22.125 21.3784 5.1
      vertex -21.8215 21.3731 9
      vertex -22.125 21.3784 9
    endloop
  endfacet
  facet normal -0.0174494 -0.999848 -0
    outer loop
      vertex -21.8215 21.3731 9
      vertex -22.125 21.3784 5.1
      vertex -21.8215 21.3731 5.1
    endloop
  endfacet
  facet normal -0.224949 -0.97437 0
    outer loop
      vertex -21.5202 21.3361 5.1
      vertex -21.2244 21.2678 9
      vertex -21.5202 21.3361 9
    endloop
  endfacet
  facet normal -0.224949 -0.97437 -0
    outer loop
      vertex -21.2244 21.2678 9
      vertex -21.5202 21.3361 5.1
      vertex -21.2244 21.2678 5.1
    endloop
  endfacet
  facet normal -0.121869 -0.992546 0
    outer loop
      vertex -21.8215 21.3731 5.1
      vertex -21.5202 21.3361 9
      vertex -21.8215 21.3731 9
    endloop
  endfacet
  facet normal -0.121869 -0.992546 -0
    outer loop
      vertex -21.5202 21.3361 9
      vertex -21.8215 21.3731 5.1
      vertex -21.5202 21.3361 5.1
    endloop
  endfacet
  facet normal -0.996194 -0.0871586 0
    outer loop
      vertex -19.1255 18.5814 5.1
      vertex -19.152 18.8837 9
      vertex -19.152 18.8837 5.1
    endloop
  endfacet
  facet normal -0.996194 -0.0871586 0
    outer loop
      vertex -19.152 18.8837 9
      vertex -19.1255 18.5814 5.1
      vertex -19.1255 18.5814 9
    endloop
  endfacet
  facet normal -0.97437 0.224949 0
    outer loop
      vertex -19.2361 17.6808 5.1
      vertex -19.1678 17.9766 9
      vertex -19.1678 17.9766 5.1
    endloop
  endfacet
  facet normal -0.97437 0.224949 0
    outer loop
      vertex -19.1678 17.9766 9
      vertex -19.2361 17.6808 5.1
      vertex -19.2361 17.6808 9
    endloop
  endfacet
  facet normal -0.945519 0.325568 0
    outer loop
      vertex -19.3349 17.3938 5.1
      vertex -19.2361 17.6808 9
      vertex -19.2361 17.6808 5.1
    endloop
  endfacet
  facet normal -0.945519 0.325568 0
    outer loop
      vertex -19.2361 17.6808 9
      vertex -19.3349 17.3938 5.1
      vertex -19.3349 17.3938 9
    endloop
  endfacet
  facet normal -0.906306 0.422622 0
    outer loop
      vertex -19.4632 17.1187 5.1
      vertex -19.3349 17.3938 9
      vertex -19.3349 17.3938 5.1
    endloop
  endfacet
  facet normal -0.906306 0.422622 0
    outer loop
      vertex -19.3349 17.3938 9
      vertex -19.4632 17.1187 5.1
      vertex -19.4632 17.1187 9
    endloop
  endfacet
  facet normal -0.956305 -0.292371 0
    outer loop
      vertex -19.2099 19.1817 5.1
      vertex -19.2987 19.472 9
      vertex -19.2987 19.472 5.1
    endloop
  endfacet
  facet normal -0.956305 -0.292371 0
    outer loop
      vertex -19.2987 19.472 9
      vertex -19.2099 19.1817 5.1
      vertex -19.2099 19.1817 9
    endloop
  endfacet
  facet normal -0.681998 -0.731354 0
    outer loop
      vertex -20.1597 20.7017 5.1
      vertex -19.9377 20.4947 9
      vertex -20.1597 20.7017 9
    endloop
  endfacet
  facet normal -0.681998 -0.731354 -0
    outer loop
      vertex -19.9377 20.4947 9
      vertex -20.1597 20.7017 5.1
      vertex -19.9377 20.4947 5.1
    endloop
  endfacet
  facet normal -0.819149 -0.573581 0
    outer loop
      vertex -19.5644 20.0169 5.1
      vertex -19.7385 20.2656 9
      vertex -19.7385 20.2656 5.1
    endloop
  endfacet
  facet normal -0.819149 -0.573581 0
    outer loop
      vertex -19.7385 20.2656 9
      vertex -19.5644 20.0169 5.1
      vertex -19.5644 20.0169 9
    endloop
  endfacet
  facet normal -0.754713 -0.656055 0
    outer loop
      vertex -19.7385 20.2656 5.1
      vertex -19.9377 20.4947 9
      vertex -19.9377 20.4947 5.1
    endloop
  endfacet
  facet normal -0.754713 -0.656055 0
    outer loop
      vertex -19.9377 20.4947 9
      vertex -19.7385 20.2656 5.1
      vertex -19.7385 20.2656 9
    endloop
  endfacet
  facet normal 0.681998 0.731354 -0
    outer loop
      vertex -23.8879 16.2586 5.1
      vertex -24.1099 16.4656 9
      vertex -23.8879 16.2586 9
    endloop
  endfacet
  facet normal 0.681998 0.731354 0
    outer loop
      vertex -24.1099 16.4656 9
      vertex -23.8879 16.2586 5.1
      vertex -24.1099 16.4656 5.1
    endloop
  endfacet
  facet normal 0.874618 0.484813 0
    outer loop
      vertex -24.4831 16.9434 9
      vertex -24.6303 17.2089 5.1
      vertex -24.6303 17.2089 9
    endloop
  endfacet
  facet normal 0.874618 0.484813 0
    outer loop
      vertex -24.6303 17.2089 5.1
      vertex -24.4831 16.9434 9
      vertex -24.4831 16.9434 5.1
    endloop
  endfacet
  facet normal 0.920505 0.390732 0
    outer loop
      vertex -24.6303 17.2089 9
      vertex -24.7489 17.4883 5.1
      vertex -24.7489 17.4883 9
    endloop
  endfacet
  facet normal 0.920505 0.390732 0
    outer loop
      vertex -24.7489 17.4883 5.1
      vertex -24.6303 17.2089 9
      vertex -24.6303 17.2089 5.1
    endloop
  endfacet
  facet normal 0.956305 0.292371 0
    outer loop
      vertex -24.7489 17.4883 9
      vertex -24.8376 17.7786 5.1
      vertex -24.8376 17.7786 9
    endloop
  endfacet
  facet normal 0.956305 0.292371 0
    outer loop
      vertex -24.8376 17.7786 5.1
      vertex -24.7489 17.4883 9
      vertex -24.7489 17.4883 5.1
    endloop
  endfacet
  facet normal 0.999848 -0.0174493 0
    outer loop
      vertex -24.922 18.3789 9
      vertex -24.9167 18.6824 5.1
      vertex -24.9167 18.6824 9
    endloop
  endfacet
  facet normal 0.999848 -0.0174493 0
    outer loop
      vertex -24.9167 18.6824 5.1
      vertex -24.922 18.3789 9
      vertex -24.922 18.3789 5.1
    endloop
  endfacet
  facet normal 0.992545 -0.121875 0
    outer loop
      vertex -24.9167 18.6824 9
      vertex -24.8797 18.9837 5.1
      vertex -24.8797 18.9837 9
    endloop
  endfacet
  facet normal 0.992545 -0.121875 0
    outer loop
      vertex -24.8797 18.9837 5.1
      vertex -24.9167 18.6824 9
      vertex -24.9167 18.6824 5.1
    endloop
  endfacet
  facet normal -0.0871549 0.996195 0
    outer loop
      vertex -21.6202 15.6084 5.1
      vertex -21.9226 15.5819 9
      vertex -21.6202 15.6084 9
    endloop
  endfacet
  facet normal -0.0871549 0.996195 0
    outer loop
      vertex -21.9226 15.5819 9
      vertex -21.6202 15.6084 5.1
      vertex -21.9226 15.5819 5.1
    endloop
  endfacet
  facet normal 0.224952 0.97437 -0
    outer loop
      vertex -22.5274 15.6242 5.1
      vertex -22.8231 15.6925 9
      vertex -22.5274 15.6242 9
    endloop
  endfacet
  facet normal 0.224952 0.97437 0
    outer loop
      vertex -22.8231 15.6925 9
      vertex -22.5274 15.6242 5.1
      vertex -22.8231 15.6925 5.1
    endloop
  endfacet
  facet normal 0.422619 0.906307 -0
    outer loop
      vertex -23.1101 15.7913 5.1
      vertex -23.3852 15.9196 9
      vertex -23.1101 15.7913 9
    endloop
  endfacet
  facet normal 0.422619 0.906307 0
    outer loop
      vertex -23.3852 15.9196 9
      vertex -23.1101 15.7913 5.1
      vertex -23.3852 15.9196 5.1
    endloop
  endfacet
  facet normal 0.0174525 0.999848 -0
    outer loop
      vertex -21.9226 15.5819 5.1
      vertex -22.2261 15.5872 9
      vertex -21.9226 15.5819 9
    endloop
  endfacet
  facet normal 0.0174525 0.999848 0
    outer loop
      vertex -22.2261 15.5872 9
      vertex -21.9226 15.5819 5.1
      vertex -22.2261 15.5872 5.1
    endloop
  endfacet
  facet normal -0.190809 0.981627 0
    outer loop
      vertex -21.3222 15.6663 5.1
      vertex -21.6202 15.6084 9
      vertex -21.3222 15.6663 9
    endloop
  endfacet
  facet normal -0.190809 0.981627 0
    outer loop
      vertex -21.6202 15.6084 9
      vertex -21.3222 15.6663 5.1
      vertex -21.6202 15.6084 5.1
    endloop
  endfacet
  facet normal -0.484808 0.874621 0
    outer loop
      vertex -20.487 16.0208 5.1
      vertex -20.7525 15.8736 9
      vertex -20.487 16.0208 9
    endloop
  endfacet
  facet normal -0.484808 0.874621 0
    outer loop
      vertex -20.7525 15.8736 9
      vertex -20.487 16.0208 5.1
      vertex -20.7525 15.8736 5.1
    endloop
  endfacet
  facet normal -0.656059 0.75471 0
    outer loop
      vertex -20.0093 16.3941 5.1
      vertex -20.2384 16.1949 9
      vertex -20.0093 16.3941 9
    endloop
  endfacet
  facet normal -0.656059 0.75471 0
    outer loop
      vertex -20.2384 16.1949 9
      vertex -20.0093 16.3941 5.1
      vertex -20.2384 16.1949 5.1
    endloop
  endfacet
  facet normal -0.573578 0.819151 0
    outer loop
      vertex -20.2384 16.1949 5.1
      vertex -20.487 16.0208 9
      vertex -20.2384 16.1949 9
    endloop
  endfacet
  facet normal -0.573578 0.819151 0
    outer loop
      vertex -20.487 16.0208 9
      vertex -20.2384 16.1949 5.1
      vertex -20.487 16.0208 5.1
    endloop
  endfacet
  facet normal -0.857168 0.515036 0
    outer loop
      vertex -19.6196 16.8585 5.1
      vertex -19.4632 17.1187 9
      vertex -19.4632 17.1187 5.1
    endloop
  endfacet
  facet normal -0.857168 0.515036 0
    outer loop
      vertex -19.4632 17.1187 9
      vertex -19.6196 16.8585 5.1
      vertex -19.6196 16.8585 9
    endloop
  endfacet
  facet normal 0 0 1
    outer loop
      vertex -19.152 18.8837 5.1
      vertex -19.1308 18.2778 5.1
      vertex -19.1255 18.5814 5.1
    endloop
  endfacet
  facet normal 0 0 1
    outer loop
      vertex -19.152 18.8837 5.1
      vertex -19.1678 17.9766 5.1
      vertex -19.1308 18.2778 5.1
    endloop
  endfacet
  facet normal 0 0 1
    outer loop
      vertex -19.2099 19.1817 5.1
      vertex -19.1678 17.9766 5.1
      vertex -19.152 18.8837 5.1
    endloop
  endfacet
  facet normal 0 0 1
    outer loop
      vertex -19.2099 19.1817 5.1
      vertex -19.2361 17.6808 5.1
      vertex -19.1678 17.9766 5.1
    endloop
  endfacet
  facet normal 0 0 1
    outer loop
      vertex -19.2987 19.472 5.1
      vertex -19.2361 17.6808 5.1
      vertex -19.2099 19.1817 5.1
    endloop
  endfacet
  facet normal 0 0 1
    outer loop
      vertex -19.2987 19.472 5.1
      vertex -19.3349 17.3938 5.1
      vertex -19.2361 17.6808 5.1
    endloop
  endfacet
  facet normal 0 0 1
    outer loop
      vertex -19.4173 19.7514 5.1
      vertex -19.3349 17.3938 5.1
      vertex -19.2987 19.472 5.1
    endloop
  endfacet
  facet normal 0 0 1
    outer loop
      vertex -19.4173 19.7514 5.1
      vertex -19.4632 17.1187 5.1
      vertex -19.3349 17.3938 5.1
    endloop
  endfacet
  facet normal 0 0 1
    outer loop
      vertex -19.5644 20.0169 5.1
      vertex -19.4632 17.1187 5.1
      vertex -19.4173 19.7514 5.1
    endloop
  endfacet
  facet normal 0 0 1
    outer loop
      vertex -19.5644 20.0169 5.1
      vertex -19.6196 16.8585 5.1
      vertex -19.4632 17.1187 5.1
    endloop
  endfacet
  facet normal 0 0 1
    outer loop
      vertex -19.7385 20.2656 5.1
      vertex -19.6196 16.8585 5.1
      vertex -19.5644 20.0169 5.1
    endloop
  endfacet
  facet normal 0 0 1
    outer loop
      vertex -19.7385 20.2656 5.1
      vertex -19.8022 16.6161 5.1
      vertex -19.6196 16.8585 5.1
    endloop
  endfacet
  facet normal 0 0 1
    outer loop
      vertex -19.9377 20.4947 5.1
      vertex -19.8022 16.6161 5.1
      vertex -19.7385 20.2656 5.1
    endloop
  endfacet
  facet normal 0 0 1
    outer loop
      vertex -19.9377 20.4947 5.1
      vertex -20.0093 16.3941 5.1
      vertex -19.8022 16.6161 5.1
    endloop
  endfacet
  facet normal 0 0 1
    outer loop
      vertex -20.1597 20.7017 5.1
      vertex -20.0093 16.3941 5.1
      vertex -19.9377 20.4947 5.1
    endloop
  endfacet
  facet normal 0 0 1
    outer loop
      vertex -20.1597 20.7017 5.1
      vertex -20.2384 16.1949 5.1
      vertex -20.0093 16.3941 5.1
    endloop
  endfacet
  facet normal 0 0 1
    outer loop
      vertex -20.4021 20.8844 5.1
      vertex -20.2384 16.1949 5.1
      vertex -20.1597 20.7017 5.1
    endloop
  endfacet
  facet normal 0 0 1
    outer loop
      vertex -20.4021 20.8844 5.1
      vertex -20.487 16.0208 5.1
      vertex -20.2384 16.1949 5.1
    endloop
  endfacet
  facet normal 0 0 1
    outer loop
      vertex -20.6623 21.0407 5.1
      vertex -20.487 16.0208 5.1
      vertex -20.4021 20.8844 5.1
    endloop
  endfacet
  facet normal 0 0 1
    outer loop
      vertex -20.6623 21.0407 5.1
      vertex -20.7525 15.8736 5.1
      vertex -20.487 16.0208 5.1
    endloop
  endfacet
  facet normal 0 0 1
    outer loop
      vertex -20.9374 21.169 5.1
      vertex -20.7525 15.8736 5.1
      vertex -20.6623 21.0407 5.1
    endloop
  endfacet
  facet normal 0 0 1
    outer loop
      vertex -20.9374 21.169 5.1
      vertex -21.0319 15.755 5.1
      vertex -20.7525 15.8736 5.1
    endloop
  endfacet
  facet normal 0 0 1
    outer loop
      vertex -21.2244 21.2678 5.1
      vertex -21.0319 15.755 5.1
      vertex -20.9374 21.169 5.1
    endloop
  endfacet
  facet normal 0 0 1
    outer loop
      vertex -21.2244 21.2678 5.1
      vertex -21.3222 15.6663 5.1
      vertex -21.0319 15.755 5.1
    endloop
  endfacet
  facet normal 0 0 1
    outer loop
      vertex -21.5202 21.3361 5.1
      vertex -21.3222 15.6663 5.1
      vertex -21.2244 21.2678 5.1
    endloop
  endfacet
  facet normal 0 0 1
    outer loop
      vertex -21.5202 21.3361 5.1
      vertex -21.6202 15.6084 5.1
      vertex -21.3222 15.6663 5.1
    endloop
  endfacet
  facet normal 0 0 1
    outer loop
      vertex -21.8215 21.3731 5.1
      vertex -21.6202 15.6084 5.1
      vertex -21.5202 21.3361 5.1
    endloop
  endfacet
  facet normal 0 0 1
    outer loop
      vertex -21.8215 21.3731 5.1
      vertex -21.9226 15.5819 5.1
      vertex -21.6202 15.6084 5.1
    endloop
  endfacet
  facet normal 0 0 1
    outer loop
      vertex -22.125 21.3784 5.1
      vertex -21.9226 15.5819 5.1
      vertex -21.8215 21.3731 5.1
    endloop
  endfacet
  facet normal 0 0 1
    outer loop
      vertex -22.125 21.3784 5.1
      vertex -22.2261 15.5872 5.1
      vertex -21.9226 15.5819 5.1
    endloop
  endfacet
  facet normal -0 0 1
    outer loop
      vertex -22.4274 21.3519 5.1
      vertex -22.2261 15.5872 5.1
      vertex -22.125 21.3784 5.1
    endloop
  endfacet
  facet normal 0 0 1
    outer loop
      vertex -22.4274 21.3519 5.1
      vertex -22.5274 15.6242 5.1
      vertex -22.2261 15.5872 5.1
    endloop
  endfacet
  facet normal -0 0 1
    outer loop
      vertex -22.7253 21.294 5.1
      vertex -22.5274 15.6242 5.1
      vertex -22.4274 21.3519 5.1
    endloop
  endfacet
  facet normal 0 0 1
    outer loop
      vertex -22.7253 21.294 5.1
      vertex -22.8231 15.6925 5.1
      vertex -22.5274 15.6242 5.1
    endloop
  endfacet
  facet normal -0 0 1
    outer loop
      vertex -23.0156 21.2053 5.1
      vertex -22.8231 15.6925 5.1
      vertex -22.7253 21.294 5.1
    endloop
  endfacet
  facet normal 0 0 1
    outer loop
      vertex -23.0156 21.2053 5.1
      vertex -23.1101 15.7913 5.1
      vertex -22.8231 15.6925 5.1
    endloop
  endfacet
  facet normal -0 0 1
    outer loop
      vertex -23.2951 21.0866 5.1
      vertex -23.1101 15.7913 5.1
      vertex -23.0156 21.2053 5.1
    endloop
  endfacet
  facet normal 0 0 1
    outer loop
      vertex -23.2951 21.0866 5.1
      vertex -23.3852 15.9196 5.1
      vertex -23.1101 15.7913 5.1
    endloop
  endfacet
  facet normal -0 0 1
    outer loop
      vertex -23.5605 20.9395 5.1
      vertex -23.3852 15.9196 5.1
      vertex -23.2951 21.0866 5.1
    endloop
  endfacet
  facet normal 0 0 1
    outer loop
      vertex -23.5605 20.9395 5.1
      vertex -23.6454 16.0759 5.1
      vertex -23.3852 15.9196 5.1
    endloop
  endfacet
  facet normal -0 0 1
    outer loop
      vertex -23.8092 20.7654 5.1
      vertex -23.6454 16.0759 5.1
      vertex -23.5605 20.9395 5.1
    endloop
  endfacet
  facet normal 0 0 1
    outer loop
      vertex -23.8092 20.7654 5.1
      vertex -23.8879 16.2586 5.1
      vertex -23.6454 16.0759 5.1
    endloop
  endfacet
  facet normal -0 0 1
    outer loop
      vertex -24.0383 20.5662 5.1
      vertex -23.8879 16.2586 5.1
      vertex -23.8092 20.7654 5.1
    endloop
  endfacet
  facet normal 0 0 1
    outer loop
      vertex -24.0383 20.5662 5.1
      vertex -24.1099 16.4656 5.1
      vertex -23.8879 16.2586 5.1
    endloop
  endfacet
  facet normal -0 0 1
    outer loop
      vertex -24.2453 20.3442 5.1
      vertex -24.1099 16.4656 5.1
      vertex -24.0383 20.5662 5.1
    endloop
  endfacet
  facet normal 0 0 1
    outer loop
      vertex -24.2453 20.3442 5.1
      vertex -24.309 16.6947 5.1
      vertex -24.1099 16.4656 5.1
    endloop
  endfacet
  facet normal -0 0 1
    outer loop
      vertex -24.428 20.1018 5.1
      vertex -24.309 16.6947 5.1
      vertex -24.2453 20.3442 5.1
    endloop
  endfacet
  facet normal 0 0 1
    outer loop
      vertex -24.428 20.1018 5.1
      vertex -24.4831 16.9434 5.1
      vertex -24.309 16.6947 5.1
    endloop
  endfacet
  facet normal -0 0 1
    outer loop
      vertex -24.5843 19.8416 5.1
      vertex -24.4831 16.9434 5.1
      vertex -24.428 20.1018 5.1
    endloop
  endfacet
  facet normal 0 0 1
    outer loop
      vertex -24.5843 19.8416 5.1
      vertex -24.6303 17.2089 5.1
      vertex -24.4831 16.9434 5.1
    endloop
  endfacet
  facet normal -0 0 1
    outer loop
      vertex -24.7126 19.5665 5.1
      vertex -24.6303 17.2089 5.1
      vertex -24.5843 19.8416 5.1
    endloop
  endfacet
  facet normal 0 0 1
    outer loop
      vertex -24.7126 19.5665 5.1
      vertex -24.7489 17.4883 5.1
      vertex -24.6303 17.2089 5.1
    endloop
  endfacet
  facet normal -0 0 1
    outer loop
      vertex -24.8114 19.2795 5.1
      vertex -24.7489 17.4883 5.1
      vertex -24.7126 19.5665 5.1
    endloop
  endfacet
  facet normal 0 0 1
    outer loop
      vertex -24.8114 19.2795 5.1
      vertex -24.8376 17.7786 5.1
      vertex -24.7489 17.4883 5.1
    endloop
  endfacet
  facet normal -0 0 1
    outer loop
      vertex -24.8797 18.9837 5.1
      vertex -24.8376 17.7786 5.1
      vertex -24.8114 19.2795 5.1
    endloop
  endfacet
  facet normal 0 0 1
    outer loop
      vertex -24.8797 18.9837 5.1
      vertex -24.8956 18.0765 5.1
      vertex -24.8376 17.7786 5.1
    endloop
  endfacet
  facet normal -0 0 1
    outer loop
      vertex -24.9167 18.6824 5.1
      vertex -24.8956 18.0765 5.1
      vertex -24.8797 18.9837 5.1
    endloop
  endfacet
  facet normal 0 0 1
    outer loop
      vertex -24.8956 18.0765 5.1
      vertex -24.9167 18.6824 5.1
      vertex -24.922 18.3789 5.1
    endloop
  endfacet
  facet normal 0.981628 0.190805 0
    outer loop
      vertex -24.8376 17.7786 9
      vertex -24.8956 18.0765 5.1
      vertex -24.8956 18.0765 9
    endloop
  endfacet
  facet normal 0.981628 0.190805 0
    outer loop
      vertex -24.8956 18.0765 5.1
      vertex -24.8376 17.7786 9
      vertex -24.8376 17.7786 5.1
    endloop
  endfacet
  facet normal 0.945519 -0.325568 0
    outer loop
      vertex -24.8114 19.2795 9
      vertex -24.7126 19.5665 5.1
      vertex -24.7126 19.5665 9
    endloop
  endfacet
  facet normal 0.945519 -0.325568 0
    outer loop
      vertex -24.7126 19.5665 5.1
      vertex -24.8114 19.2795 9
      vertex -24.8114 19.2795 5.1
    endloop
  endfacet
  facet normal 0.85717 -0.515033 0
    outer loop
      vertex -24.5843 19.8416 9
      vertex -24.428 20.1018 5.1
      vertex -24.428 20.1018 9
    endloop
  endfacet
  facet normal 0.85717 -0.515033 0
    outer loop
      vertex -24.428 20.1018 5.1
      vertex -24.5843 19.8416 9
      vertex -24.5843 19.8416 5.1
    endloop
  endfacet
  facet normal 0.798635 -0.601816 0
    outer loop
      vertex -24.428 20.1018 9
      vertex -24.2453 20.3442 5.1
      vertex -24.2453 20.3442 9
    endloop
  endfacet
  facet normal 0.798635 -0.601816 0
    outer loop
      vertex -24.2453 20.3442 5.1
      vertex -24.428 20.1018 9
      vertex -24.428 20.1018 5.1
    endloop
  endfacet
  facet normal 0.515041 0.857166 -0
    outer loop
      vertex -23.3852 15.9196 5.1
      vertex -23.6454 16.0759 9
      vertex -23.3852 15.9196 9
    endloop
  endfacet
  facet normal 0.515041 0.857166 0
    outer loop
      vertex -23.6454 16.0759 9
      vertex -23.3852 15.9196 5.1
      vertex -23.6454 16.0759 5.1
    endloop
  endfacet
  facet normal -0.29237 0.956305 0
    outer loop
      vertex -21.0319 15.755 5.1
      vertex -21.3222 15.6663 9
      vertex -21.0319 15.755 9
    endloop
  endfacet
  facet normal -0.29237 0.956305 0
    outer loop
      vertex -21.3222 15.6663 9
      vertex -21.0319 15.755 5.1
      vertex -21.3222 15.6663 5.1
    endloop
  endfacet
  facet normal 0.99863 -0.0523354 0
    outer loop
      vertex -24.1 0 9
      vertex -23.968 2.51914 0
      vertex -23.968 2.51914 9
    endloop
  endfacet
  facet normal 0.99863 -0.0523354 0
    outer loop
      vertex -23.968 2.51914 0
      vertex -24.1 0 9
      vertex -24.1 0 0
    endloop
  endfacet
  facet normal 0.0523354 -0.99863 0
    outer loop
      vertex -2.51914 23.968 0
      vertex 0 24.1 9
      vertex -2.51914 23.968 9
    endloop
  endfacet
  facet normal 0.0523354 -0.99863 0
    outer loop
      vertex 0 24.1 9
      vertex -2.51914 23.968 0
      vertex 0 24.1 0
    endloop
  endfacet
  facet normal -0.707107 -0.707107 0
    outer loop
      vertex 17.9098 16.126 0
      vertex 16.126 17.9098 9
      vertex 16.126 17.9098 0
    endloop
  endfacet
  facet normal -0.707107 -0.707107 0
    outer loop
      vertex 16.126 17.9098 9
      vertex 17.9098 16.126 0
      vertex 17.9098 16.126 9
    endloop
  endfacet
  facet normal 0.707107 -0.707107 0
    outer loop
      vertex -17.9098 16.126 9
      vertex -16.126 17.9098 0
      vertex -16.126 17.9098 9
    endloop
  endfacet
  facet normal 0.707107 -0.707107 0
    outer loop
      vertex -16.126 17.9098 0
      vertex -17.9098 16.126 9
      vertex -17.9098 16.126 0
    endloop
  endfacet
  facet normal 0.358368 -0.93358 0
    outer loop
      vertex -9.34783 22.1909 0
      vertex -7.44731 22.9205 9
      vertex -9.34783 22.1909 9
    endloop
  endfacet
  facet normal 0.358368 -0.93358 0
    outer loop
      vertex -7.44731 22.9205 9
      vertex -9.34783 22.1909 0
      vertex -7.44731 22.9205 0
    endloop
  endfacet
  facet normal -0.83867 0.544639 0
    outer loop
      vertex 19.4973 -14.1656 0
      vertex 20.8712 -12.05 9
      vertex 20.8712 -12.05 0
    endloop
  endfacet
  facet normal -0.83867 0.544639 0
    outer loop
      vertex 20.8712 -12.05 9
      vertex 19.4973 -14.1656 0
      vertex 19.4973 -14.1656 9
    endloop
  endfacet
  facet normal -0.93358 -0.358368 0
    outer loop
      vertex 22.9205 7.44731 0
      vertex 22.0164 9.80235 9
      vertex 22.0164 9.80235 0
    endloop
  endfacet
  facet normal -0.93358 -0.358368 0
    outer loop
      vertex 22.0164 9.80235 9
      vertex 22.9205 7.44731 0
      vertex 22.9205 7.44731 9
    endloop
  endfacet
  facet normal -0.358368 -0.93358 0
    outer loop
      vertex 7.44731 22.9205 0
      vertex 9.80235 22.0164 9
      vertex 7.44731 22.9205 9
    endloop
  endfacet
  facet normal -0.358368 -0.93358 -0
    outer loop
      vertex 9.80235 22.0164 9
      vertex 7.44731 22.9205 0
      vertex 9.80235 22.0164 0
    endloop
  endfacet
  facet normal -0.544639 -0.83867 0
    outer loop
      vertex 12.05 20.8712 0
      vertex 14.1656 19.4973 9
      vertex 12.05 20.8712 9
    endloop
  endfacet
  facet normal -0.544639 -0.83867 -0
    outer loop
      vertex 14.1656 19.4973 9
      vertex 12.05 20.8712 0
      vertex 14.1656 19.4973 0
    endloop
  endfacet
  facet normal 0.93358 -0.358368 0
    outer loop
      vertex -22.9205 7.44731 9
      vertex -22.0164 9.80235 0
      vertex -22.0164 9.80235 9
    endloop
  endfacet
  facet normal 0.93358 -0.358368 0
    outer loop
      vertex -22.0164 9.80235 0
      vertex -22.9205 7.44731 9
      vertex -22.9205 7.44731 0
    endloop
  endfacet
  facet normal 0.258819 -0.965926 0
    outer loop
      vertex -7.44731 22.9205 0
      vertex -5.01067 23.5734 9
      vertex -7.44731 22.9205 9
    endloop
  endfacet
  facet normal 0.258819 -0.965926 0
    outer loop
      vertex -5.01067 23.5734 9
      vertex -7.44731 22.9205 0
      vertex -5.01067 23.5734 0
    endloop
  endfacet
  facet normal -0.965926 0.258819 0
    outer loop
      vertex 22.9205 -7.44731 0
      vertex 23.5734 -5.01067 9
      vertex 23.5734 -5.01067 0
    endloop
  endfacet
  facet normal -0.965926 0.258819 0
    outer loop
      vertex 23.5734 -5.01067 9
      vertex 22.9205 -7.44731 0
      vertex 22.9205 -7.44731 9
    endloop
  endfacet
  facet normal 0.0523354 0.99863 -0
    outer loop
      vertex 0 -24.1 0
      vertex -2.51914 -23.968 9
      vertex 0 -24.1 9
    endloop
  endfacet
  facet normal 0.0523354 0.99863 0
    outer loop
      vertex -2.51914 -23.968 9
      vertex 0 -24.1 0
      vertex -2.51914 -23.968 0
    endloop
  endfacet
  facet normal -0.156435 0.987688 0
    outer loop
      vertex 5.01067 -23.5734 0
      vertex 2.51914 -23.968 9
      vertex 5.01067 -23.5734 9
    endloop
  endfacet
  facet normal -0.156435 0.987688 0
    outer loop
      vertex 2.51914 -23.968 9
      vertex 5.01067 -23.5734 0
      vertex 2.51914 -23.968 0
    endloop
  endfacet
  facet normal -0.358368 0.93358 0
    outer loop
      vertex 9.80235 -22.0164 0
      vertex 7.44731 -22.9205 9
      vertex 9.80235 -22.0164 9
    endloop
  endfacet
  facet normal -0.358368 0.93358 0
    outer loop
      vertex 7.44731 -22.9205 9
      vertex 9.80235 -22.0164 0
      vertex 7.44731 -22.9205 0
    endloop
  endfacet
  facet normal -0.965926 -0.258819 0
    outer loop
      vertex 23.5734 5.01067 0
      vertex 22.9205 7.44731 9
      vertex 22.9205 7.44731 0
    endloop
  endfacet
  facet normal -0.965926 -0.258819 0
    outer loop
      vertex 22.9205 7.44731 9
      vertex 23.5734 5.01067 0
      vertex 23.5734 5.01067 9
    endloop
  endfacet
  facet normal -0.987688 -0.156434 0
    outer loop
      vertex 23.8918 3 0
      vertex 23.5734 5.01067 9
      vertex 23.5734 5.01067 0
    endloop
  endfacet
  facet normal -0.987688 -0.156434 0
    outer loop
      vertex 23.5734 5.01067 9
      vertex 23.8918 3 0
      vertex 23.8918 3 9
    endloop
  endfacet
  facet normal -0.83867 -0.544639 0
    outer loop
      vertex 20.8712 12.05 0
      vertex 19.4973 14.1656 9
      vertex 19.4973 14.1656 0
    endloop
  endfacet
  facet normal -0.83867 -0.544639 0
    outer loop
      vertex 19.4973 14.1656 9
      vertex 20.8712 12.05 0
      vertex 20.8712 12.05 9
    endloop
  endfacet
  facet normal -0.777146 -0.62932 0
    outer loop
      vertex 19.4973 14.1656 0
      vertex 17.9098 16.126 9
      vertex 17.9098 16.126 0
    endloop
  endfacet
  facet normal -0.777146 -0.62932 0
    outer loop
      vertex 17.9098 16.126 9
      vertex 19.4973 14.1656 0
      vertex 19.4973 14.1656 9
    endloop
  endfacet
  facet normal -0.891007 -0.453991 0
    outer loop
      vertex 22.0164 9.80235 0
      vertex 20.8712 12.05 9
      vertex 20.8712 12.05 0
    endloop
  endfacet
  facet normal -0.891007 -0.453991 0
    outer loop
      vertex 20.8712 12.05 9
      vertex 22.0164 9.80235 0
      vertex 22.0164 9.80235 9
    endloop
  endfacet
  facet normal -0.156435 -0.987688 0
    outer loop
      vertex 2.51914 23.968 0
      vertex 5.01067 23.5734 9
      vertex 2.51914 23.968 9
    endloop
  endfacet
  facet normal -0.156435 -0.987688 -0
    outer loop
      vertex 5.01067 23.5734 9
      vertex 2.51914 23.968 0
      vertex 5.01067 23.5734 0
    endloop
  endfacet
  facet normal -0.258819 -0.965926 0
    outer loop
      vertex 5.01067 23.5734 0
      vertex 7.44731 22.9205 9
      vertex 5.01067 23.5734 9
    endloop
  endfacet
  facet normal -0.258819 -0.965926 -0
    outer loop
      vertex 7.44731 22.9205 9
      vertex 5.01067 23.5734 0
      vertex 7.44731 22.9205 0
    endloop
  endfacet
  facet normal -0.0523354 -0.99863 0
    outer loop
      vertex 0 24.1 0
      vertex 2.51914 23.968 9
      vertex 0 24.1 9
    endloop
  endfacet
  facet normal -0.0523354 -0.99863 -0
    outer loop
      vertex 2.51914 23.968 9
      vertex 0 24.1 0
      vertex 2.51914 23.968 0
    endloop
  endfacet
  facet normal -0.453991 -0.891007 0
    outer loop
      vertex 9.80235 22.0164 0
      vertex 12.05 20.8712 9
      vertex 9.80235 22.0164 9
    endloop
  endfacet
  facet normal -0.453991 -0.891007 -0
    outer loop
      vertex 12.05 20.8712 9
      vertex 9.80235 22.0164 0
      vertex 12.05 20.8712 0
    endloop
  endfacet
  facet normal -0.62932 -0.777146 0
    outer loop
      vertex 14.1656 19.4973 0
      vertex 16.126 17.9098 9
      vertex 14.1656 19.4973 9
    endloop
  endfacet
  facet normal -0.62932 -0.777146 -0
    outer loop
      vertex 16.126 17.9098 9
      vertex 14.1656 19.4973 0
      vertex 16.126 17.9098 0
    endloop
  endfacet
  facet normal 0.83867 -0.544639 0
    outer loop
      vertex -20.8712 12.05 9
      vertex -19.4973 14.1656 0
      vertex -19.4973 14.1656 9
    endloop
  endfacet
  facet normal 0.83867 -0.544639 0
    outer loop
      vertex -19.4973 14.1656 0
      vertex -20.8712 12.05 9
      vertex -20.8712 12.05 0
    endloop
  endfacet
  facet normal 0.777146 -0.62932 0
    outer loop
      vertex -19.4973 14.1656 9
      vertex -17.9098 16.126 0
      vertex -17.9098 16.126 9
    endloop
  endfacet
  facet normal 0.777146 -0.62932 0
    outer loop
      vertex -17.9098 16.126 0
      vertex -19.4973 14.1656 9
      vertex -19.4973 14.1656 0
    endloop
  endfacet
  facet normal 0.891007 -0.453991 0
    outer loop
      vertex -22.0164 9.80235 9
      vertex -20.8712 12.05 0
      vertex -20.8712 12.05 9
    endloop
  endfacet
  facet normal 0.891007 -0.453991 0
    outer loop
      vertex -20.8712 12.05 0
      vertex -22.0164 9.80235 9
      vertex -22.0164 9.80235 0
    endloop
  endfacet
  facet normal 0.965926 -0.258819 0
    outer loop
      vertex -23.5734 5.01067 9
      vertex -22.9205 7.44731 0
      vertex -22.9205 7.44731 9
    endloop
  endfacet
  facet normal 0.965926 -0.258819 0
    outer loop
      vertex -22.9205 7.44731 0
      vertex -23.5734 5.01067 9
      vertex -23.5734 5.01067 0
    endloop
  endfacet
  facet normal 0.987688 -0.156435 0
    outer loop
      vertex -23.968 2.51914 9
      vertex -23.5734 5.01067 0
      vertex -23.5734 5.01067 9
    endloop
  endfacet
  facet normal 0.987688 -0.156435 0
    outer loop
      vertex -23.5734 5.01067 0
      vertex -23.968 2.51914 9
      vertex -23.968 2.51914 0
    endloop
  endfacet
  facet normal 0.62932 -0.777146 0
    outer loop
      vertex -16.126 17.9098 0
      vertex -14.544 19.1909 9
      vertex -16.126 17.9098 9
    endloop
  endfacet
  facet normal 0.62932 -0.777146 0
    outer loop
      vertex -14.544 19.1909 9
      vertex -16.126 17.9098 0
      vertex -14.544 19.1909 0
    endloop
  endfacet
  facet normal 0.156435 -0.987688 0
    outer loop
      vertex -5.01067 23.5734 0
      vertex -2.51914 23.968 9
      vertex -5.01067 23.5734 9
    endloop
  endfacet
  facet normal 0.156435 -0.987688 0
    outer loop
      vertex -2.51914 23.968 9
      vertex -5.01067 23.5734 0
      vertex -2.51914 23.968 0
    endloop
  endfacet
  facet normal -0.453991 0.891007 0
    outer loop
      vertex 12.05 -20.8712 0
      vertex 9.80235 -22.0164 9
      vertex 12.05 -20.8712 9
    endloop
  endfacet
  facet normal -0.453991 0.891007 0
    outer loop
      vertex 9.80235 -22.0164 9
      vertex 12.05 -20.8712 0
      vertex 9.80235 -22.0164 0
    endloop
  endfacet
  facet normal -0.707107 0.707107 0
    outer loop
      vertex 16.126 -17.9098 0
      vertex 17.9098 -16.126 9
      vertex 17.9098 -16.126 0
    endloop
  endfacet
  facet normal -0.707107 0.707107 0
    outer loop
      vertex 17.9098 -16.126 9
      vertex 16.126 -17.9098 0
      vertex 16.126 -17.9098 9
    endloop
  endfacet
  facet normal 0.777146 0.62932 0
    outer loop
      vertex -17.9098 -16.126 9
      vertex -19.4973 -14.1656 0
      vertex -19.4973 -14.1656 9
    endloop
  endfacet
  facet normal 0.777146 0.62932 0
    outer loop
      vertex -19.4973 -14.1656 0
      vertex -17.9098 -16.126 9
      vertex -17.9098 -16.126 0
    endloop
  endfacet
  facet normal 0.99863 0.0523354 0
    outer loop
      vertex -23.968 -2.51914 9
      vertex -24.1 0 0
      vertex -24.1 0 9
    endloop
  endfacet
  facet normal 0.99863 0.0523354 0
    outer loop
      vertex -24.1 0 0
      vertex -23.968 -2.51914 9
      vertex -23.968 -2.51914 0
    endloop
  endfacet
  facet normal -0.987688 0.156434 0
    outer loop
      vertex 23.5734 -5.01067 0
      vertex 23.8918 -3 9
      vertex 23.8918 -3 0
    endloop
  endfacet
  facet normal -0.987688 0.156434 0
    outer loop
      vertex 23.8918 -3 9
      vertex 23.5734 -5.01067 0
      vertex 23.5734 -5.01067 9
    endloop
  endfacet
  facet normal -0.544639 0.83867 0
    outer loop
      vertex 14.1656 -19.4973 0
      vertex 12.05 -20.8712 9
      vertex 14.1656 -19.4973 9
    endloop
  endfacet
  facet normal -0.544639 0.83867 0
    outer loop
      vertex 12.05 -20.8712 9
      vertex 14.1656 -19.4973 0
      vertex 12.05 -20.8712 0
    endloop
  endfacet
  facet normal -0.891007 0.453991 0
    outer loop
      vertex 20.8712 -12.05 0
      vertex 22.0164 -9.80235 9
      vertex 22.0164 -9.80235 0
    endloop
  endfacet
  facet normal -0.891007 0.453991 0
    outer loop
      vertex 22.0164 -9.80235 9
      vertex 20.8712 -12.05 0
      vertex 20.8712 -12.05 9
    endloop
  endfacet
  facet normal -0.777146 0.62932 0
    outer loop
      vertex 17.9098 -16.126 0
      vertex 19.4973 -14.1656 9
      vertex 19.4973 -14.1656 0
    endloop
  endfacet
  facet normal -0.777146 0.62932 0
    outer loop
      vertex 19.4973 -14.1656 9
      vertex 17.9098 -16.126 0
      vertex 17.9098 -16.126 9
    endloop
  endfacet
  facet normal 0.83867 0.544639 0
    outer loop
      vertex -19.4973 -14.1656 9
      vertex -20.8712 -12.05 0
      vertex -20.8712 -12.05 9
    endloop
  endfacet
  facet normal 0.83867 0.544639 0
    outer loop
      vertex -20.8712 -12.05 0
      vertex -19.4973 -14.1656 9
      vertex -19.4973 -14.1656 0
    endloop
  endfacet
  facet normal 0.965926 0.258819 0
    outer loop
      vertex -22.9205 -7.44731 9
      vertex -23.5734 -5.01067 0
      vertex -23.5734 -5.01067 9
    endloop
  endfacet
  facet normal 0.965926 0.258819 0
    outer loop
      vertex -23.5734 -5.01067 0
      vertex -22.9205 -7.44731 9
      vertex -22.9205 -7.44731 0
    endloop
  endfacet
  facet normal 0.987688 0.156435 0
    outer loop
      vertex -23.5734 -5.01067 9
      vertex -23.968 -2.51914 0
      vertex -23.968 -2.51914 9
    endloop
  endfacet
  facet normal 0.987688 0.156435 0
    outer loop
      vertex -23.968 -2.51914 0
      vertex -23.5734 -5.01067 9
      vertex -23.5734 -5.01067 0
    endloop
  endfacet
  facet normal -0.258819 0.965926 0
    outer loop
      vertex 7.44731 -22.9205 0
      vertex 5.01067 -23.5734 9
      vertex 7.44731 -22.9205 9
    endloop
  endfacet
  facet normal -0.258819 0.965926 0
    outer loop
      vertex 5.01067 -23.5734 9
      vertex 7.44731 -22.9205 0
      vertex 5.01067 -23.5734 0
    endloop
  endfacet
  facet normal -0.93358 0.358368 0
    outer loop
      vertex 22.0164 -9.80235 0
      vertex 22.9205 -7.44731 9
      vertex 22.9205 -7.44731 0
    endloop
  endfacet
  facet normal -0.93358 0.358368 0
    outer loop
      vertex 22.9205 -7.44731 9
      vertex 22.0164 -9.80235 0
      vertex 22.0164 -9.80235 9
    endloop
  endfacet
  facet normal -0.0523354 0.99863 0
    outer loop
      vertex 2.51914 -23.968 0
      vertex 0 -24.1 9
      vertex 2.51914 -23.968 9
    endloop
  endfacet
  facet normal -0.0523354 0.99863 0
    outer loop
      vertex 0 -24.1 9
      vertex 2.51914 -23.968 0
      vertex 0 -24.1 0
    endloop
  endfacet
  facet normal 0.156435 0.987688 -0
    outer loop
      vertex -2.51914 -23.968 0
      vertex -5.01067 -23.5734 9
      vertex -2.51914 -23.968 9
    endloop
  endfacet
  facet normal 0.156435 0.987688 0
    outer loop
      vertex -5.01067 -23.5734 9
      vertex -2.51914 -23.968 0
      vertex -5.01067 -23.5734 0
    endloop
  endfacet
  facet normal 0.707107 0.707107 0
    outer loop
      vertex -16.126 -17.9098 9
      vertex -17.9098 -16.126 0
      vertex -17.9098 -16.126 9
    endloop
  endfacet
  facet normal 0.707107 0.707107 0
    outer loop
      vertex -17.9098 -16.126 0
      vertex -16.126 -17.9098 9
      vertex -16.126 -17.9098 0
    endloop
  endfacet
  facet normal 0.891007 0.453991 0
    outer loop
      vertex -20.8712 -12.05 9
      vertex -22.0164 -9.80235 0
      vertex -22.0164 -9.80235 9
    endloop
  endfacet
  facet normal 0.891007 0.453991 0
    outer loop
      vertex -22.0164 -9.80235 0
      vertex -20.8712 -12.05 9
      vertex -20.8712 -12.05 0
    endloop
  endfacet
  facet normal 0.93358 0.358368 0
    outer loop
      vertex -22.0164 -9.80235 9
      vertex -22.9205 -7.44731 0
      vertex -22.9205 -7.44731 9
    endloop
  endfacet
  facet normal 0.93358 0.358368 0
    outer loop
      vertex -22.9205 -7.44731 0
      vertex -22.0164 -9.80235 9
      vertex -22.0164 -9.80235 0
    endloop
  endfacet
  facet normal -0.62932 0.777146 0
    outer loop
      vertex 16.126 -17.9098 0
      vertex 14.1656 -19.4973 9
      vertex 16.126 -17.9098 9
    endloop
  endfacet
  facet normal -0.62932 0.777146 0
    outer loop
      vertex 14.1656 -19.4973 9
      vertex 16.126 -17.9098 0
      vertex 14.1656 -19.4973 0
    endloop
  endfacet
  facet normal 0.258819 0.965926 -0
    outer loop
      vertex -5.01067 -23.5734 0
      vertex -7.44731 -22.9205 9
      vertex -5.01067 -23.5734 9
    endloop
  endfacet
  facet normal 0.258819 0.965926 0
    outer loop
      vertex -7.44731 -22.9205 9
      vertex -5.01067 -23.5734 0
      vertex -7.44731 -22.9205 0
    endloop
  endfacet
  facet normal 0.62932 0.777146 -0
    outer loop
      vertex -14.544 -19.1909 0
      vertex -16.126 -17.9098 9
      vertex -14.544 -19.1909 9
    endloop
  endfacet
  facet normal 0.62932 0.777146 0
    outer loop
      vertex -16.126 -17.9098 9
      vertex -14.544 -19.1909 0
      vertex -16.126 -17.9098 0
    endloop
  endfacet
  facet normal 0.358368 0.93358 -0
    outer loop
      vertex -7.44731 -22.9205 0
      vertex -9.34783 -22.1909 9
      vertex -7.44731 -22.9205 9
    endloop
  endfacet
  facet normal 0.358368 0.93358 0
    outer loop
      vertex -9.34783 -22.1909 9
      vertex -7.44731 -22.9205 0
      vertex -9.34783 -22.1909 0
    endloop
  endfacet
endsolid OpenSCAD_Model
