solid ASCII
  facet normal 1.189525e-17 1.000000e+00 0.000000e+00
    outer loop
      vertex   4.027585e+01 -3.000000e-01 1.250000e+00
      vertex   1.102758e+02 -3.000000e-01 1.250000e+00
      vertex   4.027585e+01 -3.000000e-01 0.000000e+00
    endloop
  endfacet
  facet normal 1.189525e-17 1.000000e+00 0.000000e+00
    outer loop
      vertex   4.027585e+01 -3.000000e-01 0.000000e+00
      vertex   1.102758e+02 -3.000000e-01 1.250000e+00
      vertex   1.102758e+02 -3.000000e-01 0.000000e+00
    endloop
  endfacet
  facet normal -1.000000e+00 0.000000e+00 0.000000e+00
    outer loop
      vertex   4.027585e+01 -3.000000e-01 0.000000e+00
      vertex   4.027585e+01 -3.500000e-01 0.000000e+00
      vertex   4.027585e+01 -3.000000e-01 1.250000e+00
    endloop
  endfacet
  facet normal -1.000000e+00 -0.000000e+00 0.000000e+00
    outer loop
      vertex   4.027585e+01 -3.000000e-01 1.250000e+00
      vertex   4.027585e+01 -3.500000e-01 0.000000e+00
      vertex   4.027585e+01 -3.500000e-01 1.250000e+00
    endloop
  endfacet
  facet normal 0.000000e+00 0.000000e+00 -1.000000e+00
    outer loop
      vertex   4.341350e+01 -1.051106e+01 1.000000e+00
      vertex   1.641350e+01 -1.351106e+01 1.000000e+00
      vertex   1.941350e+01 -1.051106e+01 1.000000e+00
    endloop
  endfacet
  facet normal 0.000000e+00 0.000000e+00 -1.000000e+00
    outer loop
      vertex   1.941350e+01 -1.051106e+01 1.000000e+00
      vertex   1.641350e+01 -1.351106e+01 1.000000e+00
      vertex   1.651572e+01 -1.273460e+01 1.000000e+00
    endloop
  endfacet
  facet normal 0.000000e+00 0.000000e+00 -1.000000e+00
    outer loop
      vertex   1.941350e+01 -1.051106e+01 1.000000e+00
      vertex   1.651572e+01 -1.273460e+01 1.000000e+00
      vertex   1.681542e+01 -1.201106e+01 1.000000e+00
    endloop
  endfacet
  facet normal -0.000000e+00 -0.000000e+00 -1.000000e+00
    outer loop
      vertex   4.418996e+01 -1.061328e+01 1.000000e+00
      vertex   4.491350e+01 -1.091299e+01 1.000000e+00
      vertex   4.341350e+01 -1.051106e+01 1.000000e+00
    endloop
  endfacet
  facet normal 0.000000e+00 0.000000e+00 -1.000000e+00
    outer loop
      vertex   4.341350e+01 -1.051106e+01 1.000000e+00
      vertex   4.491350e+01 -1.091299e+01 1.000000e+00
      vertex   4.553482e+01 -1.138974e+01 1.000000e+00
    endloop
  endfacet
  facet normal 0.000000e+00 0.000000e+00 -1.000000e+00
    outer loop
      vertex   4.341350e+01 -1.051106e+01 1.000000e+00
      vertex   4.553482e+01 -1.138974e+01 1.000000e+00
      vertex   4.601158e+01 -1.201106e+01 1.000000e+00
    endloop
  endfacet
  facet normal -0.000000e+00 -0.000000e+00 -1.000000e+00
    outer loop
      vertex   4.601158e+01 -1.201106e+01 1.000000e+00
      vertex   4.631128e+01 -1.273460e+01 1.000000e+00
      vertex   4.341350e+01 -1.051106e+01 1.000000e+00
    endloop
  endfacet
  facet normal 0.000000e+00 0.000000e+00 -1.000000e+00
    outer loop
      vertex   4.341350e+01 -1.051106e+01 1.000000e+00
      vertex   4.631128e+01 -1.273460e+01 1.000000e+00
      vertex   4.641350e+01 -1.351106e+01 1.000000e+00
    endloop
  endfacet
  facet normal 0.000000e+00 -0.000000e+00 -1.000000e+00
    outer loop
      vertex   4.341350e+01 -1.051106e+01 1.000000e+00
      vertex   4.641350e+01 -1.351106e+01 1.000000e+00
      vertex   1.641350e+01 -1.351106e+01 1.000000e+00
    endloop
  endfacet
  facet normal 0.000000e+00 0.000000e+00 -1.000000e+00
    outer loop
      vertex   1.641350e+01 -1.351106e+01 1.000000e+00
      vertex   4.641350e+01 -1.351106e+01 1.000000e+00
      vertex   1.641350e+01 -2.751106e+01 1.000000e+00
    endloop
  endfacet
  facet normal 0.000000e+00 0.000000e+00 -1.000000e+00
    outer loop
      vertex   1.641350e+01 -2.751106e+01 1.000000e+00
      vertex   4.641350e+01 -1.351106e+01 1.000000e+00
      vertex   4.641350e+01 -2.751106e+01 1.000000e+00
    endloop
  endfacet
  facet normal 0.000000e+00 0.000000e+00 -1.000000e+00
    outer loop
      vertex   1.641350e+01 -2.751106e+01 1.000000e+00
      vertex   4.641350e+01 -2.751106e+01 1.000000e+00
      vertex   1.941350e+01 -3.051106e+01 1.000000e+00
    endloop
  endfacet
  facet normal 0.000000e+00 0.000000e+00 -1.000000e+00
    outer loop
      vertex   1.941350e+01 -3.051106e+01 1.000000e+00
      vertex   4.641350e+01 -2.751106e+01 1.000000e+00
      vertex   4.341350e+01 -3.051106e+01 1.000000e+00
    endloop
  endfacet
  facet normal 0.000000e+00 0.000000e+00 -1.000000e+00
    outer loop
      vertex   4.341350e+01 -3.051106e+01 1.000000e+00
      vertex   4.641350e+01 -2.751106e+01 1.000000e+00
      vertex   4.631128e+01 -2.828752e+01 1.000000e+00
    endloop
  endfacet
  facet normal 0.000000e+00 0.000000e+00 -1.000000e+00
    outer loop
      vertex   4.341350e+01 -3.051106e+01 1.000000e+00
      vertex   4.631128e+01 -2.828752e+01 1.000000e+00
      vertex   4.601158e+01 -2.901106e+01 1.000000e+00
    endloop
  endfacet
  facet normal 0.000000e+00 0.000000e+00 -1.000000e+00
    outer loop
      vertex   4.601158e+01 -2.901106e+01 1.000000e+00
      vertex   4.553482e+01 -2.963238e+01 1.000000e+00
      vertex   4.341350e+01 -3.051106e+01 1.000000e+00
    endloop
  endfacet
  facet normal 0.000000e+00 0.000000e+00 -1.000000e+00
    outer loop
      vertex   4.341350e+01 -3.051106e+01 1.000000e+00
      vertex   4.553482e+01 -2.963238e+01 1.000000e+00
      vertex   4.491350e+01 -3.010914e+01 1.000000e+00
    endloop
  endfacet
  facet normal 0.000000e+00 0.000000e+00 -1.000000e+00
    outer loop
      vertex   4.341350e+01 -3.051106e+01 1.000000e+00
      vertex   4.491350e+01 -3.010914e+01 1.000000e+00
      vertex   4.418996e+01 -3.040884e+01 1.000000e+00
    endloop
  endfacet
  facet normal 0.000000e+00 0.000000e+00 -1.000000e+00
    outer loop
      vertex   1.863704e+01 -3.040884e+01 1.000000e+00
      vertex   1.791350e+01 -3.010914e+01 1.000000e+00
      vertex   1.941350e+01 -3.051106e+01 1.000000e+00
    endloop
  endfacet
  facet normal 0.000000e+00 0.000000e+00 -1.000000e+00
    outer loop
      vertex   1.941350e+01 -3.051106e+01 1.000000e+00
      vertex   1.791350e+01 -3.010914e+01 1.000000e+00
      vertex   1.729218e+01 -2.963238e+01 1.000000e+00
    endloop
  endfacet
  facet normal 0.000000e+00 0.000000e+00 -1.000000e+00
    outer loop
      vertex   1.941350e+01 -3.051106e+01 1.000000e+00
      vertex   1.729218e+01 -2.963238e+01 1.000000e+00
      vertex   1.681542e+01 -2.901106e+01 1.000000e+00
    endloop
  endfacet
  facet normal 0.000000e+00 0.000000e+00 -1.000000e+00
    outer loop
      vertex   1.681542e+01 -2.901106e+01 1.000000e+00
      vertex   1.651572e+01 -2.828752e+01 1.000000e+00
      vertex   1.941350e+01 -3.051106e+01 1.000000e+00
    endloop
  endfacet
  facet normal 0.000000e+00 0.000000e+00 -1.000000e+00
    outer loop
      vertex   1.941350e+01 -3.051106e+01 1.000000e+00
      vertex   1.651572e+01 -2.828752e+01 1.000000e+00
      vertex   1.641350e+01 -2.751106e+01 1.000000e+00
    endloop
  endfacet
  facet normal 0.000000e+00 0.000000e+00 -1.000000e+00
    outer loop
      vertex   1.681542e+01 -1.201106e+01 1.000000e+00
      vertex   1.729218e+01 -1.138974e+01 1.000000e+00
      vertex   1.941350e+01 -1.051106e+01 1.000000e+00
    endloop
  endfacet
  facet normal 0.000000e+00 0.000000e+00 -1.000000e+00
    outer loop
      vertex   1.941350e+01 -1.051106e+01 1.000000e+00
      vertex   1.729218e+01 -1.138974e+01 1.000000e+00
      vertex   1.791350e+01 -1.091299e+01 1.000000e+00
    endloop
  endfacet
  facet normal 0.000000e+00 0.000000e+00 -1.000000e+00
    outer loop
      vertex   1.941350e+01 -1.051106e+01 1.000000e+00
      vertex   1.791350e+01 -1.091299e+01 1.000000e+00
      vertex   1.863704e+01 -1.061328e+01 1.000000e+00
    endloop
  endfacet
  facet normal 0.000000e+00 0.000000e+00 -1.000000e+00
    outer loop
      vertex   4.027585e+01 -3.500000e-01 0.000000e+00
      vertex   4.027585e+01 -3.000000e-01 0.000000e+00
      vertex   4.553482e+01 -1.138974e+01 0.000000e+00
    endloop
  endfacet
  facet normal 0.000000e+00 0.000000e+00 -1.000000e+00
    outer loop
      vertex   4.553482e+01 -1.138974e+01 0.000000e+00
      vertex   4.027585e+01 -3.000000e-01 0.000000e+00
      vertex   1.102758e+02 -3.000000e-01 0.000000e+00
    endloop
  endfacet
  facet normal 0.000000e+00 0.000000e+00 -1.000000e+00
    outer loop
      vertex   4.553482e+01 -1.138974e+01 0.000000e+00
      vertex   1.102758e+02 -3.000000e-01 0.000000e+00
      vertex   4.601158e+01 -1.201106e+01 0.000000e+00
    endloop
  endfacet
  facet normal 0.000000e+00 0.000000e+00 -1.000000e+00
    outer loop
      vertex   4.601158e+01 -1.201106e+01 0.000000e+00
      vertex   1.102758e+02 -3.000000e-01 0.000000e+00
      vertex   1.102758e+02 -3.500000e-01 0.000000e+00
    endloop
  endfacet
  facet normal 0.000000e+00 0.000000e+00 -1.000000e+00
    outer loop
      vertex   4.601158e+01 -1.201106e+01 0.000000e+00
      vertex   1.102758e+02 -3.500000e-01 0.000000e+00
      vertex   4.631128e+01 -1.273460e+01 0.000000e+00
    endloop
  endfacet
  facet normal 0.000000e+00 0.000000e+00 -1.000000e+00
    outer loop
      vertex   4.631128e+01 -1.273460e+01 0.000000e+00
      vertex   1.102758e+02 -3.500000e-01 0.000000e+00
      vertex   4.641350e+01 -1.351106e+01 0.000000e+00
    endloop
  endfacet
  facet normal 0.000000e+00 0.000000e+00 -1.000000e+00
    outer loop
      vertex   4.641350e+01 -1.351106e+01 0.000000e+00
      vertex   1.102758e+02 -3.500000e-01 0.000000e+00
      vertex   4.641350e+01 -2.751106e+01 0.000000e+00
    endloop
  endfacet
  facet normal 0.000000e+00 -0.000000e+00 -1.000000e+00
    outer loop
      vertex   4.641350e+01 -2.751106e+01 0.000000e+00
      vertex   1.102758e+02 -3.500000e-01 0.000000e+00
      vertex   4.631128e+01 -2.828752e+01 0.000000e+00
    endloop
  endfacet
  facet normal 0.000000e+00 -0.000000e+00 -1.000000e+00
    outer loop
      vertex   4.631128e+01 -2.828752e+01 0.000000e+00
      vertex   1.102758e+02 -3.500000e-01 0.000000e+00
      vertex   4.601158e+01 -2.901106e+01 0.000000e+00
    endloop
  endfacet
  facet normal 0.000000e+00 -0.000000e+00 -1.000000e+00
    outer loop
      vertex   4.601158e+01 -2.901106e+01 0.000000e+00
      vertex   1.102758e+02 -3.500000e-01 0.000000e+00
      vertex   4.553482e+01 -2.963238e+01 0.000000e+00
    endloop
  endfacet
  facet normal 0.000000e+00 0.000000e+00 -1.000000e+00
    outer loop
      vertex   4.553482e+01 -2.963238e+01 0.000000e+00
      vertex   1.102758e+02 -3.500000e-01 0.000000e+00
      vertex   1.829600e+02 -3.500000e+01 0.000000e+00
    endloop
  endfacet
  facet normal 0.000000e+00 -0.000000e+00 -1.000000e+00
    outer loop
      vertex   4.553482e+01 -2.963238e+01 0.000000e+00
      vertex   1.829600e+02 -3.500000e+01 0.000000e+00
      vertex   4.491350e+01 -3.010914e+01 0.000000e+00
    endloop
  endfacet
  facet normal 0.000000e+00 -0.000000e+00 -1.000000e+00
    outer loop
      vertex   4.491350e+01 -3.010914e+01 0.000000e+00
      vertex   1.829600e+02 -3.500000e+01 0.000000e+00
      vertex   4.418996e+01 -3.040884e+01 0.000000e+00
    endloop
  endfacet
  facet normal 0.000000e+00 -0.000000e+00 -1.000000e+00
    outer loop
      vertex   4.418996e+01 -3.040884e+01 0.000000e+00
      vertex   1.829600e+02 -3.500000e+01 0.000000e+00
      vertex   4.341350e+01 -3.051106e+01 0.000000e+00
    endloop
  endfacet
  facet normal 0.000000e+00 -0.000000e+00 -1.000000e+00
    outer loop
      vertex   4.341350e+01 -3.051106e+01 0.000000e+00
      vertex   1.829600e+02 -3.500000e+01 0.000000e+00
      vertex   1.000000e+01 -3.500000e+01 0.000000e+00
    endloop
  endfacet
  facet normal -0.000000e+00 0.000000e+00 -1.000000e+00
    outer loop
      vertex   4.341350e+01 -3.051106e+01 0.000000e+00
      vertex   1.000000e+01 -3.500000e+01 0.000000e+00
      vertex   1.941350e+01 -3.051106e+01 0.000000e+00
    endloop
  endfacet
  facet normal -0.000000e+00 0.000000e+00 -1.000000e+00
    outer loop
      vertex   1.941350e+01 -3.051106e+01 0.000000e+00
      vertex   1.000000e+01 -3.500000e+01 0.000000e+00
      vertex   1.863704e+01 -3.040884e+01 0.000000e+00
    endloop
  endfacet
  facet normal -0.000000e+00 0.000000e+00 -1.000000e+00
    outer loop
      vertex   1.863704e+01 -3.040884e+01 0.000000e+00
      vertex   1.000000e+01 -3.500000e+01 0.000000e+00
      vertex   1.791350e+01 -3.010914e+01 0.000000e+00
    endloop
  endfacet
  facet normal -0.000000e+00 0.000000e+00 -1.000000e+00
    outer loop
      vertex   1.791350e+01 -3.010914e+01 0.000000e+00
      vertex   1.000000e+01 -3.500000e+01 0.000000e+00
      vertex   1.729218e+01 -2.963238e+01 0.000000e+00
    endloop
  endfacet
  facet normal -0.000000e+00 0.000000e+00 -1.000000e+00
    outer loop
      vertex   1.729218e+01 -2.963238e+01 0.000000e+00
      vertex   1.000000e+01 -3.500000e+01 0.000000e+00
      vertex   1.681542e+01 -2.901106e+01 0.000000e+00
    endloop
  endfacet
  facet normal -0.000000e+00 0.000000e+00 -1.000000e+00
    outer loop
      vertex   1.681542e+01 -2.901106e+01 0.000000e+00
      vertex   1.000000e+01 -3.500000e+01 0.000000e+00
      vertex   1.651572e+01 -2.828752e+01 0.000000e+00
    endloop
  endfacet
  facet normal 0.000000e+00 0.000000e+00 -1.000000e+00
    outer loop
      vertex   1.651572e+01 -2.828752e+01 0.000000e+00
      vertex   1.000000e+01 -3.500000e+01 0.000000e+00
      vertex   7.865277e+00 -3.484732e+01 0.000000e+00
    endloop
  endfacet
  facet normal 0.000000e+00 0.000000e+00 -1.000000e+00
    outer loop
      vertex   1.651572e+01 -2.828752e+01 0.000000e+00
      vertex   7.865277e+00 -3.484732e+01 0.000000e+00
      vertex   5.774012e+00 -3.439239e+01 0.000000e+00
    endloop
  endfacet
  facet normal 0.000000e+00 0.000000e+00 -1.000000e+00
    outer loop
      vertex   1.102758e+02 -3.500000e-01 0.000000e+00
      vertex   1.854600e+02 -3.500000e-01 0.000000e+00
      vertex   1.829600e+02 -3.500000e+01 0.000000e+00
    endloop
  endfacet
  facet normal 0.000000e+00 0.000000e+00 -1.000000e+00
    outer loop
      vertex   1.829600e+02 -3.500000e+01 0.000000e+00
      vertex   1.854600e+02 -3.500000e-01 0.000000e+00
      vertex   1.979600e+02 -2.000000e+01 0.000000e+00
    endloop
  endfacet
  facet normal 0.000000e+00 0.000000e+00 -1.000000e+00
    outer loop
      vertex   1.829600e+02 -3.500000e+01 0.000000e+00
      vertex   1.979600e+02 -2.000000e+01 0.000000e+00
      vertex   1.978073e+02 -2.213472e+01 0.000000e+00
    endloop
  endfacet
  facet normal 0.000000e+00 0.000000e+00 -1.000000e+00
    outer loop
      vertex   1.854600e+02 -3.500000e-01 0.000000e+00
      vertex   1.869329e+02 -2.049289e-01 0.000000e+00
      vertex   1.979600e+02 -2.000000e+01 0.000000e+00
    endloop
  endfacet
  facet normal 0.000000e+00 0.000000e+00 -1.000000e+00
    outer loop
      vertex   1.979600e+02 -2.000000e+01 0.000000e+00
      vertex   1.869329e+02 -2.049289e-01 0.000000e+00
      vertex   1.883493e+02 2.247095e-01 0.000000e+00
    endloop
  endfacet
  facet normal 0.000000e+00 0.000000e+00 -1.000000e+00
    outer loop
      vertex   1.979600e+02 -2.000000e+01 0.000000e+00
      vertex   1.883493e+02 2.247095e-01 0.000000e+00
      vertex   1.896546e+02 9.224044e-01 0.000000e+00
    endloop
  endfacet
  facet normal 0.000000e+00 0.000000e+00 -1.000000e+00
    outer loop
      vertex   1.896546e+02 9.224044e-01 0.000000e+00
      vertex   1.907987e+02 1.861344e+00 0.000000e+00
      vertex   1.979600e+02 -2.000000e+01 0.000000e+00
    endloop
  endfacet
  facet normal 0.000000e+00 0.000000e+00 -1.000000e+00
    outer loop
      vertex   1.979600e+02 -2.000000e+01 0.000000e+00
      vertex   1.907987e+02 1.861344e+00 0.000000e+00
      vertex   1.917376e+02 3.005445e+00 0.000000e+00
    endloop
  endfacet
  facet normal 0.000000e+00 0.000000e+00 -1.000000e+00
    outer loop
      vertex   1.979600e+02 -2.000000e+01 0.000000e+00
      vertex   1.917376e+02 3.005445e+00 0.000000e+00
      vertex   1.924353e+02 4.310740e+00 0.000000e+00
    endloop
  endfacet
  facet normal 0.000000e+00 0.000000e+00 -1.000000e+00
    outer loop
      vertex   1.924353e+02 4.310740e+00 0.000000e+00
      vertex   1.928649e+02 5.727068e+00 0.000000e+00
      vertex   1.979600e+02 -2.000000e+01 0.000000e+00
    endloop
  endfacet
  facet normal 0.000000e+00 0.000000e+00 -1.000000e+00
    outer loop
      vertex   1.979600e+02 -2.000000e+01 0.000000e+00
      vertex   1.928649e+02 5.727068e+00 0.000000e+00
      vertex   1.930100e+02 7.200000e+00 0.000000e+00
    endloop
  endfacet
  facet normal 0.000000e+00 0.000000e+00 -1.000000e+00
    outer loop
      vertex   1.979600e+02 -2.000000e+01 0.000000e+00
      vertex   1.930100e+02 7.200000e+00 0.000000e+00
      vertex   1.979600e+02 1.057600e+02 0.000000e+00
    endloop
  endfacet
  facet normal 0.000000e+00 0.000000e+00 -1.000000e+00
    outer loop
      vertex   1.979600e+02 1.057600e+02 0.000000e+00
      vertex   1.930100e+02 7.200000e+00 0.000000e+00
      vertex   1.930100e+02 1.036500e+02 0.000000e+00
    endloop
  endfacet
  facet normal 0.000000e+00 0.000000e+00 -1.000000e+00
    outer loop
      vertex   1.979600e+02 1.057600e+02 0.000000e+00
      vertex   1.930100e+02 1.036500e+02 0.000000e+00
      vertex   1.928649e+02 1.051229e+02 0.000000e+00
    endloop
  endfacet
  facet normal 0.000000e+00 0.000000e+00 -1.000000e+00
    outer loop
      vertex   1.928649e+02 1.051229e+02 0.000000e+00
      vertex   1.924353e+02 1.065393e+02 0.000000e+00
      vertex   1.979600e+02 1.057600e+02 0.000000e+00
    endloop
  endfacet
  facet normal 0.000000e+00 0.000000e+00 -1.000000e+00
    outer loop
      vertex   1.979600e+02 1.057600e+02 0.000000e+00
      vertex   1.924353e+02 1.065393e+02 0.000000e+00
      vertex   1.978073e+02 1.078947e+02 0.000000e+00
    endloop
  endfacet
  facet normal 0.000000e+00 0.000000e+00 -1.000000e+00
    outer loop
      vertex   1.978073e+02 1.078947e+02 0.000000e+00
      vertex   1.924353e+02 1.065393e+02 0.000000e+00
      vertex   1.917376e+02 1.078446e+02 0.000000e+00
    endloop
  endfacet
  facet normal -0.000000e+00 0.000000e+00 -1.000000e+00
    outer loop
      vertex   1.978073e+02 1.078947e+02 0.000000e+00
      vertex   1.917376e+02 1.078446e+02 0.000000e+00
      vertex   1.973524e+02 1.099860e+02 0.000000e+00
    endloop
  endfacet
  facet normal 0.000000e+00 0.000000e+00 -1.000000e+00
    outer loop
      vertex   1.973524e+02 1.099860e+02 0.000000e+00
      vertex   1.917376e+02 1.078446e+02 0.000000e+00
      vertex   1.907987e+02 1.089887e+02 0.000000e+00
    endloop
  endfacet
  facet normal -0.000000e+00 0.000000e+00 -1.000000e+00
    outer loop
      vertex   1.973524e+02 1.099860e+02 0.000000e+00
      vertex   1.907987e+02 1.089887e+02 0.000000e+00
      vertex   1.966045e+02 1.119912e+02 0.000000e+00
    endloop
  endfacet
  facet normal 0.000000e+00 0.000000e+00 -1.000000e+00
    outer loop
      vertex   1.966045e+02 1.119912e+02 0.000000e+00
      vertex   1.907987e+02 1.089887e+02 0.000000e+00
      vertex   1.896546e+02 1.099276e+02 0.000000e+00
    endloop
  endfacet
  facet normal -0.000000e+00 0.000000e+00 -1.000000e+00
    outer loop
      vertex   1.966045e+02 1.119912e+02 0.000000e+00
      vertex   1.896546e+02 1.099276e+02 0.000000e+00
      vertex   1.955788e+02 1.138696e+02 0.000000e+00
    endloop
  endfacet
  facet normal 0.000000e+00 0.000000e+00 -1.000000e+00
    outer loop
      vertex   1.955788e+02 1.138696e+02 0.000000e+00
      vertex   1.896546e+02 1.099276e+02 0.000000e+00
      vertex   1.883493e+02 1.106253e+02 0.000000e+00
    endloop
  endfacet
  facet normal -0.000000e+00 0.000000e+00 -1.000000e+00
    outer loop
      vertex   1.955788e+02 1.138696e+02 0.000000e+00
      vertex   1.883493e+02 1.106253e+02 0.000000e+00
      vertex   1.942962e+02 1.155829e+02 0.000000e+00
    endloop
  endfacet
  facet normal -0.000000e+00 0.000000e+00 -1.000000e+00
    outer loop
      vertex   1.942962e+02 1.155829e+02 0.000000e+00
      vertex   1.883493e+02 1.106253e+02 0.000000e+00
      vertex   1.927829e+02 1.170962e+02 0.000000e+00
    endloop
  endfacet
  facet normal 0.000000e+00 0.000000e+00 -1.000000e+00
    outer loop
      vertex   1.927829e+02 1.170962e+02 0.000000e+00
      vertex   1.883493e+02 1.106253e+02 0.000000e+00
      vertex   1.869329e+02 1.110549e+02 0.000000e+00
    endloop
  endfacet
  facet normal -0.000000e+00 0.000000e+00 -1.000000e+00
    outer loop
      vertex   1.927829e+02 1.170962e+02 0.000000e+00
      vertex   1.869329e+02 1.110549e+02 0.000000e+00
      vertex   1.910696e+02 1.183788e+02 0.000000e+00
    endloop
  endfacet
  facet normal -0.000000e+00 0.000000e+00 -1.000000e+00
    outer loop
      vertex   1.910696e+02 1.183788e+02 0.000000e+00
      vertex   1.869329e+02 1.110549e+02 0.000000e+00
      vertex   1.891912e+02 1.194045e+02 0.000000e+00
    endloop
  endfacet
  facet normal 0.000000e+00 0.000000e+00 -1.000000e+00
    outer loop
      vertex   1.891912e+02 1.194045e+02 0.000000e+00
      vertex   1.869329e+02 1.110549e+02 0.000000e+00
      vertex   1.854600e+02 1.112000e+02 0.000000e+00
    endloop
  endfacet
  facet normal -0.000000e+00 0.000000e+00 -1.000000e+00
    outer loop
      vertex   1.891912e+02 1.194045e+02 0.000000e+00
      vertex   1.854600e+02 1.112000e+02 0.000000e+00
      vertex   1.871860e+02 1.201524e+02 0.000000e+00
    endloop
  endfacet
  facet normal -0.000000e+00 0.000000e+00 -1.000000e+00
    outer loop
      vertex   1.871860e+02 1.201524e+02 0.000000e+00
      vertex   1.854600e+02 1.112000e+02 0.000000e+00
      vertex   1.850947e+02 1.206073e+02 0.000000e+00
    endloop
  endfacet
  facet normal -0.000000e+00 -0.000000e+00 -1.000000e+00
    outer loop
      vertex   1.850947e+02 1.206073e+02 0.000000e+00
      vertex   1.854600e+02 1.112000e+02 0.000000e+00
      vertex   1.829600e+02 1.207600e+02 0.000000e+00
    endloop
  endfacet
  facet normal 0.000000e+00 -0.000000e+00 -1.000000e+00
    outer loop
      vertex   1.829600e+02 1.207600e+02 0.000000e+00
      vertex   1.854600e+02 1.112000e+02 0.000000e+00
      vertex   7.500000e+00 1.112000e+02 0.000000e+00
    endloop
  endfacet
  facet normal -0.000000e+00 0.000000e+00 -1.000000e+00
    outer loop
      vertex   1.829600e+02 1.207600e+02 0.000000e+00
      vertex   7.500000e+00 1.112000e+02 0.000000e+00
      vertex   1.000000e+01 1.207600e+02 0.000000e+00
    endloop
  endfacet
  facet normal 0.000000e+00 0.000000e+00 -1.000000e+00
    outer loop
      vertex   1.000000e+01 1.207600e+02 0.000000e+00
      vertex   7.500000e+00 1.112000e+02 0.000000e+00
      vertex   7.865277e+00 1.206073e+02 0.000000e+00
    endloop
  endfacet
  facet normal 0.000000e+00 0.000000e+00 -1.000000e+00
    outer loop
      vertex   7.865277e+00 1.206073e+02 0.000000e+00
      vertex   7.500000e+00 1.112000e+02 0.000000e+00
      vertex   5.774012e+00 1.201524e+02 0.000000e+00
    endloop
  endfacet
  facet normal 0.000000e+00 -0.000000e+00 -1.000000e+00
    outer loop
      vertex   5.774012e+00 1.201524e+02 0.000000e+00
      vertex   7.500000e+00 1.112000e+02 0.000000e+00
      vertex   3.768775e+00 1.194045e+02 0.000000e+00
    endloop
  endfacet
  facet normal 0.000000e+00 0.000000e+00 -1.000000e+00
    outer loop
      vertex   3.768775e+00 1.194045e+02 0.000000e+00
      vertex   7.500000e+00 1.112000e+02 0.000000e+00
      vertex   6.027068e+00 1.110549e+02 0.000000e+00
    endloop
  endfacet
  facet normal 0.000000e+00 -0.000000e+00 -1.000000e+00
    outer loop
      vertex   3.768775e+00 1.194045e+02 0.000000e+00
      vertex   6.027068e+00 1.110549e+02 0.000000e+00
      vertex   1.890388e+00 1.183788e+02 0.000000e+00
    endloop
  endfacet
  facet normal 0.000000e+00 -0.000000e+00 -1.000000e+00
    outer loop
      vertex   1.890388e+00 1.183788e+02 0.000000e+00
      vertex   6.027068e+00 1.110549e+02 0.000000e+00
      vertex   1.770890e-01 1.170962e+02 0.000000e+00
    endloop
  endfacet
  facet normal 0.000000e+00 0.000000e+00 -1.000000e+00
    outer loop
      vertex   1.770890e-01 1.170962e+02 0.000000e+00
      vertex   6.027068e+00 1.110549e+02 0.000000e+00
      vertex   4.610740e+00 1.106253e+02 0.000000e+00
    endloop
  endfacet
  facet normal 0.000000e+00 -0.000000e+00 -1.000000e+00
    outer loop
      vertex   1.770890e-01 1.170962e+02 0.000000e+00
      vertex   4.610740e+00 1.106253e+02 0.000000e+00
      vertex   -1.336244e+00 1.155829e+02 0.000000e+00
    endloop
  endfacet
  facet normal 0.000000e+00 -0.000000e+00 -1.000000e+00
    outer loop
      vertex   -1.336244e+00 1.155829e+02 0.000000e+00
      vertex   4.610740e+00 1.106253e+02 0.000000e+00
      vertex   -2.618803e+00 1.138696e+02 0.000000e+00
    endloop
  endfacet
  facet normal 0.000000e+00 0.000000e+00 -1.000000e+00
    outer loop
      vertex   -2.618803e+00 1.138696e+02 0.000000e+00
      vertex   4.610740e+00 1.106253e+02 0.000000e+00
      vertex   3.305445e+00 1.099276e+02 0.000000e+00
    endloop
  endfacet
  facet normal 0.000000e+00 -0.000000e+00 -1.000000e+00
    outer loop
      vertex   -2.618803e+00 1.138696e+02 0.000000e+00
      vertex   3.305445e+00 1.099276e+02 0.000000e+00
      vertex   -3.644480e+00 1.119912e+02 0.000000e+00
    endloop
  endfacet
  facet normal 0.000000e+00 0.000000e+00 -1.000000e+00
    outer loop
      vertex   -3.644480e+00 1.119912e+02 0.000000e+00
      vertex   3.305445e+00 1.099276e+02 0.000000e+00
      vertex   2.161344e+00 1.089887e+02 0.000000e+00
    endloop
  endfacet
  facet normal 0.000000e+00 -0.000000e+00 -1.000000e+00
    outer loop
      vertex   -3.644480e+00 1.119912e+02 0.000000e+00
      vertex   2.161344e+00 1.089887e+02 0.000000e+00
      vertex   -4.392395e+00 1.099860e+02 0.000000e+00
    endloop
  endfacet
  facet normal 0.000000e+00 0.000000e+00 -1.000000e+00
    outer loop
      vertex   -4.392395e+00 1.099860e+02 0.000000e+00
      vertex   2.161344e+00 1.089887e+02 0.000000e+00
      vertex   1.222404e+00 1.078446e+02 0.000000e+00
    endloop
  endfacet
  facet normal 0.000000e+00 -0.000000e+00 -1.000000e+00
    outer loop
      vertex   -4.392395e+00 1.099860e+02 0.000000e+00
      vertex   1.222404e+00 1.078446e+02 0.000000e+00
      vertex   -4.847322e+00 1.078947e+02 0.000000e+00
    endloop
  endfacet
  facet normal 0.000000e+00 0.000000e+00 -1.000000e+00
    outer loop
      vertex   -4.847322e+00 1.078947e+02 0.000000e+00
      vertex   1.222404e+00 1.078446e+02 0.000000e+00
      vertex   5.247095e-01 1.065393e+02 0.000000e+00
    endloop
  endfacet
  facet normal 0.000000e+00 -0.000000e+00 -1.000000e+00
    outer loop
      vertex   -4.847322e+00 1.078947e+02 0.000000e+00
      vertex   5.247095e-01 1.065393e+02 0.000000e+00
      vertex   -5.000000e+00 1.057600e+02 0.000000e+00
    endloop
  endfacet
  facet normal 0.000000e+00 0.000000e+00 -1.000000e+00
    outer loop
      vertex   -5.000000e+00 1.057600e+02 0.000000e+00
      vertex   5.247095e-01 1.065393e+02 0.000000e+00
      vertex   9.507113e-02 1.051229e+02 0.000000e+00
    endloop
  endfacet
  facet normal 0.000000e+00 0.000000e+00 -1.000000e+00
    outer loop
      vertex   -5.000000e+00 1.057600e+02 0.000000e+00
      vertex   9.507113e-02 1.051229e+02 0.000000e+00
      vertex   -5.000000e-02 1.036500e+02 0.000000e+00
    endloop
  endfacet
  facet normal -0.000000e+00 0.000000e+00 -1.000000e+00
    outer loop
      vertex   -5.000000e-02 1.036500e+02 0.000000e+00
      vertex   -5.000000e-02 7.200000e+00 0.000000e+00
      vertex   -5.000000e+00 1.057600e+02 0.000000e+00
    endloop
  endfacet
  facet normal 0.000000e+00 -0.000000e+00 -1.000000e+00
    outer loop
      vertex   -5.000000e+00 1.057600e+02 0.000000e+00
      vertex   -5.000000e-02 7.200000e+00 0.000000e+00
      vertex   -5.000000e+00 -2.000000e+01 0.000000e+00
    endloop
  endfacet
  facet normal 0.000000e+00 0.000000e+00 -1.000000e+00
    outer loop
      vertex   -5.000000e+00 -2.000000e+01 0.000000e+00
      vertex   -5.000000e-02 7.200000e+00 0.000000e+00
      vertex   9.507113e-02 5.727068e+00 0.000000e+00
    endloop
  endfacet
  facet normal 0.000000e+00 0.000000e+00 -1.000000e+00
    outer loop
      vertex   -5.000000e+00 -2.000000e+01 0.000000e+00
      vertex   9.507113e-02 5.727068e+00 0.000000e+00
      vertex   5.247095e-01 4.310740e+00 0.000000e+00
    endloop
  endfacet
  facet normal 0.000000e+00 -0.000000e+00 -1.000000e+00
    outer loop
      vertex   5.247095e-01 4.310740e+00 0.000000e+00
      vertex   1.222404e+00 3.005445e+00 0.000000e+00
      vertex   -5.000000e+00 -2.000000e+01 0.000000e+00
    endloop
  endfacet
  facet normal 0.000000e+00 0.000000e+00 -1.000000e+00
    outer loop
      vertex   -5.000000e+00 -2.000000e+01 0.000000e+00
      vertex   1.222404e+00 3.005445e+00 0.000000e+00
      vertex   2.161344e+00 1.861344e+00 0.000000e+00
    endloop
  endfacet
  facet normal 0.000000e+00 0.000000e+00 -1.000000e+00
    outer loop
      vertex   -5.000000e+00 -2.000000e+01 0.000000e+00
      vertex   2.161344e+00 1.861344e+00 0.000000e+00
      vertex   3.305445e+00 9.224044e-01 0.000000e+00
    endloop
  endfacet
  facet normal 0.000000e+00 -0.000000e+00 -1.000000e+00
    outer loop
      vertex   3.305445e+00 9.224044e-01 0.000000e+00
      vertex   4.610740e+00 2.247095e-01 0.000000e+00
      vertex   -5.000000e+00 -2.000000e+01 0.000000e+00
    endloop
  endfacet
  facet normal 0.000000e+00 0.000000e+00 -1.000000e+00
    outer loop
      vertex   -5.000000e+00 -2.000000e+01 0.000000e+00
      vertex   4.610740e+00 2.247095e-01 0.000000e+00
      vertex   6.027068e+00 -2.049289e-01 0.000000e+00
    endloop
  endfacet
  facet normal 0.000000e+00 0.000000e+00 -1.000000e+00
    outer loop
      vertex   -5.000000e+00 -2.000000e+01 0.000000e+00
      vertex   6.027068e+00 -2.049289e-01 0.000000e+00
      vertex   1.651572e+01 -1.273460e+01 0.000000e+00
    endloop
  endfacet
  facet normal 0.000000e+00 0.000000e+00 -1.000000e+00
    outer loop
      vertex   1.651572e+01 -1.273460e+01 0.000000e+00
      vertex   6.027068e+00 -2.049289e-01 0.000000e+00
      vertex   1.681542e+01 -1.201106e+01 0.000000e+00
    endloop
  endfacet
  facet normal 0.000000e+00 0.000000e+00 -1.000000e+00
    outer loop
      vertex   1.681542e+01 -1.201106e+01 0.000000e+00
      vertex   6.027068e+00 -2.049289e-01 0.000000e+00
      vertex   7.500000e+00 -3.500000e-01 0.000000e+00
    endloop
  endfacet
  facet normal 0.000000e+00 0.000000e+00 -1.000000e+00
    outer loop
      vertex   1.681542e+01 -1.201106e+01 0.000000e+00
      vertex   7.500000e+00 -3.500000e-01 0.000000e+00
      vertex   1.729218e+01 -1.138974e+01 0.000000e+00
    endloop
  endfacet
  facet normal 0.000000e+00 0.000000e+00 -1.000000e+00
    outer loop
      vertex   1.729218e+01 -1.138974e+01 0.000000e+00
      vertex   7.500000e+00 -3.500000e-01 0.000000e+00
      vertex   1.791350e+01 -1.091299e+01 0.000000e+00
    endloop
  endfacet
  facet normal 0.000000e+00 0.000000e+00 -1.000000e+00
    outer loop
      vertex   1.791350e+01 -1.091299e+01 0.000000e+00
      vertex   7.500000e+00 -3.500000e-01 0.000000e+00
      vertex   1.863704e+01 -1.061328e+01 0.000000e+00
    endloop
  endfacet
  facet normal 0.000000e+00 0.000000e+00 -1.000000e+00
    outer loop
      vertex   1.863704e+01 -1.061328e+01 0.000000e+00
      vertex   7.500000e+00 -3.500000e-01 0.000000e+00
      vertex   1.941350e+01 -1.051106e+01 0.000000e+00
    endloop
  endfacet
  facet normal 0.000000e+00 0.000000e+00 -1.000000e+00
    outer loop
      vertex   1.941350e+01 -1.051106e+01 0.000000e+00
      vertex   7.500000e+00 -3.500000e-01 0.000000e+00
      vertex   4.027585e+01 -3.500000e-01 0.000000e+00
    endloop
  endfacet
  facet normal 0.000000e+00 0.000000e+00 -1.000000e+00
    outer loop
      vertex   1.941350e+01 -1.051106e+01 0.000000e+00
      vertex   4.027585e+01 -3.500000e-01 0.000000e+00
      vertex   4.341350e+01 -1.051106e+01 0.000000e+00
    endloop
  endfacet
  facet normal 0.000000e+00 0.000000e+00 -1.000000e+00
    outer loop
      vertex   4.341350e+01 -1.051106e+01 0.000000e+00
      vertex   4.027585e+01 -3.500000e-01 0.000000e+00
      vertex   4.418996e+01 -1.061328e+01 0.000000e+00
    endloop
  endfacet
  facet normal 0.000000e+00 0.000000e+00 -1.000000e+00
    outer loop
      vertex   4.418996e+01 -1.061328e+01 0.000000e+00
      vertex   4.027585e+01 -3.500000e-01 0.000000e+00
      vertex   4.491350e+01 -1.091299e+01 0.000000e+00
    endloop
  endfacet
  facet normal 0.000000e+00 0.000000e+00 -1.000000e+00
    outer loop
      vertex   4.491350e+01 -1.091299e+01 0.000000e+00
      vertex   4.027585e+01 -3.500000e-01 0.000000e+00
      vertex   4.553482e+01 -1.138974e+01 0.000000e+00
    endloop
  endfacet
  facet normal 0.000000e+00 0.000000e+00 -1.000000e+00
    outer loop
      vertex   1.651572e+01 -1.273460e+01 0.000000e+00
      vertex   1.641350e+01 -1.351106e+01 0.000000e+00
      vertex   -5.000000e+00 -2.000000e+01 0.000000e+00
    endloop
  endfacet
  facet normal 0.000000e+00 0.000000e+00 -1.000000e+00
    outer loop
      vertex   -5.000000e+00 -2.000000e+01 0.000000e+00
      vertex   1.641350e+01 -1.351106e+01 0.000000e+00
      vertex   1.641350e+01 -2.751106e+01 0.000000e+00
    endloop
  endfacet
  facet normal 0.000000e+00 0.000000e+00 -1.000000e+00
    outer loop
      vertex   -5.000000e+00 -2.000000e+01 0.000000e+00
      vertex   1.641350e+01 -2.751106e+01 0.000000e+00
      vertex   -4.847322e+00 -2.213472e+01 0.000000e+00
    endloop
  endfacet
  facet normal 0.000000e+00 0.000000e+00 -1.000000e+00
    outer loop
      vertex   -4.847322e+00 -2.213472e+01 0.000000e+00
      vertex   1.641350e+01 -2.751106e+01 0.000000e+00
      vertex   -4.392395e+00 -2.422599e+01 0.000000e+00
    endloop
  endfacet
  facet normal 0.000000e+00 0.000000e+00 -1.000000e+00
    outer loop
      vertex   -4.392395e+00 -2.422599e+01 0.000000e+00
      vertex   1.641350e+01 -2.751106e+01 0.000000e+00
      vertex   -3.644480e+00 -2.623123e+01 0.000000e+00
    endloop
  endfacet
  facet normal 0.000000e+00 0.000000e+00 -1.000000e+00
    outer loop
      vertex   -3.644480e+00 -2.623123e+01 0.000000e+00
      vertex   1.641350e+01 -2.751106e+01 0.000000e+00
      vertex   -2.618803e+00 -2.810961e+01 0.000000e+00
    endloop
  endfacet
  facet normal 0.000000e+00 0.000000e+00 -1.000000e+00
    outer loop
      vertex   -2.618803e+00 -2.810961e+01 0.000000e+00
      vertex   1.641350e+01 -2.751106e+01 0.000000e+00
      vertex   -1.336244e+00 -2.982291e+01 0.000000e+00
    endloop
  endfacet
  facet normal 0.000000e+00 0.000000e+00 -1.000000e+00
    outer loop
      vertex   -1.336244e+00 -2.982291e+01 0.000000e+00
      vertex   1.641350e+01 -2.751106e+01 0.000000e+00
      vertex   1.770890e-01 -3.133624e+01 0.000000e+00
    endloop
  endfacet
  facet normal 0.000000e+00 0.000000e+00 -1.000000e+00
    outer loop
      vertex   1.770890e-01 -3.133624e+01 0.000000e+00
      vertex   1.641350e+01 -2.751106e+01 0.000000e+00
      vertex   1.890388e+00 -3.261880e+01 0.000000e+00
    endloop
  endfacet
  facet normal 0.000000e+00 0.000000e+00 -1.000000e+00
    outer loop
      vertex   1.890388e+00 -3.261880e+01 0.000000e+00
      vertex   1.641350e+01 -2.751106e+01 0.000000e+00
      vertex   3.768775e+00 -3.364448e+01 0.000000e+00
    endloop
  endfacet
  facet normal 0.000000e+00 0.000000e+00 -1.000000e+00
    outer loop
      vertex   3.768775e+00 -3.364448e+01 0.000000e+00
      vertex   1.641350e+01 -2.751106e+01 0.000000e+00
      vertex   5.774012e+00 -3.439239e+01 0.000000e+00
    endloop
  endfacet
  facet normal 0.000000e+00 0.000000e+00 -1.000000e+00
    outer loop
      vertex   5.774012e+00 -3.439239e+01 0.000000e+00
      vertex   1.641350e+01 -2.751106e+01 0.000000e+00
      vertex   1.651572e+01 -2.828752e+01 0.000000e+00
    endloop
  endfacet
  facet normal 0.000000e+00 0.000000e+00 -1.000000e+00
    outer loop
      vertex   1.978073e+02 -2.213472e+01 0.000000e+00
      vertex   1.973524e+02 -2.422599e+01 0.000000e+00
      vertex   1.829600e+02 -3.500000e+01 0.000000e+00
    endloop
  endfacet
  facet normal 0.000000e+00 0.000000e+00 -1.000000e+00
    outer loop
      vertex   1.829600e+02 -3.500000e+01 0.000000e+00
      vertex   1.973524e+02 -2.422599e+01 0.000000e+00
      vertex   1.966045e+02 -2.623123e+01 0.000000e+00
    endloop
  endfacet
  facet normal 0.000000e+00 0.000000e+00 -1.000000e+00
    outer loop
      vertex   1.829600e+02 -3.500000e+01 0.000000e+00
      vertex   1.966045e+02 -2.623123e+01 0.000000e+00
      vertex   1.955788e+02 -2.810961e+01 0.000000e+00
    endloop
  endfacet
  facet normal 0.000000e+00 0.000000e+00 -1.000000e+00
    outer loop
      vertex   1.955788e+02 -2.810961e+01 0.000000e+00
      vertex   1.942962e+02 -2.982291e+01 0.000000e+00
      vertex   1.829600e+02 -3.500000e+01 0.000000e+00
    endloop
  endfacet
  facet normal 0.000000e+00 0.000000e+00 -1.000000e+00
    outer loop
      vertex   1.829600e+02 -3.500000e+01 0.000000e+00
      vertex   1.942962e+02 -2.982291e+01 0.000000e+00
      vertex   1.927829e+02 -3.133624e+01 0.000000e+00
    endloop
  endfacet
  facet normal 0.000000e+00 0.000000e+00 -1.000000e+00
    outer loop
      vertex   1.829600e+02 -3.500000e+01 0.000000e+00
      vertex   1.927829e+02 -3.133624e+01 0.000000e+00
      vertex   1.910696e+02 -3.261880e+01 0.000000e+00
    endloop
  endfacet
  facet normal 0.000000e+00 0.000000e+00 -1.000000e+00
    outer loop
      vertex   1.910696e+02 -3.261880e+01 0.000000e+00
      vertex   1.891912e+02 -3.364448e+01 0.000000e+00
      vertex   1.829600e+02 -3.500000e+01 0.000000e+00
    endloop
  endfacet
  facet normal 0.000000e+00 0.000000e+00 -1.000000e+00
    outer loop
      vertex   1.829600e+02 -3.500000e+01 0.000000e+00
      vertex   1.891912e+02 -3.364448e+01 0.000000e+00
      vertex   1.871860e+02 -3.439239e+01 0.000000e+00
    endloop
  endfacet
  facet normal 0.000000e+00 0.000000e+00 -1.000000e+00
    outer loop
      vertex   1.829600e+02 -3.500000e+01 0.000000e+00
      vertex   1.871860e+02 -3.439239e+01 0.000000e+00
      vertex   1.850947e+02 -3.484732e+01 0.000000e+00
    endloop
  endfacet
  facet normal -6.339080e-16 -2.676439e-01 9.635179e-01
    outer loop
      vertex   4.027585e+01 -1.911058e+01 2.600000e+00
      vertex   4.177585e+01 -1.911058e+01 2.600000e+00
      vertex   4.027585e+01 -1.110577e+00 7.600000e+00
    endloop
  endfacet
  facet normal 3.169540e-16 -2.676439e-01 9.635179e-01
    outer loop
      vertex   4.027585e+01 -1.110577e+00 7.600000e+00
      vertex   4.177585e+01 -1.911058e+01 2.600000e+00
      vertex   4.177585e+01 -1.110577e+00 7.600000e+00
    endloop
  endfacet
  facet normal 0.000000e+00 0.000000e+00 1.000000e+00
    outer loop
      vertex   4.027585e+01 -1.110577e+00 7.600000e+00
      vertex   4.177585e+01 -1.110577e+00 7.600000e+00
      vertex   4.027585e+01 3.894230e-01 7.600000e+00
    endloop
  endfacet
  facet normal 0.000000e+00 0.000000e+00 1.000000e+00
    outer loop
      vertex   4.027585e+01 3.894230e-01 7.600000e+00
      vertex   4.177585e+01 -1.110577e+00 7.600000e+00
      vertex   4.487531e+01 3.894230e-01 7.600000e+00
    endloop
  endfacet
  facet normal -0.000000e+00 0.000000e+00 1.000000e+00
    outer loop
      vertex   4.487531e+01 3.894230e-01 7.600000e+00
      vertex   4.177585e+01 -1.110577e+00 7.600000e+00
      vertex   5.987531e+01 3.894230e-01 7.600000e+00
    endloop
  endfacet
  facet normal 0.000000e+00 0.000000e+00 1.000000e+00
    outer loop
      vertex   4.487531e+01 3.894230e-01 7.600000e+00
      vertex   5.987531e+01 3.894230e-01 7.600000e+00
      vertex   4.487531e+01 4.894230e-01 7.600000e+00
    endloop
  endfacet
  facet normal -0.000000e+00 0.000000e+00 1.000000e+00
    outer loop
      vertex   4.487531e+01 4.894230e-01 7.600000e+00
      vertex   5.987531e+01 3.894230e-01 7.600000e+00
      vertex   5.987531e+01 4.894230e-01 7.600000e+00
    endloop
  endfacet
  facet normal 0.000000e+00 0.000000e+00 1.000000e+00
    outer loop
      vertex   4.177585e+01 -1.110577e+00 7.600000e+00
      vertex   1.087758e+02 -1.110577e+00 7.600000e+00
      vertex   5.987531e+01 3.894230e-01 7.600000e+00
    endloop
  endfacet
  facet normal 0.000000e+00 0.000000e+00 1.000000e+00
    outer loop
      vertex   5.987531e+01 3.894230e-01 7.600000e+00
      vertex   1.087758e+02 -1.110577e+00 7.600000e+00
      vertex   9.527585e+01 3.894230e-01 7.600000e+00
    endloop
  endfacet
  facet normal 0.000000e+00 0.000000e+00 1.000000e+00
    outer loop
      vertex   9.527585e+01 3.894230e-01 7.600000e+00
      vertex   1.087758e+02 -1.110577e+00 7.600000e+00
      vertex   1.102758e+02 -1.110577e+00 7.600000e+00
    endloop
  endfacet
  facet normal -0.000000e+00 0.000000e+00 1.000000e+00
    outer loop
      vertex   9.527585e+01 3.894230e-01 7.600000e+00
      vertex   1.102758e+02 -1.110577e+00 7.600000e+00
      vertex   1.102758e+02 4.894230e-01 7.600000e+00
    endloop
  endfacet
  facet normal 0.000000e+00 0.000000e+00 1.000000e+00
    outer loop
      vertex   1.102758e+02 4.894230e-01 7.600000e+00
      vertex   9.527585e+01 4.894230e-01 7.600000e+00
      vertex   9.527585e+01 3.894230e-01 7.600000e+00
    endloop
  endfacet
  facet normal 1.000000e+00 0.000000e+00 0.000000e+00
    outer loop
      vertex   4.177585e+01 -1.110577e+00 7.600000e+00
      vertex   4.177585e+01 -1.911058e+01 2.600000e+00
      vertex   4.177585e+01 -1.110577e+00 2.500000e+00
    endloop
  endfacet
  facet normal 1.000000e+00 0.000000e+00 0.000000e+00
    outer loop
      vertex   4.177585e+01 -1.110577e+00 2.500000e+00
      vertex   4.177585e+01 -1.911058e+01 2.600000e+00
      vertex   4.177585e+01 -1.911058e+01 2.500000e+00
    endloop
  endfacet
  facet normal -3.169540e-16 -2.676439e-01 9.635179e-01
    outer loop
      vertex   1.102758e+02 -1.110577e+00 7.600000e+00
      vertex   1.087758e+02 -1.110577e+00 7.600000e+00
      vertex   1.102758e+02 -1.911058e+01 2.600000e+00
    endloop
  endfacet
  facet normal -6.339080e-16 -2.676439e-01 9.635179e-01
    outer loop
      vertex   1.102758e+02 -1.911058e+01 2.600000e+00
      vertex   1.087758e+02 -1.110577e+00 7.600000e+00
      vertex   1.087758e+02 -1.911058e+01 2.600000e+00
    endloop
  endfacet
  facet normal -2.368476e-15 -1.000000e+00 -0.000000e+00
    outer loop
      vertex   1.102758e+02 -1.911058e+01 2.600000e+00
      vertex   1.087758e+02 -1.911058e+01 2.600000e+00
      vertex   1.102758e+02 -1.911058e+01 2.500000e+00
    endloop
  endfacet
  facet normal -2.368476e-15 -1.000000e+00 0.000000e+00
    outer loop
      vertex   1.102758e+02 -1.911058e+01 2.500000e+00
      vertex   1.087758e+02 -1.911058e+01 2.600000e+00
      vertex   1.087758e+02 -1.911058e+01 2.500000e+00
    endloop
  endfacet
  facet normal -1.000000e+00 0.000000e+00 -0.000000e+00
    outer loop
      vertex   1.087758e+02 -1.110577e+00 7.600000e+00
      vertex   1.087758e+02 -1.110577e+00 2.500000e+00
      vertex   1.087758e+02 -1.911058e+01 2.600000e+00
    endloop
  endfacet
  facet normal -1.000000e+00 0.000000e+00 0.000000e+00
    outer loop
      vertex   1.087758e+02 -1.911058e+01 2.600000e+00
      vertex   1.087758e+02 -1.110577e+00 2.500000e+00
      vertex   1.087758e+02 -1.911058e+01 2.500000e+00
    endloop
  endfacet
  facet normal 3.700743e-17 -1.000000e+00 -3.965082e-16
    outer loop
      vertex   5.987531e+01 4.894230e-01 7.600000e+00
      vertex   5.987531e+01 4.894230e-01 9.000000e+00
      vertex   4.487531e+01 4.894230e-01 7.600000e+00
    endloop
  endfacet
  facet normal 0.000000e+00 -1.000000e+00 0.000000e+00
    outer loop
      vertex   4.487531e+01 4.894230e-01 7.600000e+00
      vertex   5.987531e+01 4.894230e-01 9.000000e+00
      vertex   4.487531e+01 4.894230e-01 9.000000e+00
    endloop
  endfacet
  facet normal 0.000000e+00 -1.000000e+00 0.000000e+00
    outer loop
      vertex   1.102758e+02 4.894230e-01 7.600000e+00
      vertex   1.102758e+02 4.894230e-01 9.000000e+00
      vertex   9.527585e+01 4.894230e-01 7.600000e+00
    endloop
  endfacet
  facet normal 0.000000e+00 -1.000000e+00 0.000000e+00
    outer loop
      vertex   9.527585e+01 4.894230e-01 7.600000e+00
      vertex   1.102758e+02 4.894230e-01 9.000000e+00
      vertex   9.527585e+01 4.894230e-01 9.000000e+00
    endloop
  endfacet
  facet normal -1.000000e+00 0.000000e+00 0.000000e+00
    outer loop
      vertex   4.487531e+01 3.894230e-01 7.600000e+00
      vertex   4.487531e+01 4.894230e-01 7.600000e+00
      vertex   4.487531e+01 3.894230e-01 2.500000e+00
    endloop
  endfacet
  facet normal -1.000000e+00 0.000000e+00 0.000000e+00
    outer loop
      vertex   4.487531e+01 3.894230e-01 2.500000e+00
      vertex   4.487531e+01 4.894230e-01 7.600000e+00
      vertex   4.487531e+01 1.389423e+00 2.500000e+00
    endloop
  endfacet
  facet normal -1.000000e+00 0.000000e+00 0.000000e+00
    outer loop
      vertex   4.487531e+01 1.389423e+00 2.500000e+00
      vertex   4.487531e+01 4.894230e-01 7.600000e+00
      vertex   4.487531e+01 1.389423e+00 9.000000e+00
    endloop
  endfacet
  facet normal -1.000000e+00 -0.000000e+00 0.000000e+00
    outer loop
      vertex   4.487531e+01 1.389423e+00 9.000000e+00
      vertex   4.487531e+01 4.894230e-01 7.600000e+00
      vertex   4.487531e+01 4.894230e-01 9.000000e+00
    endloop
  endfacet
  facet normal -1.000000e+00 0.000000e+00 0.000000e+00
    outer loop
      vertex   9.527585e+01 3.894230e-01 7.600000e+00
      vertex   9.527585e+01 4.894230e-01 7.600000e+00
      vertex   9.527585e+01 3.894230e-01 2.500000e+00
    endloop
  endfacet
  facet normal -1.000000e+00 0.000000e+00 0.000000e+00
    outer loop
      vertex   9.527585e+01 3.894230e-01 2.500000e+00
      vertex   9.527585e+01 4.894230e-01 7.600000e+00
      vertex   9.527585e+01 1.389423e+00 2.500000e+00
    endloop
  endfacet
  facet normal -1.000000e+00 0.000000e+00 0.000000e+00
    outer loop
      vertex   9.527585e+01 1.389423e+00 2.500000e+00
      vertex   9.527585e+01 4.894230e-01 7.600000e+00
      vertex   9.527585e+01 1.389423e+00 9.000000e+00
    endloop
  endfacet
  facet normal -1.000000e+00 -0.000000e+00 0.000000e+00
    outer loop
      vertex   9.527585e+01 1.389423e+00 9.000000e+00
      vertex   9.527585e+01 4.894230e-01 7.600000e+00
      vertex   9.527585e+01 4.894230e-01 9.000000e+00
    endloop
  endfacet
  facet normal 0.000000e+00 1.000000e+00 -0.000000e+00
    outer loop
      vertex   1.102758e+02 1.389423e+00 2.500000e+00
      vertex   9.527585e+01 1.389423e+00 2.500000e+00
      vertex   1.102758e+02 1.389423e+00 9.000000e+00
    endloop
  endfacet
  facet normal 0.000000e+00 1.000000e+00 0.000000e+00
    outer loop
      vertex   1.102758e+02 1.389423e+00 9.000000e+00
      vertex   9.527585e+01 1.389423e+00 2.500000e+00
      vertex   9.527585e+01 1.389423e+00 9.000000e+00
    endloop
  endfacet
  facet normal 0.000000e+00 0.000000e+00 1.000000e+00
    outer loop
      vertex   9.527585e+01 4.894230e-01 9.000000e+00
      vertex   1.102758e+02 4.894230e-01 9.000000e+00
      vertex   9.527585e+01 1.389423e+00 9.000000e+00
    endloop
  endfacet
  facet normal -0.000000e+00 0.000000e+00 1.000000e+00
    outer loop
      vertex   9.527585e+01 1.389423e+00 9.000000e+00
      vertex   1.102758e+02 4.894230e-01 9.000000e+00
      vertex   1.102758e+02 1.389423e+00 9.000000e+00
    endloop
  endfacet
  facet normal -7.840439e-17 1.000000e+00 0.000000e+00
    outer loop
      vertex   9.527585e+01 3.894230e-01 2.500000e+00
      vertex   5.987531e+01 3.894230e-01 2.500000e+00
      vertex   9.527585e+01 3.894230e-01 7.600000e+00
    endloop
  endfacet
  facet normal 1.568088e-17 1.000000e+00 -6.530724e-16
    outer loop
      vertex   9.527585e+01 3.894230e-01 7.600000e+00
      vertex   5.987531e+01 3.894230e-01 2.500000e+00
      vertex   5.987531e+01 3.894230e-01 7.600000e+00
    endloop
  endfacet
  facet normal 0.000000e+00 0.000000e+00 1.000000e+00
    outer loop
      vertex   5.987531e+01 3.894230e-01 2.500000e+00
      vertex   9.527585e+01 3.894230e-01 2.500000e+00
      vertex   7.148000e+01 2.000000e+00 2.500000e+00
    endloop
  endfacet
  facet normal 0.000000e+00 0.000000e+00 1.000000e+00
    outer loop
      vertex   7.148000e+01 2.000000e+00 2.500000e+00
      vertex   9.527585e+01 3.894230e-01 2.500000e+00
      vertex   9.527585e+01 1.389423e+00 2.500000e+00
    endloop
  endfacet
  facet normal -0.000000e+00 0.000000e+00 1.000000e+00
    outer loop
      vertex   7.148000e+01 2.000000e+00 2.500000e+00
      vertex   9.527585e+01 1.389423e+00 2.500000e+00
      vertex   1.214800e+02 2.000000e+00 2.500000e+00
    endloop
  endfacet
  facet normal 0.000000e+00 0.000000e+00 1.000000e+00
    outer loop
      vertex   1.214800e+02 2.000000e+00 2.500000e+00
      vertex   9.527585e+01 1.389423e+00 2.500000e+00
      vertex   1.102758e+02 1.389423e+00 2.500000e+00
    endloop
  endfacet
  facet normal 0.000000e+00 0.000000e+00 1.000000e+00
    outer loop
      vertex   1.214800e+02 2.000000e+00 2.500000e+00
      vertex   1.102758e+02 1.389423e+00 2.500000e+00
      vertex   1.102758e+02 -1.911058e+01 2.500000e+00
    endloop
  endfacet
  facet normal 0.000000e+00 0.000000e+00 1.000000e+00
    outer loop
      vertex   1.214800e+02 2.000000e+00 2.500000e+00
      vertex   1.102758e+02 -1.911058e+01 2.500000e+00
      vertex   1.829600e+02 -3.500000e+01 2.500000e+00
    endloop
  endfacet
  facet normal 0.000000e+00 0.000000e+00 1.000000e+00
    outer loop
      vertex   1.829600e+02 -3.500000e+01 2.500000e+00
      vertex   1.102758e+02 -1.911058e+01 2.500000e+00
      vertex   1.087758e+02 -1.911058e+01 2.500000e+00
    endloop
  endfacet
  facet normal 0.000000e+00 0.000000e+00 1.000000e+00
    outer loop
      vertex   1.829600e+02 -3.500000e+01 2.500000e+00
      vertex   1.087758e+02 -1.911058e+01 2.500000e+00
      vertex   1.000000e+01 -3.500000e+01 2.500000e+00
    endloop
  endfacet
  facet normal 0.000000e+00 0.000000e+00 1.000000e+00
    outer loop
      vertex   1.000000e+01 -3.500000e+01 2.500000e+00
      vertex   1.087758e+02 -1.911058e+01 2.500000e+00
      vertex   4.177585e+01 -1.911058e+01 2.500000e+00
    endloop
  endfacet
  facet normal 0.000000e+00 0.000000e+00 1.000000e+00
    outer loop
      vertex   1.000000e+01 -3.500000e+01 2.500000e+00
      vertex   4.177585e+01 -1.911058e+01 2.500000e+00
      vertex   4.027585e+01 -1.911058e+01 2.500000e+00
    endloop
  endfacet
  facet normal 0.000000e+00 0.000000e+00 1.000000e+00
    outer loop
      vertex   1.087758e+02 -1.110577e+00 2.500000e+00
      vertex   4.177585e+01 -1.110577e+00 2.500000e+00
      vertex   1.087758e+02 -1.911058e+01 2.500000e+00
    endloop
  endfacet
  facet normal 0.000000e+00 0.000000e+00 1.000000e+00
    outer loop
      vertex   1.087758e+02 -1.911058e+01 2.500000e+00
      vertex   4.177585e+01 -1.110577e+00 2.500000e+00
      vertex   4.177585e+01 -1.911058e+01 2.500000e+00
    endloop
  endfacet
  facet normal 0.000000e+00 0.000000e+00 1.000000e+00
    outer loop
      vertex   4.027585e+01 3.894230e-01 2.500000e+00
      vertex   5.000000e+00 4.000000e+00 2.500000e+00
      vertex   4.027585e+01 -1.911058e+01 2.500000e+00
    endloop
  endfacet
  facet normal 0.000000e+00 0.000000e+00 1.000000e+00
    outer loop
      vertex   4.027585e+01 -1.911058e+01 2.500000e+00
      vertex   5.000000e+00 4.000000e+00 2.500000e+00
      vertex   -5.000000e+00 -2.000000e+01 2.500000e+00
    endloop
  endfacet
  facet normal 0.000000e+00 0.000000e+00 1.000000e+00
    outer loop
      vertex   4.027585e+01 -1.911058e+01 2.500000e+00
      vertex   -5.000000e+00 -2.000000e+01 2.500000e+00
      vertex   1.000000e+01 -3.500000e+01 2.500000e+00
    endloop
  endfacet
  facet normal 0.000000e+00 0.000000e+00 1.000000e+00
    outer loop
      vertex   1.000000e+01 -3.500000e+01 2.500000e+00
      vertex   -5.000000e+00 -2.000000e+01 2.500000e+00
      vertex   -4.847322e+00 -2.213472e+01 2.500000e+00
    endloop
  endfacet
  facet normal 0.000000e+00 0.000000e+00 1.000000e+00
    outer loop
      vertex   1.000000e+01 -3.500000e+01 2.500000e+00
      vertex   -4.847322e+00 -2.213472e+01 2.500000e+00
      vertex   -4.392395e+00 -2.422599e+01 2.500000e+00
    endloop
  endfacet
  facet normal 0.000000e+00 -0.000000e+00 1.000000e+00
    outer loop
      vertex   4.487531e+01 3.894230e-01 2.500000e+00
      vertex   4.487531e+01 1.389423e+00 2.500000e+00
      vertex   4.027585e+01 3.894230e-01 2.500000e+00
    endloop
  endfacet
  facet normal 0.000000e+00 -0.000000e+00 1.000000e+00
    outer loop
      vertex   4.027585e+01 3.894230e-01 2.500000e+00
      vertex   4.487531e+01 1.389423e+00 2.500000e+00
      vertex   5.000000e+00 4.000000e+00 2.500000e+00
    endloop
  endfacet
  facet normal -0.000000e+00 0.000000e+00 1.000000e+00
    outer loop
      vertex   5.000000e+00 4.000000e+00 2.500000e+00
      vertex   4.487531e+01 1.389423e+00 2.500000e+00
      vertex   6.948000e+01 4.000000e+00 2.500000e+00
    endloop
  endfacet
  facet normal 0.000000e+00 0.000000e+00 1.000000e+00
    outer loop
      vertex   6.948000e+01 4.000000e+00 2.500000e+00
      vertex   4.487531e+01 1.389423e+00 2.500000e+00
      vertex   5.987531e+01 1.389423e+00 2.500000e+00
    endloop
  endfacet
  facet normal 0.000000e+00 0.000000e+00 1.000000e+00
    outer loop
      vertex   6.948000e+01 4.000000e+00 2.500000e+00
      vertex   5.987531e+01 1.389423e+00 2.500000e+00
      vertex   5.987531e+01 3.894230e-01 2.500000e+00
    endloop
  endfacet
  facet normal 0.000000e+00 0.000000e+00 1.000000e+00
    outer loop
      vertex   6.948000e+01 4.000000e+00 2.500000e+00
      vertex   5.987531e+01 3.894230e-01 2.500000e+00
      vertex   7.148000e+01 2.000000e+00 2.500000e+00
    endloop
  endfacet
  facet normal 0.000000e+00 0.000000e+00 1.000000e+00
    outer loop
      vertex   -5.000000e+00 -2.000000e+01 2.500000e+00
      vertex   5.000000e+00 4.000000e+00 2.500000e+00
      vertex   -5.000000e+00 1.057600e+02 2.500000e+00
    endloop
  endfacet
  facet normal 0.000000e+00 0.000000e+00 1.000000e+00
    outer loop
      vertex   -5.000000e+00 1.057600e+02 2.500000e+00
      vertex   5.000000e+00 4.000000e+00 2.500000e+00
      vertex   5.000000e+00 1.057600e+02 2.500000e+00
    endloop
  endfacet
  facet normal -0.000000e+00 0.000000e+00 1.000000e+00
    outer loop
      vertex   -5.000000e+00 1.057600e+02 2.500000e+00
      vertex   5.000000e+00 1.057600e+02 2.500000e+00
      vertex   -4.847322e+00 1.078947e+02 2.500000e+00
    endloop
  endfacet
  facet normal -0.000000e+00 0.000000e+00 1.000000e+00
    outer loop
      vertex   -4.847322e+00 1.078947e+02 2.500000e+00
      vertex   5.000000e+00 1.057600e+02 2.500000e+00
      vertex   -4.392395e+00 1.099860e+02 2.500000e+00
    endloop
  endfacet
  facet normal -0.000000e+00 0.000000e+00 1.000000e+00
    outer loop
      vertex   -4.392395e+00 1.099860e+02 2.500000e+00
      vertex   5.000000e+00 1.057600e+02 2.500000e+00
      vertex   -3.644480e+00 1.119912e+02 2.500000e+00
    endloop
  endfacet
  facet normal -0.000000e+00 0.000000e+00 1.000000e+00
    outer loop
      vertex   -3.644480e+00 1.119912e+02 2.500000e+00
      vertex   5.000000e+00 1.057600e+02 2.500000e+00
      vertex   -2.618803e+00 1.138696e+02 2.500000e+00
    endloop
  endfacet
  facet normal -0.000000e+00 0.000000e+00 1.000000e+00
    outer loop
      vertex   -2.618803e+00 1.138696e+02 2.500000e+00
      vertex   5.000000e+00 1.057600e+02 2.500000e+00
      vertex   -1.336244e+00 1.155829e+02 2.500000e+00
    endloop
  endfacet
  facet normal -0.000000e+00 0.000000e+00 1.000000e+00
    outer loop
      vertex   -1.336244e+00 1.155829e+02 2.500000e+00
      vertex   5.000000e+00 1.057600e+02 2.500000e+00
      vertex   1.770890e-01 1.170962e+02 2.500000e+00
    endloop
  endfacet
  facet normal -0.000000e+00 0.000000e+00 1.000000e+00
    outer loop
      vertex   1.770890e-01 1.170962e+02 2.500000e+00
      vertex   5.000000e+00 1.057600e+02 2.500000e+00
      vertex   1.890388e+00 1.183788e+02 2.500000e+00
    endloop
  endfacet
  facet normal -0.000000e+00 0.000000e+00 1.000000e+00
    outer loop
      vertex   1.890388e+00 1.183788e+02 2.500000e+00
      vertex   5.000000e+00 1.057600e+02 2.500000e+00
      vertex   3.768775e+00 1.194045e+02 2.500000e+00
    endloop
  endfacet
  facet normal -0.000000e+00 0.000000e+00 1.000000e+00
    outer loop
      vertex   3.768775e+00 1.194045e+02 2.500000e+00
      vertex   5.000000e+00 1.057600e+02 2.500000e+00
      vertex   5.774012e+00 1.201524e+02 2.500000e+00
    endloop
  endfacet
  facet normal -0.000000e+00 0.000000e+00 1.000000e+00
    outer loop
      vertex   5.774012e+00 1.201524e+02 2.500000e+00
      vertex   5.000000e+00 1.057600e+02 2.500000e+00
      vertex   7.865277e+00 1.206073e+02 2.500000e+00
    endloop
  endfacet
  facet normal -0.000000e+00 0.000000e+00 1.000000e+00
    outer loop
      vertex   7.865277e+00 1.206073e+02 2.500000e+00
      vertex   5.000000e+00 1.057600e+02 2.500000e+00
      vertex   1.000000e+01 1.207600e+02 2.500000e+00
    endloop
  endfacet
  facet normal 0.000000e+00 0.000000e+00 1.000000e+00
    outer loop
      vertex   1.000000e+01 1.207600e+02 2.500000e+00
      vertex   5.000000e+00 1.057600e+02 2.500000e+00
      vertex   1.879600e+02 1.057600e+02 2.500000e+00
    endloop
  endfacet
  facet normal -0.000000e+00 0.000000e+00 1.000000e+00
    outer loop
      vertex   1.000000e+01 1.207600e+02 2.500000e+00
      vertex   1.879600e+02 1.057600e+02 2.500000e+00
      vertex   1.829600e+02 1.207600e+02 2.500000e+00
    endloop
  endfacet
  facet normal 0.000000e+00 0.000000e+00 1.000000e+00
    outer loop
      vertex   1.829600e+02 1.207600e+02 2.500000e+00
      vertex   1.879600e+02 1.057600e+02 2.500000e+00
      vertex   1.850947e+02 1.206073e+02 2.500000e+00
    endloop
  endfacet
  facet normal 0.000000e+00 0.000000e+00 1.000000e+00
    outer loop
      vertex   1.850947e+02 1.206073e+02 2.500000e+00
      vertex   1.879600e+02 1.057600e+02 2.500000e+00
      vertex   1.871860e+02 1.201524e+02 2.500000e+00
    endloop
  endfacet
  facet normal 0.000000e+00 0.000000e+00 1.000000e+00
    outer loop
      vertex   1.871860e+02 1.201524e+02 2.500000e+00
      vertex   1.879600e+02 1.057600e+02 2.500000e+00
      vertex   1.891912e+02 1.194045e+02 2.500000e+00
    endloop
  endfacet
  facet normal 0.000000e+00 0.000000e+00 1.000000e+00
    outer loop
      vertex   1.891912e+02 1.194045e+02 2.500000e+00
      vertex   1.879600e+02 1.057600e+02 2.500000e+00
      vertex   1.910696e+02 1.183788e+02 2.500000e+00
    endloop
  endfacet
  facet normal 0.000000e+00 0.000000e+00 1.000000e+00
    outer loop
      vertex   1.910696e+02 1.183788e+02 2.500000e+00
      vertex   1.879600e+02 1.057600e+02 2.500000e+00
      vertex   1.927829e+02 1.170962e+02 2.500000e+00
    endloop
  endfacet
  facet normal 0.000000e+00 0.000000e+00 1.000000e+00
    outer loop
      vertex   1.927829e+02 1.170962e+02 2.500000e+00
      vertex   1.879600e+02 1.057600e+02 2.500000e+00
      vertex   1.942962e+02 1.155829e+02 2.500000e+00
    endloop
  endfacet
  facet normal 0.000000e+00 0.000000e+00 1.000000e+00
    outer loop
      vertex   1.942962e+02 1.155829e+02 2.500000e+00
      vertex   1.879600e+02 1.057600e+02 2.500000e+00
      vertex   1.955788e+02 1.138696e+02 2.500000e+00
    endloop
  endfacet
  facet normal 0.000000e+00 0.000000e+00 1.000000e+00
    outer loop
      vertex   1.955788e+02 1.138696e+02 2.500000e+00
      vertex   1.879600e+02 1.057600e+02 2.500000e+00
      vertex   1.966045e+02 1.119912e+02 2.500000e+00
    endloop
  endfacet
  facet normal 0.000000e+00 0.000000e+00 1.000000e+00
    outer loop
      vertex   1.966045e+02 1.119912e+02 2.500000e+00
      vertex   1.879600e+02 1.057600e+02 2.500000e+00
      vertex   1.973524e+02 1.099860e+02 2.500000e+00
    endloop
  endfacet
  facet normal 0.000000e+00 0.000000e+00 1.000000e+00
    outer loop
      vertex   1.973524e+02 1.099860e+02 2.500000e+00
      vertex   1.879600e+02 1.057600e+02 2.500000e+00
      vertex   1.978073e+02 1.078947e+02 2.500000e+00
    endloop
  endfacet
  facet normal 0.000000e+00 0.000000e+00 1.000000e+00
    outer loop
      vertex   1.978073e+02 1.078947e+02 2.500000e+00
      vertex   1.879600e+02 1.057600e+02 2.500000e+00
      vertex   1.979600e+02 1.057600e+02 2.500000e+00
    endloop
  endfacet
  facet normal 0.000000e+00 0.000000e+00 1.000000e+00
    outer loop
      vertex   1.979600e+02 1.057600e+02 2.500000e+00
      vertex   1.879600e+02 1.057600e+02 2.500000e+00
      vertex   1.879600e+02 4.000000e+00 2.500000e+00
    endloop
  endfacet
  facet normal 0.000000e+00 0.000000e+00 1.000000e+00
    outer loop
      vertex   1.979600e+02 1.057600e+02 2.500000e+00
      vertex   1.879600e+02 4.000000e+00 2.500000e+00
      vertex   1.979600e+02 -2.000000e+01 2.500000e+00
    endloop
  endfacet
  facet normal 0.000000e+00 0.000000e+00 1.000000e+00
    outer loop
      vertex   1.979600e+02 -2.000000e+01 2.500000e+00
      vertex   1.879600e+02 4.000000e+00 2.500000e+00
      vertex   1.829600e+02 -3.500000e+01 2.500000e+00
    endloop
  endfacet
  facet normal 0.000000e+00 0.000000e+00 1.000000e+00
    outer loop
      vertex   1.979600e+02 -2.000000e+01 2.500000e+00
      vertex   1.829600e+02 -3.500000e+01 2.500000e+00
      vertex   1.978073e+02 -2.213472e+01 2.500000e+00
    endloop
  endfacet
  facet normal 0.000000e+00 0.000000e+00 1.000000e+00
    outer loop
      vertex   1.978073e+02 -2.213472e+01 2.500000e+00
      vertex   1.829600e+02 -3.500000e+01 2.500000e+00
      vertex   1.973524e+02 -2.422599e+01 2.500000e+00
    endloop
  endfacet
  facet normal 0.000000e+00 0.000000e+00 1.000000e+00
    outer loop
      vertex   1.973524e+02 -2.422599e+01 2.500000e+00
      vertex   1.829600e+02 -3.500000e+01 2.500000e+00
      vertex   1.966045e+02 -2.623123e+01 2.500000e+00
    endloop
  endfacet
  facet normal 0.000000e+00 0.000000e+00 1.000000e+00
    outer loop
      vertex   1.966045e+02 -2.623123e+01 2.500000e+00
      vertex   1.829600e+02 -3.500000e+01 2.500000e+00
      vertex   1.955788e+02 -2.810961e+01 2.500000e+00
    endloop
  endfacet
  facet normal 0.000000e+00 0.000000e+00 1.000000e+00
    outer loop
      vertex   1.955788e+02 -2.810961e+01 2.500000e+00
      vertex   1.829600e+02 -3.500000e+01 2.500000e+00
      vertex   1.942962e+02 -2.982291e+01 2.500000e+00
    endloop
  endfacet
  facet normal 0.000000e+00 0.000000e+00 1.000000e+00
    outer loop
      vertex   1.942962e+02 -2.982291e+01 2.500000e+00
      vertex   1.829600e+02 -3.500000e+01 2.500000e+00
      vertex   1.927829e+02 -3.133624e+01 2.500000e+00
    endloop
  endfacet
  facet normal 0.000000e+00 0.000000e+00 1.000000e+00
    outer loop
      vertex   1.927829e+02 -3.133624e+01 2.500000e+00
      vertex   1.829600e+02 -3.500000e+01 2.500000e+00
      vertex   1.910696e+02 -3.261880e+01 2.500000e+00
    endloop
  endfacet
  facet normal 0.000000e+00 0.000000e+00 1.000000e+00
    outer loop
      vertex   1.910696e+02 -3.261880e+01 2.500000e+00
      vertex   1.829600e+02 -3.500000e+01 2.500000e+00
      vertex   1.891912e+02 -3.364448e+01 2.500000e+00
    endloop
  endfacet
  facet normal 0.000000e+00 0.000000e+00 1.000000e+00
    outer loop
      vertex   1.891912e+02 -3.364448e+01 2.500000e+00
      vertex   1.829600e+02 -3.500000e+01 2.500000e+00
      vertex   1.871860e+02 -3.439239e+01 2.500000e+00
    endloop
  endfacet
  facet normal 0.000000e+00 0.000000e+00 1.000000e+00
    outer loop
      vertex   1.871860e+02 -3.439239e+01 2.500000e+00
      vertex   1.829600e+02 -3.500000e+01 2.500000e+00
      vertex   1.850947e+02 -3.484732e+01 2.500000e+00
    endloop
  endfacet
  facet normal 0.000000e+00 0.000000e+00 1.000000e+00
    outer loop
      vertex   -4.392395e+00 -2.422599e+01 2.500000e+00
      vertex   -3.644480e+00 -2.623123e+01 2.500000e+00
      vertex   1.000000e+01 -3.500000e+01 2.500000e+00
    endloop
  endfacet
  facet normal 0.000000e+00 0.000000e+00 1.000000e+00
    outer loop
      vertex   1.000000e+01 -3.500000e+01 2.500000e+00
      vertex   -3.644480e+00 -2.623123e+01 2.500000e+00
      vertex   -2.618803e+00 -2.810961e+01 2.500000e+00
    endloop
  endfacet
  facet normal 0.000000e+00 0.000000e+00 1.000000e+00
    outer loop
      vertex   1.000000e+01 -3.500000e+01 2.500000e+00
      vertex   -2.618803e+00 -2.810961e+01 2.500000e+00
      vertex   -1.336244e+00 -2.982291e+01 2.500000e+00
    endloop
  endfacet
  facet normal 0.000000e+00 0.000000e+00 1.000000e+00
    outer loop
      vertex   -1.336244e+00 -2.982291e+01 2.500000e+00
      vertex   1.770890e-01 -3.133624e+01 2.500000e+00
      vertex   1.000000e+01 -3.500000e+01 2.500000e+00
    endloop
  endfacet
  facet normal 0.000000e+00 0.000000e+00 1.000000e+00
    outer loop
      vertex   1.000000e+01 -3.500000e+01 2.500000e+00
      vertex   1.770890e-01 -3.133624e+01 2.500000e+00
      vertex   1.890388e+00 -3.261880e+01 2.500000e+00
    endloop
  endfacet
  facet normal 0.000000e+00 0.000000e+00 1.000000e+00
    outer loop
      vertex   1.000000e+01 -3.500000e+01 2.500000e+00
      vertex   1.890388e+00 -3.261880e+01 2.500000e+00
      vertex   3.768775e+00 -3.364448e+01 2.500000e+00
    endloop
  endfacet
  facet normal 0.000000e+00 0.000000e+00 1.000000e+00
    outer loop
      vertex   3.768775e+00 -3.364448e+01 2.500000e+00
      vertex   5.774012e+00 -3.439239e+01 2.500000e+00
      vertex   1.000000e+01 -3.500000e+01 2.500000e+00
    endloop
  endfacet
  facet normal 0.000000e+00 0.000000e+00 1.000000e+00
    outer loop
      vertex   1.000000e+01 -3.500000e+01 2.500000e+00
      vertex   5.774012e+00 -3.439239e+01 2.500000e+00
      vertex   7.865277e+00 -3.484732e+01 2.500000e+00
    endloop
  endfacet
  facet normal 0.000000e+00 0.000000e+00 1.000000e+00
    outer loop
      vertex   1.879600e+02 4.000000e+00 2.500000e+00
      vertex   1.234800e+02 4.000000e+00 2.500000e+00
      vertex   1.829600e+02 -3.500000e+01 2.500000e+00
    endloop
  endfacet
  facet normal 0.000000e+00 0.000000e+00 1.000000e+00
    outer loop
      vertex   1.829600e+02 -3.500000e+01 2.500000e+00
      vertex   1.234800e+02 4.000000e+00 2.500000e+00
      vertex   1.214800e+02 2.000000e+00 2.500000e+00
    endloop
  endfacet
  facet normal 0.000000e+00 1.000000e+00 -0.000000e+00
    outer loop
      vertex   5.987531e+01 1.389423e+00 2.500000e+00
      vertex   4.487531e+01 1.389423e+00 2.500000e+00
      vertex   5.987531e+01 1.389423e+00 9.000000e+00
    endloop
  endfacet
  facet normal 0.000000e+00 1.000000e+00 0.000000e+00
    outer loop
      vertex   5.987531e+01 1.389423e+00 9.000000e+00
      vertex   4.487531e+01 1.389423e+00 2.500000e+00
      vertex   4.487531e+01 1.389423e+00 9.000000e+00
    endloop
  endfacet
  facet normal 1.000000e+00 -0.000000e+00 0.000000e+00
    outer loop
      vertex   5.987531e+01 3.894230e-01 7.600000e+00
      vertex   5.987531e+01 3.894230e-01 2.500000e+00
      vertex   5.987531e+01 4.894230e-01 7.600000e+00
    endloop
  endfacet
  facet normal 1.000000e+00 0.000000e+00 0.000000e+00
    outer loop
      vertex   5.987531e+01 4.894230e-01 7.600000e+00
      vertex   5.987531e+01 3.894230e-01 2.500000e+00
      vertex   5.987531e+01 1.389423e+00 2.500000e+00
    endloop
  endfacet
  facet normal 1.000000e+00 -0.000000e+00 0.000000e+00
    outer loop
      vertex   5.987531e+01 4.894230e-01 7.600000e+00
      vertex   5.987531e+01 1.389423e+00 2.500000e+00
      vertex   5.987531e+01 1.389423e+00 9.000000e+00
    endloop
  endfacet
  facet normal 1.000000e+00 0.000000e+00 0.000000e+00
    outer loop
      vertex   5.987531e+01 1.389423e+00 9.000000e+00
      vertex   5.987531e+01 4.894230e-01 9.000000e+00
      vertex   5.987531e+01 4.894230e-01 7.600000e+00
    endloop
  endfacet
  facet normal 0.000000e+00 0.000000e+00 1.000000e+00
    outer loop
      vertex   4.487531e+01 4.894230e-01 9.000000e+00
      vertex   5.987531e+01 4.894230e-01 9.000000e+00
      vertex   4.487531e+01 1.389423e+00 9.000000e+00
    endloop
  endfacet
  facet normal -0.000000e+00 0.000000e+00 1.000000e+00
    outer loop
      vertex   4.487531e+01 1.389423e+00 9.000000e+00
      vertex   5.987531e+01 4.894230e-01 9.000000e+00
      vertex   5.987531e+01 1.389423e+00 9.000000e+00
    endloop
  endfacet
  facet normal 0.000000e+00 -1.000000e+00 0.000000e+00
    outer loop
      vertex   4.177585e+01 -1.110577e+00 2.500000e+00
      vertex   1.087758e+02 -1.110577e+00 2.500000e+00
      vertex   4.177585e+01 -1.110577e+00 7.600000e+00
    endloop
  endfacet
  facet normal 0.000000e+00 -1.000000e+00 0.000000e+00
    outer loop
      vertex   4.177585e+01 -1.110577e+00 7.600000e+00
      vertex   1.087758e+02 -1.110577e+00 2.500000e+00
      vertex   1.087758e+02 -1.110577e+00 7.600000e+00
    endloop
  endfacet
  facet normal 1.000000e+00 0.000000e+00 0.000000e+00
    outer loop
      vertex   1.102758e+02 -3.000000e-01 1.250000e+00
      vertex   1.102758e+02 -3.500000e-01 1.250000e+00
      vertex   1.102758e+02 -3.000000e-01 0.000000e+00
    endloop
  endfacet
  facet normal 1.000000e+00 0.000000e+00 0.000000e+00
    outer loop
      vertex   1.102758e+02 -3.000000e-01 0.000000e+00
      vertex   1.102758e+02 -3.500000e-01 1.250000e+00
      vertex   1.102758e+02 -3.500000e-01 0.000000e+00
    endloop
  endfacet
  facet normal -2.368476e-15 -1.000000e+00 -0.000000e+00
    outer loop
      vertex   4.177585e+01 -1.911058e+01 2.600000e+00
      vertex   4.027585e+01 -1.911058e+01 2.600000e+00
      vertex   4.177585e+01 -1.911058e+01 2.500000e+00
    endloop
  endfacet
  facet normal -2.368476e-15 -1.000000e+00 0.000000e+00
    outer loop
      vertex   4.177585e+01 -1.911058e+01 2.500000e+00
      vertex   4.027585e+01 -1.911058e+01 2.600000e+00
      vertex   4.027585e+01 -1.911058e+01 2.500000e+00
    endloop
  endfacet
  facet normal -1.000000e+00 0.000000e+00 0.000000e+00
    outer loop
      vertex   4.027585e+01 -1.911058e+01 2.500000e+00
      vertex   4.027585e+01 -1.911058e+01 2.600000e+00
      vertex   4.027585e+01 3.894230e-01 2.500000e+00
    endloop
  endfacet
  facet normal -1.000000e+00 0.000000e+00 0.000000e+00
    outer loop
      vertex   4.027585e+01 3.894230e-01 2.500000e+00
      vertex   4.027585e+01 -1.911058e+01 2.600000e+00
      vertex   4.027585e+01 -1.110577e+00 7.600000e+00
    endloop
  endfacet
  facet normal -1.000000e+00 0.000000e+00 0.000000e+00
    outer loop
      vertex   4.027585e+01 3.894230e-01 2.500000e+00
      vertex   4.027585e+01 -1.110577e+00 7.600000e+00
      vertex   4.027585e+01 3.894230e-01 7.600000e+00
    endloop
  endfacet
  facet normal 3.620714e-16 1.000000e+00 -0.000000e+00
    outer loop
      vertex   4.487531e+01 3.894230e-01 2.500000e+00
      vertex   4.027585e+01 3.894230e-01 2.500000e+00
      vertex   4.487531e+01 3.894230e-01 7.600000e+00
    endloop
  endfacet
  facet normal 3.620714e-16 1.000000e+00 0.000000e+00
    outer loop
      vertex   4.487531e+01 3.894230e-01 7.600000e+00
      vertex   4.027585e+01 3.894230e-01 2.500000e+00
      vertex   4.027585e+01 3.894230e-01 7.600000e+00
    endloop
  endfacet
  facet normal 1.000000e+00 0.000000e+00 0.000000e+00
    outer loop
      vertex   1.102758e+02 4.894230e-01 7.600000e+00
      vertex   1.102758e+02 -1.110577e+00 7.600000e+00
      vertex   1.102758e+02 1.389423e+00 2.500000e+00
    endloop
  endfacet
  facet normal 1.000000e+00 0.000000e+00 0.000000e+00
    outer loop
      vertex   1.102758e+02 1.389423e+00 2.500000e+00
      vertex   1.102758e+02 -1.110577e+00 7.600000e+00
      vertex   1.102758e+02 -1.911058e+01 2.600000e+00
    endloop
  endfacet
  facet normal 1.000000e+00 0.000000e+00 0.000000e+00
    outer loop
      vertex   1.102758e+02 1.389423e+00 2.500000e+00
      vertex   1.102758e+02 -1.911058e+01 2.600000e+00
      vertex   1.102758e+02 -1.911058e+01 2.500000e+00
    endloop
  endfacet
  facet normal 1.000000e+00 0.000000e+00 -0.000000e+00
    outer loop
      vertex   1.102758e+02 1.389423e+00 2.500000e+00
      vertex   1.102758e+02 1.389423e+00 9.000000e+00
      vertex   1.102758e+02 4.894230e-01 7.600000e+00
    endloop
  endfacet
  facet normal 1.000000e+00 0.000000e+00 0.000000e+00
    outer loop
      vertex   1.102758e+02 4.894230e-01 7.600000e+00
      vertex   1.102758e+02 1.389423e+00 9.000000e+00
      vertex   1.102758e+02 4.894230e-01 9.000000e+00
    endloop
  endfacet
  facet normal 7.401487e-17 -1.000000e+00 -1.776357e-15
    outer loop
      vertex   1.941350e+01 -1.051106e+01 0.000000e+00
      vertex   4.341350e+01 -1.051106e+01 0.000000e+00
      vertex   1.941350e+01 -1.051106e+01 1.000000e+00
    endloop
  endfacet
  facet normal 1.480297e-16 -1.000000e+00 0.000000e+00
    outer loop
      vertex   1.941350e+01 -1.051106e+01 1.000000e+00
      vertex   4.341350e+01 -1.051106e+01 0.000000e+00
      vertex   4.341350e+01 -1.051106e+01 1.000000e+00
    endloop
  endfacet
  facet normal 0.000000e+00 0.000000e+00 -1.000000e+00
    outer loop
      vertex   4.027585e+01 -3.000000e-01 1.250000e+00
      vertex   7.148000e+01 2.000000e+00 1.250000e+00
      vertex   1.102758e+02 -3.000000e-01 1.250000e+00
    endloop
  endfacet
  facet normal 0.000000e+00 0.000000e+00 -1.000000e+00
    outer loop
      vertex   1.102758e+02 -3.000000e-01 1.250000e+00
      vertex   7.148000e+01 2.000000e+00 1.250000e+00
      vertex   1.214800e+02 2.000000e+00 1.250000e+00
    endloop
  endfacet
  facet normal 0.000000e+00 0.000000e+00 -1.000000e+00
    outer loop
      vertex   1.102758e+02 -3.000000e-01 1.250000e+00
      vertex   1.214800e+02 2.000000e+00 1.250000e+00
      vertex   1.102758e+02 -3.500000e-01 1.250000e+00
    endloop
  endfacet
  facet normal 0.000000e+00 0.000000e+00 -1.000000e+00
    outer loop
      vertex   1.102758e+02 -3.500000e-01 1.250000e+00
      vertex   1.214800e+02 2.000000e+00 1.250000e+00
      vertex   1.854600e+02 -3.500000e-01 1.250000e+00
    endloop
  endfacet
  facet normal 0.000000e+00 0.000000e+00 -1.000000e+00
    outer loop
      vertex   1.854600e+02 -3.500000e-01 1.250000e+00
      vertex   1.214800e+02 2.000000e+00 1.250000e+00
      vertex   1.234800e+02 4.000000e+00 1.250000e+00
    endloop
  endfacet
  facet normal 0.000000e+00 0.000000e+00 -1.000000e+00
    outer loop
      vertex   1.854600e+02 -3.500000e-01 1.250000e+00
      vertex   1.234800e+02 4.000000e+00 1.250000e+00
      vertex   1.879600e+02 4.000000e+00 1.250000e+00
    endloop
  endfacet
  facet normal 0.000000e+00 0.000000e+00 -1.000000e+00
    outer loop
      vertex   4.027585e+01 -3.500000e-01 1.250000e+00
      vertex   7.500000e+00 -3.500000e-01 1.250000e+00
      vertex   4.027585e+01 -3.000000e-01 1.250000e+00
    endloop
  endfacet
  facet normal -0.000000e+00 0.000000e+00 -1.000000e+00
    outer loop
      vertex   4.027585e+01 -3.000000e-01 1.250000e+00
      vertex   7.500000e+00 -3.500000e-01 1.250000e+00
      vertex   5.000000e+00 4.000000e+00 1.250000e+00
    endloop
  endfacet
  facet normal 0.000000e+00 0.000000e+00 -1.000000e+00
    outer loop
      vertex   4.027585e+01 -3.000000e-01 1.250000e+00
      vertex   5.000000e+00 4.000000e+00 1.250000e+00
      vertex   6.948000e+01 4.000000e+00 1.250000e+00
    endloop
  endfacet
  facet normal 0.000000e+00 0.000000e+00 -1.000000e+00
    outer loop
      vertex   7.500000e+00 -3.500000e-01 1.250000e+00
      vertex   6.027068e+00 -2.049289e-01 1.250000e+00
      vertex   5.000000e+00 4.000000e+00 1.250000e+00
    endloop
  endfacet
  facet normal 0.000000e+00 -0.000000e+00 -1.000000e+00
    outer loop
      vertex   5.000000e+00 4.000000e+00 1.250000e+00
      vertex   6.027068e+00 -2.049289e-01 1.250000e+00
      vertex   4.610740e+00 2.247095e-01 1.250000e+00
    endloop
  endfacet
  facet normal 0.000000e+00 0.000000e+00 -1.000000e+00
    outer loop
      vertex   5.000000e+00 4.000000e+00 1.250000e+00
      vertex   4.610740e+00 2.247095e-01 1.250000e+00
      vertex   3.305445e+00 9.224044e-01 1.250000e+00
    endloop
  endfacet
  facet normal 0.000000e+00 0.000000e+00 -1.000000e+00
    outer loop
      vertex   3.305445e+00 9.224044e-01 1.250000e+00
      vertex   2.161344e+00 1.861344e+00 1.250000e+00
      vertex   5.000000e+00 4.000000e+00 1.250000e+00
    endloop
  endfacet
  facet normal 0.000000e+00 0.000000e+00 -1.000000e+00
    outer loop
      vertex   5.000000e+00 4.000000e+00 1.250000e+00
      vertex   2.161344e+00 1.861344e+00 1.250000e+00
      vertex   1.222404e+00 3.005445e+00 1.250000e+00
    endloop
  endfacet
  facet normal -0.000000e+00 0.000000e+00 -1.000000e+00
    outer loop
      vertex   5.000000e+00 4.000000e+00 1.250000e+00
      vertex   1.222404e+00 3.005445e+00 1.250000e+00
      vertex   5.247095e-01 4.310740e+00 1.250000e+00
    endloop
  endfacet
  facet normal 0.000000e+00 0.000000e+00 -1.000000e+00
    outer loop
      vertex   5.247095e-01 4.310740e+00 1.250000e+00
      vertex   9.507113e-02 5.727068e+00 1.250000e+00
      vertex   5.000000e+00 4.000000e+00 1.250000e+00
    endloop
  endfacet
  facet normal 0.000000e+00 0.000000e+00 -1.000000e+00
    outer loop
      vertex   5.000000e+00 4.000000e+00 1.250000e+00
      vertex   9.507113e-02 5.727068e+00 1.250000e+00
      vertex   -5.000000e-02 7.200000e+00 1.250000e+00
    endloop
  endfacet
  facet normal 0.000000e+00 0.000000e+00 -1.000000e+00
    outer loop
      vertex   5.000000e+00 4.000000e+00 1.250000e+00
      vertex   -5.000000e-02 7.200000e+00 1.250000e+00
      vertex   5.000000e+00 1.057600e+02 1.250000e+00
    endloop
  endfacet
  facet normal 0.000000e+00 0.000000e+00 -1.000000e+00
    outer loop
      vertex   5.000000e+00 1.057600e+02 1.250000e+00
      vertex   -5.000000e-02 7.200000e+00 1.250000e+00
      vertex   -5.000000e-02 1.036500e+02 1.250000e+00
    endloop
  endfacet
  facet normal 0.000000e+00 0.000000e+00 -1.000000e+00
    outer loop
      vertex   5.000000e+00 1.057600e+02 1.250000e+00
      vertex   -5.000000e-02 1.036500e+02 1.250000e+00
      vertex   9.507113e-02 1.051229e+02 1.250000e+00
    endloop
  endfacet
  facet normal 0.000000e+00 0.000000e+00 -1.000000e+00
    outer loop
      vertex   9.507113e-02 1.051229e+02 1.250000e+00
      vertex   5.247095e-01 1.065393e+02 1.250000e+00
      vertex   5.000000e+00 1.057600e+02 1.250000e+00
    endloop
  endfacet
  facet normal 0.000000e+00 0.000000e+00 -1.000000e+00
    outer loop
      vertex   5.000000e+00 1.057600e+02 1.250000e+00
      vertex   5.247095e-01 1.065393e+02 1.250000e+00
      vertex   1.222404e+00 1.078446e+02 1.250000e+00
    endloop
  endfacet
  facet normal 0.000000e+00 0.000000e+00 -1.000000e+00
    outer loop
      vertex   5.000000e+00 1.057600e+02 1.250000e+00
      vertex   1.222404e+00 1.078446e+02 1.250000e+00
      vertex   2.161344e+00 1.089887e+02 1.250000e+00
    endloop
  endfacet
  facet normal 0.000000e+00 0.000000e+00 -1.000000e+00
    outer loop
      vertex   2.161344e+00 1.089887e+02 1.250000e+00
      vertex   3.305445e+00 1.099276e+02 1.250000e+00
      vertex   5.000000e+00 1.057600e+02 1.250000e+00
    endloop
  endfacet
  facet normal 0.000000e+00 0.000000e+00 -1.000000e+00
    outer loop
      vertex   5.000000e+00 1.057600e+02 1.250000e+00
      vertex   3.305445e+00 1.099276e+02 1.250000e+00
      vertex   4.610740e+00 1.106253e+02 1.250000e+00
    endloop
  endfacet
  facet normal 0.000000e+00 0.000000e+00 -1.000000e+00
    outer loop
      vertex   5.000000e+00 1.057600e+02 1.250000e+00
      vertex   4.610740e+00 1.106253e+02 1.250000e+00
      vertex   6.027068e+00 1.110549e+02 1.250000e+00
    endloop
  endfacet
  facet normal 0.000000e+00 -0.000000e+00 -1.000000e+00
    outer loop
      vertex   6.027068e+00 1.110549e+02 1.250000e+00
      vertex   7.500000e+00 1.112000e+02 1.250000e+00
      vertex   5.000000e+00 1.057600e+02 1.250000e+00
    endloop
  endfacet
  facet normal 0.000000e+00 0.000000e+00 -1.000000e+00
    outer loop
      vertex   5.000000e+00 1.057600e+02 1.250000e+00
      vertex   7.500000e+00 1.112000e+02 1.250000e+00
      vertex   1.854600e+02 1.112000e+02 1.250000e+00
    endloop
  endfacet
  facet normal 0.000000e+00 0.000000e+00 -1.000000e+00
    outer loop
      vertex   5.000000e+00 1.057600e+02 1.250000e+00
      vertex   1.854600e+02 1.112000e+02 1.250000e+00
      vertex   1.879600e+02 1.057600e+02 1.250000e+00
    endloop
  endfacet
  facet normal 0.000000e+00 0.000000e+00 -1.000000e+00
    outer loop
      vertex   1.879600e+02 1.057600e+02 1.250000e+00
      vertex   1.854600e+02 1.112000e+02 1.250000e+00
      vertex   1.869329e+02 1.110549e+02 1.250000e+00
    endloop
  endfacet
  facet normal 0.000000e+00 0.000000e+00 -1.000000e+00
    outer loop
      vertex   1.879600e+02 1.057600e+02 1.250000e+00
      vertex   1.869329e+02 1.110549e+02 1.250000e+00
      vertex   1.883493e+02 1.106253e+02 1.250000e+00
    endloop
  endfacet
  facet normal 0.000000e+00 -0.000000e+00 -1.000000e+00
    outer loop
      vertex   1.883493e+02 1.106253e+02 1.250000e+00
      vertex   1.896546e+02 1.099276e+02 1.250000e+00
      vertex   1.879600e+02 1.057600e+02 1.250000e+00
    endloop
  endfacet
  facet normal 0.000000e+00 0.000000e+00 -1.000000e+00
    outer loop
      vertex   1.879600e+02 1.057600e+02 1.250000e+00
      vertex   1.896546e+02 1.099276e+02 1.250000e+00
      vertex   1.907987e+02 1.089887e+02 1.250000e+00
    endloop
  endfacet
  facet normal 0.000000e+00 0.000000e+00 -1.000000e+00
    outer loop
      vertex   1.879600e+02 1.057600e+02 1.250000e+00
      vertex   1.907987e+02 1.089887e+02 1.250000e+00
      vertex   1.917376e+02 1.078446e+02 1.250000e+00
    endloop
  endfacet
  facet normal 0.000000e+00 -0.000000e+00 -1.000000e+00
    outer loop
      vertex   1.917376e+02 1.078446e+02 1.250000e+00
      vertex   1.924353e+02 1.065393e+02 1.250000e+00
      vertex   1.879600e+02 1.057600e+02 1.250000e+00
    endloop
  endfacet
  facet normal 0.000000e+00 0.000000e+00 -1.000000e+00
    outer loop
      vertex   1.879600e+02 1.057600e+02 1.250000e+00
      vertex   1.924353e+02 1.065393e+02 1.250000e+00
      vertex   1.928649e+02 1.051229e+02 1.250000e+00
    endloop
  endfacet
  facet normal 0.000000e+00 0.000000e+00 -1.000000e+00
    outer loop
      vertex   1.879600e+02 1.057600e+02 1.250000e+00
      vertex   1.928649e+02 1.051229e+02 1.250000e+00
      vertex   1.930100e+02 1.036500e+02 1.250000e+00
    endloop
  endfacet
  facet normal -0.000000e+00 -0.000000e+00 -1.000000e+00
    outer loop
      vertex   1.930100e+02 1.036500e+02 1.250000e+00
      vertex   1.930100e+02 7.200000e+00 1.250000e+00
      vertex   1.879600e+02 1.057600e+02 1.250000e+00
    endloop
  endfacet
  facet normal 0.000000e+00 0.000000e+00 -1.000000e+00
    outer loop
      vertex   1.879600e+02 1.057600e+02 1.250000e+00
      vertex   1.930100e+02 7.200000e+00 1.250000e+00
      vertex   1.879600e+02 4.000000e+00 1.250000e+00
    endloop
  endfacet
  facet normal 0.000000e+00 0.000000e+00 -1.000000e+00
    outer loop
      vertex   1.879600e+02 4.000000e+00 1.250000e+00
      vertex   1.930100e+02 7.200000e+00 1.250000e+00
      vertex   1.928649e+02 5.727068e+00 1.250000e+00
    endloop
  endfacet
  facet normal 0.000000e+00 0.000000e+00 -1.000000e+00
    outer loop
      vertex   1.879600e+02 4.000000e+00 1.250000e+00
      vertex   1.928649e+02 5.727068e+00 1.250000e+00
      vertex   1.924353e+02 4.310740e+00 1.250000e+00
    endloop
  endfacet
  facet normal 0.000000e+00 0.000000e+00 -1.000000e+00
    outer loop
      vertex   1.924353e+02 4.310740e+00 1.250000e+00
      vertex   1.917376e+02 3.005445e+00 1.250000e+00
      vertex   1.879600e+02 4.000000e+00 1.250000e+00
    endloop
  endfacet
  facet normal 0.000000e+00 0.000000e+00 -1.000000e+00
    outer loop
      vertex   1.879600e+02 4.000000e+00 1.250000e+00
      vertex   1.917376e+02 3.005445e+00 1.250000e+00
      vertex   1.907987e+02 1.861344e+00 1.250000e+00
    endloop
  endfacet
  facet normal 0.000000e+00 0.000000e+00 -1.000000e+00
    outer loop
      vertex   1.879600e+02 4.000000e+00 1.250000e+00
      vertex   1.907987e+02 1.861344e+00 1.250000e+00
      vertex   1.896546e+02 9.224044e-01 1.250000e+00
    endloop
  endfacet
  facet normal -0.000000e+00 0.000000e+00 -1.000000e+00
    outer loop
      vertex   1.896546e+02 9.224044e-01 1.250000e+00
      vertex   1.883493e+02 2.247095e-01 1.250000e+00
      vertex   1.879600e+02 4.000000e+00 1.250000e+00
    endloop
  endfacet
  facet normal 0.000000e+00 -0.000000e+00 -1.000000e+00
    outer loop
      vertex   1.879600e+02 4.000000e+00 1.250000e+00
      vertex   1.883493e+02 2.247095e-01 1.250000e+00
      vertex   1.869329e+02 -2.049289e-01 1.250000e+00
    endloop
  endfacet
  facet normal 0.000000e+00 0.000000e+00 -1.000000e+00
    outer loop
      vertex   1.879600e+02 4.000000e+00 1.250000e+00
      vertex   1.869329e+02 -2.049289e-01 1.250000e+00
      vertex   1.854600e+02 -3.500000e-01 1.250000e+00
    endloop
  endfacet
  facet normal 0.000000e+00 -0.000000e+00 -1.000000e+00
    outer loop
      vertex   6.948000e+01 4.000000e+00 1.250000e+00
      vertex   7.148000e+01 2.000000e+00 1.250000e+00
      vertex   4.027585e+01 -3.000000e-01 1.250000e+00
    endloop
  endfacet
  facet normal 8.468301e-18 1.000000e+00 8.881784e-17
    outer loop
      vertex   4.027585e+01 -3.500000e-01 0.000000e+00
      vertex   7.500000e+00 -3.500000e-01 0.000000e+00
      vertex   4.027585e+01 -3.500000e-01 1.250000e+00
    endloop
  endfacet
  facet normal 3.387320e-18 1.000000e+00 2.220446e-16
    outer loop
      vertex   4.027585e+01 -3.500000e-01 1.250000e+00
      vertex   7.500000e+00 -3.500000e-01 0.000000e+00
      vertex   7.500000e+00 -3.500000e-01 1.250000e+00
    endloop
  endfacet
  facet normal 1.624339e-17 1.000000e+00 0.000000e+00
    outer loop
      vertex   1.102758e+02 -3.500000e-01 1.250000e+00
      vertex   1.854600e+02 -3.500000e-01 1.250000e+00
      vertex   1.102758e+02 -3.500000e-01 0.000000e+00
    endloop
  endfacet
  facet normal 1.624339e-17 1.000000e+00 0.000000e+00
    outer loop
      vertex   1.102758e+02 -3.500000e-01 0.000000e+00
      vertex   1.854600e+02 -3.500000e-01 1.250000e+00
      vertex   1.854600e+02 -3.500000e-01 0.000000e+00
    endloop
  endfacet
  facet normal 0.000000e+00 1.000000e+00 -0.000000e+00
    outer loop
      vertex   4.341350e+01 -3.051106e+01 0.000000e+00
      vertex   1.941350e+01 -3.051106e+01 0.000000e+00
      vertex   4.341350e+01 -3.051106e+01 1.000000e+00
    endloop
  endfacet
  facet normal 0.000000e+00 1.000000e+00 0.000000e+00
    outer loop
      vertex   4.341350e+01 -3.051106e+01 1.000000e+00
      vertex   1.941350e+01 -3.051106e+01 0.000000e+00
      vertex   1.941350e+01 -3.051106e+01 1.000000e+00
    endloop
  endfacet
  facet normal 1.305262e-01 9.914449e-01 0.000000e+00
    outer loop
      vertex   1.941350e+01 -3.051106e+01 1.000000e+00
      vertex   1.941350e+01 -3.051106e+01 0.000000e+00
      vertex   1.863704e+01 -3.040884e+01 1.000000e+00
    endloop
  endfacet
  facet normal 1.305262e-01 9.914449e-01 0.000000e+00
    outer loop
      vertex   1.863704e+01 -3.040884e+01 1.000000e+00
      vertex   1.941350e+01 -3.051106e+01 0.000000e+00
      vertex   1.863704e+01 -3.040884e+01 0.000000e+00
    endloop
  endfacet
  facet normal 3.826834e-01 9.238795e-01 0.000000e+00
    outer loop
      vertex   1.863704e+01 -3.040884e+01 1.000000e+00
      vertex   1.863704e+01 -3.040884e+01 0.000000e+00
      vertex   1.791350e+01 -3.010914e+01 1.000000e+00
    endloop
  endfacet
  facet normal 3.826834e-01 9.238795e-01 0.000000e+00
    outer loop
      vertex   1.791350e+01 -3.010914e+01 1.000000e+00
      vertex   1.863704e+01 -3.040884e+01 0.000000e+00
      vertex   1.791350e+01 -3.010914e+01 0.000000e+00
    endloop
  endfacet
  facet normal 6.087614e-01 7.933533e-01 0.000000e+00
    outer loop
      vertex   1.791350e+01 -3.010914e+01 1.000000e+00
      vertex   1.791350e+01 -3.010914e+01 0.000000e+00
      vertex   1.729218e+01 -2.963238e+01 1.000000e+00
    endloop
  endfacet
  facet normal 6.087614e-01 7.933533e-01 0.000000e+00
    outer loop
      vertex   1.729218e+01 -2.963238e+01 1.000000e+00
      vertex   1.791350e+01 -3.010914e+01 0.000000e+00
      vertex   1.729218e+01 -2.963238e+01 0.000000e+00
    endloop
  endfacet
  facet normal 7.933533e-01 6.087614e-01 0.000000e+00
    outer loop
      vertex   1.729218e+01 -2.963238e+01 1.000000e+00
      vertex   1.729218e+01 -2.963238e+01 0.000000e+00
      vertex   1.681542e+01 -2.901106e+01 1.000000e+00
    endloop
  endfacet
  facet normal 7.933533e-01 6.087614e-01 0.000000e+00
    outer loop
      vertex   1.681542e+01 -2.901106e+01 1.000000e+00
      vertex   1.729218e+01 -2.963238e+01 0.000000e+00
      vertex   1.681542e+01 -2.901106e+01 0.000000e+00
    endloop
  endfacet
  facet normal 9.238795e-01 3.826834e-01 0.000000e+00
    outer loop
      vertex   1.681542e+01 -2.901106e+01 1.000000e+00
      vertex   1.681542e+01 -2.901106e+01 0.000000e+00
      vertex   1.651572e+01 -2.828752e+01 1.000000e+00
    endloop
  endfacet
  facet normal 9.238795e-01 3.826834e-01 0.000000e+00
    outer loop
      vertex   1.651572e+01 -2.828752e+01 1.000000e+00
      vertex   1.681542e+01 -2.901106e+01 0.000000e+00
      vertex   1.651572e+01 -2.828752e+01 0.000000e+00
    endloop
  endfacet
  facet normal 9.914449e-01 1.305262e-01 0.000000e+00
    outer loop
      vertex   1.651572e+01 -2.828752e+01 1.000000e+00
      vertex   1.651572e+01 -2.828752e+01 0.000000e+00
      vertex   1.641350e+01 -2.751106e+01 1.000000e+00
    endloop
  endfacet
  facet normal 9.914449e-01 1.305262e-01 0.000000e+00
    outer loop
      vertex   1.641350e+01 -2.751106e+01 1.000000e+00
      vertex   1.651572e+01 -2.828752e+01 0.000000e+00
      vertex   1.641350e+01 -2.751106e+01 0.000000e+00
    endloop
  endfacet
  facet normal 1.000000e+00 -2.537653e-16 0.000000e+00
    outer loop
      vertex   1.641350e+01 -2.751106e+01 0.000000e+00
      vertex   1.641350e+01 -1.351106e+01 0.000000e+00
      vertex   1.641350e+01 -2.751106e+01 1.000000e+00
    endloop
  endfacet
  facet normal 1.000000e+00 -0.000000e+00 3.552714e-15
    outer loop
      vertex   1.641350e+01 -2.751106e+01 1.000000e+00
      vertex   1.641350e+01 -1.351106e+01 0.000000e+00
      vertex   1.641350e+01 -1.351106e+01 1.000000e+00
    endloop
  endfacet
  facet normal 9.914449e-01 -1.305262e-01 3.522320e-15
    outer loop
      vertex   1.641350e+01 -1.351106e+01 1.000000e+00
      vertex   1.641350e+01 -1.351106e+01 0.000000e+00
      vertex   1.651572e+01 -1.273460e+01 1.000000e+00
    endloop
  endfacet
  facet normal 9.914449e-01 -1.305262e-01 0.000000e+00
    outer loop
      vertex   1.651572e+01 -1.273460e+01 1.000000e+00
      vertex   1.641350e+01 -1.351106e+01 0.000000e+00
      vertex   1.651572e+01 -1.273460e+01 0.000000e+00
    endloop
  endfacet
  facet normal 9.238795e-01 -3.826834e-01 0.000000e+00
    outer loop
      vertex   1.651572e+01 -1.273460e+01 1.000000e+00
      vertex   1.651572e+01 -1.273460e+01 0.000000e+00
      vertex   1.681542e+01 -1.201106e+01 1.000000e+00
    endloop
  endfacet
  facet normal 9.238795e-01 -3.826834e-01 0.000000e+00
    outer loop
      vertex   1.681542e+01 -1.201106e+01 1.000000e+00
      vertex   1.651572e+01 -1.273460e+01 0.000000e+00
      vertex   1.681542e+01 -1.201106e+01 0.000000e+00
    endloop
  endfacet
  facet normal 7.933533e-01 -6.087614e-01 0.000000e+00
    outer loop
      vertex   1.681542e+01 -1.201106e+01 1.000000e+00
      vertex   1.681542e+01 -1.201106e+01 0.000000e+00
      vertex   1.729218e+01 -1.138974e+01 1.000000e+00
    endloop
  endfacet
  facet normal 7.933533e-01 -6.087614e-01 0.000000e+00
    outer loop
      vertex   1.729218e+01 -1.138974e+01 1.000000e+00
      vertex   1.681542e+01 -1.201106e+01 0.000000e+00
      vertex   1.729218e+01 -1.138974e+01 0.000000e+00
    endloop
  endfacet
  facet normal 6.087614e-01 -7.933533e-01 0.000000e+00
    outer loop
      vertex   1.729218e+01 -1.138974e+01 1.000000e+00
      vertex   1.729218e+01 -1.138974e+01 0.000000e+00
      vertex   1.791350e+01 -1.091299e+01 1.000000e+00
    endloop
  endfacet
  facet normal 6.087614e-01 -7.933533e-01 0.000000e+00
    outer loop
      vertex   1.791350e+01 -1.091299e+01 1.000000e+00
      vertex   1.729218e+01 -1.138974e+01 0.000000e+00
      vertex   1.791350e+01 -1.091299e+01 0.000000e+00
    endloop
  endfacet
  facet normal 3.826834e-01 -9.238795e-01 0.000000e+00
    outer loop
      vertex   1.791350e+01 -1.091299e+01 1.000000e+00
      vertex   1.791350e+01 -1.091299e+01 0.000000e+00
      vertex   1.863704e+01 -1.061328e+01 1.000000e+00
    endloop
  endfacet
  facet normal 3.826834e-01 -9.238795e-01 0.000000e+00
    outer loop
      vertex   1.863704e+01 -1.061328e+01 1.000000e+00
      vertex   1.791350e+01 -1.091299e+01 0.000000e+00
      vertex   1.863704e+01 -1.061328e+01 0.000000e+00
    endloop
  endfacet
  facet normal 1.305262e-01 -9.914449e-01 0.000000e+00
    outer loop
      vertex   1.863704e+01 -1.061328e+01 1.000000e+00
      vertex   1.863704e+01 -1.061328e+01 0.000000e+00
      vertex   1.941350e+01 -1.051106e+01 1.000000e+00
    endloop
  endfacet
  facet normal 1.305262e-01 -9.914449e-01 -1.761160e-15
    outer loop
      vertex   1.941350e+01 -1.051106e+01 1.000000e+00
      vertex   1.863704e+01 -1.061328e+01 0.000000e+00
      vertex   1.941350e+01 -1.051106e+01 0.000000e+00
    endloop
  endfacet
  facet normal -1.305262e-01 -9.914449e-01 -0.000000e+00
    outer loop
      vertex   4.341350e+01 -1.051106e+01 1.000000e+00
      vertex   4.341350e+01 -1.051106e+01 0.000000e+00
      vertex   4.418996e+01 -1.061328e+01 1.000000e+00
    endloop
  endfacet
  facet normal -1.305262e-01 -9.914449e-01 -0.000000e+00
    outer loop
      vertex   4.418996e+01 -1.061328e+01 1.000000e+00
      vertex   4.341350e+01 -1.051106e+01 0.000000e+00
      vertex   4.418996e+01 -1.061328e+01 0.000000e+00
    endloop
  endfacet
  facet normal -3.826834e-01 -9.238795e-01 -0.000000e+00
    outer loop
      vertex   4.418996e+01 -1.061328e+01 1.000000e+00
      vertex   4.418996e+01 -1.061328e+01 0.000000e+00
      vertex   4.491350e+01 -1.091299e+01 1.000000e+00
    endloop
  endfacet
  facet normal -3.826834e-01 -9.238795e-01 -0.000000e+00
    outer loop
      vertex   4.491350e+01 -1.091299e+01 1.000000e+00
      vertex   4.418996e+01 -1.061328e+01 0.000000e+00
      vertex   4.491350e+01 -1.091299e+01 0.000000e+00
    endloop
  endfacet
  facet normal -6.087614e-01 -7.933533e-01 -0.000000e+00
    outer loop
      vertex   4.491350e+01 -1.091299e+01 1.000000e+00
      vertex   4.491350e+01 -1.091299e+01 0.000000e+00
      vertex   4.553482e+01 -1.138974e+01 1.000000e+00
    endloop
  endfacet
  facet normal -6.087614e-01 -7.933533e-01 -0.000000e+00
    outer loop
      vertex   4.553482e+01 -1.138974e+01 1.000000e+00
      vertex   4.491350e+01 -1.091299e+01 0.000000e+00
      vertex   4.553482e+01 -1.138974e+01 0.000000e+00
    endloop
  endfacet
  facet normal -7.933533e-01 -6.087614e-01 -0.000000e+00
    outer loop
      vertex   4.553482e+01 -1.138974e+01 1.000000e+00
      vertex   4.553482e+01 -1.138974e+01 0.000000e+00
      vertex   4.601158e+01 -1.201106e+01 1.000000e+00
    endloop
  endfacet
  facet normal -7.933533e-01 -6.087614e-01 -0.000000e+00
    outer loop
      vertex   4.601158e+01 -1.201106e+01 1.000000e+00
      vertex   4.553482e+01 -1.138974e+01 0.000000e+00
      vertex   4.601158e+01 -1.201106e+01 0.000000e+00
    endloop
  endfacet
  facet normal -9.238795e-01 -3.826834e-01 -0.000000e+00
    outer loop
      vertex   4.601158e+01 -1.201106e+01 1.000000e+00
      vertex   4.601158e+01 -1.201106e+01 0.000000e+00
      vertex   4.631128e+01 -1.273460e+01 1.000000e+00
    endloop
  endfacet
  facet normal -9.238795e-01 -3.826834e-01 -0.000000e+00
    outer loop
      vertex   4.631128e+01 -1.273460e+01 1.000000e+00
      vertex   4.601158e+01 -1.201106e+01 0.000000e+00
      vertex   4.631128e+01 -1.273460e+01 0.000000e+00
    endloop
  endfacet
  facet normal -9.914449e-01 -1.305262e-01 -0.000000e+00
    outer loop
      vertex   4.631128e+01 -1.273460e+01 1.000000e+00
      vertex   4.631128e+01 -1.273460e+01 0.000000e+00
      vertex   4.641350e+01 -1.351106e+01 1.000000e+00
    endloop
  endfacet
  facet normal -9.914449e-01 -1.305262e-01 -0.000000e+00
    outer loop
      vertex   4.641350e+01 -1.351106e+01 1.000000e+00
      vertex   4.631128e+01 -1.273460e+01 0.000000e+00
      vertex   4.641350e+01 -1.351106e+01 0.000000e+00
    endloop
  endfacet
  facet normal -1.000000e+00 0.000000e+00 0.000000e+00
    outer loop
      vertex   4.641350e+01 -1.351106e+01 0.000000e+00
      vertex   4.641350e+01 -2.751106e+01 0.000000e+00
      vertex   4.641350e+01 -1.351106e+01 1.000000e+00
    endloop
  endfacet
  facet normal -1.000000e+00 -0.000000e+00 0.000000e+00
    outer loop
      vertex   4.641350e+01 -1.351106e+01 1.000000e+00
      vertex   4.641350e+01 -2.751106e+01 0.000000e+00
      vertex   4.641350e+01 -2.751106e+01 1.000000e+00
    endloop
  endfacet
  facet normal -9.914449e-01 1.305262e-01 0.000000e+00
    outer loop
      vertex   4.641350e+01 -2.751106e+01 1.000000e+00
      vertex   4.641350e+01 -2.751106e+01 0.000000e+00
      vertex   4.631128e+01 -2.828752e+01 1.000000e+00
    endloop
  endfacet
  facet normal -9.914449e-01 1.305262e-01 0.000000e+00
    outer loop
      vertex   4.631128e+01 -2.828752e+01 1.000000e+00
      vertex   4.641350e+01 -2.751106e+01 0.000000e+00
      vertex   4.631128e+01 -2.828752e+01 0.000000e+00
    endloop
  endfacet
  facet normal -9.238795e-01 3.826834e-01 0.000000e+00
    outer loop
      vertex   4.631128e+01 -2.828752e+01 1.000000e+00
      vertex   4.631128e+01 -2.828752e+01 0.000000e+00
      vertex   4.601158e+01 -2.901106e+01 1.000000e+00
    endloop
  endfacet
  facet normal -9.238795e-01 3.826834e-01 0.000000e+00
    outer loop
      vertex   4.601158e+01 -2.901106e+01 1.000000e+00
      vertex   4.631128e+01 -2.828752e+01 0.000000e+00
      vertex   4.601158e+01 -2.901106e+01 0.000000e+00
    endloop
  endfacet
  facet normal -7.933533e-01 6.087614e-01 0.000000e+00
    outer loop
      vertex   4.601158e+01 -2.901106e+01 1.000000e+00
      vertex   4.601158e+01 -2.901106e+01 0.000000e+00
      vertex   4.553482e+01 -2.963238e+01 1.000000e+00
    endloop
  endfacet
  facet normal -7.933533e-01 6.087614e-01 0.000000e+00
    outer loop
      vertex   4.553482e+01 -2.963238e+01 1.000000e+00
      vertex   4.601158e+01 -2.901106e+01 0.000000e+00
      vertex   4.553482e+01 -2.963238e+01 0.000000e+00
    endloop
  endfacet
  facet normal -6.087614e-01 7.933533e-01 0.000000e+00
    outer loop
      vertex   4.553482e+01 -2.963238e+01 1.000000e+00
      vertex   4.553482e+01 -2.963238e+01 0.000000e+00
      vertex   4.491350e+01 -3.010914e+01 1.000000e+00
    endloop
  endfacet
  facet normal -6.087614e-01 7.933533e-01 0.000000e+00
    outer loop
      vertex   4.491350e+01 -3.010914e+01 1.000000e+00
      vertex   4.553482e+01 -2.963238e+01 0.000000e+00
      vertex   4.491350e+01 -3.010914e+01 0.000000e+00
    endloop
  endfacet
  facet normal -3.826834e-01 9.238795e-01 0.000000e+00
    outer loop
      vertex   4.491350e+01 -3.010914e+01 1.000000e+00
      vertex   4.491350e+01 -3.010914e+01 0.000000e+00
      vertex   4.418996e+01 -3.040884e+01 1.000000e+00
    endloop
  endfacet
  facet normal -3.826834e-01 9.238795e-01 0.000000e+00
    outer loop
      vertex   4.418996e+01 -3.040884e+01 1.000000e+00
      vertex   4.491350e+01 -3.010914e+01 0.000000e+00
      vertex   4.418996e+01 -3.040884e+01 0.000000e+00
    endloop
  endfacet
  facet normal -1.305262e-01 9.914449e-01 0.000000e+00
    outer loop
      vertex   4.418996e+01 -3.040884e+01 1.000000e+00
      vertex   4.418996e+01 -3.040884e+01 0.000000e+00
      vertex   4.341350e+01 -3.051106e+01 1.000000e+00
    endloop
  endfacet
  facet normal -1.305262e-01 9.914449e-01 0.000000e+00
    outer loop
      vertex   4.341350e+01 -3.051106e+01 1.000000e+00
      vertex   4.418996e+01 -3.040884e+01 0.000000e+00
      vertex   4.341350e+01 -3.051106e+01 0.000000e+00
    endloop
  endfacet
  facet normal 7.071068e-01 7.071068e-01 -1.256074e-15
    outer loop
      vertex   6.948000e+01 4.000000e+00 1.250000e+00
      vertex   6.948000e+01 4.000000e+00 2.500000e+00
      vertex   7.148000e+01 2.000000e+00 1.250000e+00
    endloop
  endfacet
  facet normal 7.071068e-01 7.071068e-01 -0.000000e+00
    outer loop
      vertex   7.148000e+01 2.000000e+00 1.250000e+00
      vertex   6.948000e+01 4.000000e+00 2.500000e+00
      vertex   7.148000e+01 2.000000e+00 2.500000e+00
    endloop
  endfacet
  facet normal -7.071068e-01 7.071068e-01 -1.256074e-15
    outer loop
      vertex   1.234800e+02 4.000000e+00 2.500000e+00
      vertex   1.234800e+02 4.000000e+00 1.250000e+00
      vertex   1.214800e+02 2.000000e+00 2.500000e+00
    endloop
  endfacet
  facet normal -7.071068e-01 7.071068e-01 0.000000e+00
    outer loop
      vertex   1.214800e+02 2.000000e+00 2.500000e+00
      vertex   1.234800e+02 4.000000e+00 1.250000e+00
      vertex   1.214800e+02 2.000000e+00 1.250000e+00
    endloop
  endfacet
  facet normal 0.000000e+00 1.000000e+00 0.000000e+00
    outer loop
      vertex   7.148000e+01 2.000000e+00 1.250000e+00
      vertex   7.148000e+01 2.000000e+00 2.500000e+00
      vertex   1.214800e+02 2.000000e+00 1.250000e+00
    endloop
  endfacet
  facet normal 0.000000e+00 1.000000e+00 -0.000000e+00
    outer loop
      vertex   1.214800e+02 2.000000e+00 1.250000e+00
      vertex   7.148000e+01 2.000000e+00 2.500000e+00
      vertex   1.214800e+02 2.000000e+00 2.500000e+00
    endloop
  endfacet
  facet normal -2.066172e-17 1.000000e+00 -1.776357e-15
    outer loop
      vertex   6.948000e+01 4.000000e+00 2.500000e+00
      vertex   6.948000e+01 4.000000e+00 1.250000e+00
      vertex   5.000000e+00 4.000000e+00 2.500000e+00
    endloop
  endfacet
  facet normal 1.377448e-17 1.000000e+00 0.000000e+00
    outer loop
      vertex   5.000000e+00 4.000000e+00 2.500000e+00
      vertex   6.948000e+01 4.000000e+00 1.250000e+00
      vertex   5.000000e+00 4.000000e+00 1.250000e+00
    endloop
  endfacet
  facet normal -8.264688e-17 1.000000e+00 -1.776357e-15
    outer loop
      vertex   1.234800e+02 4.000000e+00 1.250000e+00
      vertex   1.234800e+02 4.000000e+00 2.500000e+00
      vertex   1.879600e+02 4.000000e+00 1.250000e+00
    endloop
  endfacet
  facet normal -4.821068e-17 1.000000e+00 0.000000e+00
    outer loop
      vertex   1.879600e+02 4.000000e+00 1.250000e+00
      vertex   1.234800e+02 4.000000e+00 2.500000e+00
      vertex   1.879600e+02 4.000000e+00 2.500000e+00
    endloop
  endfacet
  facet normal 9.801714e-02 9.951847e-01 2.209754e-16
    outer loop
      vertex   7.500000e+00 -3.500000e-01 1.250000e+00
      vertex   7.500000e+00 -3.500000e-01 0.000000e+00
      vertex   6.027068e+00 -2.049289e-01 1.250000e+00
    endloop
  endfacet
  facet normal 9.801714e-02 9.951847e-01 0.000000e+00
    outer loop
      vertex   6.027068e+00 -2.049289e-01 1.250000e+00
      vertex   7.500000e+00 -3.500000e-01 0.000000e+00
      vertex   6.027068e+00 -2.049289e-01 0.000000e+00
    endloop
  endfacet
  facet normal 2.902847e-01 9.569403e-01 0.000000e+00
    outer loop
      vertex   6.027068e+00 -2.049289e-01 1.250000e+00
      vertex   6.027068e+00 -2.049289e-01 0.000000e+00
      vertex   4.610740e+00 2.247095e-01 1.250000e+00
    endloop
  endfacet
  facet normal 2.902847e-01 9.569403e-01 0.000000e+00
    outer loop
      vertex   4.610740e+00 2.247095e-01 1.250000e+00
      vertex   6.027068e+00 -2.049289e-01 0.000000e+00
      vertex   4.610740e+00 2.247095e-01 0.000000e+00
    endloop
  endfacet
  facet normal 4.713967e-01 8.819213e-01 0.000000e+00
    outer loop
      vertex   4.610740e+00 2.247095e-01 1.250000e+00
      vertex   4.610740e+00 2.247095e-01 0.000000e+00
      vertex   3.305445e+00 9.224044e-01 1.250000e+00
    endloop
  endfacet
  facet normal 4.713967e-01 8.819213e-01 0.000000e+00
    outer loop
      vertex   3.305445e+00 9.224044e-01 1.250000e+00
      vertex   4.610740e+00 2.247095e-01 0.000000e+00
      vertex   3.305445e+00 9.224044e-01 0.000000e+00
    endloop
  endfacet
  facet normal 6.343933e-01 7.730105e-01 0.000000e+00
    outer loop
      vertex   3.305445e+00 9.224044e-01 1.250000e+00
      vertex   3.305445e+00 9.224044e-01 0.000000e+00
      vertex   2.161344e+00 1.861344e+00 1.250000e+00
    endloop
  endfacet
  facet normal 6.343933e-01 7.730105e-01 0.000000e+00
    outer loop
      vertex   2.161344e+00 1.861344e+00 1.250000e+00
      vertex   3.305445e+00 9.224044e-01 0.000000e+00
      vertex   2.161344e+00 1.861344e+00 0.000000e+00
    endloop
  endfacet
  facet normal 7.730105e-01 6.343933e-01 0.000000e+00
    outer loop
      vertex   2.161344e+00 1.861344e+00 1.250000e+00
      vertex   2.161344e+00 1.861344e+00 0.000000e+00
      vertex   1.222404e+00 3.005445e+00 1.250000e+00
    endloop
  endfacet
  facet normal 7.730105e-01 6.343933e-01 0.000000e+00
    outer loop
      vertex   1.222404e+00 3.005445e+00 1.250000e+00
      vertex   2.161344e+00 1.861344e+00 0.000000e+00
      vertex   1.222404e+00 3.005445e+00 0.000000e+00
    endloop
  endfacet
  facet normal 8.819213e-01 4.713967e-01 0.000000e+00
    outer loop
      vertex   1.222404e+00 3.005445e+00 1.250000e+00
      vertex   1.222404e+00 3.005445e+00 0.000000e+00
      vertex   5.247095e-01 4.310740e+00 1.250000e+00
    endloop
  endfacet
  facet normal 8.819213e-01 4.713967e-01 0.000000e+00
    outer loop
      vertex   5.247095e-01 4.310740e+00 1.250000e+00
      vertex   1.222404e+00 3.005445e+00 0.000000e+00
      vertex   5.247095e-01 4.310740e+00 0.000000e+00
    endloop
  endfacet
  facet normal 9.569403e-01 2.902847e-01 0.000000e+00
    outer loop
      vertex   5.247095e-01 4.310740e+00 1.250000e+00
      vertex   5.247095e-01 4.310740e+00 0.000000e+00
      vertex   9.507113e-02 5.727068e+00 1.250000e+00
    endloop
  endfacet
  facet normal 9.569403e-01 2.902847e-01 0.000000e+00
    outer loop
      vertex   9.507113e-02 5.727068e+00 1.250000e+00
      vertex   5.247095e-01 4.310740e+00 0.000000e+00
      vertex   9.507113e-02 5.727068e+00 0.000000e+00
    endloop
  endfacet
  facet normal 9.951847e-01 9.801714e-02 0.000000e+00
    outer loop
      vertex   9.507113e-02 5.727068e+00 1.250000e+00
      vertex   9.507113e-02 5.727068e+00 0.000000e+00
      vertex   -5.000000e-02 7.200000e+00 1.250000e+00
    endloop
  endfacet
  facet normal 9.951847e-01 9.801714e-02 -8.839016e-16
    outer loop
      vertex   -5.000000e-02 7.200000e+00 1.250000e+00
      vertex   9.507113e-02 5.727068e+00 0.000000e+00
      vertex   -5.000000e-02 7.200000e+00 0.000000e+00
    endloop
  endfacet
  facet normal 1.000000e+00 -6.906520e-17 -8.881784e-16
    outer loop
      vertex   -5.000000e-02 7.200000e+00 0.000000e+00
      vertex   -5.000000e-02 1.036500e+02 0.000000e+00
      vertex   -5.000000e-02 7.200000e+00 1.250000e+00
    endloop
  endfacet
  facet normal 1.000000e+00 -0.000000e+00 4.440892e-15
    outer loop
      vertex   -5.000000e-02 7.200000e+00 1.250000e+00
      vertex   -5.000000e-02 1.036500e+02 0.000000e+00
      vertex   -5.000000e-02 1.036500e+02 1.250000e+00
    endloop
  endfacet
  facet normal 9.951847e-01 -9.801714e-02 4.419508e-15
    outer loop
      vertex   -5.000000e-02 1.036500e+02 1.250000e+00
      vertex   -5.000000e-02 1.036500e+02 0.000000e+00
      vertex   9.507113e-02 1.051229e+02 1.250000e+00
    endloop
  endfacet
  facet normal 9.951847e-01 -9.801714e-02 0.000000e+00
    outer loop
      vertex   9.507113e-02 1.051229e+02 1.250000e+00
      vertex   -5.000000e-02 1.036500e+02 0.000000e+00
      vertex   9.507113e-02 1.051229e+02 0.000000e+00
    endloop
  endfacet
  facet normal 9.569403e-01 -2.902847e-01 0.000000e+00
    outer loop
      vertex   9.507113e-02 1.051229e+02 1.250000e+00
      vertex   9.507113e-02 1.051229e+02 0.000000e+00
      vertex   5.247095e-01 1.065393e+02 1.250000e+00
    endloop
  endfacet
  facet normal 9.569403e-01 -2.902847e-01 0.000000e+00
    outer loop
      vertex   5.247095e-01 1.065393e+02 1.250000e+00
      vertex   9.507113e-02 1.051229e+02 0.000000e+00
      vertex   5.247095e-01 1.065393e+02 0.000000e+00
    endloop
  endfacet
  facet normal 8.819213e-01 -4.713967e-01 0.000000e+00
    outer loop
      vertex   5.247095e-01 1.065393e+02 1.250000e+00
      vertex   5.247095e-01 1.065393e+02 0.000000e+00
      vertex   1.222404e+00 1.078446e+02 1.250000e+00
    endloop
  endfacet
  facet normal 8.819213e-01 -4.713967e-01 0.000000e+00
    outer loop
      vertex   1.222404e+00 1.078446e+02 1.250000e+00
      vertex   5.247095e-01 1.065393e+02 0.000000e+00
      vertex   1.222404e+00 1.078446e+02 0.000000e+00
    endloop
  endfacet
  facet normal 7.730105e-01 -6.343933e-01 0.000000e+00
    outer loop
      vertex   1.222404e+00 1.078446e+02 1.250000e+00
      vertex   1.222404e+00 1.078446e+02 0.000000e+00
      vertex   2.161344e+00 1.089887e+02 1.250000e+00
    endloop
  endfacet
  facet normal 7.730105e-01 -6.343933e-01 0.000000e+00
    outer loop
      vertex   2.161344e+00 1.089887e+02 1.250000e+00
      vertex   1.222404e+00 1.078446e+02 0.000000e+00
      vertex   2.161344e+00 1.089887e+02 0.000000e+00
    endloop
  endfacet
  facet normal 6.343933e-01 -7.730105e-01 0.000000e+00
    outer loop
      vertex   2.161344e+00 1.089887e+02 1.250000e+00
      vertex   2.161344e+00 1.089887e+02 0.000000e+00
      vertex   3.305445e+00 1.099276e+02 1.250000e+00
    endloop
  endfacet
  facet normal 6.343933e-01 -7.730105e-01 0.000000e+00
    outer loop
      vertex   3.305445e+00 1.099276e+02 1.250000e+00
      vertex   2.161344e+00 1.089887e+02 0.000000e+00
      vertex   3.305445e+00 1.099276e+02 0.000000e+00
    endloop
  endfacet
  facet normal 4.713967e-01 -8.819213e-01 0.000000e+00
    outer loop
      vertex   3.305445e+00 1.099276e+02 1.250000e+00
      vertex   3.305445e+00 1.099276e+02 0.000000e+00
      vertex   4.610740e+00 1.106253e+02 1.250000e+00
    endloop
  endfacet
  facet normal 4.713967e-01 -8.819213e-01 0.000000e+00
    outer loop
      vertex   4.610740e+00 1.106253e+02 1.250000e+00
      vertex   3.305445e+00 1.099276e+02 0.000000e+00
      vertex   4.610740e+00 1.106253e+02 0.000000e+00
    endloop
  endfacet
  facet normal 2.902847e-01 -9.569403e-01 0.000000e+00
    outer loop
      vertex   4.610740e+00 1.106253e+02 1.250000e+00
      vertex   4.610740e+00 1.106253e+02 0.000000e+00
      vertex   6.027068e+00 1.110549e+02 1.250000e+00
    endloop
  endfacet
  facet normal 2.902847e-01 -9.569403e-01 0.000000e+00
    outer loop
      vertex   6.027068e+00 1.110549e+02 1.250000e+00
      vertex   4.610740e+00 1.106253e+02 0.000000e+00
      vertex   6.027068e+00 1.110549e+02 0.000000e+00
    endloop
  endfacet
  facet normal 9.801714e-02 -9.951847e-01 0.000000e+00
    outer loop
      vertex   6.027068e+00 1.110549e+02 1.250000e+00
      vertex   6.027068e+00 1.110549e+02 0.000000e+00
      vertex   7.500000e+00 1.112000e+02 1.250000e+00
    endloop
  endfacet
  facet normal 9.801714e-02 -9.951847e-01 -2.785815e-16
    outer loop
      vertex   7.500000e+00 1.112000e+02 1.250000e+00
      vertex   6.027068e+00 1.110549e+02 0.000000e+00
      vertex   7.500000e+00 1.112000e+02 0.000000e+00
    endloop
  endfacet
  facet normal 0.000000e+00 -1.000000e+00 0.000000e+00
    outer loop
      vertex   7.500000e+00 1.112000e+02 0.000000e+00
      vertex   1.854600e+02 1.112000e+02 0.000000e+00
      vertex   7.500000e+00 1.112000e+02 1.250000e+00
    endloop
  endfacet
  facet normal 0.000000e+00 -1.000000e+00 0.000000e+00
    outer loop
      vertex   7.500000e+00 1.112000e+02 1.250000e+00
      vertex   1.854600e+02 1.112000e+02 0.000000e+00
      vertex   1.854600e+02 1.112000e+02 1.250000e+00
    endloop
  endfacet
  facet normal -9.801714e-02 -9.951847e-01 -0.000000e+00
    outer loop
      vertex   1.854600e+02 1.112000e+02 1.250000e+00
      vertex   1.854600e+02 1.112000e+02 0.000000e+00
      vertex   1.869329e+02 1.110549e+02 1.250000e+00
    endloop
  endfacet
  facet normal -9.801714e-02 -9.951847e-01 -0.000000e+00
    outer loop
      vertex   1.869329e+02 1.110549e+02 1.250000e+00
      vertex   1.854600e+02 1.112000e+02 0.000000e+00
      vertex   1.869329e+02 1.110549e+02 0.000000e+00
    endloop
  endfacet
  facet normal -2.902847e-01 -9.569403e-01 -0.000000e+00
    outer loop
      vertex   1.869329e+02 1.110549e+02 1.250000e+00
      vertex   1.869329e+02 1.110549e+02 0.000000e+00
      vertex   1.883493e+02 1.106253e+02 1.250000e+00
    endloop
  endfacet
  facet normal -2.902847e-01 -9.569403e-01 -0.000000e+00
    outer loop
      vertex   1.883493e+02 1.106253e+02 1.250000e+00
      vertex   1.869329e+02 1.110549e+02 0.000000e+00
      vertex   1.883493e+02 1.106253e+02 0.000000e+00
    endloop
  endfacet
  facet normal -4.713967e-01 -8.819213e-01 -0.000000e+00
    outer loop
      vertex   1.883493e+02 1.106253e+02 1.250000e+00
      vertex   1.883493e+02 1.106253e+02 0.000000e+00
      vertex   1.896546e+02 1.099276e+02 1.250000e+00
    endloop
  endfacet
  facet normal -4.713967e-01 -8.819213e-01 -0.000000e+00
    outer loop
      vertex   1.896546e+02 1.099276e+02 1.250000e+00
      vertex   1.883493e+02 1.106253e+02 0.000000e+00
      vertex   1.896546e+02 1.099276e+02 0.000000e+00
    endloop
  endfacet
  facet normal -6.343933e-01 -7.730105e-01 -0.000000e+00
    outer loop
      vertex   1.896546e+02 1.099276e+02 1.250000e+00
      vertex   1.896546e+02 1.099276e+02 0.000000e+00
      vertex   1.907987e+02 1.089887e+02 1.250000e+00
    endloop
  endfacet
  facet normal -6.343933e-01 -7.730105e-01 -0.000000e+00
    outer loop
      vertex   1.907987e+02 1.089887e+02 1.250000e+00
      vertex   1.896546e+02 1.099276e+02 0.000000e+00
      vertex   1.907987e+02 1.089887e+02 0.000000e+00
    endloop
  endfacet
  facet normal -7.730105e-01 -6.343933e-01 -0.000000e+00
    outer loop
      vertex   1.907987e+02 1.089887e+02 1.250000e+00
      vertex   1.907987e+02 1.089887e+02 0.000000e+00
      vertex   1.917376e+02 1.078446e+02 1.250000e+00
    endloop
  endfacet
  facet normal -7.730105e-01 -6.343933e-01 -0.000000e+00
    outer loop
      vertex   1.917376e+02 1.078446e+02 1.250000e+00
      vertex   1.907987e+02 1.089887e+02 0.000000e+00
      vertex   1.917376e+02 1.078446e+02 0.000000e+00
    endloop
  endfacet
  facet normal -8.819213e-01 -4.713967e-01 -0.000000e+00
    outer loop
      vertex   1.917376e+02 1.078446e+02 1.250000e+00
      vertex   1.917376e+02 1.078446e+02 0.000000e+00
      vertex   1.924353e+02 1.065393e+02 1.250000e+00
    endloop
  endfacet
  facet normal -8.819213e-01 -4.713967e-01 -0.000000e+00
    outer loop
      vertex   1.924353e+02 1.065393e+02 1.250000e+00
      vertex   1.917376e+02 1.078446e+02 0.000000e+00
      vertex   1.924353e+02 1.065393e+02 0.000000e+00
    endloop
  endfacet
  facet normal -9.569403e-01 -2.902847e-01 -0.000000e+00
    outer loop
      vertex   1.924353e+02 1.065393e+02 1.250000e+00
      vertex   1.924353e+02 1.065393e+02 0.000000e+00
      vertex   1.928649e+02 1.051229e+02 1.250000e+00
    endloop
  endfacet
  facet normal -9.569403e-01 -2.902847e-01 -0.000000e+00
    outer loop
      vertex   1.928649e+02 1.051229e+02 1.250000e+00
      vertex   1.924353e+02 1.065393e+02 0.000000e+00
      vertex   1.928649e+02 1.051229e+02 0.000000e+00
    endloop
  endfacet
  facet normal -9.951847e-01 -9.801714e-02 -0.000000e+00
    outer loop
      vertex   1.928649e+02 1.051229e+02 1.250000e+00
      vertex   1.928649e+02 1.051229e+02 0.000000e+00
      vertex   1.930100e+02 1.036500e+02 1.250000e+00
    endloop
  endfacet
  facet normal -9.951847e-01 -9.801714e-02 -0.000000e+00
    outer loop
      vertex   1.930100e+02 1.036500e+02 1.250000e+00
      vertex   1.928649e+02 1.051229e+02 0.000000e+00
      vertex   1.930100e+02 1.036500e+02 0.000000e+00
    endloop
  endfacet
  facet normal -1.000000e+00 0.000000e+00 0.000000e+00
    outer loop
      vertex   1.930100e+02 1.036500e+02 0.000000e+00
      vertex   1.930100e+02 7.200000e+00 0.000000e+00
      vertex   1.930100e+02 1.036500e+02 1.250000e+00
    endloop
  endfacet
  facet normal -1.000000e+00 -0.000000e+00 0.000000e+00
    outer loop
      vertex   1.930100e+02 1.036500e+02 1.250000e+00
      vertex   1.930100e+02 7.200000e+00 0.000000e+00
      vertex   1.930100e+02 7.200000e+00 1.250000e+00
    endloop
  endfacet
  facet normal -9.951847e-01 9.801714e-02 0.000000e+00
    outer loop
      vertex   1.930100e+02 7.200000e+00 1.250000e+00
      vertex   1.930100e+02 7.200000e+00 0.000000e+00
      vertex   1.928649e+02 5.727068e+00 1.250000e+00
    endloop
  endfacet
  facet normal -9.951847e-01 9.801714e-02 0.000000e+00
    outer loop
      vertex   1.928649e+02 5.727068e+00 1.250000e+00
      vertex   1.930100e+02 7.200000e+00 0.000000e+00
      vertex   1.928649e+02 5.727068e+00 0.000000e+00
    endloop
  endfacet
  facet normal -9.569403e-01 2.902847e-01 0.000000e+00
    outer loop
      vertex   1.928649e+02 5.727068e+00 1.250000e+00
      vertex   1.928649e+02 5.727068e+00 0.000000e+00
      vertex   1.924353e+02 4.310740e+00 1.250000e+00
    endloop
  endfacet
  facet normal -9.569403e-01 2.902847e-01 0.000000e+00
    outer loop
      vertex   1.924353e+02 4.310740e+00 1.250000e+00
      vertex   1.928649e+02 5.727068e+00 0.000000e+00
      vertex   1.924353e+02 4.310740e+00 0.000000e+00
    endloop
  endfacet
  facet normal -8.819213e-01 4.713967e-01 0.000000e+00
    outer loop
      vertex   1.924353e+02 4.310740e+00 1.250000e+00
      vertex   1.924353e+02 4.310740e+00 0.000000e+00
      vertex   1.917376e+02 3.005445e+00 1.250000e+00
    endloop
  endfacet
  facet normal -8.819213e-01 4.713967e-01 0.000000e+00
    outer loop
      vertex   1.917376e+02 3.005445e+00 1.250000e+00
      vertex   1.924353e+02 4.310740e+00 0.000000e+00
      vertex   1.917376e+02 3.005445e+00 0.000000e+00
    endloop
  endfacet
  facet normal -7.730105e-01 6.343933e-01 0.000000e+00
    outer loop
      vertex   1.917376e+02 3.005445e+00 1.250000e+00
      vertex   1.917376e+02 3.005445e+00 0.000000e+00
      vertex   1.907987e+02 1.861344e+00 1.250000e+00
    endloop
  endfacet
  facet normal -7.730105e-01 6.343933e-01 0.000000e+00
    outer loop
      vertex   1.907987e+02 1.861344e+00 1.250000e+00
      vertex   1.917376e+02 3.005445e+00 0.000000e+00
      vertex   1.907987e+02 1.861344e+00 0.000000e+00
    endloop
  endfacet
  facet normal -6.343933e-01 7.730105e-01 0.000000e+00
    outer loop
      vertex   1.907987e+02 1.861344e+00 1.250000e+00
      vertex   1.907987e+02 1.861344e+00 0.000000e+00
      vertex   1.896546e+02 9.224044e-01 1.250000e+00
    endloop
  endfacet
  facet normal -6.343933e-01 7.730105e-01 0.000000e+00
    outer loop
      vertex   1.896546e+02 9.224044e-01 1.250000e+00
      vertex   1.907987e+02 1.861344e+00 0.000000e+00
      vertex   1.896546e+02 9.224044e-01 0.000000e+00
    endloop
  endfacet
  facet normal -4.713967e-01 8.819213e-01 0.000000e+00
    outer loop
      vertex   1.896546e+02 9.224044e-01 1.250000e+00
      vertex   1.896546e+02 9.224044e-01 0.000000e+00
      vertex   1.883493e+02 2.247095e-01 1.250000e+00
    endloop
  endfacet
  facet normal -4.713967e-01 8.819213e-01 0.000000e+00
    outer loop
      vertex   1.883493e+02 2.247095e-01 1.250000e+00
      vertex   1.896546e+02 9.224044e-01 0.000000e+00
      vertex   1.883493e+02 2.247095e-01 0.000000e+00
    endloop
  endfacet
  facet normal -2.902847e-01 9.569403e-01 0.000000e+00
    outer loop
      vertex   1.883493e+02 2.247095e-01 1.250000e+00
      vertex   1.883493e+02 2.247095e-01 0.000000e+00
      vertex   1.869329e+02 -2.049289e-01 1.250000e+00
    endloop
  endfacet
  facet normal -2.902847e-01 9.569403e-01 0.000000e+00
    outer loop
      vertex   1.869329e+02 -2.049289e-01 1.250000e+00
      vertex   1.883493e+02 2.247095e-01 0.000000e+00
      vertex   1.869329e+02 -2.049289e-01 0.000000e+00
    endloop
  endfacet
  facet normal -9.801714e-02 9.951847e-01 0.000000e+00
    outer loop
      vertex   1.869329e+02 -2.049289e-01 1.250000e+00
      vertex   1.869329e+02 -2.049289e-01 0.000000e+00
      vertex   1.854600e+02 -3.500000e-01 1.250000e+00
    endloop
  endfacet
  facet normal -9.801714e-02 9.951847e-01 0.000000e+00
    outer loop
      vertex   1.854600e+02 -3.500000e-01 1.250000e+00
      vertex   1.869329e+02 -2.049289e-01 0.000000e+00
      vertex   1.854600e+02 -3.500000e-01 0.000000e+00
    endloop
  endfacet
  facet normal 0.000000e+00 -1.000000e+00 0.000000e+00
    outer loop
      vertex   5.000000e+00 1.057600e+02 1.250000e+00
      vertex   1.879600e+02 1.057600e+02 1.250000e+00
      vertex   5.000000e+00 1.057600e+02 2.500000e+00
    endloop
  endfacet
  facet normal 0.000000e+00 -1.000000e+00 0.000000e+00
    outer loop
      vertex   5.000000e+00 1.057600e+02 2.500000e+00
      vertex   1.879600e+02 1.057600e+02 1.250000e+00
      vertex   1.879600e+02 1.057600e+02 2.500000e+00
    endloop
  endfacet
  facet normal -1.000000e+00 0.000000e+00 0.000000e+00
    outer loop
      vertex   1.879600e+02 1.057600e+02 1.250000e+00
      vertex   1.879600e+02 4.000000e+00 1.250000e+00
      vertex   1.879600e+02 1.057600e+02 2.500000e+00
    endloop
  endfacet
  facet normal -1.000000e+00 -0.000000e+00 0.000000e+00
    outer loop
      vertex   1.879600e+02 1.057600e+02 2.500000e+00
      vertex   1.879600e+02 4.000000e+00 1.250000e+00
      vertex   1.879600e+02 4.000000e+00 2.500000e+00
    endloop
  endfacet
  facet normal -1.000000e+00 0.000000e+00 0.000000e+00
    outer loop
      vertex   -1.000000e+01 -2.000000e+01 9.100000e+00
      vertex   -1.000000e+01 1.057600e+02 9.100000e+00
      vertex   -1.000000e+01 -2.000000e+01 5.000000e+00
    endloop
  endfacet
  facet normal -1.000000e+00 0.000000e+00 0.000000e+00
    outer loop
      vertex   -1.000000e+01 -2.000000e+01 5.000000e+00
      vertex   -1.000000e+01 1.057600e+02 9.100000e+00
      vertex   -1.000000e+01 1.057600e+02 5.000000e+00
    endloop
  endfacet
  facet normal -1.119609e-01 8.007601e-03 -9.936804e-01
    outer loop
      vertex   -5.000000e+00 1.057600e+02 0.000000e+00
      vertex   -6.112605e+00 1.057600e+02 1.253604e-01
      vertex   -4.847322e+00 1.078947e+02 0.000000e+00
    endloop
  endfacet
  facet normal -1.293103e-01 1.842286e-02 -9.914330e-01
    outer loop
      vertex   -4.847322e+00 1.078947e+02 0.000000e+00
      vertex   -6.112605e+00 1.057600e+02 1.253604e-01
      vertex   -6.154697e+00 1.078868e+02 1.703709e-01
    endloop
  endfacet
  facet normal -1.293330e-01 2.572593e-02 -9.912674e-01
    outer loop
      vertex   -4.847322e+00 1.078947e+02 0.000000e+00
      vertex   -6.154697e+00 1.078868e+02 1.703709e-01
      vertex   -5.738887e+00 1.099772e+02 1.703709e-01
    endloop
  endfacet
  facet normal -3.760174e-01 7.479450e-02 -9.235891e-01
    outer loop
      vertex   -5.738887e+00 1.099772e+02 1.703709e-01
      vertex   -6.154697e+00 1.078868e+02 1.703709e-01
      vertex   -7.350285e+00 1.080442e+02 6.698730e-01
    endloop
  endfacet
  facet normal -3.760174e-01 7.479450e-02 -9.235891e-01
    outer loop
      vertex   -5.738887e+00 1.099772e+02 1.703709e-01
      vertex   -7.350285e+00 1.080442e+02 6.698730e-01
      vertex   -6.903702e+00 1.102893e+02 6.698730e-01
    endloop
  endfacet
  facet normal -5.978696e-01 1.189237e-01 -7.927226e-01
    outer loop
      vertex   -6.903702e+00 1.102893e+02 6.698730e-01
      vertex   -7.350285e+00 1.080442e+02 6.698730e-01
      vertex   -8.376960e+00 1.081794e+02 1.464466e+00
    endloop
  endfacet
  facet normal -5.978696e-01 1.189237e-01 -7.927226e-01
    outer loop
      vertex   -6.903702e+00 1.102893e+02 6.698730e-01
      vertex   -8.376960e+00 1.081794e+02 1.464466e+00
      vertex   -7.903951e+00 1.105573e+02 1.464466e+00
    endloop
  endfacet
  facet normal -7.787268e-01 1.548984e-01 -6.079401e-01
    outer loop
      vertex   -7.903951e+00 1.105573e+02 1.464466e+00
      vertex   -8.376960e+00 1.081794e+02 1.464466e+00
      vertex   -9.164755e+00 1.082831e+02 2.500000e+00
    endloop
  endfacet
  facet normal -7.787268e-01 1.548984e-01 -6.079401e-01
    outer loop
      vertex   -7.903951e+00 1.105573e+02 1.464466e+00
      vertex   -9.164755e+00 1.082831e+02 2.500000e+00
      vertex   -8.671469e+00 1.107630e+02 2.500000e+00
    endloop
  endfacet
  facet normal -9.064114e-01 1.802964e-01 -3.819837e-01
    outer loop
      vertex   -8.671469e+00 1.107630e+02 2.500000e+00
      vertex   -9.164755e+00 1.082831e+02 2.500000e+00
      vertex   -9.659984e+00 1.083483e+02 3.705905e+00
    endloop
  endfacet
  facet normal -9.064114e-01 1.802964e-01 -3.819837e-01
    outer loop
      vertex   -8.671469e+00 1.107630e+02 2.500000e+00
      vertex   -9.659984e+00 1.083483e+02 3.705905e+00
      vertex   -9.153951e+00 1.108923e+02 3.705905e+00
    endloop
  endfacet
  facet normal -9.701328e-01 1.929714e-01 -1.469840e-01
    outer loop
      vertex   -9.153951e+00 1.108923e+02 3.705905e+00
      vertex   -9.659984e+00 1.083483e+02 3.705905e+00
      vertex   -9.418836e+00 1.105463e+02 5.000000e+00
    endloop
  endfacet
  facet normal -9.483743e-01 2.955254e-01 -1.151128e-01
    outer loop
      vertex   -9.153951e+00 1.108923e+02 3.705905e+00
      vertex   -9.418836e+00 1.105463e+02 5.000000e+00
      vertex   -8.700325e+00 1.128521e+02 5.000000e+00
    endloop
  endfacet
  facet normal -3.302492e-01 1.343790e-02 -9.437981e-01
    outer loop
      vertex   -6.112605e+00 1.057600e+02 1.253604e-01
      vertex   -7.169419e+00 1.057600e+02 4.951557e-01
      vertex   -6.154697e+00 1.078868e+02 1.703709e-01
    endloop
  endfacet
  facet normal -3.806330e-01 4.052465e-02 -9.238378e-01
    outer loop
      vertex   -6.154697e+00 1.078868e+02 1.703709e-01
      vertex   -7.169419e+00 1.057600e+02 4.951557e-01
      vertex   -7.350285e+00 1.080442e+02 6.698730e-01
    endloop
  endfacet
  facet normal -5.318958e-01 2.263253e-02 -8.465073e-01
    outer loop
      vertex   -7.169419e+00 1.057600e+02 4.951557e-01
      vertex   -8.117449e+00 1.057600e+02 1.090843e+00
      vertex   -7.350285e+00 1.080442e+02 6.698730e-01
    endloop
  endfacet
  facet normal -6.062995e-01 5.745343e-02 -7.931582e-01
    outer loop
      vertex   -7.350285e+00 1.080442e+02 6.698730e-01
      vertex   -8.117449e+00 1.057600e+02 1.090843e+00
      vertex   -8.376960e+00 1.081794e+02 1.464466e+00
    endloop
  endfacet
  facet normal -7.067138e-01 3.333302e-02 -7.067138e-01
    outer loop
      vertex   -8.117449e+00 1.057600e+02 1.090843e+00
      vertex   -8.909157e+00 1.057600e+02 1.882551e+00
      vertex   -8.376960e+00 1.081794e+02 1.464466e+00
    endloop
  endfacet
  facet normal -7.906527e-01 6.878866e-02 -6.083884e-01
    outer loop
      vertex   -8.376960e+00 1.081794e+02 1.464466e+00
      vertex   -8.909157e+00 1.057600e+02 1.882551e+00
      vertex   -9.164755e+00 1.082831e+02 2.500000e+00
    endloop
  endfacet
  facet normal -8.458900e-01 4.437876e-02 -5.315079e-01
    outer loop
      vertex   -8.909157e+00 1.057600e+02 1.882551e+00
      vertex   -9.504844e+00 1.057600e+02 2.830581e+00
      vertex   -9.164755e+00 1.082831e+02 2.500000e+00
    endloop
  endfacet
  facet normal -9.210798e-01 7.406793e-02 -3.822643e-01
    outer loop
      vertex   -9.164755e+00 1.082831e+02 2.500000e+00
      vertex   -9.504844e+00 1.057600e+02 2.830581e+00
      vertex   -9.659984e+00 1.083483e+02 3.705905e+00
    endloop
  endfacet
  facet normal -9.424527e-01 5.503686e-02 -3.297785e-01
    outer loop
      vertex   -9.504844e+00 1.057600e+02 2.830581e+00
      vertex   -9.874640e+00 1.057600e+02 3.887395e+00
      vertex   -9.659984e+00 1.083483e+02 3.705905e+00
    endloop
  endfacet
  facet normal -9.877517e-01 7.221910e-02 -1.383147e-01
    outer loop
      vertex   -9.659984e+00 1.083483e+02 3.705905e+00
      vertex   -9.874640e+00 1.057600e+02 3.887395e+00
      vertex   -9.854177e+00 1.081707e+02 5.000000e+00
    endloop
  endfacet
  facet normal -9.762778e-01 1.789096e-01 -1.219548e-01
    outer loop
      vertex   -9.659984e+00 1.083483e+02 3.705905e+00
      vertex   -9.854177e+00 1.081707e+02 5.000000e+00
      vertex   -9.418836e+00 1.105463e+02 5.000000e+00
    endloop
  endfacet
  facet normal -9.919219e-01 6.000022e-02 -1.117628e-01
    outer loop
      vertex   -9.874640e+00 1.057600e+02 3.887395e+00
      vertex   -1.000000e+01 1.057600e+02 5.000000e+00
      vertex   -9.854177e+00 1.081707e+02 5.000000e+00
    endloop
  endfacet
  facet normal -9.357753e-01 3.176529e-01 -1.530397e-01
    outer loop
      vertex   -9.153951e+00 1.108923e+02 3.705905e+00
      vertex   -8.700325e+00 1.128521e+02 5.000000e+00
      vertex   -8.320188e+00 1.133485e+02 3.705905e+00
    endloop
  endfacet
  facet normal -9.063883e-01 4.079323e-01 -1.097792e-01
    outer loop
      vertex   -8.320188e+00 1.133485e+02 3.705905e+00
      vertex   -8.700325e+00 1.128521e+02 5.000000e+00
      vertex   -7.709121e+00 1.150545e+02 5.000000e+00
    endloop
  endfacet
  facet normal -8.856687e-01 4.367635e-01 -1.575708e-01
    outer loop
      vertex   -8.320188e+00 1.133485e+02 3.705905e+00
      vertex   -7.709121e+00 1.150545e+02 5.000000e+00
      vertex   -7.172963e+00 1.156748e+02 3.705905e+00
    endloop
  endfacet
  facet normal -8.509633e-01 5.144252e-01 -1.059632e-01
    outer loop
      vertex   -7.172963e+00 1.156748e+02 3.705905e+00
      vertex   -7.709121e+00 1.150545e+02 5.000000e+00
      vertex   -6.459677e+00 1.171213e+02 5.000000e+00
    endloop
  endfacet
  facet normal -8.206786e-01 5.483599e-01 -1.605863e-01
    outer loop
      vertex   -7.172963e+00 1.156748e+02 3.705905e+00
      vertex   -6.459677e+00 1.171213e+02 5.000000e+00
      vertex   -5.731903e+00 1.178315e+02 3.705905e+00
    endloop
  endfacet
  facet normal -7.829418e-01 6.133958e-01 -1.036712e-01
    outer loop
      vertex   -5.731903e+00 1.178315e+02 3.705905e+00
      vertex   -6.459677e+00 1.171213e+02 5.000000e+00
      vertex   -4.970215e+00 1.190225e+02 5.000000e+00
    endloop
  endfacet
  facet normal -7.418972e-01 6.506264e-01 -1.620924e-01
    outer loop
      vertex   -5.731903e+00 1.178315e+02 3.705905e+00
      vertex   -4.970215e+00 1.190225e+02 5.000000e+00
      vertex   -4.021665e+00 1.197817e+02 3.705905e+00
    endloop
  endfacet
  facet normal -7.033528e-01 7.033528e-01 -1.029068e-01
    outer loop
      vertex   -4.021665e+00 1.197817e+02 3.705905e+00
      vertex   -4.970215e+00 1.190225e+02 5.000000e+00
      vertex   -3.262453e+00 1.207302e+02 5.000000e+00
    endloop
  endfacet
  facet normal -6.506264e-01 7.418972e-01 -1.620924e-01
    outer loop
      vertex   -4.021665e+00 1.197817e+02 3.705905e+00
      vertex   -3.262453e+00 1.207302e+02 5.000000e+00
      vertex   -2.071513e+00 1.214919e+02 3.705905e+00
    endloop
  endfacet
  facet normal -6.133958e-01 7.829418e-01 -1.036712e-01
    outer loop
      vertex   -2.071513e+00 1.214919e+02 3.705905e+00
      vertex   -3.262453e+00 1.207302e+02 5.000000e+00
      vertex   -1.361295e+00 1.222197e+02 5.000000e+00
    endloop
  endfacet
  facet normal -5.483599e-01 8.206786e-01 -1.605863e-01
    outer loop
      vertex   -2.071513e+00 1.214919e+02 3.705905e+00
      vertex   -1.361295e+00 1.222197e+02 5.000000e+00
      vertex   8.518543e-02 1.229330e+02 3.705905e+00
    endloop
  endfacet
  facet normal -5.144252e-01 8.509633e-01 -1.059632e-01
    outer loop
      vertex   8.518543e-02 1.229330e+02 3.705905e+00
      vertex   -1.361295e+00 1.222197e+02 5.000000e+00
      vertex   7.055366e-01 1.234691e+02 5.000000e+00
    endloop
  endfacet
  facet normal -4.367635e-01 8.856687e-01 -1.575708e-01
    outer loop
      vertex   8.518543e-02 1.229330e+02 3.705905e+00
      vertex   7.055366e-01 1.234691e+02 5.000000e+00
      vertex   2.411529e+00 1.240802e+02 3.705905e+00
    endloop
  endfacet
  facet normal -4.079323e-01 9.063883e-01 -1.097792e-01
    outer loop
      vertex   2.411529e+00 1.240802e+02 3.705905e+00
      vertex   7.055366e-01 1.234691e+02 5.000000e+00
      vertex   2.907902e+00 1.244603e+02 5.000000e+00
    endloop
  endfacet
  facet normal -3.176529e-01 9.357753e-01 -1.530397e-01
    outer loop
      vertex   2.411529e+00 1.240802e+02 3.705905e+00
      vertex   2.907902e+00 1.244603e+02 5.000000e+00
      vertex   4.867714e+00 1.249140e+02 3.705905e+00
    endloop
  endfacet
  facet normal -2.955254e-01 9.483743e-01 -1.151128e-01
    outer loop
      vertex   4.867714e+00 1.249140e+02 3.705905e+00
      vertex   2.907902e+00 1.244603e+02 5.000000e+00
      vertex   5.213687e+00 1.251788e+02 5.000000e+00
    endloop
  endfacet
  facet normal -1.929714e-01 9.701328e-01 -1.469840e-01
    outer loop
      vertex   4.867714e+00 1.249140e+02 3.705905e+00
      vertex   5.213687e+00 1.251788e+02 5.000000e+00
      vertex   7.411714e+00 1.254200e+02 3.705905e+00
    endloop
  endfacet
  facet normal -1.789096e-01 9.762778e-01 -1.219548e-01
    outer loop
      vertex   7.411714e+00 1.254200e+02 3.705905e+00
      vertex   5.213687e+00 1.251788e+02 5.000000e+00
      vertex   7.589266e+00 1.256142e+02 5.000000e+00
    endloop
  endfacet
  facet normal -7.221910e-02 9.877517e-01 -1.383147e-01
    outer loop
      vertex   7.411714e+00 1.254200e+02 3.705905e+00
      vertex   7.589266e+00 1.256142e+02 5.000000e+00
      vertex   1.000000e+01 1.256346e+02 3.887395e+00
    endloop
  endfacet
  facet normal -6.000022e-02 9.919219e-01 -1.117628e-01
    outer loop
      vertex   1.000000e+01 1.256346e+02 3.887395e+00
      vertex   7.589266e+00 1.256142e+02 5.000000e+00
      vertex   1.000000e+01 1.257600e+02 5.000000e+00
    endloop
  endfacet
  facet normal -5.503686e-02 9.424527e-01 -3.297785e-01
    outer loop
      vertex   1.000000e+01 1.256346e+02 3.887395e+00
      vertex   1.000000e+01 1.252648e+02 2.830581e+00
      vertex   7.411714e+00 1.254200e+02 3.705905e+00
    endloop
  endfacet
  facet normal -7.406793e-02 9.210798e-01 -3.822643e-01
    outer loop
      vertex   7.411714e+00 1.254200e+02 3.705905e+00
      vertex   1.000000e+01 1.252648e+02 2.830581e+00
      vertex   7.476912e+00 1.249248e+02 2.500000e+00
    endloop
  endfacet
  facet normal -1.802964e-01 9.064114e-01 -3.819837e-01
    outer loop
      vertex   7.411714e+00 1.254200e+02 3.705905e+00
      vertex   7.476912e+00 1.249248e+02 2.500000e+00
      vertex   4.867714e+00 1.249140e+02 3.705905e+00
    endloop
  endfacet
  facet normal -1.802964e-01 9.064114e-01 -3.819837e-01
    outer loop
      vertex   4.867714e+00 1.249140e+02 3.705905e+00
      vertex   7.476912e+00 1.249248e+02 2.500000e+00
      vertex   4.996995e+00 1.244315e+02 2.500000e+00
    endloop
  endfacet
  facet normal -2.970644e-01 8.751235e-01 -3.819837e-01
    outer loop
      vertex   4.867714e+00 1.249140e+02 3.705905e+00
      vertex   4.996995e+00 1.244315e+02 2.500000e+00
      vertex   2.411529e+00 1.240802e+02 3.705905e+00
    endloop
  endfacet
  facet normal -2.970644e-01 8.751235e-01 -3.819837e-01
    outer loop
      vertex   2.411529e+00 1.240802e+02 3.705905e+00
      vertex   4.996995e+00 1.244315e+02 2.500000e+00
      vertex   2.602681e+00 1.236187e+02 2.500000e+00
    endloop
  endfacet
  facet normal -4.087495e-01 8.288620e-01 -3.819837e-01
    outer loop
      vertex   2.411529e+00 1.240802e+02 3.705905e+00
      vertex   2.602681e+00 1.236187e+02 2.500000e+00
      vertex   8.518543e-02 1.229330e+02 3.705905e+00
    endloop
  endfacet
  facet normal -4.087495e-01 8.288620e-01 -3.819837e-01
    outer loop
      vertex   8.518543e-02 1.229330e+02 3.705905e+00
      vertex   2.602681e+00 1.236187e+02 2.500000e+00
      vertex   3.349365e-01 1.225004e+02 2.500000e+00
    endloop
  endfacet
  facet normal -5.134408e-01 7.684185e-01 -3.819837e-01
    outer loop
      vertex   8.518543e-02 1.229330e+02 3.705905e+00
      vertex   3.349365e-01 1.225004e+02 2.500000e+00
      vertex   -2.071513e+00 1.214919e+02 3.705905e+00
    endloop
  endfacet
  facet normal -5.134408e-01 7.684185e-01 -3.819837e-01
    outer loop
      vertex   -2.071513e+00 1.214919e+02 3.705905e+00
      vertex   3.349365e-01 1.225004e+02 2.500000e+00
      vertex   -1.767436e+00 1.210956e+02 2.500000e+00
    endloop
  endfacet
  facet normal -6.093470e-01 6.948271e-01 -3.819837e-01
    outer loop
      vertex   -2.071513e+00 1.214919e+02 3.705905e+00
      vertex   -1.767436e+00 1.210956e+02 2.500000e+00
      vertex   -4.021665e+00 1.197817e+02 3.705905e+00
    endloop
  endfacet
  facet normal -6.093470e-01 6.948271e-01 -3.819837e-01
    outer loop
      vertex   -4.021665e+00 1.197817e+02 3.705905e+00
      vertex   -1.767436e+00 1.210956e+02 2.500000e+00
      vertex   -3.668464e+00 1.194285e+02 2.500000e+00
    endloop
  endfacet
  facet normal -6.948271e-01 6.093470e-01 -3.819837e-01
    outer loop
      vertex   -4.021665e+00 1.197817e+02 3.705905e+00
      vertex   -3.668464e+00 1.194285e+02 2.500000e+00
      vertex   -5.731903e+00 1.178315e+02 3.705905e+00
    endloop
  endfacet
  facet normal -6.948271e-01 6.093470e-01 -3.819837e-01
    outer loop
      vertex   -5.731903e+00 1.178315e+02 3.705905e+00
      vertex   -3.668464e+00 1.194285e+02 2.500000e+00
      vertex   -5.335621e+00 1.175274e+02 2.500000e+00
    endloop
  endfacet
  facet normal -7.684185e-01 5.134408e-01 -3.819837e-01
    outer loop
      vertex   -5.731903e+00 1.178315e+02 3.705905e+00
      vertex   -5.335621e+00 1.175274e+02 2.500000e+00
      vertex   -7.172963e+00 1.156748e+02 3.705905e+00
    endloop
  endfacet
  facet normal -7.684185e-01 5.134408e-01 -3.819837e-01
    outer loop
      vertex   -7.172963e+00 1.156748e+02 3.705905e+00
      vertex   -5.335621e+00 1.175274e+02 2.500000e+00
      vertex   -6.740381e+00 1.154251e+02 2.500000e+00
    endloop
  endfacet
  facet normal -8.288620e-01 4.087495e-01 -3.819837e-01
    outer loop
      vertex   -7.172963e+00 1.156748e+02 3.705905e+00
      vertex   -6.740381e+00 1.154251e+02 2.500000e+00
      vertex   -8.320188e+00 1.133485e+02 3.705905e+00
    endloop
  endfacet
  facet normal -8.288620e-01 4.087495e-01 -3.819837e-01
    outer loop
      vertex   -8.320188e+00 1.133485e+02 3.705905e+00
      vertex   -6.740381e+00 1.154251e+02 2.500000e+00
      vertex   -7.858709e+00 1.131573e+02 2.500000e+00
    endloop
  endfacet
  facet normal -8.751235e-01 2.970644e-01 -3.819837e-01
    outer loop
      vertex   -8.320188e+00 1.133485e+02 3.705905e+00
      vertex   -7.858709e+00 1.131573e+02 2.500000e+00
      vertex   -9.153951e+00 1.108923e+02 3.705905e+00
    endloop
  endfacet
  facet normal -8.751235e-01 2.970644e-01 -3.819837e-01
    outer loop
      vertex   -9.153951e+00 1.108923e+02 3.705905e+00
      vertex   -7.858709e+00 1.131573e+02 2.500000e+00
      vertex   -8.671469e+00 1.107630e+02 2.500000e+00
    endloop
  endfacet
  facet normal -4.437876e-02 8.458900e-01 -5.315079e-01
    outer loop
      vertex   1.000000e+01 1.252648e+02 2.830581e+00
      vertex   1.000000e+01 1.246692e+02 1.882551e+00
      vertex   7.476912e+00 1.249248e+02 2.500000e+00
    endloop
  endfacet
  facet normal -6.878866e-02 7.906527e-01 -6.083884e-01
    outer loop
      vertex   7.476912e+00 1.249248e+02 2.500000e+00
      vertex   1.000000e+01 1.246692e+02 1.882551e+00
      vertex   7.580627e+00 1.241370e+02 1.464466e+00
    endloop
  endfacet
  facet normal -1.548984e-01 7.787268e-01 -6.079401e-01
    outer loop
      vertex   7.476912e+00 1.249248e+02 2.500000e+00
      vertex   7.580627e+00 1.241370e+02 1.464466e+00
      vertex   4.996995e+00 1.244315e+02 2.500000e+00
    endloop
  endfacet
  facet normal -1.548984e-01 7.787268e-01 -6.079401e-01
    outer loop
      vertex   4.996995e+00 1.244315e+02 2.500000e+00
      vertex   7.580627e+00 1.241370e+02 1.464466e+00
      vertex   5.202651e+00 1.236640e+02 1.464466e+00
    endloop
  endfacet
  facet normal -2.552174e-01 7.518463e-01 -6.079401e-01
    outer loop
      vertex   4.996995e+00 1.244315e+02 2.500000e+00
      vertex   5.202651e+00 1.236640e+02 1.464466e+00
      vertex   2.602681e+00 1.236187e+02 2.500000e+00
    endloop
  endfacet
  facet normal -2.552174e-01 7.518463e-01 -6.079401e-01
    outer loop
      vertex   2.602681e+00 1.236187e+02 2.500000e+00
      vertex   5.202651e+00 1.236640e+02 1.464466e+00
      vertex   2.906758e+00 1.228846e+02 1.464466e+00
    endloop
  endfacet
  facet normal -3.511697e-01 7.121016e-01 -6.079401e-01
    outer loop
      vertex   2.602681e+00 1.236187e+02 2.500000e+00
      vertex   2.906758e+00 1.228846e+02 1.464466e+00
      vertex   3.349365e-01 1.225004e+02 2.500000e+00
    endloop
  endfacet
  facet normal -3.511697e-01 7.121016e-01 -6.079401e-01
    outer loop
      vertex   3.349365e-01 1.225004e+02 2.500000e+00
      vertex   2.906758e+00 1.228846e+02 1.464466e+00
      vertex   7.322330e-01 1.218122e+02 1.464466e+00
    endloop
  endfacet
  facet normal -4.411133e-01 6.601727e-01 -6.079401e-01
    outer loop
      vertex   3.349365e-01 1.225004e+02 2.500000e+00
      vertex   7.322330e-01 1.218122e+02 1.464466e+00
      vertex   -1.767436e+00 1.210956e+02 2.500000e+00
    endloop
  endfacet
  facet normal -4.411133e-01 6.601727e-01 -6.079401e-01
    outer loop
      vertex   -1.767436e+00 1.210956e+02 2.500000e+00
      vertex   7.322330e-01 1.218122e+02 1.464466e+00
      vertex   -1.283718e+00 1.204652e+02 1.464466e+00
    endloop
  endfacet
  facet normal -5.235093e-01 5.969480e-01 -6.079401e-01
    outer loop
      vertex   -1.767436e+00 1.210956e+02 2.500000e+00
      vertex   -1.283718e+00 1.204652e+02 1.464466e+00
      vertex   -3.668464e+00 1.194285e+02 2.500000e+00
    endloop
  endfacet
  facet normal -5.235093e-01 5.969480e-01 -6.079401e-01
    outer loop
      vertex   -3.668464e+00 1.194285e+02 2.500000e+00
      vertex   -1.283718e+00 1.204652e+02 1.464466e+00
      vertex   -3.106602e+00 1.188666e+02 1.464466e+00
    endloop
  endfacet
  facet normal -5.969480e-01 5.235093e-01 -6.079401e-01
    outer loop
      vertex   -3.668464e+00 1.194285e+02 2.500000e+00
      vertex   -3.106602e+00 1.188666e+02 1.464466e+00
      vertex   -5.335621e+00 1.175274e+02 2.500000e+00
    endloop
  endfacet
  facet normal -5.969480e-01 5.235093e-01 -6.079401e-01
    outer loop
      vertex   -5.335621e+00 1.175274e+02 2.500000e+00
      vertex   -3.106602e+00 1.188666e+02 1.464466e+00
      vertex   -4.705228e+00 1.170437e+02 1.464466e+00
    endloop
  endfacet
  facet normal -6.601727e-01 4.411133e-01 -6.079401e-01
    outer loop
      vertex   -5.335621e+00 1.175274e+02 2.500000e+00
      vertex   -4.705228e+00 1.170437e+02 1.464466e+00
      vertex   -6.740381e+00 1.154251e+02 2.500000e+00
    endloop
  endfacet
  facet normal -6.601727e-01 4.411133e-01 -6.079401e-01
    outer loop
      vertex   -6.740381e+00 1.154251e+02 2.500000e+00
      vertex   -4.705228e+00 1.170437e+02 1.464466e+00
      vertex   -6.052243e+00 1.150278e+02 1.464466e+00
    endloop
  endfacet
  facet normal -7.121016e-01 3.511697e-01 -6.079401e-01
    outer loop
      vertex   -6.740381e+00 1.154251e+02 2.500000e+00
      vertex   -6.052243e+00 1.150278e+02 1.464466e+00
      vertex   -7.858709e+00 1.131573e+02 2.500000e+00
    endloop
  endfacet
  facet normal -7.121016e-01 3.511697e-01 -6.079401e-01
    outer loop
      vertex   -7.858709e+00 1.131573e+02 2.500000e+00
      vertex   -6.052243e+00 1.150278e+02 1.464466e+00
      vertex   -7.124600e+00 1.128532e+02 1.464466e+00
    endloop
  endfacet
  facet normal -7.518463e-01 2.552174e-01 -6.079401e-01
    outer loop
      vertex   -7.858709e+00 1.131573e+02 2.500000e+00
      vertex   -7.124600e+00 1.128532e+02 1.464466e+00
      vertex   -8.671469e+00 1.107630e+02 2.500000e+00
    endloop
  endfacet
  facet normal -7.518463e-01 2.552174e-01 -6.079401e-01
    outer loop
      vertex   -8.671469e+00 1.107630e+02 2.500000e+00
      vertex   -7.124600e+00 1.128532e+02 1.464466e+00
      vertex   -7.903951e+00 1.105573e+02 1.464466e+00
    endloop
  endfacet
  facet normal -3.333302e-02 7.067138e-01 -7.067138e-01
    outer loop
      vertex   1.000000e+01 1.246692e+02 1.882551e+00
      vertex   1.000000e+01 1.238774e+02 1.090843e+00
      vertex   7.580627e+00 1.241370e+02 1.464466e+00
    endloop
  endfacet
  facet normal -5.745343e-02 6.062995e-01 -7.931582e-01
    outer loop
      vertex   7.580627e+00 1.241370e+02 1.464466e+00
      vertex   1.000000e+01 1.238774e+02 1.090843e+00
      vertex   7.715792e+00 1.231103e+02 6.698730e-01
    endloop
  endfacet
  facet normal -1.189237e-01 5.978696e-01 -7.927226e-01
    outer loop
      vertex   7.580627e+00 1.241370e+02 1.464466e+00
      vertex   7.715792e+00 1.231103e+02 6.698730e-01
      vertex   5.202651e+00 1.236640e+02 1.464466e+00
    endloop
  endfacet
  facet normal -1.189237e-01 5.978696e-01 -7.927226e-01
    outer loop
      vertex   5.202651e+00 1.236640e+02 1.464466e+00
      vertex   7.715792e+00 1.231103e+02 6.698730e-01
      vertex   5.470667e+00 1.226637e+02 6.698730e-01
    endloop
  endfacet
  facet normal -1.959439e-01 5.772321e-01 -7.927226e-01
    outer loop
      vertex   5.202651e+00 1.236640e+02 1.464466e+00
      vertex   5.470667e+00 1.226637e+02 6.698730e-01
      vertex   2.906758e+00 1.228846e+02 1.464466e+00
    endloop
  endfacet
  facet normal -1.959439e-01 5.772321e-01 -7.927226e-01
    outer loop
      vertex   2.906758e+00 1.228846e+02 1.464466e+00
      vertex   5.470667e+00 1.226637e+02 6.698730e-01
      vertex   3.303040e+00 1.219279e+02 6.698730e-01
    endloop
  endfacet
  facet normal -2.696115e-01 5.467180e-01 -7.927226e-01
    outer loop
      vertex   2.906758e+00 1.228846e+02 1.464466e+00
      vertex   3.303040e+00 1.219279e+02 6.698730e-01
      vertex   7.322330e-01 1.218122e+02 1.464466e+00
    endloop
  endfacet
  facet normal -2.696115e-01 5.467180e-01 -7.927226e-01
    outer loop
      vertex   7.322330e-01 1.218122e+02 1.464466e+00
      vertex   3.303040e+00 1.219279e+02 6.698730e-01
      vertex   1.250000e+00 1.209154e+02 6.698730e-01
    endloop
  endfacet
  facet normal -3.386659e-01 5.068494e-01 -7.927226e-01
    outer loop
      vertex   7.322330e-01 1.218122e+02 1.464466e+00
      vertex   1.250000e+00 1.209154e+02 6.698730e-01
      vertex   -1.283718e+00 1.204652e+02 1.464466e+00
    endloop
  endfacet
  facet normal -3.386659e-01 5.068494e-01 -7.927226e-01
    outer loop
      vertex   -1.283718e+00 1.204652e+02 1.464466e+00
      vertex   1.250000e+00 1.209154e+02 6.698730e-01
      vertex   -6.533250e-01 1.196437e+02 6.698730e-01
    endloop
  endfacet
  facet normal -4.019257e-01 4.583085e-01 -7.927226e-01
    outer loop
      vertex   -1.283718e+00 1.204652e+02 1.464466e+00
      vertex   -6.533250e-01 1.196437e+02 6.698730e-01
      vertex   -3.106602e+00 1.188666e+02 1.464466e+00
    endloop
  endfacet
  facet normal -4.019257e-01 4.583085e-01 -7.927226e-01
    outer loop
      vertex   -3.106602e+00 1.188666e+02 1.464466e+00
      vertex   -6.533250e-01 1.196437e+02 6.698730e-01
      vertex   -2.374369e+00 1.181344e+02 6.698730e-01
    endloop
  endfacet
  facet normal -4.583085e-01 4.019257e-01 -7.927226e-01
    outer loop
      vertex   -3.106602e+00 1.188666e+02 1.464466e+00
      vertex   -2.374369e+00 1.181344e+02 6.698730e-01
      vertex   -4.705228e+00 1.170437e+02 1.464466e+00
    endloop
  endfacet
  facet normal -4.583085e-01 4.019257e-01 -7.927226e-01
    outer loop
      vertex   -4.705228e+00 1.170437e+02 1.464466e+00
      vertex   -2.374369e+00 1.181344e+02 6.698730e-01
      vertex   -3.883683e+00 1.164133e+02 6.698730e-01
    endloop
  endfacet
  facet normal -5.068494e-01 3.386659e-01 -7.927226e-01
    outer loop
      vertex   -4.705228e+00 1.170437e+02 1.464466e+00
      vertex   -3.883683e+00 1.164133e+02 6.698730e-01
      vertex   -6.052243e+00 1.150278e+02 1.464466e+00
    endloop
  endfacet
  facet normal -5.068494e-01 3.386659e-01 -7.927226e-01
    outer loop
      vertex   -6.052243e+00 1.150278e+02 1.464466e+00
      vertex   -3.883683e+00 1.164133e+02 6.698730e-01
      vertex   -5.155445e+00 1.145100e+02 6.698730e-01
    endloop
  endfacet
  facet normal -5.467180e-01 2.696115e-01 -7.927226e-01
    outer loop
      vertex   -6.052243e+00 1.150278e+02 1.464466e+00
      vertex   -5.155445e+00 1.145100e+02 6.698730e-01
      vertex   -7.124600e+00 1.128532e+02 1.464466e+00
    endloop
  endfacet
  facet normal -5.467180e-01 2.696115e-01 -7.927226e-01
    outer loop
      vertex   -7.124600e+00 1.128532e+02 1.464466e+00
      vertex   -5.155445e+00 1.145100e+02 6.698730e-01
      vertex   -6.167892e+00 1.124570e+02 6.698730e-01
    endloop
  endfacet
  facet normal -5.772321e-01 1.959439e-01 -7.927226e-01
    outer loop
      vertex   -7.124600e+00 1.128532e+02 1.464466e+00
      vertex   -6.167892e+00 1.124570e+02 6.698730e-01
      vertex   -7.903951e+00 1.105573e+02 1.464466e+00
    endloop
  endfacet
  facet normal -5.772321e-01 1.959439e-01 -7.927226e-01
    outer loop
      vertex   -7.903951e+00 1.105573e+02 1.464466e+00
      vertex   -6.167892e+00 1.124570e+02 6.698730e-01
      vertex   -6.903702e+00 1.102893e+02 6.698730e-01
    endloop
  endfacet
  facet normal -2.263253e-02 5.318958e-01 -8.465073e-01
    outer loop
      vertex   1.000000e+01 1.238774e+02 1.090843e+00
      vertex   1.000000e+01 1.229294e+02 4.951557e-01
      vertex   7.715792e+00 1.231103e+02 6.698730e-01
    endloop
  endfacet
  facet normal -4.052465e-02 3.806330e-01 -9.238378e-01
    outer loop
      vertex   7.715792e+00 1.231103e+02 6.698730e-01
      vertex   1.000000e+01 1.229294e+02 4.951557e-01
      vertex   7.873194e+00 1.219147e+02 1.703709e-01
    endloop
  endfacet
  facet normal -7.479450e-02 3.760174e-01 -9.235891e-01
    outer loop
      vertex   7.715792e+00 1.231103e+02 6.698730e-01
      vertex   7.873194e+00 1.219147e+02 1.703709e-01
      vertex   5.470667e+00 1.226637e+02 6.698730e-01
    endloop
  endfacet
  facet normal -7.479450e-02 3.760174e-01 -9.235891e-01
    outer loop
      vertex   5.470667e+00 1.226637e+02 6.698730e-01
      vertex   7.873194e+00 1.219147e+02 1.703709e-01
      vertex   5.782778e+00 1.214989e+02 1.703709e-01
    endloop
  endfacet
  facet normal -1.232347e-01 3.630378e-01 -9.235891e-01
    outer loop
      vertex   5.470667e+00 1.226637e+02 6.698730e-01
      vertex   5.782778e+00 1.214989e+02 1.703709e-01
      vertex   3.303040e+00 1.219279e+02 6.698730e-01
    endloop
  endfacet
  facet normal -1.232347e-01 3.630378e-01 -9.235891e-01
    outer loop
      vertex   3.303040e+00 1.219279e+02 6.698730e-01
      vertex   5.782778e+00 1.214989e+02 1.703709e-01
      vertex   3.764520e+00 1.208138e+02 1.703709e-01
    endloop
  endfacet
  facet normal -1.695664e-01 3.438466e-01 -9.235891e-01
    outer loop
      vertex   3.303040e+00 1.219279e+02 6.698730e-01
      vertex   3.764520e+00 1.208138e+02 1.703709e-01
      vertex   1.250000e+00 1.209154e+02 6.698730e-01
    endloop
  endfacet
  facet normal -1.695664e-01 3.438466e-01 -9.235891e-01
    outer loop
      vertex   1.250000e+00 1.209154e+02 6.698730e-01
      vertex   3.764520e+00 1.208138e+02 1.703709e-01
      vertex   1.852952e+00 1.198711e+02 1.703709e-01
    endloop
  endfacet
  facet normal -2.129967e-01 3.187721e-01 -9.235891e-01
    outer loop
      vertex   1.250000e+00 1.209154e+02 6.698730e-01
      vertex   1.852952e+00 1.198711e+02 1.703709e-01
      vertex   -6.533250e-01 1.196437e+02 6.698730e-01
    endloop
  endfacet
  facet normal -2.129967e-01 3.187721e-01 -9.235891e-01
    outer loop
      vertex   -6.533250e-01 1.196437e+02 6.698730e-01
      vertex   1.852952e+00 1.198711e+02 1.703709e-01
      vertex   8.078331e-02 1.186870e+02 1.703709e-01
    endloop
  endfacet
  facet normal -2.527826e-01 2.882433e-01 -9.235891e-01
    outer loop
      vertex   -6.533250e-01 1.196437e+02 6.698730e-01
      vertex   8.078331e-02 1.186870e+02 1.703709e-01
      vertex   -2.374369e+00 1.181344e+02 6.698730e-01
    endloop
  endfacet
  facet normal -2.527826e-01 2.882433e-01 -9.235891e-01
    outer loop
      vertex   -2.374369e+00 1.181344e+02 6.698730e-01
      vertex   8.078331e-02 1.186870e+02 1.703709e-01
      vertex   -1.521665e+00 1.172817e+02 1.703709e-01
    endloop
  endfacet
  facet normal -2.882433e-01 2.527826e-01 -9.235891e-01
    outer loop
      vertex   -2.374369e+00 1.181344e+02 6.698730e-01
      vertex   -1.521665e+00 1.172817e+02 1.703709e-01
      vertex   -3.883683e+00 1.164133e+02 6.698730e-01
    endloop
  endfacet
  facet normal -2.882433e-01 2.527826e-01 -9.235891e-01
    outer loop
      vertex   -3.883683e+00 1.164133e+02 6.698730e-01
      vertex   -1.521665e+00 1.172817e+02 1.703709e-01
      vertex   -2.926975e+00 1.156792e+02 1.703709e-01
    endloop
  endfacet
  facet normal -3.187721e-01 2.129967e-01 -9.235891e-01
    outer loop
      vertex   -3.883683e+00 1.164133e+02 6.698730e-01
      vertex   -2.926975e+00 1.156792e+02 1.703709e-01
      vertex   -5.155445e+00 1.145100e+02 6.698730e-01
    endloop
  endfacet
  facet normal -3.187721e-01 2.129967e-01 -9.235891e-01
    outer loop
      vertex   -5.155445e+00 1.145100e+02 6.698730e-01
      vertex   -2.926975e+00 1.156792e+02 1.703709e-01
      vertex   -4.111100e+00 1.139070e+02 1.703709e-01
    endloop
  endfacet
  facet normal -3.438466e-01 1.695664e-01 -9.235891e-01
    outer loop
      vertex   -5.155445e+00 1.145100e+02 6.698730e-01
      vertex   -4.111100e+00 1.139070e+02 1.703709e-01
      vertex   -6.167892e+00 1.124570e+02 6.698730e-01
    endloop
  endfacet
  facet normal -3.438466e-01 1.695664e-01 -9.235891e-01
    outer loop
      vertex   -6.167892e+00 1.124570e+02 6.698730e-01
      vertex   -4.111100e+00 1.139070e+02 1.703709e-01
      vertex   -5.053781e+00 1.119955e+02 1.703709e-01
    endloop
  endfacet
  facet normal -3.630378e-01 1.232347e-01 -9.235891e-01
    outer loop
      vertex   -6.167892e+00 1.124570e+02 6.698730e-01
      vertex   -5.053781e+00 1.119955e+02 1.703709e-01
      vertex   -6.903702e+00 1.102893e+02 6.698730e-01
    endloop
  endfacet
  facet normal -3.630378e-01 1.232347e-01 -9.235891e-01
    outer loop
      vertex   -6.903702e+00 1.102893e+02 6.698730e-01
      vertex   -5.053781e+00 1.119955e+02 1.703709e-01
      vertex   -5.738887e+00 1.099772e+02 1.703709e-01
    endloop
  endfacet
  facet normal -1.343790e-02 3.302492e-01 -9.437981e-01
    outer loop
      vertex   1.000000e+01 1.229294e+02 4.951557e-01
      vertex   1.000000e+01 1.218726e+02 1.253604e-01
      vertex   7.873194e+00 1.219147e+02 1.703709e-01
    endloop
  endfacet
  facet normal -1.842286e-02 1.293103e-01 -9.914330e-01
    outer loop
      vertex   7.873194e+00 1.219147e+02 1.703709e-01
      vertex   1.000000e+01 1.218726e+02 1.253604e-01
      vertex   7.865277e+00 1.206073e+02 0.000000e+00
    endloop
  endfacet
  facet normal -2.572593e-02 1.293330e-01 -9.912674e-01
    outer loop
      vertex   7.873194e+00 1.219147e+02 1.703709e-01
      vertex   7.865277e+00 1.206073e+02 0.000000e+00
      vertex   5.782778e+00 1.214989e+02 1.703709e-01
    endloop
  endfacet
  facet normal -2.733496e-02 1.256568e-01 -9.916971e-01
    outer loop
      vertex   5.782778e+00 1.214989e+02 1.703709e-01
      vertex   7.865277e+00 1.206073e+02 0.000000e+00
      vertex   5.774012e+00 1.201524e+02 0.000000e+00
    endloop
  endfacet
  facet normal -4.266519e-02 1.256876e-01 -9.911520e-01
    outer loop
      vertex   5.782778e+00 1.214989e+02 1.703709e-01
      vertex   5.774012e+00 1.201524e+02 0.000000e+00
      vertex   3.764520e+00 1.208138e+02 1.703709e-01
    endloop
  endfacet
  facet normal -4.466958e-02 1.197638e-01 -9.917970e-01
    outer loop
      vertex   3.764520e+00 1.208138e+02 1.703709e-01
      vertex   5.774012e+00 1.201524e+02 0.000000e+00
      vertex   3.768775e+00 1.194045e+02 0.000000e+00
    endloop
  endfacet
  facet normal -5.899593e-02 1.196319e-01 -9.910639e-01
    outer loop
      vertex   3.764520e+00 1.208138e+02 1.703709e-01
      vertex   3.768775e+00 1.194045e+02 0.000000e+00
      vertex   1.852952e+00 1.198711e+02 1.703709e-01
    endloop
  endfacet
  facet normal -6.099728e-02 1.117082e-01 -9.918672e-01
    outer loop
      vertex   1.852952e+00 1.198711e+02 1.703709e-01
      vertex   3.768775e+00 1.194045e+02 0.000000e+00
      vertex   1.890388e+00 1.183788e+02 0.000000e+00
    endloop
  endfacet
  facet normal -7.435137e-02 1.112747e-01 -9.910044e-01
    outer loop
      vertex   1.852952e+00 1.198711e+02 1.703709e-01
      vertex   1.890388e+00 1.183788e+02 0.000000e+00
      vertex   8.078331e-02 1.186870e+02 1.703709e-01
    endloop
  endfacet
  facet normal -7.607904e-02 1.016297e-01 -9.919090e-01
    outer loop
      vertex   8.078331e-02 1.186870e+02 1.703709e-01
      vertex   1.890388e+00 1.183788e+02 0.000000e+00
      vertex   1.770890e-01 1.170962e+02 0.000000e+00
    endloop
  endfacet
  facet normal -8.838568e-02 1.007846e-01 -9.909745e-01
    outer loop
      vertex   8.078331e-02 1.186870e+02 1.703709e-01
      vertex   1.770890e-01 1.170962e+02 0.000000e+00
      vertex   -1.521665e+00 1.172817e+02 1.703709e-01
    endloop
  endfacet
  facet normal -8.969160e-02 8.969160e-02 -9.919228e-01
    outer loop
      vertex   -1.521665e+00 1.172817e+02 1.703709e-01
      vertex   1.770890e-01 1.170962e+02 0.000000e+00
      vertex   -1.336244e+00 1.155829e+02 0.000000e+00
    endloop
  endfacet
  facet normal -1.007846e-01 8.838568e-02 -9.909745e-01
    outer loop
      vertex   -1.521665e+00 1.172817e+02 1.703709e-01
      vertex   -1.336244e+00 1.155829e+02 0.000000e+00
      vertex   -2.926975e+00 1.156792e+02 1.703709e-01
    endloop
  endfacet
  facet normal -1.016297e-01 7.607904e-02 -9.919090e-01
    outer loop
      vertex   -2.926975e+00 1.156792e+02 1.703709e-01
      vertex   -1.336244e+00 1.155829e+02 0.000000e+00
      vertex   -2.618803e+00 1.138696e+02 0.000000e+00
    endloop
  endfacet
  facet normal -1.112747e-01 7.435137e-02 -9.910044e-01
    outer loop
      vertex   -2.926975e+00 1.156792e+02 1.703709e-01
      vertex   -2.618803e+00 1.138696e+02 0.000000e+00
      vertex   -4.111100e+00 1.139070e+02 1.703709e-01
    endloop
  endfacet
  facet normal -1.117082e-01 6.099728e-02 -9.918672e-01
    outer loop
      vertex   -4.111100e+00 1.139070e+02 1.703709e-01
      vertex   -2.618803e+00 1.138696e+02 0.000000e+00
      vertex   -3.644480e+00 1.119912e+02 0.000000e+00
    endloop
  endfacet
  facet normal -1.196319e-01 5.899593e-02 -9.910639e-01
    outer loop
      vertex   -4.111100e+00 1.139070e+02 1.703709e-01
      vertex   -3.644480e+00 1.119912e+02 0.000000e+00
      vertex   -5.053781e+00 1.119955e+02 1.703709e-01
    endloop
  endfacet
  facet normal -1.197638e-01 4.466958e-02 -9.917970e-01
    outer loop
      vertex   -5.053781e+00 1.119955e+02 1.703709e-01
      vertex   -3.644480e+00 1.119912e+02 0.000000e+00
      vertex   -4.392395e+00 1.099860e+02 0.000000e+00
    endloop
  endfacet
  facet normal -1.256876e-01 4.266519e-02 -9.911520e-01
    outer loop
      vertex   -5.053781e+00 1.119955e+02 1.703709e-01
      vertex   -4.392395e+00 1.099860e+02 0.000000e+00
      vertex   -5.738887e+00 1.099772e+02 1.703709e-01
    endloop
  endfacet
  facet normal -1.256568e-01 2.733496e-02 -9.916971e-01
    outer loop
      vertex   -5.738887e+00 1.099772e+02 1.703709e-01
      vertex   -4.392395e+00 1.099860e+02 0.000000e+00
      vertex   -4.847322e+00 1.078947e+02 0.000000e+00
    endloop
  endfacet
  facet normal -8.007601e-03 1.119609e-01 -9.936804e-01
    outer loop
      vertex   1.000000e+01 1.218726e+02 1.253604e-01
      vertex   1.000000e+01 1.207600e+02 0.000000e+00
      vertex   7.865277e+00 1.206073e+02 0.000000e+00
    endloop
  endfacet
  facet normal 9.877911e-04 1.119644e-01 -9.937117e-01
    outer loop
      vertex   1.000000e+01 1.218726e+02 1.253604e-01
      vertex   3.470857e+01 1.220541e+02 1.703709e-01
      vertex   1.000000e+01 1.207600e+02 0.000000e+00
    endloop
  endfacet
  facet normal 0.000000e+00 1.305262e-01 -9.914449e-01
    outer loop
      vertex   1.000000e+01 1.207600e+02 0.000000e+00
      vertex   3.470857e+01 1.220541e+02 1.703709e-01
      vertex   5.941714e+01 1.220541e+02 1.703709e-01
    endloop
  endfacet
  facet normal 0.000000e+00 1.305262e-01 -9.914449e-01
    outer loop
      vertex   1.000000e+01 1.207600e+02 0.000000e+00
      vertex   5.941714e+01 1.220541e+02 1.703709e-01
      vertex   8.412571e+01 1.220541e+02 1.703709e-01
    endloop
  endfacet
  facet normal 0.000000e+00 3.826834e-01 -9.238795e-01
    outer loop
      vertex   8.412571e+01 1.220541e+02 1.703709e-01
      vertex   5.941714e+01 1.220541e+02 1.703709e-01
      vertex   8.412571e+01 1.232600e+02 6.698730e-01
    endloop
  endfacet
  facet normal 0.000000e+00 3.826834e-01 -9.238795e-01
    outer loop
      vertex   8.412571e+01 1.220541e+02 1.703709e-01
      vertex   8.412571e+01 1.232600e+02 6.698730e-01
      vertex   1.088343e+02 1.232600e+02 6.698730e-01
    endloop
  endfacet
  facet normal 0.000000e+00 6.087614e-01 -7.933533e-01
    outer loop
      vertex   1.088343e+02 1.232600e+02 6.698730e-01
      vertex   8.412571e+01 1.232600e+02 6.698730e-01
      vertex   1.088343e+02 1.242955e+02 1.464466e+00
    endloop
  endfacet
  facet normal 0.000000e+00 6.087614e-01 -7.933533e-01
    outer loop
      vertex   1.088343e+02 1.232600e+02 6.698730e-01
      vertex   1.088343e+02 1.242955e+02 1.464466e+00
      vertex   1.335429e+02 1.242955e+02 1.464466e+00
    endloop
  endfacet
  facet normal 0.000000e+00 7.933533e-01 -6.087614e-01
    outer loop
      vertex   1.335429e+02 1.242955e+02 1.464466e+00
      vertex   1.088343e+02 1.242955e+02 1.464466e+00
      vertex   1.335429e+02 1.250901e+02 2.500000e+00
    endloop
  endfacet
  facet normal 0.000000e+00 7.933533e-01 -6.087614e-01
    outer loop
      vertex   1.335429e+02 1.242955e+02 1.464466e+00
      vertex   1.335429e+02 1.250901e+02 2.500000e+00
      vertex   1.582514e+02 1.250901e+02 2.500000e+00
    endloop
  endfacet
  facet normal 0.000000e+00 9.238795e-01 -3.826834e-01
    outer loop
      vertex   1.582514e+02 1.250901e+02 2.500000e+00
      vertex   1.335429e+02 1.250901e+02 2.500000e+00
      vertex   1.582514e+02 1.255896e+02 3.705905e+00
    endloop
  endfacet
  facet normal -1.412859e-03 9.238786e-01 -3.826831e-01
    outer loop
      vertex   1.582514e+02 1.250901e+02 2.500000e+00
      vertex   1.582514e+02 1.255896e+02 3.705905e+00
      vertex   1.829600e+02 1.252648e+02 2.830581e+00
    endloop
  endfacet
  facet normal 7.065537e-04 9.438831e-01 -3.302790e-01
    outer loop
      vertex   1.829600e+02 1.252648e+02 2.830581e+00
      vertex   1.582514e+02 1.255896e+02 3.705905e+00
      vertex   1.829600e+02 1.256346e+02 3.887395e+00
    endloop
  endfacet
  facet normal -9.877911e-04 9.937117e-01 -1.119644e-01
    outer loop
      vertex   1.829600e+02 1.256346e+02 3.887395e+00
      vertex   1.582514e+02 1.255896e+02 3.705905e+00
      vertex   1.829600e+02 1.257600e+02 5.000000e+00
    endloop
  endfacet
  facet normal 0.000000e+00 9.914449e-01 -1.305262e-01
    outer loop
      vertex   1.829600e+02 1.257600e+02 5.000000e+00
      vertex   1.582514e+02 1.255896e+02 3.705905e+00
      vertex   1.335429e+02 1.255896e+02 3.705905e+00
    endloop
  endfacet
  facet normal 0.000000e+00 9.914449e-01 -1.305262e-01
    outer loop
      vertex   1.829600e+02 1.257600e+02 5.000000e+00
      vertex   1.335429e+02 1.255896e+02 3.705905e+00
      vertex   1.088343e+02 1.255896e+02 3.705905e+00
    endloop
  endfacet
  facet normal 0.000000e+00 9.238795e-01 -3.826834e-01
    outer loop
      vertex   1.088343e+02 1.255896e+02 3.705905e+00
      vertex   1.335429e+02 1.255896e+02 3.705905e+00
      vertex   1.088343e+02 1.250901e+02 2.500000e+00
    endloop
  endfacet
  facet normal 0.000000e+00 9.238795e-01 -3.826834e-01
    outer loop
      vertex   1.088343e+02 1.255896e+02 3.705905e+00
      vertex   1.088343e+02 1.250901e+02 2.500000e+00
      vertex   8.412571e+01 1.250901e+02 2.500000e+00
    endloop
  endfacet
  facet normal 0.000000e+00 7.933533e-01 -6.087614e-01
    outer loop
      vertex   8.412571e+01 1.250901e+02 2.500000e+00
      vertex   1.088343e+02 1.250901e+02 2.500000e+00
      vertex   8.412571e+01 1.242955e+02 1.464466e+00
    endloop
  endfacet
  facet normal 0.000000e+00 7.933533e-01 -6.087614e-01
    outer loop
      vertex   8.412571e+01 1.250901e+02 2.500000e+00
      vertex   8.412571e+01 1.242955e+02 1.464466e+00
      vertex   5.941714e+01 1.242955e+02 1.464466e+00
    endloop
  endfacet
  facet normal 0.000000e+00 6.087614e-01 -7.933533e-01
    outer loop
      vertex   5.941714e+01 1.242955e+02 1.464466e+00
      vertex   8.412571e+01 1.242955e+02 1.464466e+00
      vertex   5.941714e+01 1.232600e+02 6.698730e-01
    endloop
  endfacet
  facet normal 0.000000e+00 6.087614e-01 -7.933533e-01
    outer loop
      vertex   5.941714e+01 1.242955e+02 1.464466e+00
      vertex   5.941714e+01 1.232600e+02 6.698730e-01
      vertex   3.470857e+01 1.232600e+02 6.698730e-01
    endloop
  endfacet
  facet normal 0.000000e+00 3.826834e-01 -9.238795e-01
    outer loop
      vertex   3.470857e+01 1.232600e+02 6.698730e-01
      vertex   5.941714e+01 1.232600e+02 6.698730e-01
      vertex   3.470857e+01 1.220541e+02 1.703709e-01
    endloop
  endfacet
  facet normal 1.412859e-03 3.826831e-01 -9.238786e-01
    outer loop
      vertex   3.470857e+01 1.232600e+02 6.698730e-01
      vertex   3.470857e+01 1.220541e+02 1.703709e-01
      vertex   1.000000e+01 1.229294e+02 4.951557e-01
    endloop
  endfacet
  facet normal -7.065537e-04 3.302790e-01 -9.438831e-01
    outer loop
      vertex   1.000000e+01 1.229294e+02 4.951557e-01
      vertex   3.470857e+01 1.220541e+02 1.703709e-01
      vertex   1.000000e+01 1.218726e+02 1.253604e-01
    endloop
  endfacet
  facet normal -1.130881e-03 5.320317e-01 -8.467237e-01
    outer loop
      vertex   1.000000e+01 1.229294e+02 4.951557e-01
      vertex   1.000000e+01 1.238774e+02 1.090843e+00
      vertex   3.470857e+01 1.232600e+02 6.698730e-01
    endloop
  endfacet
  facet normal 1.695826e-03 6.087606e-01 -7.933522e-01
    outer loop
      vertex   3.470857e+01 1.232600e+02 6.698730e-01
      vertex   1.000000e+01 1.238774e+02 1.090843e+00
      vertex   3.470857e+01 1.242955e+02 1.464466e+00
    endloop
  endfacet
  facet normal 0.000000e+00 6.087614e-01 -7.933533e-01
    outer loop
      vertex   3.470857e+01 1.232600e+02 6.698730e-01
      vertex   3.470857e+01 1.242955e+02 1.464466e+00
      vertex   5.941714e+01 1.242955e+02 1.464466e+00
    endloop
  endfacet
  facet normal 0.000000e+00 7.933533e-01 -6.087614e-01
    outer loop
      vertex   5.941714e+01 1.242955e+02 1.464466e+00
      vertex   3.470857e+01 1.242955e+02 1.464466e+00
      vertex   5.941714e+01 1.250901e+02 2.500000e+00
    endloop
  endfacet
  facet normal 0.000000e+00 7.933533e-01 -6.087614e-01
    outer loop
      vertex   5.941714e+01 1.242955e+02 1.464466e+00
      vertex   5.941714e+01 1.250901e+02 2.500000e+00
      vertex   8.412571e+01 1.250901e+02 2.500000e+00
    endloop
  endfacet
  facet normal 0.000000e+00 9.238795e-01 -3.826834e-01
    outer loop
      vertex   8.412571e+01 1.250901e+02 2.500000e+00
      vertex   5.941714e+01 1.250901e+02 2.500000e+00
      vertex   8.412571e+01 1.255896e+02 3.705905e+00
    endloop
  endfacet
  facet normal 0.000000e+00 9.238795e-01 -3.826834e-01
    outer loop
      vertex   8.412571e+01 1.250901e+02 2.500000e+00
      vertex   8.412571e+01 1.255896e+02 3.705905e+00
      vertex   1.088343e+02 1.255896e+02 3.705905e+00
    endloop
  endfacet
  facet normal 0.000000e+00 9.914449e-01 -1.305262e-01
    outer loop
      vertex   1.088343e+02 1.255896e+02 3.705905e+00
      vertex   8.412571e+01 1.255896e+02 3.705905e+00
      vertex   1.829600e+02 1.257600e+02 5.000000e+00
    endloop
  endfacet
  facet normal -1.272389e-03 7.071062e-01 -7.071062e-01
    outer loop
      vertex   1.000000e+01 1.238774e+02 1.090843e+00
      vertex   1.000000e+01 1.246692e+02 1.882551e+00
      vertex   3.470857e+01 1.242955e+02 1.464466e+00
    endloop
  endfacet
  facet normal 1.695826e-03 7.933522e-01 -6.087606e-01
    outer loop
      vertex   3.470857e+01 1.242955e+02 1.464466e+00
      vertex   1.000000e+01 1.246692e+02 1.882551e+00
      vertex   3.470857e+01 1.250901e+02 2.500000e+00
    endloop
  endfacet
  facet normal 0.000000e+00 7.933533e-01 -6.087614e-01
    outer loop
      vertex   3.470857e+01 1.242955e+02 1.464466e+00
      vertex   3.470857e+01 1.250901e+02 2.500000e+00
      vertex   5.941714e+01 1.250901e+02 2.500000e+00
    endloop
  endfacet
  facet normal 0.000000e+00 9.238795e-01 -3.826834e-01
    outer loop
      vertex   5.941714e+01 1.250901e+02 2.500000e+00
      vertex   3.470857e+01 1.250901e+02 2.500000e+00
      vertex   5.941714e+01 1.255896e+02 3.705905e+00
    endloop
  endfacet
  facet normal 0.000000e+00 9.238795e-01 -3.826834e-01
    outer loop
      vertex   5.941714e+01 1.250901e+02 2.500000e+00
      vertex   5.941714e+01 1.255896e+02 3.705905e+00
      vertex   8.412571e+01 1.255896e+02 3.705905e+00
    endloop
  endfacet
  facet normal 0.000000e+00 9.914449e-01 -1.305262e-01
    outer loop
      vertex   8.412571e+01 1.255896e+02 3.705905e+00
      vertex   5.941714e+01 1.255896e+02 3.705905e+00
      vertex   1.829600e+02 1.257600e+02 5.000000e+00
    endloop
  endfacet
  facet normal -1.130881e-03 8.467237e-01 -5.320317e-01
    outer loop
      vertex   1.000000e+01 1.246692e+02 1.882551e+00
      vertex   1.000000e+01 1.252648e+02 2.830581e+00
      vertex   3.470857e+01 1.250901e+02 2.500000e+00
    endloop
  endfacet
  facet normal 1.412859e-03 9.238786e-01 -3.826831e-01
    outer loop
      vertex   3.470857e+01 1.250901e+02 2.500000e+00
      vertex   1.000000e+01 1.252648e+02 2.830581e+00
      vertex   3.470857e+01 1.255896e+02 3.705905e+00
    endloop
  endfacet
  facet normal 0.000000e+00 9.238795e-01 -3.826834e-01
    outer loop
      vertex   3.470857e+01 1.250901e+02 2.500000e+00
      vertex   3.470857e+01 1.255896e+02 3.705905e+00
      vertex   5.941714e+01 1.255896e+02 3.705905e+00
    endloop
  endfacet
  facet normal 0.000000e+00 9.705966e-01 -2.407121e-01
    outer loop
      vertex   5.941714e+01 1.255896e+02 3.705905e+00
      vertex   3.470857e+01 1.255896e+02 3.705905e+00
      vertex   1.000000e+01 1.256346e+02 3.887395e+00
    endloop
  endfacet
  facet normal 3.123223e-04 9.871530e-01 -1.597775e-01
    outer loop
      vertex   5.941714e+01 1.255896e+02 3.705905e+00
      vertex   1.000000e+01 1.256346e+02 3.887395e+00
      vertex   1.829600e+02 1.257600e+02 5.000000e+00
    endloop
  endfacet
  facet normal 0.000000e+00 9.937122e-01 -1.119645e-01
    outer loop
      vertex   1.829600e+02 1.257600e+02 5.000000e+00
      vertex   1.000000e+01 1.256346e+02 3.887395e+00
      vertex   1.000000e+01 1.257600e+02 5.000000e+00
    endloop
  endfacet
  facet normal -7.065537e-04 9.438831e-01 -3.302790e-01
    outer loop
      vertex   1.000000e+01 1.252648e+02 2.830581e+00
      vertex   1.000000e+01 1.256346e+02 3.887395e+00
      vertex   3.470857e+01 1.255896e+02 3.705905e+00
    endloop
  endfacet
  facet normal 1.130881e-03 8.467237e-01 -5.320317e-01
    outer loop
      vertex   1.829600e+02 1.252648e+02 2.830581e+00
      vertex   1.829600e+02 1.246692e+02 1.882551e+00
      vertex   1.582514e+02 1.250901e+02 2.500000e+00
    endloop
  endfacet
  facet normal -1.695826e-03 7.933522e-01 -6.087606e-01
    outer loop
      vertex   1.582514e+02 1.250901e+02 2.500000e+00
      vertex   1.829600e+02 1.246692e+02 1.882551e+00
      vertex   1.582514e+02 1.242955e+02 1.464466e+00
    endloop
  endfacet
  facet normal 0.000000e+00 7.933533e-01 -6.087614e-01
    outer loop
      vertex   1.582514e+02 1.250901e+02 2.500000e+00
      vertex   1.582514e+02 1.242955e+02 1.464466e+00
      vertex   1.335429e+02 1.242955e+02 1.464466e+00
    endloop
  endfacet
  facet normal 0.000000e+00 6.087614e-01 -7.933533e-01
    outer loop
      vertex   1.335429e+02 1.242955e+02 1.464466e+00
      vertex   1.582514e+02 1.242955e+02 1.464466e+00
      vertex   1.335429e+02 1.232600e+02 6.698730e-01
    endloop
  endfacet
  facet normal 0.000000e+00 6.087614e-01 -7.933533e-01
    outer loop
      vertex   1.335429e+02 1.242955e+02 1.464466e+00
      vertex   1.335429e+02 1.232600e+02 6.698730e-01
      vertex   1.088343e+02 1.232600e+02 6.698730e-01
    endloop
  endfacet
  facet normal 0.000000e+00 3.826834e-01 -9.238795e-01
    outer loop
      vertex   1.088343e+02 1.232600e+02 6.698730e-01
      vertex   1.335429e+02 1.232600e+02 6.698730e-01
      vertex   1.088343e+02 1.220541e+02 1.703709e-01
    endloop
  endfacet
  facet normal 0.000000e+00 3.826834e-01 -9.238795e-01
    outer loop
      vertex   1.088343e+02 1.232600e+02 6.698730e-01
      vertex   1.088343e+02 1.220541e+02 1.703709e-01
      vertex   8.412571e+01 1.220541e+02 1.703709e-01
    endloop
  endfacet
  facet normal 0.000000e+00 1.305262e-01 -9.914449e-01
    outer loop
      vertex   8.412571e+01 1.220541e+02 1.703709e-01
      vertex   1.088343e+02 1.220541e+02 1.703709e-01
      vertex   1.000000e+01 1.207600e+02 0.000000e+00
    endloop
  endfacet
  facet normal 1.272389e-03 7.071062e-01 -7.071062e-01
    outer loop
      vertex   1.829600e+02 1.246692e+02 1.882551e+00
      vertex   1.829600e+02 1.238774e+02 1.090843e+00
      vertex   1.582514e+02 1.242955e+02 1.464466e+00
    endloop
  endfacet
  facet normal -1.695826e-03 6.087606e-01 -7.933522e-01
    outer loop
      vertex   1.582514e+02 1.242955e+02 1.464466e+00
      vertex   1.829600e+02 1.238774e+02 1.090843e+00
      vertex   1.582514e+02 1.232600e+02 6.698730e-01
    endloop
  endfacet
  facet normal 0.000000e+00 6.087614e-01 -7.933533e-01
    outer loop
      vertex   1.582514e+02 1.242955e+02 1.464466e+00
      vertex   1.582514e+02 1.232600e+02 6.698730e-01
      vertex   1.335429e+02 1.232600e+02 6.698730e-01
    endloop
  endfacet
  facet normal 0.000000e+00 3.826834e-01 -9.238795e-01
    outer loop
      vertex   1.335429e+02 1.232600e+02 6.698730e-01
      vertex   1.582514e+02 1.232600e+02 6.698730e-01
      vertex   1.335429e+02 1.220541e+02 1.703709e-01
    endloop
  endfacet
  facet normal 0.000000e+00 3.826834e-01 -9.238795e-01
    outer loop
      vertex   1.335429e+02 1.232600e+02 6.698730e-01
      vertex   1.335429e+02 1.220541e+02 1.703709e-01
      vertex   1.088343e+02 1.220541e+02 1.703709e-01
    endloop
  endfacet
  facet normal 0.000000e+00 1.305262e-01 -9.914449e-01
    outer loop
      vertex   1.088343e+02 1.220541e+02 1.703709e-01
      vertex   1.335429e+02 1.220541e+02 1.703709e-01
      vertex   1.000000e+01 1.207600e+02 0.000000e+00
    endloop
  endfacet
  facet normal 1.130881e-03 5.320317e-01 -8.467237e-01
    outer loop
      vertex   1.829600e+02 1.238774e+02 1.090843e+00
      vertex   1.829600e+02 1.229294e+02 4.951557e-01
      vertex   1.582514e+02 1.232600e+02 6.698730e-01
    endloop
  endfacet
  facet normal -1.412859e-03 3.826831e-01 -9.238786e-01
    outer loop
      vertex   1.582514e+02 1.232600e+02 6.698730e-01
      vertex   1.829600e+02 1.229294e+02 4.951557e-01
      vertex   1.582514e+02 1.220541e+02 1.703709e-01
    endloop
  endfacet
  facet normal 0.000000e+00 3.826834e-01 -9.238795e-01
    outer loop
      vertex   1.582514e+02 1.232600e+02 6.698730e-01
      vertex   1.582514e+02 1.220541e+02 1.703709e-01
      vertex   1.335429e+02 1.220541e+02 1.703709e-01
    endloop
  endfacet
  facet normal 0.000000e+00 2.407121e-01 -9.705966e-01
    outer loop
      vertex   1.335429e+02 1.220541e+02 1.703709e-01
      vertex   1.582514e+02 1.220541e+02 1.703709e-01
      vertex   1.829600e+02 1.218726e+02 1.253604e-01
    endloop
  endfacet
  facet normal -3.123223e-04 1.597775e-01 -9.871530e-01
    outer loop
      vertex   1.335429e+02 1.220541e+02 1.703709e-01
      vertex   1.829600e+02 1.218726e+02 1.253604e-01
      vertex   1.000000e+01 1.207600e+02 0.000000e+00
    endloop
  endfacet
  facet normal 0.000000e+00 1.119645e-01 -9.937122e-01
    outer loop
      vertex   1.000000e+01 1.207600e+02 0.000000e+00
      vertex   1.829600e+02 1.218726e+02 1.253604e-01
      vertex   1.829600e+02 1.207600e+02 0.000000e+00
    endloop
  endfacet
  facet normal 7.065537e-04 3.302790e-01 -9.438831e-01
    outer loop
      vertex   1.829600e+02 1.229294e+02 4.951557e-01
      vertex   1.829600e+02 1.218726e+02 1.253604e-01
      vertex   1.582514e+02 1.220541e+02 1.703709e-01
    endloop
  endfacet
  facet normal 0.000000e+00 3.826834e-01 -9.238795e-01
    outer loop
      vertex   8.412571e+01 1.232600e+02 6.698730e-01
      vertex   5.941714e+01 1.220541e+02 1.703709e-01
      vertex   5.941714e+01 1.232600e+02 6.698730e-01
    endloop
  endfacet
  facet normal 0.000000e+00 3.826834e-01 -9.238795e-01
    outer loop
      vertex   5.941714e+01 1.232600e+02 6.698730e-01
      vertex   5.941714e+01 1.220541e+02 1.703709e-01
      vertex   3.470857e+01 1.220541e+02 1.703709e-01
    endloop
  endfacet
  facet normal 0.000000e+00 6.087614e-01 -7.933533e-01
    outer loop
      vertex   1.088343e+02 1.242955e+02 1.464466e+00
      vertex   8.412571e+01 1.232600e+02 6.698730e-01
      vertex   8.412571e+01 1.242955e+02 1.464466e+00
    endloop
  endfacet
  facet normal 0.000000e+00 6.087614e-01 -7.933533e-01
    outer loop
      vertex   8.412571e+01 1.242955e+02 1.464466e+00
      vertex   8.412571e+01 1.232600e+02 6.698730e-01
      vertex   5.941714e+01 1.232600e+02 6.698730e-01
    endloop
  endfacet
  facet normal 0.000000e+00 7.933533e-01 -6.087614e-01
    outer loop
      vertex   1.335429e+02 1.250901e+02 2.500000e+00
      vertex   1.088343e+02 1.242955e+02 1.464466e+00
      vertex   1.088343e+02 1.250901e+02 2.500000e+00
    endloop
  endfacet
  facet normal 0.000000e+00 7.933533e-01 -6.087614e-01
    outer loop
      vertex   1.088343e+02 1.250901e+02 2.500000e+00
      vertex   1.088343e+02 1.242955e+02 1.464466e+00
      vertex   8.412571e+01 1.242955e+02 1.464466e+00
    endloop
  endfacet
  facet normal 0.000000e+00 9.238795e-01 -3.826834e-01
    outer loop
      vertex   1.582514e+02 1.255896e+02 3.705905e+00
      vertex   1.335429e+02 1.250901e+02 2.500000e+00
      vertex   1.335429e+02 1.255896e+02 3.705905e+00
    endloop
  endfacet
  facet normal 0.000000e+00 9.238795e-01 -3.826834e-01
    outer loop
      vertex   1.335429e+02 1.255896e+02 3.705905e+00
      vertex   1.335429e+02 1.250901e+02 2.500000e+00
      vertex   1.088343e+02 1.250901e+02 2.500000e+00
    endloop
  endfacet
  facet normal 8.007601e-03 1.119609e-01 -9.936804e-01
    outer loop
      vertex   1.829600e+02 1.207600e+02 0.000000e+00
      vertex   1.829600e+02 1.218726e+02 1.253604e-01
      vertex   1.850947e+02 1.206073e+02 0.000000e+00
    endloop
  endfacet
  facet normal 1.842286e-02 1.293103e-01 -9.914330e-01
    outer loop
      vertex   1.850947e+02 1.206073e+02 0.000000e+00
      vertex   1.829600e+02 1.218726e+02 1.253604e-01
      vertex   1.850868e+02 1.219147e+02 1.703709e-01
    endloop
  endfacet
  facet normal 2.572593e-02 1.293330e-01 -9.912674e-01
    outer loop
      vertex   1.850947e+02 1.206073e+02 0.000000e+00
      vertex   1.850868e+02 1.219147e+02 1.703709e-01
      vertex   1.871772e+02 1.214989e+02 1.703709e-01
    endloop
  endfacet
  facet normal 7.479450e-02 3.760174e-01 -9.235891e-01
    outer loop
      vertex   1.871772e+02 1.214989e+02 1.703709e-01
      vertex   1.850868e+02 1.219147e+02 1.703709e-01
      vertex   1.852442e+02 1.231103e+02 6.698730e-01
    endloop
  endfacet
  facet normal 7.479450e-02 3.760174e-01 -9.235891e-01
    outer loop
      vertex   1.871772e+02 1.214989e+02 1.703709e-01
      vertex   1.852442e+02 1.231103e+02 6.698730e-01
      vertex   1.874893e+02 1.226637e+02 6.698730e-01
    endloop
  endfacet
  facet normal 1.189237e-01 5.978696e-01 -7.927226e-01
    outer loop
      vertex   1.874893e+02 1.226637e+02 6.698730e-01
      vertex   1.852442e+02 1.231103e+02 6.698730e-01
      vertex   1.853794e+02 1.241370e+02 1.464466e+00
    endloop
  endfacet
  facet normal 1.189237e-01 5.978696e-01 -7.927226e-01
    outer loop
      vertex   1.874893e+02 1.226637e+02 6.698730e-01
      vertex   1.853794e+02 1.241370e+02 1.464466e+00
      vertex   1.877573e+02 1.236640e+02 1.464466e+00
    endloop
  endfacet
  facet normal 1.548984e-01 7.787268e-01 -6.079401e-01
    outer loop
      vertex   1.877573e+02 1.236640e+02 1.464466e+00
      vertex   1.853794e+02 1.241370e+02 1.464466e+00
      vertex   1.854831e+02 1.249248e+02 2.500000e+00
    endloop
  endfacet
  facet normal 1.548984e-01 7.787268e-01 -6.079401e-01
    outer loop
      vertex   1.877573e+02 1.236640e+02 1.464466e+00
      vertex   1.854831e+02 1.249248e+02 2.500000e+00
      vertex   1.879630e+02 1.244315e+02 2.500000e+00
    endloop
  endfacet
  facet normal 1.802964e-01 9.064114e-01 -3.819837e-01
    outer loop
      vertex   1.879630e+02 1.244315e+02 2.500000e+00
      vertex   1.854831e+02 1.249248e+02 2.500000e+00
      vertex   1.855483e+02 1.254200e+02 3.705905e+00
    endloop
  endfacet
  facet normal 1.802964e-01 9.064114e-01 -3.819837e-01
    outer loop
      vertex   1.879630e+02 1.244315e+02 2.500000e+00
      vertex   1.855483e+02 1.254200e+02 3.705905e+00
      vertex   1.880923e+02 1.249140e+02 3.705905e+00
    endloop
  endfacet
  facet normal 1.929714e-01 9.701328e-01 -1.469840e-01
    outer loop
      vertex   1.880923e+02 1.249140e+02 3.705905e+00
      vertex   1.855483e+02 1.254200e+02 3.705905e+00
      vertex   1.877463e+02 1.251788e+02 5.000000e+00
    endloop
  endfacet
  facet normal 2.955254e-01 9.483743e-01 -1.151128e-01
    outer loop
      vertex   1.880923e+02 1.249140e+02 3.705905e+00
      vertex   1.877463e+02 1.251788e+02 5.000000e+00
      vertex   1.900521e+02 1.244603e+02 5.000000e+00
    endloop
  endfacet
  facet normal 1.343790e-02 3.302492e-01 -9.437981e-01
    outer loop
      vertex   1.829600e+02 1.218726e+02 1.253604e-01
      vertex   1.829600e+02 1.229294e+02 4.951557e-01
      vertex   1.850868e+02 1.219147e+02 1.703709e-01
    endloop
  endfacet
  facet normal 4.052465e-02 3.806330e-01 -9.238378e-01
    outer loop
      vertex   1.850868e+02 1.219147e+02 1.703709e-01
      vertex   1.829600e+02 1.229294e+02 4.951557e-01
      vertex   1.852442e+02 1.231103e+02 6.698730e-01
    endloop
  endfacet
  facet normal 2.263253e-02 5.318958e-01 -8.465073e-01
    outer loop
      vertex   1.829600e+02 1.229294e+02 4.951557e-01
      vertex   1.829600e+02 1.238774e+02 1.090843e+00
      vertex   1.852442e+02 1.231103e+02 6.698730e-01
    endloop
  endfacet
  facet normal 5.745343e-02 6.062995e-01 -7.931582e-01
    outer loop
      vertex   1.852442e+02 1.231103e+02 6.698730e-01
      vertex   1.829600e+02 1.238774e+02 1.090843e+00
      vertex   1.853794e+02 1.241370e+02 1.464466e+00
    endloop
  endfacet
  facet normal 3.333302e-02 7.067138e-01 -7.067138e-01
    outer loop
      vertex   1.829600e+02 1.238774e+02 1.090843e+00
      vertex   1.829600e+02 1.246692e+02 1.882551e+00
      vertex   1.853794e+02 1.241370e+02 1.464466e+00
    endloop
  endfacet
  facet normal 6.878866e-02 7.906527e-01 -6.083884e-01
    outer loop
      vertex   1.853794e+02 1.241370e+02 1.464466e+00
      vertex   1.829600e+02 1.246692e+02 1.882551e+00
      vertex   1.854831e+02 1.249248e+02 2.500000e+00
    endloop
  endfacet
  facet normal 4.437876e-02 8.458900e-01 -5.315079e-01
    outer loop
      vertex   1.829600e+02 1.246692e+02 1.882551e+00
      vertex   1.829600e+02 1.252648e+02 2.830581e+00
      vertex   1.854831e+02 1.249248e+02 2.500000e+00
    endloop
  endfacet
  facet normal 7.406793e-02 9.210798e-01 -3.822643e-01
    outer loop
      vertex   1.854831e+02 1.249248e+02 2.500000e+00
      vertex   1.829600e+02 1.252648e+02 2.830581e+00
      vertex   1.855483e+02 1.254200e+02 3.705905e+00
    endloop
  endfacet
  facet normal 5.503686e-02 9.424527e-01 -3.297785e-01
    outer loop
      vertex   1.829600e+02 1.252648e+02 2.830581e+00
      vertex   1.829600e+02 1.256346e+02 3.887395e+00
      vertex   1.855483e+02 1.254200e+02 3.705905e+00
    endloop
  endfacet
  facet normal 7.221910e-02 9.877517e-01 -1.383147e-01
    outer loop
      vertex   1.855483e+02 1.254200e+02 3.705905e+00
      vertex   1.829600e+02 1.256346e+02 3.887395e+00
      vertex   1.853707e+02 1.256142e+02 5.000000e+00
    endloop
  endfacet
  facet normal 1.789096e-01 9.762778e-01 -1.219548e-01
    outer loop
      vertex   1.855483e+02 1.254200e+02 3.705905e+00
      vertex   1.853707e+02 1.256142e+02 5.000000e+00
      vertex   1.877463e+02 1.251788e+02 5.000000e+00
    endloop
  endfacet
  facet normal 6.000022e-02 9.919219e-01 -1.117628e-01
    outer loop
      vertex   1.829600e+02 1.256346e+02 3.887395e+00
      vertex   1.829600e+02 1.257600e+02 5.000000e+00
      vertex   1.853707e+02 1.256142e+02 5.000000e+00
    endloop
  endfacet
  facet normal 3.176529e-01 9.357753e-01 -1.530397e-01
    outer loop
      vertex   1.880923e+02 1.249140e+02 3.705905e+00
      vertex   1.900521e+02 1.244603e+02 5.000000e+00
      vertex   1.905485e+02 1.240802e+02 3.705905e+00
    endloop
  endfacet
  facet normal 4.079323e-01 9.063883e-01 -1.097792e-01
    outer loop
      vertex   1.905485e+02 1.240802e+02 3.705905e+00
      vertex   1.900521e+02 1.244603e+02 5.000000e+00
      vertex   1.922545e+02 1.234691e+02 5.000000e+00
    endloop
  endfacet
  facet normal 4.367635e-01 8.856687e-01 -1.575708e-01
    outer loop
      vertex   1.905485e+02 1.240802e+02 3.705905e+00
      vertex   1.922545e+02 1.234691e+02 5.000000e+00
      vertex   1.928748e+02 1.229330e+02 3.705905e+00
    endloop
  endfacet
  facet normal 5.144252e-01 8.509633e-01 -1.059632e-01
    outer loop
      vertex   1.928748e+02 1.229330e+02 3.705905e+00
      vertex   1.922545e+02 1.234691e+02 5.000000e+00
      vertex   1.943213e+02 1.222197e+02 5.000000e+00
    endloop
  endfacet
  facet normal 5.483599e-01 8.206786e-01 -1.605863e-01
    outer loop
      vertex   1.928748e+02 1.229330e+02 3.705905e+00
      vertex   1.943213e+02 1.222197e+02 5.000000e+00
      vertex   1.950315e+02 1.214919e+02 3.705905e+00
    endloop
  endfacet
  facet normal 6.133958e-01 7.829418e-01 -1.036712e-01
    outer loop
      vertex   1.950315e+02 1.214919e+02 3.705905e+00
      vertex   1.943213e+02 1.222197e+02 5.000000e+00
      vertex   1.962225e+02 1.207302e+02 5.000000e+00
    endloop
  endfacet
  facet normal 6.506264e-01 7.418972e-01 -1.620924e-01
    outer loop
      vertex   1.950315e+02 1.214919e+02 3.705905e+00
      vertex   1.962225e+02 1.207302e+02 5.000000e+00
      vertex   1.969817e+02 1.197817e+02 3.705905e+00
    endloop
  endfacet
  facet normal 7.033528e-01 7.033528e-01 -1.029068e-01
    outer loop
      vertex   1.969817e+02 1.197817e+02 3.705905e+00
      vertex   1.962225e+02 1.207302e+02 5.000000e+00
      vertex   1.979302e+02 1.190225e+02 5.000000e+00
    endloop
  endfacet
  facet normal 7.418972e-01 6.506264e-01 -1.620924e-01
    outer loop
      vertex   1.969817e+02 1.197817e+02 3.705905e+00
      vertex   1.979302e+02 1.190225e+02 5.000000e+00
      vertex   1.986919e+02 1.178315e+02 3.705905e+00
    endloop
  endfacet
  facet normal 7.829418e-01 6.133958e-01 -1.036712e-01
    outer loop
      vertex   1.986919e+02 1.178315e+02 3.705905e+00
      vertex   1.979302e+02 1.190225e+02 5.000000e+00
      vertex   1.994197e+02 1.171213e+02 5.000000e+00
    endloop
  endfacet
  facet normal 8.206786e-01 5.483599e-01 -1.605863e-01
    outer loop
      vertex   1.986919e+02 1.178315e+02 3.705905e+00
      vertex   1.994197e+02 1.171213e+02 5.000000e+00
      vertex   2.001330e+02 1.156748e+02 3.705905e+00
    endloop
  endfacet
  facet normal 8.509633e-01 5.144252e-01 -1.059632e-01
    outer loop
      vertex   2.001330e+02 1.156748e+02 3.705905e+00
      vertex   1.994197e+02 1.171213e+02 5.000000e+00
      vertex   2.006691e+02 1.150545e+02 5.000000e+00
    endloop
  endfacet
  facet normal 8.856687e-01 4.367635e-01 -1.575708e-01
    outer loop
      vertex   2.001330e+02 1.156748e+02 3.705905e+00
      vertex   2.006691e+02 1.150545e+02 5.000000e+00
      vertex   2.012802e+02 1.133485e+02 3.705905e+00
    endloop
  endfacet
  facet normal 9.063883e-01 4.079323e-01 -1.097792e-01
    outer loop
      vertex   2.012802e+02 1.133485e+02 3.705905e+00
      vertex   2.006691e+02 1.150545e+02 5.000000e+00
      vertex   2.016603e+02 1.128521e+02 5.000000e+00
    endloop
  endfacet
  facet normal 9.357753e-01 3.176529e-01 -1.530397e-01
    outer loop
      vertex   2.012802e+02 1.133485e+02 3.705905e+00
      vertex   2.016603e+02 1.128521e+02 5.000000e+00
      vertex   2.021140e+02 1.108923e+02 3.705905e+00
    endloop
  endfacet
  facet normal 9.483743e-01 2.955254e-01 -1.151128e-01
    outer loop
      vertex   2.021140e+02 1.108923e+02 3.705905e+00
      vertex   2.016603e+02 1.128521e+02 5.000000e+00
      vertex   2.023788e+02 1.105463e+02 5.000000e+00
    endloop
  endfacet
  facet normal 9.701328e-01 1.929714e-01 -1.469840e-01
    outer loop
      vertex   2.021140e+02 1.108923e+02 3.705905e+00
      vertex   2.023788e+02 1.105463e+02 5.000000e+00
      vertex   2.026200e+02 1.083483e+02 3.705905e+00
    endloop
  endfacet
  facet normal 9.762778e-01 1.789096e-01 -1.219548e-01
    outer loop
      vertex   2.026200e+02 1.083483e+02 3.705905e+00
      vertex   2.023788e+02 1.105463e+02 5.000000e+00
      vertex   2.028142e+02 1.081707e+02 5.000000e+00
    endloop
  endfacet
  facet normal 9.877517e-01 7.221910e-02 -1.383147e-01
    outer loop
      vertex   2.026200e+02 1.083483e+02 3.705905e+00
      vertex   2.028142e+02 1.081707e+02 5.000000e+00
      vertex   2.028346e+02 1.057600e+02 3.887395e+00
    endloop
  endfacet
  facet normal 9.919219e-01 6.000022e-02 -1.117628e-01
    outer loop
      vertex   2.028346e+02 1.057600e+02 3.887395e+00
      vertex   2.028142e+02 1.081707e+02 5.000000e+00
      vertex   2.029600e+02 1.057600e+02 5.000000e+00
    endloop
  endfacet
  facet normal 9.424527e-01 5.503686e-02 -3.297785e-01
    outer loop
      vertex   2.028346e+02 1.057600e+02 3.887395e+00
      vertex   2.024648e+02 1.057600e+02 2.830581e+00
      vertex   2.026200e+02 1.083483e+02 3.705905e+00
    endloop
  endfacet
  facet normal 9.210798e-01 7.406793e-02 -3.822643e-01
    outer loop
      vertex   2.026200e+02 1.083483e+02 3.705905e+00
      vertex   2.024648e+02 1.057600e+02 2.830581e+00
      vertex   2.021248e+02 1.082831e+02 2.500000e+00
    endloop
  endfacet
  facet normal 9.064114e-01 1.802964e-01 -3.819837e-01
    outer loop
      vertex   2.026200e+02 1.083483e+02 3.705905e+00
      vertex   2.021248e+02 1.082831e+02 2.500000e+00
      vertex   2.021140e+02 1.108923e+02 3.705905e+00
    endloop
  endfacet
  facet normal 9.064114e-01 1.802964e-01 -3.819837e-01
    outer loop
      vertex   2.021140e+02 1.108923e+02 3.705905e+00
      vertex   2.021248e+02 1.082831e+02 2.500000e+00
      vertex   2.016315e+02 1.107630e+02 2.500000e+00
    endloop
  endfacet
  facet normal 8.751235e-01 2.970644e-01 -3.819837e-01
    outer loop
      vertex   2.021140e+02 1.108923e+02 3.705905e+00
      vertex   2.016315e+02 1.107630e+02 2.500000e+00
      vertex   2.012802e+02 1.133485e+02 3.705905e+00
    endloop
  endfacet
  facet normal 8.751235e-01 2.970644e-01 -3.819837e-01
    outer loop
      vertex   2.012802e+02 1.133485e+02 3.705905e+00
      vertex   2.016315e+02 1.107630e+02 2.500000e+00
      vertex   2.008187e+02 1.131573e+02 2.500000e+00
    endloop
  endfacet
  facet normal 8.288620e-01 4.087495e-01 -3.819837e-01
    outer loop
      vertex   2.012802e+02 1.133485e+02 3.705905e+00
      vertex   2.008187e+02 1.131573e+02 2.500000e+00
      vertex   2.001330e+02 1.156748e+02 3.705905e+00
    endloop
  endfacet
  facet normal 8.288620e-01 4.087495e-01 -3.819837e-01
    outer loop
      vertex   2.001330e+02 1.156748e+02 3.705905e+00
      vertex   2.008187e+02 1.131573e+02 2.500000e+00
      vertex   1.997004e+02 1.154251e+02 2.500000e+00
    endloop
  endfacet
  facet normal 7.684185e-01 5.134408e-01 -3.819837e-01
    outer loop
      vertex   2.001330e+02 1.156748e+02 3.705905e+00
      vertex   1.997004e+02 1.154251e+02 2.500000e+00
      vertex   1.986919e+02 1.178315e+02 3.705905e+00
    endloop
  endfacet
  facet normal 7.684185e-01 5.134408e-01 -3.819837e-01
    outer loop
      vertex   1.986919e+02 1.178315e+02 3.705905e+00
      vertex   1.997004e+02 1.154251e+02 2.500000e+00
      vertex   1.982956e+02 1.175274e+02 2.500000e+00
    endloop
  endfacet
  facet normal 6.948271e-01 6.093470e-01 -3.819837e-01
    outer loop
      vertex   1.986919e+02 1.178315e+02 3.705905e+00
      vertex   1.982956e+02 1.175274e+02 2.500000e+00
      vertex   1.969817e+02 1.197817e+02 3.705905e+00
    endloop
  endfacet
  facet normal 6.948271e-01 6.093470e-01 -3.819837e-01
    outer loop
      vertex   1.969817e+02 1.197817e+02 3.705905e+00
      vertex   1.982956e+02 1.175274e+02 2.500000e+00
      vertex   1.966285e+02 1.194285e+02 2.500000e+00
    endloop
  endfacet
  facet normal 6.093470e-01 6.948271e-01 -3.819837e-01
    outer loop
      vertex   1.969817e+02 1.197817e+02 3.705905e+00
      vertex   1.966285e+02 1.194285e+02 2.500000e+00
      vertex   1.950315e+02 1.214919e+02 3.705905e+00
    endloop
  endfacet
  facet normal 6.093470e-01 6.948271e-01 -3.819837e-01
    outer loop
      vertex   1.950315e+02 1.214919e+02 3.705905e+00
      vertex   1.966285e+02 1.194285e+02 2.500000e+00
      vertex   1.947274e+02 1.210956e+02 2.500000e+00
    endloop
  endfacet
  facet normal 5.134408e-01 7.684185e-01 -3.819837e-01
    outer loop
      vertex   1.950315e+02 1.214919e+02 3.705905e+00
      vertex   1.947274e+02 1.210956e+02 2.500000e+00
      vertex   1.928748e+02 1.229330e+02 3.705905e+00
    endloop
  endfacet
  facet normal 5.134408e-01 7.684185e-01 -3.819837e-01
    outer loop
      vertex   1.928748e+02 1.229330e+02 3.705905e+00
      vertex   1.947274e+02 1.210956e+02 2.500000e+00
      vertex   1.926251e+02 1.225004e+02 2.500000e+00
    endloop
  endfacet
  facet normal 4.087495e-01 8.288620e-01 -3.819837e-01
    outer loop
      vertex   1.928748e+02 1.229330e+02 3.705905e+00
      vertex   1.926251e+02 1.225004e+02 2.500000e+00
      vertex   1.905485e+02 1.240802e+02 3.705905e+00
    endloop
  endfacet
  facet normal 4.087495e-01 8.288620e-01 -3.819837e-01
    outer loop
      vertex   1.905485e+02 1.240802e+02 3.705905e+00
      vertex   1.926251e+02 1.225004e+02 2.500000e+00
      vertex   1.903573e+02 1.236187e+02 2.500000e+00
    endloop
  endfacet
  facet normal 2.970644e-01 8.751235e-01 -3.819837e-01
    outer loop
      vertex   1.905485e+02 1.240802e+02 3.705905e+00
      vertex   1.903573e+02 1.236187e+02 2.500000e+00
      vertex   1.880923e+02 1.249140e+02 3.705905e+00
    endloop
  endfacet
  facet normal 2.970644e-01 8.751235e-01 -3.819837e-01
    outer loop
      vertex   1.880923e+02 1.249140e+02 3.705905e+00
      vertex   1.903573e+02 1.236187e+02 2.500000e+00
      vertex   1.879630e+02 1.244315e+02 2.500000e+00
    endloop
  endfacet
  facet normal 8.458900e-01 4.437876e-02 -5.315079e-01
    outer loop
      vertex   2.024648e+02 1.057600e+02 2.830581e+00
      vertex   2.018692e+02 1.057600e+02 1.882551e+00
      vertex   2.021248e+02 1.082831e+02 2.500000e+00
    endloop
  endfacet
  facet normal 7.906527e-01 6.878866e-02 -6.083884e-01
    outer loop
      vertex   2.021248e+02 1.082831e+02 2.500000e+00
      vertex   2.018692e+02 1.057600e+02 1.882551e+00
      vertex   2.013370e+02 1.081794e+02 1.464466e+00
    endloop
  endfacet
  facet normal 7.787268e-01 1.548984e-01 -6.079401e-01
    outer loop
      vertex   2.021248e+02 1.082831e+02 2.500000e+00
      vertex   2.013370e+02 1.081794e+02 1.464466e+00
      vertex   2.016315e+02 1.107630e+02 2.500000e+00
    endloop
  endfacet
  facet normal 7.787268e-01 1.548984e-01 -6.079401e-01
    outer loop
      vertex   2.016315e+02 1.107630e+02 2.500000e+00
      vertex   2.013370e+02 1.081794e+02 1.464466e+00
      vertex   2.008640e+02 1.105573e+02 1.464466e+00
    endloop
  endfacet
  facet normal 7.518463e-01 2.552174e-01 -6.079401e-01
    outer loop
      vertex   2.016315e+02 1.107630e+02 2.500000e+00
      vertex   2.008640e+02 1.105573e+02 1.464466e+00
      vertex   2.008187e+02 1.131573e+02 2.500000e+00
    endloop
  endfacet
  facet normal 7.518463e-01 2.552174e-01 -6.079401e-01
    outer loop
      vertex   2.008187e+02 1.131573e+02 2.500000e+00
      vertex   2.008640e+02 1.105573e+02 1.464466e+00
      vertex   2.000846e+02 1.128532e+02 1.464466e+00
    endloop
  endfacet
  facet normal 7.121016e-01 3.511697e-01 -6.079401e-01
    outer loop
      vertex   2.008187e+02 1.131573e+02 2.500000e+00
      vertex   2.000846e+02 1.128532e+02 1.464466e+00
      vertex   1.997004e+02 1.154251e+02 2.500000e+00
    endloop
  endfacet
  facet normal 7.121016e-01 3.511697e-01 -6.079401e-01
    outer loop
      vertex   1.997004e+02 1.154251e+02 2.500000e+00
      vertex   2.000846e+02 1.128532e+02 1.464466e+00
      vertex   1.990122e+02 1.150278e+02 1.464466e+00
    endloop
  endfacet
  facet normal 6.601727e-01 4.411133e-01 -6.079401e-01
    outer loop
      vertex   1.997004e+02 1.154251e+02 2.500000e+00
      vertex   1.990122e+02 1.150278e+02 1.464466e+00
      vertex   1.982956e+02 1.175274e+02 2.500000e+00
    endloop
  endfacet
  facet normal 6.601727e-01 4.411133e-01 -6.079401e-01
    outer loop
      vertex   1.982956e+02 1.175274e+02 2.500000e+00
      vertex   1.990122e+02 1.150278e+02 1.464466e+00
      vertex   1.976652e+02 1.170437e+02 1.464466e+00
    endloop
  endfacet
  facet normal 5.969480e-01 5.235093e-01 -6.079401e-01
    outer loop
      vertex   1.982956e+02 1.175274e+02 2.500000e+00
      vertex   1.976652e+02 1.170437e+02 1.464466e+00
      vertex   1.966285e+02 1.194285e+02 2.500000e+00
    endloop
  endfacet
  facet normal 5.969480e-01 5.235093e-01 -6.079401e-01
    outer loop
      vertex   1.966285e+02 1.194285e+02 2.500000e+00
      vertex   1.976652e+02 1.170437e+02 1.464466e+00
      vertex   1.960666e+02 1.188666e+02 1.464466e+00
    endloop
  endfacet
  facet normal 5.235093e-01 5.969480e-01 -6.079401e-01
    outer loop
      vertex   1.966285e+02 1.194285e+02 2.500000e+00
      vertex   1.960666e+02 1.188666e+02 1.464466e+00
      vertex   1.947274e+02 1.210956e+02 2.500000e+00
    endloop
  endfacet
  facet normal 5.235093e-01 5.969480e-01 -6.079401e-01
    outer loop
      vertex   1.947274e+02 1.210956e+02 2.500000e+00
      vertex   1.960666e+02 1.188666e+02 1.464466e+00
      vertex   1.942437e+02 1.204652e+02 1.464466e+00
    endloop
  endfacet
  facet normal 4.411133e-01 6.601727e-01 -6.079401e-01
    outer loop
      vertex   1.947274e+02 1.210956e+02 2.500000e+00
      vertex   1.942437e+02 1.204652e+02 1.464466e+00
      vertex   1.926251e+02 1.225004e+02 2.500000e+00
    endloop
  endfacet
  facet normal 4.411133e-01 6.601727e-01 -6.079401e-01
    outer loop
      vertex   1.926251e+02 1.225004e+02 2.500000e+00
      vertex   1.942437e+02 1.204652e+02 1.464466e+00
      vertex   1.922278e+02 1.218122e+02 1.464466e+00
    endloop
  endfacet
  facet normal 3.511697e-01 7.121016e-01 -6.079401e-01
    outer loop
      vertex   1.926251e+02 1.225004e+02 2.500000e+00
      vertex   1.922278e+02 1.218122e+02 1.464466e+00
      vertex   1.903573e+02 1.236187e+02 2.500000e+00
    endloop
  endfacet
  facet normal 3.511697e-01 7.121016e-01 -6.079401e-01
    outer loop
      vertex   1.903573e+02 1.236187e+02 2.500000e+00
      vertex   1.922278e+02 1.218122e+02 1.464466e+00
      vertex   1.900532e+02 1.228846e+02 1.464466e+00
    endloop
  endfacet
  facet normal 2.552174e-01 7.518463e-01 -6.079401e-01
    outer loop
      vertex   1.903573e+02 1.236187e+02 2.500000e+00
      vertex   1.900532e+02 1.228846e+02 1.464466e+00
      vertex   1.879630e+02 1.244315e+02 2.500000e+00
    endloop
  endfacet
  facet normal 2.552174e-01 7.518463e-01 -6.079401e-01
    outer loop
      vertex   1.879630e+02 1.244315e+02 2.500000e+00
      vertex   1.900532e+02 1.228846e+02 1.464466e+00
      vertex   1.877573e+02 1.236640e+02 1.464466e+00
    endloop
  endfacet
  facet normal 7.067138e-01 3.333302e-02 -7.067138e-01
    outer loop
      vertex   2.018692e+02 1.057600e+02 1.882551e+00
      vertex   2.010774e+02 1.057600e+02 1.090843e+00
      vertex   2.013370e+02 1.081794e+02 1.464466e+00
    endloop
  endfacet
  facet normal 6.062995e-01 5.745343e-02 -7.931582e-01
    outer loop
      vertex   2.013370e+02 1.081794e+02 1.464466e+00
      vertex   2.010774e+02 1.057600e+02 1.090843e+00
      vertex   2.003103e+02 1.080442e+02 6.698730e-01
    endloop
  endfacet
  facet normal 5.978696e-01 1.189237e-01 -7.927226e-01
    outer loop
      vertex   2.013370e+02 1.081794e+02 1.464466e+00
      vertex   2.003103e+02 1.080442e+02 6.698730e-01
      vertex   2.008640e+02 1.105573e+02 1.464466e+00
    endloop
  endfacet
  facet normal 5.978696e-01 1.189237e-01 -7.927226e-01
    outer loop
      vertex   2.008640e+02 1.105573e+02 1.464466e+00
      vertex   2.003103e+02 1.080442e+02 6.698730e-01
      vertex   1.998637e+02 1.102893e+02 6.698730e-01
    endloop
  endfacet
  facet normal 5.772321e-01 1.959439e-01 -7.927226e-01
    outer loop
      vertex   2.008640e+02 1.105573e+02 1.464466e+00
      vertex   1.998637e+02 1.102893e+02 6.698730e-01
      vertex   2.000846e+02 1.128532e+02 1.464466e+00
    endloop
  endfacet
  facet normal 5.772321e-01 1.959439e-01 -7.927226e-01
    outer loop
      vertex   2.000846e+02 1.128532e+02 1.464466e+00
      vertex   1.998637e+02 1.102893e+02 6.698730e-01
      vertex   1.991279e+02 1.124570e+02 6.698730e-01
    endloop
  endfacet
  facet normal 5.467180e-01 2.696115e-01 -7.927226e-01
    outer loop
      vertex   2.000846e+02 1.128532e+02 1.464466e+00
      vertex   1.991279e+02 1.124570e+02 6.698730e-01
      vertex   1.990122e+02 1.150278e+02 1.464466e+00
    endloop
  endfacet
  facet normal 5.467180e-01 2.696115e-01 -7.927226e-01
    outer loop
      vertex   1.990122e+02 1.150278e+02 1.464466e+00
      vertex   1.991279e+02 1.124570e+02 6.698730e-01
      vertex   1.981154e+02 1.145100e+02 6.698730e-01
    endloop
  endfacet
  facet normal 5.068494e-01 3.386659e-01 -7.927226e-01
    outer loop
      vertex   1.990122e+02 1.150278e+02 1.464466e+00
      vertex   1.981154e+02 1.145100e+02 6.698730e-01
      vertex   1.976652e+02 1.170437e+02 1.464466e+00
    endloop
  endfacet
  facet normal 5.068494e-01 3.386659e-01 -7.927226e-01
    outer loop
      vertex   1.976652e+02 1.170437e+02 1.464466e+00
      vertex   1.981154e+02 1.145100e+02 6.698730e-01
      vertex   1.968437e+02 1.164133e+02 6.698730e-01
    endloop
  endfacet
  facet normal 4.583085e-01 4.019257e-01 -7.927226e-01
    outer loop
      vertex   1.976652e+02 1.170437e+02 1.464466e+00
      vertex   1.968437e+02 1.164133e+02 6.698730e-01
      vertex   1.960666e+02 1.188666e+02 1.464466e+00
    endloop
  endfacet
  facet normal 4.583085e-01 4.019257e-01 -7.927226e-01
    outer loop
      vertex   1.960666e+02 1.188666e+02 1.464466e+00
      vertex   1.968437e+02 1.164133e+02 6.698730e-01
      vertex   1.953344e+02 1.181344e+02 6.698730e-01
    endloop
  endfacet
  facet normal 4.019257e-01 4.583085e-01 -7.927226e-01
    outer loop
      vertex   1.960666e+02 1.188666e+02 1.464466e+00
      vertex   1.953344e+02 1.181344e+02 6.698730e-01
      vertex   1.942437e+02 1.204652e+02 1.464466e+00
    endloop
  endfacet
  facet normal 4.019257e-01 4.583085e-01 -7.927226e-01
    outer loop
      vertex   1.942437e+02 1.204652e+02 1.464466e+00
      vertex   1.953344e+02 1.181344e+02 6.698730e-01
      vertex   1.936133e+02 1.196437e+02 6.698730e-01
    endloop
  endfacet
  facet normal 3.386659e-01 5.068494e-01 -7.927226e-01
    outer loop
      vertex   1.942437e+02 1.204652e+02 1.464466e+00
      vertex   1.936133e+02 1.196437e+02 6.698730e-01
      vertex   1.922278e+02 1.218122e+02 1.464466e+00
    endloop
  endfacet
  facet normal 3.386659e-01 5.068494e-01 -7.927226e-01
    outer loop
      vertex   1.922278e+02 1.218122e+02 1.464466e+00
      vertex   1.936133e+02 1.196437e+02 6.698730e-01
      vertex   1.917100e+02 1.209154e+02 6.698730e-01
    endloop
  endfacet
  facet normal 2.696115e-01 5.467180e-01 -7.927226e-01
    outer loop
      vertex   1.922278e+02 1.218122e+02 1.464466e+00
      vertex   1.917100e+02 1.209154e+02 6.698730e-01
      vertex   1.900532e+02 1.228846e+02 1.464466e+00
    endloop
  endfacet
  facet normal 2.696115e-01 5.467180e-01 -7.927226e-01
    outer loop
      vertex   1.900532e+02 1.228846e+02 1.464466e+00
      vertex   1.917100e+02 1.209154e+02 6.698730e-01
      vertex   1.896570e+02 1.219279e+02 6.698730e-01
    endloop
  endfacet
  facet normal 1.959439e-01 5.772321e-01 -7.927226e-01
    outer loop
      vertex   1.900532e+02 1.228846e+02 1.464466e+00
      vertex   1.896570e+02 1.219279e+02 6.698730e-01
      vertex   1.877573e+02 1.236640e+02 1.464466e+00
    endloop
  endfacet
  facet normal 1.959439e-01 5.772321e-01 -7.927226e-01
    outer loop
      vertex   1.877573e+02 1.236640e+02 1.464466e+00
      vertex   1.896570e+02 1.219279e+02 6.698730e-01
      vertex   1.874893e+02 1.226637e+02 6.698730e-01
    endloop
  endfacet
  facet normal 5.318958e-01 2.263253e-02 -8.465073e-01
    outer loop
      vertex   2.010774e+02 1.057600e+02 1.090843e+00
      vertex   2.001294e+02 1.057600e+02 4.951557e-01
      vertex   2.003103e+02 1.080442e+02 6.698730e-01
    endloop
  endfacet
  facet normal 3.806330e-01 4.052465e-02 -9.238378e-01
    outer loop
      vertex   2.003103e+02 1.080442e+02 6.698730e-01
      vertex   2.001294e+02 1.057600e+02 4.951557e-01
      vertex   1.991147e+02 1.078868e+02 1.703709e-01
    endloop
  endfacet
  facet normal 3.760174e-01 7.479450e-02 -9.235891e-01
    outer loop
      vertex   2.003103e+02 1.080442e+02 6.698730e-01
      vertex   1.991147e+02 1.078868e+02 1.703709e-01
      vertex   1.998637e+02 1.102893e+02 6.698730e-01
    endloop
  endfacet
  facet normal 3.760174e-01 7.479450e-02 -9.235891e-01
    outer loop
      vertex   1.998637e+02 1.102893e+02 6.698730e-01
      vertex   1.991147e+02 1.078868e+02 1.703709e-01
      vertex   1.986989e+02 1.099772e+02 1.703709e-01
    endloop
  endfacet
  facet normal 3.630378e-01 1.232347e-01 -9.235891e-01
    outer loop
      vertex   1.998637e+02 1.102893e+02 6.698730e-01
      vertex   1.986989e+02 1.099772e+02 1.703709e-01
      vertex   1.991279e+02 1.124570e+02 6.698730e-01
    endloop
  endfacet
  facet normal 3.630378e-01 1.232347e-01 -9.235891e-01
    outer loop
      vertex   1.991279e+02 1.124570e+02 6.698730e-01
      vertex   1.986989e+02 1.099772e+02 1.703709e-01
      vertex   1.980138e+02 1.119955e+02 1.703709e-01
    endloop
  endfacet
  facet normal 3.438466e-01 1.695664e-01 -9.235891e-01
    outer loop
      vertex   1.991279e+02 1.124570e+02 6.698730e-01
      vertex   1.980138e+02 1.119955e+02 1.703709e-01
      vertex   1.981154e+02 1.145100e+02 6.698730e-01
    endloop
  endfacet
  facet normal 3.438466e-01 1.695664e-01 -9.235891e-01
    outer loop
      vertex   1.981154e+02 1.145100e+02 6.698730e-01
      vertex   1.980138e+02 1.119955e+02 1.703709e-01
      vertex   1.970711e+02 1.139070e+02 1.703709e-01
    endloop
  endfacet
  facet normal 3.187721e-01 2.129967e-01 -9.235891e-01
    outer loop
      vertex   1.981154e+02 1.145100e+02 6.698730e-01
      vertex   1.970711e+02 1.139070e+02 1.703709e-01
      vertex   1.968437e+02 1.164133e+02 6.698730e-01
    endloop
  endfacet
  facet normal 3.187721e-01 2.129967e-01 -9.235891e-01
    outer loop
      vertex   1.968437e+02 1.164133e+02 6.698730e-01
      vertex   1.970711e+02 1.139070e+02 1.703709e-01
      vertex   1.958870e+02 1.156792e+02 1.703709e-01
    endloop
  endfacet
  facet normal 2.882433e-01 2.527826e-01 -9.235891e-01
    outer loop
      vertex   1.968437e+02 1.164133e+02 6.698730e-01
      vertex   1.958870e+02 1.156792e+02 1.703709e-01
      vertex   1.953344e+02 1.181344e+02 6.698730e-01
    endloop
  endfacet
  facet normal 2.882433e-01 2.527826e-01 -9.235891e-01
    outer loop
      vertex   1.953344e+02 1.181344e+02 6.698730e-01
      vertex   1.958870e+02 1.156792e+02 1.703709e-01
      vertex   1.944817e+02 1.172817e+02 1.703709e-01
    endloop
  endfacet
  facet normal 2.527826e-01 2.882433e-01 -9.235891e-01
    outer loop
      vertex   1.953344e+02 1.181344e+02 6.698730e-01
      vertex   1.944817e+02 1.172817e+02 1.703709e-01
      vertex   1.936133e+02 1.196437e+02 6.698730e-01
    endloop
  endfacet
  facet normal 2.527826e-01 2.882433e-01 -9.235891e-01
    outer loop
      vertex   1.936133e+02 1.196437e+02 6.698730e-01
      vertex   1.944817e+02 1.172817e+02 1.703709e-01
      vertex   1.928792e+02 1.186870e+02 1.703709e-01
    endloop
  endfacet
  facet normal 2.129967e-01 3.187721e-01 -9.235891e-01
    outer loop
      vertex   1.936133e+02 1.196437e+02 6.698730e-01
      vertex   1.928792e+02 1.186870e+02 1.703709e-01
      vertex   1.917100e+02 1.209154e+02 6.698730e-01
    endloop
  endfacet
  facet normal 2.129967e-01 3.187721e-01 -9.235891e-01
    outer loop
      vertex   1.917100e+02 1.209154e+02 6.698730e-01
      vertex   1.928792e+02 1.186870e+02 1.703709e-01
      vertex   1.911070e+02 1.198711e+02 1.703709e-01
    endloop
  endfacet
  facet normal 1.695664e-01 3.438466e-01 -9.235891e-01
    outer loop
      vertex   1.917100e+02 1.209154e+02 6.698730e-01
      vertex   1.911070e+02 1.198711e+02 1.703709e-01
      vertex   1.896570e+02 1.219279e+02 6.698730e-01
    endloop
  endfacet
  facet normal 1.695664e-01 3.438466e-01 -9.235891e-01
    outer loop
      vertex   1.896570e+02 1.219279e+02 6.698730e-01
      vertex   1.911070e+02 1.198711e+02 1.703709e-01
      vertex   1.891955e+02 1.208138e+02 1.703709e-01
    endloop
  endfacet
  facet normal 1.232347e-01 3.630378e-01 -9.235891e-01
    outer loop
      vertex   1.896570e+02 1.219279e+02 6.698730e-01
      vertex   1.891955e+02 1.208138e+02 1.703709e-01
      vertex   1.874893e+02 1.226637e+02 6.698730e-01
    endloop
  endfacet
  facet normal 1.232347e-01 3.630378e-01 -9.235891e-01
    outer loop
      vertex   1.874893e+02 1.226637e+02 6.698730e-01
      vertex   1.891955e+02 1.208138e+02 1.703709e-01
      vertex   1.871772e+02 1.214989e+02 1.703709e-01
    endloop
  endfacet
  facet normal 3.302492e-01 1.343790e-02 -9.437981e-01
    outer loop
      vertex   2.001294e+02 1.057600e+02 4.951557e-01
      vertex   1.990726e+02 1.057600e+02 1.253604e-01
      vertex   1.991147e+02 1.078868e+02 1.703709e-01
    endloop
  endfacet
  facet normal 1.293103e-01 1.842286e-02 -9.914330e-01
    outer loop
      vertex   1.991147e+02 1.078868e+02 1.703709e-01
      vertex   1.990726e+02 1.057600e+02 1.253604e-01
      vertex   1.978073e+02 1.078947e+02 0.000000e+00
    endloop
  endfacet
  facet normal 1.293330e-01 2.572593e-02 -9.912674e-01
    outer loop
      vertex   1.991147e+02 1.078868e+02 1.703709e-01
      vertex   1.978073e+02 1.078947e+02 0.000000e+00
      vertex   1.986989e+02 1.099772e+02 1.703709e-01
    endloop
  endfacet
  facet normal 1.256568e-01 2.733496e-02 -9.916971e-01
    outer loop
      vertex   1.986989e+02 1.099772e+02 1.703709e-01
      vertex   1.978073e+02 1.078947e+02 0.000000e+00
      vertex   1.973524e+02 1.099860e+02 0.000000e+00
    endloop
  endfacet
  facet normal 1.256876e-01 4.266519e-02 -9.911520e-01
    outer loop
      vertex   1.986989e+02 1.099772e+02 1.703709e-01
      vertex   1.973524e+02 1.099860e+02 0.000000e+00
      vertex   1.980138e+02 1.119955e+02 1.703709e-01
    endloop
  endfacet
  facet normal 1.197638e-01 4.466958e-02 -9.917970e-01
    outer loop
      vertex   1.980138e+02 1.119955e+02 1.703709e-01
      vertex   1.973524e+02 1.099860e+02 0.000000e+00
      vertex   1.966045e+02 1.119912e+02 0.000000e+00
    endloop
  endfacet
  facet normal 1.196319e-01 5.899593e-02 -9.910639e-01
    outer loop
      vertex   1.980138e+02 1.119955e+02 1.703709e-01
      vertex   1.966045e+02 1.119912e+02 0.000000e+00
      vertex   1.970711e+02 1.139070e+02 1.703709e-01
    endloop
  endfacet
  facet normal 1.117082e-01 6.099728e-02 -9.918672e-01
    outer loop
      vertex   1.970711e+02 1.139070e+02 1.703709e-01
      vertex   1.966045e+02 1.119912e+02 0.000000e+00
      vertex   1.955788e+02 1.138696e+02 0.000000e+00
    endloop
  endfacet
  facet normal 1.112747e-01 7.435137e-02 -9.910044e-01
    outer loop
      vertex   1.970711e+02 1.139070e+02 1.703709e-01
      vertex   1.955788e+02 1.138696e+02 0.000000e+00
      vertex   1.958870e+02 1.156792e+02 1.703709e-01
    endloop
  endfacet
  facet normal 1.016297e-01 7.607904e-02 -9.919090e-01
    outer loop
      vertex   1.958870e+02 1.156792e+02 1.703709e-01
      vertex   1.955788e+02 1.138696e+02 0.000000e+00
      vertex   1.942962e+02 1.155829e+02 0.000000e+00
    endloop
  endfacet
  facet normal 1.007846e-01 8.838568e-02 -9.909745e-01
    outer loop
      vertex   1.958870e+02 1.156792e+02 1.703709e-01
      vertex   1.942962e+02 1.155829e+02 0.000000e+00
      vertex   1.944817e+02 1.172817e+02 1.703709e-01
    endloop
  endfacet
  facet normal 8.969160e-02 8.969160e-02 -9.919228e-01
    outer loop
      vertex   1.944817e+02 1.172817e+02 1.703709e-01
      vertex   1.942962e+02 1.155829e+02 0.000000e+00
      vertex   1.927829e+02 1.170962e+02 0.000000e+00
    endloop
  endfacet
  facet normal 8.838568e-02 1.007846e-01 -9.909745e-01
    outer loop
      vertex   1.944817e+02 1.172817e+02 1.703709e-01
      vertex   1.927829e+02 1.170962e+02 0.000000e+00
      vertex   1.928792e+02 1.186870e+02 1.703709e-01
    endloop
  endfacet
  facet normal 7.607904e-02 1.016297e-01 -9.919090e-01
    outer loop
      vertex   1.928792e+02 1.186870e+02 1.703709e-01
      vertex   1.927829e+02 1.170962e+02 0.000000e+00
      vertex   1.910696e+02 1.183788e+02 0.000000e+00
    endloop
  endfacet
  facet normal 7.435137e-02 1.112747e-01 -9.910044e-01
    outer loop
      vertex   1.928792e+02 1.186870e+02 1.703709e-01
      vertex   1.910696e+02 1.183788e+02 0.000000e+00
      vertex   1.911070e+02 1.198711e+02 1.703709e-01
    endloop
  endfacet
  facet normal 6.099728e-02 1.117082e-01 -9.918672e-01
    outer loop
      vertex   1.911070e+02 1.198711e+02 1.703709e-01
      vertex   1.910696e+02 1.183788e+02 0.000000e+00
      vertex   1.891912e+02 1.194045e+02 0.000000e+00
    endloop
  endfacet
  facet normal 5.899593e-02 1.196319e-01 -9.910639e-01
    outer loop
      vertex   1.911070e+02 1.198711e+02 1.703709e-01
      vertex   1.891912e+02 1.194045e+02 0.000000e+00
      vertex   1.891955e+02 1.208138e+02 1.703709e-01
    endloop
  endfacet
  facet normal 4.466958e-02 1.197638e-01 -9.917970e-01
    outer loop
      vertex   1.891955e+02 1.208138e+02 1.703709e-01
      vertex   1.891912e+02 1.194045e+02 0.000000e+00
      vertex   1.871860e+02 1.201524e+02 0.000000e+00
    endloop
  endfacet
  facet normal 4.266519e-02 1.256876e-01 -9.911520e-01
    outer loop
      vertex   1.891955e+02 1.208138e+02 1.703709e-01
      vertex   1.871860e+02 1.201524e+02 0.000000e+00
      vertex   1.871772e+02 1.214989e+02 1.703709e-01
    endloop
  endfacet
  facet normal 2.733496e-02 1.256568e-01 -9.916971e-01
    outer loop
      vertex   1.871772e+02 1.214989e+02 1.703709e-01
      vertex   1.871860e+02 1.201524e+02 0.000000e+00
      vertex   1.850947e+02 1.206073e+02 0.000000e+00
    endloop
  endfacet
  facet normal 1.119609e-01 8.007601e-03 -9.936804e-01
    outer loop
      vertex   1.990726e+02 1.057600e+02 1.253604e-01
      vertex   1.979600e+02 1.057600e+02 0.000000e+00
      vertex   1.978073e+02 1.078947e+02 0.000000e+00
    endloop
  endfacet
  facet normal 1.119644e-01 -9.703764e-04 -9.937117e-01
    outer loop
      vertex   1.990726e+02 1.057600e+02 1.253604e-01
      vertex   1.992541e+02 8.060800e+01 1.703709e-01
      vertex   1.979600e+02 1.057600e+02 0.000000e+00
    endloop
  endfacet
  facet normal 1.305262e-01 1.479511e-16 -9.914449e-01
    outer loop
      vertex   1.979600e+02 1.057600e+02 0.000000e+00
      vertex   1.992541e+02 8.060800e+01 1.703709e-01
      vertex   1.992541e+02 5.545600e+01 1.703709e-01
    endloop
  endfacet
  facet normal 1.305262e-01 0.000000e+00 -9.914449e-01
    outer loop
      vertex   1.979600e+02 1.057600e+02 0.000000e+00
      vertex   1.992541e+02 5.545600e+01 1.703709e-01
      vertex   1.992541e+02 3.030400e+01 1.703709e-01
    endloop
  endfacet
  facet normal 3.826834e-01 0.000000e+00 -9.238795e-01
    outer loop
      vertex   1.992541e+02 3.030400e+01 1.703709e-01
      vertex   1.992541e+02 5.545600e+01 1.703709e-01
      vertex   2.004600e+02 3.030400e+01 6.698730e-01
    endloop
  endfacet
  facet normal 3.826834e-01 0.000000e+00 -9.238795e-01
    outer loop
      vertex   1.992541e+02 3.030400e+01 1.703709e-01
      vertex   2.004600e+02 3.030400e+01 6.698730e-01
      vertex   2.004600e+02 5.152000e+00 6.698730e-01
    endloop
  endfacet
  facet normal 6.087614e-01 0.000000e+00 -7.933533e-01
    outer loop
      vertex   2.004600e+02 5.152000e+00 6.698730e-01
      vertex   2.004600e+02 3.030400e+01 6.698730e-01
      vertex   2.014955e+02 5.152000e+00 1.464466e+00
    endloop
  endfacet
  facet normal 6.087606e-01 1.665929e-03 -7.933522e-01
    outer loop
      vertex   2.004600e+02 5.152000e+00 6.698730e-01
      vertex   2.014955e+02 5.152000e+00 1.464466e+00
      vertex   2.010774e+02 -2.000000e+01 1.090843e+00
    endloop
  endfacet
  facet normal 7.071062e-01 -1.249957e-03 -7.071062e-01
    outer loop
      vertex   2.010774e+02 -2.000000e+01 1.090843e+00
      vertex   2.014955e+02 5.152000e+00 1.464466e+00
      vertex   2.018692e+02 -2.000000e+01 1.882551e+00
    endloop
  endfacet
  facet normal 7.933522e-01 1.665929e-03 -6.087606e-01
    outer loop
      vertex   2.018692e+02 -2.000000e+01 1.882551e+00
      vertex   2.014955e+02 5.152000e+00 1.464466e+00
      vertex   2.022901e+02 5.152000e+00 2.500000e+00
    endloop
  endfacet
  facet normal 8.467237e-01 -1.110944e-03 -5.320317e-01
    outer loop
      vertex   2.018692e+02 -2.000000e+01 1.882551e+00
      vertex   2.022901e+02 5.152000e+00 2.500000e+00
      vertex   2.024648e+02 -2.000000e+01 2.830581e+00
    endloop
  endfacet
  facet normal 9.238786e-01 1.387951e-03 -3.826831e-01
    outer loop
      vertex   2.024648e+02 -2.000000e+01 2.830581e+00
      vertex   2.022901e+02 5.152000e+00 2.500000e+00
      vertex   2.027896e+02 5.152000e+00 3.705905e+00
    endloop
  endfacet
  facet normal 9.438831e-01 -6.940972e-04 -3.302790e-01
    outer loop
      vertex   2.024648e+02 -2.000000e+01 2.830581e+00
      vertex   2.027896e+02 5.152000e+00 3.705905e+00
      vertex   2.028346e+02 -2.000000e+01 3.887395e+00
    endloop
  endfacet
  facet normal 9.937117e-01 9.703764e-04 -1.119644e-01
    outer loop
      vertex   2.028346e+02 -2.000000e+01 3.887395e+00
      vertex   2.027896e+02 5.152000e+00 3.705905e+00
      vertex   2.029600e+02 -2.000000e+01 5.000000e+00
    endloop
  endfacet
  facet normal 9.914449e-01 0.000000e+00 -1.305262e-01
    outer loop
      vertex   2.029600e+02 -2.000000e+01 5.000000e+00
      vertex   2.027896e+02 5.152000e+00 3.705905e+00
      vertex   2.027896e+02 3.030400e+01 3.705905e+00
    endloop
  endfacet
  facet normal 9.914449e-01 0.000000e+00 -1.305262e-01
    outer loop
      vertex   2.029600e+02 -2.000000e+01 5.000000e+00
      vertex   2.027896e+02 3.030400e+01 3.705905e+00
      vertex   2.027896e+02 5.545600e+01 3.705905e+00
    endloop
  endfacet
  facet normal 9.238795e-01 0.000000e+00 -3.826834e-01
    outer loop
      vertex   2.027896e+02 5.545600e+01 3.705905e+00
      vertex   2.027896e+02 3.030400e+01 3.705905e+00
      vertex   2.022901e+02 5.545600e+01 2.500000e+00
    endloop
  endfacet
  facet normal 9.238795e-01 1.041575e-15 -3.826834e-01
    outer loop
      vertex   2.027896e+02 5.545600e+01 3.705905e+00
      vertex   2.022901e+02 5.545600e+01 2.500000e+00
      vertex   2.022901e+02 8.060800e+01 2.500000e+00
    endloop
  endfacet
  facet normal 7.933533e-01 8.964877e-16 -6.087614e-01
    outer loop
      vertex   2.022901e+02 8.060800e+01 2.500000e+00
      vertex   2.022901e+02 5.545600e+01 2.500000e+00
      vertex   2.014955e+02 8.060800e+01 1.464466e+00
    endloop
  endfacet
  facet normal 7.933522e-01 -1.665929e-03 -6.087606e-01
    outer loop
      vertex   2.022901e+02 8.060800e+01 2.500000e+00
      vertex   2.014955e+02 8.060800e+01 1.464466e+00
      vertex   2.018692e+02 1.057600e+02 1.882551e+00
    endloop
  endfacet
  facet normal 7.071062e-01 1.249957e-03 -7.071062e-01
    outer loop
      vertex   2.018692e+02 1.057600e+02 1.882551e+00
      vertex   2.014955e+02 8.060800e+01 1.464466e+00
      vertex   2.010774e+02 1.057600e+02 1.090843e+00
    endloop
  endfacet
  facet normal 6.087606e-01 -1.665929e-03 -7.933522e-01
    outer loop
      vertex   2.010774e+02 1.057600e+02 1.090843e+00
      vertex   2.014955e+02 8.060800e+01 1.464466e+00
      vertex   2.004600e+02 8.060800e+01 6.698730e-01
    endloop
  endfacet
  facet normal 5.320317e-01 1.110944e-03 -8.467237e-01
    outer loop
      vertex   2.010774e+02 1.057600e+02 1.090843e+00
      vertex   2.004600e+02 8.060800e+01 6.698730e-01
      vertex   2.001294e+02 1.057600e+02 4.951557e-01
    endloop
  endfacet
  facet normal 3.826831e-01 -1.387951e-03 -9.238786e-01
    outer loop
      vertex   2.001294e+02 1.057600e+02 4.951557e-01
      vertex   2.004600e+02 8.060800e+01 6.698730e-01
      vertex   1.992541e+02 8.060800e+01 1.703709e-01
    endloop
  endfacet
  facet normal 3.302790e-01 6.940972e-04 -9.438831e-01
    outer loop
      vertex   2.001294e+02 1.057600e+02 4.951557e-01
      vertex   1.992541e+02 8.060800e+01 1.703709e-01
      vertex   1.990726e+02 1.057600e+02 1.253604e-01
    endloop
  endfacet
  facet normal 8.467237e-01 1.110944e-03 -5.320317e-01
    outer loop
      vertex   2.018692e+02 1.057600e+02 1.882551e+00
      vertex   2.024648e+02 1.057600e+02 2.830581e+00
      vertex   2.022901e+02 8.060800e+01 2.500000e+00
    endloop
  endfacet
  facet normal 9.238786e-01 -1.387951e-03 -3.826831e-01
    outer loop
      vertex   2.022901e+02 8.060800e+01 2.500000e+00
      vertex   2.024648e+02 1.057600e+02 2.830581e+00
      vertex   2.027896e+02 8.060800e+01 3.705905e+00
    endloop
  endfacet
  facet normal 9.238795e-01 1.041575e-15 -3.826834e-01
    outer loop
      vertex   2.022901e+02 8.060800e+01 2.500000e+00
      vertex   2.027896e+02 8.060800e+01 3.705905e+00
      vertex   2.027896e+02 5.545600e+01 3.705905e+00
    endloop
  endfacet
  facet normal 9.914449e-01 1.120331e-15 -1.305262e-01
    outer loop
      vertex   2.027896e+02 5.545600e+01 3.705905e+00
      vertex   2.027896e+02 8.060800e+01 3.705905e+00
      vertex   2.029600e+02 -2.000000e+01 5.000000e+00
    endloop
  endfacet
  facet normal 9.438831e-01 6.940972e-04 -3.302790e-01
    outer loop
      vertex   2.024648e+02 1.057600e+02 2.830581e+00
      vertex   2.028346e+02 1.057600e+02 3.887395e+00
      vertex   2.027896e+02 8.060800e+01 3.705905e+00
    endloop
  endfacet
  facet normal 9.852858e-01 -5.299308e-04 -1.709142e-01
    outer loop
      vertex   2.027896e+02 8.060800e+01 3.705905e+00
      vertex   2.028346e+02 1.057600e+02 3.887395e+00
      vertex   2.029600e+02 -2.000000e+01 5.000000e+00
    endloop
  endfacet
  facet normal 9.937122e-01 2.245180e-16 -1.119645e-01
    outer loop
      vertex   2.028346e+02 1.057600e+02 3.887395e+00
      vertex   2.029600e+02 1.057600e+02 5.000000e+00
      vertex   2.029600e+02 -2.000000e+01 5.000000e+00
    endloop
  endfacet
  facet normal 5.320317e-01 -1.110944e-03 -8.467237e-01
    outer loop
      vertex   2.010774e+02 -2.000000e+01 1.090843e+00
      vertex   2.001294e+02 -2.000000e+01 4.951557e-01
      vertex   2.004600e+02 5.152000e+00 6.698730e-01
    endloop
  endfacet
  facet normal 3.826831e-01 1.387951e-03 -9.238786e-01
    outer loop
      vertex   2.004600e+02 5.152000e+00 6.698730e-01
      vertex   2.001294e+02 -2.000000e+01 4.951557e-01
      vertex   1.992541e+02 5.152000e+00 1.703709e-01
    endloop
  endfacet
  facet normal 3.826834e-01 0.000000e+00 -9.238795e-01
    outer loop
      vertex   2.004600e+02 5.152000e+00 6.698730e-01
      vertex   1.992541e+02 5.152000e+00 1.703709e-01
      vertex   1.992541e+02 3.030400e+01 1.703709e-01
    endloop
  endfacet
  facet normal 1.305262e-01 0.000000e+00 -9.914449e-01
    outer loop
      vertex   1.992541e+02 3.030400e+01 1.703709e-01
      vertex   1.992541e+02 5.152000e+00 1.703709e-01
      vertex   1.979600e+02 1.057600e+02 0.000000e+00
    endloop
  endfacet
  facet normal 3.302790e-01 -6.940972e-04 -9.438831e-01
    outer loop
      vertex   2.001294e+02 -2.000000e+01 4.951557e-01
      vertex   1.990726e+02 -2.000000e+01 1.253604e-01
      vertex   1.992541e+02 5.152000e+00 1.703709e-01
    endloop
  endfacet
  facet normal 1.709142e-01 5.299308e-04 -9.852858e-01
    outer loop
      vertex   1.992541e+02 5.152000e+00 1.703709e-01
      vertex   1.990726e+02 -2.000000e+01 1.253604e-01
      vertex   1.979600e+02 1.057600e+02 0.000000e+00
    endloop
  endfacet
  facet normal 1.119645e-01 0.000000e+00 -9.937122e-01
    outer loop
      vertex   1.990726e+02 -2.000000e+01 1.253604e-01
      vertex   1.979600e+02 -2.000000e+01 0.000000e+00
      vertex   1.979600e+02 1.057600e+02 0.000000e+00
    endloop
  endfacet
  facet normal 3.826834e-01 4.324315e-16 -9.238795e-01
    outer loop
      vertex   1.992541e+02 5.545600e+01 1.703709e-01
      vertex   1.992541e+02 8.060800e+01 1.703709e-01
      vertex   2.004600e+02 5.545600e+01 6.698730e-01
    endloop
  endfacet
  facet normal 3.826834e-01 8.648630e-16 -9.238795e-01
    outer loop
      vertex   2.004600e+02 5.545600e+01 6.698730e-01
      vertex   1.992541e+02 8.060800e+01 1.703709e-01
      vertex   2.004600e+02 8.060800e+01 6.698730e-01
    endloop
  endfacet
  facet normal 6.087614e-01 1.375798e-15 -7.933533e-01
    outer loop
      vertex   2.004600e+02 5.545600e+01 6.698730e-01
      vertex   2.004600e+02 8.060800e+01 6.698730e-01
      vertex   2.014955e+02 5.545600e+01 1.464466e+00
    endloop
  endfacet
  facet normal 6.087614e-01 1.375798e-15 -7.933533e-01
    outer loop
      vertex   2.014955e+02 5.545600e+01 1.464466e+00
      vertex   2.004600e+02 8.060800e+01 6.698730e-01
      vertex   2.014955e+02 8.060800e+01 1.464466e+00
    endloop
  endfacet
  facet normal 7.933533e-01 1.792975e-15 -6.087614e-01
    outer loop
      vertex   2.014955e+02 5.545600e+01 1.464466e+00
      vertex   2.014955e+02 8.060800e+01 1.464466e+00
      vertex   2.022901e+02 5.545600e+01 2.500000e+00
    endloop
  endfacet
  facet normal 3.826834e-01 0.000000e+00 -9.238795e-01
    outer loop
      vertex   1.992541e+02 5.545600e+01 1.703709e-01
      vertex   2.004600e+02 5.545600e+01 6.698730e-01
      vertex   2.004600e+02 3.030400e+01 6.698730e-01
    endloop
  endfacet
  facet normal 6.087614e-01 0.000000e+00 -7.933533e-01
    outer loop
      vertex   2.004600e+02 3.030400e+01 6.698730e-01
      vertex   2.004600e+02 5.545600e+01 6.698730e-01
      vertex   2.014955e+02 3.030400e+01 1.464466e+00
    endloop
  endfacet
  facet normal 6.087614e-01 0.000000e+00 -7.933533e-01
    outer loop
      vertex   2.004600e+02 3.030400e+01 6.698730e-01
      vertex   2.014955e+02 3.030400e+01 1.464466e+00
      vertex   2.014955e+02 5.152000e+00 1.464466e+00
    endloop
  endfacet
  facet normal 7.933533e-01 0.000000e+00 -6.087614e-01
    outer loop
      vertex   2.014955e+02 5.152000e+00 1.464466e+00
      vertex   2.014955e+02 3.030400e+01 1.464466e+00
      vertex   2.022901e+02 5.152000e+00 2.500000e+00
    endloop
  endfacet
  facet normal 6.087614e-01 0.000000e+00 -7.933533e-01
    outer loop
      vertex   2.014955e+02 3.030400e+01 1.464466e+00
      vertex   2.004600e+02 5.545600e+01 6.698730e-01
      vertex   2.014955e+02 5.545600e+01 1.464466e+00
    endloop
  endfacet
  facet normal 7.933533e-01 0.000000e+00 -6.087614e-01
    outer loop
      vertex   2.014955e+02 3.030400e+01 1.464466e+00
      vertex   2.014955e+02 5.545600e+01 1.464466e+00
      vertex   2.022901e+02 3.030400e+01 2.500000e+00
    endloop
  endfacet
  facet normal 7.933533e-01 0.000000e+00 -6.087614e-01
    outer loop
      vertex   2.022901e+02 3.030400e+01 2.500000e+00
      vertex   2.014955e+02 5.545600e+01 1.464466e+00
      vertex   2.022901e+02 5.545600e+01 2.500000e+00
    endloop
  endfacet
  facet normal 9.238795e-01 0.000000e+00 -3.826834e-01
    outer loop
      vertex   2.022901e+02 3.030400e+01 2.500000e+00
      vertex   2.022901e+02 5.545600e+01 2.500000e+00
      vertex   2.027896e+02 3.030400e+01 3.705905e+00
    endloop
  endfacet
  facet normal 9.238795e-01 0.000000e+00 -3.826834e-01
    outer loop
      vertex   2.027896e+02 5.152000e+00 3.705905e+00
      vertex   2.022901e+02 5.152000e+00 2.500000e+00
      vertex   2.022901e+02 3.030400e+01 2.500000e+00
    endloop
  endfacet
  facet normal 7.933533e-01 0.000000e+00 -6.087614e-01
    outer loop
      vertex   2.022901e+02 3.030400e+01 2.500000e+00
      vertex   2.022901e+02 5.152000e+00 2.500000e+00
      vertex   2.014955e+02 3.030400e+01 1.464466e+00
    endloop
  endfacet
  facet normal 9.238795e-01 0.000000e+00 -3.826834e-01
    outer loop
      vertex   2.027896e+02 5.152000e+00 3.705905e+00
      vertex   2.022901e+02 3.030400e+01 2.500000e+00
      vertex   2.027896e+02 3.030400e+01 3.705905e+00
    endloop
  endfacet
  facet normal 1.119609e-01 -8.007601e-03 -9.936804e-01
    outer loop
      vertex   1.979600e+02 -2.000000e+01 0.000000e+00
      vertex   1.990726e+02 -2.000000e+01 1.253604e-01
      vertex   1.978073e+02 -2.213472e+01 0.000000e+00
    endloop
  endfacet
  facet normal 1.293103e-01 -1.842286e-02 -9.914330e-01
    outer loop
      vertex   1.978073e+02 -2.213472e+01 0.000000e+00
      vertex   1.990726e+02 -2.000000e+01 1.253604e-01
      vertex   1.991147e+02 -2.212681e+01 1.703709e-01
    endloop
  endfacet
  facet normal 1.293330e-01 -2.572593e-02 -9.912674e-01
    outer loop
      vertex   1.978073e+02 -2.213472e+01 0.000000e+00
      vertex   1.991147e+02 -2.212681e+01 1.703709e-01
      vertex   1.986989e+02 -2.421722e+01 1.703709e-01
    endloop
  endfacet
  facet normal 3.760174e-01 -7.479450e-02 -9.235891e-01
    outer loop
      vertex   1.986989e+02 -2.421722e+01 1.703709e-01
      vertex   1.991147e+02 -2.212681e+01 1.703709e-01
      vertex   2.003103e+02 -2.228421e+01 6.698730e-01
    endloop
  endfacet
  facet normal 3.760174e-01 -7.479450e-02 -9.235891e-01
    outer loop
      vertex   1.986989e+02 -2.421722e+01 1.703709e-01
      vertex   2.003103e+02 -2.228421e+01 6.698730e-01
      vertex   1.998637e+02 -2.452933e+01 6.698730e-01
    endloop
  endfacet
  facet normal 5.978696e-01 -1.189237e-01 -7.927226e-01
    outer loop
      vertex   1.998637e+02 -2.452933e+01 6.698730e-01
      vertex   2.003103e+02 -2.228421e+01 6.698730e-01
      vertex   2.013370e+02 -2.241937e+01 1.464466e+00
    endloop
  endfacet
  facet normal 5.978696e-01 -1.189237e-01 -7.927226e-01
    outer loop
      vertex   1.998637e+02 -2.452933e+01 6.698730e-01
      vertex   2.013370e+02 -2.241937e+01 1.464466e+00
      vertex   2.008640e+02 -2.479735e+01 1.464466e+00
    endloop
  endfacet
  facet normal 7.787268e-01 -1.548984e-01 -6.079401e-01
    outer loop
      vertex   2.008640e+02 -2.479735e+01 1.464466e+00
      vertex   2.013370e+02 -2.241937e+01 1.464466e+00
      vertex   2.021248e+02 -2.252309e+01 2.500000e+00
    endloop
  endfacet
  facet normal 7.787268e-01 -1.548984e-01 -6.079401e-01
    outer loop
      vertex   2.008640e+02 -2.479735e+01 1.464466e+00
      vertex   2.021248e+02 -2.252309e+01 2.500000e+00
      vertex   2.016315e+02 -2.500301e+01 2.500000e+00
    endloop
  endfacet
  facet normal 9.064114e-01 -1.802964e-01 -3.819837e-01
    outer loop
      vertex   2.016315e+02 -2.500301e+01 2.500000e+00
      vertex   2.021248e+02 -2.252309e+01 2.500000e+00
      vertex   2.026200e+02 -2.258829e+01 3.705905e+00
    endloop
  endfacet
  facet normal 9.064114e-01 -1.802964e-01 -3.819837e-01
    outer loop
      vertex   2.016315e+02 -2.500301e+01 2.500000e+00
      vertex   2.026200e+02 -2.258829e+01 3.705905e+00
      vertex   2.021140e+02 -2.513229e+01 3.705905e+00
    endloop
  endfacet
  facet normal 9.701328e-01 -1.929714e-01 -1.469840e-01
    outer loop
      vertex   2.021140e+02 -2.513229e+01 3.705905e+00
      vertex   2.026200e+02 -2.258829e+01 3.705905e+00
      vertex   2.023788e+02 -2.478631e+01 5.000000e+00
    endloop
  endfacet
  facet normal 9.483743e-01 -2.955254e-01 -1.151128e-01
    outer loop
      vertex   2.021140e+02 -2.513229e+01 3.705905e+00
      vertex   2.023788e+02 -2.478631e+01 5.000000e+00
      vertex   2.016603e+02 -2.709210e+01 5.000000e+00
    endloop
  endfacet
  facet normal 3.302492e-01 -1.343790e-02 -9.437981e-01
    outer loop
      vertex   1.990726e+02 -2.000000e+01 1.253604e-01
      vertex   2.001294e+02 -2.000000e+01 4.951557e-01
      vertex   1.991147e+02 -2.212681e+01 1.703709e-01
    endloop
  endfacet
  facet normal 3.806330e-01 -4.052465e-02 -9.238378e-01
    outer loop
      vertex   1.991147e+02 -2.212681e+01 1.703709e-01
      vertex   2.001294e+02 -2.000000e+01 4.951557e-01
      vertex   2.003103e+02 -2.228421e+01 6.698730e-01
    endloop
  endfacet
  facet normal 5.318958e-01 -2.263253e-02 -8.465073e-01
    outer loop
      vertex   2.001294e+02 -2.000000e+01 4.951557e-01
      vertex   2.010774e+02 -2.000000e+01 1.090843e+00
      vertex   2.003103e+02 -2.228421e+01 6.698730e-01
    endloop
  endfacet
  facet normal 6.062995e-01 -5.745343e-02 -7.931582e-01
    outer loop
      vertex   2.003103e+02 -2.228421e+01 6.698730e-01
      vertex   2.010774e+02 -2.000000e+01 1.090843e+00
      vertex   2.013370e+02 -2.241937e+01 1.464466e+00
    endloop
  endfacet
  facet normal 7.067138e-01 -3.333302e-02 -7.067138e-01
    outer loop
      vertex   2.010774e+02 -2.000000e+01 1.090843e+00
      vertex   2.018692e+02 -2.000000e+01 1.882551e+00
      vertex   2.013370e+02 -2.241937e+01 1.464466e+00
    endloop
  endfacet
  facet normal 7.906527e-01 -6.878866e-02 -6.083884e-01
    outer loop
      vertex   2.013370e+02 -2.241937e+01 1.464466e+00
      vertex   2.018692e+02 -2.000000e+01 1.882551e+00
      vertex   2.021248e+02 -2.252309e+01 2.500000e+00
    endloop
  endfacet
  facet normal 8.458900e-01 -4.437876e-02 -5.315079e-01
    outer loop
      vertex   2.018692e+02 -2.000000e+01 1.882551e+00
      vertex   2.024648e+02 -2.000000e+01 2.830581e+00
      vertex   2.021248e+02 -2.252309e+01 2.500000e+00
    endloop
  endfacet
  facet normal 9.210798e-01 -7.406793e-02 -3.822643e-01
    outer loop
      vertex   2.021248e+02 -2.252309e+01 2.500000e+00
      vertex   2.024648e+02 -2.000000e+01 2.830581e+00
      vertex   2.026200e+02 -2.258829e+01 3.705905e+00
    endloop
  endfacet
  facet normal 9.424527e-01 -5.503686e-02 -3.297785e-01
    outer loop
      vertex   2.024648e+02 -2.000000e+01 2.830581e+00
      vertex   2.028346e+02 -2.000000e+01 3.887395e+00
      vertex   2.026200e+02 -2.258829e+01 3.705905e+00
    endloop
  endfacet
  facet normal 9.877517e-01 -7.221910e-02 -1.383147e-01
    outer loop
      vertex   2.026200e+02 -2.258829e+01 3.705905e+00
      vertex   2.028346e+02 -2.000000e+01 3.887395e+00
      vertex   2.028142e+02 -2.241073e+01 5.000000e+00
    endloop
  endfacet
  facet normal 9.762778e-01 -1.789096e-01 -1.219548e-01
    outer loop
      vertex   2.026200e+02 -2.258829e+01 3.705905e+00
      vertex   2.028142e+02 -2.241073e+01 5.000000e+00
      vertex   2.023788e+02 -2.478631e+01 5.000000e+00
    endloop
  endfacet
  facet normal 9.919219e-01 -6.000022e-02 -1.117628e-01
    outer loop
      vertex   2.028346e+02 -2.000000e+01 3.887395e+00
      vertex   2.029600e+02 -2.000000e+01 5.000000e+00
      vertex   2.028142e+02 -2.241073e+01 5.000000e+00
    endloop
  endfacet
  facet normal 9.357753e-01 -3.176529e-01 -1.530397e-01
    outer loop
      vertex   2.021140e+02 -2.513229e+01 3.705905e+00
      vertex   2.016603e+02 -2.709210e+01 5.000000e+00
      vertex   2.012802e+02 -2.758847e+01 3.705905e+00
    endloop
  endfacet
  facet normal 9.063883e-01 -4.079323e-01 -1.097792e-01
    outer loop
      vertex   2.012802e+02 -2.758847e+01 3.705905e+00
      vertex   2.016603e+02 -2.709210e+01 5.000000e+00
      vertex   2.006691e+02 -2.929446e+01 5.000000e+00
    endloop
  endfacet
  facet normal 8.856687e-01 -4.367635e-01 -1.575708e-01
    outer loop
      vertex   2.012802e+02 -2.758847e+01 3.705905e+00
      vertex   2.006691e+02 -2.929446e+01 5.000000e+00
      vertex   2.001330e+02 -2.991481e+01 3.705905e+00
    endloop
  endfacet
  facet normal 8.509633e-01 -5.144252e-01 -1.059632e-01
    outer loop
      vertex   2.001330e+02 -2.991481e+01 3.705905e+00
      vertex   2.006691e+02 -2.929446e+01 5.000000e+00
      vertex   1.994197e+02 -3.136129e+01 5.000000e+00
    endloop
  endfacet
  facet normal 8.206786e-01 -5.483599e-01 -1.605863e-01
    outer loop
      vertex   2.001330e+02 -2.991481e+01 3.705905e+00
      vertex   1.994197e+02 -3.136129e+01 5.000000e+00
      vertex   1.986919e+02 -3.207151e+01 3.705905e+00
    endloop
  endfacet
  facet normal 7.829418e-01 -6.133958e-01 -1.036712e-01
    outer loop
      vertex   1.986919e+02 -3.207151e+01 3.705905e+00
      vertex   1.994197e+02 -3.136129e+01 5.000000e+00
      vertex   1.979302e+02 -3.326245e+01 5.000000e+00
    endloop
  endfacet
  facet normal 7.418972e-01 -6.506264e-01 -1.620924e-01
    outer loop
      vertex   1.986919e+02 -3.207151e+01 3.705905e+00
      vertex   1.979302e+02 -3.326245e+01 5.000000e+00
      vertex   1.969817e+02 -3.402167e+01 3.705905e+00
    endloop
  endfacet
  facet normal 7.033528e-01 -7.033528e-01 -1.029068e-01
    outer loop
      vertex   1.969817e+02 -3.402167e+01 3.705905e+00
      vertex   1.979302e+02 -3.326245e+01 5.000000e+00
      vertex   1.962225e+02 -3.497021e+01 5.000000e+00
    endloop
  endfacet
  facet normal 6.506264e-01 -7.418972e-01 -1.620924e-01
    outer loop
      vertex   1.969817e+02 -3.402167e+01 3.705905e+00
      vertex   1.962225e+02 -3.497021e+01 5.000000e+00
      vertex   1.950315e+02 -3.573190e+01 3.705905e+00
    endloop
  endfacet
  facet normal 6.133958e-01 -7.829418e-01 -1.036712e-01
    outer loop
      vertex   1.950315e+02 -3.573190e+01 3.705905e+00
      vertex   1.962225e+02 -3.497021e+01 5.000000e+00
      vertex   1.943213e+02 -3.645968e+01 5.000000e+00
    endloop
  endfacet
  facet normal 5.483599e-01 -8.206786e-01 -1.605863e-01
    outer loop
      vertex   1.950315e+02 -3.573190e+01 3.705905e+00
      vertex   1.943213e+02 -3.645968e+01 5.000000e+00
      vertex   1.928748e+02 -3.717296e+01 3.705905e+00
    endloop
  endfacet
  facet normal 5.144252e-01 -8.509633e-01 -1.059632e-01
    outer loop
      vertex   1.928748e+02 -3.717296e+01 3.705905e+00
      vertex   1.943213e+02 -3.645968e+01 5.000000e+00
      vertex   1.922545e+02 -3.770912e+01 5.000000e+00
    endloop
  endfacet
  facet normal 4.367635e-01 -8.856687e-01 -1.575708e-01
    outer loop
      vertex   1.928748e+02 -3.717296e+01 3.705905e+00
      vertex   1.922545e+02 -3.770912e+01 5.000000e+00
      vertex   1.905485e+02 -3.832019e+01 3.705905e+00
    endloop
  endfacet
  facet normal 4.079323e-01 -9.063883e-01 -1.097792e-01
    outer loop
      vertex   1.905485e+02 -3.832019e+01 3.705905e+00
      vertex   1.922545e+02 -3.770912e+01 5.000000e+00
      vertex   1.900521e+02 -3.870032e+01 5.000000e+00
    endloop
  endfacet
  facet normal 3.176529e-01 -9.357753e-01 -1.530397e-01
    outer loop
      vertex   1.905485e+02 -3.832019e+01 3.705905e+00
      vertex   1.900521e+02 -3.870032e+01 5.000000e+00
      vertex   1.880923e+02 -3.915395e+01 3.705905e+00
    endloop
  endfacet
  facet normal 2.955254e-01 -9.483743e-01 -1.151128e-01
    outer loop
      vertex   1.880923e+02 -3.915395e+01 3.705905e+00
      vertex   1.900521e+02 -3.870032e+01 5.000000e+00
      vertex   1.877463e+02 -3.941884e+01 5.000000e+00
    endloop
  endfacet
  facet normal 1.929714e-01 -9.701328e-01 -1.469840e-01
    outer loop
      vertex   1.880923e+02 -3.915395e+01 3.705905e+00
      vertex   1.877463e+02 -3.941884e+01 5.000000e+00
      vertex   1.855483e+02 -3.965998e+01 3.705905e+00
    endloop
  endfacet
  facet normal 1.789096e-01 -9.762778e-01 -1.219548e-01
    outer loop
      vertex   1.855483e+02 -3.965998e+01 3.705905e+00
      vertex   1.877463e+02 -3.941884e+01 5.000000e+00
      vertex   1.853707e+02 -3.985418e+01 5.000000e+00
    endloop
  endfacet
  facet normal 7.221910e-02 -9.877517e-01 -1.383147e-01
    outer loop
      vertex   1.855483e+02 -3.965998e+01 3.705905e+00
      vertex   1.853707e+02 -3.985418e+01 5.000000e+00
      vertex   1.829600e+02 -3.987464e+01 3.887395e+00
    endloop
  endfacet
  facet normal 6.000022e-02 -9.919219e-01 -1.117628e-01
    outer loop
      vertex   1.829600e+02 -3.987464e+01 3.887395e+00
      vertex   1.853707e+02 -3.985418e+01 5.000000e+00
      vertex   1.829600e+02 -4.000000e+01 5.000000e+00
    endloop
  endfacet
  facet normal 5.503686e-02 -9.424527e-01 -3.297785e-01
    outer loop
      vertex   1.829600e+02 -3.987464e+01 3.887395e+00
      vertex   1.829600e+02 -3.950484e+01 2.830581e+00
      vertex   1.855483e+02 -3.965998e+01 3.705905e+00
    endloop
  endfacet
  facet normal 7.406793e-02 -9.210798e-01 -3.822643e-01
    outer loop
      vertex   1.855483e+02 -3.965998e+01 3.705905e+00
      vertex   1.829600e+02 -3.950484e+01 2.830581e+00
      vertex   1.854831e+02 -3.916476e+01 2.500000e+00
    endloop
  endfacet
  facet normal 1.802964e-01 -9.064114e-01 -3.819837e-01
    outer loop
      vertex   1.855483e+02 -3.965998e+01 3.705905e+00
      vertex   1.854831e+02 -3.916476e+01 2.500000e+00
      vertex   1.880923e+02 -3.915395e+01 3.705905e+00
    endloop
  endfacet
  facet normal 1.802964e-01 -9.064114e-01 -3.819837e-01
    outer loop
      vertex   1.880923e+02 -3.915395e+01 3.705905e+00
      vertex   1.854831e+02 -3.916476e+01 2.500000e+00
      vertex   1.879630e+02 -3.867147e+01 2.500000e+00
    endloop
  endfacet
  facet normal 2.970644e-01 -8.751235e-01 -3.819837e-01
    outer loop
      vertex   1.880923e+02 -3.915395e+01 3.705905e+00
      vertex   1.879630e+02 -3.867147e+01 2.500000e+00
      vertex   1.905485e+02 -3.832019e+01 3.705905e+00
    endloop
  endfacet
  facet normal 2.970644e-01 -8.751235e-01 -3.819837e-01
    outer loop
      vertex   1.905485e+02 -3.832019e+01 3.705905e+00
      vertex   1.879630e+02 -3.867147e+01 2.500000e+00
      vertex   1.903573e+02 -3.785871e+01 2.500000e+00
    endloop
  endfacet
  facet normal 4.087495e-01 -8.288620e-01 -3.819837e-01
    outer loop
      vertex   1.905485e+02 -3.832019e+01 3.705905e+00
      vertex   1.903573e+02 -3.785871e+01 2.500000e+00
      vertex   1.928748e+02 -3.717296e+01 3.705905e+00
    endloop
  endfacet
  facet normal 4.087495e-01 -8.288620e-01 -3.819837e-01
    outer loop
      vertex   1.928748e+02 -3.717296e+01 3.705905e+00
      vertex   1.903573e+02 -3.785871e+01 2.500000e+00
      vertex   1.926251e+02 -3.674038e+01 2.500000e+00
    endloop
  endfacet
  facet normal 5.134408e-01 -7.684185e-01 -3.819837e-01
    outer loop
      vertex   1.928748e+02 -3.717296e+01 3.705905e+00
      vertex   1.926251e+02 -3.674038e+01 2.500000e+00
      vertex   1.950315e+02 -3.573190e+01 3.705905e+00
    endloop
  endfacet
  facet normal 5.134408e-01 -7.684185e-01 -3.819837e-01
    outer loop
      vertex   1.950315e+02 -3.573190e+01 3.705905e+00
      vertex   1.926251e+02 -3.674038e+01 2.500000e+00
      vertex   1.947274e+02 -3.533562e+01 2.500000e+00
    endloop
  endfacet
  facet normal 6.093470e-01 -6.948271e-01 -3.819837e-01
    outer loop
      vertex   1.950315e+02 -3.573190e+01 3.705905e+00
      vertex   1.947274e+02 -3.533562e+01 2.500000e+00
      vertex   1.969817e+02 -3.402167e+01 3.705905e+00
    endloop
  endfacet
  facet normal 6.093470e-01 -6.948271e-01 -3.819837e-01
    outer loop
      vertex   1.969817e+02 -3.402167e+01 3.705905e+00
      vertex   1.947274e+02 -3.533562e+01 2.500000e+00
      vertex   1.966285e+02 -3.366846e+01 2.500000e+00
    endloop
  endfacet
  facet normal 6.948271e-01 -6.093470e-01 -3.819837e-01
    outer loop
      vertex   1.969817e+02 -3.402167e+01 3.705905e+00
      vertex   1.966285e+02 -3.366846e+01 2.500000e+00
      vertex   1.986919e+02 -3.207151e+01 3.705905e+00
    endloop
  endfacet
  facet normal 6.948271e-01 -6.093470e-01 -3.819837e-01
    outer loop
      vertex   1.986919e+02 -3.207151e+01 3.705905e+00
      vertex   1.966285e+02 -3.366846e+01 2.500000e+00
      vertex   1.982956e+02 -3.176744e+01 2.500000e+00
    endloop
  endfacet
  facet normal 7.684185e-01 -5.134408e-01 -3.819837e-01
    outer loop
      vertex   1.986919e+02 -3.207151e+01 3.705905e+00
      vertex   1.982956e+02 -3.176744e+01 2.500000e+00
      vertex   2.001330e+02 -2.991481e+01 3.705905e+00
    endloop
  endfacet
  facet normal 7.684185e-01 -5.134408e-01 -3.819837e-01
    outer loop
      vertex   2.001330e+02 -2.991481e+01 3.705905e+00
      vertex   1.982956e+02 -3.176744e+01 2.500000e+00
      vertex   1.997004e+02 -2.966506e+01 2.500000e+00
    endloop
  endfacet
  facet normal 8.288620e-01 -4.087495e-01 -3.819837e-01
    outer loop
      vertex   2.001330e+02 -2.991481e+01 3.705905e+00
      vertex   1.997004e+02 -2.966506e+01 2.500000e+00
      vertex   2.012802e+02 -2.758847e+01 3.705905e+00
    endloop
  endfacet
  facet normal 8.288620e-01 -4.087495e-01 -3.819837e-01
    outer loop
      vertex   2.012802e+02 -2.758847e+01 3.705905e+00
      vertex   1.997004e+02 -2.966506e+01 2.500000e+00
      vertex   2.008187e+02 -2.739732e+01 2.500000e+00
    endloop
  endfacet
  facet normal 8.751235e-01 -2.970644e-01 -3.819837e-01
    outer loop
      vertex   2.012802e+02 -2.758847e+01 3.705905e+00
      vertex   2.008187e+02 -2.739732e+01 2.500000e+00
      vertex   2.021140e+02 -2.513229e+01 3.705905e+00
    endloop
  endfacet
  facet normal 8.751235e-01 -2.970644e-01 -3.819837e-01
    outer loop
      vertex   2.021140e+02 -2.513229e+01 3.705905e+00
      vertex   2.008187e+02 -2.739732e+01 2.500000e+00
      vertex   2.016315e+02 -2.500301e+01 2.500000e+00
    endloop
  endfacet
  facet normal 4.437876e-02 -8.458900e-01 -5.315079e-01
    outer loop
      vertex   1.829600e+02 -3.950484e+01 2.830581e+00
      vertex   1.829600e+02 -3.890916e+01 1.882551e+00
      vertex   1.854831e+02 -3.916476e+01 2.500000e+00
    endloop
  endfacet
  facet normal 6.878866e-02 -7.906527e-01 -6.083884e-01
    outer loop
      vertex   1.854831e+02 -3.916476e+01 2.500000e+00
      vertex   1.829600e+02 -3.890916e+01 1.882551e+00
      vertex   1.853794e+02 -3.837696e+01 1.464466e+00
    endloop
  endfacet
  facet normal 1.548984e-01 -7.787268e-01 -6.079401e-01
    outer loop
      vertex   1.854831e+02 -3.916476e+01 2.500000e+00
      vertex   1.853794e+02 -3.837696e+01 1.464466e+00
      vertex   1.879630e+02 -3.867147e+01 2.500000e+00
    endloop
  endfacet
  facet normal 1.548984e-01 -7.787268e-01 -6.079401e-01
    outer loop
      vertex   1.879630e+02 -3.867147e+01 2.500000e+00
      vertex   1.853794e+02 -3.837696e+01 1.464466e+00
      vertex   1.877573e+02 -3.790395e+01 1.464466e+00
    endloop
  endfacet
  facet normal 2.552174e-01 -7.518463e-01 -6.079401e-01
    outer loop
      vertex   1.879630e+02 -3.867147e+01 2.500000e+00
      vertex   1.877573e+02 -3.790395e+01 1.464466e+00
      vertex   1.903573e+02 -3.785871e+01 2.500000e+00
    endloop
  endfacet
  facet normal 2.552174e-01 -7.518463e-01 -6.079401e-01
    outer loop
      vertex   1.903573e+02 -3.785871e+01 2.500000e+00
      vertex   1.877573e+02 -3.790395e+01 1.464466e+00
      vertex   1.900532e+02 -3.712460e+01 1.464466e+00
    endloop
  endfacet
  facet normal 3.511697e-01 -7.121016e-01 -6.079401e-01
    outer loop
      vertex   1.903573e+02 -3.785871e+01 2.500000e+00
      vertex   1.900532e+02 -3.712460e+01 1.464466e+00
      vertex   1.926251e+02 -3.674038e+01 2.500000e+00
    endloop
  endfacet
  facet normal 3.511697e-01 -7.121016e-01 -6.079401e-01
    outer loop
      vertex   1.926251e+02 -3.674038e+01 2.500000e+00
      vertex   1.900532e+02 -3.712460e+01 1.464466e+00
      vertex   1.922278e+02 -3.605224e+01 1.464466e+00
    endloop
  endfacet
  facet normal 4.411133e-01 -6.601727e-01 -6.079401e-01
    outer loop
      vertex   1.926251e+02 -3.674038e+01 2.500000e+00
      vertex   1.922278e+02 -3.605224e+01 1.464466e+00
      vertex   1.947274e+02 -3.533562e+01 2.500000e+00
    endloop
  endfacet
  facet normal 4.411133e-01 -6.601727e-01 -6.079401e-01
    outer loop
      vertex   1.947274e+02 -3.533562e+01 2.500000e+00
      vertex   1.922278e+02 -3.605224e+01 1.464466e+00
      vertex   1.942437e+02 -3.470523e+01 1.464466e+00
    endloop
  endfacet
  facet normal 5.235093e-01 -5.969480e-01 -6.079401e-01
    outer loop
      vertex   1.947274e+02 -3.533562e+01 2.500000e+00
      vertex   1.942437e+02 -3.470523e+01 1.464466e+00
      vertex   1.966285e+02 -3.366846e+01 2.500000e+00
    endloop
  endfacet
  facet normal 5.235093e-01 -5.969480e-01 -6.079401e-01
    outer loop
      vertex   1.966285e+02 -3.366846e+01 2.500000e+00
      vertex   1.942437e+02 -3.470523e+01 1.464466e+00
      vertex   1.960666e+02 -3.310660e+01 1.464466e+00
    endloop
  endfacet
  facet normal 5.969480e-01 -5.235093e-01 -6.079401e-01
    outer loop
      vertex   1.966285e+02 -3.366846e+01 2.500000e+00
      vertex   1.960666e+02 -3.310660e+01 1.464466e+00
      vertex   1.982956e+02 -3.176744e+01 2.500000e+00
    endloop
  endfacet
  facet normal 5.969480e-01 -5.235093e-01 -6.079401e-01
    outer loop
      vertex   1.982956e+02 -3.176744e+01 2.500000e+00
      vertex   1.960666e+02 -3.310660e+01 1.464466e+00
      vertex   1.976652e+02 -3.128372e+01 1.464466e+00
    endloop
  endfacet
  facet normal 6.601727e-01 -4.411133e-01 -6.079401e-01
    outer loop
      vertex   1.982956e+02 -3.176744e+01 2.500000e+00
      vertex   1.976652e+02 -3.128372e+01 1.464466e+00
      vertex   1.997004e+02 -2.966506e+01 2.500000e+00
    endloop
  endfacet
  facet normal 6.601727e-01 -4.411133e-01 -6.079401e-01
    outer loop
      vertex   1.997004e+02 -2.966506e+01 2.500000e+00
      vertex   1.976652e+02 -3.128372e+01 1.464466e+00
      vertex   1.990122e+02 -2.926777e+01 1.464466e+00
    endloop
  endfacet
  facet normal 7.121016e-01 -3.511697e-01 -6.079401e-01
    outer loop
      vertex   1.997004e+02 -2.966506e+01 2.500000e+00
      vertex   1.990122e+02 -2.926777e+01 1.464466e+00
      vertex   2.008187e+02 -2.739732e+01 2.500000e+00
    endloop
  endfacet
  facet normal 7.121016e-01 -3.511697e-01 -6.079401e-01
    outer loop
      vertex   2.008187e+02 -2.739732e+01 2.500000e+00
      vertex   1.990122e+02 -2.926777e+01 1.464466e+00
      vertex   2.000846e+02 -2.709324e+01 1.464466e+00
    endloop
  endfacet
  facet normal 7.518463e-01 -2.552174e-01 -6.079401e-01
    outer loop
      vertex   2.008187e+02 -2.739732e+01 2.500000e+00
      vertex   2.000846e+02 -2.709324e+01 1.464466e+00
      vertex   2.016315e+02 -2.500301e+01 2.500000e+00
    endloop
  endfacet
  facet normal 7.518463e-01 -2.552174e-01 -6.079401e-01
    outer loop
      vertex   2.016315e+02 -2.500301e+01 2.500000e+00
      vertex   2.000846e+02 -2.709324e+01 1.464466e+00
      vertex   2.008640e+02 -2.479735e+01 1.464466e+00
    endloop
  endfacet
  facet normal 3.333302e-02 -7.067138e-01 -7.067138e-01
    outer loop
      vertex   1.829600e+02 -3.890916e+01 1.882551e+00
      vertex   1.829600e+02 -3.811745e+01 1.090843e+00
      vertex   1.853794e+02 -3.837696e+01 1.464466e+00
    endloop
  endfacet
  facet normal 5.745343e-02 -6.062995e-01 -7.931582e-01
    outer loop
      vertex   1.853794e+02 -3.837696e+01 1.464466e+00
      vertex   1.829600e+02 -3.811745e+01 1.090843e+00
      vertex   1.852442e+02 -3.735029e+01 6.698730e-01
    endloop
  endfacet
  facet normal 1.189237e-01 -5.978696e-01 -7.927226e-01
    outer loop
      vertex   1.853794e+02 -3.837696e+01 1.464466e+00
      vertex   1.852442e+02 -3.735029e+01 6.698730e-01
      vertex   1.877573e+02 -3.790395e+01 1.464466e+00
    endloop
  endfacet
  facet normal 1.189237e-01 -5.978696e-01 -7.927226e-01
    outer loop
      vertex   1.877573e+02 -3.790395e+01 1.464466e+00
      vertex   1.852442e+02 -3.735029e+01 6.698730e-01
      vertex   1.874893e+02 -3.690370e+01 6.698730e-01
    endloop
  endfacet
  facet normal 1.959439e-01 -5.772321e-01 -7.927226e-01
    outer loop
      vertex   1.877573e+02 -3.790395e+01 1.464466e+00
      vertex   1.874893e+02 -3.690370e+01 6.698730e-01
      vertex   1.900532e+02 -3.712460e+01 1.464466e+00
    endloop
  endfacet
  facet normal 1.959439e-01 -5.772321e-01 -7.927226e-01
    outer loop
      vertex   1.900532e+02 -3.712460e+01 1.464466e+00
      vertex   1.874893e+02 -3.690370e+01 6.698730e-01
      vertex   1.896570e+02 -3.616789e+01 6.698730e-01
    endloop
  endfacet
  facet normal 2.696115e-01 -5.467180e-01 -7.927226e-01
    outer loop
      vertex   1.900532e+02 -3.712460e+01 1.464466e+00
      vertex   1.896570e+02 -3.616789e+01 6.698730e-01
      vertex   1.922278e+02 -3.605224e+01 1.464466e+00
    endloop
  endfacet
  facet normal 2.696115e-01 -5.467180e-01 -7.927226e-01
    outer loop
      vertex   1.922278e+02 -3.605224e+01 1.464466e+00
      vertex   1.896570e+02 -3.616789e+01 6.698730e-01
      vertex   1.917100e+02 -3.515544e+01 6.698730e-01
    endloop
  endfacet
  facet normal 3.386659e-01 -5.068494e-01 -7.927226e-01
    outer loop
      vertex   1.922278e+02 -3.605224e+01 1.464466e+00
      vertex   1.917100e+02 -3.515544e+01 6.698730e-01
      vertex   1.942437e+02 -3.470523e+01 1.464466e+00
    endloop
  endfacet
  facet normal 3.386659e-01 -5.068494e-01 -7.927226e-01
    outer loop
      vertex   1.942437e+02 -3.470523e+01 1.464466e+00
      vertex   1.917100e+02 -3.515544e+01 6.698730e-01
      vertex   1.936133e+02 -3.388368e+01 6.698730e-01
    endloop
  endfacet
  facet normal 4.019257e-01 -4.583085e-01 -7.927226e-01
    outer loop
      vertex   1.942437e+02 -3.470523e+01 1.464466e+00
      vertex   1.936133e+02 -3.388368e+01 6.698730e-01
      vertex   1.960666e+02 -3.310660e+01 1.464466e+00
    endloop
  endfacet
  facet normal 4.019257e-01 -4.583085e-01 -7.927226e-01
    outer loop
      vertex   1.960666e+02 -3.310660e+01 1.464466e+00
      vertex   1.936133e+02 -3.388368e+01 6.698730e-01
      vertex   1.953344e+02 -3.237437e+01 6.698730e-01
    endloop
  endfacet
  facet normal 4.583085e-01 -4.019257e-01 -7.927226e-01
    outer loop
      vertex   1.960666e+02 -3.310660e+01 1.464466e+00
      vertex   1.953344e+02 -3.237437e+01 6.698730e-01
      vertex   1.976652e+02 -3.128372e+01 1.464466e+00
    endloop
  endfacet
  facet normal 4.583085e-01 -4.019257e-01 -7.927226e-01
    outer loop
      vertex   1.976652e+02 -3.128372e+01 1.464466e+00
      vertex   1.953344e+02 -3.237437e+01 6.698730e-01
      vertex   1.968437e+02 -3.065333e+01 6.698730e-01
    endloop
  endfacet
  facet normal 5.068494e-01 -3.386659e-01 -7.927226e-01
    outer loop
      vertex   1.976652e+02 -3.128372e+01 1.464466e+00
      vertex   1.968437e+02 -3.065333e+01 6.698730e-01
      vertex   1.990122e+02 -2.926777e+01 1.464466e+00
    endloop
  endfacet
  facet normal 5.068494e-01 -3.386659e-01 -7.927226e-01
    outer loop
      vertex   1.990122e+02 -2.926777e+01 1.464466e+00
      vertex   1.968437e+02 -3.065333e+01 6.698730e-01
      vertex   1.981154e+02 -2.875000e+01 6.698730e-01
    endloop
  endfacet
  facet normal 5.467180e-01 -2.696115e-01 -7.927226e-01
    outer loop
      vertex   1.990122e+02 -2.926777e+01 1.464466e+00
      vertex   1.981154e+02 -2.875000e+01 6.698730e-01
      vertex   2.000846e+02 -2.709324e+01 1.464466e+00
    endloop
  endfacet
  facet normal 5.467180e-01 -2.696115e-01 -7.927226e-01
    outer loop
      vertex   2.000846e+02 -2.709324e+01 1.464466e+00
      vertex   1.981154e+02 -2.875000e+01 6.698730e-01
      vertex   1.991279e+02 -2.669696e+01 6.698730e-01
    endloop
  endfacet
  facet normal 5.772321e-01 -1.959439e-01 -7.927226e-01
    outer loop
      vertex   2.000846e+02 -2.709324e+01 1.464466e+00
      vertex   1.991279e+02 -2.669696e+01 6.698730e-01
      vertex   2.008640e+02 -2.479735e+01 1.464466e+00
    endloop
  endfacet
  facet normal 5.772321e-01 -1.959439e-01 -7.927226e-01
    outer loop
      vertex   2.008640e+02 -2.479735e+01 1.464466e+00
      vertex   1.991279e+02 -2.669696e+01 6.698730e-01
      vertex   1.998637e+02 -2.452933e+01 6.698730e-01
    endloop
  endfacet
  facet normal 2.263253e-02 -5.318958e-01 -8.465073e-01
    outer loop
      vertex   1.829600e+02 -3.811745e+01 1.090843e+00
      vertex   1.829600e+02 -3.716942e+01 4.951557e-01
      vertex   1.852442e+02 -3.735029e+01 6.698730e-01
    endloop
  endfacet
  facet normal 4.052465e-02 -3.806330e-01 -9.238378e-01
    outer loop
      vertex   1.852442e+02 -3.735029e+01 6.698730e-01
      vertex   1.829600e+02 -3.716942e+01 4.951557e-01
      vertex   1.850868e+02 -3.615470e+01 1.703709e-01
    endloop
  endfacet
  facet normal 7.479450e-02 -3.760174e-01 -9.235891e-01
    outer loop
      vertex   1.852442e+02 -3.735029e+01 6.698730e-01
      vertex   1.850868e+02 -3.615470e+01 1.703709e-01
      vertex   1.874893e+02 -3.690370e+01 6.698730e-01
    endloop
  endfacet
  facet normal 7.479450e-02 -3.760174e-01 -9.235891e-01
    outer loop
      vertex   1.874893e+02 -3.690370e+01 6.698730e-01
      vertex   1.850868e+02 -3.615470e+01 1.703709e-01
      vertex   1.871772e+02 -3.573889e+01 1.703709e-01
    endloop
  endfacet
  facet normal 1.232347e-01 -3.630378e-01 -9.235891e-01
    outer loop
      vertex   1.874893e+02 -3.690370e+01 6.698730e-01
      vertex   1.871772e+02 -3.573889e+01 1.703709e-01
      vertex   1.896570e+02 -3.616789e+01 6.698730e-01
    endloop
  endfacet
  facet normal 1.232347e-01 -3.630378e-01 -9.235891e-01
    outer loop
      vertex   1.896570e+02 -3.616789e+01 6.698730e-01
      vertex   1.871772e+02 -3.573889e+01 1.703709e-01
      vertex   1.891955e+02 -3.505378e+01 1.703709e-01
    endloop
  endfacet
  facet normal 1.695664e-01 -3.438466e-01 -9.235891e-01
    outer loop
      vertex   1.896570e+02 -3.616789e+01 6.698730e-01
      vertex   1.891955e+02 -3.505378e+01 1.703709e-01
      vertex   1.917100e+02 -3.515544e+01 6.698730e-01
    endloop
  endfacet
  facet normal 1.695664e-01 -3.438466e-01 -9.235891e-01
    outer loop
      vertex   1.917100e+02 -3.515544e+01 6.698730e-01
      vertex   1.891955e+02 -3.505378e+01 1.703709e-01
      vertex   1.911070e+02 -3.411110e+01 1.703709e-01
    endloop
  endfacet
  facet normal 2.129967e-01 -3.187721e-01 -9.235891e-01
    outer loop
      vertex   1.917100e+02 -3.515544e+01 6.698730e-01
      vertex   1.911070e+02 -3.411110e+01 1.703709e-01
      vertex   1.936133e+02 -3.388368e+01 6.698730e-01
    endloop
  endfacet
  facet normal 2.129967e-01 -3.187721e-01 -9.235891e-01
    outer loop
      vertex   1.936133e+02 -3.388368e+01 6.698730e-01
      vertex   1.911070e+02 -3.411110e+01 1.703709e-01
      vertex   1.928792e+02 -3.292697e+01 1.703709e-01
    endloop
  endfacet
  facet normal 2.527826e-01 -2.882433e-01 -9.235891e-01
    outer loop
      vertex   1.936133e+02 -3.388368e+01 6.698730e-01
      vertex   1.928792e+02 -3.292697e+01 1.703709e-01
      vertex   1.953344e+02 -3.237437e+01 6.698730e-01
    endloop
  endfacet
  facet normal 2.527826e-01 -2.882433e-01 -9.235891e-01
    outer loop
      vertex   1.953344e+02 -3.237437e+01 6.698730e-01
      vertex   1.928792e+02 -3.292697e+01 1.703709e-01
      vertex   1.944817e+02 -3.152167e+01 1.703709e-01
    endloop
  endfacet
  facet normal 2.882433e-01 -2.527826e-01 -9.235891e-01
    outer loop
      vertex   1.953344e+02 -3.237437e+01 6.698730e-01
      vertex   1.944817e+02 -3.152167e+01 1.703709e-01
      vertex   1.968437e+02 -3.065333e+01 6.698730e-01
    endloop
  endfacet
  facet normal 2.882433e-01 -2.527826e-01 -9.235891e-01
    outer loop
      vertex   1.968437e+02 -3.065333e+01 6.698730e-01
      vertex   1.944817e+02 -3.152167e+01 1.703709e-01
      vertex   1.958870e+02 -2.991922e+01 1.703709e-01
    endloop
  endfacet
  facet normal 3.187721e-01 -2.129967e-01 -9.235891e-01
    outer loop
      vertex   1.968437e+02 -3.065333e+01 6.698730e-01
      vertex   1.958870e+02 -2.991922e+01 1.703709e-01
      vertex   1.981154e+02 -2.875000e+01 6.698730e-01
    endloop
  endfacet
  facet normal 3.187721e-01 -2.129967e-01 -9.235891e-01
    outer loop
      vertex   1.981154e+02 -2.875000e+01 6.698730e-01
      vertex   1.958870e+02 -2.991922e+01 1.703709e-01
      vertex   1.970711e+02 -2.814705e+01 1.703709e-01
    endloop
  endfacet
  facet normal 3.438466e-01 -1.695664e-01 -9.235891e-01
    outer loop
      vertex   1.981154e+02 -2.875000e+01 6.698730e-01
      vertex   1.970711e+02 -2.814705e+01 1.703709e-01
      vertex   1.991279e+02 -2.669696e+01 6.698730e-01
    endloop
  endfacet
  facet normal 3.438466e-01 -1.695664e-01 -9.235891e-01
    outer loop
      vertex   1.991279e+02 -2.669696e+01 6.698730e-01
      vertex   1.970711e+02 -2.814705e+01 1.703709e-01
      vertex   1.980138e+02 -2.623548e+01 1.703709e-01
    endloop
  endfacet
  facet normal 3.630378e-01 -1.232347e-01 -9.235891e-01
    outer loop
      vertex   1.991279e+02 -2.669696e+01 6.698730e-01
      vertex   1.980138e+02 -2.623548e+01 1.703709e-01
      vertex   1.998637e+02 -2.452933e+01 6.698730e-01
    endloop
  endfacet
  facet normal 3.630378e-01 -1.232347e-01 -9.235891e-01
    outer loop
      vertex   1.998637e+02 -2.452933e+01 6.698730e-01
      vertex   1.980138e+02 -2.623548e+01 1.703709e-01
      vertex   1.986989e+02 -2.421722e+01 1.703709e-01
    endloop
  endfacet
  facet normal 1.343790e-02 -3.302492e-01 -9.437981e-01
    outer loop
      vertex   1.829600e+02 -3.716942e+01 4.951557e-01
      vertex   1.829600e+02 -3.611260e+01 1.253604e-01
      vertex   1.850868e+02 -3.615470e+01 1.703709e-01
    endloop
  endfacet
  facet normal 1.842286e-02 -1.293103e-01 -9.914330e-01
    outer loop
      vertex   1.850868e+02 -3.615470e+01 1.703709e-01
      vertex   1.829600e+02 -3.611260e+01 1.253604e-01
      vertex   1.850947e+02 -3.484732e+01 0.000000e+00
    endloop
  endfacet
  facet normal 2.572593e-02 -1.293330e-01 -9.912674e-01
    outer loop
      vertex   1.850868e+02 -3.615470e+01 1.703709e-01
      vertex   1.850947e+02 -3.484732e+01 0.000000e+00
      vertex   1.871772e+02 -3.573889e+01 1.703709e-01
    endloop
  endfacet
  facet normal 2.733496e-02 -1.256568e-01 -9.916971e-01
    outer loop
      vertex   1.871772e+02 -3.573889e+01 1.703709e-01
      vertex   1.850947e+02 -3.484732e+01 0.000000e+00
      vertex   1.871860e+02 -3.439239e+01 0.000000e+00
    endloop
  endfacet
  facet normal 4.266519e-02 -1.256876e-01 -9.911520e-01
    outer loop
      vertex   1.871772e+02 -3.573889e+01 1.703709e-01
      vertex   1.871860e+02 -3.439239e+01 0.000000e+00
      vertex   1.891955e+02 -3.505378e+01 1.703709e-01
    endloop
  endfacet
  facet normal 4.466958e-02 -1.197638e-01 -9.917970e-01
    outer loop
      vertex   1.891955e+02 -3.505378e+01 1.703709e-01
      vertex   1.871860e+02 -3.439239e+01 0.000000e+00
      vertex   1.891912e+02 -3.364448e+01 0.000000e+00
    endloop
  endfacet
  facet normal 5.899593e-02 -1.196319e-01 -9.910639e-01
    outer loop
      vertex   1.891955e+02 -3.505378e+01 1.703709e-01
      vertex   1.891912e+02 -3.364448e+01 0.000000e+00
      vertex   1.911070e+02 -3.411110e+01 1.703709e-01
    endloop
  endfacet
  facet normal 6.099728e-02 -1.117082e-01 -9.918672e-01
    outer loop
      vertex   1.911070e+02 -3.411110e+01 1.703709e-01
      vertex   1.891912e+02 -3.364448e+01 0.000000e+00
      vertex   1.910696e+02 -3.261880e+01 0.000000e+00
    endloop
  endfacet
  facet normal 7.435137e-02 -1.112747e-01 -9.910044e-01
    outer loop
      vertex   1.911070e+02 -3.411110e+01 1.703709e-01
      vertex   1.910696e+02 -3.261880e+01 0.000000e+00
      vertex   1.928792e+02 -3.292697e+01 1.703709e-01
    endloop
  endfacet
  facet normal 7.607904e-02 -1.016297e-01 -9.919090e-01
    outer loop
      vertex   1.928792e+02 -3.292697e+01 1.703709e-01
      vertex   1.910696e+02 -3.261880e+01 0.000000e+00
      vertex   1.927829e+02 -3.133624e+01 0.000000e+00
    endloop
  endfacet
  facet normal 8.838568e-02 -1.007846e-01 -9.909745e-01
    outer loop
      vertex   1.928792e+02 -3.292697e+01 1.703709e-01
      vertex   1.927829e+02 -3.133624e+01 0.000000e+00
      vertex   1.944817e+02 -3.152167e+01 1.703709e-01
    endloop
  endfacet
  facet normal 8.969160e-02 -8.969160e-02 -9.919228e-01
    outer loop
      vertex   1.944817e+02 -3.152167e+01 1.703709e-01
      vertex   1.927829e+02 -3.133624e+01 0.000000e+00
      vertex   1.942962e+02 -2.982291e+01 0.000000e+00
    endloop
  endfacet
  facet normal 1.007846e-01 -8.838568e-02 -9.909745e-01
    outer loop
      vertex   1.944817e+02 -3.152167e+01 1.703709e-01
      vertex   1.942962e+02 -2.982291e+01 0.000000e+00
      vertex   1.958870e+02 -2.991922e+01 1.703709e-01
    endloop
  endfacet
  facet normal 1.016297e-01 -7.607904e-02 -9.919090e-01
    outer loop
      vertex   1.958870e+02 -2.991922e+01 1.703709e-01
      vertex   1.942962e+02 -2.982291e+01 0.000000e+00
      vertex   1.955788e+02 -2.810961e+01 0.000000e+00
    endloop
  endfacet
  facet normal 1.112747e-01 -7.435137e-02 -9.910044e-01
    outer loop
      vertex   1.958870e+02 -2.991922e+01 1.703709e-01
      vertex   1.955788e+02 -2.810961e+01 0.000000e+00
      vertex   1.970711e+02 -2.814705e+01 1.703709e-01
    endloop
  endfacet
  facet normal 1.117082e-01 -6.099728e-02 -9.918672e-01
    outer loop
      vertex   1.970711e+02 -2.814705e+01 1.703709e-01
      vertex   1.955788e+02 -2.810961e+01 0.000000e+00
      vertex   1.966045e+02 -2.623123e+01 0.000000e+00
    endloop
  endfacet
  facet normal 1.196319e-01 -5.899593e-02 -9.910639e-01
    outer loop
      vertex   1.970711e+02 -2.814705e+01 1.703709e-01
      vertex   1.966045e+02 -2.623123e+01 0.000000e+00
      vertex   1.980138e+02 -2.623548e+01 1.703709e-01
    endloop
  endfacet
  facet normal 1.197638e-01 -4.466958e-02 -9.917970e-01
    outer loop
      vertex   1.980138e+02 -2.623548e+01 1.703709e-01
      vertex   1.966045e+02 -2.623123e+01 0.000000e+00
      vertex   1.973524e+02 -2.422599e+01 0.000000e+00
    endloop
  endfacet
  facet normal 1.256876e-01 -4.266519e-02 -9.911520e-01
    outer loop
      vertex   1.980138e+02 -2.623548e+01 1.703709e-01
      vertex   1.973524e+02 -2.422599e+01 0.000000e+00
      vertex   1.986989e+02 -2.421722e+01 1.703709e-01
    endloop
  endfacet
  facet normal 1.256568e-01 -2.733496e-02 -9.916971e-01
    outer loop
      vertex   1.986989e+02 -2.421722e+01 1.703709e-01
      vertex   1.973524e+02 -2.422599e+01 0.000000e+00
      vertex   1.978073e+02 -2.213472e+01 0.000000e+00
    endloop
  endfacet
  facet normal 8.007601e-03 -1.119609e-01 -9.936804e-01
    outer loop
      vertex   1.829600e+02 -3.611260e+01 1.253604e-01
      vertex   1.829600e+02 -3.500000e+01 0.000000e+00
      vertex   1.850947e+02 -3.484732e+01 0.000000e+00
    endloop
  endfacet
  facet normal -9.877911e-04 -1.119644e-01 -9.937117e-01
    outer loop
      vertex   1.829600e+02 -3.611260e+01 1.253604e-01
      vertex   1.582514e+02 -3.629410e+01 1.703709e-01
      vertex   1.829600e+02 -3.500000e+01 0.000000e+00
    endloop
  endfacet
  facet normal 0.000000e+00 -1.305262e-01 -9.914449e-01
    outer loop
      vertex   1.829600e+02 -3.500000e+01 0.000000e+00
      vertex   1.582514e+02 -3.629410e+01 1.703709e-01
      vertex   1.335429e+02 -3.629410e+01 1.703709e-01
    endloop
  endfacet
  facet normal 0.000000e+00 -1.305262e-01 -9.914449e-01
    outer loop
      vertex   1.829600e+02 -3.500000e+01 0.000000e+00
      vertex   1.335429e+02 -3.629410e+01 1.703709e-01
      vertex   1.088343e+02 -3.629410e+01 1.703709e-01
    endloop
  endfacet
  facet normal 0.000000e+00 -3.826834e-01 -9.238795e-01
    outer loop
      vertex   1.088343e+02 -3.629410e+01 1.703709e-01
      vertex   1.335429e+02 -3.629410e+01 1.703709e-01
      vertex   1.088343e+02 -3.750000e+01 6.698730e-01
    endloop
  endfacet
  facet normal 0.000000e+00 -3.826834e-01 -9.238795e-01
    outer loop
      vertex   1.088343e+02 -3.629410e+01 1.703709e-01
      vertex   1.088343e+02 -3.750000e+01 6.698730e-01
      vertex   8.412571e+01 -3.750000e+01 6.698730e-01
    endloop
  endfacet
  facet normal 0.000000e+00 -6.087614e-01 -7.933533e-01
    outer loop
      vertex   8.412571e+01 -3.750000e+01 6.698730e-01
      vertex   1.088343e+02 -3.750000e+01 6.698730e-01
      vertex   8.412571e+01 -3.853553e+01 1.464466e+00
    endloop
  endfacet
  facet normal 0.000000e+00 -6.087614e-01 -7.933533e-01
    outer loop
      vertex   8.412571e+01 -3.750000e+01 6.698730e-01
      vertex   8.412571e+01 -3.853553e+01 1.464466e+00
      vertex   5.941714e+01 -3.853553e+01 1.464466e+00
    endloop
  endfacet
  facet normal 0.000000e+00 -7.933533e-01 -6.087614e-01
    outer loop
      vertex   5.941714e+01 -3.853553e+01 1.464466e+00
      vertex   8.412571e+01 -3.853553e+01 1.464466e+00
      vertex   5.941714e+01 -3.933013e+01 2.500000e+00
    endloop
  endfacet
  facet normal 0.000000e+00 -7.933533e-01 -6.087614e-01
    outer loop
      vertex   5.941714e+01 -3.853553e+01 1.464466e+00
      vertex   5.941714e+01 -3.933013e+01 2.500000e+00
      vertex   3.470857e+01 -3.933013e+01 2.500000e+00
    endloop
  endfacet
  facet normal 0.000000e+00 -9.238795e-01 -3.826834e-01
    outer loop
      vertex   3.470857e+01 -3.933013e+01 2.500000e+00
      vertex   5.941714e+01 -3.933013e+01 2.500000e+00
      vertex   3.470857e+01 -3.982963e+01 3.705905e+00
    endloop
  endfacet
  facet normal 1.412859e-03 -9.238786e-01 -3.826831e-01
    outer loop
      vertex   3.470857e+01 -3.933013e+01 2.500000e+00
      vertex   3.470857e+01 -3.982963e+01 3.705905e+00
      vertex   1.000000e+01 -3.950484e+01 2.830581e+00
    endloop
  endfacet
  facet normal -7.065537e-04 -9.438831e-01 -3.302790e-01
    outer loop
      vertex   1.000000e+01 -3.950484e+01 2.830581e+00
      vertex   3.470857e+01 -3.982963e+01 3.705905e+00
      vertex   1.000000e+01 -3.987464e+01 3.887395e+00
    endloop
  endfacet
  facet normal 9.877911e-04 -9.937117e-01 -1.119644e-01
    outer loop
      vertex   1.000000e+01 -3.987464e+01 3.887395e+00
      vertex   3.470857e+01 -3.982963e+01 3.705905e+00
      vertex   1.000000e+01 -4.000000e+01 5.000000e+00
    endloop
  endfacet
  facet normal 0.000000e+00 -9.914449e-01 -1.305262e-01
    outer loop
      vertex   1.000000e+01 -4.000000e+01 5.000000e+00
      vertex   3.470857e+01 -3.982963e+01 3.705905e+00
      vertex   5.941714e+01 -3.982963e+01 3.705905e+00
    endloop
  endfacet
  facet normal 0.000000e+00 -9.914449e-01 -1.305262e-01
    outer loop
      vertex   1.000000e+01 -4.000000e+01 5.000000e+00
      vertex   5.941714e+01 -3.982963e+01 3.705905e+00
      vertex   8.412571e+01 -3.982963e+01 3.705905e+00
    endloop
  endfacet
  facet normal -0.000000e+00 -9.238795e-01 -3.826834e-01
    outer loop
      vertex   8.412571e+01 -3.982963e+01 3.705905e+00
      vertex   5.941714e+01 -3.982963e+01 3.705905e+00
      vertex   8.412571e+01 -3.933013e+01 2.500000e+00
    endloop
  endfacet
  facet normal 0.000000e+00 -9.238795e-01 -3.826834e-01
    outer loop
      vertex   8.412571e+01 -3.982963e+01 3.705905e+00
      vertex   8.412571e+01 -3.933013e+01 2.500000e+00
      vertex   1.088343e+02 -3.933013e+01 2.500000e+00
    endloop
  endfacet
  facet normal -0.000000e+00 -7.933533e-01 -6.087614e-01
    outer loop
      vertex   1.088343e+02 -3.933013e+01 2.500000e+00
      vertex   8.412571e+01 -3.933013e+01 2.500000e+00
      vertex   1.088343e+02 -3.853553e+01 1.464466e+00
    endloop
  endfacet
  facet normal 0.000000e+00 -7.933533e-01 -6.087614e-01
    outer loop
      vertex   1.088343e+02 -3.933013e+01 2.500000e+00
      vertex   1.088343e+02 -3.853553e+01 1.464466e+00
      vertex   1.335429e+02 -3.853553e+01 1.464466e+00
    endloop
  endfacet
  facet normal -0.000000e+00 -6.087614e-01 -7.933533e-01
    outer loop
      vertex   1.335429e+02 -3.853553e+01 1.464466e+00
      vertex   1.088343e+02 -3.853553e+01 1.464466e+00
      vertex   1.335429e+02 -3.750000e+01 6.698730e-01
    endloop
  endfacet
  facet normal 0.000000e+00 -6.087614e-01 -7.933533e-01
    outer loop
      vertex   1.335429e+02 -3.853553e+01 1.464466e+00
      vertex   1.335429e+02 -3.750000e+01 6.698730e-01
      vertex   1.582514e+02 -3.750000e+01 6.698730e-01
    endloop
  endfacet
  facet normal -0.000000e+00 -3.826834e-01 -9.238795e-01
    outer loop
      vertex   1.582514e+02 -3.750000e+01 6.698730e-01
      vertex   1.335429e+02 -3.750000e+01 6.698730e-01
      vertex   1.582514e+02 -3.629410e+01 1.703709e-01
    endloop
  endfacet
  facet normal -1.412859e-03 -3.826831e-01 -9.238786e-01
    outer loop
      vertex   1.582514e+02 -3.750000e+01 6.698730e-01
      vertex   1.582514e+02 -3.629410e+01 1.703709e-01
      vertex   1.829600e+02 -3.716942e+01 4.951557e-01
    endloop
  endfacet
  facet normal 7.065537e-04 -3.302790e-01 -9.438831e-01
    outer loop
      vertex   1.829600e+02 -3.716942e+01 4.951557e-01
      vertex   1.582514e+02 -3.629410e+01 1.703709e-01
      vertex   1.829600e+02 -3.611260e+01 1.253604e-01
    endloop
  endfacet
  facet normal 1.130881e-03 -5.320317e-01 -8.467237e-01
    outer loop
      vertex   1.829600e+02 -3.716942e+01 4.951557e-01
      vertex   1.829600e+02 -3.811745e+01 1.090843e+00
      vertex   1.582514e+02 -3.750000e+01 6.698730e-01
    endloop
  endfacet
  facet normal -1.695826e-03 -6.087606e-01 -7.933522e-01
    outer loop
      vertex   1.582514e+02 -3.750000e+01 6.698730e-01
      vertex   1.829600e+02 -3.811745e+01 1.090843e+00
      vertex   1.582514e+02 -3.853553e+01 1.464466e+00
    endloop
  endfacet
  facet normal 0.000000e+00 -6.087614e-01 -7.933533e-01
    outer loop
      vertex   1.582514e+02 -3.750000e+01 6.698730e-01
      vertex   1.582514e+02 -3.853553e+01 1.464466e+00
      vertex   1.335429e+02 -3.853553e+01 1.464466e+00
    endloop
  endfacet
  facet normal 0.000000e+00 -7.933533e-01 -6.087614e-01
    outer loop
      vertex   1.335429e+02 -3.853553e+01 1.464466e+00
      vertex   1.582514e+02 -3.853553e+01 1.464466e+00
      vertex   1.335429e+02 -3.933013e+01 2.500000e+00
    endloop
  endfacet
  facet normal 0.000000e+00 -7.933533e-01 -6.087614e-01
    outer loop
      vertex   1.335429e+02 -3.853553e+01 1.464466e+00
      vertex   1.335429e+02 -3.933013e+01 2.500000e+00
      vertex   1.088343e+02 -3.933013e+01 2.500000e+00
    endloop
  endfacet
  facet normal 0.000000e+00 -9.238795e-01 -3.826834e-01
    outer loop
      vertex   1.088343e+02 -3.933013e+01 2.500000e+00
      vertex   1.335429e+02 -3.933013e+01 2.500000e+00
      vertex   1.088343e+02 -3.982963e+01 3.705905e+00
    endloop
  endfacet
  facet normal 0.000000e+00 -9.238795e-01 -3.826834e-01
    outer loop
      vertex   1.088343e+02 -3.933013e+01 2.500000e+00
      vertex   1.088343e+02 -3.982963e+01 3.705905e+00
      vertex   8.412571e+01 -3.982963e+01 3.705905e+00
    endloop
  endfacet
  facet normal 0.000000e+00 -9.914449e-01 -1.305262e-01
    outer loop
      vertex   8.412571e+01 -3.982963e+01 3.705905e+00
      vertex   1.088343e+02 -3.982963e+01 3.705905e+00
      vertex   1.000000e+01 -4.000000e+01 5.000000e+00
    endloop
  endfacet
  facet normal 1.272389e-03 -7.071062e-01 -7.071062e-01
    outer loop
      vertex   1.829600e+02 -3.811745e+01 1.090843e+00
      vertex   1.829600e+02 -3.890916e+01 1.882551e+00
      vertex   1.582514e+02 -3.853553e+01 1.464466e+00
    endloop
  endfacet
  facet normal -1.695826e-03 -7.933522e-01 -6.087606e-01
    outer loop
      vertex   1.582514e+02 -3.853553e+01 1.464466e+00
      vertex   1.829600e+02 -3.890916e+01 1.882551e+00
      vertex   1.582514e+02 -3.933013e+01 2.500000e+00
    endloop
  endfacet
  facet normal 0.000000e+00 -7.933533e-01 -6.087614e-01
    outer loop
      vertex   1.582514e+02 -3.853553e+01 1.464466e+00
      vertex   1.582514e+02 -3.933013e+01 2.500000e+00
      vertex   1.335429e+02 -3.933013e+01 2.500000e+00
    endloop
  endfacet
  facet normal 0.000000e+00 -9.238795e-01 -3.826834e-01
    outer loop
      vertex   1.335429e+02 -3.933013e+01 2.500000e+00
      vertex   1.582514e+02 -3.933013e+01 2.500000e+00
      vertex   1.335429e+02 -3.982963e+01 3.705905e+00
    endloop
  endfacet
  facet normal 0.000000e+00 -9.238795e-01 -3.826834e-01
    outer loop
      vertex   1.335429e+02 -3.933013e+01 2.500000e+00
      vertex   1.335429e+02 -3.982963e+01 3.705905e+00
      vertex   1.088343e+02 -3.982963e+01 3.705905e+00
    endloop
  endfacet
  facet normal 0.000000e+00 -9.914449e-01 -1.305262e-01
    outer loop
      vertex   1.088343e+02 -3.982963e+01 3.705905e+00
      vertex   1.335429e+02 -3.982963e+01 3.705905e+00
      vertex   1.000000e+01 -4.000000e+01 5.000000e+00
    endloop
  endfacet
  facet normal 1.130881e-03 -8.467237e-01 -5.320317e-01
    outer loop
      vertex   1.829600e+02 -3.890916e+01 1.882551e+00
      vertex   1.829600e+02 -3.950484e+01 2.830581e+00
      vertex   1.582514e+02 -3.933013e+01 2.500000e+00
    endloop
  endfacet
  facet normal -1.412859e-03 -9.238786e-01 -3.826831e-01
    outer loop
      vertex   1.582514e+02 -3.933013e+01 2.500000e+00
      vertex   1.829600e+02 -3.950484e+01 2.830581e+00
      vertex   1.582514e+02 -3.982963e+01 3.705905e+00
    endloop
  endfacet
  facet normal 0.000000e+00 -9.238795e-01 -3.826834e-01
    outer loop
      vertex   1.582514e+02 -3.933013e+01 2.500000e+00
      vertex   1.582514e+02 -3.982963e+01 3.705905e+00
      vertex   1.335429e+02 -3.982963e+01 3.705905e+00
    endloop
  endfacet
  facet normal 0.000000e+00 -9.705966e-01 -2.407121e-01
    outer loop
      vertex   1.335429e+02 -3.982963e+01 3.705905e+00
      vertex   1.582514e+02 -3.982963e+01 3.705905e+00
      vertex   1.829600e+02 -3.987464e+01 3.887395e+00
    endloop
  endfacet
  facet normal -3.123223e-04 -9.871530e-01 -1.597775e-01
    outer loop
      vertex   1.335429e+02 -3.982963e+01 3.705905e+00
      vertex   1.829600e+02 -3.987464e+01 3.887395e+00
      vertex   1.000000e+01 -4.000000e+01 5.000000e+00
    endloop
  endfacet
  facet normal 0.000000e+00 -9.937122e-01 -1.119645e-01
    outer loop
      vertex   1.000000e+01 -4.000000e+01 5.000000e+00
      vertex   1.829600e+02 -3.987464e+01 3.887395e+00
      vertex   1.829600e+02 -4.000000e+01 5.000000e+00
    endloop
  endfacet
  facet normal 7.065537e-04 -9.438831e-01 -3.302790e-01
    outer loop
      vertex   1.829600e+02 -3.950484e+01 2.830581e+00
      vertex   1.829600e+02 -3.987464e+01 3.887395e+00
      vertex   1.582514e+02 -3.982963e+01 3.705905e+00
    endloop
  endfacet
  facet normal -1.130881e-03 -8.467237e-01 -5.320317e-01
    outer loop
      vertex   1.000000e+01 -3.950484e+01 2.830581e+00
      vertex   1.000000e+01 -3.890916e+01 1.882551e+00
      vertex   3.470857e+01 -3.933013e+01 2.500000e+00
    endloop
  endfacet
  facet normal 1.695826e-03 -7.933522e-01 -6.087606e-01
    outer loop
      vertex   3.470857e+01 -3.933013e+01 2.500000e+00
      vertex   1.000000e+01 -3.890916e+01 1.882551e+00
      vertex   3.470857e+01 -3.853553e+01 1.464466e+00
    endloop
  endfacet
  facet normal 0.000000e+00 -7.933533e-01 -6.087614e-01
    outer loop
      vertex   3.470857e+01 -3.933013e+01 2.500000e+00
      vertex   3.470857e+01 -3.853553e+01 1.464466e+00
      vertex   5.941714e+01 -3.853553e+01 1.464466e+00
    endloop
  endfacet
  facet normal -0.000000e+00 -6.087614e-01 -7.933533e-01
    outer loop
      vertex   5.941714e+01 -3.853553e+01 1.464466e+00
      vertex   3.470857e+01 -3.853553e+01 1.464466e+00
      vertex   5.941714e+01 -3.750000e+01 6.698730e-01
    endloop
  endfacet
  facet normal 0.000000e+00 -6.087614e-01 -7.933533e-01
    outer loop
      vertex   5.941714e+01 -3.853553e+01 1.464466e+00
      vertex   5.941714e+01 -3.750000e+01 6.698730e-01
      vertex   8.412571e+01 -3.750000e+01 6.698730e-01
    endloop
  endfacet
  facet normal -0.000000e+00 -3.826834e-01 -9.238795e-01
    outer loop
      vertex   8.412571e+01 -3.750000e+01 6.698730e-01
      vertex   5.941714e+01 -3.750000e+01 6.698730e-01
      vertex   8.412571e+01 -3.629410e+01 1.703709e-01
    endloop
  endfacet
  facet normal 0.000000e+00 -3.826834e-01 -9.238795e-01
    outer loop
      vertex   8.412571e+01 -3.750000e+01 6.698730e-01
      vertex   8.412571e+01 -3.629410e+01 1.703709e-01
      vertex   1.088343e+02 -3.629410e+01 1.703709e-01
    endloop
  endfacet
  facet normal -0.000000e+00 -1.305262e-01 -9.914449e-01
    outer loop
      vertex   1.088343e+02 -3.629410e+01 1.703709e-01
      vertex   8.412571e+01 -3.629410e+01 1.703709e-01
      vertex   1.829600e+02 -3.500000e+01 0.000000e+00
    endloop
  endfacet
  facet normal -1.272389e-03 -7.071062e-01 -7.071062e-01
    outer loop
      vertex   1.000000e+01 -3.890916e+01 1.882551e+00
      vertex   1.000000e+01 -3.811745e+01 1.090843e+00
      vertex   3.470857e+01 -3.853553e+01 1.464466e+00
    endloop
  endfacet
  facet normal 1.695826e-03 -6.087606e-01 -7.933522e-01
    outer loop
      vertex   3.470857e+01 -3.853553e+01 1.464466e+00
      vertex   1.000000e+01 -3.811745e+01 1.090843e+00
      vertex   3.470857e+01 -3.750000e+01 6.698730e-01
    endloop
  endfacet
  facet normal 0.000000e+00 -6.087614e-01 -7.933533e-01
    outer loop
      vertex   3.470857e+01 -3.853553e+01 1.464466e+00
      vertex   3.470857e+01 -3.750000e+01 6.698730e-01
      vertex   5.941714e+01 -3.750000e+01 6.698730e-01
    endloop
  endfacet
  facet normal -0.000000e+00 -3.826834e-01 -9.238795e-01
    outer loop
      vertex   5.941714e+01 -3.750000e+01 6.698730e-01
      vertex   3.470857e+01 -3.750000e+01 6.698730e-01
      vertex   5.941714e+01 -3.629410e+01 1.703709e-01
    endloop
  endfacet
  facet normal 0.000000e+00 -3.826834e-01 -9.238795e-01
    outer loop
      vertex   5.941714e+01 -3.750000e+01 6.698730e-01
      vertex   5.941714e+01 -3.629410e+01 1.703709e-01
      vertex   8.412571e+01 -3.629410e+01 1.703709e-01
    endloop
  endfacet
  facet normal -0.000000e+00 -1.305262e-01 -9.914449e-01
    outer loop
      vertex   8.412571e+01 -3.629410e+01 1.703709e-01
      vertex   5.941714e+01 -3.629410e+01 1.703709e-01
      vertex   1.829600e+02 -3.500000e+01 0.000000e+00
    endloop
  endfacet
  facet normal -1.130881e-03 -5.320317e-01 -8.467237e-01
    outer loop
      vertex   1.000000e+01 -3.811745e+01 1.090843e+00
      vertex   1.000000e+01 -3.716942e+01 4.951557e-01
      vertex   3.470857e+01 -3.750000e+01 6.698730e-01
    endloop
  endfacet
  facet normal 1.412859e-03 -3.826831e-01 -9.238786e-01
    outer loop
      vertex   3.470857e+01 -3.750000e+01 6.698730e-01
      vertex   1.000000e+01 -3.716942e+01 4.951557e-01
      vertex   3.470857e+01 -3.629410e+01 1.703709e-01
    endloop
  endfacet
  facet normal 0.000000e+00 -3.826834e-01 -9.238795e-01
    outer loop
      vertex   3.470857e+01 -3.750000e+01 6.698730e-01
      vertex   3.470857e+01 -3.629410e+01 1.703709e-01
      vertex   5.941714e+01 -3.629410e+01 1.703709e-01
    endloop
  endfacet
  facet normal -0.000000e+00 -2.407121e-01 -9.705966e-01
    outer loop
      vertex   5.941714e+01 -3.629410e+01 1.703709e-01
      vertex   3.470857e+01 -3.629410e+01 1.703709e-01
      vertex   1.000000e+01 -3.611260e+01 1.253604e-01
    endloop
  endfacet
  facet normal 3.123223e-04 -1.597775e-01 -9.871530e-01
    outer loop
      vertex   5.941714e+01 -3.629410e+01 1.703709e-01
      vertex   1.000000e+01 -3.611260e+01 1.253604e-01
      vertex   1.829600e+02 -3.500000e+01 0.000000e+00
    endloop
  endfacet
  facet normal 4.599650e-18 -1.119645e-01 -9.937122e-01
    outer loop
      vertex   1.829600e+02 -3.500000e+01 0.000000e+00
      vertex   1.000000e+01 -3.611260e+01 1.253604e-01
      vertex   1.000000e+01 -3.500000e+01 0.000000e+00
    endloop
  endfacet
  facet normal -7.065537e-04 -3.302790e-01 -9.438831e-01
    outer loop
      vertex   1.000000e+01 -3.716942e+01 4.951557e-01
      vertex   1.000000e+01 -3.611260e+01 1.253604e-01
      vertex   3.470857e+01 -3.629410e+01 1.703709e-01
    endloop
  endfacet
  facet normal 0.000000e+00 -3.826834e-01 -9.238795e-01
    outer loop
      vertex   1.088343e+02 -3.750000e+01 6.698730e-01
      vertex   1.335429e+02 -3.629410e+01 1.703709e-01
      vertex   1.335429e+02 -3.750000e+01 6.698730e-01
    endloop
  endfacet
  facet normal 0.000000e+00 -3.826834e-01 -9.238795e-01
    outer loop
      vertex   1.335429e+02 -3.750000e+01 6.698730e-01
      vertex   1.335429e+02 -3.629410e+01 1.703709e-01
      vertex   1.582514e+02 -3.629410e+01 1.703709e-01
    endloop
  endfacet
  facet normal 0.000000e+00 -6.087614e-01 -7.933533e-01
    outer loop
      vertex   8.412571e+01 -3.853553e+01 1.464466e+00
      vertex   1.088343e+02 -3.750000e+01 6.698730e-01
      vertex   1.088343e+02 -3.853553e+01 1.464466e+00
    endloop
  endfacet
  facet normal 0.000000e+00 -6.087614e-01 -7.933533e-01
    outer loop
      vertex   1.088343e+02 -3.853553e+01 1.464466e+00
      vertex   1.088343e+02 -3.750000e+01 6.698730e-01
      vertex   1.335429e+02 -3.750000e+01 6.698730e-01
    endloop
  endfacet
  facet normal 0.000000e+00 -7.933533e-01 -6.087614e-01
    outer loop
      vertex   5.941714e+01 -3.933013e+01 2.500000e+00
      vertex   8.412571e+01 -3.853553e+01 1.464466e+00
      vertex   8.412571e+01 -3.933013e+01 2.500000e+00
    endloop
  endfacet
  facet normal 0.000000e+00 -7.933533e-01 -6.087614e-01
    outer loop
      vertex   8.412571e+01 -3.933013e+01 2.500000e+00
      vertex   8.412571e+01 -3.853553e+01 1.464466e+00
      vertex   1.088343e+02 -3.853553e+01 1.464466e+00
    endloop
  endfacet
  facet normal 0.000000e+00 -9.238795e-01 -3.826834e-01
    outer loop
      vertex   3.470857e+01 -3.982963e+01 3.705905e+00
      vertex   5.941714e+01 -3.933013e+01 2.500000e+00
      vertex   5.941714e+01 -3.982963e+01 3.705905e+00
    endloop
  endfacet
  facet normal 0.000000e+00 -9.238795e-01 -3.826834e-01
    outer loop
      vertex   5.941714e+01 -3.982963e+01 3.705905e+00
      vertex   5.941714e+01 -3.933013e+01 2.500000e+00
      vertex   8.412571e+01 -3.933013e+01 2.500000e+00
    endloop
  endfacet
  facet normal -8.007601e-03 -1.119609e-01 -9.936804e-01
    outer loop
      vertex   1.000000e+01 -3.500000e+01 0.000000e+00
      vertex   1.000000e+01 -3.611260e+01 1.253604e-01
      vertex   7.865277e+00 -3.484732e+01 0.000000e+00
    endloop
  endfacet
  facet normal -1.842286e-02 -1.293103e-01 -9.914330e-01
    outer loop
      vertex   7.865277e+00 -3.484732e+01 0.000000e+00
      vertex   1.000000e+01 -3.611260e+01 1.253604e-01
      vertex   7.873194e+00 -3.615470e+01 1.703709e-01
    endloop
  endfacet
  facet normal -2.572593e-02 -1.293330e-01 -9.912674e-01
    outer loop
      vertex   7.865277e+00 -3.484732e+01 0.000000e+00
      vertex   7.873194e+00 -3.615470e+01 1.703709e-01
      vertex   5.782778e+00 -3.573889e+01 1.703709e-01
    endloop
  endfacet
  facet normal -7.479450e-02 -3.760174e-01 -9.235891e-01
    outer loop
      vertex   5.782778e+00 -3.573889e+01 1.703709e-01
      vertex   7.873194e+00 -3.615470e+01 1.703709e-01
      vertex   7.715792e+00 -3.735029e+01 6.698730e-01
    endloop
  endfacet
  facet normal -7.479450e-02 -3.760174e-01 -9.235891e-01
    outer loop
      vertex   5.782778e+00 -3.573889e+01 1.703709e-01
      vertex   7.715792e+00 -3.735029e+01 6.698730e-01
      vertex   5.470667e+00 -3.690370e+01 6.698730e-01
    endloop
  endfacet
  facet normal -1.189237e-01 -5.978696e-01 -7.927226e-01
    outer loop
      vertex   5.470667e+00 -3.690370e+01 6.698730e-01
      vertex   7.715792e+00 -3.735029e+01 6.698730e-01
      vertex   7.580627e+00 -3.837696e+01 1.464466e+00
    endloop
  endfacet
  facet normal -1.189237e-01 -5.978696e-01 -7.927226e-01
    outer loop
      vertex   5.470667e+00 -3.690370e+01 6.698730e-01
      vertex   7.580627e+00 -3.837696e+01 1.464466e+00
      vertex   5.202651e+00 -3.790395e+01 1.464466e+00
    endloop
  endfacet
  facet normal -1.548984e-01 -7.787268e-01 -6.079401e-01
    outer loop
      vertex   5.202651e+00 -3.790395e+01 1.464466e+00
      vertex   7.580627e+00 -3.837696e+01 1.464466e+00
      vertex   7.476912e+00 -3.916476e+01 2.500000e+00
    endloop
  endfacet
  facet normal -1.548984e-01 -7.787268e-01 -6.079401e-01
    outer loop
      vertex   5.202651e+00 -3.790395e+01 1.464466e+00
      vertex   7.476912e+00 -3.916476e+01 2.500000e+00
      vertex   4.996995e+00 -3.867147e+01 2.500000e+00
    endloop
  endfacet
  facet normal -1.802964e-01 -9.064114e-01 -3.819837e-01
    outer loop
      vertex   4.996995e+00 -3.867147e+01 2.500000e+00
      vertex   7.476912e+00 -3.916476e+01 2.500000e+00
      vertex   7.411714e+00 -3.965998e+01 3.705905e+00
    endloop
  endfacet
  facet normal -1.802964e-01 -9.064114e-01 -3.819837e-01
    outer loop
      vertex   4.996995e+00 -3.867147e+01 2.500000e+00
      vertex   7.411714e+00 -3.965998e+01 3.705905e+00
      vertex   4.867714e+00 -3.915395e+01 3.705905e+00
    endloop
  endfacet
  facet normal -1.929714e-01 -9.701328e-01 -1.469840e-01
    outer loop
      vertex   4.867714e+00 -3.915395e+01 3.705905e+00
      vertex   7.411714e+00 -3.965998e+01 3.705905e+00
      vertex   5.213687e+00 -3.941884e+01 5.000000e+00
    endloop
  endfacet
  facet normal -2.955254e-01 -9.483743e-01 -1.151128e-01
    outer loop
      vertex   4.867714e+00 -3.915395e+01 3.705905e+00
      vertex   5.213687e+00 -3.941884e+01 5.000000e+00
      vertex   2.907902e+00 -3.870032e+01 5.000000e+00
    endloop
  endfacet
  facet normal -1.343790e-02 -3.302492e-01 -9.437981e-01
    outer loop
      vertex   1.000000e+01 -3.611260e+01 1.253604e-01
      vertex   1.000000e+01 -3.716942e+01 4.951557e-01
      vertex   7.873194e+00 -3.615470e+01 1.703709e-01
    endloop
  endfacet
  facet normal -4.052465e-02 -3.806330e-01 -9.238378e-01
    outer loop
      vertex   7.873194e+00 -3.615470e+01 1.703709e-01
      vertex   1.000000e+01 -3.716942e+01 4.951557e-01
      vertex   7.715792e+00 -3.735029e+01 6.698730e-01
    endloop
  endfacet
  facet normal -2.263253e-02 -5.318958e-01 -8.465073e-01
    outer loop
      vertex   1.000000e+01 -3.716942e+01 4.951557e-01
      vertex   1.000000e+01 -3.811745e+01 1.090843e+00
      vertex   7.715792e+00 -3.735029e+01 6.698730e-01
    endloop
  endfacet
  facet normal -5.745343e-02 -6.062995e-01 -7.931582e-01
    outer loop
      vertex   7.715792e+00 -3.735029e+01 6.698730e-01
      vertex   1.000000e+01 -3.811745e+01 1.090843e+00
      vertex   7.580627e+00 -3.837696e+01 1.464466e+00
    endloop
  endfacet
  facet normal -3.333302e-02 -7.067138e-01 -7.067138e-01
    outer loop
      vertex   1.000000e+01 -3.811745e+01 1.090843e+00
      vertex   1.000000e+01 -3.890916e+01 1.882551e+00
      vertex   7.580627e+00 -3.837696e+01 1.464466e+00
    endloop
  endfacet
  facet normal -6.878866e-02 -7.906527e-01 -6.083884e-01
    outer loop
      vertex   7.580627e+00 -3.837696e+01 1.464466e+00
      vertex   1.000000e+01 -3.890916e+01 1.882551e+00
      vertex   7.476912e+00 -3.916476e+01 2.500000e+00
    endloop
  endfacet
  facet normal -4.437876e-02 -8.458900e-01 -5.315079e-01
    outer loop
      vertex   1.000000e+01 -3.890916e+01 1.882551e+00
      vertex   1.000000e+01 -3.950484e+01 2.830581e+00
      vertex   7.476912e+00 -3.916476e+01 2.500000e+00
    endloop
  endfacet
  facet normal -7.406793e-02 -9.210798e-01 -3.822643e-01
    outer loop
      vertex   7.476912e+00 -3.916476e+01 2.500000e+00
      vertex   1.000000e+01 -3.950484e+01 2.830581e+00
      vertex   7.411714e+00 -3.965998e+01 3.705905e+00
    endloop
  endfacet
  facet normal -5.503686e-02 -9.424527e-01 -3.297785e-01
    outer loop
      vertex   1.000000e+01 -3.950484e+01 2.830581e+00
      vertex   1.000000e+01 -3.987464e+01 3.887395e+00
      vertex   7.411714e+00 -3.965998e+01 3.705905e+00
    endloop
  endfacet
  facet normal -7.221910e-02 -9.877517e-01 -1.383147e-01
    outer loop
      vertex   7.411714e+00 -3.965998e+01 3.705905e+00
      vertex   1.000000e+01 -3.987464e+01 3.887395e+00
      vertex   7.589266e+00 -3.985418e+01 5.000000e+00
    endloop
  endfacet
  facet normal -1.789096e-01 -9.762778e-01 -1.219548e-01
    outer loop
      vertex   7.411714e+00 -3.965998e+01 3.705905e+00
      vertex   7.589266e+00 -3.985418e+01 5.000000e+00
      vertex   5.213687e+00 -3.941884e+01 5.000000e+00
    endloop
  endfacet
  facet normal -6.000022e-02 -9.919219e-01 -1.117628e-01
    outer loop
      vertex   1.000000e+01 -3.987464e+01 3.887395e+00
      vertex   1.000000e+01 -4.000000e+01 5.000000e+00
      vertex   7.589266e+00 -3.985418e+01 5.000000e+00
    endloop
  endfacet
  facet normal -3.176529e-01 -9.357753e-01 -1.530397e-01
    outer loop
      vertex   4.867714e+00 -3.915395e+01 3.705905e+00
      vertex   2.907902e+00 -3.870032e+01 5.000000e+00
      vertex   2.411529e+00 -3.832019e+01 3.705905e+00
    endloop
  endfacet
  facet normal -4.079323e-01 -9.063883e-01 -1.097792e-01
    outer loop
      vertex   2.411529e+00 -3.832019e+01 3.705905e+00
      vertex   2.907902e+00 -3.870032e+01 5.000000e+00
      vertex   7.055366e-01 -3.770912e+01 5.000000e+00
    endloop
  endfacet
  facet normal -4.367635e-01 -8.856687e-01 -1.575708e-01
    outer loop
      vertex   2.411529e+00 -3.832019e+01 3.705905e+00
      vertex   7.055366e-01 -3.770912e+01 5.000000e+00
      vertex   8.518543e-02 -3.717296e+01 3.705905e+00
    endloop
  endfacet
  facet normal -5.144252e-01 -8.509633e-01 -1.059632e-01
    outer loop
      vertex   8.518543e-02 -3.717296e+01 3.705905e+00
      vertex   7.055366e-01 -3.770912e+01 5.000000e+00
      vertex   -1.361295e+00 -3.645968e+01 5.000000e+00
    endloop
  endfacet
  facet normal -5.483599e-01 -8.206786e-01 -1.605863e-01
    outer loop
      vertex   8.518543e-02 -3.717296e+01 3.705905e+00
      vertex   -1.361295e+00 -3.645968e+01 5.000000e+00
      vertex   -2.071513e+00 -3.573190e+01 3.705905e+00
    endloop
  endfacet
  facet normal -6.133958e-01 -7.829418e-01 -1.036712e-01
    outer loop
      vertex   -2.071513e+00 -3.573190e+01 3.705905e+00
      vertex   -1.361295e+00 -3.645968e+01 5.000000e+00
      vertex   -3.262453e+00 -3.497021e+01 5.000000e+00
    endloop
  endfacet
  facet normal -6.506264e-01 -7.418972e-01 -1.620924e-01
    outer loop
      vertex   -2.071513e+00 -3.573190e+01 3.705905e+00
      vertex   -3.262453e+00 -3.497021e+01 5.000000e+00
      vertex   -4.021665e+00 -3.402167e+01 3.705905e+00
    endloop
  endfacet
  facet normal -7.033528e-01 -7.033528e-01 -1.029068e-01
    outer loop
      vertex   -4.021665e+00 -3.402167e+01 3.705905e+00
      vertex   -3.262453e+00 -3.497021e+01 5.000000e+00
      vertex   -4.970215e+00 -3.326245e+01 5.000000e+00
    endloop
  endfacet
  facet normal -7.418972e-01 -6.506264e-01 -1.620924e-01
    outer loop
      vertex   -4.021665e+00 -3.402167e+01 3.705905e+00
      vertex   -4.970215e+00 -3.326245e+01 5.000000e+00
      vertex   -5.731903e+00 -3.207151e+01 3.705905e+00
    endloop
  endfacet
  facet normal -7.829418e-01 -6.133958e-01 -1.036712e-01
    outer loop
      vertex   -5.731903e+00 -3.207151e+01 3.705905e+00
      vertex   -4.970215e+00 -3.326245e+01 5.000000e+00
      vertex   -6.459677e+00 -3.136129e+01 5.000000e+00
    endloop
  endfacet
  facet normal -8.206786e-01 -5.483599e-01 -1.605863e-01
    outer loop
      vertex   -5.731903e+00 -3.207151e+01 3.705905e+00
      vertex   -6.459677e+00 -3.136129e+01 5.000000e+00
      vertex   -7.172963e+00 -2.991481e+01 3.705905e+00
    endloop
  endfacet
  facet normal -8.509633e-01 -5.144252e-01 -1.059632e-01
    outer loop
      vertex   -7.172963e+00 -2.991481e+01 3.705905e+00
      vertex   -6.459677e+00 -3.136129e+01 5.000000e+00
      vertex   -7.709121e+00 -2.929446e+01 5.000000e+00
    endloop
  endfacet
  facet normal -8.856687e-01 -4.367635e-01 -1.575708e-01
    outer loop
      vertex   -7.172963e+00 -2.991481e+01 3.705905e+00
      vertex   -7.709121e+00 -2.929446e+01 5.000000e+00
      vertex   -8.320188e+00 -2.758847e+01 3.705905e+00
    endloop
  endfacet
  facet normal -9.063883e-01 -4.079323e-01 -1.097792e-01
    outer loop
      vertex   -8.320188e+00 -2.758847e+01 3.705905e+00
      vertex   -7.709121e+00 -2.929446e+01 5.000000e+00
      vertex   -8.700325e+00 -2.709210e+01 5.000000e+00
    endloop
  endfacet
  facet normal -9.357753e-01 -3.176529e-01 -1.530397e-01
    outer loop
      vertex   -8.320188e+00 -2.758847e+01 3.705905e+00
      vertex   -8.700325e+00 -2.709210e+01 5.000000e+00
      vertex   -9.153951e+00 -2.513229e+01 3.705905e+00
    endloop
  endfacet
  facet normal -9.483743e-01 -2.955254e-01 -1.151128e-01
    outer loop
      vertex   -9.153951e+00 -2.513229e+01 3.705905e+00
      vertex   -8.700325e+00 -2.709210e+01 5.000000e+00
      vertex   -9.418836e+00 -2.478631e+01 5.000000e+00
    endloop
  endfacet
  facet normal -9.701328e-01 -1.929714e-01 -1.469840e-01
    outer loop
      vertex   -9.153951e+00 -2.513229e+01 3.705905e+00
      vertex   -9.418836e+00 -2.478631e+01 5.000000e+00
      vertex   -9.659984e+00 -2.258829e+01 3.705905e+00
    endloop
  endfacet
  facet normal -9.762778e-01 -1.789096e-01 -1.219548e-01
    outer loop
      vertex   -9.659984e+00 -2.258829e+01 3.705905e+00
      vertex   -9.418836e+00 -2.478631e+01 5.000000e+00
      vertex   -9.854177e+00 -2.241073e+01 5.000000e+00
    endloop
  endfacet
  facet normal -9.877517e-01 -7.221910e-02 -1.383147e-01
    outer loop
      vertex   -9.659984e+00 -2.258829e+01 3.705905e+00
      vertex   -9.854177e+00 -2.241073e+01 5.000000e+00
      vertex   -9.874640e+00 -2.000000e+01 3.887395e+00
    endloop
  endfacet
  facet normal -9.919219e-01 -6.000022e-02 -1.117628e-01
    outer loop
      vertex   -9.874640e+00 -2.000000e+01 3.887395e+00
      vertex   -9.854177e+00 -2.241073e+01 5.000000e+00
      vertex   -1.000000e+01 -2.000000e+01 5.000000e+00
    endloop
  endfacet
  facet normal -9.424527e-01 -5.503686e-02 -3.297785e-01
    outer loop
      vertex   -9.874640e+00 -2.000000e+01 3.887395e+00
      vertex   -9.504844e+00 -2.000000e+01 2.830581e+00
      vertex   -9.659984e+00 -2.258829e+01 3.705905e+00
    endloop
  endfacet
  facet normal -9.210798e-01 -7.406793e-02 -3.822643e-01
    outer loop
      vertex   -9.659984e+00 -2.258829e+01 3.705905e+00
      vertex   -9.504844e+00 -2.000000e+01 2.830581e+00
      vertex   -9.164755e+00 -2.252309e+01 2.500000e+00
    endloop
  endfacet
  facet normal -9.064114e-01 -1.802964e-01 -3.819837e-01
    outer loop
      vertex   -9.659984e+00 -2.258829e+01 3.705905e+00
      vertex   -9.164755e+00 -2.252309e+01 2.500000e+00
      vertex   -9.153951e+00 -2.513229e+01 3.705905e+00
    endloop
  endfacet
  facet normal -9.064114e-01 -1.802964e-01 -3.819837e-01
    outer loop
      vertex   -9.153951e+00 -2.513229e+01 3.705905e+00
      vertex   -9.164755e+00 -2.252309e+01 2.500000e+00
      vertex   -8.671469e+00 -2.500301e+01 2.500000e+00
    endloop
  endfacet
  facet normal -8.751235e-01 -2.970644e-01 -3.819837e-01
    outer loop
      vertex   -9.153951e+00 -2.513229e+01 3.705905e+00
      vertex   -8.671469e+00 -2.500301e+01 2.500000e+00
      vertex   -8.320188e+00 -2.758847e+01 3.705905e+00
    endloop
  endfacet
  facet normal -8.751235e-01 -2.970644e-01 -3.819837e-01
    outer loop
      vertex   -8.320188e+00 -2.758847e+01 3.705905e+00
      vertex   -8.671469e+00 -2.500301e+01 2.500000e+00
      vertex   -7.858709e+00 -2.739732e+01 2.500000e+00
    endloop
  endfacet
  facet normal -8.288620e-01 -4.087495e-01 -3.819837e-01
    outer loop
      vertex   -8.320188e+00 -2.758847e+01 3.705905e+00
      vertex   -7.858709e+00 -2.739732e+01 2.500000e+00
      vertex   -7.172963e+00 -2.991481e+01 3.705905e+00
    endloop
  endfacet
  facet normal -8.288620e-01 -4.087495e-01 -3.819837e-01
    outer loop
      vertex   -7.172963e+00 -2.991481e+01 3.705905e+00
      vertex   -7.858709e+00 -2.739732e+01 2.500000e+00
      vertex   -6.740381e+00 -2.966506e+01 2.500000e+00
    endloop
  endfacet
  facet normal -7.684185e-01 -5.134408e-01 -3.819837e-01
    outer loop
      vertex   -7.172963e+00 -2.991481e+01 3.705905e+00
      vertex   -6.740381e+00 -2.966506e+01 2.500000e+00
      vertex   -5.731903e+00 -3.207151e+01 3.705905e+00
    endloop
  endfacet
  facet normal -7.684185e-01 -5.134408e-01 -3.819837e-01
    outer loop
      vertex   -5.731903e+00 -3.207151e+01 3.705905e+00
      vertex   -6.740381e+00 -2.966506e+01 2.500000e+00
      vertex   -5.335621e+00 -3.176744e+01 2.500000e+00
    endloop
  endfacet
  facet normal -6.948271e-01 -6.093470e-01 -3.819837e-01
    outer loop
      vertex   -5.731903e+00 -3.207151e+01 3.705905e+00
      vertex   -5.335621e+00 -3.176744e+01 2.500000e+00
      vertex   -4.021665e+00 -3.402167e+01 3.705905e+00
    endloop
  endfacet
  facet normal -6.948271e-01 -6.093470e-01 -3.819837e-01
    outer loop
      vertex   -4.021665e+00 -3.402167e+01 3.705905e+00
      vertex   -5.335621e+00 -3.176744e+01 2.500000e+00
      vertex   -3.668464e+00 -3.366846e+01 2.500000e+00
    endloop
  endfacet
  facet normal -6.093470e-01 -6.948271e-01 -3.819837e-01
    outer loop
      vertex   -4.021665e+00 -3.402167e+01 3.705905e+00
      vertex   -3.668464e+00 -3.366846e+01 2.500000e+00
      vertex   -2.071513e+00 -3.573190e+01 3.705905e+00
    endloop
  endfacet
  facet normal -6.093470e-01 -6.948271e-01 -3.819837e-01
    outer loop
      vertex   -2.071513e+00 -3.573190e+01 3.705905e+00
      vertex   -3.668464e+00 -3.366846e+01 2.500000e+00
      vertex   -1.767436e+00 -3.533562e+01 2.500000e+00
    endloop
  endfacet
  facet normal -5.134408e-01 -7.684185e-01 -3.819837e-01
    outer loop
      vertex   -2.071513e+00 -3.573190e+01 3.705905e+00
      vertex   -1.767436e+00 -3.533562e+01 2.500000e+00
      vertex   8.518543e-02 -3.717296e+01 3.705905e+00
    endloop
  endfacet
  facet normal -5.134408e-01 -7.684185e-01 -3.819837e-01
    outer loop
      vertex   8.518543e-02 -3.717296e+01 3.705905e+00
      vertex   -1.767436e+00 -3.533562e+01 2.500000e+00
      vertex   3.349365e-01 -3.674038e+01 2.500000e+00
    endloop
  endfacet
  facet normal -4.087495e-01 -8.288620e-01 -3.819837e-01
    outer loop
      vertex   8.518543e-02 -3.717296e+01 3.705905e+00
      vertex   3.349365e-01 -3.674038e+01 2.500000e+00
      vertex   2.411529e+00 -3.832019e+01 3.705905e+00
    endloop
  endfacet
  facet normal -4.087495e-01 -8.288620e-01 -3.819837e-01
    outer loop
      vertex   2.411529e+00 -3.832019e+01 3.705905e+00
      vertex   3.349365e-01 -3.674038e+01 2.500000e+00
      vertex   2.602681e+00 -3.785871e+01 2.500000e+00
    endloop
  endfacet
  facet normal -2.970644e-01 -8.751235e-01 -3.819837e-01
    outer loop
      vertex   2.411529e+00 -3.832019e+01 3.705905e+00
      vertex   2.602681e+00 -3.785871e+01 2.500000e+00
      vertex   4.867714e+00 -3.915395e+01 3.705905e+00
    endloop
  endfacet
  facet normal -2.970644e-01 -8.751235e-01 -3.819837e-01
    outer loop
      vertex   4.867714e+00 -3.915395e+01 3.705905e+00
      vertex   2.602681e+00 -3.785871e+01 2.500000e+00
      vertex   4.996995e+00 -3.867147e+01 2.500000e+00
    endloop
  endfacet
  facet normal -8.458900e-01 -4.437876e-02 -5.315079e-01
    outer loop
      vertex   -9.504844e+00 -2.000000e+01 2.830581e+00
      vertex   -8.909157e+00 -2.000000e+01 1.882551e+00
      vertex   -9.164755e+00 -2.252309e+01 2.500000e+00
    endloop
  endfacet
  facet normal -7.906527e-01 -6.878866e-02 -6.083884e-01
    outer loop
      vertex   -9.164755e+00 -2.252309e+01 2.500000e+00
      vertex   -8.909157e+00 -2.000000e+01 1.882551e+00
      vertex   -8.376960e+00 -2.241937e+01 1.464466e+00
    endloop
  endfacet
  facet normal -7.787268e-01 -1.548984e-01 -6.079401e-01
    outer loop
      vertex   -9.164755e+00 -2.252309e+01 2.500000e+00
      vertex   -8.376960e+00 -2.241937e+01 1.464466e+00
      vertex   -8.671469e+00 -2.500301e+01 2.500000e+00
    endloop
  endfacet
  facet normal -7.787268e-01 -1.548984e-01 -6.079401e-01
    outer loop
      vertex   -8.671469e+00 -2.500301e+01 2.500000e+00
      vertex   -8.376960e+00 -2.241937e+01 1.464466e+00
      vertex   -7.903951e+00 -2.479735e+01 1.464466e+00
    endloop
  endfacet
  facet normal -7.518463e-01 -2.552174e-01 -6.079401e-01
    outer loop
      vertex   -8.671469e+00 -2.500301e+01 2.500000e+00
      vertex   -7.903951e+00 -2.479735e+01 1.464466e+00
      vertex   -7.858709e+00 -2.739732e+01 2.500000e+00
    endloop
  endfacet
  facet normal -7.518463e-01 -2.552174e-01 -6.079401e-01
    outer loop
      vertex   -7.858709e+00 -2.739732e+01 2.500000e+00
      vertex   -7.903951e+00 -2.479735e+01 1.464466e+00
      vertex   -7.124600e+00 -2.709324e+01 1.464466e+00
    endloop
  endfacet
  facet normal -7.121016e-01 -3.511697e-01 -6.079401e-01
    outer loop
      vertex   -7.858709e+00 -2.739732e+01 2.500000e+00
      vertex   -7.124600e+00 -2.709324e+01 1.464466e+00
      vertex   -6.740381e+00 -2.966506e+01 2.500000e+00
    endloop
  endfacet
  facet normal -7.121016e-01 -3.511697e-01 -6.079401e-01
    outer loop
      vertex   -6.740381e+00 -2.966506e+01 2.500000e+00
      vertex   -7.124600e+00 -2.709324e+01 1.464466e+00
      vertex   -6.052243e+00 -2.926777e+01 1.464466e+00
    endloop
  endfacet
  facet normal -6.601727e-01 -4.411133e-01 -6.079401e-01
    outer loop
      vertex   -6.740381e+00 -2.966506e+01 2.500000e+00
      vertex   -6.052243e+00 -2.926777e+01 1.464466e+00
      vertex   -5.335621e+00 -3.176744e+01 2.500000e+00
    endloop
  endfacet
  facet normal -6.601727e-01 -4.411133e-01 -6.079401e-01
    outer loop
      vertex   -5.335621e+00 -3.176744e+01 2.500000e+00
      vertex   -6.052243e+00 -2.926777e+01 1.464466e+00
      vertex   -4.705228e+00 -3.128372e+01 1.464466e+00
    endloop
  endfacet
  facet normal -5.969480e-01 -5.235093e-01 -6.079401e-01
    outer loop
      vertex   -5.335621e+00 -3.176744e+01 2.500000e+00
      vertex   -4.705228e+00 -3.128372e+01 1.464466e+00
      vertex   -3.668464e+00 -3.366846e+01 2.500000e+00
    endloop
  endfacet
  facet normal -5.969480e-01 -5.235093e-01 -6.079401e-01
    outer loop
      vertex   -3.668464e+00 -3.366846e+01 2.500000e+00
      vertex   -4.705228e+00 -3.128372e+01 1.464466e+00
      vertex   -3.106602e+00 -3.310660e+01 1.464466e+00
    endloop
  endfacet
  facet normal -5.235093e-01 -5.969480e-01 -6.079401e-01
    outer loop
      vertex   -3.668464e+00 -3.366846e+01 2.500000e+00
      vertex   -3.106602e+00 -3.310660e+01 1.464466e+00
      vertex   -1.767436e+00 -3.533562e+01 2.500000e+00
    endloop
  endfacet
  facet normal -5.235093e-01 -5.969480e-01 -6.079401e-01
    outer loop
      vertex   -1.767436e+00 -3.533562e+01 2.500000e+00
      vertex   -3.106602e+00 -3.310660e+01 1.464466e+00
      vertex   -1.283718e+00 -3.470523e+01 1.464466e+00
    endloop
  endfacet
  facet normal -4.411133e-01 -6.601727e-01 -6.079401e-01
    outer loop
      vertex   -1.767436e+00 -3.533562e+01 2.500000e+00
      vertex   -1.283718e+00 -3.470523e+01 1.464466e+00
      vertex   3.349365e-01 -3.674038e+01 2.500000e+00
    endloop
  endfacet
  facet normal -4.411133e-01 -6.601727e-01 -6.079401e-01
    outer loop
      vertex   3.349365e-01 -3.674038e+01 2.500000e+00
      vertex   -1.283718e+00 -3.470523e+01 1.464466e+00
      vertex   7.322330e-01 -3.605224e+01 1.464466e+00
    endloop
  endfacet
  facet normal -3.511697e-01 -7.121016e-01 -6.079401e-01
    outer loop
      vertex   3.349365e-01 -3.674038e+01 2.500000e+00
      vertex   7.322330e-01 -3.605224e+01 1.464466e+00
      vertex   2.602681e+00 -3.785871e+01 2.500000e+00
    endloop
  endfacet
  facet normal -3.511697e-01 -7.121016e-01 -6.079401e-01
    outer loop
      vertex   2.602681e+00 -3.785871e+01 2.500000e+00
      vertex   7.322330e-01 -3.605224e+01 1.464466e+00
      vertex   2.906758e+00 -3.712460e+01 1.464466e+00
    endloop
  endfacet
  facet normal -2.552174e-01 -7.518463e-01 -6.079401e-01
    outer loop
      vertex   2.602681e+00 -3.785871e+01 2.500000e+00
      vertex   2.906758e+00 -3.712460e+01 1.464466e+00
      vertex   4.996995e+00 -3.867147e+01 2.500000e+00
    endloop
  endfacet
  facet normal -2.552174e-01 -7.518463e-01 -6.079401e-01
    outer loop
      vertex   4.996995e+00 -3.867147e+01 2.500000e+00
      vertex   2.906758e+00 -3.712460e+01 1.464466e+00
      vertex   5.202651e+00 -3.790395e+01 1.464466e+00
    endloop
  endfacet
  facet normal -7.067138e-01 -3.333302e-02 -7.067138e-01
    outer loop
      vertex   -8.909157e+00 -2.000000e+01 1.882551e+00
      vertex   -8.117449e+00 -2.000000e+01 1.090843e+00
      vertex   -8.376960e+00 -2.241937e+01 1.464466e+00
    endloop
  endfacet
  facet normal -6.062995e-01 -5.745343e-02 -7.931582e-01
    outer loop
      vertex   -8.376960e+00 -2.241937e+01 1.464466e+00
      vertex   -8.117449e+00 -2.000000e+01 1.090843e+00
      vertex   -7.350285e+00 -2.228421e+01 6.698730e-01
    endloop
  endfacet
  facet normal -5.978696e-01 -1.189237e-01 -7.927226e-01
    outer loop
      vertex   -8.376960e+00 -2.241937e+01 1.464466e+00
      vertex   -7.350285e+00 -2.228421e+01 6.698730e-01
      vertex   -7.903951e+00 -2.479735e+01 1.464466e+00
    endloop
  endfacet
  facet normal -5.978696e-01 -1.189237e-01 -7.927226e-01
    outer loop
      vertex   -7.903951e+00 -2.479735e+01 1.464466e+00
      vertex   -7.350285e+00 -2.228421e+01 6.698730e-01
      vertex   -6.903702e+00 -2.452933e+01 6.698730e-01
    endloop
  endfacet
  facet normal -5.772321e-01 -1.959439e-01 -7.927226e-01
    outer loop
      vertex   -7.903951e+00 -2.479735e+01 1.464466e+00
      vertex   -6.903702e+00 -2.452933e+01 6.698730e-01
      vertex   -7.124600e+00 -2.709324e+01 1.464466e+00
    endloop
  endfacet
  facet normal -5.772321e-01 -1.959439e-01 -7.927226e-01
    outer loop
      vertex   -7.124600e+00 -2.709324e+01 1.464466e+00
      vertex   -6.903702e+00 -2.452933e+01 6.698730e-01
      vertex   -6.167892e+00 -2.669696e+01 6.698730e-01
    endloop
  endfacet
  facet normal -5.467180e-01 -2.696115e-01 -7.927226e-01
    outer loop
      vertex   -7.124600e+00 -2.709324e+01 1.464466e+00
      vertex   -6.167892e+00 -2.669696e+01 6.698730e-01
      vertex   -6.052243e+00 -2.926777e+01 1.464466e+00
    endloop
  endfacet
  facet normal -5.467180e-01 -2.696115e-01 -7.927226e-01
    outer loop
      vertex   -6.052243e+00 -2.926777e+01 1.464466e+00
      vertex   -6.167892e+00 -2.669696e+01 6.698730e-01
      vertex   -5.155445e+00 -2.875000e+01 6.698730e-01
    endloop
  endfacet
  facet normal -5.068494e-01 -3.386659e-01 -7.927226e-01
    outer loop
      vertex   -6.052243e+00 -2.926777e+01 1.464466e+00
      vertex   -5.155445e+00 -2.875000e+01 6.698730e-01
      vertex   -4.705228e+00 -3.128372e+01 1.464466e+00
    endloop
  endfacet
  facet normal -5.068494e-01 -3.386659e-01 -7.927226e-01
    outer loop
      vertex   -4.705228e+00 -3.128372e+01 1.464466e+00
      vertex   -5.155445e+00 -2.875000e+01 6.698730e-01
      vertex   -3.883683e+00 -3.065333e+01 6.698730e-01
    endloop
  endfacet
  facet normal -4.583085e-01 -4.019257e-01 -7.927226e-01
    outer loop
      vertex   -4.705228e+00 -3.128372e+01 1.464466e+00
      vertex   -3.883683e+00 -3.065333e+01 6.698730e-01
      vertex   -3.106602e+00 -3.310660e+01 1.464466e+00
    endloop
  endfacet
  facet normal -4.583085e-01 -4.019257e-01 -7.927226e-01
    outer loop
      vertex   -3.106602e+00 -3.310660e+01 1.464466e+00
      vertex   -3.883683e+00 -3.065333e+01 6.698730e-01
      vertex   -2.374369e+00 -3.237437e+01 6.698730e-01
    endloop
  endfacet
  facet normal -4.019257e-01 -4.583085e-01 -7.927226e-01
    outer loop
      vertex   -3.106602e+00 -3.310660e+01 1.464466e+00
      vertex   -2.374369e+00 -3.237437e+01 6.698730e-01
      vertex   -1.283718e+00 -3.470523e+01 1.464466e+00
    endloop
  endfacet
  facet normal -4.019257e-01 -4.583085e-01 -7.927226e-01
    outer loop
      vertex   -1.283718e+00 -3.470523e+01 1.464466e+00
      vertex   -2.374369e+00 -3.237437e+01 6.698730e-01
      vertex   -6.533250e-01 -3.388368e+01 6.698730e-01
    endloop
  endfacet
  facet normal -3.386659e-01 -5.068494e-01 -7.927226e-01
    outer loop
      vertex   -1.283718e+00 -3.470523e+01 1.464466e+00
      vertex   -6.533250e-01 -3.388368e+01 6.698730e-01
      vertex   7.322330e-01 -3.605224e+01 1.464466e+00
    endloop
  endfacet
  facet normal -3.386659e-01 -5.068494e-01 -7.927226e-01
    outer loop
      vertex   7.322330e-01 -3.605224e+01 1.464466e+00
      vertex   -6.533250e-01 -3.388368e+01 6.698730e-01
      vertex   1.250000e+00 -3.515544e+01 6.698730e-01
    endloop
  endfacet
  facet normal -2.696115e-01 -5.467180e-01 -7.927226e-01
    outer loop
      vertex   7.322330e-01 -3.605224e+01 1.464466e+00
      vertex   1.250000e+00 -3.515544e+01 6.698730e-01
      vertex   2.906758e+00 -3.712460e+01 1.464466e+00
    endloop
  endfacet
  facet normal -2.696115e-01 -5.467180e-01 -7.927226e-01
    outer loop
      vertex   2.906758e+00 -3.712460e+01 1.464466e+00
      vertex   1.250000e+00 -3.515544e+01 6.698730e-01
      vertex   3.303040e+00 -3.616789e+01 6.698730e-01
    endloop
  endfacet
  facet normal -1.959439e-01 -5.772321e-01 -7.927226e-01
    outer loop
      vertex   2.906758e+00 -3.712460e+01 1.464466e+00
      vertex   3.303040e+00 -3.616789e+01 6.698730e-01
      vertex   5.202651e+00 -3.790395e+01 1.464466e+00
    endloop
  endfacet
  facet normal -1.959439e-01 -5.772321e-01 -7.927226e-01
    outer loop
      vertex   5.202651e+00 -3.790395e+01 1.464466e+00
      vertex   3.303040e+00 -3.616789e+01 6.698730e-01
      vertex   5.470667e+00 -3.690370e+01 6.698730e-01
    endloop
  endfacet
  facet normal -5.318958e-01 -2.263253e-02 -8.465073e-01
    outer loop
      vertex   -8.117449e+00 -2.000000e+01 1.090843e+00
      vertex   -7.169419e+00 -2.000000e+01 4.951557e-01
      vertex   -7.350285e+00 -2.228421e+01 6.698730e-01
    endloop
  endfacet
  facet normal -3.806330e-01 -4.052465e-02 -9.238378e-01
    outer loop
      vertex   -7.350285e+00 -2.228421e+01 6.698730e-01
      vertex   -7.169419e+00 -2.000000e+01 4.951557e-01
      vertex   -6.154697e+00 -2.212681e+01 1.703709e-01
    endloop
  endfacet
  facet normal -3.760174e-01 -7.479450e-02 -9.235891e-01
    outer loop
      vertex   -7.350285e+00 -2.228421e+01 6.698730e-01
      vertex   -6.154697e+00 -2.212681e+01 1.703709e-01
      vertex   -6.903702e+00 -2.452933e+01 6.698730e-01
    endloop
  endfacet
  facet normal -3.760174e-01 -7.479450e-02 -9.235891e-01
    outer loop
      vertex   -6.903702e+00 -2.452933e+01 6.698730e-01
      vertex   -6.154697e+00 -2.212681e+01 1.703709e-01
      vertex   -5.738887e+00 -2.421722e+01 1.703709e-01
    endloop
  endfacet
  facet normal -3.630378e-01 -1.232347e-01 -9.235891e-01
    outer loop
      vertex   -6.903702e+00 -2.452933e+01 6.698730e-01
      vertex   -5.738887e+00 -2.421722e+01 1.703709e-01
      vertex   -6.167892e+00 -2.669696e+01 6.698730e-01
    endloop
  endfacet
  facet normal -3.630378e-01 -1.232347e-01 -9.235891e-01
    outer loop
      vertex   -6.167892e+00 -2.669696e+01 6.698730e-01
      vertex   -5.738887e+00 -2.421722e+01 1.703709e-01
      vertex   -5.053781e+00 -2.623548e+01 1.703709e-01
    endloop
  endfacet
  facet normal -3.438466e-01 -1.695664e-01 -9.235891e-01
    outer loop
      vertex   -6.167892e+00 -2.669696e+01 6.698730e-01
      vertex   -5.053781e+00 -2.623548e+01 1.703709e-01
      vertex   -5.155445e+00 -2.875000e+01 6.698730e-01
    endloop
  endfacet
  facet normal -3.438466e-01 -1.695664e-01 -9.235891e-01
    outer loop
      vertex   -5.155445e+00 -2.875000e+01 6.698730e-01
      vertex   -5.053781e+00 -2.623548e+01 1.703709e-01
      vertex   -4.111100e+00 -2.814705e+01 1.703709e-01
    endloop
  endfacet
  facet normal -3.187721e-01 -2.129967e-01 -9.235891e-01
    outer loop
      vertex   -5.155445e+00 -2.875000e+01 6.698730e-01
      vertex   -4.111100e+00 -2.814705e+01 1.703709e-01
      vertex   -3.883683e+00 -3.065333e+01 6.698730e-01
    endloop
  endfacet
  facet normal -3.187721e-01 -2.129967e-01 -9.235891e-01
    outer loop
      vertex   -3.883683e+00 -3.065333e+01 6.698730e-01
      vertex   -4.111100e+00 -2.814705e+01 1.703709e-01
      vertex   -2.926975e+00 -2.991922e+01 1.703709e-01
    endloop
  endfacet
  facet normal -2.882433e-01 -2.527826e-01 -9.235891e-01
    outer loop
      vertex   -3.883683e+00 -3.065333e+01 6.698730e-01
      vertex   -2.926975e+00 -2.991922e+01 1.703709e-01
      vertex   -2.374369e+00 -3.237437e+01 6.698730e-01
    endloop
  endfacet
  facet normal -2.882433e-01 -2.527826e-01 -9.235891e-01
    outer loop
      vertex   -2.374369e+00 -3.237437e+01 6.698730e-01
      vertex   -2.926975e+00 -2.991922e+01 1.703709e-01
      vertex   -1.521665e+00 -3.152167e+01 1.703709e-01
    endloop
  endfacet
  facet normal -2.527826e-01 -2.882433e-01 -9.235891e-01
    outer loop
      vertex   -2.374369e+00 -3.237437e+01 6.698730e-01
      vertex   -1.521665e+00 -3.152167e+01 1.703709e-01
      vertex   -6.533250e-01 -3.388368e+01 6.698730e-01
    endloop
  endfacet
  facet normal -2.527826e-01 -2.882433e-01 -9.235891e-01
    outer loop
      vertex   -6.533250e-01 -3.388368e+01 6.698730e-01
      vertex   -1.521665e+00 -3.152167e+01 1.703709e-01
      vertex   8.078331e-02 -3.292697e+01 1.703709e-01
    endloop
  endfacet
  facet normal -2.129967e-01 -3.187721e-01 -9.235891e-01
    outer loop
      vertex   -6.533250e-01 -3.388368e+01 6.698730e-01
      vertex   8.078331e-02 -3.292697e+01 1.703709e-01
      vertex   1.250000e+00 -3.515544e+01 6.698730e-01
    endloop
  endfacet
  facet normal -2.129967e-01 -3.187721e-01 -9.235891e-01
    outer loop
      vertex   1.250000e+00 -3.515544e+01 6.698730e-01
      vertex   8.078331e-02 -3.292697e+01 1.703709e-01
      vertex   1.852952e+00 -3.411110e+01 1.703709e-01
    endloop
  endfacet
  facet normal -1.695664e-01 -3.438466e-01 -9.235891e-01
    outer loop
      vertex   1.250000e+00 -3.515544e+01 6.698730e-01
      vertex   1.852952e+00 -3.411110e+01 1.703709e-01
      vertex   3.303040e+00 -3.616789e+01 6.698730e-01
    endloop
  endfacet
  facet normal -1.695664e-01 -3.438466e-01 -9.235891e-01
    outer loop
      vertex   3.303040e+00 -3.616789e+01 6.698730e-01
      vertex   1.852952e+00 -3.411110e+01 1.703709e-01
      vertex   3.764520e+00 -3.505378e+01 1.703709e-01
    endloop
  endfacet
  facet normal -1.232347e-01 -3.630378e-01 -9.235891e-01
    outer loop
      vertex   3.303040e+00 -3.616789e+01 6.698730e-01
      vertex   3.764520e+00 -3.505378e+01 1.703709e-01
      vertex   5.470667e+00 -3.690370e+01 6.698730e-01
    endloop
  endfacet
  facet normal -1.232347e-01 -3.630378e-01 -9.235891e-01
    outer loop
      vertex   5.470667e+00 -3.690370e+01 6.698730e-01
      vertex   3.764520e+00 -3.505378e+01 1.703709e-01
      vertex   5.782778e+00 -3.573889e+01 1.703709e-01
    endloop
  endfacet
  facet normal -3.302492e-01 -1.343790e-02 -9.437981e-01
    outer loop
      vertex   -7.169419e+00 -2.000000e+01 4.951557e-01
      vertex   -6.112605e+00 -2.000000e+01 1.253604e-01
      vertex   -6.154697e+00 -2.212681e+01 1.703709e-01
    endloop
  endfacet
  facet normal -1.293103e-01 -1.842286e-02 -9.914330e-01
    outer loop
      vertex   -6.154697e+00 -2.212681e+01 1.703709e-01
      vertex   -6.112605e+00 -2.000000e+01 1.253604e-01
      vertex   -4.847322e+00 -2.213472e+01 0.000000e+00
    endloop
  endfacet
  facet normal -1.293330e-01 -2.572593e-02 -9.912674e-01
    outer loop
      vertex   -6.154697e+00 -2.212681e+01 1.703709e-01
      vertex   -4.847322e+00 -2.213472e+01 0.000000e+00
      vertex   -5.738887e+00 -2.421722e+01 1.703709e-01
    endloop
  endfacet
  facet normal -1.256568e-01 -2.733496e-02 -9.916971e-01
    outer loop
      vertex   -5.738887e+00 -2.421722e+01 1.703709e-01
      vertex   -4.847322e+00 -2.213472e+01 0.000000e+00
      vertex   -4.392395e+00 -2.422599e+01 0.000000e+00
    endloop
  endfacet
  facet normal -1.256876e-01 -4.266519e-02 -9.911520e-01
    outer loop
      vertex   -5.738887e+00 -2.421722e+01 1.703709e-01
      vertex   -4.392395e+00 -2.422599e+01 0.000000e+00
      vertex   -5.053781e+00 -2.623548e+01 1.703709e-01
    endloop
  endfacet
  facet normal -1.197638e-01 -4.466958e-02 -9.917970e-01
    outer loop
      vertex   -5.053781e+00 -2.623548e+01 1.703709e-01
      vertex   -4.392395e+00 -2.422599e+01 0.000000e+00
      vertex   -3.644480e+00 -2.623123e+01 0.000000e+00
    endloop
  endfacet
  facet normal -1.196319e-01 -5.899593e-02 -9.910639e-01
    outer loop
      vertex   -5.053781e+00 -2.623548e+01 1.703709e-01
      vertex   -3.644480e+00 -2.623123e+01 0.000000e+00
      vertex   -4.111100e+00 -2.814705e+01 1.703709e-01
    endloop
  endfacet
  facet normal -1.117082e-01 -6.099728e-02 -9.918672e-01
    outer loop
      vertex   -4.111100e+00 -2.814705e+01 1.703709e-01
      vertex   -3.644480e+00 -2.623123e+01 0.000000e+00
      vertex   -2.618803e+00 -2.810961e+01 0.000000e+00
    endloop
  endfacet
  facet normal -1.112747e-01 -7.435137e-02 -9.910044e-01
    outer loop
      vertex   -4.111100e+00 -2.814705e+01 1.703709e-01
      vertex   -2.618803e+00 -2.810961e+01 0.000000e+00
      vertex   -2.926975e+00 -2.991922e+01 1.703709e-01
    endloop
  endfacet
  facet normal -1.016297e-01 -7.607904e-02 -9.919090e-01
    outer loop
      vertex   -2.926975e+00 -2.991922e+01 1.703709e-01
      vertex   -2.618803e+00 -2.810961e+01 0.000000e+00
      vertex   -1.336244e+00 -2.982291e+01 0.000000e+00
    endloop
  endfacet
  facet normal -1.007846e-01 -8.838568e-02 -9.909745e-01
    outer loop
      vertex   -2.926975e+00 -2.991922e+01 1.703709e-01
      vertex   -1.336244e+00 -2.982291e+01 0.000000e+00
      vertex   -1.521665e+00 -3.152167e+01 1.703709e-01
    endloop
  endfacet
  facet normal -8.969160e-02 -8.969160e-02 -9.919228e-01
    outer loop
      vertex   -1.521665e+00 -3.152167e+01 1.703709e-01
      vertex   -1.336244e+00 -2.982291e+01 0.000000e+00
      vertex   1.770890e-01 -3.133624e+01 0.000000e+00
    endloop
  endfacet
  facet normal -8.838568e-02 -1.007846e-01 -9.909745e-01
    outer loop
      vertex   -1.521665e+00 -3.152167e+01 1.703709e-01
      vertex   1.770890e-01 -3.133624e+01 0.000000e+00
      vertex   8.078331e-02 -3.292697e+01 1.703709e-01
    endloop
  endfacet
  facet normal -7.607904e-02 -1.016297e-01 -9.919090e-01
    outer loop
      vertex   8.078331e-02 -3.292697e+01 1.703709e-01
      vertex   1.770890e-01 -3.133624e+01 0.000000e+00
      vertex   1.890388e+00 -3.261880e+01 0.000000e+00
    endloop
  endfacet
  facet normal -7.435137e-02 -1.112747e-01 -9.910044e-01
    outer loop
      vertex   8.078331e-02 -3.292697e+01 1.703709e-01
      vertex   1.890388e+00 -3.261880e+01 0.000000e+00
      vertex   1.852952e+00 -3.411110e+01 1.703709e-01
    endloop
  endfacet
  facet normal -6.099728e-02 -1.117082e-01 -9.918672e-01
    outer loop
      vertex   1.852952e+00 -3.411110e+01 1.703709e-01
      vertex   1.890388e+00 -3.261880e+01 0.000000e+00
      vertex   3.768775e+00 -3.364448e+01 0.000000e+00
    endloop
  endfacet
  facet normal -5.899593e-02 -1.196319e-01 -9.910639e-01
    outer loop
      vertex   1.852952e+00 -3.411110e+01 1.703709e-01
      vertex   3.768775e+00 -3.364448e+01 0.000000e+00
      vertex   3.764520e+00 -3.505378e+01 1.703709e-01
    endloop
  endfacet
  facet normal -4.466958e-02 -1.197638e-01 -9.917970e-01
    outer loop
      vertex   3.764520e+00 -3.505378e+01 1.703709e-01
      vertex   3.768775e+00 -3.364448e+01 0.000000e+00
      vertex   5.774012e+00 -3.439239e+01 0.000000e+00
    endloop
  endfacet
  facet normal -4.266519e-02 -1.256876e-01 -9.911520e-01
    outer loop
      vertex   3.764520e+00 -3.505378e+01 1.703709e-01
      vertex   5.774012e+00 -3.439239e+01 0.000000e+00
      vertex   5.782778e+00 -3.573889e+01 1.703709e-01
    endloop
  endfacet
  facet normal -2.733496e-02 -1.256568e-01 -9.916971e-01
    outer loop
      vertex   5.782778e+00 -3.573889e+01 1.703709e-01
      vertex   5.774012e+00 -3.439239e+01 0.000000e+00
      vertex   7.865277e+00 -3.484732e+01 0.000000e+00
    endloop
  endfacet
  facet normal -1.119609e-01 -8.007601e-03 -9.936804e-01
    outer loop
      vertex   -6.112605e+00 -2.000000e+01 1.253604e-01
      vertex   -5.000000e+00 -2.000000e+01 0.000000e+00
      vertex   -4.847322e+00 -2.213472e+01 0.000000e+00
    endloop
  endfacet
  facet normal -9.937117e-01 -9.703764e-04 -1.119644e-01
    outer loop
      vertex   -9.874640e+00 1.057600e+02 3.887395e+00
      vertex   -9.829629e+00 8.060800e+01 3.705905e+00
      vertex   -1.000000e+01 1.057600e+02 5.000000e+00
    endloop
  endfacet
  facet normal -9.914449e-01 0.000000e+00 -1.305262e-01
    outer loop
      vertex   -1.000000e+01 1.057600e+02 5.000000e+00
      vertex   -9.829629e+00 8.060800e+01 3.705905e+00
      vertex   -9.829629e+00 5.545600e+01 3.705905e+00
    endloop
  endfacet
  facet normal -9.914449e-01 0.000000e+00 -1.305262e-01
    outer loop
      vertex   -1.000000e+01 1.057600e+02 5.000000e+00
      vertex   -9.829629e+00 5.545600e+01 3.705905e+00
      vertex   -9.829629e+00 3.030400e+01 3.705905e+00
    endloop
  endfacet
  facet normal -9.238795e-01 0.000000e+00 -3.826834e-01
    outer loop
      vertex   -9.829629e+00 3.030400e+01 3.705905e+00
      vertex   -9.829629e+00 5.545600e+01 3.705905e+00
      vertex   -9.330127e+00 3.030400e+01 2.500000e+00
    endloop
  endfacet
  facet normal -9.238795e-01 6.763477e-17 -3.826834e-01
    outer loop
      vertex   -9.829629e+00 3.030400e+01 3.705905e+00
      vertex   -9.330127e+00 3.030400e+01 2.500000e+00
      vertex   -9.330127e+00 5.152000e+00 2.500000e+00
    endloop
  endfacet
  facet normal -7.933533e-01 5.603048e-17 -6.087614e-01
    outer loop
      vertex   -9.330127e+00 5.152000e+00 2.500000e+00
      vertex   -9.330127e+00 3.030400e+01 2.500000e+00
      vertex   -8.535534e+00 5.152000e+00 1.464466e+00
    endloop
  endfacet
  facet normal -7.933522e-01 1.665929e-03 -6.087606e-01
    outer loop
      vertex   -9.330127e+00 5.152000e+00 2.500000e+00
      vertex   -8.535534e+00 5.152000e+00 1.464466e+00
      vertex   -8.909157e+00 -2.000000e+01 1.882551e+00
    endloop
  endfacet
  facet normal -7.071062e-01 -1.249957e-03 -7.071062e-01
    outer loop
      vertex   -8.909157e+00 -2.000000e+01 1.882551e+00
      vertex   -8.535534e+00 5.152000e+00 1.464466e+00
      vertex   -8.117449e+00 -2.000000e+01 1.090843e+00
    endloop
  endfacet
  facet normal -6.087606e-01 1.665929e-03 -7.933522e-01
    outer loop
      vertex   -8.117449e+00 -2.000000e+01 1.090843e+00
      vertex   -8.535534e+00 5.152000e+00 1.464466e+00
      vertex   -7.500000e+00 5.152000e+00 6.698730e-01
    endloop
  endfacet
  facet normal -5.320317e-01 -1.110944e-03 -8.467237e-01
    outer loop
      vertex   -8.117449e+00 -2.000000e+01 1.090843e+00
      vertex   -7.500000e+00 5.152000e+00 6.698730e-01
      vertex   -7.169419e+00 -2.000000e+01 4.951557e-01
    endloop
  endfacet
  facet normal -3.826831e-01 1.387951e-03 -9.238786e-01
    outer loop
      vertex   -7.169419e+00 -2.000000e+01 4.951557e-01
      vertex   -7.500000e+00 5.152000e+00 6.698730e-01
      vertex   -6.294095e+00 5.152000e+00 1.703709e-01
    endloop
  endfacet
  facet normal -3.302790e-01 -6.940972e-04 -9.438831e-01
    outer loop
      vertex   -7.169419e+00 -2.000000e+01 4.951557e-01
      vertex   -6.294095e+00 5.152000e+00 1.703709e-01
      vertex   -6.112605e+00 -2.000000e+01 1.253604e-01
    endloop
  endfacet
  facet normal -1.119644e-01 9.703764e-04 -9.937117e-01
    outer loop
      vertex   -6.112605e+00 -2.000000e+01 1.253604e-01
      vertex   -6.294095e+00 5.152000e+00 1.703709e-01
      vertex   -5.000000e+00 -2.000000e+01 0.000000e+00
    endloop
  endfacet
  facet normal -1.305262e-01 5.072608e-18 -9.914449e-01
    outer loop
      vertex   -5.000000e+00 -2.000000e+01 0.000000e+00
      vertex   -6.294095e+00 5.152000e+00 1.703709e-01
      vertex   -6.294095e+00 3.030400e+01 1.703709e-01
    endloop
  endfacet
  facet normal -1.305262e-01 0.000000e+00 -9.914449e-01
    outer loop
      vertex   -5.000000e+00 -2.000000e+01 0.000000e+00
      vertex   -6.294095e+00 3.030400e+01 1.703709e-01
      vertex   -6.294095e+00 5.545600e+01 1.703709e-01
    endloop
  endfacet
  facet normal -3.826834e-01 -0.000000e+00 -9.238795e-01
    outer loop
      vertex   -6.294095e+00 5.545600e+01 1.703709e-01
      vertex   -6.294095e+00 3.030400e+01 1.703709e-01
      vertex   -7.500000e+00 5.545600e+01 6.698730e-01
    endloop
  endfacet
  facet normal -3.826834e-01 0.000000e+00 -9.238795e-01
    outer loop
      vertex   -6.294095e+00 5.545600e+01 1.703709e-01
      vertex   -7.500000e+00 5.545600e+01 6.698730e-01
      vertex   -7.500000e+00 8.060800e+01 6.698730e-01
    endloop
  endfacet
  facet normal -6.087614e-01 -0.000000e+00 -7.933533e-01
    outer loop
      vertex   -7.500000e+00 8.060800e+01 6.698730e-01
      vertex   -7.500000e+00 5.545600e+01 6.698730e-01
      vertex   -8.535534e+00 8.060800e+01 1.464466e+00
    endloop
  endfacet
  facet normal -6.087606e-01 -1.665929e-03 -7.933522e-01
    outer loop
      vertex   -7.500000e+00 8.060800e+01 6.698730e-01
      vertex   -8.535534e+00 8.060800e+01 1.464466e+00
      vertex   -8.117449e+00 1.057600e+02 1.090843e+00
    endloop
  endfacet
  facet normal -7.071062e-01 1.249957e-03 -7.071062e-01
    outer loop
      vertex   -8.117449e+00 1.057600e+02 1.090843e+00
      vertex   -8.535534e+00 8.060800e+01 1.464466e+00
      vertex   -8.909157e+00 1.057600e+02 1.882551e+00
    endloop
  endfacet
  facet normal -7.933522e-01 -1.665929e-03 -6.087606e-01
    outer loop
      vertex   -8.909157e+00 1.057600e+02 1.882551e+00
      vertex   -8.535534e+00 8.060800e+01 1.464466e+00
      vertex   -9.330127e+00 8.060800e+01 2.500000e+00
    endloop
  endfacet
  facet normal -8.467237e-01 1.110944e-03 -5.320317e-01
    outer loop
      vertex   -8.909157e+00 1.057600e+02 1.882551e+00
      vertex   -9.330127e+00 8.060800e+01 2.500000e+00
      vertex   -9.504844e+00 1.057600e+02 2.830581e+00
    endloop
  endfacet
  facet normal -9.238786e-01 -1.387951e-03 -3.826831e-01
    outer loop
      vertex   -9.504844e+00 1.057600e+02 2.830581e+00
      vertex   -9.330127e+00 8.060800e+01 2.500000e+00
      vertex   -9.829629e+00 8.060800e+01 3.705905e+00
    endloop
  endfacet
  facet normal -9.438831e-01 6.940972e-04 -3.302790e-01
    outer loop
      vertex   -9.504844e+00 1.057600e+02 2.830581e+00
      vertex   -9.829629e+00 8.060800e+01 3.705905e+00
      vertex   -9.874640e+00 1.057600e+02 3.887395e+00
    endloop
  endfacet
  facet normal -5.320317e-01 1.110944e-03 -8.467237e-01
    outer loop
      vertex   -8.117449e+00 1.057600e+02 1.090843e+00
      vertex   -7.169419e+00 1.057600e+02 4.951557e-01
      vertex   -7.500000e+00 8.060800e+01 6.698730e-01
    endloop
  endfacet
  facet normal -3.826831e-01 -1.387951e-03 -9.238786e-01
    outer loop
      vertex   -7.500000e+00 8.060800e+01 6.698730e-01
      vertex   -7.169419e+00 1.057600e+02 4.951557e-01
      vertex   -6.294095e+00 8.060800e+01 1.703709e-01
    endloop
  endfacet
  facet normal -3.826834e-01 0.000000e+00 -9.238795e-01
    outer loop
      vertex   -7.500000e+00 8.060800e+01 6.698730e-01
      vertex   -6.294095e+00 8.060800e+01 1.703709e-01
      vertex   -6.294095e+00 5.545600e+01 1.703709e-01
    endloop
  endfacet
  facet normal -1.305262e-01 0.000000e+00 -9.914449e-01
    outer loop
      vertex   -6.294095e+00 5.545600e+01 1.703709e-01
      vertex   -6.294095e+00 8.060800e+01 1.703709e-01
      vertex   -5.000000e+00 -2.000000e+01 0.000000e+00
    endloop
  endfacet
  facet normal -3.302790e-01 6.940972e-04 -9.438831e-01
    outer loop
      vertex   -7.169419e+00 1.057600e+02 4.951557e-01
      vertex   -6.112605e+00 1.057600e+02 1.253604e-01
      vertex   -6.294095e+00 8.060800e+01 1.703709e-01
    endloop
  endfacet
  facet normal -1.709142e-01 -5.299308e-04 -9.852858e-01
    outer loop
      vertex   -6.294095e+00 8.060800e+01 1.703709e-01
      vertex   -6.112605e+00 1.057600e+02 1.253604e-01
      vertex   -5.000000e+00 -2.000000e+01 0.000000e+00
    endloop
  endfacet
  facet normal -1.119645e-01 7.884741e-19 -9.937122e-01
    outer loop
      vertex   -6.112605e+00 1.057600e+02 1.253604e-01
      vertex   -5.000000e+00 1.057600e+02 0.000000e+00
      vertex   -5.000000e+00 -2.000000e+01 0.000000e+00
    endloop
  endfacet
  facet normal -8.467237e-01 -1.110944e-03 -5.320317e-01
    outer loop
      vertex   -8.909157e+00 -2.000000e+01 1.882551e+00
      vertex   -9.504844e+00 -2.000000e+01 2.830581e+00
      vertex   -9.330127e+00 5.152000e+00 2.500000e+00
    endloop
  endfacet
  facet normal -9.238786e-01 1.387951e-03 -3.826831e-01
    outer loop
      vertex   -9.330127e+00 5.152000e+00 2.500000e+00
      vertex   -9.504844e+00 -2.000000e+01 2.830581e+00
      vertex   -9.829629e+00 5.152000e+00 3.705905e+00
    endloop
  endfacet
  facet normal -9.238795e-01 6.763477e-17 -3.826834e-01
    outer loop
      vertex   -9.330127e+00 5.152000e+00 2.500000e+00
      vertex   -9.829629e+00 5.152000e+00 3.705905e+00
      vertex   -9.829629e+00 3.030400e+01 3.705905e+00
    endloop
  endfacet
  facet normal -9.914449e-01 7.002067e-17 -1.305262e-01
    outer loop
      vertex   -9.829629e+00 3.030400e+01 3.705905e+00
      vertex   -9.829629e+00 5.152000e+00 3.705905e+00
      vertex   -1.000000e+01 1.057600e+02 5.000000e+00
    endloop
  endfacet
  facet normal -9.438831e-01 -6.940972e-04 -3.302790e-01
    outer loop
      vertex   -9.504844e+00 -2.000000e+01 2.830581e+00
      vertex   -9.874640e+00 -2.000000e+01 3.887395e+00
      vertex   -9.829629e+00 5.152000e+00 3.705905e+00
    endloop
  endfacet
  facet normal -9.852858e-01 5.299308e-04 -1.709142e-01
    outer loop
      vertex   -9.829629e+00 5.152000e+00 3.705905e+00
      vertex   -9.874640e+00 -2.000000e+01 3.887395e+00
      vertex   -1.000000e+01 1.057600e+02 5.000000e+00
    endloop
  endfacet
  facet normal -9.937122e-01 0.000000e+00 -1.119645e-01
    outer loop
      vertex   -9.874640e+00 -2.000000e+01 3.887395e+00
      vertex   -1.000000e+01 -2.000000e+01 5.000000e+00
      vertex   -1.000000e+01 1.057600e+02 5.000000e+00
    endloop
  endfacet
  facet normal -9.238795e-01 0.000000e+00 -3.826834e-01
    outer loop
      vertex   -9.829629e+00 5.545600e+01 3.705905e+00
      vertex   -9.829629e+00 8.060800e+01 3.705905e+00
      vertex   -9.330127e+00 5.545600e+01 2.500000e+00
    endloop
  endfacet
  facet normal -9.238795e-01 0.000000e+00 -3.826834e-01
    outer loop
      vertex   -9.330127e+00 5.545600e+01 2.500000e+00
      vertex   -9.829629e+00 8.060800e+01 3.705905e+00
      vertex   -9.330127e+00 8.060800e+01 2.500000e+00
    endloop
  endfacet
  facet normal -7.933533e-01 0.000000e+00 -6.087614e-01
    outer loop
      vertex   -9.330127e+00 5.545600e+01 2.500000e+00
      vertex   -9.330127e+00 8.060800e+01 2.500000e+00
      vertex   -8.535534e+00 5.545600e+01 1.464466e+00
    endloop
  endfacet
  facet normal -7.933533e-01 0.000000e+00 -6.087614e-01
    outer loop
      vertex   -8.535534e+00 5.545600e+01 1.464466e+00
      vertex   -9.330127e+00 8.060800e+01 2.500000e+00
      vertex   -8.535534e+00 8.060800e+01 1.464466e+00
    endloop
  endfacet
  facet normal -6.087614e-01 0.000000e+00 -7.933533e-01
    outer loop
      vertex   -8.535534e+00 5.545600e+01 1.464466e+00
      vertex   -8.535534e+00 8.060800e+01 1.464466e+00
      vertex   -7.500000e+00 5.545600e+01 6.698730e-01
    endloop
  endfacet
  facet normal -9.238795e-01 0.000000e+00 -3.826834e-01
    outer loop
      vertex   -9.829629e+00 5.545600e+01 3.705905e+00
      vertex   -9.330127e+00 5.545600e+01 2.500000e+00
      vertex   -9.330127e+00 3.030400e+01 2.500000e+00
    endloop
  endfacet
  facet normal -7.933533e-01 0.000000e+00 -6.087614e-01
    outer loop
      vertex   -9.330127e+00 3.030400e+01 2.500000e+00
      vertex   -9.330127e+00 5.545600e+01 2.500000e+00
      vertex   -8.535534e+00 3.030400e+01 1.464466e+00
    endloop
  endfacet
  facet normal -7.933533e-01 0.000000e+00 -6.087614e-01
    outer loop
      vertex   -9.330127e+00 3.030400e+01 2.500000e+00
      vertex   -8.535534e+00 3.030400e+01 1.464466e+00
      vertex   -8.535534e+00 5.152000e+00 1.464466e+00
    endloop
  endfacet
  facet normal -6.087614e-01 0.000000e+00 -7.933533e-01
    outer loop
      vertex   -8.535534e+00 5.152000e+00 1.464466e+00
      vertex   -8.535534e+00 3.030400e+01 1.464466e+00
      vertex   -7.500000e+00 5.152000e+00 6.698730e-01
    endloop
  endfacet
  facet normal -7.933533e-01 0.000000e+00 -6.087614e-01
    outer loop
      vertex   -8.535534e+00 3.030400e+01 1.464466e+00
      vertex   -9.330127e+00 5.545600e+01 2.500000e+00
      vertex   -8.535534e+00 5.545600e+01 1.464466e+00
    endloop
  endfacet
  facet normal -6.087614e-01 0.000000e+00 -7.933533e-01
    outer loop
      vertex   -8.535534e+00 3.030400e+01 1.464466e+00
      vertex   -8.535534e+00 5.545600e+01 1.464466e+00
      vertex   -7.500000e+00 3.030400e+01 6.698730e-01
    endloop
  endfacet
  facet normal -6.087614e-01 0.000000e+00 -7.933533e-01
    outer loop
      vertex   -7.500000e+00 3.030400e+01 6.698730e-01
      vertex   -8.535534e+00 5.545600e+01 1.464466e+00
      vertex   -7.500000e+00 5.545600e+01 6.698730e-01
    endloop
  endfacet
  facet normal -3.826834e-01 0.000000e+00 -9.238795e-01
    outer loop
      vertex   -7.500000e+00 3.030400e+01 6.698730e-01
      vertex   -7.500000e+00 5.545600e+01 6.698730e-01
      vertex   -6.294095e+00 3.030400e+01 1.703709e-01
    endloop
  endfacet
  facet normal -3.826834e-01 1.352695e-17 -9.238795e-01
    outer loop
      vertex   -6.294095e+00 5.152000e+00 1.703709e-01
      vertex   -7.500000e+00 5.152000e+00 6.698730e-01
      vertex   -7.500000e+00 3.030400e+01 6.698730e-01
    endloop
  endfacet
  facet normal -6.087614e-01 2.149685e-17 -7.933533e-01
    outer loop
      vertex   -7.500000e+00 3.030400e+01 6.698730e-01
      vertex   -7.500000e+00 5.152000e+00 6.698730e-01
      vertex   -8.535534e+00 3.030400e+01 1.464466e+00
    endloop
  endfacet
  facet normal -3.826834e-01 1.351348e-17 -9.238795e-01
    outer loop
      vertex   -6.294095e+00 5.152000e+00 1.703709e-01
      vertex   -7.500000e+00 3.030400e+01 6.698730e-01
      vertex   -6.294095e+00 3.030400e+01 1.703709e-01
    endloop
  endfacet
  facet normal -6.037850e-02 -9.981756e-01 0.000000e+00
    outer loop
      vertex   1.000000e+01 -4.000000e+01 5.000000e+00
      vertex   1.000000e+01 -4.000000e+01 9.100000e+00
      vertex   7.589266e+00 -3.985418e+01 5.000000e+00
    endloop
  endfacet
  facet normal -6.037850e-02 -9.981756e-01 -2.615945e-17
    outer loop
      vertex   7.589266e+00 -3.985418e+01 5.000000e+00
      vertex   1.000000e+01 -4.000000e+01 9.100000e+00
      vertex   7.589266e+00 -3.985418e+01 9.100000e+00
    endloop
  endfacet
  facet normal -1.802550e-01 -9.836199e-01 -7.809689e-17
    outer loop
      vertex   7.589266e+00 -3.985418e+01 5.000000e+00
      vertex   7.589266e+00 -3.985418e+01 9.100000e+00
      vertex   5.213687e+00 -3.941884e+01 9.100000e+00
    endloop
  endfacet
  facet normal -1.802550e-01 -9.836199e-01 0.000000e+00
    outer loop
      vertex   7.589266e+00 -3.985418e+01 5.000000e+00
      vertex   5.213687e+00 -3.941884e+01 9.100000e+00
      vertex   5.213687e+00 -3.941884e+01 5.000000e+00
    endloop
  endfacet
  facet normal -2.975031e-01 -9.547209e-01 0.000000e+00
    outer loop
      vertex   5.213687e+00 -3.941884e+01 5.000000e+00
      vertex   5.213687e+00 -3.941884e+01 9.100000e+00
      vertex   2.907902e+00 -3.870032e+01 9.100000e+00
    endloop
  endfacet
  facet normal -2.975031e-01 -9.547209e-01 -1.614532e-15
    outer loop
      vertex   5.213687e+00 -3.941884e+01 5.000000e+00
      vertex   2.907902e+00 -3.870032e+01 9.100000e+00
      vertex   2.907902e+00 -3.870032e+01 5.000000e+00
    endloop
  endfacet
  facet normal -4.104128e-01 -9.118998e-01 -1.535897e-15
    outer loop
      vertex   2.907902e+00 -3.870032e+01 5.000000e+00
      vertex   2.907902e+00 -3.870032e+01 9.100000e+00
      vertex   7.055366e-01 -3.770912e+01 9.100000e+00
    endloop
  endfacet
  facet normal -4.104128e-01 -9.118998e-01 -8.969620e-17
    outer loop
      vertex   2.907902e+00 -3.870032e+01 5.000000e+00
      vertex   7.055366e-01 -3.770912e+01 9.100000e+00
      vertex   7.055366e-01 -3.770912e+01 5.000000e+00
    endloop
  endfacet
  facet normal -5.173378e-01 -8.557813e-01 -1.400879e-16
    outer loop
      vertex   7.055366e-01 -3.770912e+01 5.000000e+00
      vertex   7.055366e-01 -3.770912e+01 9.100000e+00
      vertex   -1.361295e+00 -3.645968e+01 9.100000e+00
    endloop
  endfacet
  facet normal -5.173378e-01 -8.557813e-01 1.345443e-16
    outer loop
      vertex   7.055366e-01 -3.770912e+01 5.000000e+00
      vertex   -1.361295e+00 -3.645968e+01 9.100000e+00
      vertex   -1.361295e+00 -3.645968e+01 5.000000e+00
    endloop
  endfacet
  facet normal -6.167189e-01 -7.871835e-01 1.335991e-16
    outer loop
      vertex   -1.361295e+00 -3.645968e+01 5.000000e+00
      vertex   -1.361295e+00 -3.645968e+01 9.100000e+00
      vertex   -3.262453e+00 -3.497021e+01 9.100000e+00
    endloop
  endfacet
  facet normal -6.167189e-01 -7.871835e-01 1.479987e-15
    outer loop
      vertex   -1.361295e+00 -3.645968e+01 5.000000e+00
      vertex   -3.262453e+00 -3.497021e+01 9.100000e+00
      vertex   -3.262453e+00 -3.497021e+01 5.000000e+00
    endloop
  endfacet
  facet normal -7.071068e-01 -7.071068e-01 1.378618e-15
    outer loop
      vertex   -3.262453e+00 -3.497021e+01 5.000000e+00
      vertex   -3.262453e+00 -3.497021e+01 9.100000e+00
      vertex   -4.970215e+00 -3.326245e+01 9.100000e+00
    endloop
  endfacet
  facet normal -7.071068e-01 -7.071068e-01 4.484810e-16
    outer loop
      vertex   -3.262453e+00 -3.497021e+01 5.000000e+00
      vertex   -4.970215e+00 -3.326245e+01 9.100000e+00
      vertex   -4.970215e+00 -3.326245e+01 5.000000e+00
    endloop
  endfacet
  facet normal -7.871835e-01 -6.167189e-01 2.161596e-16
    outer loop
      vertex   -4.970215e+00 -3.326245e+01 5.000000e+00
      vertex   -4.970215e+00 -3.326245e+01 9.100000e+00
      vertex   -6.459677e+00 -3.136129e+01 9.100000e+00
    endloop
  endfacet
  facet normal -7.871835e-01 -6.167189e-01 -3.587848e-16
    outer loop
      vertex   -4.970215e+00 -3.326245e+01 5.000000e+00
      vertex   -6.459677e+00 -3.136129e+01 9.100000e+00
      vertex   -6.459677e+00 -3.136129e+01 5.000000e+00
    endloop
  endfacet
  facet normal -8.557813e-01 -5.173378e-01 -3.707739e-16
    outer loop
      vertex   -6.459677e+00 -3.136129e+01 5.000000e+00
      vertex   -6.459677e+00 -3.136129e+01 9.100000e+00
      vertex   -7.709121e+00 -2.929446e+01 9.100000e+00
    endloop
  endfacet
  facet normal -8.557813e-01 -5.173378e-01 1.076354e-15
    outer loop
      vertex   -6.459677e+00 -3.136129e+01 5.000000e+00
      vertex   -7.709121e+00 -2.929446e+01 9.100000e+00
      vertex   -7.709121e+00 -2.929446e+01 5.000000e+00
    endloop
  endfacet
  facet normal -9.118998e-01 -4.104128e-01 9.088020e-16
    outer loop
      vertex   -7.709121e+00 -2.929446e+01 5.000000e+00
      vertex   -7.709121e+00 -2.929446e+01 9.100000e+00
      vertex   -8.700325e+00 -2.709210e+01 9.100000e+00
    endloop
  endfacet
  facet normal -9.118998e-01 -4.104128e-01 0.000000e+00
    outer loop
      vertex   -7.709121e+00 -2.929446e+01 5.000000e+00
      vertex   -8.700325e+00 -2.709210e+01 9.100000e+00
      vertex   -8.700325e+00 -2.709210e+01 5.000000e+00
    endloop
  endfacet
  facet normal -9.547209e-01 -2.975031e-01 0.000000e+00
    outer loop
      vertex   -8.700325e+00 -2.709210e+01 5.000000e+00
      vertex   -8.700325e+00 -2.709210e+01 9.100000e+00
      vertex   -9.418836e+00 -2.478631e+01 9.100000e+00
    endloop
  endfacet
  facet normal -9.547209e-01 -2.975031e-01 -1.569684e-16
    outer loop
      vertex   -8.700325e+00 -2.709210e+01 5.000000e+00
      vertex   -9.418836e+00 -2.478631e+01 9.100000e+00
      vertex   -9.418836e+00 -2.478631e+01 5.000000e+00
    endloop
  endfacet
  facet normal -9.836199e-01 -1.802550e-01 -2.699672e-16
    outer loop
      vertex   -9.418836e+00 -2.478631e+01 5.000000e+00
      vertex   -9.418836e+00 -2.478631e+01 9.100000e+00
      vertex   -9.854177e+00 -2.241073e+01 9.100000e+00
    endloop
  endfacet
  facet normal -9.836199e-01 -1.802550e-01 4.709051e-16
    outer loop
      vertex   -9.418836e+00 -2.478631e+01 5.000000e+00
      vertex   -9.854177e+00 -2.241073e+01 9.100000e+00
      vertex   -9.854177e+00 -2.241073e+01 5.000000e+00
    endloop
  endfacet
  facet normal -9.981756e-01 -6.037850e-02 1.569567e-16
    outer loop
      vertex   -9.854177e+00 -2.241073e+01 5.000000e+00
      vertex   -9.854177e+00 -2.241073e+01 9.100000e+00
      vertex   -1.000000e+01 -2.000000e+01 5.000000e+00
    endloop
  endfacet
  facet normal -9.981756e-01 -6.037850e-02 0.000000e+00
    outer loop
      vertex   -1.000000e+01 -2.000000e+01 5.000000e+00
      vertex   -9.854177e+00 -2.241073e+01 9.100000e+00
      vertex   -1.000000e+01 -2.000000e+01 9.100000e+00
    endloop
  endfacet
  facet normal -0.000000e+00 -1.000000e+00 -0.000000e+00
    outer loop
      vertex   1.829600e+02 -4.000000e+01 9.100000e+00
      vertex   1.000000e+01 -4.000000e+01 9.100000e+00
      vertex   1.829600e+02 -4.000000e+01 5.000000e+00
    endloop
  endfacet
  facet normal 0.000000e+00 -1.000000e+00 0.000000e+00
    outer loop
      vertex   1.829600e+02 -4.000000e+01 5.000000e+00
      vertex   1.000000e+01 -4.000000e+01 9.100000e+00
      vertex   1.000000e+01 -4.000000e+01 5.000000e+00
    endloop
  endfacet
  facet normal 9.981756e-01 -6.037850e-02 0.000000e+00
    outer loop
      vertex   2.029600e+02 -2.000000e+01 5.000000e+00
      vertex   2.029600e+02 -2.000000e+01 9.100000e+00
      vertex   2.028142e+02 -2.241073e+01 5.000000e+00
    endloop
  endfacet
  facet normal 9.981756e-01 -6.037850e-02 -5.231891e-17
    outer loop
      vertex   2.028142e+02 -2.241073e+01 5.000000e+00
      vertex   2.029600e+02 -2.000000e+01 9.100000e+00
      vertex   2.028142e+02 -2.241073e+01 9.100000e+00
    endloop
  endfacet
  facet normal 9.836199e-01 -1.802550e-01 -1.561938e-16
    outer loop
      vertex   2.028142e+02 -2.241073e+01 5.000000e+00
      vertex   2.028142e+02 -2.241073e+01 9.100000e+00
      vertex   2.023788e+02 -2.478631e+01 9.100000e+00
    endloop
  endfacet
  facet normal 9.836199e-01 -1.802550e-01 -1.569684e-16
    outer loop
      vertex   2.028142e+02 -2.241073e+01 5.000000e+00
      vertex   2.023788e+02 -2.478631e+01 9.100000e+00
      vertex   2.023788e+02 -2.478631e+01 5.000000e+00
    endloop
  endfacet
  facet normal 9.547209e-01 -2.975031e-01 -2.577910e-16
    outer loop
      vertex   2.023788e+02 -2.478631e+01 5.000000e+00
      vertex   2.023788e+02 -2.478631e+01 9.100000e+00
      vertex   2.016603e+02 -2.709210e+01 9.100000e+00
    endloop
  endfacet
  facet normal 9.547209e-01 -2.975031e-01 0.000000e+00
    outer loop
      vertex   2.023788e+02 -2.478631e+01 5.000000e+00
      vertex   2.016603e+02 -2.709210e+01 9.100000e+00
      vertex   2.016603e+02 -2.709210e+01 5.000000e+00
    endloop
  endfacet
  facet normal 9.118998e-01 -4.104128e-01 0.000000e+00
    outer loop
      vertex   2.016603e+02 -2.709210e+01 5.000000e+00
      vertex   2.016603e+02 -2.709210e+01 9.100000e+00
      vertex   2.006691e+02 -2.929446e+01 9.100000e+00
    endloop
  endfacet
  facet normal 9.118998e-01 -4.104128e-01 -1.300595e-14
    outer loop
      vertex   2.016603e+02 -2.709210e+01 5.000000e+00
      vertex   2.006691e+02 -2.929446e+01 9.100000e+00
      vertex   2.006691e+02 -2.929446e+01 5.000000e+00
    endloop
  endfacet
  facet normal 8.557813e-01 -5.173378e-01 -1.231305e-14
    outer loop
      vertex   2.006691e+02 -2.929446e+01 5.000000e+00
      vertex   2.006691e+02 -2.929446e+01 9.100000e+00
      vertex   1.994197e+02 -3.136129e+01 9.100000e+00
    endloop
  endfacet
  facet normal 8.557813e-01 -5.173378e-01 5.471468e-15
    outer loop
      vertex   2.006691e+02 -2.929446e+01 5.000000e+00
      vertex   1.994197e+02 -3.136129e+01 9.100000e+00
      vertex   1.994197e+02 -3.136129e+01 5.000000e+00
    endloop
  endfacet
  facet normal 7.871835e-01 -6.167189e-01 4.922457e-15
    outer loop
      vertex   1.994197e+02 -3.136129e+01 5.000000e+00
      vertex   1.994197e+02 -3.136129e+01 9.100000e+00
      vertex   1.979302e+02 -3.326245e+01 9.100000e+00
    endloop
  endfacet
  facet normal 7.871835e-01 -6.167189e-01 -1.076354e-15
    outer loop
      vertex   1.994197e+02 -3.136129e+01 5.000000e+00
      vertex   1.979302e+02 -3.326245e+01 9.100000e+00
      vertex   1.979302e+02 -3.326245e+01 5.000000e+00
    endloop
  endfacet
  facet normal 7.071068e-01 -7.071068e-01 -1.225438e-15
    outer loop
      vertex   1.979302e+02 -3.326245e+01 5.000000e+00
      vertex   1.979302e+02 -3.326245e+01 9.100000e+00
      vertex   1.962225e+02 -3.497021e+01 9.100000e+00
    endloop
  endfacet
  facet normal 7.071068e-01 -7.071068e-01 3.677544e-15
    outer loop
      vertex   1.979302e+02 -3.326245e+01 5.000000e+00
      vertex   1.962225e+02 -3.497021e+01 9.100000e+00
      vertex   1.962225e+02 -3.497021e+01 5.000000e+00
    endloop
  endfacet
  facet normal 6.167189e-01 -7.871835e-01 2.910958e-15
    outer loop
      vertex   1.962225e+02 -3.497021e+01 5.000000e+00
      vertex   1.962225e+02 -3.497021e+01 9.100000e+00
      vertex   1.943213e+02 -3.645968e+01 9.100000e+00
    endloop
  endfacet
  facet normal 6.167189e-01 -7.871835e-01 -1.345443e-15
    outer loop
      vertex   1.962225e+02 -3.497021e+01 5.000000e+00
      vertex   1.943213e+02 -3.645968e+01 9.100000e+00
      vertex   1.943213e+02 -3.645968e+01 5.000000e+00
    endloop
  endfacet
  facet normal 5.173378e-01 -8.557813e-01 -1.483096e-15
    outer loop
      vertex   1.943213e+02 -3.645968e+01 5.000000e+00
      vertex   1.943213e+02 -3.645968e+01 9.100000e+00
      vertex   1.922545e+02 -3.770912e+01 9.100000e+00
    endloop
  endfacet
  facet normal 5.173378e-01 -8.557813e-01 2.107861e-15
    outer loop
      vertex   1.943213e+02 -3.645968e+01 5.000000e+00
      vertex   1.922545e+02 -3.770912e+01 9.100000e+00
      vertex   1.922545e+02 -3.770912e+01 5.000000e+00
    endloop
  endfacet
  facet normal 4.104128e-01 -9.118998e-01 1.264682e-15
    outer loop
      vertex   1.922545e+02 -3.770912e+01 5.000000e+00
      vertex   1.922545e+02 -3.770912e+01 9.100000e+00
      vertex   1.900521e+02 -3.870032e+01 9.100000e+00
    endloop
  endfacet
  facet normal 4.104128e-01 -9.118998e-01 -1.614532e-15
    outer loop
      vertex   1.922545e+02 -3.770912e+01 5.000000e+00
      vertex   1.900521e+02 -3.870032e+01 9.100000e+00
      vertex   1.900521e+02 -3.870032e+01 5.000000e+00
    endloop
  endfacet
  facet normal 2.975031e-01 -9.547209e-01 -1.654561e-15
    outer loop
      vertex   1.900521e+02 -3.870032e+01 5.000000e+00
      vertex   1.900521e+02 -3.870032e+01 9.100000e+00
      vertex   1.877463e+02 -3.941884e+01 9.100000e+00
    endloop
  endfacet
  facet normal 2.975031e-01 -9.547209e-01 0.000000e+00
    outer loop
      vertex   1.900521e+02 -3.870032e+01 5.000000e+00
      vertex   1.877463e+02 -3.941884e+01 9.100000e+00
      vertex   1.877463e+02 -3.941884e+01 5.000000e+00
    endloop
  endfacet
  facet normal 1.802550e-01 -9.836199e-01 0.000000e+00
    outer loop
      vertex   1.877463e+02 -3.941884e+01 5.000000e+00
      vertex   1.877463e+02 -3.941884e+01 9.100000e+00
      vertex   1.853707e+02 -3.985418e+01 9.100000e+00
    endloop
  endfacet
  facet normal 1.802550e-01 -9.836199e-01 1.704228e-15
    outer loop
      vertex   1.877463e+02 -3.941884e+01 5.000000e+00
      vertex   1.853707e+02 -3.985418e+01 9.100000e+00
      vertex   1.853707e+02 -3.985418e+01 5.000000e+00
    endloop
  endfacet
  facet normal 6.037850e-02 -9.981756e-01 1.729869e-15
    outer loop
      vertex   1.853707e+02 -3.985418e+01 5.000000e+00
      vertex   1.853707e+02 -3.985418e+01 9.100000e+00
      vertex   1.829600e+02 -4.000000e+01 5.000000e+00
    endloop
  endfacet
  facet normal 6.037850e-02 -9.981756e-01 0.000000e+00
    outer loop
      vertex   1.829600e+02 -4.000000e+01 5.000000e+00
      vertex   1.853707e+02 -3.985418e+01 9.100000e+00
      vertex   1.829600e+02 -4.000000e+01 9.100000e+00
    endloop
  endfacet
  facet normal 1.000000e+00 0.000000e+00 0.000000e+00
    outer loop
      vertex   5.000000e+00 4.000000e+00 1.250000e+00
      vertex   5.000000e+00 1.057600e+02 1.250000e+00
      vertex   5.000000e+00 4.000000e+00 2.500000e+00
    endloop
  endfacet
  facet normal 1.000000e+00 -0.000000e+00 0.000000e+00
    outer loop
      vertex   5.000000e+00 4.000000e+00 2.500000e+00
      vertex   5.000000e+00 1.057600e+02 1.250000e+00
      vertex   5.000000e+00 1.057600e+02 2.500000e+00
    endloop
  endfacet
  facet normal 1.000000e+00 -7.062487e-18 0.000000e+00
    outer loop
      vertex   -7.500000e+00 1.057600e+02 9.100000e+00
      vertex   -7.500000e+00 -2.000000e+01 9.100000e+00
      vertex   -7.500000e+00 1.057600e+02 5.000000e+00
    endloop
  endfacet
  facet normal 1.000000e+00 -7.062487e-18 0.000000e+00
    outer loop
      vertex   -7.500000e+00 1.057600e+02 5.000000e+00
      vertex   -7.500000e+00 -2.000000e+01 9.100000e+00
      vertex   -7.500000e+00 -2.000000e+01 5.000000e+00
    endloop
  endfacet
  facet normal 6.540313e-02 -9.978589e-01 0.000000e+00
    outer loop
      vertex   1.000000e+01 1.232600e+02 5.000000e+00
      vertex   1.000000e+01 1.232600e+02 9.100000e+00
      vertex   7.715792e+00 1.231103e+02 5.000000e+00
    endloop
  endfacet
  facet normal 6.540313e-02 -9.978589e-01 -6.846441e-15
    outer loop
      vertex   7.715792e+00 1.231103e+02 5.000000e+00
      vertex   1.000000e+01 1.232600e+02 9.100000e+00
      vertex   7.715792e+00 1.231103e+02 9.100000e+00
    endloop
  endfacet
  facet normal 1.950903e-01 -9.807853e-01 -6.587614e-15
    outer loop
      vertex   7.715792e+00 1.231103e+02 5.000000e+00
      vertex   7.715792e+00 1.231103e+02 9.100000e+00
      vertex   5.470667e+00 1.226637e+02 5.000000e+00
    endloop
  endfacet
  facet normal 1.950903e-01 -9.807853e-01 1.267866e-16
    outer loop
      vertex   5.470667e+00 1.226637e+02 5.000000e+00
      vertex   7.715792e+00 1.231103e+02 9.100000e+00
      vertex   5.470667e+00 1.226637e+02 9.100000e+00
    endloop
  endfacet
  facet normal 3.214395e-01 -9.469301e-01 2.088992e-16
    outer loop
      vertex   5.470667e+00 1.226637e+02 5.000000e+00
      vertex   5.470667e+00 1.226637e+02 9.100000e+00
      vertex   3.303040e+00 1.219279e+02 5.000000e+00
    endloop
  endfacet
  facet normal 3.214395e-01 -9.469301e-01 5.222480e-16
    outer loop
      vertex   3.303040e+00 1.219279e+02 5.000000e+00
      vertex   5.470667e+00 1.226637e+02 9.100000e+00
      vertex   3.303040e+00 1.219279e+02 9.100000e+00
    endloop
  endfacet
  facet normal 4.422887e-01 -8.968727e-01 7.185938e-16
    outer loop
      vertex   3.303040e+00 1.219279e+02 5.000000e+00
      vertex   3.303040e+00 1.219279e+02 9.100000e+00
      vertex   1.250000e+00 1.209154e+02 5.000000e+00
    endloop
  endfacet
  facet normal 4.422887e-01 -8.968727e-01 -2.677460e-15
    outer loop
      vertex   1.250000e+00 1.209154e+02 5.000000e+00
      vertex   3.303040e+00 1.219279e+02 9.100000e+00
      vertex   1.250000e+00 1.209154e+02 9.100000e+00
    endloop
  endfacet
  facet normal 5.555702e-01 -8.314696e-01 -2.340339e-15
    outer loop
      vertex   1.250000e+00 1.209154e+02 5.000000e+00
      vertex   1.250000e+00 1.209154e+02 9.100000e+00
      vertex   -6.533250e-01 1.196437e+02 5.000000e+00
    endloop
  endfacet
  facet normal 5.555702e-01 -8.314696e-01 3.761017e-16
    outer loop
      vertex   -6.533250e-01 1.196437e+02 5.000000e+00
      vertex   1.250000e+00 1.209154e+02 9.100000e+00
      vertex   -6.533250e-01 1.196437e+02 9.100000e+00
    endloop
  endfacet
  facet normal 6.593458e-01 -7.518398e-01 4.463542e-16
    outer loop
      vertex   -6.533250e-01 1.196437e+02 5.000000e+00
      vertex   -6.533250e-01 1.196437e+02 9.100000e+00
      vertex   -2.374369e+00 1.181344e+02 5.000000e+00
    endloop
  endfacet
  facet normal 6.593458e-01 -7.518398e-01 2.856667e-16
    outer loop
      vertex   -2.374369e+00 1.181344e+02 5.000000e+00
      vertex   -6.533250e-01 1.196437e+02 9.100000e+00
      vertex   -2.374369e+00 1.181344e+02 9.100000e+00
    endloop
  endfacet
  facet normal 7.518398e-01 -6.593458e-01 3.257404e-16
    outer loop
      vertex   -2.374369e+00 1.181344e+02 5.000000e+00
      vertex   -2.374369e+00 1.181344e+02 9.100000e+00
      vertex   -3.883683e+00 1.164133e+02 5.000000e+00
    endloop
  endfacet
  facet normal 7.518398e-01 -6.593458e-01 4.886107e-16
    outer loop
      vertex   -3.883683e+00 1.164133e+02 5.000000e+00
      vertex   -2.374369e+00 1.181344e+02 9.100000e+00
      vertex   -3.883683e+00 1.164133e+02 9.100000e+00
    endloop
  endfacet
  facet normal 8.314696e-01 -5.555702e-01 5.403610e-16
    outer loop
      vertex   -3.883683e+00 1.164133e+02 5.000000e+00
      vertex   -3.883683e+00 1.164133e+02 9.100000e+00
      vertex   -5.155445e+00 1.145100e+02 5.000000e+00
    endloop
  endfacet
  facet normal 8.314696e-01 -5.555702e-01 0.000000e+00
    outer loop
      vertex   -5.155445e+00 1.145100e+02 5.000000e+00
      vertex   -3.883683e+00 1.164133e+02 9.100000e+00
      vertex   -5.155445e+00 1.145100e+02 9.100000e+00
    endloop
  endfacet
  facet normal 8.968727e-01 -4.422887e-01 0.000000e+00
    outer loop
      vertex   -5.155445e+00 1.145100e+02 5.000000e+00
      vertex   -5.155445e+00 1.145100e+02 9.100000e+00
      vertex   -6.167892e+00 1.124570e+02 5.000000e+00
    endloop
  endfacet
  facet normal 8.968727e-01 -4.422887e-01 -3.885771e-16
    outer loop
      vertex   -6.167892e+00 1.124570e+02 5.000000e+00
      vertex   -5.155445e+00 1.145100e+02 9.100000e+00
      vertex   -6.167892e+00 1.124570e+02 9.100000e+00
    endloop
  endfacet
  facet normal 9.469301e-01 -3.214395e-01 -4.102648e-16
    outer loop
      vertex   -6.167892e+00 1.124570e+02 5.000000e+00
      vertex   -6.167892e+00 1.124570e+02 9.100000e+00
      vertex   -6.903702e+00 1.102893e+02 5.000000e+00
    endloop
  endfacet
  facet normal 9.469301e-01 -3.214395e-01 4.102648e-16
    outer loop
      vertex   -6.903702e+00 1.102893e+02 5.000000e+00
      vertex   -6.167892e+00 1.124570e+02 9.100000e+00
      vertex   -6.903702e+00 1.102893e+02 9.100000e+00
    endloop
  endfacet
  facet normal 9.807853e-01 -1.950903e-01 4.249328e-16
    outer loop
      vertex   -6.903702e+00 1.102893e+02 5.000000e+00
      vertex   -6.903702e+00 1.102893e+02 9.100000e+00
      vertex   -7.350285e+00 1.080442e+02 5.000000e+00
    endloop
  endfacet
  facet normal 9.807853e-01 -1.950903e-01 6.761952e-16
    outer loop
      vertex   -7.350285e+00 1.080442e+02 5.000000e+00
      vertex   -6.903702e+00 1.102893e+02 9.100000e+00
      vertex   -7.350285e+00 1.080442e+02 9.100000e+00
    endloop
  endfacet
  facet normal 9.978589e-01 -6.540313e-02 2.266913e-16
    outer loop
      vertex   -7.350285e+00 1.080442e+02 5.000000e+00
      vertex   -7.350285e+00 1.080442e+02 9.100000e+00
      vertex   -7.500000e+00 1.057600e+02 5.000000e+00
    endloop
  endfacet
  facet normal 9.978589e-01 -6.540313e-02 0.000000e+00
    outer loop
      vertex   -7.500000e+00 1.057600e+02 5.000000e+00
      vertex   -7.350285e+00 1.080442e+02 9.100000e+00
      vertex   -7.500000e+00 1.057600e+02 9.100000e+00
    endloop
  endfacet
  facet normal -0.000000e+00 -1.000000e+00 -0.000000e+00
    outer loop
      vertex   1.829600e+02 1.232600e+02 9.100000e+00
      vertex   1.000000e+01 1.232600e+02 9.100000e+00
      vertex   1.829600e+02 1.232600e+02 5.000000e+00
    endloop
  endfacet
  facet normal 0.000000e+00 -1.000000e+00 0.000000e+00
    outer loop
      vertex   1.829600e+02 1.232600e+02 5.000000e+00
      vertex   1.000000e+01 1.232600e+02 9.100000e+00
      vertex   1.000000e+01 1.232600e+02 5.000000e+00
    endloop
  endfacet
  facet normal -9.978589e-01 -6.540313e-02 0.000000e+00
    outer loop
      vertex   2.004600e+02 1.057600e+02 5.000000e+00
      vertex   2.004600e+02 1.057600e+02 9.100000e+00
      vertex   2.003103e+02 1.080442e+02 5.000000e+00
    endloop
  endfacet
  facet normal -9.978589e-01 -6.540313e-02 6.690591e-15
    outer loop
      vertex   2.003103e+02 1.080442e+02 5.000000e+00
      vertex   2.004600e+02 1.057600e+02 9.100000e+00
      vertex   2.003103e+02 1.080442e+02 9.100000e+00
    endloop
  endfacet
  facet normal -9.807853e-01 -1.950903e-01 6.122730e-15
    outer loop
      vertex   2.003103e+02 1.080442e+02 5.000000e+00
      vertex   2.003103e+02 1.080442e+02 9.100000e+00
      vertex   1.998637e+02 1.102893e+02 5.000000e+00
    endloop
  endfacet
  facet normal -9.807853e-01 -1.950903e-01 -6.761952e-16
    outer loop
      vertex   1.998637e+02 1.102893e+02 5.000000e+00
      vertex   2.003103e+02 1.080442e+02 9.100000e+00
      vertex   1.998637e+02 1.102893e+02 9.100000e+00
    endloop
  endfacet
  facet normal -9.469301e-01 -3.214395e-01 -1.114129e-15
    outer loop
      vertex   1.998637e+02 1.102893e+02 5.000000e+00
      vertex   1.998637e+02 1.102893e+02 9.100000e+00
      vertex   1.991279e+02 1.124570e+02 5.000000e+00
    endloop
  endfacet
  facet normal -9.469301e-01 -3.214395e-01 0.000000e+00
    outer loop
      vertex   1.991279e+02 1.124570e+02 5.000000e+00
      vertex   1.998637e+02 1.102893e+02 9.100000e+00
      vertex   1.991279e+02 1.124570e+02 9.100000e+00
    endloop
  endfacet
  facet normal -8.968727e-01 -4.422887e-01 0.000000e+00
    outer loop
      vertex   1.991279e+02 1.124570e+02 5.000000e+00
      vertex   1.991279e+02 1.124570e+02 9.100000e+00
      vertex   1.981154e+02 1.145100e+02 5.000000e+00
    endloop
  endfacet
  facet normal -8.968727e-01 -4.422887e-01 -7.750233e-15
    outer loop
      vertex   1.981154e+02 1.145100e+02 5.000000e+00
      vertex   1.991279e+02 1.124570e+02 9.100000e+00
      vertex   1.981154e+02 1.145100e+02 9.100000e+00
    endloop
  endfacet
  facet normal -8.314696e-01 -5.555702e-01 -7.689492e-15
    outer loop
      vertex   1.981154e+02 1.145100e+02 5.000000e+00
      vertex   1.981154e+02 1.145100e+02 9.100000e+00
      vertex   1.968437e+02 1.164133e+02 5.000000e+00
    endloop
  endfacet
  facet normal -8.314696e-01 -5.555702e-01 -3.838210e-15
    outer loop
      vertex   1.968437e+02 1.164133e+02 5.000000e+00
      vertex   1.981154e+02 1.145100e+02 9.100000e+00
      vertex   1.968437e+02 1.164133e+02 9.100000e+00
    endloop
  endfacet
  facet normal -7.518398e-01 -6.593458e-01 -2.926513e-15
    outer loop
      vertex   1.968437e+02 1.164133e+02 5.000000e+00
      vertex   1.968437e+02 1.164133e+02 9.100000e+00
      vertex   1.953344e+02 1.181344e+02 5.000000e+00
    endloop
  endfacet
  facet normal -7.518398e-01 -6.593458e-01 -2.285334e-15
    outer loop
      vertex   1.953344e+02 1.181344e+02 5.000000e+00
      vertex   1.968437e+02 1.164133e+02 9.100000e+00
      vertex   1.953344e+02 1.181344e+02 9.100000e+00
    endloop
  endfacet
  facet normal -6.593458e-01 -7.518398e-01 -2.605923e-15
    outer loop
      vertex   1.953344e+02 1.181344e+02 5.000000e+00
      vertex   1.953344e+02 1.181344e+02 9.100000e+00
      vertex   1.936133e+02 1.196437e+02 5.000000e+00
    endloop
  endfacet
  facet normal -6.593458e-01 -7.518398e-01 -9.141334e-15
    outer loop
      vertex   1.936133e+02 1.196437e+02 5.000000e+00
      vertex   1.953344e+02 1.181344e+02 9.100000e+00
      vertex   1.936133e+02 1.196437e+02 9.100000e+00
    endloop
  endfacet
  facet normal -5.555702e-01 -8.314696e-01 -7.702564e-15
    outer loop
      vertex   1.936133e+02 1.196437e+02 5.000000e+00
      vertex   1.936133e+02 1.196437e+02 9.100000e+00
      vertex   1.917100e+02 1.209154e+02 5.000000e+00
    endloop
  endfacet
  facet normal -5.555702e-01 -8.314696e-01 -3.851282e-15
    outer loop
      vertex   1.917100e+02 1.209154e+02 5.000000e+00
      vertex   1.936133e+02 1.196437e+02 9.100000e+00
      vertex   1.917100e+02 1.209154e+02 9.100000e+00
    endloop
  endfacet
  facet normal -4.422887e-01 -8.968727e-01 -3.066000e-15
    outer loop
      vertex   1.917100e+02 1.209154e+02 5.000000e+00
      vertex   1.917100e+02 1.209154e+02 9.100000e+00
      vertex   1.896570e+02 1.219279e+02 5.000000e+00
    endloop
  endfacet
  facet normal -4.422887e-01 -8.968727e-01 3.108617e-15
    outer loop
      vertex   1.896570e+02 1.219279e+02 5.000000e+00
      vertex   1.917100e+02 1.209154e+02 9.100000e+00
      vertex   1.896570e+02 1.219279e+02 9.100000e+00
    endloop
  endfacet
  facet normal -3.214395e-01 -9.469301e-01 3.282119e-15
    outer loop
      vertex   1.896570e+02 1.219279e+02 5.000000e+00
      vertex   1.896570e+02 1.219279e+02 9.100000e+00
      vertex   1.874893e+02 1.226637e+02 5.000000e+00
    endloop
  endfacet
  facet normal -3.214395e-01 -9.469301e-01 -2.228258e-15
    outer loop
      vertex   1.874893e+02 1.226637e+02 5.000000e+00
      vertex   1.896570e+02 1.219279e+02 9.100000e+00
      vertex   1.874893e+02 1.226637e+02 9.100000e+00
    endloop
  endfacet
  facet normal -1.950903e-01 -9.807853e-01 -1.352390e-15
    outer loop
      vertex   1.874893e+02 1.226637e+02 5.000000e+00
      vertex   1.874893e+02 1.226637e+02 9.100000e+00
      vertex   1.852442e+02 1.231103e+02 5.000000e+00
    endloop
  endfacet
  facet normal -1.950903e-01 -9.807853e-01 -2.704781e-15
    outer loop
      vertex   1.852442e+02 1.231103e+02 5.000000e+00
      vertex   1.874893e+02 1.226637e+02 9.100000e+00
      vertex   1.852442e+02 1.231103e+02 9.100000e+00
    endloop
  endfacet
  facet normal -6.540313e-02 -9.978589e-01 -9.067652e-16
    outer loop
      vertex   1.852442e+02 1.231103e+02 5.000000e+00
      vertex   1.852442e+02 1.231103e+02 9.100000e+00
      vertex   1.829600e+02 1.232600e+02 5.000000e+00
    endloop
  endfacet
  facet normal -6.540313e-02 -9.978589e-01 0.000000e+00
    outer loop
      vertex   1.829600e+02 1.232600e+02 5.000000e+00
      vertex   1.852442e+02 1.231103e+02 9.100000e+00
      vertex   1.829600e+02 1.232600e+02 9.100000e+00
    endloop
  endfacet
  facet normal 9.893582e-01 -6.484596e-02 1.302515e-01
    outer loop
      vertex   -7.500000e+00 1.057600e+02 5.000000e+00
      vertex   -7.414815e+00 1.057600e+02 4.352952e+00
      vertex   -7.350285e+00 1.080442e+02 5.000000e+00
    endloop
  endfacet
  facet normal 9.893582e-01 -6.484596e-02 1.302515e-01
    outer loop
      vertex   -7.350285e+00 1.080442e+02 5.000000e+00
      vertex   -7.414815e+00 1.057600e+02 4.352952e+00
      vertex   -7.265828e+00 1.080331e+02 4.352952e+00
    endloop
  endfacet
  facet normal 9.724300e-01 -1.934283e-01 1.302515e-01
    outer loop
      vertex   -7.350285e+00 1.080442e+02 5.000000e+00
      vertex   -7.265828e+00 1.080331e+02 4.352952e+00
      vertex   -6.903702e+00 1.102893e+02 5.000000e+00
    endloop
  endfacet
  facet normal 9.724300e-01 -1.934283e-01 1.302515e-01
    outer loop
      vertex   -6.903702e+00 1.102893e+02 5.000000e+00
      vertex   -7.265828e+00 1.080331e+02 4.352952e+00
      vertex   -6.821419e+00 1.102673e+02 4.352952e+00
    endloop
  endfacet
  facet normal 9.388632e-01 -3.187011e-01 1.302515e-01
    outer loop
      vertex   -6.903702e+00 1.102893e+02 5.000000e+00
      vertex   -6.821419e+00 1.102673e+02 4.352952e+00
      vertex   -6.167892e+00 1.124570e+02 5.000000e+00
    endloop
  endfacet
  facet normal 9.388632e-01 -3.187011e-01 1.302515e-01
    outer loop
      vertex   -6.167892e+00 1.124570e+02 5.000000e+00
      vertex   -6.821419e+00 1.102673e+02 4.352952e+00
      vertex   -6.089191e+00 1.124244e+02 4.352952e+00
    endloop
  endfacet
  facet normal 8.892323e-01 -4.385208e-01 1.302515e-01
    outer loop
      vertex   -6.167892e+00 1.124570e+02 5.000000e+00
      vertex   -6.089191e+00 1.124244e+02 4.352952e+00
      vertex   -5.155445e+00 1.145100e+02 5.000000e+00
    endloop
  endfacet
  facet normal 8.892323e-01 -4.385208e-01 1.302515e-01
    outer loop
      vertex   -5.155445e+00 1.145100e+02 5.000000e+00
      vertex   -6.089191e+00 1.124244e+02 4.352952e+00
      vertex   -5.081672e+00 1.144674e+02 4.352952e+00
    endloop
  endfacet
  facet normal 8.243863e-01 -5.508373e-01 1.302515e-01
    outer loop
      vertex   -5.155445e+00 1.145100e+02 5.000000e+00
      vertex   -5.081672e+00 1.144674e+02 4.352952e+00
      vertex   -3.883683e+00 1.164133e+02 5.000000e+00
    endloop
  endfacet
  facet normal 8.243863e-01 -5.508373e-01 1.302515e-01
    outer loop
      vertex   -3.883683e+00 1.164133e+02 5.000000e+00
      vertex   -5.081672e+00 1.144674e+02 4.352952e+00
      vertex   -3.816101e+00 1.163615e+02 4.352952e+00
    endloop
  endfacet
  facet normal 7.454349e-01 -6.537288e-01 1.302515e-01
    outer loop
      vertex   -3.883683e+00 1.164133e+02 5.000000e+00
      vertex   -3.816101e+00 1.163615e+02 4.352952e+00
      vertex   -2.374369e+00 1.181344e+02 5.000000e+00
    endloop
  endfacet
  facet normal 7.454349e-01 -6.537288e-01 1.302515e-01
    outer loop
      vertex   -2.374369e+00 1.181344e+02 5.000000e+00
      vertex   -3.816101e+00 1.163615e+02 4.352952e+00
      vertex   -2.314133e+00 1.180741e+02 4.352952e+00
    endloop
  endfacet
  facet normal 6.537288e-01 -7.454349e-01 1.302515e-01
    outer loop
      vertex   -2.374369e+00 1.181344e+02 5.000000e+00
      vertex   -2.314133e+00 1.180741e+02 4.352952e+00
      vertex   -6.533250e-01 1.196437e+02 5.000000e+00
    endloop
  endfacet
  facet normal 6.537288e-01 -7.454349e-01 1.302515e-01
    outer loop
      vertex   -6.533250e-01 1.196437e+02 5.000000e+00
      vertex   -2.314133e+00 1.180741e+02 4.352952e+00
      vertex   -6.014674e-01 1.195761e+02 4.352952e+00
    endloop
  endfacet
  facet normal 5.508373e-01 -8.243863e-01 1.302515e-01
    outer loop
      vertex   -6.533250e-01 1.196437e+02 5.000000e+00
      vertex   -6.014674e-01 1.195761e+02 4.352952e+00
      vertex   1.250000e+00 1.209154e+02 5.000000e+00
    endloop
  endfacet
  facet normal 5.508373e-01 -8.243863e-01 1.302515e-01
    outer loop
      vertex   1.250000e+00 1.209154e+02 5.000000e+00
      vertex   -6.014674e-01 1.195761e+02 4.352952e+00
      vertex   1.292593e+00 1.208417e+02 4.352952e+00
    endloop
  endfacet
  facet normal 4.385208e-01 -8.892323e-01 1.302515e-01
    outer loop
      vertex   1.250000e+00 1.209154e+02 5.000000e+00
      vertex   1.292593e+00 1.208417e+02 4.352952e+00
      vertex   3.303040e+00 1.219279e+02 5.000000e+00
    endloop
  endfacet
  facet normal 4.385208e-01 -8.892323e-01 1.302515e-01
    outer loop
      vertex   3.303040e+00 1.219279e+02 5.000000e+00
      vertex   1.292593e+00 1.208417e+02 4.352952e+00
      vertex   3.335639e+00 1.218492e+02 4.352952e+00
    endloop
  endfacet
  facet normal 3.187011e-01 -9.388632e-01 1.302515e-01
    outer loop
      vertex   3.303040e+00 1.219279e+02 5.000000e+00
      vertex   3.335639e+00 1.218492e+02 4.352952e+00
      vertex   5.470667e+00 1.226637e+02 5.000000e+00
    endloop
  endfacet
  facet normal 3.187011e-01 -9.388632e-01 1.302515e-01
    outer loop
      vertex   5.470667e+00 1.226637e+02 5.000000e+00
      vertex   3.335639e+00 1.218492e+02 4.352952e+00
      vertex   5.492714e+00 1.225814e+02 4.352952e+00
    endloop
  endfacet
  facet normal 1.934283e-01 -9.724300e-01 1.302515e-01
    outer loop
      vertex   5.470667e+00 1.226637e+02 5.000000e+00
      vertex   5.492714e+00 1.225814e+02 4.352952e+00
      vertex   7.715792e+00 1.231103e+02 5.000000e+00
    endloop
  endfacet
  facet normal 1.934283e-01 -9.724300e-01 1.302515e-01
    outer loop
      vertex   7.715792e+00 1.231103e+02 5.000000e+00
      vertex   5.492714e+00 1.225814e+02 4.352952e+00
      vertex   7.726911e+00 1.230258e+02 4.352952e+00
    endloop
  endfacet
  facet normal 6.484596e-02 -9.893582e-01 1.302515e-01
    outer loop
      vertex   7.715792e+00 1.231103e+02 5.000000e+00
      vertex   7.726911e+00 1.230258e+02 4.352952e+00
      vertex   1.000000e+01 1.232600e+02 5.000000e+00
    endloop
  endfacet
  facet normal 6.484596e-02 -9.893582e-01 1.302515e-01
    outer loop
      vertex   1.000000e+01 1.232600e+02 5.000000e+00
      vertex   7.726911e+00 1.230258e+02 4.352952e+00
      vertex   1.000000e+01 1.231748e+02 4.352952e+00
    endloop
  endfacet
  facet normal 6.044355e-02 -9.221903e-01 3.819837e-01
    outer loop
      vertex   1.000000e+01 1.231748e+02 4.352952e+00
      vertex   7.726911e+00 1.230258e+02 4.352952e+00
      vertex   7.759510e+00 1.227782e+02 3.750000e+00
    endloop
  endfacet
  facet normal 6.044355e-02 -9.221903e-01 3.819837e-01
    outer loop
      vertex   1.000000e+01 1.231748e+02 4.352952e+00
      vertex   7.759510e+00 1.227782e+02 3.750000e+00
      vertex   1.000000e+01 1.229251e+02 3.750000e+00
    endloop
  endfacet
  facet normal 5.192897e-02 -7.922829e-01 6.079401e-01
    outer loop
      vertex   1.000000e+01 1.229251e+02 3.750000e+00
      vertex   7.759510e+00 1.227782e+02 3.750000e+00
      vertex   7.811367e+00 1.223843e+02 3.232233e+00
    endloop
  endfacet
  facet normal 5.192897e-02 -7.922829e-01 6.079401e-01
    outer loop
      vertex   1.000000e+01 1.229251e+02 3.750000e+00
      vertex   7.811367e+00 1.223843e+02 3.232233e+00
      vertex   1.000000e+01 1.225278e+02 3.232233e+00
    endloop
  endfacet
  facet normal 3.986861e-02 -6.082774e-01 7.927226e-01
    outer loop
      vertex   1.000000e+01 1.225278e+02 3.232233e+00
      vertex   7.811367e+00 1.223843e+02 3.232233e+00
      vertex   7.878949e+00 1.218710e+02 2.834936e+00
    endloop
  endfacet
  facet normal 3.986861e-02 -6.082774e-01 7.927226e-01
    outer loop
      vertex   1.000000e+01 1.225278e+02 3.232233e+00
      vertex   7.878949e+00 1.218710e+02 2.834936e+00
      vertex   1.000000e+01 1.220100e+02 2.834936e+00
    endloop
  endfacet
  facet normal 2.507451e-02 -3.825631e-01 9.235891e-01
    outer loop
      vertex   1.000000e+01 1.220100e+02 2.834936e+00
      vertex   7.878949e+00 1.218710e+02 2.834936e+00
      vertex   7.957650e+00 1.212732e+02 2.585185e+00
    endloop
  endfacet
  facet normal 2.507451e-02 -3.825631e-01 9.235891e-01
    outer loop
      vertex   1.000000e+01 1.220100e+02 2.834936e+00
      vertex   7.957650e+00 1.212732e+02 2.585185e+00
      vertex   1.000000e+01 1.214070e+02 2.585185e+00
    endloop
  endfacet
  facet normal 8.554826e-03 -1.305214e-01 9.914086e-01
    outer loop
      vertex   1.000000e+01 1.214070e+02 2.585185e+00
      vertex   7.957650e+00 1.212732e+02 2.585185e+00
      vertex   1.000000e+01 1.207600e+02 2.500000e+00
    endloop
  endfacet
  facet normal 9.165011e-03 -1.281436e-01 9.917133e-01
    outer loop
      vertex   1.000000e+01 1.207600e+02 2.500000e+00
      vertex   7.957650e+00 1.212732e+02 2.585185e+00
      vertex   7.865277e+00 1.206073e+02 2.500000e+00
    endloop
  endfacet
  facet normal 2.593714e-02 -1.303948e-01 9.911228e-01
    outer loop
      vertex   7.865277e+00 1.206073e+02 2.500000e+00
      vertex   7.957650e+00 1.212732e+02 2.585185e+00
      vertex   5.950246e+00 1.208739e+02 2.585185e+00
    endloop
  endfacet
  facet normal 2.690734e-02 -1.236910e-01 9.919559e-01
    outer loop
      vertex   7.865277e+00 1.206073e+02 2.500000e+00
      vertex   5.950246e+00 1.208739e+02 2.585185e+00
      vertex   5.774012e+00 1.201524e+02 2.500000e+00
    endloop
  endfacet
  facet normal 4.330404e-02 -1.275696e-01 9.908838e-01
    outer loop
      vertex   5.774012e+00 1.201524e+02 2.500000e+00
      vertex   5.950246e+00 1.208739e+02 2.585185e+00
      vertex   4.012134e+00 1.202160e+02 2.585185e+00
    endloop
  endfacet
  facet normal 4.373666e-02 -1.172625e-01 9.921374e-01
    outer loop
      vertex   5.774012e+00 1.201524e+02 2.500000e+00
      vertex   4.012134e+00 1.202160e+02 2.585185e+00
      vertex   3.768775e+00 1.194045e+02 2.500000e+00
    endloop
  endfacet
  facet normal 6.018556e-02 -1.220442e-01 9.906982e-01
    outer loop
      vertex   3.768775e+00 1.194045e+02 2.500000e+00
      vertex   4.012134e+00 1.202160e+02 2.585185e+00
      vertex   2.176476e+00 1.193107e+02 2.585185e+00
    endloop
  endfacet
  facet normal 5.949930e-02 -1.089648e-01 9.922633e-01
    outer loop
      vertex   3.768775e+00 1.194045e+02 2.500000e+00
      vertex   2.176476e+00 1.193107e+02 2.585185e+00
      vertex   1.890388e+00 1.183788e+02 2.500000e+00
    endloop
  endfacet
  facet normal 7.611227e-02 -1.139101e-01 9.905713e-01
    outer loop
      vertex   1.890388e+00 1.183788e+02 2.500000e+00
      vertex   2.176476e+00 1.193107e+02 2.585185e+00
      vertex   4.746809e-01 1.181736e+02 2.585185e+00
    endloop
  endfacet
  facet normal 7.404511e-02 -9.891269e-02 9.923374e-01
    outer loop
      vertex   1.890388e+00 1.183788e+02 2.500000e+00
      vertex   4.746809e-01 1.181736e+02 2.585185e+00
      vertex   1.770890e-01 1.170962e+02 2.500000e+00
    endloop
  endfacet
  facet normal 9.063605e-02 -1.033506e-01 9.905068e-01
    outer loop
      vertex   1.770890e-01 1.170962e+02 2.500000e+00
      vertex   4.746809e-01 1.181736e+02 2.585185e+00
      vertex   -1.064133e+00 1.168241e+02 2.585185e+00
    endloop
  endfacet
  facet normal 8.722908e-02 -8.722908e-02 9.923619e-01
    outer loop
      vertex   1.770890e-01 1.170962e+02 2.500000e+00
      vertex   -1.064133e+00 1.168241e+02 2.585185e+00
      vertex   -1.336244e+00 1.155829e+02 2.500000e+00
    endloop
  endfacet
  facet normal 1.033506e-01 -9.063605e-02 9.905068e-01
    outer loop
      vertex   -1.336244e+00 1.155829e+02 2.500000e+00
      vertex   -1.064133e+00 1.168241e+02 2.585185e+00
      vertex   -2.413637e+00 1.152853e+02 2.585185e+00
    endloop
  endfacet
  facet normal 9.891269e-02 -7.404511e-02 9.923374e-01
    outer loop
      vertex   -1.336244e+00 1.155829e+02 2.500000e+00
      vertex   -2.413637e+00 1.152853e+02 2.585185e+00
      vertex   -2.618803e+00 1.138696e+02 2.500000e+00
    endloop
  endfacet
  facet normal 1.139101e-01 -7.611227e-02 9.905713e-01
    outer loop
      vertex   -2.618803e+00 1.138696e+02 2.500000e+00
      vertex   -2.413637e+00 1.152853e+02 2.585185e+00
      vertex   -3.550741e+00 1.135835e+02 2.585185e+00
    endloop
  endfacet
  facet normal 1.089648e-01 -5.949930e-02 9.922633e-01
    outer loop
      vertex   -2.618803e+00 1.138696e+02 2.500000e+00
      vertex   -3.550741e+00 1.135835e+02 2.585185e+00
      vertex   -3.644480e+00 1.119912e+02 2.500000e+00
    endloop
  endfacet
  facet normal 1.220442e-01 -6.018556e-02 9.906982e-01
    outer loop
      vertex   -3.644480e+00 1.119912e+02 2.500000e+00
      vertex   -3.550741e+00 1.135835e+02 2.585185e+00
      vertex   -4.455987e+00 1.117479e+02 2.585185e+00
    endloop
  endfacet
  facet normal 1.172625e-01 -4.373666e-02 9.921374e-01
    outer loop
      vertex   -3.644480e+00 1.119912e+02 2.500000e+00
      vertex   -4.455987e+00 1.117479e+02 2.585185e+00
      vertex   -4.392395e+00 1.099860e+02 2.500000e+00
    endloop
  endfacet
  facet normal 1.275696e-01 -4.330404e-02 9.908838e-01
    outer loop
      vertex   -4.392395e+00 1.099860e+02 2.500000e+00
      vertex   -4.455987e+00 1.117479e+02 2.585185e+00
      vertex   -5.113887e+00 1.098098e+02 2.585185e+00
    endloop
  endfacet
  facet normal 1.236910e-01 -2.690734e-02 9.919559e-01
    outer loop
      vertex   -4.392395e+00 1.099860e+02 2.500000e+00
      vertex   -5.113887e+00 1.098098e+02 2.585185e+00
      vertex   -4.847322e+00 1.078947e+02 2.500000e+00
    endloop
  endfacet
  facet normal 1.303948e-01 -2.593714e-02 9.911228e-01
    outer loop
      vertex   -4.847322e+00 1.078947e+02 2.500000e+00
      vertex   -5.113887e+00 1.098098e+02 2.585185e+00
      vertex   -5.513185e+00 1.078023e+02 2.585185e+00
    endloop
  endfacet
  facet normal 1.281436e-01 -9.165011e-03 9.917133e-01
    outer loop
      vertex   -4.847322e+00 1.078947e+02 2.500000e+00
      vertex   -5.513185e+00 1.078023e+02 2.585185e+00
      vertex   -5.000000e+00 1.057600e+02 2.500000e+00
    endloop
  endfacet
  facet normal 1.305214e-01 -8.554826e-03 9.914086e-01
    outer loop
      vertex   -5.000000e+00 1.057600e+02 2.500000e+00
      vertex   -5.513185e+00 1.078023e+02 2.585185e+00
      vertex   -5.647048e+00 1.057600e+02 2.585185e+00
    endloop
  endfacet
  facet normal 3.825631e-01 -2.507451e-02 9.235891e-01
    outer loop
      vertex   -5.647048e+00 1.057600e+02 2.585185e+00
      vertex   -5.513185e+00 1.078023e+02 2.585185e+00
      vertex   -6.110979e+00 1.078811e+02 2.834936e+00
    endloop
  endfacet
  facet normal 3.825631e-01 -2.507451e-02 9.235891e-01
    outer loop
      vertex   -5.647048e+00 1.057600e+02 2.585185e+00
      vertex   -6.110979e+00 1.078811e+02 2.834936e+00
      vertex   -6.250000e+00 1.057600e+02 2.834936e+00
    endloop
  endfacet
  facet normal 6.082774e-01 -3.986861e-02 7.927226e-01
    outer loop
      vertex   -6.250000e+00 1.057600e+02 2.834936e+00
      vertex   -6.110979e+00 1.078811e+02 2.834936e+00
      vertex   -6.624316e+00 1.079486e+02 3.232233e+00
    endloop
  endfacet
  facet normal 6.082774e-01 -3.986861e-02 7.927226e-01
    outer loop
      vertex   -6.250000e+00 1.057600e+02 2.834936e+00
      vertex   -6.624316e+00 1.079486e+02 3.232233e+00
      vertex   -6.767767e+00 1.057600e+02 3.232233e+00
    endloop
  endfacet
  facet normal 7.922829e-01 -5.192897e-02 6.079401e-01
    outer loop
      vertex   -6.767767e+00 1.057600e+02 3.232233e+00
      vertex   -6.624316e+00 1.079486e+02 3.232233e+00
      vertex   -7.018214e+00 1.080005e+02 3.750000e+00
    endloop
  endfacet
  facet normal 7.922829e-01 -5.192897e-02 6.079401e-01
    outer loop
      vertex   -6.767767e+00 1.057600e+02 3.232233e+00
      vertex   -7.018214e+00 1.080005e+02 3.750000e+00
      vertex   -7.165064e+00 1.057600e+02 3.750000e+00
    endloop
  endfacet
  facet normal 9.221903e-01 -6.044355e-02 3.819837e-01
    outer loop
      vertex   -7.165064e+00 1.057600e+02 3.750000e+00
      vertex   -7.018214e+00 1.080005e+02 3.750000e+00
      vertex   -7.265828e+00 1.080331e+02 4.352952e+00
    endloop
  endfacet
  facet normal 9.221903e-01 -6.044355e-02 3.819837e-01
    outer loop
      vertex   -7.165064e+00 1.057600e+02 3.750000e+00
      vertex   -7.265828e+00 1.080331e+02 4.352952e+00
      vertex   -7.414815e+00 1.057600e+02 4.352952e+00
    endloop
  endfacet
  facet normal 3.760174e-01 -7.479450e-02 9.235891e-01
    outer loop
      vertex   -6.110979e+00 1.078811e+02 2.834936e+00
      vertex   -5.513185e+00 1.078023e+02 2.585185e+00
      vertex   -5.696295e+00 1.099658e+02 2.834936e+00
    endloop
  endfacet
  facet normal 3.760174e-01 -7.479450e-02 9.235891e-01
    outer loop
      vertex   -5.696295e+00 1.099658e+02 2.834936e+00
      vertex   -5.513185e+00 1.078023e+02 2.585185e+00
      vertex   -5.113887e+00 1.098098e+02 2.585185e+00
    endloop
  endfacet
  facet normal 3.630378e-01 -1.232347e-01 9.235891e-01
    outer loop
      vertex   -5.696295e+00 1.099658e+02 2.834936e+00
      vertex   -5.113887e+00 1.098098e+02 2.585185e+00
      vertex   -5.013042e+00 1.119786e+02 2.834936e+00
    endloop
  endfacet
  facet normal 3.630378e-01 -1.232347e-01 9.235891e-01
    outer loop
      vertex   -5.013042e+00 1.119786e+02 2.834936e+00
      vertex   -5.113887e+00 1.098098e+02 2.585185e+00
      vertex   -4.455987e+00 1.117479e+02 2.585185e+00
    endloop
  endfacet
  facet normal 3.438466e-01 -1.695664e-01 9.235891e-01
    outer loop
      vertex   -5.013042e+00 1.119786e+02 2.834936e+00
      vertex   -4.455987e+00 1.117479e+02 2.585185e+00
      vertex   -4.072913e+00 1.138850e+02 2.834936e+00
    endloop
  endfacet
  facet normal 3.438466e-01 -1.695664e-01 9.235891e-01
    outer loop
      vertex   -4.072913e+00 1.138850e+02 2.834936e+00
      vertex   -4.455987e+00 1.117479e+02 2.585185e+00
      vertex   -3.550741e+00 1.135835e+02 2.585185e+00
    endloop
  endfacet
  facet normal 3.187721e-01 -2.129967e-01 9.235891e-01
    outer loop
      vertex   -4.072913e+00 1.138850e+02 2.834936e+00
      vertex   -3.550741e+00 1.135835e+02 2.585185e+00
      vertex   -2.891992e+00 1.156524e+02 2.834936e+00
    endloop
  endfacet
  facet normal 3.187721e-01 -2.129967e-01 9.235891e-01
    outer loop
      vertex   -2.891992e+00 1.156524e+02 2.834936e+00
      vertex   -3.550741e+00 1.135835e+02 2.585185e+00
      vertex   -2.413637e+00 1.152853e+02 2.585185e+00
    endloop
  endfacet
  facet normal 2.882433e-01 -2.527826e-01 9.235891e-01
    outer loop
      vertex   -2.891992e+00 1.156524e+02 2.834936e+00
      vertex   -2.413637e+00 1.152853e+02 2.585185e+00
      vertex   -1.490485e+00 1.172505e+02 2.834936e+00
    endloop
  endfacet
  facet normal 2.882433e-01 -2.527826e-01 9.235891e-01
    outer loop
      vertex   -1.490485e+00 1.172505e+02 2.834936e+00
      vertex   -2.413637e+00 1.152853e+02 2.585185e+00
      vertex   -1.064133e+00 1.168241e+02 2.585185e+00
    endloop
  endfacet
  facet normal 2.527826e-01 -2.882433e-01 9.235891e-01
    outer loop
      vertex   -1.490485e+00 1.172505e+02 2.834936e+00
      vertex   -1.064133e+00 1.168241e+02 2.585185e+00
      vertex   1.076268e-01 1.186520e+02 2.834936e+00
    endloop
  endfacet
  facet normal 2.527826e-01 -2.882433e-01 9.235891e-01
    outer loop
      vertex   1.076268e-01 1.186520e+02 2.834936e+00
      vertex   -1.064133e+00 1.168241e+02 2.585185e+00
      vertex   4.746809e-01 1.181736e+02 2.585185e+00
    endloop
  endfacet
  facet normal 2.129967e-01 -3.187721e-01 9.235891e-01
    outer loop
      vertex   1.076268e-01 1.186520e+02 2.834936e+00
      vertex   4.746809e-01 1.181736e+02 2.585185e+00
      vertex   1.875000e+00 1.198329e+02 2.834936e+00
    endloop
  endfacet
  facet normal 2.129967e-01 -3.187721e-01 9.235891e-01
    outer loop
      vertex   1.875000e+00 1.198329e+02 2.834936e+00
      vertex   4.746809e-01 1.181736e+02 2.585185e+00
      vertex   2.176476e+00 1.193107e+02 2.585185e+00
    endloop
  endfacet
  facet normal 1.695664e-01 -3.438466e-01 9.235891e-01
    outer loop
      vertex   1.875000e+00 1.198329e+02 2.834936e+00
      vertex   2.176476e+00 1.193107e+02 2.585185e+00
      vertex   3.781394e+00 1.207730e+02 2.834936e+00
    endloop
  endfacet
  facet normal 1.695664e-01 -3.438466e-01 9.235891e-01
    outer loop
      vertex   3.781394e+00 1.207730e+02 2.834936e+00
      vertex   2.176476e+00 1.193107e+02 2.585185e+00
      vertex   4.012134e+00 1.202160e+02 2.585185e+00
    endloop
  endfacet
  facet normal 1.232347e-01 -3.630378e-01 9.235891e-01
    outer loop
      vertex   3.781394e+00 1.207730e+02 2.834936e+00
      vertex   4.012134e+00 1.202160e+02 2.585185e+00
      vertex   5.794191e+00 1.214563e+02 2.834936e+00
    endloop
  endfacet
  facet normal 1.232347e-01 -3.630378e-01 9.235891e-01
    outer loop
      vertex   5.794191e+00 1.214563e+02 2.834936e+00
      vertex   4.012134e+00 1.202160e+02 2.585185e+00
      vertex   5.950246e+00 1.208739e+02 2.585185e+00
    endloop
  endfacet
  facet normal 7.479450e-02 -3.760174e-01 9.235891e-01
    outer loop
      vertex   5.794191e+00 1.214563e+02 2.834936e+00
      vertex   5.950246e+00 1.208739e+02 2.585185e+00
      vertex   7.878949e+00 1.218710e+02 2.834936e+00
    endloop
  endfacet
  facet normal 7.479450e-02 -3.760174e-01 9.235891e-01
    outer loop
      vertex   7.878949e+00 1.218710e+02 2.834936e+00
      vertex   5.950246e+00 1.208739e+02 2.585185e+00
      vertex   7.957650e+00 1.212732e+02 2.585185e+00
    endloop
  endfacet
  facet normal 5.978696e-01 -1.189237e-01 7.927226e-01
    outer loop
      vertex   -6.624316e+00 1.079486e+02 3.232233e+00
      vertex   -6.110979e+00 1.078811e+02 2.834936e+00
      vertex   -6.196419e+00 1.100998e+02 3.232233e+00
    endloop
  endfacet
  facet normal 5.978696e-01 -1.189237e-01 7.927226e-01
    outer loop
      vertex   -6.196419e+00 1.100998e+02 3.232233e+00
      vertex   -6.110979e+00 1.078811e+02 2.834936e+00
      vertex   -5.696295e+00 1.099658e+02 2.834936e+00
    endloop
  endfacet
  facet normal 5.772321e-01 -1.959439e-01 7.927226e-01
    outer loop
      vertex   -6.196419e+00 1.100998e+02 3.232233e+00
      vertex   -5.696295e+00 1.099658e+02 2.834936e+00
      vertex   -5.491397e+00 1.121767e+02 3.232233e+00
    endloop
  endfacet
  facet normal 5.772321e-01 -1.959439e-01 7.927226e-01
    outer loop
      vertex   -5.491397e+00 1.121767e+02 3.232233e+00
      vertex   -5.696295e+00 1.099658e+02 2.834936e+00
      vertex   -5.013042e+00 1.119786e+02 2.834936e+00
    endloop
  endfacet
  facet normal 5.467180e-01 -2.696115e-01 7.927226e-01
    outer loop
      vertex   -5.491397e+00 1.121767e+02 3.232233e+00
      vertex   -5.013042e+00 1.119786e+02 2.834936e+00
      vertex   -4.521312e+00 1.141439e+02 3.232233e+00
    endloop
  endfacet
  facet normal 5.467180e-01 -2.696115e-01 7.927226e-01
    outer loop
      vertex   -4.521312e+00 1.141439e+02 3.232233e+00
      vertex   -5.013042e+00 1.119786e+02 2.834936e+00
      vertex   -4.072913e+00 1.138850e+02 2.834936e+00
    endloop
  endfacet
  facet normal 5.068494e-01 -3.386659e-01 7.927226e-01
    outer loop
      vertex   -4.521312e+00 1.141439e+02 3.232233e+00
      vertex   -4.072913e+00 1.138850e+02 2.834936e+00
      vertex   -3.302764e+00 1.159676e+02 3.232233e+00
    endloop
  endfacet
  facet normal 5.068494e-01 -3.386659e-01 7.927226e-01
    outer loop
      vertex   -3.302764e+00 1.159676e+02 3.232233e+00
      vertex   -4.072913e+00 1.138850e+02 2.834936e+00
      vertex   -2.891992e+00 1.156524e+02 2.834936e+00
    endloop
  endfacet
  facet normal 4.583085e-01 -4.019257e-01 7.927226e-01
    outer loop
      vertex   -3.302764e+00 1.159676e+02 3.232233e+00
      vertex   -2.891992e+00 1.156524e+02 2.834936e+00
      vertex   -1.856602e+00 1.176166e+02 3.232233e+00
    endloop
  endfacet
  facet normal 4.583085e-01 -4.019257e-01 7.927226e-01
    outer loop
      vertex   -1.856602e+00 1.176166e+02 3.232233e+00
      vertex   -2.891992e+00 1.156524e+02 2.834936e+00
      vertex   -1.490485e+00 1.172505e+02 2.834936e+00
    endloop
  endfacet
  facet normal 4.019257e-01 -4.583085e-01 7.927226e-01
    outer loop
      vertex   -1.856602e+00 1.176166e+02 3.232233e+00
      vertex   -1.490485e+00 1.172505e+02 2.834936e+00
      vertex   -2.075698e-01 1.190628e+02 3.232233e+00
    endloop
  endfacet
  facet normal 4.019257e-01 -4.583085e-01 7.927226e-01
    outer loop
      vertex   -2.075698e-01 1.190628e+02 3.232233e+00
      vertex   -1.490485e+00 1.172505e+02 2.834936e+00
      vertex   1.076268e-01 1.186520e+02 2.834936e+00
    endloop
  endfacet
  facet normal 3.386659e-01 -5.068494e-01 7.927226e-01
    outer loop
      vertex   -2.075698e-01 1.190628e+02 3.232233e+00
      vertex   1.076268e-01 1.186520e+02 2.834936e+00
      vertex   1.616117e+00 1.202813e+02 3.232233e+00
    endloop
  endfacet
  facet normal 3.386659e-01 -5.068494e-01 7.927226e-01
    outer loop
      vertex   1.616117e+00 1.202813e+02 3.232233e+00
      vertex   1.076268e-01 1.186520e+02 2.834936e+00
      vertex   1.875000e+00 1.198329e+02 2.834936e+00
    endloop
  endfacet
  facet normal 2.696115e-01 -5.467180e-01 7.927226e-01
    outer loop
      vertex   1.616117e+00 1.202813e+02 3.232233e+00
      vertex   1.875000e+00 1.198329e+02 2.834936e+00
      vertex   3.583253e+00 1.212514e+02 3.232233e+00
    endloop
  endfacet
  facet normal 2.696115e-01 -5.467180e-01 7.927226e-01
    outer loop
      vertex   3.583253e+00 1.212514e+02 3.232233e+00
      vertex   1.875000e+00 1.198329e+02 2.834936e+00
      vertex   3.781394e+00 1.207730e+02 2.834936e+00
    endloop
  endfacet
  facet normal 1.959439e-01 -5.772321e-01 7.927226e-01
    outer loop
      vertex   3.583253e+00 1.212514e+02 3.232233e+00
      vertex   3.781394e+00 1.207730e+02 2.834936e+00
      vertex   5.660183e+00 1.219564e+02 3.232233e+00
    endloop
  endfacet
  facet normal 1.959439e-01 -5.772321e-01 7.927226e-01
    outer loop
      vertex   5.660183e+00 1.219564e+02 3.232233e+00
      vertex   3.781394e+00 1.207730e+02 2.834936e+00
      vertex   5.794191e+00 1.214563e+02 2.834936e+00
    endloop
  endfacet
  facet normal 1.189237e-01 -5.978696e-01 7.927226e-01
    outer loop
      vertex   5.660183e+00 1.219564e+02 3.232233e+00
      vertex   5.794191e+00 1.214563e+02 2.834936e+00
      vertex   7.811367e+00 1.223843e+02 3.232233e+00
    endloop
  endfacet
  facet normal 1.189237e-01 -5.978696e-01 7.927226e-01
    outer loop
      vertex   7.811367e+00 1.223843e+02 3.232233e+00
      vertex   5.794191e+00 1.214563e+02 2.834936e+00
      vertex   7.878949e+00 1.218710e+02 2.834936e+00
    endloop
  endfacet
  facet normal 9.064114e-01 -1.802964e-01 3.819837e-01
    outer loop
      vertex   -6.821419e+00 1.102673e+02 4.352952e+00
      vertex   -7.265828e+00 1.080331e+02 4.352952e+00
      vertex   -7.018214e+00 1.080005e+02 3.750000e+00
    endloop
  endfacet
  facet normal 7.787268e-01 -1.548984e-01 6.079401e-01
    outer loop
      vertex   -7.018214e+00 1.080005e+02 3.750000e+00
      vertex   -6.624316e+00 1.079486e+02 3.232233e+00
      vertex   -6.580178e+00 1.102026e+02 3.750000e+00
    endloop
  endfacet
  facet normal 7.787268e-01 -1.548984e-01 6.079401e-01
    outer loop
      vertex   -6.580178e+00 1.102026e+02 3.750000e+00
      vertex   -6.624316e+00 1.079486e+02 3.232233e+00
      vertex   -6.196419e+00 1.100998e+02 3.232233e+00
    endloop
  endfacet
  facet normal 7.518463e-01 -2.552174e-01 6.079401e-01
    outer loop
      vertex   -6.580178e+00 1.102026e+02 3.750000e+00
      vertex   -6.196419e+00 1.100998e+02 3.232233e+00
      vertex   -5.858451e+00 1.123288e+02 3.750000e+00
    endloop
  endfacet
  facet normal 7.518463e-01 -2.552174e-01 6.079401e-01
    outer loop
      vertex   -5.858451e+00 1.123288e+02 3.750000e+00
      vertex   -6.196419e+00 1.100998e+02 3.232233e+00
      vertex   -5.491397e+00 1.121767e+02 3.232233e+00
    endloop
  endfacet
  facet normal 7.121016e-01 -3.511697e-01 6.079401e-01
    outer loop
      vertex   -5.858451e+00 1.123288e+02 3.750000e+00
      vertex   -5.491397e+00 1.121767e+02 3.232233e+00
      vertex   -4.865381e+00 1.143425e+02 3.750000e+00
    endloop
  endfacet
  facet normal 7.121016e-01 -3.511697e-01 6.079401e-01
    outer loop
      vertex   -4.865381e+00 1.143425e+02 3.750000e+00
      vertex   -5.491397e+00 1.121767e+02 3.232233e+00
      vertex   -4.521312e+00 1.141439e+02 3.232233e+00
    endloop
  endfacet
  facet normal 6.601727e-01 -4.411133e-01 6.079401e-01
    outer loop
      vertex   -4.865381e+00 1.143425e+02 3.750000e+00
      vertex   -4.521312e+00 1.141439e+02 3.232233e+00
      vertex   -3.617960e+00 1.162094e+02 3.750000e+00
    endloop
  endfacet
  facet normal 6.601727e-01 -4.411133e-01 6.079401e-01
    outer loop
      vertex   -3.617960e+00 1.162094e+02 3.750000e+00
      vertex   -4.521312e+00 1.141439e+02 3.232233e+00
      vertex   -3.302764e+00 1.159676e+02 3.232233e+00
    endloop
  endfacet
  facet normal 5.969480e-01 -5.235093e-01 6.079401e-01
    outer loop
      vertex   -3.617960e+00 1.162094e+02 3.750000e+00
      vertex   -3.302764e+00 1.159676e+02 3.232233e+00
      vertex   -2.137533e+00 1.178975e+02 3.750000e+00
    endloop
  endfacet
  facet normal 5.969480e-01 -5.235093e-01 6.079401e-01
    outer loop
      vertex   -2.137533e+00 1.178975e+02 3.750000e+00
      vertex   -3.302764e+00 1.159676e+02 3.232233e+00
      vertex   -1.856602e+00 1.176166e+02 3.232233e+00
    endloop
  endfacet
  facet normal 5.235093e-01 -5.969480e-01 6.079401e-01
    outer loop
      vertex   -2.137533e+00 1.178975e+02 3.750000e+00
      vertex   -1.856602e+00 1.176166e+02 3.232233e+00
      vertex   -4.494286e-01 1.193780e+02 3.750000e+00
    endloop
  endfacet
  facet normal 5.235093e-01 -5.969480e-01 6.079401e-01
    outer loop
      vertex   -4.494286e-01 1.193780e+02 3.750000e+00
      vertex   -1.856602e+00 1.176166e+02 3.232233e+00
      vertex   -2.075698e-01 1.190628e+02 3.232233e+00
    endloop
  endfacet
  facet normal 4.411133e-01 -6.601727e-01 6.079401e-01
    outer loop
      vertex   -4.494286e-01 1.193780e+02 3.750000e+00
      vertex   -2.075698e-01 1.190628e+02 3.232233e+00
      vertex   1.417468e+00 1.206254e+02 3.750000e+00
    endloop
  endfacet
  facet normal 4.411133e-01 -6.601727e-01 6.079401e-01
    outer loop
      vertex   1.417468e+00 1.206254e+02 3.750000e+00
      vertex   -2.075698e-01 1.190628e+02 3.232233e+00
      vertex   1.616117e+00 1.202813e+02 3.232233e+00
    endloop
  endfacet
  facet normal 3.511697e-01 -7.121016e-01 6.079401e-01
    outer loop
      vertex   1.417468e+00 1.206254e+02 3.750000e+00
      vertex   1.616117e+00 1.202813e+02 3.232233e+00
      vertex   3.431215e+00 1.216185e+02 3.750000e+00
    endloop
  endfacet
  facet normal 3.511697e-01 -7.121016e-01 6.079401e-01
    outer loop
      vertex   3.431215e+00 1.216185e+02 3.750000e+00
      vertex   1.616117e+00 1.202813e+02 3.232233e+00
      vertex   3.583253e+00 1.212514e+02 3.232233e+00
    endloop
  endfacet
  facet normal 2.552174e-01 -7.518463e-01 6.079401e-01
    outer loop
      vertex   3.431215e+00 1.216185e+02 3.750000e+00
      vertex   3.583253e+00 1.212514e+02 3.232233e+00
      vertex   5.557355e+00 1.223402e+02 3.750000e+00
    endloop
  endfacet
  facet normal 2.552174e-01 -7.518463e-01 6.079401e-01
    outer loop
      vertex   5.557355e+00 1.223402e+02 3.750000e+00
      vertex   3.583253e+00 1.212514e+02 3.232233e+00
      vertex   5.660183e+00 1.219564e+02 3.232233e+00
    endloop
  endfacet
  facet normal 1.548984e-01 -7.787268e-01 6.079401e-01
    outer loop
      vertex   5.557355e+00 1.223402e+02 3.750000e+00
      vertex   5.660183e+00 1.219564e+02 3.232233e+00
      vertex   7.759510e+00 1.227782e+02 3.750000e+00
    endloop
  endfacet
  facet normal 1.548984e-01 -7.787268e-01 6.079401e-01
    outer loop
      vertex   7.759510e+00 1.227782e+02 3.750000e+00
      vertex   5.660183e+00 1.219564e+02 3.232233e+00
      vertex   7.811367e+00 1.223843e+02 3.232233e+00
    endloop
  endfacet
  facet normal 8.751235e-01 -2.970644e-01 3.819837e-01
    outer loop
      vertex   -6.089191e+00 1.124244e+02 4.352952e+00
      vertex   -6.821419e+00 1.102673e+02 4.352952e+00
      vertex   -6.580178e+00 1.102026e+02 3.750000e+00
    endloop
  endfacet
  facet normal 9.064114e-01 -1.802964e-01 3.819837e-01
    outer loop
      vertex   -6.580178e+00 1.102026e+02 3.750000e+00
      vertex   -6.821419e+00 1.102673e+02 4.352952e+00
      vertex   -7.018214e+00 1.080005e+02 3.750000e+00
    endloop
  endfacet
  facet normal 8.751235e-01 -2.970644e-01 3.819837e-01
    outer loop
      vertex   -6.089191e+00 1.124244e+02 4.352952e+00
      vertex   -6.580178e+00 1.102026e+02 3.750000e+00
      vertex   -5.858451e+00 1.123288e+02 3.750000e+00
    endloop
  endfacet
  facet normal 8.288620e-01 -4.087495e-01 3.819837e-01
    outer loop
      vertex   -5.081672e+00 1.144674e+02 4.352952e+00
      vertex   -6.089191e+00 1.124244e+02 4.352952e+00
      vertex   -5.858451e+00 1.123288e+02 3.750000e+00
    endloop
  endfacet
  facet normal 8.288620e-01 -4.087495e-01 3.819837e-01
    outer loop
      vertex   -5.081672e+00 1.144674e+02 4.352952e+00
      vertex   -5.858451e+00 1.123288e+02 3.750000e+00
      vertex   -4.865381e+00 1.143425e+02 3.750000e+00
    endloop
  endfacet
  facet normal 7.684185e-01 -5.134408e-01 3.819837e-01
    outer loop
      vertex   -3.816101e+00 1.163615e+02 4.352952e+00
      vertex   -5.081672e+00 1.144674e+02 4.352952e+00
      vertex   -4.865381e+00 1.143425e+02 3.750000e+00
    endloop
  endfacet
  facet normal 7.684185e-01 -5.134408e-01 3.819837e-01
    outer loop
      vertex   -3.816101e+00 1.163615e+02 4.352952e+00
      vertex   -4.865381e+00 1.143425e+02 3.750000e+00
      vertex   -3.617960e+00 1.162094e+02 3.750000e+00
    endloop
  endfacet
  facet normal 6.948271e-01 -6.093470e-01 3.819837e-01
    outer loop
      vertex   -2.314133e+00 1.180741e+02 4.352952e+00
      vertex   -3.816101e+00 1.163615e+02 4.352952e+00
      vertex   -3.617960e+00 1.162094e+02 3.750000e+00
    endloop
  endfacet
  facet normal 6.948271e-01 -6.093470e-01 3.819837e-01
    outer loop
      vertex   -2.314133e+00 1.180741e+02 4.352952e+00
      vertex   -3.617960e+00 1.162094e+02 3.750000e+00
      vertex   -2.137533e+00 1.178975e+02 3.750000e+00
    endloop
  endfacet
  facet normal 6.093470e-01 -6.948271e-01 3.819837e-01
    outer loop
      vertex   -6.014674e-01 1.195761e+02 4.352952e+00
      vertex   -2.314133e+00 1.180741e+02 4.352952e+00
      vertex   -2.137533e+00 1.178975e+02 3.750000e+00
    endloop
  endfacet
  facet normal 6.093470e-01 -6.948271e-01 3.819837e-01
    outer loop
      vertex   -6.014674e-01 1.195761e+02 4.352952e+00
      vertex   -2.137533e+00 1.178975e+02 3.750000e+00
      vertex   -4.494286e-01 1.193780e+02 3.750000e+00
    endloop
  endfacet
  facet normal 5.134408e-01 -7.684185e-01 3.819837e-01
    outer loop
      vertex   1.292593e+00 1.208417e+02 4.352952e+00
      vertex   -6.014674e-01 1.195761e+02 4.352952e+00
      vertex   -4.494286e-01 1.193780e+02 3.750000e+00
    endloop
  endfacet
  facet normal 5.134408e-01 -7.684185e-01 3.819837e-01
    outer loop
      vertex   1.292593e+00 1.208417e+02 4.352952e+00
      vertex   -4.494286e-01 1.193780e+02 3.750000e+00
      vertex   1.417468e+00 1.206254e+02 3.750000e+00
    endloop
  endfacet
  facet normal 4.087495e-01 -8.288620e-01 3.819837e-01
    outer loop
      vertex   3.335639e+00 1.218492e+02 4.352952e+00
      vertex   1.292593e+00 1.208417e+02 4.352952e+00
      vertex   1.417468e+00 1.206254e+02 3.750000e+00
    endloop
  endfacet
  facet normal 4.087495e-01 -8.288620e-01 3.819837e-01
    outer loop
      vertex   3.335639e+00 1.218492e+02 4.352952e+00
      vertex   1.417468e+00 1.206254e+02 3.750000e+00
      vertex   3.431215e+00 1.216185e+02 3.750000e+00
    endloop
  endfacet
  facet normal 2.970644e-01 -8.751235e-01 3.819837e-01
    outer loop
      vertex   5.492714e+00 1.225814e+02 4.352952e+00
      vertex   3.335639e+00 1.218492e+02 4.352952e+00
      vertex   3.431215e+00 1.216185e+02 3.750000e+00
    endloop
  endfacet
  facet normal 2.970644e-01 -8.751235e-01 3.819837e-01
    outer loop
      vertex   5.492714e+00 1.225814e+02 4.352952e+00
      vertex   3.431215e+00 1.216185e+02 3.750000e+00
      vertex   5.557355e+00 1.223402e+02 3.750000e+00
    endloop
  endfacet
  facet normal 1.802964e-01 -9.064114e-01 3.819837e-01
    outer loop
      vertex   7.726911e+00 1.230258e+02 4.352952e+00
      vertex   5.492714e+00 1.225814e+02 4.352952e+00
      vertex   5.557355e+00 1.223402e+02 3.750000e+00
    endloop
  endfacet
  facet normal 1.802964e-01 -9.064114e-01 3.819837e-01
    outer loop
      vertex   7.726911e+00 1.230258e+02 4.352952e+00
      vertex   5.557355e+00 1.223402e+02 3.750000e+00
      vertex   7.759510e+00 1.227782e+02 3.750000e+00
    endloop
  endfacet
  facet normal 8.713559e-18 -9.914449e-01 1.305262e-01
    outer loop
      vertex   1.000000e+01 1.231748e+02 4.352952e+00
      vertex   2.330462e+01 1.231748e+02 4.352952e+00
      vertex   1.000000e+01 1.232600e+02 5.000000e+00
    endloop
  endfacet
  facet normal 0.000000e+00 -9.914449e-01 1.305262e-01
    outer loop
      vertex   1.000000e+01 1.232600e+02 5.000000e+00
      vertex   2.330462e+01 1.231748e+02 4.352952e+00
      vertex   3.660923e+01 1.231748e+02 4.352952e+00
    endloop
  endfacet
  facet normal 0.000000e+00 -9.914449e-01 1.305262e-01
    outer loop
      vertex   1.000000e+01 1.232600e+02 5.000000e+00
      vertex   3.660923e+01 1.231748e+02 4.352952e+00
      vertex   4.991385e+01 1.231748e+02 4.352952e+00
    endloop
  endfacet
  facet normal 0.000000e+00 -9.238795e-01 3.826834e-01
    outer loop
      vertex   4.991385e+01 1.231748e+02 4.352952e+00
      vertex   3.660923e+01 1.231748e+02 4.352952e+00
      vertex   4.991385e+01 1.229251e+02 3.750000e+00
    endloop
  endfacet
  facet normal 0.000000e+00 -9.238795e-01 3.826834e-01
    outer loop
      vertex   4.991385e+01 1.231748e+02 4.352952e+00
      vertex   4.991385e+01 1.229251e+02 3.750000e+00
      vertex   6.321846e+01 1.229251e+02 3.750000e+00
    endloop
  endfacet
  facet normal 0.000000e+00 -7.933533e-01 6.087614e-01
    outer loop
      vertex   6.321846e+01 1.229251e+02 3.750000e+00
      vertex   4.991385e+01 1.229251e+02 3.750000e+00
      vertex   6.321846e+01 1.225278e+02 3.232233e+00
    endloop
  endfacet
  facet normal 0.000000e+00 -7.933533e-01 6.087614e-01
    outer loop
      vertex   6.321846e+01 1.229251e+02 3.750000e+00
      vertex   6.321846e+01 1.225278e+02 3.232233e+00
      vertex   7.652308e+01 1.225278e+02 3.232233e+00
    endloop
  endfacet
  facet normal 0.000000e+00 -6.087614e-01 7.933533e-01
    outer loop
      vertex   7.652308e+01 1.225278e+02 3.232233e+00
      vertex   6.321846e+01 1.225278e+02 3.232233e+00
      vertex   7.652308e+01 1.220100e+02 2.834936e+00
    endloop
  endfacet
  facet normal 0.000000e+00 -6.087614e-01 7.933533e-01
    outer loop
      vertex   7.652308e+01 1.225278e+02 3.232233e+00
      vertex   7.652308e+01 1.220100e+02 2.834936e+00
      vertex   8.982769e+01 1.220100e+02 2.834936e+00
    endloop
  endfacet
  facet normal 0.000000e+00 -3.826834e-01 9.238795e-01
    outer loop
      vertex   8.982769e+01 1.220100e+02 2.834936e+00
      vertex   7.652308e+01 1.220100e+02 2.834936e+00
      vertex   8.982769e+01 1.214070e+02 2.585185e+00
    endloop
  endfacet
  facet normal 0.000000e+00 -3.826834e-01 9.238795e-01
    outer loop
      vertex   8.982769e+01 1.220100e+02 2.834936e+00
      vertex   8.982769e+01 1.214070e+02 2.585185e+00
      vertex   1.031323e+02 1.214070e+02 2.585185e+00
    endloop
  endfacet
  facet normal 0.000000e+00 -1.305262e-01 9.914449e-01
    outer loop
      vertex   1.031323e+02 1.214070e+02 2.585185e+00
      vertex   8.982769e+01 1.214070e+02 2.585185e+00
      vertex   1.829600e+02 1.207600e+02 2.500000e+00
    endloop
  endfacet
  facet normal 0.000000e+00 -1.305262e-01 9.914449e-01
    outer loop
      vertex   1.031323e+02 1.214070e+02 2.585185e+00
      vertex   1.829600e+02 1.207600e+02 2.500000e+00
      vertex   1.164369e+02 1.214070e+02 2.585185e+00
    endloop
  endfacet
  facet normal 0.000000e+00 -1.305262e-01 9.914449e-01
    outer loop
      vertex   1.164369e+02 1.214070e+02 2.585185e+00
      vertex   1.829600e+02 1.207600e+02 2.500000e+00
      vertex   1.297415e+02 1.214070e+02 2.585185e+00
    endloop
  endfacet
  facet normal 0.000000e+00 -3.826834e-01 9.238795e-01
    outer loop
      vertex   1.164369e+02 1.214070e+02 2.585185e+00
      vertex   1.297415e+02 1.214070e+02 2.585185e+00
      vertex   1.164369e+02 1.220100e+02 2.834936e+00
    endloop
  endfacet
  facet normal 0.000000e+00 -3.826834e-01 9.238795e-01
    outer loop
      vertex   1.164369e+02 1.220100e+02 2.834936e+00
      vertex   1.297415e+02 1.214070e+02 2.585185e+00
      vertex   1.297415e+02 1.220100e+02 2.834936e+00
    endloop
  endfacet
  facet normal 0.000000e+00 -6.087614e-01 7.933533e-01
    outer loop
      vertex   1.164369e+02 1.220100e+02 2.834936e+00
      vertex   1.297415e+02 1.220100e+02 2.834936e+00
      vertex   1.164369e+02 1.225278e+02 3.232233e+00
    endloop
  endfacet
  facet normal 0.000000e+00 -6.087614e-01 7.933533e-01
    outer loop
      vertex   1.164369e+02 1.225278e+02 3.232233e+00
      vertex   1.297415e+02 1.220100e+02 2.834936e+00
      vertex   1.297415e+02 1.225278e+02 3.232233e+00
    endloop
  endfacet
  facet normal 0.000000e+00 -7.933533e-01 6.087614e-01
    outer loop
      vertex   1.164369e+02 1.225278e+02 3.232233e+00
      vertex   1.297415e+02 1.225278e+02 3.232233e+00
      vertex   1.164369e+02 1.229251e+02 3.750000e+00
    endloop
  endfacet
  facet normal 0.000000e+00 -7.933533e-01 6.087614e-01
    outer loop
      vertex   1.164369e+02 1.229251e+02 3.750000e+00
      vertex   1.297415e+02 1.225278e+02 3.232233e+00
      vertex   1.297415e+02 1.229251e+02 3.750000e+00
    endloop
  endfacet
  facet normal 0.000000e+00 -9.238795e-01 3.826834e-01
    outer loop
      vertex   1.164369e+02 1.229251e+02 3.750000e+00
      vertex   1.297415e+02 1.229251e+02 3.750000e+00
      vertex   1.164369e+02 1.231748e+02 4.352952e+00
    endloop
  endfacet
  facet normal 0.000000e+00 -9.238795e-01 3.826834e-01
    outer loop
      vertex   1.164369e+02 1.231748e+02 4.352952e+00
      vertex   1.297415e+02 1.229251e+02 3.750000e+00
      vertex   1.297415e+02 1.231748e+02 4.352952e+00
    endloop
  endfacet
  facet normal 0.000000e+00 -9.914449e-01 1.305262e-01
    outer loop
      vertex   1.164369e+02 1.231748e+02 4.352952e+00
      vertex   1.297415e+02 1.231748e+02 4.352952e+00
      vertex   1.829600e+02 1.232600e+02 5.000000e+00
    endloop
  endfacet
  facet normal 0.000000e+00 -9.914449e-01 1.305262e-01
    outer loop
      vertex   1.829600e+02 1.232600e+02 5.000000e+00
      vertex   1.297415e+02 1.231748e+02 4.352952e+00
      vertex   1.430462e+02 1.231748e+02 4.352952e+00
    endloop
  endfacet
  facet normal 0.000000e+00 -9.914449e-01 1.305262e-01
    outer loop
      vertex   1.829600e+02 1.232600e+02 5.000000e+00
      vertex   1.430462e+02 1.231748e+02 4.352952e+00
      vertex   1.563508e+02 1.231748e+02 4.352952e+00
    endloop
  endfacet
  facet normal 0.000000e+00 -9.238795e-01 3.826834e-01
    outer loop
      vertex   1.563508e+02 1.231748e+02 4.352952e+00
      vertex   1.430462e+02 1.231748e+02 4.352952e+00
      vertex   1.563508e+02 1.229251e+02 3.750000e+00
    endloop
  endfacet
  facet normal 0.000000e+00 -9.238795e-01 3.826834e-01
    outer loop
      vertex   1.563508e+02 1.231748e+02 4.352952e+00
      vertex   1.563508e+02 1.229251e+02 3.750000e+00
      vertex   1.696554e+02 1.229251e+02 3.750000e+00
    endloop
  endfacet
  facet normal 0.000000e+00 -7.933533e-01 6.087614e-01
    outer loop
      vertex   1.696554e+02 1.229251e+02 3.750000e+00
      vertex   1.563508e+02 1.229251e+02 3.750000e+00
      vertex   1.696554e+02 1.225278e+02 3.232233e+00
    endloop
  endfacet
  facet normal -4.155503e-17 -7.933533e-01 6.087614e-01
    outer loop
      vertex   1.696554e+02 1.229251e+02 3.750000e+00
      vertex   1.696554e+02 1.225278e+02 3.232233e+00
      vertex   1.829600e+02 1.225278e+02 3.232233e+00
    endloop
  endfacet
  facet normal -5.296202e-17 -6.087614e-01 7.933533e-01
    outer loop
      vertex   1.829600e+02 1.225278e+02 3.232233e+00
      vertex   1.696554e+02 1.225278e+02 3.232233e+00
      vertex   1.829600e+02 1.220100e+02 2.834936e+00
    endloop
  endfacet
  facet normal 5.296202e-17 -6.087614e-01 7.933533e-01
    outer loop
      vertex   1.829600e+02 1.220100e+02 2.834936e+00
      vertex   1.696554e+02 1.225278e+02 3.232233e+00
      vertex   1.696554e+02 1.220100e+02 2.834936e+00
    endloop
  endfacet
  facet normal 6.167558e-17 -3.826834e-01 9.238795e-01
    outer loop
      vertex   1.829600e+02 1.220100e+02 2.834936e+00
      vertex   1.696554e+02 1.220100e+02 2.834936e+00
      vertex   1.829600e+02 1.214070e+02 2.585185e+00
    endloop
  endfacet
  facet normal 0.000000e+00 -3.826834e-01 9.238795e-01
    outer loop
      vertex   1.829600e+02 1.214070e+02 2.585185e+00
      vertex   1.696554e+02 1.220100e+02 2.834936e+00
      vertex   1.696554e+02 1.214070e+02 2.585185e+00
    endloop
  endfacet
  facet normal 0.000000e+00 -1.305262e-01 9.914449e-01
    outer loop
      vertex   1.829600e+02 1.214070e+02 2.585185e+00
      vertex   1.696554e+02 1.214070e+02 2.585185e+00
      vertex   1.829600e+02 1.207600e+02 2.500000e+00
    endloop
  endfacet
  facet normal 0.000000e+00 -1.305262e-01 9.914449e-01
    outer loop
      vertex   1.829600e+02 1.207600e+02 2.500000e+00
      vertex   1.696554e+02 1.214070e+02 2.585185e+00
      vertex   1.563508e+02 1.214070e+02 2.585185e+00
    endloop
  endfacet
  facet normal 0.000000e+00 -1.305262e-01 9.914449e-01
    outer loop
      vertex   1.829600e+02 1.207600e+02 2.500000e+00
      vertex   1.563508e+02 1.214070e+02 2.585185e+00
      vertex   1.430462e+02 1.214070e+02 2.585185e+00
    endloop
  endfacet
  facet normal 0.000000e+00 -3.826834e-01 9.238795e-01
    outer loop
      vertex   1.430462e+02 1.214070e+02 2.585185e+00
      vertex   1.563508e+02 1.214070e+02 2.585185e+00
      vertex   1.430462e+02 1.220100e+02 2.834936e+00
    endloop
  endfacet
  facet normal 0.000000e+00 -3.826834e-01 9.238795e-01
    outer loop
      vertex   1.430462e+02 1.214070e+02 2.585185e+00
      vertex   1.430462e+02 1.220100e+02 2.834936e+00
      vertex   1.297415e+02 1.220100e+02 2.834936e+00
    endloop
  endfacet
  facet normal 0.000000e+00 -6.087614e-01 7.933533e-01
    outer loop
      vertex   1.297415e+02 1.220100e+02 2.834936e+00
      vertex   1.430462e+02 1.220100e+02 2.834936e+00
      vertex   1.297415e+02 1.225278e+02 3.232233e+00
    endloop
  endfacet
  facet normal 2.554686e-17 -9.238795e-01 3.826834e-01
    outer loop
      vertex   2.330462e+01 1.231748e+02 4.352952e+00
      vertex   1.000000e+01 1.231748e+02 4.352952e+00
      vertex   2.330462e+01 1.229251e+02 3.750000e+00
    endloop
  endfacet
  facet normal -7.664058e-17 -9.238795e-01 3.826834e-01
    outer loop
      vertex   2.330462e+01 1.229251e+02 3.750000e+00
      vertex   1.000000e+01 1.231748e+02 4.352952e+00
      vertex   1.000000e+01 1.229251e+02 3.750000e+00
    endloop
  endfacet
  facet normal -1.219176e-16 -7.933533e-01 6.087614e-01
    outer loop
      vertex   2.330462e+01 1.229251e+02 3.750000e+00
      vertex   1.000000e+01 1.229251e+02 3.750000e+00
      vertex   2.330462e+01 1.225278e+02 3.232233e+00
    endloop
  endfacet
  facet normal 4.063919e-17 -7.933533e-01 6.087614e-01
    outer loop
      vertex   2.330462e+01 1.225278e+02 3.232233e+00
      vertex   1.000000e+01 1.229251e+02 3.750000e+00
      vertex   1.000000e+01 1.225278e+02 3.232233e+00
    endloop
  endfacet
  facet normal 5.296202e-17 -6.087614e-01 7.933533e-01
    outer loop
      vertex   2.330462e+01 1.225278e+02 3.232233e+00
      vertex   1.000000e+01 1.225278e+02 3.232233e+00
      vertex   2.330462e+01 1.220100e+02 2.834936e+00
    endloop
  endfacet
  facet normal -5.296202e-17 -6.087614e-01 7.933533e-01
    outer loop
      vertex   2.330462e+01 1.220100e+02 2.834936e+00
      vertex   1.000000e+01 1.225278e+02 3.232233e+00
      vertex   1.000000e+01 1.220100e+02 2.834936e+00
    endloop
  endfacet
  facet normal -6.167558e-17 -3.826834e-01 9.238795e-01
    outer loop
      vertex   2.330462e+01 1.220100e+02 2.834936e+00
      vertex   1.000000e+01 1.220100e+02 2.834936e+00
      vertex   2.330462e+01 1.214070e+02 2.585185e+00
    endloop
  endfacet
  facet normal 0.000000e+00 -3.826834e-01 9.238795e-01
    outer loop
      vertex   2.330462e+01 1.214070e+02 2.585185e+00
      vertex   1.000000e+01 1.220100e+02 2.834936e+00
      vertex   1.000000e+01 1.214070e+02 2.585185e+00
    endloop
  endfacet
  facet normal 0.000000e+00 -1.305262e-01 9.914449e-01
    outer loop
      vertex   2.330462e+01 1.214070e+02 2.585185e+00
      vertex   1.000000e+01 1.214070e+02 2.585185e+00
      vertex   1.000000e+01 1.207600e+02 2.500000e+00
    endloop
  endfacet
  facet normal 0.000000e+00 -1.305262e-01 9.914449e-01
    outer loop
      vertex   1.829600e+02 1.207600e+02 2.500000e+00
      vertex   8.982769e+01 1.214070e+02 2.585185e+00
      vertex   1.000000e+01 1.207600e+02 2.500000e+00
    endloop
  endfacet
  facet normal 0.000000e+00 -1.305262e-01 9.914449e-01
    outer loop
      vertex   1.000000e+01 1.207600e+02 2.500000e+00
      vertex   8.982769e+01 1.214070e+02 2.585185e+00
      vertex   7.652308e+01 1.214070e+02 2.585185e+00
    endloop
  endfacet
  facet normal 0.000000e+00 -1.305262e-01 9.914449e-01
    outer loop
      vertex   1.000000e+01 1.207600e+02 2.500000e+00
      vertex   7.652308e+01 1.214070e+02 2.585185e+00
      vertex   6.321846e+01 1.214070e+02 2.585185e+00
    endloop
  endfacet
  facet normal 0.000000e+00 -3.826834e-01 9.238795e-01
    outer loop
      vertex   6.321846e+01 1.214070e+02 2.585185e+00
      vertex   7.652308e+01 1.214070e+02 2.585185e+00
      vertex   6.321846e+01 1.220100e+02 2.834936e+00
    endloop
  endfacet
  facet normal 0.000000e+00 -3.826834e-01 9.238795e-01
    outer loop
      vertex   6.321846e+01 1.214070e+02 2.585185e+00
      vertex   6.321846e+01 1.220100e+02 2.834936e+00
      vertex   4.991385e+01 1.220100e+02 2.834936e+00
    endloop
  endfacet
  facet normal 0.000000e+00 -6.087614e-01 7.933533e-01
    outer loop
      vertex   4.991385e+01 1.220100e+02 2.834936e+00
      vertex   6.321846e+01 1.220100e+02 2.834936e+00
      vertex   4.991385e+01 1.225278e+02 3.232233e+00
    endloop
  endfacet
  facet normal 0.000000e+00 -6.087614e-01 7.933533e-01
    outer loop
      vertex   4.991385e+01 1.220100e+02 2.834936e+00
      vertex   4.991385e+01 1.225278e+02 3.232233e+00
      vertex   3.660923e+01 1.225278e+02 3.232233e+00
    endloop
  endfacet
  facet normal 0.000000e+00 -7.933533e-01 6.087614e-01
    outer loop
      vertex   3.660923e+01 1.225278e+02 3.232233e+00
      vertex   4.991385e+01 1.225278e+02 3.232233e+00
      vertex   3.660923e+01 1.229251e+02 3.750000e+00
    endloop
  endfacet
  facet normal 0.000000e+00 -7.933533e-01 6.087614e-01
    outer loop
      vertex   3.660923e+01 1.225278e+02 3.232233e+00
      vertex   3.660923e+01 1.229251e+02 3.750000e+00
      vertex   2.330462e+01 1.229251e+02 3.750000e+00
    endloop
  endfacet
  facet normal 0.000000e+00 -9.238795e-01 3.826834e-01
    outer loop
      vertex   2.330462e+01 1.229251e+02 3.750000e+00
      vertex   3.660923e+01 1.229251e+02 3.750000e+00
      vertex   2.330462e+01 1.231748e+02 4.352952e+00
    endloop
  endfacet
  facet normal 1.214685e-16 -7.933533e-01 6.087614e-01
    outer loop
      vertex   1.829600e+02 1.225278e+02 3.232233e+00
      vertex   1.829600e+02 1.229251e+02 3.750000e+00
      vertex   1.696554e+02 1.229251e+02 3.750000e+00
    endloop
  endfacet
  facet normal 7.664058e-17 -9.238795e-01 3.826834e-01
    outer loop
      vertex   1.696554e+02 1.229251e+02 3.750000e+00
      vertex   1.829600e+02 1.229251e+02 3.750000e+00
      vertex   1.696554e+02 1.231748e+02 4.352952e+00
    endloop
  endfacet
  facet normal 0.000000e+00 -9.238795e-01 3.826834e-01
    outer loop
      vertex   1.696554e+02 1.229251e+02 3.750000e+00
      vertex   1.696554e+02 1.231748e+02 4.352952e+00
      vertex   1.563508e+02 1.231748e+02 4.352952e+00
    endloop
  endfacet
  facet normal 0.000000e+00 -9.914449e-01 1.305262e-01
    outer loop
      vertex   1.563508e+02 1.231748e+02 4.352952e+00
      vertex   1.696554e+02 1.231748e+02 4.352952e+00
      vertex   1.829600e+02 1.232600e+02 5.000000e+00
    endloop
  endfacet
  facet normal -2.557233e-17 -9.238795e-01 3.826834e-01
    outer loop
      vertex   1.829600e+02 1.229251e+02 3.750000e+00
      vertex   1.829600e+02 1.231748e+02 4.352952e+00
      vertex   1.696554e+02 1.231748e+02 4.352952e+00
    endloop
  endfacet
  facet normal -8.713559e-18 -9.914449e-01 1.305262e-01
    outer loop
      vertex   1.696554e+02 1.231748e+02 4.352952e+00
      vertex   1.829600e+02 1.231748e+02 4.352952e+00
      vertex   1.829600e+02 1.232600e+02 5.000000e+00
    endloop
  endfacet
  facet normal 0.000000e+00 -9.914449e-01 1.305262e-01
    outer loop
      vertex   1.164369e+02 1.231748e+02 4.352952e+00
      vertex   1.829600e+02 1.232600e+02 5.000000e+00
      vertex   1.031323e+02 1.231748e+02 4.352952e+00
    endloop
  endfacet
  facet normal 0.000000e+00 -9.914449e-01 1.305262e-01
    outer loop
      vertex   1.031323e+02 1.231748e+02 4.352952e+00
      vertex   1.829600e+02 1.232600e+02 5.000000e+00
      vertex   1.000000e+01 1.232600e+02 5.000000e+00
    endloop
  endfacet
  facet normal 0.000000e+00 -9.914449e-01 1.305262e-01
    outer loop
      vertex   1.031323e+02 1.231748e+02 4.352952e+00
      vertex   1.000000e+01 1.232600e+02 5.000000e+00
      vertex   8.982769e+01 1.231748e+02 4.352952e+00
    endloop
  endfacet
  facet normal 0.000000e+00 -9.914449e-01 1.305262e-01
    outer loop
      vertex   8.982769e+01 1.231748e+02 4.352952e+00
      vertex   1.000000e+01 1.232600e+02 5.000000e+00
      vertex   7.652308e+01 1.231748e+02 4.352952e+00
    endloop
  endfacet
  facet normal 0.000000e+00 -9.238795e-01 3.826834e-01
    outer loop
      vertex   8.982769e+01 1.231748e+02 4.352952e+00
      vertex   7.652308e+01 1.231748e+02 4.352952e+00
      vertex   8.982769e+01 1.229251e+02 3.750000e+00
    endloop
  endfacet
  facet normal 0.000000e+00 -9.238795e-01 3.826834e-01
    outer loop
      vertex   8.982769e+01 1.229251e+02 3.750000e+00
      vertex   7.652308e+01 1.231748e+02 4.352952e+00
      vertex   7.652308e+01 1.229251e+02 3.750000e+00
    endloop
  endfacet
  facet normal 0.000000e+00 -7.933533e-01 6.087614e-01
    outer loop
      vertex   8.982769e+01 1.229251e+02 3.750000e+00
      vertex   7.652308e+01 1.229251e+02 3.750000e+00
      vertex   8.982769e+01 1.225278e+02 3.232233e+00
    endloop
  endfacet
  facet normal 0.000000e+00 -7.933533e-01 6.087614e-01
    outer loop
      vertex   8.982769e+01 1.225278e+02 3.232233e+00
      vertex   7.652308e+01 1.229251e+02 3.750000e+00
      vertex   7.652308e+01 1.225278e+02 3.232233e+00
    endloop
  endfacet
  facet normal 0.000000e+00 -6.087614e-01 7.933533e-01
    outer loop
      vertex   8.982769e+01 1.225278e+02 3.232233e+00
      vertex   7.652308e+01 1.225278e+02 3.232233e+00
      vertex   8.982769e+01 1.220100e+02 2.834936e+00
    endloop
  endfacet
  facet normal 0.000000e+00 -9.238795e-01 3.826834e-01
    outer loop
      vertex   4.991385e+01 1.229251e+02 3.750000e+00
      vertex   3.660923e+01 1.231748e+02 4.352952e+00
      vertex   3.660923e+01 1.229251e+02 3.750000e+00
    endloop
  endfacet
  facet normal 0.000000e+00 -9.238795e-01 3.826834e-01
    outer loop
      vertex   3.660923e+01 1.229251e+02 3.750000e+00
      vertex   3.660923e+01 1.231748e+02 4.352952e+00
      vertex   2.330462e+01 1.231748e+02 4.352952e+00
    endloop
  endfacet
  facet normal 0.000000e+00 -9.914449e-01 1.305262e-01
    outer loop
      vertex   7.652308e+01 1.231748e+02 4.352952e+00
      vertex   1.000000e+01 1.232600e+02 5.000000e+00
      vertex   6.321846e+01 1.231748e+02 4.352952e+00
    endloop
  endfacet
  facet normal 0.000000e+00 -9.914449e-01 1.305262e-01
    outer loop
      vertex   6.321846e+01 1.231748e+02 4.352952e+00
      vertex   1.000000e+01 1.232600e+02 5.000000e+00
      vertex   4.991385e+01 1.231748e+02 4.352952e+00
    endloop
  endfacet
  facet normal 0.000000e+00 -9.238795e-01 3.826834e-01
    outer loop
      vertex   6.321846e+01 1.231748e+02 4.352952e+00
      vertex   4.991385e+01 1.231748e+02 4.352952e+00
      vertex   6.321846e+01 1.229251e+02 3.750000e+00
    endloop
  endfacet
  facet normal 0.000000e+00 -9.238795e-01 3.826834e-01
    outer loop
      vertex   7.652308e+01 1.229251e+02 3.750000e+00
      vertex   7.652308e+01 1.231748e+02 4.352952e+00
      vertex   6.321846e+01 1.231748e+02 4.352952e+00
    endloop
  endfacet
  facet normal 0.000000e+00 -9.238795e-01 3.826834e-01
    outer loop
      vertex   7.652308e+01 1.229251e+02 3.750000e+00
      vertex   6.321846e+01 1.231748e+02 4.352952e+00
      vertex   6.321846e+01 1.229251e+02 3.750000e+00
    endloop
  endfacet
  facet normal 0.000000e+00 -9.238795e-01 3.826834e-01
    outer loop
      vertex   1.164369e+02 1.229251e+02 3.750000e+00
      vertex   1.164369e+02 1.231748e+02 4.352952e+00
      vertex   1.031323e+02 1.231748e+02 4.352952e+00
    endloop
  endfacet
  facet normal 0.000000e+00 -9.238795e-01 3.826834e-01
    outer loop
      vertex   1.031323e+02 1.231748e+02 4.352952e+00
      vertex   8.982769e+01 1.231748e+02 4.352952e+00
      vertex   1.031323e+02 1.229251e+02 3.750000e+00
    endloop
  endfacet
  facet normal 0.000000e+00 -9.238795e-01 3.826834e-01
    outer loop
      vertex   1.031323e+02 1.229251e+02 3.750000e+00
      vertex   8.982769e+01 1.231748e+02 4.352952e+00
      vertex   8.982769e+01 1.229251e+02 3.750000e+00
    endloop
  endfacet
  facet normal 0.000000e+00 -7.933533e-01 6.087614e-01
    outer loop
      vertex   1.031323e+02 1.229251e+02 3.750000e+00
      vertex   8.982769e+01 1.229251e+02 3.750000e+00
      vertex   1.031323e+02 1.225278e+02 3.232233e+00
    endloop
  endfacet
  facet normal 0.000000e+00 -7.933533e-01 6.087614e-01
    outer loop
      vertex   1.031323e+02 1.225278e+02 3.232233e+00
      vertex   8.982769e+01 1.229251e+02 3.750000e+00
      vertex   8.982769e+01 1.225278e+02 3.232233e+00
    endloop
  endfacet
  facet normal 0.000000e+00 -6.087614e-01 7.933533e-01
    outer loop
      vertex   1.031323e+02 1.225278e+02 3.232233e+00
      vertex   8.982769e+01 1.225278e+02 3.232233e+00
      vertex   1.031323e+02 1.220100e+02 2.834936e+00
    endloop
  endfacet
  facet normal 0.000000e+00 -6.087614e-01 7.933533e-01
    outer loop
      vertex   1.031323e+02 1.220100e+02 2.834936e+00
      vertex   8.982769e+01 1.225278e+02 3.232233e+00
      vertex   8.982769e+01 1.220100e+02 2.834936e+00
    endloop
  endfacet
  facet normal 0.000000e+00 -3.826834e-01 9.238795e-01
    outer loop
      vertex   1.031323e+02 1.220100e+02 2.834936e+00
      vertex   8.982769e+01 1.220100e+02 2.834936e+00
      vertex   1.031323e+02 1.214070e+02 2.585185e+00
    endloop
  endfacet
  facet normal 0.000000e+00 -9.238795e-01 3.826834e-01
    outer loop
      vertex   1.430462e+02 1.231748e+02 4.352952e+00
      vertex   1.297415e+02 1.231748e+02 4.352952e+00
      vertex   1.430462e+02 1.229251e+02 3.750000e+00
    endloop
  endfacet
  facet normal 0.000000e+00 -9.238795e-01 3.826834e-01
    outer loop
      vertex   1.430462e+02 1.229251e+02 3.750000e+00
      vertex   1.297415e+02 1.231748e+02 4.352952e+00
      vertex   1.297415e+02 1.229251e+02 3.750000e+00
    endloop
  endfacet
  facet normal 0.000000e+00 -7.933533e-01 6.087614e-01
    outer loop
      vertex   1.430462e+02 1.229251e+02 3.750000e+00
      vertex   1.297415e+02 1.229251e+02 3.750000e+00
      vertex   1.430462e+02 1.225278e+02 3.232233e+00
    endloop
  endfacet
  facet normal 0.000000e+00 -7.933533e-01 6.087614e-01
    outer loop
      vertex   1.430462e+02 1.225278e+02 3.232233e+00
      vertex   1.297415e+02 1.229251e+02 3.750000e+00
      vertex   1.297415e+02 1.225278e+02 3.232233e+00
    endloop
  endfacet
  facet normal 0.000000e+00 -6.087614e-01 7.933533e-01
    outer loop
      vertex   1.430462e+02 1.225278e+02 3.232233e+00
      vertex   1.297415e+02 1.225278e+02 3.232233e+00
      vertex   1.430462e+02 1.220100e+02 2.834936e+00
    endloop
  endfacet
  facet normal 0.000000e+00 -7.933533e-01 6.087614e-01
    outer loop
      vertex   3.660923e+01 1.225278e+02 3.232233e+00
      vertex   2.330462e+01 1.229251e+02 3.750000e+00
      vertex   2.330462e+01 1.225278e+02 3.232233e+00
    endloop
  endfacet
  facet normal 0.000000e+00 -7.933533e-01 6.087614e-01
    outer loop
      vertex   6.321846e+01 1.225278e+02 3.232233e+00
      vertex   4.991385e+01 1.229251e+02 3.750000e+00
      vertex   4.991385e+01 1.225278e+02 3.232233e+00
    endloop
  endfacet
  facet normal 0.000000e+00 -7.933533e-01 6.087614e-01
    outer loop
      vertex   4.991385e+01 1.225278e+02 3.232233e+00
      vertex   4.991385e+01 1.229251e+02 3.750000e+00
      vertex   3.660923e+01 1.229251e+02 3.750000e+00
    endloop
  endfacet
  facet normal 0.000000e+00 -7.933533e-01 6.087614e-01
    outer loop
      vertex   7.652308e+01 1.225278e+02 3.232233e+00
      vertex   7.652308e+01 1.229251e+02 3.750000e+00
      vertex   6.321846e+01 1.229251e+02 3.750000e+00
    endloop
  endfacet
  facet normal 0.000000e+00 -7.933533e-01 6.087614e-01
    outer loop
      vertex   1.164369e+02 1.225278e+02 3.232233e+00
      vertex   1.164369e+02 1.229251e+02 3.750000e+00
      vertex   1.031323e+02 1.229251e+02 3.750000e+00
    endloop
  endfacet
  facet normal 0.000000e+00 -9.238795e-01 3.826834e-01
    outer loop
      vertex   1.031323e+02 1.229251e+02 3.750000e+00
      vertex   1.164369e+02 1.229251e+02 3.750000e+00
      vertex   1.031323e+02 1.231748e+02 4.352952e+00
    endloop
  endfacet
  facet normal 0.000000e+00 -7.933533e-01 6.087614e-01
    outer loop
      vertex   1.164369e+02 1.225278e+02 3.232233e+00
      vertex   1.031323e+02 1.229251e+02 3.750000e+00
      vertex   1.031323e+02 1.225278e+02 3.232233e+00
    endloop
  endfacet
  facet normal 0.000000e+00 -9.238795e-01 3.826834e-01
    outer loop
      vertex   1.430462e+02 1.231748e+02 4.352952e+00
      vertex   1.430462e+02 1.229251e+02 3.750000e+00
      vertex   1.563508e+02 1.229251e+02 3.750000e+00
    endloop
  endfacet
  facet normal 0.000000e+00 -7.933533e-01 6.087614e-01
    outer loop
      vertex   1.563508e+02 1.229251e+02 3.750000e+00
      vertex   1.430462e+02 1.229251e+02 3.750000e+00
      vertex   1.563508e+02 1.225278e+02 3.232233e+00
    endloop
  endfacet
  facet normal 0.000000e+00 -7.933533e-01 6.087614e-01
    outer loop
      vertex   1.563508e+02 1.229251e+02 3.750000e+00
      vertex   1.563508e+02 1.225278e+02 3.232233e+00
      vertex   1.696554e+02 1.225278e+02 3.232233e+00
    endloop
  endfacet
  facet normal 0.000000e+00 -6.087614e-01 7.933533e-01
    outer loop
      vertex   1.696554e+02 1.225278e+02 3.232233e+00
      vertex   1.563508e+02 1.225278e+02 3.232233e+00
      vertex   1.696554e+02 1.220100e+02 2.834936e+00
    endloop
  endfacet
  facet normal 0.000000e+00 -7.933533e-01 6.087614e-01
    outer loop
      vertex   1.563508e+02 1.225278e+02 3.232233e+00
      vertex   1.430462e+02 1.229251e+02 3.750000e+00
      vertex   1.430462e+02 1.225278e+02 3.232233e+00
    endloop
  endfacet
  facet normal 0.000000e+00 -6.087614e-01 7.933533e-01
    outer loop
      vertex   3.660923e+01 1.225278e+02 3.232233e+00
      vertex   2.330462e+01 1.225278e+02 3.232233e+00
      vertex   3.660923e+01 1.220100e+02 2.834936e+00
    endloop
  endfacet
  facet normal 0.000000e+00 -6.087614e-01 7.933533e-01
    outer loop
      vertex   3.660923e+01 1.220100e+02 2.834936e+00
      vertex   2.330462e+01 1.225278e+02 3.232233e+00
      vertex   2.330462e+01 1.220100e+02 2.834936e+00
    endloop
  endfacet
  facet normal 0.000000e+00 -3.826834e-01 9.238795e-01
    outer loop
      vertex   3.660923e+01 1.220100e+02 2.834936e+00
      vertex   2.330462e+01 1.220100e+02 2.834936e+00
      vertex   3.660923e+01 1.214070e+02 2.585185e+00
    endloop
  endfacet
  facet normal 0.000000e+00 -3.826834e-01 9.238795e-01
    outer loop
      vertex   3.660923e+01 1.214070e+02 2.585185e+00
      vertex   2.330462e+01 1.220100e+02 2.834936e+00
      vertex   2.330462e+01 1.214070e+02 2.585185e+00
    endloop
  endfacet
  facet normal 0.000000e+00 -1.305262e-01 9.914449e-01
    outer loop
      vertex   3.660923e+01 1.214070e+02 2.585185e+00
      vertex   2.330462e+01 1.214070e+02 2.585185e+00
      vertex   1.000000e+01 1.207600e+02 2.500000e+00
    endloop
  endfacet
  facet normal 0.000000e+00 -6.087614e-01 7.933533e-01
    outer loop
      vertex   7.652308e+01 1.220100e+02 2.834936e+00
      vertex   6.321846e+01 1.225278e+02 3.232233e+00
      vertex   6.321846e+01 1.220100e+02 2.834936e+00
    endloop
  endfacet
  facet normal 0.000000e+00 -6.087614e-01 7.933533e-01
    outer loop
      vertex   6.321846e+01 1.220100e+02 2.834936e+00
      vertex   6.321846e+01 1.225278e+02 3.232233e+00
      vertex   4.991385e+01 1.225278e+02 3.232233e+00
    endloop
  endfacet
  facet normal 0.000000e+00 -6.087614e-01 7.933533e-01
    outer loop
      vertex   1.164369e+02 1.220100e+02 2.834936e+00
      vertex   1.164369e+02 1.225278e+02 3.232233e+00
      vertex   1.031323e+02 1.225278e+02 3.232233e+00
    endloop
  endfacet
  facet normal 0.000000e+00 -6.087614e-01 7.933533e-01
    outer loop
      vertex   1.164369e+02 1.220100e+02 2.834936e+00
      vertex   1.031323e+02 1.225278e+02 3.232233e+00
      vertex   1.031323e+02 1.220100e+02 2.834936e+00
    endloop
  endfacet
  facet normal 0.000000e+00 -6.087614e-01 7.933533e-01
    outer loop
      vertex   1.563508e+02 1.225278e+02 3.232233e+00
      vertex   1.430462e+02 1.225278e+02 3.232233e+00
      vertex   1.563508e+02 1.220100e+02 2.834936e+00
    endloop
  endfacet
  facet normal 0.000000e+00 -6.087614e-01 7.933533e-01
    outer loop
      vertex   1.563508e+02 1.220100e+02 2.834936e+00
      vertex   1.430462e+02 1.225278e+02 3.232233e+00
      vertex   1.430462e+02 1.220100e+02 2.834936e+00
    endloop
  endfacet
  facet normal 0.000000e+00 -3.826834e-01 9.238795e-01
    outer loop
      vertex   1.563508e+02 1.220100e+02 2.834936e+00
      vertex   1.430462e+02 1.220100e+02 2.834936e+00
      vertex   1.563508e+02 1.214070e+02 2.585185e+00
    endloop
  endfacet
  facet normal 0.000000e+00 -6.087614e-01 7.933533e-01
    outer loop
      vertex   3.660923e+01 1.225278e+02 3.232233e+00
      vertex   3.660923e+01 1.220100e+02 2.834936e+00
      vertex   4.991385e+01 1.220100e+02 2.834936e+00
    endloop
  endfacet
  facet normal 0.000000e+00 -3.826834e-01 9.238795e-01
    outer loop
      vertex   4.991385e+01 1.220100e+02 2.834936e+00
      vertex   3.660923e+01 1.220100e+02 2.834936e+00
      vertex   4.991385e+01 1.214070e+02 2.585185e+00
    endloop
  endfacet
  facet normal 0.000000e+00 -3.826834e-01 9.238795e-01
    outer loop
      vertex   4.991385e+01 1.220100e+02 2.834936e+00
      vertex   4.991385e+01 1.214070e+02 2.585185e+00
      vertex   6.321846e+01 1.214070e+02 2.585185e+00
    endloop
  endfacet
  facet normal 0.000000e+00 -1.305262e-01 9.914449e-01
    outer loop
      vertex   6.321846e+01 1.214070e+02 2.585185e+00
      vertex   4.991385e+01 1.214070e+02 2.585185e+00
      vertex   1.000000e+01 1.207600e+02 2.500000e+00
    endloop
  endfacet
  facet normal 0.000000e+00 -3.826834e-01 9.238795e-01
    outer loop
      vertex   4.991385e+01 1.214070e+02 2.585185e+00
      vertex   3.660923e+01 1.220100e+02 2.834936e+00
      vertex   3.660923e+01 1.214070e+02 2.585185e+00
    endloop
  endfacet
  facet normal 0.000000e+00 -3.826834e-01 9.238795e-01
    outer loop
      vertex   8.982769e+01 1.214070e+02 2.585185e+00
      vertex   7.652308e+01 1.220100e+02 2.834936e+00
      vertex   7.652308e+01 1.214070e+02 2.585185e+00
    endloop
  endfacet
  facet normal 0.000000e+00 -3.826834e-01 9.238795e-01
    outer loop
      vertex   7.652308e+01 1.214070e+02 2.585185e+00
      vertex   7.652308e+01 1.220100e+02 2.834936e+00
      vertex   6.321846e+01 1.220100e+02 2.834936e+00
    endloop
  endfacet
  facet normal 0.000000e+00 -3.826834e-01 9.238795e-01
    outer loop
      vertex   1.164369e+02 1.214070e+02 2.585185e+00
      vertex   1.164369e+02 1.220100e+02 2.834936e+00
      vertex   1.031323e+02 1.220100e+02 2.834936e+00
    endloop
  endfacet
  facet normal 0.000000e+00 -3.826834e-01 9.238795e-01
    outer loop
      vertex   1.164369e+02 1.214070e+02 2.585185e+00
      vertex   1.031323e+02 1.220100e+02 2.834936e+00
      vertex   1.031323e+02 1.214070e+02 2.585185e+00
    endloop
  endfacet
  facet normal 0.000000e+00 -3.826834e-01 9.238795e-01
    outer loop
      vertex   1.430462e+02 1.214070e+02 2.585185e+00
      vertex   1.297415e+02 1.220100e+02 2.834936e+00
      vertex   1.297415e+02 1.214070e+02 2.585185e+00
    endloop
  endfacet
  facet normal 0.000000e+00 -3.826834e-01 9.238795e-01
    outer loop
      vertex   1.696554e+02 1.214070e+02 2.585185e+00
      vertex   1.696554e+02 1.220100e+02 2.834936e+00
      vertex   1.563508e+02 1.220100e+02 2.834936e+00
    endloop
  endfacet
  facet normal 0.000000e+00 -6.087614e-01 7.933533e-01
    outer loop
      vertex   1.563508e+02 1.220100e+02 2.834936e+00
      vertex   1.696554e+02 1.220100e+02 2.834936e+00
      vertex   1.563508e+02 1.225278e+02 3.232233e+00
    endloop
  endfacet
  facet normal 0.000000e+00 -3.826834e-01 9.238795e-01
    outer loop
      vertex   1.696554e+02 1.214070e+02 2.585185e+00
      vertex   1.563508e+02 1.220100e+02 2.834936e+00
      vertex   1.563508e+02 1.214070e+02 2.585185e+00
    endloop
  endfacet
  facet normal 0.000000e+00 -1.305262e-01 9.914449e-01
    outer loop
      vertex   1.000000e+01 1.207600e+02 2.500000e+00
      vertex   4.991385e+01 1.214070e+02 2.585185e+00
      vertex   3.660923e+01 1.214070e+02 2.585185e+00
    endloop
  endfacet
  facet normal 0.000000e+00 -1.305262e-01 9.914449e-01
    outer loop
      vertex   1.829600e+02 1.207600e+02 2.500000e+00
      vertex   1.430462e+02 1.214070e+02 2.585185e+00
      vertex   1.297415e+02 1.214070e+02 2.585185e+00
    endloop
  endfacet
  facet normal -6.484596e-02 -9.893582e-01 1.302515e-01
    outer loop
      vertex   1.829600e+02 1.232600e+02 5.000000e+00
      vertex   1.829600e+02 1.231748e+02 4.352952e+00
      vertex   1.852442e+02 1.231103e+02 5.000000e+00
    endloop
  endfacet
  facet normal -6.484596e-02 -9.893582e-01 1.302515e-01
    outer loop
      vertex   1.852442e+02 1.231103e+02 5.000000e+00
      vertex   1.829600e+02 1.231748e+02 4.352952e+00
      vertex   1.852331e+02 1.230258e+02 4.352952e+00
    endloop
  endfacet
  facet normal -1.934283e-01 -9.724300e-01 1.302515e-01
    outer loop
      vertex   1.852442e+02 1.231103e+02 5.000000e+00
      vertex   1.852331e+02 1.230258e+02 4.352952e+00
      vertex   1.874893e+02 1.226637e+02 5.000000e+00
    endloop
  endfacet
  facet normal -1.934283e-01 -9.724300e-01 1.302515e-01
    outer loop
      vertex   1.874893e+02 1.226637e+02 5.000000e+00
      vertex   1.852331e+02 1.230258e+02 4.352952e+00
      vertex   1.874673e+02 1.225814e+02 4.352952e+00
    endloop
  endfacet
  facet normal -3.187011e-01 -9.388632e-01 1.302515e-01
    outer loop
      vertex   1.874893e+02 1.226637e+02 5.000000e+00
      vertex   1.874673e+02 1.225814e+02 4.352952e+00
      vertex   1.896570e+02 1.219279e+02 5.000000e+00
    endloop
  endfacet
  facet normal -3.187011e-01 -9.388632e-01 1.302515e-01
    outer loop
      vertex   1.896570e+02 1.219279e+02 5.000000e+00
      vertex   1.874673e+02 1.225814e+02 4.352952e+00
      vertex   1.896244e+02 1.218492e+02 4.352952e+00
    endloop
  endfacet
  facet normal -4.385208e-01 -8.892323e-01 1.302515e-01
    outer loop
      vertex   1.896570e+02 1.219279e+02 5.000000e+00
      vertex   1.896244e+02 1.218492e+02 4.352952e+00
      vertex   1.917100e+02 1.209154e+02 5.000000e+00
    endloop
  endfacet
  facet normal -4.385208e-01 -8.892323e-01 1.302515e-01
    outer loop
      vertex   1.917100e+02 1.209154e+02 5.000000e+00
      vertex   1.896244e+02 1.218492e+02 4.352952e+00
      vertex   1.916674e+02 1.208417e+02 4.352952e+00
    endloop
  endfacet
  facet normal -5.508373e-01 -8.243863e-01 1.302515e-01
    outer loop
      vertex   1.917100e+02 1.209154e+02 5.000000e+00
      vertex   1.916674e+02 1.208417e+02 4.352952e+00
      vertex   1.936133e+02 1.196437e+02 5.000000e+00
    endloop
  endfacet
  facet normal -5.508373e-01 -8.243863e-01 1.302515e-01
    outer loop
      vertex   1.936133e+02 1.196437e+02 5.000000e+00
      vertex   1.916674e+02 1.208417e+02 4.352952e+00
      vertex   1.935615e+02 1.195761e+02 4.352952e+00
    endloop
  endfacet
  facet normal -6.537288e-01 -7.454349e-01 1.302515e-01
    outer loop
      vertex   1.936133e+02 1.196437e+02 5.000000e+00
      vertex   1.935615e+02 1.195761e+02 4.352952e+00
      vertex   1.953344e+02 1.181344e+02 5.000000e+00
    endloop
  endfacet
  facet normal -6.537288e-01 -7.454349e-01 1.302515e-01
    outer loop
      vertex   1.953344e+02 1.181344e+02 5.000000e+00
      vertex   1.935615e+02 1.195761e+02 4.352952e+00
      vertex   1.952741e+02 1.180741e+02 4.352952e+00
    endloop
  endfacet
  facet normal -7.454349e-01 -6.537288e-01 1.302515e-01
    outer loop
      vertex   1.953344e+02 1.181344e+02 5.000000e+00
      vertex   1.952741e+02 1.180741e+02 4.352952e+00
      vertex   1.968437e+02 1.164133e+02 5.000000e+00
    endloop
  endfacet
  facet normal -7.454349e-01 -6.537288e-01 1.302515e-01
    outer loop
      vertex   1.968437e+02 1.164133e+02 5.000000e+00
      vertex   1.952741e+02 1.180741e+02 4.352952e+00
      vertex   1.967761e+02 1.163615e+02 4.352952e+00
    endloop
  endfacet
  facet normal -8.243863e-01 -5.508373e-01 1.302515e-01
    outer loop
      vertex   1.968437e+02 1.164133e+02 5.000000e+00
      vertex   1.967761e+02 1.163615e+02 4.352952e+00
      vertex   1.981154e+02 1.145100e+02 5.000000e+00
    endloop
  endfacet
  facet normal -8.243863e-01 -5.508373e-01 1.302515e-01
    outer loop
      vertex   1.981154e+02 1.145100e+02 5.000000e+00
      vertex   1.967761e+02 1.163615e+02 4.352952e+00
      vertex   1.980417e+02 1.144674e+02 4.352952e+00
    endloop
  endfacet
  facet normal -8.892323e-01 -4.385208e-01 1.302515e-01
    outer loop
      vertex   1.981154e+02 1.145100e+02 5.000000e+00
      vertex   1.980417e+02 1.144674e+02 4.352952e+00
      vertex   1.991279e+02 1.124570e+02 5.000000e+00
    endloop
  endfacet
  facet normal -8.892323e-01 -4.385208e-01 1.302515e-01
    outer loop
      vertex   1.991279e+02 1.124570e+02 5.000000e+00
      vertex   1.980417e+02 1.144674e+02 4.352952e+00
      vertex   1.990492e+02 1.124244e+02 4.352952e+00
    endloop
  endfacet
  facet normal -9.388632e-01 -3.187011e-01 1.302515e-01
    outer loop
      vertex   1.991279e+02 1.124570e+02 5.000000e+00
      vertex   1.990492e+02 1.124244e+02 4.352952e+00
      vertex   1.998637e+02 1.102893e+02 5.000000e+00
    endloop
  endfacet
  facet normal -9.388632e-01 -3.187011e-01 1.302515e-01
    outer loop
      vertex   1.998637e+02 1.102893e+02 5.000000e+00
      vertex   1.990492e+02 1.124244e+02 4.352952e+00
      vertex   1.997814e+02 1.102673e+02 4.352952e+00
    endloop
  endfacet
  facet normal -9.724300e-01 -1.934283e-01 1.302515e-01
    outer loop
      vertex   1.998637e+02 1.102893e+02 5.000000e+00
      vertex   1.997814e+02 1.102673e+02 4.352952e+00
      vertex   2.003103e+02 1.080442e+02 5.000000e+00
    endloop
  endfacet
  facet normal -9.724300e-01 -1.934283e-01 1.302515e-01
    outer loop
      vertex   2.003103e+02 1.080442e+02 5.000000e+00
      vertex   1.997814e+02 1.102673e+02 4.352952e+00
      vertex   2.002258e+02 1.080331e+02 4.352952e+00
    endloop
  endfacet
  facet normal -9.893582e-01 -6.484596e-02 1.302515e-01
    outer loop
      vertex   2.003103e+02 1.080442e+02 5.000000e+00
      vertex   2.002258e+02 1.080331e+02 4.352952e+00
      vertex   2.004600e+02 1.057600e+02 5.000000e+00
    endloop
  endfacet
  facet normal -9.893582e-01 -6.484596e-02 1.302515e-01
    outer loop
      vertex   2.004600e+02 1.057600e+02 5.000000e+00
      vertex   2.002258e+02 1.080331e+02 4.352952e+00
      vertex   2.003748e+02 1.057600e+02 4.352952e+00
    endloop
  endfacet
  facet normal -9.221903e-01 -6.044355e-02 3.819837e-01
    outer loop
      vertex   2.003748e+02 1.057600e+02 4.352952e+00
      vertex   2.002258e+02 1.080331e+02 4.352952e+00
      vertex   1.999782e+02 1.080005e+02 3.750000e+00
    endloop
  endfacet
  facet normal -9.221903e-01 -6.044355e-02 3.819837e-01
    outer loop
      vertex   2.003748e+02 1.057600e+02 4.352952e+00
      vertex   1.999782e+02 1.080005e+02 3.750000e+00
      vertex   2.001251e+02 1.057600e+02 3.750000e+00
    endloop
  endfacet
  facet normal -7.922829e-01 -5.192897e-02 6.079401e-01
    outer loop
      vertex   2.001251e+02 1.057600e+02 3.750000e+00
      vertex   1.999782e+02 1.080005e+02 3.750000e+00
      vertex   1.995843e+02 1.079486e+02 3.232233e+00
    endloop
  endfacet
  facet normal -7.922829e-01 -5.192897e-02 6.079401e-01
    outer loop
      vertex   2.001251e+02 1.057600e+02 3.750000e+00
      vertex   1.995843e+02 1.079486e+02 3.232233e+00
      vertex   1.997278e+02 1.057600e+02 3.232233e+00
    endloop
  endfacet
  facet normal -6.082774e-01 -3.986861e-02 7.927226e-01
    outer loop
      vertex   1.997278e+02 1.057600e+02 3.232233e+00
      vertex   1.995843e+02 1.079486e+02 3.232233e+00
      vertex   1.990710e+02 1.078811e+02 2.834936e+00
    endloop
  endfacet
  facet normal -6.082774e-01 -3.986861e-02 7.927226e-01
    outer loop
      vertex   1.997278e+02 1.057600e+02 3.232233e+00
      vertex   1.990710e+02 1.078811e+02 2.834936e+00
      vertex   1.992100e+02 1.057600e+02 2.834936e+00
    endloop
  endfacet
  facet normal -3.825631e-01 -2.507451e-02 9.235891e-01
    outer loop
      vertex   1.992100e+02 1.057600e+02 2.834936e+00
      vertex   1.990710e+02 1.078811e+02 2.834936e+00
      vertex   1.984732e+02 1.078023e+02 2.585185e+00
    endloop
  endfacet
  facet normal -3.825631e-01 -2.507451e-02 9.235891e-01
    outer loop
      vertex   1.992100e+02 1.057600e+02 2.834936e+00
      vertex   1.984732e+02 1.078023e+02 2.585185e+00
      vertex   1.986070e+02 1.057600e+02 2.585185e+00
    endloop
  endfacet
  facet normal -1.305214e-01 -8.554826e-03 9.914086e-01
    outer loop
      vertex   1.986070e+02 1.057600e+02 2.585185e+00
      vertex   1.984732e+02 1.078023e+02 2.585185e+00
      vertex   1.979600e+02 1.057600e+02 2.500000e+00
    endloop
  endfacet
  facet normal -1.281436e-01 -9.165011e-03 9.917133e-01
    outer loop
      vertex   1.979600e+02 1.057600e+02 2.500000e+00
      vertex   1.984732e+02 1.078023e+02 2.585185e+00
      vertex   1.978073e+02 1.078947e+02 2.500000e+00
    endloop
  endfacet
  facet normal -1.303948e-01 -2.593714e-02 9.911228e-01
    outer loop
      vertex   1.978073e+02 1.078947e+02 2.500000e+00
      vertex   1.984732e+02 1.078023e+02 2.585185e+00
      vertex   1.980739e+02 1.098098e+02 2.585185e+00
    endloop
  endfacet
  facet normal -1.236910e-01 -2.690734e-02 9.919559e-01
    outer loop
      vertex   1.978073e+02 1.078947e+02 2.500000e+00
      vertex   1.980739e+02 1.098098e+02 2.585185e+00
      vertex   1.973524e+02 1.099860e+02 2.500000e+00
    endloop
  endfacet
  facet normal -1.275696e-01 -4.330404e-02 9.908838e-01
    outer loop
      vertex   1.973524e+02 1.099860e+02 2.500000e+00
      vertex   1.980739e+02 1.098098e+02 2.585185e+00
      vertex   1.974160e+02 1.117479e+02 2.585185e+00
    endloop
  endfacet
  facet normal -1.172625e-01 -4.373666e-02 9.921374e-01
    outer loop
      vertex   1.973524e+02 1.099860e+02 2.500000e+00
      vertex   1.974160e+02 1.117479e+02 2.585185e+00
      vertex   1.966045e+02 1.119912e+02 2.500000e+00
    endloop
  endfacet
  facet normal -1.220442e-01 -6.018556e-02 9.906982e-01
    outer loop
      vertex   1.966045e+02 1.119912e+02 2.500000e+00
      vertex   1.974160e+02 1.117479e+02 2.585185e+00
      vertex   1.965107e+02 1.135835e+02 2.585185e+00
    endloop
  endfacet
  facet normal -1.089648e-01 -5.949930e-02 9.922633e-01
    outer loop
      vertex   1.966045e+02 1.119912e+02 2.500000e+00
      vertex   1.965107e+02 1.135835e+02 2.585185e+00
      vertex   1.955788e+02 1.138696e+02 2.500000e+00
    endloop
  endfacet
  facet normal -1.139101e-01 -7.611227e-02 9.905713e-01
    outer loop
      vertex   1.955788e+02 1.138696e+02 2.500000e+00
      vertex   1.965107e+02 1.135835e+02 2.585185e+00
      vertex   1.953736e+02 1.152853e+02 2.585185e+00
    endloop
  endfacet
  facet normal -9.891269e-02 -7.404511e-02 9.923374e-01
    outer loop
      vertex   1.955788e+02 1.138696e+02 2.500000e+00
      vertex   1.953736e+02 1.152853e+02 2.585185e+00
      vertex   1.942962e+02 1.155829e+02 2.500000e+00
    endloop
  endfacet
  facet normal -1.033506e-01 -9.063605e-02 9.905068e-01
    outer loop
      vertex   1.942962e+02 1.155829e+02 2.500000e+00
      vertex   1.953736e+02 1.152853e+02 2.585185e+00
      vertex   1.940241e+02 1.168241e+02 2.585185e+00
    endloop
  endfacet
  facet normal -8.722908e-02 -8.722908e-02 9.923619e-01
    outer loop
      vertex   1.942962e+02 1.155829e+02 2.500000e+00
      vertex   1.940241e+02 1.168241e+02 2.585185e+00
      vertex   1.927829e+02 1.170962e+02 2.500000e+00
    endloop
  endfacet
  facet normal -9.063605e-02 -1.033506e-01 9.905068e-01
    outer loop
      vertex   1.927829e+02 1.170962e+02 2.500000e+00
      vertex   1.940241e+02 1.168241e+02 2.585185e+00
      vertex   1.924853e+02 1.181736e+02 2.585185e+00
    endloop
  endfacet
  facet normal -7.404511e-02 -9.891269e-02 9.923374e-01
    outer loop
      vertex   1.927829e+02 1.170962e+02 2.500000e+00
      vertex   1.924853e+02 1.181736e+02 2.585185e+00
      vertex   1.910696e+02 1.183788e+02 2.500000e+00
    endloop
  endfacet
  facet normal -7.611227e-02 -1.139101e-01 9.905713e-01
    outer loop
      vertex   1.910696e+02 1.183788e+02 2.500000e+00
      vertex   1.924853e+02 1.181736e+02 2.585185e+00
      vertex   1.907835e+02 1.193107e+02 2.585185e+00
    endloop
  endfacet
  facet normal -5.949930e-02 -1.089648e-01 9.922633e-01
    outer loop
      vertex   1.910696e+02 1.183788e+02 2.500000e+00
      vertex   1.907835e+02 1.193107e+02 2.585185e+00
      vertex   1.891912e+02 1.194045e+02 2.500000e+00
    endloop
  endfacet
  facet normal -6.018556e-02 -1.220442e-01 9.906982e-01
    outer loop
      vertex   1.891912e+02 1.194045e+02 2.500000e+00
      vertex   1.907835e+02 1.193107e+02 2.585185e+00
      vertex   1.889479e+02 1.202160e+02 2.585185e+00
    endloop
  endfacet
  facet normal -4.373666e-02 -1.172625e-01 9.921374e-01
    outer loop
      vertex   1.891912e+02 1.194045e+02 2.500000e+00
      vertex   1.889479e+02 1.202160e+02 2.585185e+00
      vertex   1.871860e+02 1.201524e+02 2.500000e+00
    endloop
  endfacet
  facet normal -4.330404e-02 -1.275696e-01 9.908838e-01
    outer loop
      vertex   1.871860e+02 1.201524e+02 2.500000e+00
      vertex   1.889479e+02 1.202160e+02 2.585185e+00
      vertex   1.870098e+02 1.208739e+02 2.585185e+00
    endloop
  endfacet
  facet normal -2.690734e-02 -1.236910e-01 9.919559e-01
    outer loop
      vertex   1.871860e+02 1.201524e+02 2.500000e+00
      vertex   1.870098e+02 1.208739e+02 2.585185e+00
      vertex   1.850947e+02 1.206073e+02 2.500000e+00
    endloop
  endfacet
  facet normal -2.593714e-02 -1.303948e-01 9.911228e-01
    outer loop
      vertex   1.850947e+02 1.206073e+02 2.500000e+00
      vertex   1.870098e+02 1.208739e+02 2.585185e+00
      vertex   1.850023e+02 1.212732e+02 2.585185e+00
    endloop
  endfacet
  facet normal -9.165011e-03 -1.281436e-01 9.917133e-01
    outer loop
      vertex   1.850947e+02 1.206073e+02 2.500000e+00
      vertex   1.850023e+02 1.212732e+02 2.585185e+00
      vertex   1.829600e+02 1.207600e+02 2.500000e+00
    endloop
  endfacet
  facet normal -8.554826e-03 -1.305214e-01 9.914086e-01
    outer loop
      vertex   1.829600e+02 1.207600e+02 2.500000e+00
      vertex   1.850023e+02 1.212732e+02 2.585185e+00
      vertex   1.829600e+02 1.214070e+02 2.585185e+00
    endloop
  endfacet
  facet normal -2.507451e-02 -3.825631e-01 9.235891e-01
    outer loop
      vertex   1.829600e+02 1.214070e+02 2.585185e+00
      vertex   1.850023e+02 1.212732e+02 2.585185e+00
      vertex   1.850811e+02 1.218710e+02 2.834936e+00
    endloop
  endfacet
  facet normal -2.507451e-02 -3.825631e-01 9.235891e-01
    outer loop
      vertex   1.829600e+02 1.214070e+02 2.585185e+00
      vertex   1.850811e+02 1.218710e+02 2.834936e+00
      vertex   1.829600e+02 1.220100e+02 2.834936e+00
    endloop
  endfacet
  facet normal -3.986861e-02 -6.082774e-01 7.927226e-01
    outer loop
      vertex   1.829600e+02 1.220100e+02 2.834936e+00
      vertex   1.850811e+02 1.218710e+02 2.834936e+00
      vertex   1.851486e+02 1.223843e+02 3.232233e+00
    endloop
  endfacet
  facet normal -3.986861e-02 -6.082774e-01 7.927226e-01
    outer loop
      vertex   1.829600e+02 1.220100e+02 2.834936e+00
      vertex   1.851486e+02 1.223843e+02 3.232233e+00
      vertex   1.829600e+02 1.225278e+02 3.232233e+00
    endloop
  endfacet
  facet normal -5.192897e-02 -7.922829e-01 6.079401e-01
    outer loop
      vertex   1.829600e+02 1.225278e+02 3.232233e+00
      vertex   1.851486e+02 1.223843e+02 3.232233e+00
      vertex   1.852005e+02 1.227782e+02 3.750000e+00
    endloop
  endfacet
  facet normal -5.192897e-02 -7.922829e-01 6.079401e-01
    outer loop
      vertex   1.829600e+02 1.225278e+02 3.232233e+00
      vertex   1.852005e+02 1.227782e+02 3.750000e+00
      vertex   1.829600e+02 1.229251e+02 3.750000e+00
    endloop
  endfacet
  facet normal -6.044355e-02 -9.221903e-01 3.819837e-01
    outer loop
      vertex   1.829600e+02 1.229251e+02 3.750000e+00
      vertex   1.852005e+02 1.227782e+02 3.750000e+00
      vertex   1.852331e+02 1.230258e+02 4.352952e+00
    endloop
  endfacet
  facet normal -6.044355e-02 -9.221903e-01 3.819837e-01
    outer loop
      vertex   1.829600e+02 1.229251e+02 3.750000e+00
      vertex   1.852331e+02 1.230258e+02 4.352952e+00
      vertex   1.829600e+02 1.231748e+02 4.352952e+00
    endloop
  endfacet
  facet normal -7.479450e-02 -3.760174e-01 9.235891e-01
    outer loop
      vertex   1.850811e+02 1.218710e+02 2.834936e+00
      vertex   1.850023e+02 1.212732e+02 2.585185e+00
      vertex   1.871658e+02 1.214563e+02 2.834936e+00
    endloop
  endfacet
  facet normal -7.479450e-02 -3.760174e-01 9.235891e-01
    outer loop
      vertex   1.871658e+02 1.214563e+02 2.834936e+00
      vertex   1.850023e+02 1.212732e+02 2.585185e+00
      vertex   1.870098e+02 1.208739e+02 2.585185e+00
    endloop
  endfacet
  facet normal -1.232347e-01 -3.630378e-01 9.235891e-01
    outer loop
      vertex   1.871658e+02 1.214563e+02 2.834936e+00
      vertex   1.870098e+02 1.208739e+02 2.585185e+00
      vertex   1.891786e+02 1.207730e+02 2.834936e+00
    endloop
  endfacet
  facet normal -1.232347e-01 -3.630378e-01 9.235891e-01
    outer loop
      vertex   1.891786e+02 1.207730e+02 2.834936e+00
      vertex   1.870098e+02 1.208739e+02 2.585185e+00
      vertex   1.889479e+02 1.202160e+02 2.585185e+00
    endloop
  endfacet
  facet normal -1.695664e-01 -3.438466e-01 9.235891e-01
    outer loop
      vertex   1.891786e+02 1.207730e+02 2.834936e+00
      vertex   1.889479e+02 1.202160e+02 2.585185e+00
      vertex   1.910850e+02 1.198329e+02 2.834936e+00
    endloop
  endfacet
  facet normal -1.695664e-01 -3.438466e-01 9.235891e-01
    outer loop
      vertex   1.910850e+02 1.198329e+02 2.834936e+00
      vertex   1.889479e+02 1.202160e+02 2.585185e+00
      vertex   1.907835e+02 1.193107e+02 2.585185e+00
    endloop
  endfacet
  facet normal -2.129967e-01 -3.187721e-01 9.235891e-01
    outer loop
      vertex   1.910850e+02 1.198329e+02 2.834936e+00
      vertex   1.907835e+02 1.193107e+02 2.585185e+00
      vertex   1.928524e+02 1.186520e+02 2.834936e+00
    endloop
  endfacet
  facet normal -2.129967e-01 -3.187721e-01 9.235891e-01
    outer loop
      vertex   1.928524e+02 1.186520e+02 2.834936e+00
      vertex   1.907835e+02 1.193107e+02 2.585185e+00
      vertex   1.924853e+02 1.181736e+02 2.585185e+00
    endloop
  endfacet
  facet normal -2.527826e-01 -2.882433e-01 9.235891e-01
    outer loop
      vertex   1.928524e+02 1.186520e+02 2.834936e+00
      vertex   1.924853e+02 1.181736e+02 2.585185e+00
      vertex   1.944505e+02 1.172505e+02 2.834936e+00
    endloop
  endfacet
  facet normal -2.527826e-01 -2.882433e-01 9.235891e-01
    outer loop
      vertex   1.944505e+02 1.172505e+02 2.834936e+00
      vertex   1.924853e+02 1.181736e+02 2.585185e+00
      vertex   1.940241e+02 1.168241e+02 2.585185e+00
    endloop
  endfacet
  facet normal -2.882433e-01 -2.527826e-01 9.235891e-01
    outer loop
      vertex   1.944505e+02 1.172505e+02 2.834936e+00
      vertex   1.940241e+02 1.168241e+02 2.585185e+00
      vertex   1.958520e+02 1.156524e+02 2.834936e+00
    endloop
  endfacet
  facet normal -2.882433e-01 -2.527826e-01 9.235891e-01
    outer loop
      vertex   1.958520e+02 1.156524e+02 2.834936e+00
      vertex   1.940241e+02 1.168241e+02 2.585185e+00
      vertex   1.953736e+02 1.152853e+02 2.585185e+00
    endloop
  endfacet
  facet normal -3.187721e-01 -2.129967e-01 9.235891e-01
    outer loop
      vertex   1.958520e+02 1.156524e+02 2.834936e+00
      vertex   1.953736e+02 1.152853e+02 2.585185e+00
      vertex   1.970329e+02 1.138850e+02 2.834936e+00
    endloop
  endfacet
  facet normal -3.187721e-01 -2.129967e-01 9.235891e-01
    outer loop
      vertex   1.970329e+02 1.138850e+02 2.834936e+00
      vertex   1.953736e+02 1.152853e+02 2.585185e+00
      vertex   1.965107e+02 1.135835e+02 2.585185e+00
    endloop
  endfacet
  facet normal -3.438466e-01 -1.695664e-01 9.235891e-01
    outer loop
      vertex   1.970329e+02 1.138850e+02 2.834936e+00
      vertex   1.965107e+02 1.135835e+02 2.585185e+00
      vertex   1.979730e+02 1.119786e+02 2.834936e+00
    endloop
  endfacet
  facet normal -3.438466e-01 -1.695664e-01 9.235891e-01
    outer loop
      vertex   1.979730e+02 1.119786e+02 2.834936e+00
      vertex   1.965107e+02 1.135835e+02 2.585185e+00
      vertex   1.974160e+02 1.117479e+02 2.585185e+00
    endloop
  endfacet
  facet normal -3.630378e-01 -1.232347e-01 9.235891e-01
    outer loop
      vertex   1.979730e+02 1.119786e+02 2.834936e+00
      vertex   1.974160e+02 1.117479e+02 2.585185e+00
      vertex   1.986563e+02 1.099658e+02 2.834936e+00
    endloop
  endfacet
  facet normal -3.630378e-01 -1.232347e-01 9.235891e-01
    outer loop
      vertex   1.986563e+02 1.099658e+02 2.834936e+00
      vertex   1.974160e+02 1.117479e+02 2.585185e+00
      vertex   1.980739e+02 1.098098e+02 2.585185e+00
    endloop
  endfacet
  facet normal -3.760174e-01 -7.479450e-02 9.235891e-01
    outer loop
      vertex   1.986563e+02 1.099658e+02 2.834936e+00
      vertex   1.980739e+02 1.098098e+02 2.585185e+00
      vertex   1.990710e+02 1.078811e+02 2.834936e+00
    endloop
  endfacet
  facet normal -3.760174e-01 -7.479450e-02 9.235891e-01
    outer loop
      vertex   1.990710e+02 1.078811e+02 2.834936e+00
      vertex   1.980739e+02 1.098098e+02 2.585185e+00
      vertex   1.984732e+02 1.078023e+02 2.585185e+00
    endloop
  endfacet
  facet normal -1.189237e-01 -5.978696e-01 7.927226e-01
    outer loop
      vertex   1.851486e+02 1.223843e+02 3.232233e+00
      vertex   1.850811e+02 1.218710e+02 2.834936e+00
      vertex   1.872998e+02 1.219564e+02 3.232233e+00
    endloop
  endfacet
  facet normal -1.189237e-01 -5.978696e-01 7.927226e-01
    outer loop
      vertex   1.872998e+02 1.219564e+02 3.232233e+00
      vertex   1.850811e+02 1.218710e+02 2.834936e+00
      vertex   1.871658e+02 1.214563e+02 2.834936e+00
    endloop
  endfacet
  facet normal -1.959439e-01 -5.772321e-01 7.927226e-01
    outer loop
      vertex   1.872998e+02 1.219564e+02 3.232233e+00
      vertex   1.871658e+02 1.214563e+02 2.834936e+00
      vertex   1.893767e+02 1.212514e+02 3.232233e+00
    endloop
  endfacet
  facet normal -1.959439e-01 -5.772321e-01 7.927226e-01
    outer loop
      vertex   1.893767e+02 1.212514e+02 3.232233e+00
      vertex   1.871658e+02 1.214563e+02 2.834936e+00
      vertex   1.891786e+02 1.207730e+02 2.834936e+00
    endloop
  endfacet
  facet normal -2.696115e-01 -5.467180e-01 7.927226e-01
    outer loop
      vertex   1.893767e+02 1.212514e+02 3.232233e+00
      vertex   1.891786e+02 1.207730e+02 2.834936e+00
      vertex   1.913439e+02 1.202813e+02 3.232233e+00
    endloop
  endfacet
  facet normal -2.696115e-01 -5.467180e-01 7.927226e-01
    outer loop
      vertex   1.913439e+02 1.202813e+02 3.232233e+00
      vertex   1.891786e+02 1.207730e+02 2.834936e+00
      vertex   1.910850e+02 1.198329e+02 2.834936e+00
    endloop
  endfacet
  facet normal -3.386659e-01 -5.068494e-01 7.927226e-01
    outer loop
      vertex   1.913439e+02 1.202813e+02 3.232233e+00
      vertex   1.910850e+02 1.198329e+02 2.834936e+00
      vertex   1.931676e+02 1.190628e+02 3.232233e+00
    endloop
  endfacet
  facet normal -3.386659e-01 -5.068494e-01 7.927226e-01
    outer loop
      vertex   1.931676e+02 1.190628e+02 3.232233e+00
      vertex   1.910850e+02 1.198329e+02 2.834936e+00
      vertex   1.928524e+02 1.186520e+02 2.834936e+00
    endloop
  endfacet
  facet normal -4.019257e-01 -4.583085e-01 7.927226e-01
    outer loop
      vertex   1.931676e+02 1.190628e+02 3.232233e+00
      vertex   1.928524e+02 1.186520e+02 2.834936e+00
      vertex   1.948166e+02 1.176166e+02 3.232233e+00
    endloop
  endfacet
  facet normal -4.019257e-01 -4.583085e-01 7.927226e-01
    outer loop
      vertex   1.948166e+02 1.176166e+02 3.232233e+00
      vertex   1.928524e+02 1.186520e+02 2.834936e+00
      vertex   1.944505e+02 1.172505e+02 2.834936e+00
    endloop
  endfacet
  facet normal -4.583085e-01 -4.019257e-01 7.927226e-01
    outer loop
      vertex   1.948166e+02 1.176166e+02 3.232233e+00
      vertex   1.944505e+02 1.172505e+02 2.834936e+00
      vertex   1.962628e+02 1.159676e+02 3.232233e+00
    endloop
  endfacet
  facet normal -4.583085e-01 -4.019257e-01 7.927226e-01
    outer loop
      vertex   1.962628e+02 1.159676e+02 3.232233e+00
      vertex   1.944505e+02 1.172505e+02 2.834936e+00
      vertex   1.958520e+02 1.156524e+02 2.834936e+00
    endloop
  endfacet
  facet normal -5.068494e-01 -3.386659e-01 7.927226e-01
    outer loop
      vertex   1.962628e+02 1.159676e+02 3.232233e+00
      vertex   1.958520e+02 1.156524e+02 2.834936e+00
      vertex   1.974813e+02 1.141439e+02 3.232233e+00
    endloop
  endfacet
  facet normal -5.068494e-01 -3.386659e-01 7.927226e-01
    outer loop
      vertex   1.974813e+02 1.141439e+02 3.232233e+00
      vertex   1.958520e+02 1.156524e+02 2.834936e+00
      vertex   1.970329e+02 1.138850e+02 2.834936e+00
    endloop
  endfacet
  facet normal -5.467180e-01 -2.696115e-01 7.927226e-01
    outer loop
      vertex   1.974813e+02 1.141439e+02 3.232233e+00
      vertex   1.970329e+02 1.138850e+02 2.834936e+00
      vertex   1.984514e+02 1.121767e+02 3.232233e+00
    endloop
  endfacet
  facet normal -5.467180e-01 -2.696115e-01 7.927226e-01
    outer loop
      vertex   1.984514e+02 1.121767e+02 3.232233e+00
      vertex   1.970329e+02 1.138850e+02 2.834936e+00
      vertex   1.979730e+02 1.119786e+02 2.834936e+00
    endloop
  endfacet
  facet normal -5.772321e-01 -1.959439e-01 7.927226e-01
    outer loop
      vertex   1.984514e+02 1.121767e+02 3.232233e+00
      vertex   1.979730e+02 1.119786e+02 2.834936e+00
      vertex   1.991564e+02 1.100998e+02 3.232233e+00
    endloop
  endfacet
  facet normal -5.772321e-01 -1.959439e-01 7.927226e-01
    outer loop
      vertex   1.991564e+02 1.100998e+02 3.232233e+00
      vertex   1.979730e+02 1.119786e+02 2.834936e+00
      vertex   1.986563e+02 1.099658e+02 2.834936e+00
    endloop
  endfacet
  facet normal -5.978696e-01 -1.189237e-01 7.927226e-01
    outer loop
      vertex   1.991564e+02 1.100998e+02 3.232233e+00
      vertex   1.986563e+02 1.099658e+02 2.834936e+00
      vertex   1.995843e+02 1.079486e+02 3.232233e+00
    endloop
  endfacet
  facet normal -5.978696e-01 -1.189237e-01 7.927226e-01
    outer loop
      vertex   1.995843e+02 1.079486e+02 3.232233e+00
      vertex   1.986563e+02 1.099658e+02 2.834936e+00
      vertex   1.990710e+02 1.078811e+02 2.834936e+00
    endloop
  endfacet
  facet normal -1.802964e-01 -9.064114e-01 3.819837e-01
    outer loop
      vertex   1.874673e+02 1.225814e+02 4.352952e+00
      vertex   1.852331e+02 1.230258e+02 4.352952e+00
      vertex   1.852005e+02 1.227782e+02 3.750000e+00
    endloop
  endfacet
  facet normal -1.548984e-01 -7.787268e-01 6.079401e-01
    outer loop
      vertex   1.852005e+02 1.227782e+02 3.750000e+00
      vertex   1.851486e+02 1.223843e+02 3.232233e+00
      vertex   1.874026e+02 1.223402e+02 3.750000e+00
    endloop
  endfacet
  facet normal -1.548984e-01 -7.787268e-01 6.079401e-01
    outer loop
      vertex   1.874026e+02 1.223402e+02 3.750000e+00
      vertex   1.851486e+02 1.223843e+02 3.232233e+00
      vertex   1.872998e+02 1.219564e+02 3.232233e+00
    endloop
  endfacet
  facet normal -2.552174e-01 -7.518463e-01 6.079401e-01
    outer loop
      vertex   1.874026e+02 1.223402e+02 3.750000e+00
      vertex   1.872998e+02 1.219564e+02 3.232233e+00
      vertex   1.895288e+02 1.216185e+02 3.750000e+00
    endloop
  endfacet
  facet normal -2.552174e-01 -7.518463e-01 6.079401e-01
    outer loop
      vertex   1.895288e+02 1.216185e+02 3.750000e+00
      vertex   1.872998e+02 1.219564e+02 3.232233e+00
      vertex   1.893767e+02 1.212514e+02 3.232233e+00
    endloop
  endfacet
  facet normal -3.511697e-01 -7.121016e-01 6.079401e-01
    outer loop
      vertex   1.895288e+02 1.216185e+02 3.750000e+00
      vertex   1.893767e+02 1.212514e+02 3.232233e+00
      vertex   1.915425e+02 1.206254e+02 3.750000e+00
    endloop
  endfacet
  facet normal -3.511697e-01 -7.121016e-01 6.079401e-01
    outer loop
      vertex   1.915425e+02 1.206254e+02 3.750000e+00
      vertex   1.893767e+02 1.212514e+02 3.232233e+00
      vertex   1.913439e+02 1.202813e+02 3.232233e+00
    endloop
  endfacet
  facet normal -4.411133e-01 -6.601727e-01 6.079401e-01
    outer loop
      vertex   1.915425e+02 1.206254e+02 3.750000e+00
      vertex   1.913439e+02 1.202813e+02 3.232233e+00
      vertex   1.934094e+02 1.193780e+02 3.750000e+00
    endloop
  endfacet
  facet normal -4.411133e-01 -6.601727e-01 6.079401e-01
    outer loop
      vertex   1.934094e+02 1.193780e+02 3.750000e+00
      vertex   1.913439e+02 1.202813e+02 3.232233e+00
      vertex   1.931676e+02 1.190628e+02 3.232233e+00
    endloop
  endfacet
  facet normal -5.235093e-01 -5.969480e-01 6.079401e-01
    outer loop
      vertex   1.934094e+02 1.193780e+02 3.750000e+00
      vertex   1.931676e+02 1.190628e+02 3.232233e+00
      vertex   1.950975e+02 1.178975e+02 3.750000e+00
    endloop
  endfacet
  facet normal -5.235093e-01 -5.969480e-01 6.079401e-01
    outer loop
      vertex   1.950975e+02 1.178975e+02 3.750000e+00
      vertex   1.931676e+02 1.190628e+02 3.232233e+00
      vertex   1.948166e+02 1.176166e+02 3.232233e+00
    endloop
  endfacet
  facet normal -5.969480e-01 -5.235093e-01 6.079401e-01
    outer loop
      vertex   1.950975e+02 1.178975e+02 3.750000e+00
      vertex   1.948166e+02 1.176166e+02 3.232233e+00
      vertex   1.965780e+02 1.162094e+02 3.750000e+00
    endloop
  endfacet
  facet normal -5.969480e-01 -5.235093e-01 6.079401e-01
    outer loop
      vertex   1.965780e+02 1.162094e+02 3.750000e+00
      vertex   1.948166e+02 1.176166e+02 3.232233e+00
      vertex   1.962628e+02 1.159676e+02 3.232233e+00
    endloop
  endfacet
  facet normal -6.601727e-01 -4.411133e-01 6.079401e-01
    outer loop
      vertex   1.965780e+02 1.162094e+02 3.750000e+00
      vertex   1.962628e+02 1.159676e+02 3.232233e+00
      vertex   1.978254e+02 1.143425e+02 3.750000e+00
    endloop
  endfacet
  facet normal -6.601727e-01 -4.411133e-01 6.079401e-01
    outer loop
      vertex   1.978254e+02 1.143425e+02 3.750000e+00
      vertex   1.962628e+02 1.159676e+02 3.232233e+00
      vertex   1.974813e+02 1.141439e+02 3.232233e+00
    endloop
  endfacet
  facet normal -7.121016e-01 -3.511697e-01 6.079401e-01
    outer loop
      vertex   1.978254e+02 1.143425e+02 3.750000e+00
      vertex   1.974813e+02 1.141439e+02 3.232233e+00
      vertex   1.988185e+02 1.123288e+02 3.750000e+00
    endloop
  endfacet
  facet normal -7.121016e-01 -3.511697e-01 6.079401e-01
    outer loop
      vertex   1.988185e+02 1.123288e+02 3.750000e+00
      vertex   1.974813e+02 1.141439e+02 3.232233e+00
      vertex   1.984514e+02 1.121767e+02 3.232233e+00
    endloop
  endfacet
  facet normal -7.518463e-01 -2.552174e-01 6.079401e-01
    outer loop
      vertex   1.988185e+02 1.123288e+02 3.750000e+00
      vertex   1.984514e+02 1.121767e+02 3.232233e+00
      vertex   1.995402e+02 1.102026e+02 3.750000e+00
    endloop
  endfacet
  facet normal -7.518463e-01 -2.552174e-01 6.079401e-01
    outer loop
      vertex   1.995402e+02 1.102026e+02 3.750000e+00
      vertex   1.984514e+02 1.121767e+02 3.232233e+00
      vertex   1.991564e+02 1.100998e+02 3.232233e+00
    endloop
  endfacet
  facet normal -7.787268e-01 -1.548984e-01 6.079401e-01
    outer loop
      vertex   1.995402e+02 1.102026e+02 3.750000e+00
      vertex   1.991564e+02 1.100998e+02 3.232233e+00
      vertex   1.999782e+02 1.080005e+02 3.750000e+00
    endloop
  endfacet
  facet normal -7.787268e-01 -1.548984e-01 6.079401e-01
    outer loop
      vertex   1.999782e+02 1.080005e+02 3.750000e+00
      vertex   1.991564e+02 1.100998e+02 3.232233e+00
      vertex   1.995843e+02 1.079486e+02 3.232233e+00
    endloop
  endfacet
  facet normal -2.970644e-01 -8.751235e-01 3.819837e-01
    outer loop
      vertex   1.896244e+02 1.218492e+02 4.352952e+00
      vertex   1.874673e+02 1.225814e+02 4.352952e+00
      vertex   1.874026e+02 1.223402e+02 3.750000e+00
    endloop
  endfacet
  facet normal -1.802964e-01 -9.064114e-01 3.819837e-01
    outer loop
      vertex   1.874026e+02 1.223402e+02 3.750000e+00
      vertex   1.874673e+02 1.225814e+02 4.352952e+00
      vertex   1.852005e+02 1.227782e+02 3.750000e+00
    endloop
  endfacet
  facet normal -2.970644e-01 -8.751235e-01 3.819837e-01
    outer loop
      vertex   1.896244e+02 1.218492e+02 4.352952e+00
      vertex   1.874026e+02 1.223402e+02 3.750000e+00
      vertex   1.895288e+02 1.216185e+02 3.750000e+00
    endloop
  endfacet
  facet normal -4.087495e-01 -8.288620e-01 3.819837e-01
    outer loop
      vertex   1.916674e+02 1.208417e+02 4.352952e+00
      vertex   1.896244e+02 1.218492e+02 4.352952e+00
      vertex   1.895288e+02 1.216185e+02 3.750000e+00
    endloop
  endfacet
  facet normal -4.087495e-01 -8.288620e-01 3.819837e-01
    outer loop
      vertex   1.916674e+02 1.208417e+02 4.352952e+00
      vertex   1.895288e+02 1.216185e+02 3.750000e+00
      vertex   1.915425e+02 1.206254e+02 3.750000e+00
    endloop
  endfacet
  facet normal -5.134408e-01 -7.684185e-01 3.819837e-01
    outer loop
      vertex   1.935615e+02 1.195761e+02 4.352952e+00
      vertex   1.916674e+02 1.208417e+02 4.352952e+00
      vertex   1.915425e+02 1.206254e+02 3.750000e+00
    endloop
  endfacet
  facet normal -5.134408e-01 -7.684185e-01 3.819837e-01
    outer loop
      vertex   1.935615e+02 1.195761e+02 4.352952e+00
      vertex   1.915425e+02 1.206254e+02 3.750000e+00
      vertex   1.934094e+02 1.193780e+02 3.750000e+00
    endloop
  endfacet
  facet normal -6.093470e-01 -6.948271e-01 3.819837e-01
    outer loop
      vertex   1.952741e+02 1.180741e+02 4.352952e+00
      vertex   1.935615e+02 1.195761e+02 4.352952e+00
      vertex   1.934094e+02 1.193780e+02 3.750000e+00
    endloop
  endfacet
  facet normal -6.093470e-01 -6.948271e-01 3.819837e-01
    outer loop
      vertex   1.952741e+02 1.180741e+02 4.352952e+00
      vertex   1.934094e+02 1.193780e+02 3.750000e+00
      vertex   1.950975e+02 1.178975e+02 3.750000e+00
    endloop
  endfacet
  facet normal -6.948271e-01 -6.093470e-01 3.819837e-01
    outer loop
      vertex   1.967761e+02 1.163615e+02 4.352952e+00
      vertex   1.952741e+02 1.180741e+02 4.352952e+00
      vertex   1.950975e+02 1.178975e+02 3.750000e+00
    endloop
  endfacet
  facet normal -6.948271e-01 -6.093470e-01 3.819837e-01
    outer loop
      vertex   1.967761e+02 1.163615e+02 4.352952e+00
      vertex   1.950975e+02 1.178975e+02 3.750000e+00
      vertex   1.965780e+02 1.162094e+02 3.750000e+00
    endloop
  endfacet
  facet normal -7.684185e-01 -5.134408e-01 3.819837e-01
    outer loop
      vertex   1.980417e+02 1.144674e+02 4.352952e+00
      vertex   1.967761e+02 1.163615e+02 4.352952e+00
      vertex   1.965780e+02 1.162094e+02 3.750000e+00
    endloop
  endfacet
  facet normal -7.684185e-01 -5.134408e-01 3.819837e-01
    outer loop
      vertex   1.980417e+02 1.144674e+02 4.352952e+00
      vertex   1.965780e+02 1.162094e+02 3.750000e+00
      vertex   1.978254e+02 1.143425e+02 3.750000e+00
    endloop
  endfacet
  facet normal -8.288620e-01 -4.087495e-01 3.819837e-01
    outer loop
      vertex   1.990492e+02 1.124244e+02 4.352952e+00
      vertex   1.980417e+02 1.144674e+02 4.352952e+00
      vertex   1.978254e+02 1.143425e+02 3.750000e+00
    endloop
  endfacet
  facet normal -8.288620e-01 -4.087495e-01 3.819837e-01
    outer loop
      vertex   1.990492e+02 1.124244e+02 4.352952e+00
      vertex   1.978254e+02 1.143425e+02 3.750000e+00
      vertex   1.988185e+02 1.123288e+02 3.750000e+00
    endloop
  endfacet
  facet normal -8.751235e-01 -2.970644e-01 3.819837e-01
    outer loop
      vertex   1.997814e+02 1.102673e+02 4.352952e+00
      vertex   1.990492e+02 1.124244e+02 4.352952e+00
      vertex   1.988185e+02 1.123288e+02 3.750000e+00
    endloop
  endfacet
  facet normal -8.751235e-01 -2.970644e-01 3.819837e-01
    outer loop
      vertex   1.997814e+02 1.102673e+02 4.352952e+00
      vertex   1.988185e+02 1.123288e+02 3.750000e+00
      vertex   1.995402e+02 1.102026e+02 3.750000e+00
    endloop
  endfacet
  facet normal -9.064114e-01 -1.802964e-01 3.819837e-01
    outer loop
      vertex   2.002258e+02 1.080331e+02 4.352952e+00
      vertex   1.997814e+02 1.102673e+02 4.352952e+00
      vertex   1.995402e+02 1.102026e+02 3.750000e+00
    endloop
  endfacet
  facet normal -9.064114e-01 -1.802964e-01 3.819837e-01
    outer loop
      vertex   2.002258e+02 1.080331e+02 4.352952e+00
      vertex   1.995402e+02 1.102026e+02 3.750000e+00
      vertex   1.999782e+02 1.080005e+02 3.750000e+00
    endloop
  endfacet
  facet normal -9.914449e-01 2.488967e-17 1.305262e-01
    outer loop
      vertex   2.003748e+02 1.057600e+02 4.352952e+00
      vertex   2.003748e+02 9.178667e+01 4.352952e+00
      vertex   2.004600e+02 1.057600e+02 5.000000e+00
    endloop
  endfacet
  facet normal -9.914449e-01 -1.673961e-17 1.305262e-01
    outer loop
      vertex   2.004600e+02 1.057600e+02 5.000000e+00
      vertex   2.003748e+02 9.178667e+01 4.352952e+00
      vertex   2.003748e+02 7.781333e+01 4.352952e+00
    endloop
  endfacet
  facet normal -9.914449e-01 -2.041471e-15 1.305262e-01
    outer loop
      vertex   2.004600e+02 1.057600e+02 5.000000e+00
      vertex   2.003748e+02 7.781333e+01 4.352952e+00
      vertex   2.003748e+02 6.384000e+01 4.352952e+00
    endloop
  endfacet
  facet normal -9.238795e-01 -1.952140e-15 3.826834e-01
    outer loop
      vertex   2.003748e+02 6.384000e+01 4.352952e+00
      vertex   2.003748e+02 7.781333e+01 4.352952e+00
      vertex   2.001251e+02 6.384000e+01 3.750000e+00
    endloop
  endfacet
  facet normal -9.238795e-01 -4.869704e-17 3.826834e-01
    outer loop
      vertex   2.003748e+02 6.384000e+01 4.352952e+00
      vertex   2.001251e+02 6.384000e+01 3.750000e+00
      vertex   2.001251e+02 4.986667e+01 3.750000e+00
    endloop
  endfacet
  facet normal -7.933533e-01 -7.738866e-17 6.087614e-01
    outer loop
      vertex   2.001251e+02 4.986667e+01 3.750000e+00
      vertex   2.001251e+02 6.384000e+01 3.750000e+00
      vertex   1.997278e+02 4.986667e+01 3.232233e+00
    endloop
  endfacet
  facet normal -7.933533e-01 -7.608912e-17 6.087614e-01
    outer loop
      vertex   2.001251e+02 4.986667e+01 3.750000e+00
      vertex   1.997278e+02 4.986667e+01 3.232233e+00
      vertex   1.997278e+02 3.589333e+01 3.232233e+00
    endloop
  endfacet
  facet normal -6.087614e-01 -1.008549e-16 7.933533e-01
    outer loop
      vertex   1.997278e+02 3.589333e+01 3.232233e+00
      vertex   1.997278e+02 4.986667e+01 3.232233e+00
      vertex   1.992100e+02 3.589333e+01 2.834936e+00
    endloop
  endfacet
  facet normal -6.087614e-01 -7.304555e-17 7.933533e-01
    outer loop
      vertex   1.997278e+02 3.589333e+01 3.232233e+00
      vertex   1.992100e+02 3.589333e+01 2.834936e+00
      vertex   1.992100e+02 2.192000e+01 2.834936e+00
    endloop
  endfacet
  facet normal -3.826834e-01 -8.808598e-17 9.238795e-01
    outer loop
      vertex   1.992100e+02 2.192000e+01 2.834936e+00
      vertex   1.992100e+02 3.589333e+01 2.834936e+00
      vertex   1.986070e+02 2.192000e+01 2.585185e+00
    endloop
  endfacet
  facet normal -3.826834e-01 0.000000e+00 9.238795e-01
    outer loop
      vertex   1.992100e+02 2.192000e+01 2.834936e+00
      vertex   1.986070e+02 2.192000e+01 2.585185e+00
      vertex   1.986070e+02 7.946667e+00 2.585185e+00
    endloop
  endfacet
  facet normal -1.305262e-01 0.000000e+00 9.914449e-01
    outer loop
      vertex   1.986070e+02 7.946667e+00 2.585185e+00
      vertex   1.986070e+02 2.192000e+01 2.585185e+00
      vertex   1.979600e+02 -2.000000e+01 2.500000e+00
    endloop
  endfacet
  facet normal -1.305262e-01 -9.452790e-17 9.914449e-01
    outer loop
      vertex   1.986070e+02 7.946667e+00 2.585185e+00
      vertex   1.979600e+02 -2.000000e+01 2.500000e+00
      vertex   1.986070e+02 -6.026667e+00 2.585185e+00
    endloop
  endfacet
  facet normal -1.305262e-01 4.096209e-16 9.914449e-01
    outer loop
      vertex   1.986070e+02 -6.026667e+00 2.585185e+00
      vertex   1.979600e+02 -2.000000e+01 2.500000e+00
      vertex   1.986070e+02 -2.000000e+01 2.585185e+00
    endloop
  endfacet
  facet normal -3.826834e-01 3.817059e-16 9.238795e-01
    outer loop
      vertex   1.986070e+02 -6.026667e+00 2.585185e+00
      vertex   1.986070e+02 -2.000000e+01 2.585185e+00
      vertex   1.992100e+02 -6.026667e+00 2.834936e+00
    endloop
  endfacet
  facet normal -3.826834e-01 1.057032e-15 9.238795e-01
    outer loop
      vertex   1.992100e+02 -6.026667e+00 2.834936e+00
      vertex   1.986070e+02 -2.000000e+01 2.585185e+00
      vertex   1.992100e+02 -2.000000e+01 2.834936e+00
    endloop
  endfacet
  facet normal -6.087614e-01 9.076938e-16 7.933533e-01
    outer loop
      vertex   1.992100e+02 -6.026667e+00 2.834936e+00
      vertex   1.992100e+02 -2.000000e+01 2.834936e+00
      vertex   1.997278e+02 -6.026667e+00 3.232233e+00
    endloop
  endfacet
  facet normal -6.087614e-01 7.059840e-16 7.933533e-01
    outer loop
      vertex   1.997278e+02 -6.026667e+00 3.232233e+00
      vertex   1.992100e+02 -2.000000e+01 2.834936e+00
      vertex   1.997278e+02 -2.000000e+01 3.232233e+00
    endloop
  endfacet
  facet normal -7.933533e-01 5.417206e-16 6.087614e-01
    outer loop
      vertex   1.997278e+02 -6.026667e+00 3.232233e+00
      vertex   1.997278e+02 -2.000000e+01 3.232233e+00
      vertex   2.001251e+02 -6.026667e+00 3.750000e+00
    endloop
  endfacet
  facet normal -7.933533e-01 2.619730e-15 6.087614e-01
    outer loop
      vertex   2.001251e+02 -6.026667e+00 3.750000e+00
      vertex   1.997278e+02 -2.000000e+01 3.232233e+00
      vertex   2.001251e+02 -2.000000e+01 3.750000e+00
    endloop
  endfacet
  facet normal -9.238795e-01 2.511599e-15 3.826834e-01
    outer loop
      vertex   2.001251e+02 -6.026667e+00 3.750000e+00
      vertex   2.001251e+02 -2.000000e+01 3.750000e+00
      vertex   2.003748e+02 -6.026667e+00 4.352952e+00
    endloop
  endfacet
  facet normal -9.238795e-01 2.244032e-15 3.826834e-01
    outer loop
      vertex   2.003748e+02 -6.026667e+00 4.352952e+00
      vertex   2.001251e+02 -2.000000e+01 3.750000e+00
      vertex   2.003748e+02 -2.000000e+01 4.352952e+00
    endloop
  endfacet
  facet normal -9.914449e-01 2.141044e-15 1.305262e-01
    outer loop
      vertex   2.003748e+02 -6.026667e+00 4.352952e+00
      vertex   2.003748e+02 -2.000000e+01 4.352952e+00
      vertex   2.004600e+02 -2.000000e+01 5.000000e+00
    endloop
  endfacet
  facet normal -9.238795e-01 7.297282e-17 3.826834e-01
    outer loop
      vertex   2.003748e+02 9.178667e+01 4.352952e+00
      vertex   2.003748e+02 1.057600e+02 4.352952e+00
      vertex   2.001251e+02 9.178667e+01 3.750000e+00
    endloop
  endfacet
  facet normal -9.238795e-01 -1.824320e-16 3.826834e-01
    outer loop
      vertex   2.001251e+02 9.178667e+01 3.750000e+00
      vertex   2.003748e+02 1.057600e+02 4.352952e+00
      vertex   2.001251e+02 1.057600e+02 3.750000e+00
    endloop
  endfacet
  facet normal -7.933533e-01 -2.902075e-16 6.087614e-01
    outer loop
      vertex   2.001251e+02 9.178667e+01 3.750000e+00
      vertex   2.001251e+02 1.057600e+02 3.750000e+00
      vertex   1.997278e+02 9.178667e+01 3.232233e+00
    endloop
  endfacet
  facet normal -7.933533e-01 5.804149e-17 6.087614e-01
    outer loop
      vertex   1.997278e+02 9.178667e+01 3.232233e+00
      vertex   2.001251e+02 1.057600e+02 3.750000e+00
      vertex   1.997278e+02 1.057600e+02 3.232233e+00
    endloop
  endfacet
  facet normal -6.087614e-01 7.564115e-17 7.933533e-01
    outer loop
      vertex   1.997278e+02 9.178667e+01 3.232233e+00
      vertex   1.997278e+02 1.057600e+02 3.232233e+00
      vertex   1.992100e+02 9.178667e+01 2.834936e+00
    endloop
  endfacet
  facet normal -6.087614e-01 -3.529920e-16 7.933533e-01
    outer loop
      vertex   1.992100e+02 9.178667e+01 2.834936e+00
      vertex   1.997278e+02 1.057600e+02 3.232233e+00
      vertex   1.992100e+02 1.057600e+02 2.834936e+00
    endloop
  endfacet
  facet normal -3.826834e-01 -4.110679e-16 9.238795e-01
    outer loop
      vertex   1.992100e+02 9.178667e+01 2.834936e+00
      vertex   1.992100e+02 1.057600e+02 2.834936e+00
      vertex   1.986070e+02 9.178667e+01 2.585185e+00
    endloop
  endfacet
  facet normal -3.826834e-01 6.902907e-16 9.238795e-01
    outer loop
      vertex   1.986070e+02 9.178667e+01 2.585185e+00
      vertex   1.992100e+02 1.057600e+02 2.834936e+00
      vertex   1.986070e+02 1.057600e+02 2.585185e+00
    endloop
  endfacet
  facet normal -1.305262e-01 1.709619e-16 9.914449e-01
    outer loop
      vertex   1.986070e+02 9.178667e+01 2.585185e+00
      vertex   1.986070e+02 1.057600e+02 2.585185e+00
      vertex   1.979600e+02 1.057600e+02 2.500000e+00
    endloop
  endfacet
  facet normal -1.305262e-01 0.000000e+00 9.914449e-01
    outer loop
      vertex   1.979600e+02 -2.000000e+01 2.500000e+00
      vertex   1.986070e+02 4.986667e+01 2.585185e+00
      vertex   1.979600e+02 1.057600e+02 2.500000e+00
    endloop
  endfacet
  facet normal -1.305262e-01 -6.315397e-17 9.914449e-01
    outer loop
      vertex   1.979600e+02 1.057600e+02 2.500000e+00
      vertex   1.986070e+02 4.986667e+01 2.585185e+00
      vertex   1.986070e+02 6.384000e+01 2.585185e+00
    endloop
  endfacet
  facet normal -1.305262e-01 -3.287050e-16 9.914449e-01
    outer loop
      vertex   1.979600e+02 1.057600e+02 2.500000e+00
      vertex   1.986070e+02 6.384000e+01 2.585185e+00
      vertex   1.986070e+02 7.781333e+01 2.585185e+00
    endloop
  endfacet
  facet normal -3.826834e-01 -8.371007e-16 9.238795e-01
    outer loop
      vertex   1.986070e+02 7.781333e+01 2.585185e+00
      vertex   1.986070e+02 6.384000e+01 2.585185e+00
      vertex   1.992100e+02 7.781333e+01 2.834936e+00
    endloop
  endfacet
  facet normal -3.826834e-01 -8.826338e-17 9.238795e-01
    outer loop
      vertex   1.986070e+02 7.781333e+01 2.585185e+00
      vertex   1.992100e+02 7.781333e+01 2.834936e+00
      vertex   1.992100e+02 9.178667e+01 2.834936e+00
    endloop
  endfacet
  facet normal -6.087614e-01 -7.564115e-17 7.933533e-01
    outer loop
      vertex   1.992100e+02 9.178667e+01 2.834936e+00
      vertex   1.992100e+02 7.781333e+01 2.834936e+00
      vertex   1.997278e+02 9.178667e+01 3.232233e+00
    endloop
  endfacet
  facet normal -9.914449e-01 -2.240661e-16 1.305262e-01
    outer loop
      vertex   2.004600e+02 1.057600e+02 5.000000e+00
      vertex   2.003748e+02 3.589333e+01 4.352952e+00
      vertex   2.004600e+02 -2.000000e+01 5.000000e+00
    endloop
  endfacet
  facet normal -9.914449e-01 -2.510941e-17 1.305262e-01
    outer loop
      vertex   2.004600e+02 -2.000000e+01 5.000000e+00
      vertex   2.003748e+02 3.589333e+01 4.352952e+00
      vertex   2.003748e+02 2.192000e+01 4.352952e+00
    endloop
  endfacet
  facet normal -9.914449e-01 -1.673961e-17 1.305262e-01
    outer loop
      vertex   2.004600e+02 -2.000000e+01 5.000000e+00
      vertex   2.003748e+02 2.192000e+01 4.352952e+00
      vertex   2.003748e+02 7.946667e+00 4.352952e+00
    endloop
  endfacet
  facet normal -9.238795e-01 -4.864854e-17 3.826834e-01
    outer loop
      vertex   2.003748e+02 7.946667e+00 4.352952e+00
      vertex   2.003748e+02 2.192000e+01 4.352952e+00
      vertex   2.001251e+02 7.946667e+00 3.750000e+00
    endloop
  endfacet
  facet normal -9.238795e-01 -4.869704e-17 3.826834e-01
    outer loop
      vertex   2.003748e+02 7.946667e+00 4.352952e+00
      vertex   2.001251e+02 7.946667e+00 3.750000e+00
      vertex   2.001251e+02 -6.026667e+00 3.750000e+00
    endloop
  endfacet
  facet normal -7.933533e-01 -7.738866e-17 6.087614e-01
    outer loop
      vertex   2.001251e+02 -6.026667e+00 3.750000e+00
      vertex   2.001251e+02 7.946667e+00 3.750000e+00
      vertex   1.997278e+02 -6.026667e+00 3.232233e+00
    endloop
  endfacet
  facet normal -9.238795e-01 -4.864854e-17 3.826834e-01
    outer loop
      vertex   2.003748e+02 7.781333e+01 4.352952e+00
      vertex   2.003748e+02 9.178667e+01 4.352952e+00
      vertex   2.001251e+02 7.781333e+01 3.750000e+00
    endloop
  endfacet
  facet normal -9.238795e-01 -6.081068e-17 3.826834e-01
    outer loop
      vertex   2.001251e+02 7.781333e+01 3.750000e+00
      vertex   2.003748e+02 9.178667e+01 4.352952e+00
      vertex   2.001251e+02 9.178667e+01 3.750000e+00
    endloop
  endfacet
  facet normal -7.933533e-01 -9.673582e-17 6.087614e-01
    outer loop
      vertex   2.001251e+02 7.781333e+01 3.750000e+00
      vertex   2.001251e+02 9.178667e+01 3.750000e+00
      vertex   1.997278e+02 7.781333e+01 3.232233e+00
    endloop
  endfacet
  facet normal -7.933533e-01 -9.673582e-17 6.087614e-01
    outer loop
      vertex   1.997278e+02 7.781333e+01 3.232233e+00
      vertex   2.001251e+02 9.178667e+01 3.750000e+00
      vertex   1.997278e+02 9.178667e+01 3.232233e+00
    endloop
  endfacet
  facet normal -6.087614e-01 -1.260686e-16 7.933533e-01
    outer loop
      vertex   1.997278e+02 7.781333e+01 3.232233e+00
      vertex   1.997278e+02 9.178667e+01 3.232233e+00
      vertex   1.992100e+02 7.781333e+01 2.834936e+00
    endloop
  endfacet
  facet normal -9.914449e-01 -1.659311e-17 1.305262e-01
    outer loop
      vertex   2.003748e+02 3.589333e+01 4.352952e+00
      vertex   2.004600e+02 1.057600e+02 5.000000e+00
      vertex   2.003748e+02 4.986667e+01 4.352952e+00
    endloop
  endfacet
  facet normal -9.914449e-01 -2.488967e-17 1.305262e-01
    outer loop
      vertex   2.003748e+02 4.986667e+01 4.352952e+00
      vertex   2.004600e+02 1.057600e+02 5.000000e+00
      vertex   2.003748e+02 6.384000e+01 4.352952e+00
    endloop
  endfacet
  facet normal -9.238795e-01 -7.297282e-17 3.826834e-01
    outer loop
      vertex   2.003748e+02 4.986667e+01 4.352952e+00
      vertex   2.003748e+02 6.384000e+01 4.352952e+00
      vertex   2.001251e+02 4.986667e+01 3.750000e+00
    endloop
  endfacet
  facet normal -9.238795e-01 -4.864854e-17 3.826834e-01
    outer loop
      vertex   2.003748e+02 3.589333e+01 4.352952e+00
      vertex   2.003748e+02 4.986667e+01 4.352952e+00
      vertex   2.001251e+02 3.589333e+01 3.750000e+00
    endloop
  endfacet
  facet normal -9.238795e-01 -9.729709e-17 3.826834e-01
    outer loop
      vertex   2.001251e+02 3.589333e+01 3.750000e+00
      vertex   2.003748e+02 4.986667e+01 4.352952e+00
      vertex   2.001251e+02 4.986667e+01 3.750000e+00
    endloop
  endfacet
  facet normal -7.933533e-01 -1.547773e-16 6.087614e-01
    outer loop
      vertex   2.001251e+02 3.589333e+01 3.750000e+00
      vertex   2.001251e+02 4.986667e+01 3.750000e+00
      vertex   1.997278e+02 3.589333e+01 3.232233e+00
    endloop
  endfacet
  facet normal -9.914449e-01 -2.488967e-17 1.305262e-01
    outer loop
      vertex   2.003748e+02 -6.026667e+00 4.352952e+00
      vertex   2.004600e+02 -2.000000e+01 5.000000e+00
      vertex   2.003748e+02 7.946667e+00 4.352952e+00
    endloop
  endfacet
  facet normal -9.238795e-01 -7.297282e-17 3.826834e-01
    outer loop
      vertex   2.003748e+02 2.192000e+01 4.352952e+00
      vertex   2.003748e+02 3.589333e+01 4.352952e+00
      vertex   2.001251e+02 2.192000e+01 3.750000e+00
    endloop
  endfacet
  facet normal -9.238795e-01 -4.864854e-17 3.826834e-01
    outer loop
      vertex   2.001251e+02 2.192000e+01 3.750000e+00
      vertex   2.003748e+02 3.589333e+01 4.352952e+00
      vertex   2.001251e+02 3.589333e+01 3.750000e+00
    endloop
  endfacet
  facet normal -7.933533e-01 -7.738866e-17 6.087614e-01
    outer loop
      vertex   2.001251e+02 2.192000e+01 3.750000e+00
      vertex   2.001251e+02 3.589333e+01 3.750000e+00
      vertex   1.997278e+02 2.192000e+01 3.232233e+00
    endloop
  endfacet
  facet normal -7.933533e-01 -1.160830e-16 6.087614e-01
    outer loop
      vertex   1.997278e+02 2.192000e+01 3.232233e+00
      vertex   2.001251e+02 3.589333e+01 3.750000e+00
      vertex   1.997278e+02 3.589333e+01 3.232233e+00
    endloop
  endfacet
  facet normal -6.087614e-01 -1.512823e-16 7.933533e-01
    outer loop
      vertex   1.997278e+02 2.192000e+01 3.232233e+00
      vertex   1.997278e+02 3.589333e+01 3.232233e+00
      vertex   1.992100e+02 2.192000e+01 2.834936e+00
    endloop
  endfacet
  facet normal -9.238795e-01 -7.304555e-17 3.826834e-01
    outer loop
      vertex   2.001251e+02 -6.026667e+00 3.750000e+00
      vertex   2.003748e+02 -6.026667e+00 4.352952e+00
      vertex   2.003748e+02 7.946667e+00 4.352952e+00
    endloop
  endfacet
  facet normal -9.238795e-01 -1.950925e-15 3.826834e-01
    outer loop
      vertex   2.003748e+02 7.781333e+01 4.352952e+00
      vertex   2.001251e+02 7.781333e+01 3.750000e+00
      vertex   2.001251e+02 6.384000e+01 3.750000e+00
    endloop
  endfacet
  facet normal -7.933533e-01 -1.729761e-15 6.087614e-01
    outer loop
      vertex   2.001251e+02 6.384000e+01 3.750000e+00
      vertex   2.001251e+02 7.781333e+01 3.750000e+00
      vertex   1.997278e+02 6.384000e+01 3.232233e+00
    endloop
  endfacet
  facet normal -7.933533e-01 1.537000e-15 6.087614e-01
    outer loop
      vertex   2.001251e+02 6.384000e+01 3.750000e+00
      vertex   1.997278e+02 6.384000e+01 3.232233e+00
      vertex   1.997278e+02 4.986667e+01 3.232233e+00
    endloop
  endfacet
  facet normal -6.087614e-01 1.137364e-15 7.933533e-01
    outer loop
      vertex   1.997278e+02 4.986667e+01 3.232233e+00
      vertex   1.997278e+02 6.384000e+01 3.232233e+00
      vertex   1.992100e+02 4.986667e+01 2.834936e+00
    endloop
  endfacet
  facet normal -6.087614e-01 -1.004376e-16 7.933533e-01
    outer loop
      vertex   1.997278e+02 4.986667e+01 3.232233e+00
      vertex   1.992100e+02 4.986667e+01 2.834936e+00
      vertex   1.992100e+02 3.589333e+01 2.834936e+00
    endloop
  endfacet
  facet normal -3.826834e-01 -1.174480e-16 9.238795e-01
    outer loop
      vertex   1.992100e+02 3.589333e+01 2.834936e+00
      vertex   1.992100e+02 4.986667e+01 2.834936e+00
      vertex   1.986070e+02 3.589333e+01 2.585185e+00
    endloop
  endfacet
  facet normal -3.826834e-01 -2.739208e-17 9.238795e-01
    outer loop
      vertex   1.992100e+02 3.589333e+01 2.834936e+00
      vertex   1.986070e+02 3.589333e+01 2.585185e+00
      vertex   1.986070e+02 2.192000e+01 2.585185e+00
    endloop
  endfacet
  facet normal -1.305262e-01 -3.150930e-17 9.914449e-01
    outer loop
      vertex   1.986070e+02 2.192000e+01 2.585185e+00
      vertex   1.986070e+02 3.589333e+01 2.585185e+00
      vertex   1.979600e+02 -2.000000e+01 2.500000e+00
    endloop
  endfacet
  facet normal -7.933533e-01 -1.691066e-15 6.087614e-01
    outer loop
      vertex   1.997278e+02 6.384000e+01 3.232233e+00
      vertex   2.001251e+02 7.781333e+01 3.750000e+00
      vertex   1.997278e+02 7.781333e+01 3.232233e+00
    endloop
  endfacet
  facet normal -9.238795e-01 -7.304555e-17 3.826834e-01
    outer loop
      vertex   2.003748e+02 2.192000e+01 4.352952e+00
      vertex   2.001251e+02 2.192000e+01 3.750000e+00
      vertex   2.001251e+02 7.946667e+00 3.750000e+00
    endloop
  endfacet
  facet normal -7.933533e-01 -1.160830e-16 6.087614e-01
    outer loop
      vertex   2.001251e+02 7.946667e+00 3.750000e+00
      vertex   2.001251e+02 2.192000e+01 3.750000e+00
      vertex   1.997278e+02 7.946667e+00 3.232233e+00
    endloop
  endfacet
  facet normal -7.933533e-01 -7.608912e-17 6.087614e-01
    outer loop
      vertex   2.001251e+02 7.946667e+00 3.750000e+00
      vertex   1.997278e+02 7.946667e+00 3.232233e+00
      vertex   1.997278e+02 -6.026667e+00 3.232233e+00
    endloop
  endfacet
  facet normal -6.087614e-01 -1.008549e-16 7.933533e-01
    outer loop
      vertex   1.997278e+02 -6.026667e+00 3.232233e+00
      vertex   1.997278e+02 7.946667e+00 3.232233e+00
      vertex   1.992100e+02 -6.026667e+00 2.834936e+00
    endloop
  endfacet
  facet normal -7.933533e-01 -7.738866e-17 6.087614e-01
    outer loop
      vertex   1.997278e+02 7.946667e+00 3.232233e+00
      vertex   2.001251e+02 2.192000e+01 3.750000e+00
      vertex   1.997278e+02 2.192000e+01 3.232233e+00
    endloop
  endfacet
  facet normal -6.087614e-01 -1.339073e-15 7.933533e-01
    outer loop
      vertex   1.997278e+02 6.384000e+01 3.232233e+00
      vertex   1.997278e+02 7.781333e+01 3.232233e+00
      vertex   1.992100e+02 6.384000e+01 2.834936e+00
    endloop
  endfacet
  facet normal -6.087614e-01 -1.008549e-16 7.933533e-01
    outer loop
      vertex   1.992100e+02 6.384000e+01 2.834936e+00
      vertex   1.997278e+02 7.781333e+01 3.232233e+00
      vertex   1.992100e+02 7.781333e+01 2.834936e+00
    endloop
  endfacet
  facet normal -3.826834e-01 -1.174480e-16 9.238795e-01
    outer loop
      vertex   1.992100e+02 6.384000e+01 2.834936e+00
      vertex   1.992100e+02 7.781333e+01 2.834936e+00
      vertex   1.986070e+02 6.384000e+01 2.585185e+00
    endloop
  endfacet
  facet normal -6.087614e-01 -1.008549e-16 7.933533e-01
    outer loop
      vertex   1.997278e+02 7.946667e+00 3.232233e+00
      vertex   1.997278e+02 2.192000e+01 3.232233e+00
      vertex   1.992100e+02 7.946667e+00 2.834936e+00
    endloop
  endfacet
  facet normal -6.087614e-01 -7.564115e-17 7.933533e-01
    outer loop
      vertex   1.992100e+02 7.946667e+00 2.834936e+00
      vertex   1.997278e+02 2.192000e+01 3.232233e+00
      vertex   1.992100e+02 2.192000e+01 2.834936e+00
    endloop
  endfacet
  facet normal -3.826834e-01 -8.808598e-17 9.238795e-01
    outer loop
      vertex   1.992100e+02 7.946667e+00 2.834936e+00
      vertex   1.992100e+02 2.192000e+01 2.834936e+00
      vertex   1.986070e+02 7.946667e+00 2.585185e+00
    endloop
  endfacet
  facet normal -3.826834e-01 -2.936199e-17 9.238795e-01
    outer loop
      vertex   1.986070e+02 7.781333e+01 2.585185e+00
      vertex   1.992100e+02 9.178667e+01 2.834936e+00
      vertex   1.986070e+02 9.178667e+01 2.585185e+00
    endloop
  endfacet
  facet normal -6.087614e-01 -5.174060e-17 7.933533e-01
    outer loop
      vertex   1.997278e+02 6.384000e+01 3.232233e+00
      vertex   1.992100e+02 6.384000e+01 2.834936e+00
      vertex   1.992100e+02 4.986667e+01 2.834936e+00
    endloop
  endfacet
  facet normal -3.826834e-01 -5.872399e-17 9.238795e-01
    outer loop
      vertex   1.992100e+02 4.986667e+01 2.834936e+00
      vertex   1.992100e+02 6.384000e+01 2.834936e+00
      vertex   1.986070e+02 4.986667e+01 2.585185e+00
    endloop
  endfacet
  facet normal -3.826834e-01 -2.739208e-17 9.238795e-01
    outer loop
      vertex   1.992100e+02 4.986667e+01 2.834936e+00
      vertex   1.986070e+02 4.986667e+01 2.585185e+00
      vertex   1.986070e+02 3.589333e+01 2.585185e+00
    endloop
  endfacet
  facet normal -1.305262e-01 -3.150930e-17 9.914449e-01
    outer loop
      vertex   1.986070e+02 3.589333e+01 2.585185e+00
      vertex   1.986070e+02 4.986667e+01 2.585185e+00
      vertex   1.979600e+02 -2.000000e+01 2.500000e+00
    endloop
  endfacet
  facet normal -3.826834e-01 -5.872399e-17 9.238795e-01
    outer loop
      vertex   1.986070e+02 4.986667e+01 2.585185e+00
      vertex   1.992100e+02 6.384000e+01 2.834936e+00
      vertex   1.986070e+02 6.384000e+01 2.585185e+00
    endloop
  endfacet
  facet normal -3.826834e-01 -8.826338e-17 9.238795e-01
    outer loop
      vertex   1.986070e+02 -6.026667e+00 2.585185e+00
      vertex   1.992100e+02 -6.026667e+00 2.834936e+00
      vertex   1.992100e+02 7.946667e+00 2.834936e+00
    endloop
  endfacet
  facet normal -6.087614e-01 -7.564115e-17 7.933533e-01
    outer loop
      vertex   1.992100e+02 7.946667e+00 2.834936e+00
      vertex   1.992100e+02 -6.026667e+00 2.834936e+00
      vertex   1.997278e+02 7.946667e+00 3.232233e+00
    endloop
  endfacet
  facet normal -3.826834e-01 -8.808598e-17 9.238795e-01
    outer loop
      vertex   1.986070e+02 -6.026667e+00 2.585185e+00
      vertex   1.992100e+02 7.946667e+00 2.834936e+00
      vertex   1.986070e+02 7.946667e+00 2.585185e+00
    endloop
  endfacet
  facet normal -1.305262e-01 -3.195743e-17 9.914449e-01
    outer loop
      vertex   1.979600e+02 1.057600e+02 2.500000e+00
      vertex   1.986070e+02 7.781333e+01 2.585185e+00
      vertex   1.986070e+02 9.178667e+01 2.585185e+00
    endloop
  endfacet
  facet normal -9.893582e-01 6.484596e-02 1.302515e-01
    outer loop
      vertex   2.004600e+02 -2.000000e+01 5.000000e+00
      vertex   2.003748e+02 -2.000000e+01 4.352952e+00
      vertex   2.003103e+02 -2.228421e+01 5.000000e+00
    endloop
  endfacet
  facet normal -9.893582e-01 6.484596e-02 1.302515e-01
    outer loop
      vertex   2.003103e+02 -2.228421e+01 5.000000e+00
      vertex   2.003748e+02 -2.000000e+01 4.352952e+00
      vertex   2.002258e+02 -2.227309e+01 4.352952e+00
    endloop
  endfacet
  facet normal -9.724300e-01 1.934283e-01 1.302515e-01
    outer loop
      vertex   2.003103e+02 -2.228421e+01 5.000000e+00
      vertex   2.002258e+02 -2.227309e+01 4.352952e+00
      vertex   1.998637e+02 -2.452933e+01 5.000000e+00
    endloop
  endfacet
  facet normal -9.724300e-01 1.934283e-01 1.302515e-01
    outer loop
      vertex   1.998637e+02 -2.452933e+01 5.000000e+00
      vertex   2.002258e+02 -2.227309e+01 4.352952e+00
      vertex   1.997814e+02 -2.450729e+01 4.352952e+00
    endloop
  endfacet
  facet normal -9.388632e-01 3.187011e-01 1.302515e-01
    outer loop
      vertex   1.998637e+02 -2.452933e+01 5.000000e+00
      vertex   1.997814e+02 -2.450729e+01 4.352952e+00
      vertex   1.991279e+02 -2.669696e+01 5.000000e+00
    endloop
  endfacet
  facet normal -9.388632e-01 3.187011e-01 1.302515e-01
    outer loop
      vertex   1.991279e+02 -2.669696e+01 5.000000e+00
      vertex   1.997814e+02 -2.450729e+01 4.352952e+00
      vertex   1.990492e+02 -2.666436e+01 4.352952e+00
    endloop
  endfacet
  facet normal -8.892323e-01 4.385208e-01 1.302515e-01
    outer loop
      vertex   1.991279e+02 -2.669696e+01 5.000000e+00
      vertex   1.990492e+02 -2.666436e+01 4.352952e+00
      vertex   1.981154e+02 -2.875000e+01 5.000000e+00
    endloop
  endfacet
  facet normal -8.892323e-01 4.385208e-01 1.302515e-01
    outer loop
      vertex   1.981154e+02 -2.875000e+01 5.000000e+00
      vertex   1.990492e+02 -2.666436e+01 4.352952e+00
      vertex   1.980417e+02 -2.870741e+01 4.352952e+00
    endloop
  endfacet
  facet normal -8.243863e-01 5.508373e-01 1.302515e-01
    outer loop
      vertex   1.981154e+02 -2.875000e+01 5.000000e+00
      vertex   1.980417e+02 -2.870741e+01 4.352952e+00
      vertex   1.968437e+02 -3.065333e+01 5.000000e+00
    endloop
  endfacet
  facet normal -8.243863e-01 5.508373e-01 1.302515e-01
    outer loop
      vertex   1.968437e+02 -3.065333e+01 5.000000e+00
      vertex   1.980417e+02 -2.870741e+01 4.352952e+00
      vertex   1.967761e+02 -3.060147e+01 4.352952e+00
    endloop
  endfacet
  facet normal -7.454349e-01 6.537288e-01 1.302515e-01
    outer loop
      vertex   1.968437e+02 -3.065333e+01 5.000000e+00
      vertex   1.967761e+02 -3.060147e+01 4.352952e+00
      vertex   1.953344e+02 -3.237437e+01 5.000000e+00
    endloop
  endfacet
  facet normal -7.454349e-01 6.537288e-01 1.302515e-01
    outer loop
      vertex   1.953344e+02 -3.237437e+01 5.000000e+00
      vertex   1.967761e+02 -3.060147e+01 4.352952e+00
      vertex   1.952741e+02 -3.231413e+01 4.352952e+00
    endloop
  endfacet
  facet normal -6.537288e-01 7.454349e-01 1.302515e-01
    outer loop
      vertex   1.953344e+02 -3.237437e+01 5.000000e+00
      vertex   1.952741e+02 -3.231413e+01 4.352952e+00
      vertex   1.936133e+02 -3.388368e+01 5.000000e+00
    endloop
  endfacet
  facet normal -6.537288e-01 7.454349e-01 1.302515e-01
    outer loop
      vertex   1.936133e+02 -3.388368e+01 5.000000e+00
      vertex   1.952741e+02 -3.231413e+01 4.352952e+00
      vertex   1.935615e+02 -3.381610e+01 4.352952e+00
    endloop
  endfacet
  facet normal -5.508373e-01 8.243863e-01 1.302515e-01
    outer loop
      vertex   1.936133e+02 -3.388368e+01 5.000000e+00
      vertex   1.935615e+02 -3.381610e+01 4.352952e+00
      vertex   1.917100e+02 -3.515544e+01 5.000000e+00
    endloop
  endfacet
  facet normal -5.508373e-01 8.243863e-01 1.302515e-01
    outer loop
      vertex   1.917100e+02 -3.515544e+01 5.000000e+00
      vertex   1.935615e+02 -3.381610e+01 4.352952e+00
      vertex   1.916674e+02 -3.508167e+01 4.352952e+00
    endloop
  endfacet
  facet normal -4.385208e-01 8.892323e-01 1.302515e-01
    outer loop
      vertex   1.917100e+02 -3.515544e+01 5.000000e+00
      vertex   1.916674e+02 -3.508167e+01 4.352952e+00
      vertex   1.896570e+02 -3.616789e+01 5.000000e+00
    endloop
  endfacet
  facet normal -4.385208e-01 8.892323e-01 1.302515e-01
    outer loop
      vertex   1.896570e+02 -3.616789e+01 5.000000e+00
      vertex   1.916674e+02 -3.508167e+01 4.352952e+00
      vertex   1.896244e+02 -3.608919e+01 4.352952e+00
    endloop
  endfacet
  facet normal -3.187011e-01 9.388632e-01 1.302515e-01
    outer loop
      vertex   1.896570e+02 -3.616789e+01 5.000000e+00
      vertex   1.896244e+02 -3.608919e+01 4.352952e+00
      vertex   1.874893e+02 -3.690370e+01 5.000000e+00
    endloop
  endfacet
  facet normal -3.187011e-01 9.388632e-01 1.302515e-01
    outer loop
      vertex   1.874893e+02 -3.690370e+01 5.000000e+00
      vertex   1.896244e+02 -3.608919e+01 4.352952e+00
      vertex   1.874673e+02 -3.682142e+01 4.352952e+00
    endloop
  endfacet
  facet normal -1.934283e-01 9.724300e-01 1.302515e-01
    outer loop
      vertex   1.874893e+02 -3.690370e+01 5.000000e+00
      vertex   1.874673e+02 -3.682142e+01 4.352952e+00
      vertex   1.852442e+02 -3.735029e+01 5.000000e+00
    endloop
  endfacet
  facet normal -1.934283e-01 9.724300e-01 1.302515e-01
    outer loop
      vertex   1.852442e+02 -3.735029e+01 5.000000e+00
      vertex   1.874673e+02 -3.682142e+01 4.352952e+00
      vertex   1.852331e+02 -3.726583e+01 4.352952e+00
    endloop
  endfacet
  facet normal -6.484596e-02 9.893582e-01 1.302515e-01
    outer loop
      vertex   1.852442e+02 -3.735029e+01 5.000000e+00
      vertex   1.852331e+02 -3.726583e+01 4.352952e+00
      vertex   1.829600e+02 -3.750000e+01 5.000000e+00
    endloop
  endfacet
  facet normal -6.484596e-02 9.893582e-01 1.302515e-01
    outer loop
      vertex   1.829600e+02 -3.750000e+01 5.000000e+00
      vertex   1.852331e+02 -3.726583e+01 4.352952e+00
      vertex   1.829600e+02 -3.741481e+01 4.352952e+00
    endloop
  endfacet
  facet normal -6.044355e-02 9.221903e-01 3.819837e-01
    outer loop
      vertex   1.829600e+02 -3.741481e+01 4.352952e+00
      vertex   1.852331e+02 -3.726583e+01 4.352952e+00
      vertex   1.852005e+02 -3.701821e+01 3.750000e+00
    endloop
  endfacet
  facet normal -6.044355e-02 9.221903e-01 3.819837e-01
    outer loop
      vertex   1.829600e+02 -3.741481e+01 4.352952e+00
      vertex   1.852005e+02 -3.701821e+01 3.750000e+00
      vertex   1.829600e+02 -3.716506e+01 3.750000e+00
    endloop
  endfacet
  facet normal -5.192897e-02 7.922829e-01 6.079401e-01
    outer loop
      vertex   1.829600e+02 -3.716506e+01 3.750000e+00
      vertex   1.852005e+02 -3.701821e+01 3.750000e+00
      vertex   1.851486e+02 -3.662432e+01 3.232233e+00
    endloop
  endfacet
  facet normal -5.192897e-02 7.922829e-01 6.079401e-01
    outer loop
      vertex   1.829600e+02 -3.716506e+01 3.750000e+00
      vertex   1.851486e+02 -3.662432e+01 3.232233e+00
      vertex   1.829600e+02 -3.676777e+01 3.232233e+00
    endloop
  endfacet
  facet normal -3.986861e-02 6.082774e-01 7.927226e-01
    outer loop
      vertex   1.829600e+02 -3.676777e+01 3.232233e+00
      vertex   1.851486e+02 -3.662432e+01 3.232233e+00
      vertex   1.850811e+02 -3.611098e+01 2.834936e+00
    endloop
  endfacet
  facet normal -3.986861e-02 6.082774e-01 7.927226e-01
    outer loop
      vertex   1.829600e+02 -3.676777e+01 3.232233e+00
      vertex   1.850811e+02 -3.611098e+01 2.834936e+00
      vertex   1.829600e+02 -3.625000e+01 2.834936e+00
    endloop
  endfacet
  facet normal -2.507451e-02 3.825631e-01 9.235891e-01
    outer loop
      vertex   1.829600e+02 -3.625000e+01 2.834936e+00
      vertex   1.850811e+02 -3.611098e+01 2.834936e+00
      vertex   1.850023e+02 -3.551318e+01 2.585185e+00
    endloop
  endfacet
  facet normal -2.507451e-02 3.825631e-01 9.235891e-01
    outer loop
      vertex   1.829600e+02 -3.625000e+01 2.834936e+00
      vertex   1.850023e+02 -3.551318e+01 2.585185e+00
      vertex   1.829600e+02 -3.564705e+01 2.585185e+00
    endloop
  endfacet
  facet normal -8.554826e-03 1.305214e-01 9.914086e-01
    outer loop
      vertex   1.829600e+02 -3.564705e+01 2.585185e+00
      vertex   1.850023e+02 -3.551318e+01 2.585185e+00
      vertex   1.829600e+02 -3.500000e+01 2.500000e+00
    endloop
  endfacet
  facet normal -9.165011e-03 1.281436e-01 9.917133e-01
    outer loop
      vertex   1.829600e+02 -3.500000e+01 2.500000e+00
      vertex   1.850023e+02 -3.551318e+01 2.585185e+00
      vertex   1.850947e+02 -3.484732e+01 2.500000e+00
    endloop
  endfacet
  facet normal -2.593714e-02 1.303948e-01 9.911228e-01
    outer loop
      vertex   1.850947e+02 -3.484732e+01 2.500000e+00
      vertex   1.850023e+02 -3.551318e+01 2.585185e+00
      vertex   1.870098e+02 -3.511389e+01 2.585185e+00
    endloop
  endfacet
  facet normal -2.690734e-02 1.236910e-01 9.919559e-01
    outer loop
      vertex   1.850947e+02 -3.484732e+01 2.500000e+00
      vertex   1.870098e+02 -3.511389e+01 2.585185e+00
      vertex   1.871860e+02 -3.439239e+01 2.500000e+00
    endloop
  endfacet
  facet normal -4.330404e-02 1.275696e-01 9.908838e-01
    outer loop
      vertex   1.871860e+02 -3.439239e+01 2.500000e+00
      vertex   1.870098e+02 -3.511389e+01 2.585185e+00
      vertex   1.889479e+02 -3.445599e+01 2.585185e+00
    endloop
  endfacet
  facet normal -4.373666e-02 1.172625e-01 9.921374e-01
    outer loop
      vertex   1.871860e+02 -3.439239e+01 2.500000e+00
      vertex   1.889479e+02 -3.445599e+01 2.585185e+00
      vertex   1.891912e+02 -3.364448e+01 2.500000e+00
    endloop
  endfacet
  facet normal -6.018556e-02 1.220442e-01 9.906982e-01
    outer loop
      vertex   1.891912e+02 -3.364448e+01 2.500000e+00
      vertex   1.889479e+02 -3.445599e+01 2.585185e+00
      vertex   1.907835e+02 -3.355074e+01 2.585185e+00
    endloop
  endfacet
  facet normal -5.949930e-02 1.089648e-01 9.922633e-01
    outer loop
      vertex   1.891912e+02 -3.364448e+01 2.500000e+00
      vertex   1.907835e+02 -3.355074e+01 2.585185e+00
      vertex   1.910696e+02 -3.261880e+01 2.500000e+00
    endloop
  endfacet
  facet normal -7.611227e-02 1.139101e-01 9.905713e-01
    outer loop
      vertex   1.910696e+02 -3.261880e+01 2.500000e+00
      vertex   1.907835e+02 -3.355074e+01 2.585185e+00
      vertex   1.924853e+02 -3.241364e+01 2.585185e+00
    endloop
  endfacet
  facet normal -7.404511e-02 9.891269e-02 9.923374e-01
    outer loop
      vertex   1.910696e+02 -3.261880e+01 2.500000e+00
      vertex   1.924853e+02 -3.241364e+01 2.585185e+00
      vertex   1.927829e+02 -3.133624e+01 2.500000e+00
    endloop
  endfacet
  facet normal -9.063605e-02 1.033506e-01 9.905068e-01
    outer loop
      vertex   1.927829e+02 -3.133624e+01 2.500000e+00
      vertex   1.924853e+02 -3.241364e+01 2.585185e+00
      vertex   1.940241e+02 -3.106413e+01 2.585185e+00
    endloop
  endfacet
  facet normal -8.722908e-02 8.722908e-02 9.923619e-01
    outer loop
      vertex   1.927829e+02 -3.133624e+01 2.500000e+00
      vertex   1.940241e+02 -3.106413e+01 2.585185e+00
      vertex   1.942962e+02 -2.982291e+01 2.500000e+00
    endloop
  endfacet
  facet normal -1.033506e-01 9.063605e-02 9.905068e-01
    outer loop
      vertex   1.942962e+02 -2.982291e+01 2.500000e+00
      vertex   1.940241e+02 -3.106413e+01 2.585185e+00
      vertex   1.953736e+02 -2.952532e+01 2.585185e+00
    endloop
  endfacet
  facet normal -9.891269e-02 7.404511e-02 9.923374e-01
    outer loop
      vertex   1.942962e+02 -2.982291e+01 2.500000e+00
      vertex   1.953736e+02 -2.952532e+01 2.585185e+00
      vertex   1.955788e+02 -2.810961e+01 2.500000e+00
    endloop
  endfacet
  facet normal -1.139101e-01 7.611227e-02 9.905713e-01
    outer loop
      vertex   1.955788e+02 -2.810961e+01 2.500000e+00
      vertex   1.953736e+02 -2.952532e+01 2.585185e+00
      vertex   1.965107e+02 -2.782352e+01 2.585185e+00
    endloop
  endfacet
  facet normal -1.089648e-01 5.949930e-02 9.922633e-01
    outer loop
      vertex   1.955788e+02 -2.810961e+01 2.500000e+00
      vertex   1.965107e+02 -2.782352e+01 2.585185e+00
      vertex   1.966045e+02 -2.623123e+01 2.500000e+00
    endloop
  endfacet
  facet normal -1.220442e-01 6.018556e-02 9.906982e-01
    outer loop
      vertex   1.966045e+02 -2.623123e+01 2.500000e+00
      vertex   1.965107e+02 -2.782352e+01 2.585185e+00
      vertex   1.974160e+02 -2.598787e+01 2.585185e+00
    endloop
  endfacet
  facet normal -1.172625e-01 4.373666e-02 9.921374e-01
    outer loop
      vertex   1.966045e+02 -2.623123e+01 2.500000e+00
      vertex   1.974160e+02 -2.598787e+01 2.585185e+00
      vertex   1.973524e+02 -2.422599e+01 2.500000e+00
    endloop
  endfacet
  facet normal -1.275696e-01 4.330404e-02 9.908838e-01
    outer loop
      vertex   1.973524e+02 -2.422599e+01 2.500000e+00
      vertex   1.974160e+02 -2.598787e+01 2.585185e+00
      vertex   1.980739e+02 -2.404975e+01 2.585185e+00
    endloop
  endfacet
  facet normal -1.236910e-01 2.690734e-02 9.919559e-01
    outer loop
      vertex   1.973524e+02 -2.422599e+01 2.500000e+00
      vertex   1.980739e+02 -2.404975e+01 2.585185e+00
      vertex   1.978073e+02 -2.213472e+01 2.500000e+00
    endloop
  endfacet
  facet normal -1.303948e-01 2.593714e-02 9.911228e-01
    outer loop
      vertex   1.978073e+02 -2.213472e+01 2.500000e+00
      vertex   1.980739e+02 -2.404975e+01 2.585185e+00
      vertex   1.984732e+02 -2.204235e+01 2.585185e+00
    endloop
  endfacet
  facet normal -1.281436e-01 9.165011e-03 9.917133e-01
    outer loop
      vertex   1.978073e+02 -2.213472e+01 2.500000e+00
      vertex   1.984732e+02 -2.204235e+01 2.585185e+00
      vertex   1.979600e+02 -2.000000e+01 2.500000e+00
    endloop
  endfacet
  facet normal -1.305214e-01 8.554826e-03 9.914086e-01
    outer loop
      vertex   1.979600e+02 -2.000000e+01 2.500000e+00
      vertex   1.984732e+02 -2.204235e+01 2.585185e+00
      vertex   1.986070e+02 -2.000000e+01 2.585185e+00
    endloop
  endfacet
  facet normal -3.825631e-01 2.507451e-02 9.235891e-01
    outer loop
      vertex   1.986070e+02 -2.000000e+01 2.585185e+00
      vertex   1.984732e+02 -2.204235e+01 2.585185e+00
      vertex   1.990710e+02 -2.212105e+01 2.834936e+00
    endloop
  endfacet
  facet normal -3.825631e-01 2.507451e-02 9.235891e-01
    outer loop
      vertex   1.986070e+02 -2.000000e+01 2.585185e+00
      vertex   1.990710e+02 -2.212105e+01 2.834936e+00
      vertex   1.992100e+02 -2.000000e+01 2.834936e+00
    endloop
  endfacet
  facet normal -6.082774e-01 3.986861e-02 7.927226e-01
    outer loop
      vertex   1.992100e+02 -2.000000e+01 2.834936e+00
      vertex   1.990710e+02 -2.212105e+01 2.834936e+00
      vertex   1.995843e+02 -2.218863e+01 3.232233e+00
    endloop
  endfacet
  facet normal -6.082774e-01 3.986861e-02 7.927226e-01
    outer loop
      vertex   1.992100e+02 -2.000000e+01 2.834936e+00
      vertex   1.995843e+02 -2.218863e+01 3.232233e+00
      vertex   1.997278e+02 -2.000000e+01 3.232233e+00
    endloop
  endfacet
  facet normal -7.922829e-01 5.192897e-02 6.079401e-01
    outer loop
      vertex   1.997278e+02 -2.000000e+01 3.232233e+00
      vertex   1.995843e+02 -2.218863e+01 3.232233e+00
      vertex   1.999782e+02 -2.224049e+01 3.750000e+00
    endloop
  endfacet
  facet normal -7.922829e-01 5.192897e-02 6.079401e-01
    outer loop
      vertex   1.997278e+02 -2.000000e+01 3.232233e+00
      vertex   1.999782e+02 -2.224049e+01 3.750000e+00
      vertex   2.001251e+02 -2.000000e+01 3.750000e+00
    endloop
  endfacet
  facet normal -9.221903e-01 6.044355e-02 3.819837e-01
    outer loop
      vertex   2.001251e+02 -2.000000e+01 3.750000e+00
      vertex   1.999782e+02 -2.224049e+01 3.750000e+00
      vertex   2.002258e+02 -2.227309e+01 4.352952e+00
    endloop
  endfacet
  facet normal -9.221903e-01 6.044355e-02 3.819837e-01
    outer loop
      vertex   2.001251e+02 -2.000000e+01 3.750000e+00
      vertex   2.002258e+02 -2.227309e+01 4.352952e+00
      vertex   2.003748e+02 -2.000000e+01 4.352952e+00
    endloop
  endfacet
  facet normal -3.760174e-01 7.479450e-02 9.235891e-01
    outer loop
      vertex   1.990710e+02 -2.212105e+01 2.834936e+00
      vertex   1.984732e+02 -2.204235e+01 2.585185e+00
      vertex   1.986563e+02 -2.420581e+01 2.834936e+00
    endloop
  endfacet
  facet normal -3.760174e-01 7.479450e-02 9.235891e-01
    outer loop
      vertex   1.986563e+02 -2.420581e+01 2.834936e+00
      vertex   1.984732e+02 -2.204235e+01 2.585185e+00
      vertex   1.980739e+02 -2.404975e+01 2.585185e+00
    endloop
  endfacet
  facet normal -3.630378e-01 1.232347e-01 9.235891e-01
    outer loop
      vertex   1.986563e+02 -2.420581e+01 2.834936e+00
      vertex   1.980739e+02 -2.404975e+01 2.585185e+00
      vertex   1.979730e+02 -2.621861e+01 2.834936e+00
    endloop
  endfacet
  facet normal -3.630378e-01 1.232347e-01 9.235891e-01
    outer loop
      vertex   1.979730e+02 -2.621861e+01 2.834936e+00
      vertex   1.980739e+02 -2.404975e+01 2.585185e+00
      vertex   1.974160e+02 -2.598787e+01 2.585185e+00
    endloop
  endfacet
  facet normal -3.438466e-01 1.695664e-01 9.235891e-01
    outer loop
      vertex   1.979730e+02 -2.621861e+01 2.834936e+00
      vertex   1.974160e+02 -2.598787e+01 2.585185e+00
      vertex   1.970329e+02 -2.812500e+01 2.834936e+00
    endloop
  endfacet
  facet normal -3.438466e-01 1.695664e-01 9.235891e-01
    outer loop
      vertex   1.970329e+02 -2.812500e+01 2.834936e+00
      vertex   1.974160e+02 -2.598787e+01 2.585185e+00
      vertex   1.965107e+02 -2.782352e+01 2.585185e+00
    endloop
  endfacet
  facet normal -3.187721e-01 2.129967e-01 9.235891e-01
    outer loop
      vertex   1.970329e+02 -2.812500e+01 2.834936e+00
      vertex   1.965107e+02 -2.782352e+01 2.585185e+00
      vertex   1.958520e+02 -2.989237e+01 2.834936e+00
    endloop
  endfacet
  facet normal -3.187721e-01 2.129967e-01 9.235891e-01
    outer loop
      vertex   1.958520e+02 -2.989237e+01 2.834936e+00
      vertex   1.965107e+02 -2.782352e+01 2.585185e+00
      vertex   1.953736e+02 -2.952532e+01 2.585185e+00
    endloop
  endfacet
  facet normal -2.882433e-01 2.527826e-01 9.235891e-01
    outer loop
      vertex   1.958520e+02 -2.989237e+01 2.834936e+00
      vertex   1.953736e+02 -2.952532e+01 2.585185e+00
      vertex   1.944505e+02 -3.149049e+01 2.834936e+00
    endloop
  endfacet
  facet normal -2.882433e-01 2.527826e-01 9.235891e-01
    outer loop
      vertex   1.944505e+02 -3.149049e+01 2.834936e+00
      vertex   1.953736e+02 -2.952532e+01 2.585185e+00
      vertex   1.940241e+02 -3.106413e+01 2.585185e+00
    endloop
  endfacet
  facet normal -2.527826e-01 2.882433e-01 9.235891e-01
    outer loop
      vertex   1.944505e+02 -3.149049e+01 2.834936e+00
      vertex   1.940241e+02 -3.106413e+01 2.585185e+00
      vertex   1.928524e+02 -3.289199e+01 2.834936e+00
    endloop
  endfacet
  facet normal -2.527826e-01 2.882433e-01 9.235891e-01
    outer loop
      vertex   1.928524e+02 -3.289199e+01 2.834936e+00
      vertex   1.940241e+02 -3.106413e+01 2.585185e+00
      vertex   1.924853e+02 -3.241364e+01 2.585185e+00
    endloop
  endfacet
  facet normal -2.129967e-01 3.187721e-01 9.235891e-01
    outer loop
      vertex   1.928524e+02 -3.289199e+01 2.834936e+00
      vertex   1.924853e+02 -3.241364e+01 2.585185e+00
      vertex   1.910850e+02 -3.407291e+01 2.834936e+00
    endloop
  endfacet
  facet normal -2.129967e-01 3.187721e-01 9.235891e-01
    outer loop
      vertex   1.910850e+02 -3.407291e+01 2.834936e+00
      vertex   1.924853e+02 -3.241364e+01 2.585185e+00
      vertex   1.907835e+02 -3.355074e+01 2.585185e+00
    endloop
  endfacet
  facet normal -1.695664e-01 3.438466e-01 9.235891e-01
    outer loop
      vertex   1.910850e+02 -3.407291e+01 2.834936e+00
      vertex   1.907835e+02 -3.355074e+01 2.585185e+00
      vertex   1.891786e+02 -3.501304e+01 2.834936e+00
    endloop
  endfacet
  facet normal -1.695664e-01 3.438466e-01 9.235891e-01
    outer loop
      vertex   1.891786e+02 -3.501304e+01 2.834936e+00
      vertex   1.907835e+02 -3.355074e+01 2.585185e+00
      vertex   1.889479e+02 -3.445599e+01 2.585185e+00
    endloop
  endfacet
  facet normal -1.232347e-01 3.630378e-01 9.235891e-01
    outer loop
      vertex   1.891786e+02 -3.501304e+01 2.834936e+00
      vertex   1.889479e+02 -3.445599e+01 2.585185e+00
      vertex   1.871658e+02 -3.569629e+01 2.834936e+00
    endloop
  endfacet
  facet normal -1.232347e-01 3.630378e-01 9.235891e-01
    outer loop
      vertex   1.871658e+02 -3.569629e+01 2.834936e+00
      vertex   1.889479e+02 -3.445599e+01 2.585185e+00
      vertex   1.870098e+02 -3.511389e+01 2.585185e+00
    endloop
  endfacet
  facet normal -7.479450e-02 3.760174e-01 9.235891e-01
    outer loop
      vertex   1.871658e+02 -3.569629e+01 2.834936e+00
      vertex   1.870098e+02 -3.511389e+01 2.585185e+00
      vertex   1.850811e+02 -3.611098e+01 2.834936e+00
    endloop
  endfacet
  facet normal -7.479450e-02 3.760174e-01 9.235891e-01
    outer loop
      vertex   1.850811e+02 -3.611098e+01 2.834936e+00
      vertex   1.870098e+02 -3.511389e+01 2.585185e+00
      vertex   1.850023e+02 -3.551318e+01 2.585185e+00
    endloop
  endfacet
  facet normal -5.978696e-01 1.189237e-01 7.927226e-01
    outer loop
      vertex   1.995843e+02 -2.218863e+01 3.232233e+00
      vertex   1.990710e+02 -2.212105e+01 2.834936e+00
      vertex   1.991564e+02 -2.433982e+01 3.232233e+00
    endloop
  endfacet
  facet normal -5.978696e-01 1.189237e-01 7.927226e-01
    outer loop
      vertex   1.991564e+02 -2.433982e+01 3.232233e+00
      vertex   1.990710e+02 -2.212105e+01 2.834936e+00
      vertex   1.986563e+02 -2.420581e+01 2.834936e+00
    endloop
  endfacet
  facet normal -5.772321e-01 1.959439e-01 7.927226e-01
    outer loop
      vertex   1.991564e+02 -2.433982e+01 3.232233e+00
      vertex   1.986563e+02 -2.420581e+01 2.834936e+00
      vertex   1.984514e+02 -2.641675e+01 3.232233e+00
    endloop
  endfacet
  facet normal -5.772321e-01 1.959439e-01 7.927226e-01
    outer loop
      vertex   1.984514e+02 -2.641675e+01 3.232233e+00
      vertex   1.986563e+02 -2.420581e+01 2.834936e+00
      vertex   1.979730e+02 -2.621861e+01 2.834936e+00
    endloop
  endfacet
  facet normal -5.467180e-01 2.696115e-01 7.927226e-01
    outer loop
      vertex   1.984514e+02 -2.641675e+01 3.232233e+00
      vertex   1.979730e+02 -2.621861e+01 2.834936e+00
      vertex   1.974813e+02 -2.838388e+01 3.232233e+00
    endloop
  endfacet
  facet normal -5.467180e-01 2.696115e-01 7.927226e-01
    outer loop
      vertex   1.974813e+02 -2.838388e+01 3.232233e+00
      vertex   1.979730e+02 -2.621861e+01 2.834936e+00
      vertex   1.970329e+02 -2.812500e+01 2.834936e+00
    endloop
  endfacet
  facet normal -5.068494e-01 3.386659e-01 7.927226e-01
    outer loop
      vertex   1.974813e+02 -2.838388e+01 3.232233e+00
      vertex   1.970329e+02 -2.812500e+01 2.834936e+00
      vertex   1.962628e+02 -3.020757e+01 3.232233e+00
    endloop
  endfacet
  facet normal -5.068494e-01 3.386659e-01 7.927226e-01
    outer loop
      vertex   1.962628e+02 -3.020757e+01 3.232233e+00
      vertex   1.970329e+02 -2.812500e+01 2.834936e+00
      vertex   1.958520e+02 -2.989237e+01 2.834936e+00
    endloop
  endfacet
  facet normal -4.583085e-01 4.019257e-01 7.927226e-01
    outer loop
      vertex   1.962628e+02 -3.020757e+01 3.232233e+00
      vertex   1.958520e+02 -2.989237e+01 2.834936e+00
      vertex   1.948166e+02 -3.185660e+01 3.232233e+00
    endloop
  endfacet
  facet normal -4.583085e-01 4.019257e-01 7.927226e-01
    outer loop
      vertex   1.948166e+02 -3.185660e+01 3.232233e+00
      vertex   1.958520e+02 -2.989237e+01 2.834936e+00
      vertex   1.944505e+02 -3.149049e+01 2.834936e+00
    endloop
  endfacet
  facet normal -4.019257e-01 4.583085e-01 7.927226e-01
    outer loop
      vertex   1.948166e+02 -3.185660e+01 3.232233e+00
      vertex   1.944505e+02 -3.149049e+01 2.834936e+00
      vertex   1.931676e+02 -3.330276e+01 3.232233e+00
    endloop
  endfacet
  facet normal -4.019257e-01 4.583085e-01 7.927226e-01
    outer loop
      vertex   1.931676e+02 -3.330276e+01 3.232233e+00
      vertex   1.944505e+02 -3.149049e+01 2.834936e+00
      vertex   1.928524e+02 -3.289199e+01 2.834936e+00
    endloop
  endfacet
  facet normal -3.386659e-01 5.068494e-01 7.927226e-01
    outer loop
      vertex   1.931676e+02 -3.330276e+01 3.232233e+00
      vertex   1.928524e+02 -3.289199e+01 2.834936e+00
      vertex   1.913439e+02 -3.452131e+01 3.232233e+00
    endloop
  endfacet
  facet normal -3.386659e-01 5.068494e-01 7.927226e-01
    outer loop
      vertex   1.913439e+02 -3.452131e+01 3.232233e+00
      vertex   1.928524e+02 -3.289199e+01 2.834936e+00
      vertex   1.910850e+02 -3.407291e+01 2.834936e+00
    endloop
  endfacet
  facet normal -2.696115e-01 5.467180e-01 7.927226e-01
    outer loop
      vertex   1.913439e+02 -3.452131e+01 3.232233e+00
      vertex   1.910850e+02 -3.407291e+01 2.834936e+00
      vertex   1.893767e+02 -3.549140e+01 3.232233e+00
    endloop
  endfacet
  facet normal -2.696115e-01 5.467180e-01 7.927226e-01
    outer loop
      vertex   1.893767e+02 -3.549140e+01 3.232233e+00
      vertex   1.910850e+02 -3.407291e+01 2.834936e+00
      vertex   1.891786e+02 -3.501304e+01 2.834936e+00
    endloop
  endfacet
  facet normal -1.959439e-01 5.772321e-01 7.927226e-01
    outer loop
      vertex   1.893767e+02 -3.549140e+01 3.232233e+00
      vertex   1.891786e+02 -3.501304e+01 2.834936e+00
      vertex   1.872998e+02 -3.619642e+01 3.232233e+00
    endloop
  endfacet
  facet normal -1.959439e-01 5.772321e-01 7.927226e-01
    outer loop
      vertex   1.872998e+02 -3.619642e+01 3.232233e+00
      vertex   1.891786e+02 -3.501304e+01 2.834936e+00
      vertex   1.871658e+02 -3.569629e+01 2.834936e+00
    endloop
  endfacet
  facet normal -1.189237e-01 5.978696e-01 7.927226e-01
    outer loop
      vertex   1.872998e+02 -3.619642e+01 3.232233e+00
      vertex   1.871658e+02 -3.569629e+01 2.834936e+00
      vertex   1.851486e+02 -3.662432e+01 3.232233e+00
    endloop
  endfacet
  facet normal -1.189237e-01 5.978696e-01 7.927226e-01
    outer loop
      vertex   1.851486e+02 -3.662432e+01 3.232233e+00
      vertex   1.871658e+02 -3.569629e+01 2.834936e+00
      vertex   1.850811e+02 -3.611098e+01 2.834936e+00
    endloop
  endfacet
  facet normal -9.064114e-01 1.802964e-01 3.819837e-01
    outer loop
      vertex   1.997814e+02 -2.450729e+01 4.352952e+00
      vertex   2.002258e+02 -2.227309e+01 4.352952e+00
      vertex   1.999782e+02 -2.224049e+01 3.750000e+00
    endloop
  endfacet
  facet normal -7.787268e-01 1.548984e-01 6.079401e-01
    outer loop
      vertex   1.999782e+02 -2.224049e+01 3.750000e+00
      vertex   1.995843e+02 -2.218863e+01 3.232233e+00
      vertex   1.995402e+02 -2.444265e+01 3.750000e+00
    endloop
  endfacet
  facet normal -7.787268e-01 1.548984e-01 6.079401e-01
    outer loop
      vertex   1.995402e+02 -2.444265e+01 3.750000e+00
      vertex   1.995843e+02 -2.218863e+01 3.232233e+00
      vertex   1.991564e+02 -2.433982e+01 3.232233e+00
    endloop
  endfacet
  facet normal -7.518463e-01 2.552174e-01 6.079401e-01
    outer loop
      vertex   1.995402e+02 -2.444265e+01 3.750000e+00
      vertex   1.991564e+02 -2.433982e+01 3.232233e+00
      vertex   1.988185e+02 -2.656879e+01 3.750000e+00
    endloop
  endfacet
  facet normal -7.518463e-01 2.552174e-01 6.079401e-01
    outer loop
      vertex   1.988185e+02 -2.656879e+01 3.750000e+00
      vertex   1.991564e+02 -2.433982e+01 3.232233e+00
      vertex   1.984514e+02 -2.641675e+01 3.232233e+00
    endloop
  endfacet
  facet normal -7.121016e-01 3.511697e-01 6.079401e-01
    outer loop
      vertex   1.988185e+02 -2.656879e+01 3.750000e+00
      vertex   1.984514e+02 -2.641675e+01 3.232233e+00
      vertex   1.978254e+02 -2.858253e+01 3.750000e+00
    endloop
  endfacet
  facet normal -7.121016e-01 3.511697e-01 6.079401e-01
    outer loop
      vertex   1.978254e+02 -2.858253e+01 3.750000e+00
      vertex   1.984514e+02 -2.641675e+01 3.232233e+00
      vertex   1.974813e+02 -2.838388e+01 3.232233e+00
    endloop
  endfacet
  facet normal -6.601727e-01 4.411133e-01 6.079401e-01
    outer loop
      vertex   1.978254e+02 -2.858253e+01 3.750000e+00
      vertex   1.974813e+02 -2.838388e+01 3.232233e+00
      vertex   1.965780e+02 -3.044943e+01 3.750000e+00
    endloop
  endfacet
  facet normal -6.601727e-01 4.411133e-01 6.079401e-01
    outer loop
      vertex   1.965780e+02 -3.044943e+01 3.750000e+00
      vertex   1.974813e+02 -2.838388e+01 3.232233e+00
      vertex   1.962628e+02 -3.020757e+01 3.232233e+00
    endloop
  endfacet
  facet normal -5.969480e-01 5.235093e-01 6.079401e-01
    outer loop
      vertex   1.965780e+02 -3.044943e+01 3.750000e+00
      vertex   1.962628e+02 -3.020757e+01 3.232233e+00
      vertex   1.950975e+02 -3.213753e+01 3.750000e+00
    endloop
  endfacet
  facet normal -5.969480e-01 5.235093e-01 6.079401e-01
    outer loop
      vertex   1.950975e+02 -3.213753e+01 3.750000e+00
      vertex   1.962628e+02 -3.020757e+01 3.232233e+00
      vertex   1.948166e+02 -3.185660e+01 3.232233e+00
    endloop
  endfacet
  facet normal -5.235093e-01 5.969480e-01 6.079401e-01
    outer loop
      vertex   1.950975e+02 -3.213753e+01 3.750000e+00
      vertex   1.948166e+02 -3.185660e+01 3.232233e+00
      vertex   1.934094e+02 -3.361796e+01 3.750000e+00
    endloop
  endfacet
  facet normal -5.235093e-01 5.969480e-01 6.079401e-01
    outer loop
      vertex   1.934094e+02 -3.361796e+01 3.750000e+00
      vertex   1.948166e+02 -3.185660e+01 3.232233e+00
      vertex   1.931676e+02 -3.330276e+01 3.232233e+00
    endloop
  endfacet
  facet normal -4.411133e-01 6.601727e-01 6.079401e-01
    outer loop
      vertex   1.934094e+02 -3.361796e+01 3.750000e+00
      vertex   1.931676e+02 -3.330276e+01 3.232233e+00
      vertex   1.915425e+02 -3.486538e+01 3.750000e+00
    endloop
  endfacet
  facet normal -4.411133e-01 6.601727e-01 6.079401e-01
    outer loop
      vertex   1.915425e+02 -3.486538e+01 3.750000e+00
      vertex   1.931676e+02 -3.330276e+01 3.232233e+00
      vertex   1.913439e+02 -3.452131e+01 3.232233e+00
    endloop
  endfacet
  facet normal -3.511697e-01 7.121016e-01 6.079401e-01
    outer loop
      vertex   1.915425e+02 -3.486538e+01 3.750000e+00
      vertex   1.913439e+02 -3.452131e+01 3.232233e+00
      vertex   1.895288e+02 -3.585845e+01 3.750000e+00
    endloop
  endfacet
  facet normal -3.511697e-01 7.121016e-01 6.079401e-01
    outer loop
      vertex   1.895288e+02 -3.585845e+01 3.750000e+00
      vertex   1.913439e+02 -3.452131e+01 3.232233e+00
      vertex   1.893767e+02 -3.549140e+01 3.232233e+00
    endloop
  endfacet
  facet normal -2.552174e-01 7.518463e-01 6.079401e-01
    outer loop
      vertex   1.895288e+02 -3.585845e+01 3.750000e+00
      vertex   1.893767e+02 -3.549140e+01 3.232233e+00
      vertex   1.874026e+02 -3.658018e+01 3.750000e+00
    endloop
  endfacet
  facet normal -2.552174e-01 7.518463e-01 6.079401e-01
    outer loop
      vertex   1.874026e+02 -3.658018e+01 3.750000e+00
      vertex   1.893767e+02 -3.549140e+01 3.232233e+00
      vertex   1.872998e+02 -3.619642e+01 3.232233e+00
    endloop
  endfacet
  facet normal -1.548984e-01 7.787268e-01 6.079401e-01
    outer loop
      vertex   1.874026e+02 -3.658018e+01 3.750000e+00
      vertex   1.872998e+02 -3.619642e+01 3.232233e+00
      vertex   1.852005e+02 -3.701821e+01 3.750000e+00
    endloop
  endfacet
  facet normal -1.548984e-01 7.787268e-01 6.079401e-01
    outer loop
      vertex   1.852005e+02 -3.701821e+01 3.750000e+00
      vertex   1.872998e+02 -3.619642e+01 3.232233e+00
      vertex   1.851486e+02 -3.662432e+01 3.232233e+00
    endloop
  endfacet
  facet normal -8.751235e-01 2.970644e-01 3.819837e-01
    outer loop
      vertex   1.990492e+02 -2.666436e+01 4.352952e+00
      vertex   1.997814e+02 -2.450729e+01 4.352952e+00
      vertex   1.995402e+02 -2.444265e+01 3.750000e+00
    endloop
  endfacet
  facet normal -9.064114e-01 1.802964e-01 3.819837e-01
    outer loop
      vertex   1.995402e+02 -2.444265e+01 3.750000e+00
      vertex   1.997814e+02 -2.450729e+01 4.352952e+00
      vertex   1.999782e+02 -2.224049e+01 3.750000e+00
    endloop
  endfacet
  facet normal -8.751235e-01 2.970644e-01 3.819837e-01
    outer loop
      vertex   1.990492e+02 -2.666436e+01 4.352952e+00
      vertex   1.995402e+02 -2.444265e+01 3.750000e+00
      vertex   1.988185e+02 -2.656879e+01 3.750000e+00
    endloop
  endfacet
  facet normal -8.288620e-01 4.087495e-01 3.819837e-01
    outer loop
      vertex   1.980417e+02 -2.870741e+01 4.352952e+00
      vertex   1.990492e+02 -2.666436e+01 4.352952e+00
      vertex   1.988185e+02 -2.656879e+01 3.750000e+00
    endloop
  endfacet
  facet normal -8.288620e-01 4.087495e-01 3.819837e-01
    outer loop
      vertex   1.980417e+02 -2.870741e+01 4.352952e+00
      vertex   1.988185e+02 -2.656879e+01 3.750000e+00
      vertex   1.978254e+02 -2.858253e+01 3.750000e+00
    endloop
  endfacet
  facet normal -7.684185e-01 5.134408e-01 3.819837e-01
    outer loop
      vertex   1.967761e+02 -3.060147e+01 4.352952e+00
      vertex   1.980417e+02 -2.870741e+01 4.352952e+00
      vertex   1.978254e+02 -2.858253e+01 3.750000e+00
    endloop
  endfacet
  facet normal -7.684185e-01 5.134408e-01 3.819837e-01
    outer loop
      vertex   1.967761e+02 -3.060147e+01 4.352952e+00
      vertex   1.978254e+02 -2.858253e+01 3.750000e+00
      vertex   1.965780e+02 -3.044943e+01 3.750000e+00
    endloop
  endfacet
  facet normal -6.948271e-01 6.093470e-01 3.819837e-01
    outer loop
      vertex   1.952741e+02 -3.231413e+01 4.352952e+00
      vertex   1.967761e+02 -3.060147e+01 4.352952e+00
      vertex   1.965780e+02 -3.044943e+01 3.750000e+00
    endloop
  endfacet
  facet normal -6.948271e-01 6.093470e-01 3.819837e-01
    outer loop
      vertex   1.952741e+02 -3.231413e+01 4.352952e+00
      vertex   1.965780e+02 -3.044943e+01 3.750000e+00
      vertex   1.950975e+02 -3.213753e+01 3.750000e+00
    endloop
  endfacet
  facet normal -6.093470e-01 6.948271e-01 3.819837e-01
    outer loop
      vertex   1.935615e+02 -3.381610e+01 4.352952e+00
      vertex   1.952741e+02 -3.231413e+01 4.352952e+00
      vertex   1.950975e+02 -3.213753e+01 3.750000e+00
    endloop
  endfacet
  facet normal -6.093470e-01 6.948271e-01 3.819837e-01
    outer loop
      vertex   1.935615e+02 -3.381610e+01 4.352952e+00
      vertex   1.950975e+02 -3.213753e+01 3.750000e+00
      vertex   1.934094e+02 -3.361796e+01 3.750000e+00
    endloop
  endfacet
  facet normal -5.134408e-01 7.684185e-01 3.819837e-01
    outer loop
      vertex   1.916674e+02 -3.508167e+01 4.352952e+00
      vertex   1.935615e+02 -3.381610e+01 4.352952e+00
      vertex   1.934094e+02 -3.361796e+01 3.750000e+00
    endloop
  endfacet
  facet normal -5.134408e-01 7.684185e-01 3.819837e-01
    outer loop
      vertex   1.916674e+02 -3.508167e+01 4.352952e+00
      vertex   1.934094e+02 -3.361796e+01 3.750000e+00
      vertex   1.915425e+02 -3.486538e+01 3.750000e+00
    endloop
  endfacet
  facet normal -4.087495e-01 8.288620e-01 3.819837e-01
    outer loop
      vertex   1.896244e+02 -3.608919e+01 4.352952e+00
      vertex   1.916674e+02 -3.508167e+01 4.352952e+00
      vertex   1.915425e+02 -3.486538e+01 3.750000e+00
    endloop
  endfacet
  facet normal -4.087495e-01 8.288620e-01 3.819837e-01
    outer loop
      vertex   1.896244e+02 -3.608919e+01 4.352952e+00
      vertex   1.915425e+02 -3.486538e+01 3.750000e+00
      vertex   1.895288e+02 -3.585845e+01 3.750000e+00
    endloop
  endfacet
  facet normal -2.970644e-01 8.751235e-01 3.819837e-01
    outer loop
      vertex   1.874673e+02 -3.682142e+01 4.352952e+00
      vertex   1.896244e+02 -3.608919e+01 4.352952e+00
      vertex   1.895288e+02 -3.585845e+01 3.750000e+00
    endloop
  endfacet
  facet normal -2.970644e-01 8.751235e-01 3.819837e-01
    outer loop
      vertex   1.874673e+02 -3.682142e+01 4.352952e+00
      vertex   1.895288e+02 -3.585845e+01 3.750000e+00
      vertex   1.874026e+02 -3.658018e+01 3.750000e+00
    endloop
  endfacet
  facet normal -1.802964e-01 9.064114e-01 3.819837e-01
    outer loop
      vertex   1.852331e+02 -3.726583e+01 4.352952e+00
      vertex   1.874673e+02 -3.682142e+01 4.352952e+00
      vertex   1.874026e+02 -3.658018e+01 3.750000e+00
    endloop
  endfacet
  facet normal -1.802964e-01 9.064114e-01 3.819837e-01
    outer loop
      vertex   1.852331e+02 -3.726583e+01 4.352952e+00
      vertex   1.874026e+02 -3.658018e+01 3.750000e+00
      vertex   1.852005e+02 -3.701821e+01 3.750000e+00
    endloop
  endfacet
  facet normal 0.000000e+00 9.914449e-01 1.305262e-01
    outer loop
      vertex   1.829600e+02 -3.741481e+01 4.352952e+00
      vertex   1.696554e+02 -3.741481e+01 4.352952e+00
      vertex   1.829600e+02 -3.750000e+01 5.000000e+00
    endloop
  endfacet
  facet normal 0.000000e+00 9.914449e-01 1.305262e-01
    outer loop
      vertex   1.829600e+02 -3.750000e+01 5.000000e+00
      vertex   1.696554e+02 -3.741481e+01 4.352952e+00
      vertex   1.563508e+02 -3.741481e+01 4.352952e+00
    endloop
  endfacet
  facet normal 0.000000e+00 9.914449e-01 1.305262e-01
    outer loop
      vertex   1.829600e+02 -3.750000e+01 5.000000e+00
      vertex   1.563508e+02 -3.741481e+01 4.352952e+00
      vertex   1.430462e+02 -3.741481e+01 4.352952e+00
    endloop
  endfacet
  facet normal -0.000000e+00 9.238795e-01 3.826834e-01
    outer loop
      vertex   1.430462e+02 -3.741481e+01 4.352952e+00
      vertex   1.563508e+02 -3.741481e+01 4.352952e+00
      vertex   1.430462e+02 -3.716506e+01 3.750000e+00
    endloop
  endfacet
  facet normal 0.000000e+00 9.238795e-01 3.826834e-01
    outer loop
      vertex   1.430462e+02 -3.741481e+01 4.352952e+00
      vertex   1.430462e+02 -3.716506e+01 3.750000e+00
      vertex   1.297415e+02 -3.716506e+01 3.750000e+00
    endloop
  endfacet
  facet normal -0.000000e+00 7.933533e-01 6.087614e-01
    outer loop
      vertex   1.297415e+02 -3.716506e+01 3.750000e+00
      vertex   1.430462e+02 -3.716506e+01 3.750000e+00
      vertex   1.297415e+02 -3.676777e+01 3.232233e+00
    endloop
  endfacet
  facet normal 0.000000e+00 7.933533e-01 6.087614e-01
    outer loop
      vertex   1.297415e+02 -3.716506e+01 3.750000e+00
      vertex   1.297415e+02 -3.676777e+01 3.232233e+00
      vertex   1.164369e+02 -3.676777e+01 3.232233e+00
    endloop
  endfacet
  facet normal -0.000000e+00 6.087614e-01 7.933533e-01
    outer loop
      vertex   1.164369e+02 -3.676777e+01 3.232233e+00
      vertex   1.297415e+02 -3.676777e+01 3.232233e+00
      vertex   1.164369e+02 -3.625000e+01 2.834936e+00
    endloop
  endfacet
  facet normal 2.876887e-17 6.087614e-01 7.933533e-01
    outer loop
      vertex   1.164369e+02 -3.676777e+01 3.232233e+00
      vertex   1.164369e+02 -3.625000e+01 2.834936e+00
      vertex   1.031323e+02 -3.625000e+01 2.834936e+00
    endloop
  endfacet
  facet normal 3.083779e-17 3.826834e-01 9.238795e-01
    outer loop
      vertex   1.031323e+02 -3.625000e+01 2.834936e+00
      vertex   1.164369e+02 -3.625000e+01 2.834936e+00
      vertex   1.031323e+02 -3.564705e+01 2.585185e+00
    endloop
  endfacet
  facet normal 0.000000e+00 3.826834e-01 9.238795e-01
    outer loop
      vertex   1.031323e+02 -3.625000e+01 2.834936e+00
      vertex   1.031323e+02 -3.564705e+01 2.585185e+00
      vertex   8.982769e+01 -3.564705e+01 2.585185e+00
    endloop
  endfacet
  facet normal -0.000000e+00 1.305262e-01 9.914449e-01
    outer loop
      vertex   8.982769e+01 -3.564705e+01 2.585185e+00
      vertex   1.031323e+02 -3.564705e+01 2.585185e+00
      vertex   1.000000e+01 -3.500000e+01 2.500000e+00
    endloop
  endfacet
  facet normal 0.000000e+00 1.305262e-01 9.914449e-01
    outer loop
      vertex   8.982769e+01 -3.564705e+01 2.585185e+00
      vertex   1.000000e+01 -3.500000e+01 2.500000e+00
      vertex   7.652308e+01 -3.564705e+01 2.585185e+00
    endloop
  endfacet
  facet normal 0.000000e+00 1.305262e-01 9.914449e-01
    outer loop
      vertex   7.652308e+01 -3.564705e+01 2.585185e+00
      vertex   1.000000e+01 -3.500000e+01 2.500000e+00
      vertex   6.321846e+01 -3.564705e+01 2.585185e+00
    endloop
  endfacet
  facet normal 0.000000e+00 3.826834e-01 9.238795e-01
    outer loop
      vertex   7.652308e+01 -3.564705e+01 2.585185e+00
      vertex   6.321846e+01 -3.564705e+01 2.585185e+00
      vertex   7.652308e+01 -3.625000e+01 2.834936e+00
    endloop
  endfacet
  facet normal 0.000000e+00 3.826834e-01 9.238795e-01
    outer loop
      vertex   7.652308e+01 -3.625000e+01 2.834936e+00
      vertex   6.321846e+01 -3.564705e+01 2.585185e+00
      vertex   6.321846e+01 -3.625000e+01 2.834936e+00
    endloop
  endfacet
  facet normal 0.000000e+00 6.087614e-01 7.933533e-01
    outer loop
      vertex   7.652308e+01 -3.625000e+01 2.834936e+00
      vertex   6.321846e+01 -3.625000e+01 2.834936e+00
      vertex   7.652308e+01 -3.676777e+01 3.232233e+00
    endloop
  endfacet
  facet normal 0.000000e+00 6.087614e-01 7.933533e-01
    outer loop
      vertex   7.652308e+01 -3.676777e+01 3.232233e+00
      vertex   6.321846e+01 -3.625000e+01 2.834936e+00
      vertex   6.321846e+01 -3.676777e+01 3.232233e+00
    endloop
  endfacet
  facet normal 0.000000e+00 7.933533e-01 6.087614e-01
    outer loop
      vertex   7.652308e+01 -3.676777e+01 3.232233e+00
      vertex   6.321846e+01 -3.676777e+01 3.232233e+00
      vertex   7.652308e+01 -3.716506e+01 3.750000e+00
    endloop
  endfacet
  facet normal 0.000000e+00 7.933533e-01 6.087614e-01
    outer loop
      vertex   7.652308e+01 -3.716506e+01 3.750000e+00
      vertex   6.321846e+01 -3.676777e+01 3.232233e+00
      vertex   6.321846e+01 -3.716506e+01 3.750000e+00
    endloop
  endfacet
  facet normal 0.000000e+00 9.238795e-01 3.826834e-01
    outer loop
      vertex   7.652308e+01 -3.716506e+01 3.750000e+00
      vertex   6.321846e+01 -3.716506e+01 3.750000e+00
      vertex   7.652308e+01 -3.741481e+01 4.352952e+00
    endloop
  endfacet
  facet normal 2.554686e-17 9.238795e-01 3.826834e-01
    outer loop
      vertex   7.652308e+01 -3.741481e+01 4.352952e+00
      vertex   6.321846e+01 -3.716506e+01 3.750000e+00
      vertex   6.321846e+01 -3.741481e+01 4.352952e+00
    endloop
  endfacet
  facet normal 8.713559e-18 9.914449e-01 1.305262e-01
    outer loop
      vertex   7.652308e+01 -3.741481e+01 4.352952e+00
      vertex   6.321846e+01 -3.741481e+01 4.352952e+00
      vertex   1.000000e+01 -3.750000e+01 5.000000e+00
    endloop
  endfacet
  facet normal 0.000000e+00 9.914449e-01 1.305262e-01
    outer loop
      vertex   1.000000e+01 -3.750000e+01 5.000000e+00
      vertex   6.321846e+01 -3.741481e+01 4.352952e+00
      vertex   4.991385e+01 -3.741481e+01 4.352952e+00
    endloop
  endfacet
  facet normal 0.000000e+00 9.914449e-01 1.305262e-01
    outer loop
      vertex   1.000000e+01 -3.750000e+01 5.000000e+00
      vertex   4.991385e+01 -3.741481e+01 4.352952e+00
      vertex   3.660923e+01 -3.741481e+01 4.352952e+00
    endloop
  endfacet
  facet normal -0.000000e+00 9.238795e-01 3.826834e-01
    outer loop
      vertex   3.660923e+01 -3.741481e+01 4.352952e+00
      vertex   4.991385e+01 -3.741481e+01 4.352952e+00
      vertex   3.660923e+01 -3.716506e+01 3.750000e+00
    endloop
  endfacet
  facet normal 1.278616e-17 9.238795e-01 3.826834e-01
    outer loop
      vertex   3.660923e+01 -3.741481e+01 4.352952e+00
      vertex   3.660923e+01 -3.716506e+01 3.750000e+00
      vertex   2.330462e+01 -3.716506e+01 3.750000e+00
    endloop
  endfacet
  facet normal 2.031959e-17 7.933533e-01 6.087614e-01
    outer loop
      vertex   2.330462e+01 -3.716506e+01 3.750000e+00
      vertex   3.660923e+01 -3.716506e+01 3.750000e+00
      vertex   2.330462e+01 -3.676777e+01 3.232233e+00
    endloop
  endfacet
  facet normal -5.657877e-16 7.933533e-01 6.087614e-01
    outer loop
      vertex   2.330462e+01 -3.716506e+01 3.750000e+00
      vertex   2.330462e+01 -3.676777e+01 3.232233e+00
      vertex   1.000000e+01 -3.676777e+01 3.232233e+00
    endloop
  endfacet
  facet normal -5.104806e-16 6.087614e-01 7.933533e-01
    outer loop
      vertex   1.000000e+01 -3.676777e+01 3.232233e+00
      vertex   2.330462e+01 -3.676777e+01 3.232233e+00
      vertex   1.000000e+01 -3.625000e+01 2.834936e+00
    endloop
  endfacet
  facet normal -1.588861e-16 6.087614e-01 7.933533e-01
    outer loop
      vertex   1.000000e+01 -3.625000e+01 2.834936e+00
      vertex   2.330462e+01 -3.676777e+01 3.232233e+00
      vertex   2.330462e+01 -3.625000e+01 2.834936e+00
    endloop
  endfacet
  facet normal -1.850267e-16 3.826834e-01 9.238795e-01
    outer loop
      vertex   1.000000e+01 -3.625000e+01 2.834936e+00
      vertex   2.330462e+01 -3.625000e+01 2.834936e+00
      vertex   1.000000e+01 -3.564705e+01 2.585185e+00
    endloop
  endfacet
  facet normal -9.251337e-17 3.826834e-01 9.238795e-01
    outer loop
      vertex   1.000000e+01 -3.564705e+01 2.585185e+00
      vertex   2.330462e+01 -3.625000e+01 2.834936e+00
      vertex   2.330462e+01 -3.564705e+01 2.585185e+00
    endloop
  endfacet
  facet normal -9.927907e-17 1.305262e-01 9.914449e-01
    outer loop
      vertex   1.000000e+01 -3.564705e+01 2.585185e+00
      vertex   2.330462e+01 -3.564705e+01 2.585185e+00
      vertex   1.000000e+01 -3.500000e+01 2.500000e+00
    endloop
  endfacet
  facet normal 0.000000e+00 1.305262e-01 9.914449e-01
    outer loop
      vertex   1.000000e+01 -3.500000e+01 2.500000e+00
      vertex   2.330462e+01 -3.564705e+01 2.585185e+00
      vertex   3.660923e+01 -3.564705e+01 2.585185e+00
    endloop
  endfacet
  facet normal -6.952476e-17 1.305262e-01 9.914449e-01
    outer loop
      vertex   1.000000e+01 -3.500000e+01 2.500000e+00
      vertex   3.660923e+01 -3.564705e+01 2.585185e+00
      vertex   4.991385e+01 -3.564705e+01 2.585185e+00
    endloop
  endfacet
  facet normal -2.043749e-16 3.826834e-01 9.238795e-01
    outer loop
      vertex   4.991385e+01 -3.564705e+01 2.585185e+00
      vertex   3.660923e+01 -3.564705e+01 2.585185e+00
      vertex   4.991385e+01 -3.625000e+01 2.834936e+00
    endloop
  endfacet
  facet normal 0.000000e+00 3.826834e-01 9.238795e-01
    outer loop
      vertex   4.991385e+01 -3.564705e+01 2.585185e+00
      vertex   4.991385e+01 -3.625000e+01 2.834936e+00
      vertex   6.321846e+01 -3.625000e+01 2.834936e+00
    endloop
  endfacet
  facet normal 0.000000e+00 6.087614e-01 7.933533e-01
    outer loop
      vertex   6.321846e+01 -3.625000e+01 2.834936e+00
      vertex   4.991385e+01 -3.625000e+01 2.834936e+00
      vertex   6.321846e+01 -3.676777e+01 3.232233e+00
    endloop
  endfacet
  facet normal -0.000000e+00 9.238795e-01 3.826834e-01
    outer loop
      vertex   1.696554e+02 -3.741481e+01 4.352952e+00
      vertex   1.829600e+02 -3.741481e+01 4.352952e+00
      vertex   1.696554e+02 -3.716506e+01 3.750000e+00
    endloop
  endfacet
  facet normal 2.554686e-17 9.238795e-01 3.826834e-01
    outer loop
      vertex   1.696554e+02 -3.716506e+01 3.750000e+00
      vertex   1.829600e+02 -3.741481e+01 4.352952e+00
      vertex   1.829600e+02 -3.716506e+01 3.750000e+00
    endloop
  endfacet
  facet normal 4.063919e-17 7.933533e-01 6.087614e-01
    outer loop
      vertex   1.696554e+02 -3.716506e+01 3.750000e+00
      vertex   1.829600e+02 -3.716506e+01 3.750000e+00
      vertex   1.696554e+02 -3.676777e+01 3.232233e+00
    endloop
  endfacet
  facet normal 6.095878e-17 7.933533e-01 6.087614e-01
    outer loop
      vertex   1.696554e+02 -3.676777e+01 3.232233e+00
      vertex   1.829600e+02 -3.716506e+01 3.750000e+00
      vertex   1.829600e+02 -3.676777e+01 3.232233e+00
    endloop
  endfacet
  facet normal 7.944303e-17 6.087614e-01 7.933533e-01
    outer loop
      vertex   1.696554e+02 -3.676777e+01 3.232233e+00
      vertex   1.829600e+02 -3.676777e+01 3.232233e+00
      vertex   1.696554e+02 -3.625000e+01 2.834936e+00
    endloop
  endfacet
  facet normal 7.944303e-17 6.087614e-01 7.933533e-01
    outer loop
      vertex   1.696554e+02 -3.625000e+01 2.834936e+00
      vertex   1.829600e+02 -3.676777e+01 3.232233e+00
      vertex   1.829600e+02 -3.625000e+01 2.834936e+00
    endloop
  endfacet
  facet normal 9.251337e-17 3.826834e-01 9.238795e-01
    outer loop
      vertex   1.696554e+02 -3.625000e+01 2.834936e+00
      vertex   1.829600e+02 -3.625000e+01 2.834936e+00
      vertex   1.696554e+02 -3.564705e+01 2.585185e+00
    endloop
  endfacet
  facet normal -0.000000e+00 3.826834e-01 9.238795e-01
    outer loop
      vertex   1.696554e+02 -3.564705e+01 2.585185e+00
      vertex   1.829600e+02 -3.625000e+01 2.834936e+00
      vertex   1.829600e+02 -3.564705e+01 2.585185e+00
    endloop
  endfacet
  facet normal -0.000000e+00 1.305262e-01 9.914449e-01
    outer loop
      vertex   1.696554e+02 -3.564705e+01 2.585185e+00
      vertex   1.829600e+02 -3.564705e+01 2.585185e+00
      vertex   1.829600e+02 -3.500000e+01 2.500000e+00
    endloop
  endfacet
  facet normal -5.362190e-18 1.305262e-01 9.914449e-01
    outer loop
      vertex   1.000000e+01 -3.500000e+01 2.500000e+00
      vertex   1.031323e+02 -3.564705e+01 2.585185e+00
      vertex   1.829600e+02 -3.500000e+01 2.500000e+00
    endloop
  endfacet
  facet normal 3.356368e-17 1.305262e-01 9.914449e-01
    outer loop
      vertex   1.829600e+02 -3.500000e+01 2.500000e+00
      vertex   1.031323e+02 -3.564705e+01 2.585185e+00
      vertex   1.164369e+02 -3.564705e+01 2.585185e+00
    endloop
  endfacet
  facet normal 0.000000e+00 1.305262e-01 9.914449e-01
    outer loop
      vertex   1.829600e+02 -3.500000e+01 2.500000e+00
      vertex   1.164369e+02 -3.564705e+01 2.585185e+00
      vertex   1.297415e+02 -3.564705e+01 2.585185e+00
    endloop
  endfacet
  facet normal 0.000000e+00 3.826834e-01 9.238795e-01
    outer loop
      vertex   1.297415e+02 -3.564705e+01 2.585185e+00
      vertex   1.164369e+02 -3.564705e+01 2.585185e+00
      vertex   1.297415e+02 -3.625000e+01 2.834936e+00
    endloop
  endfacet
  facet normal 0.000000e+00 3.826834e-01 9.238795e-01
    outer loop
      vertex   1.297415e+02 -3.564705e+01 2.585185e+00
      vertex   1.297415e+02 -3.625000e+01 2.834936e+00
      vertex   1.430462e+02 -3.625000e+01 2.834936e+00
    endloop
  endfacet
  facet normal 0.000000e+00 6.087614e-01 7.933533e-01
    outer loop
      vertex   1.430462e+02 -3.625000e+01 2.834936e+00
      vertex   1.297415e+02 -3.625000e+01 2.834936e+00
      vertex   1.430462e+02 -3.676777e+01 3.232233e+00
    endloop
  endfacet
  facet normal 0.000000e+00 6.087614e-01 7.933533e-01
    outer loop
      vertex   1.430462e+02 -3.625000e+01 2.834936e+00
      vertex   1.430462e+02 -3.676777e+01 3.232233e+00
      vertex   1.563508e+02 -3.676777e+01 3.232233e+00
    endloop
  endfacet
  facet normal 0.000000e+00 7.933533e-01 6.087614e-01
    outer loop
      vertex   1.563508e+02 -3.676777e+01 3.232233e+00
      vertex   1.430462e+02 -3.676777e+01 3.232233e+00
      vertex   1.563508e+02 -3.716506e+01 3.750000e+00
    endloop
  endfacet
  facet normal 0.000000e+00 7.933533e-01 6.087614e-01
    outer loop
      vertex   1.563508e+02 -3.676777e+01 3.232233e+00
      vertex   1.563508e+02 -3.716506e+01 3.750000e+00
      vertex   1.696554e+02 -3.716506e+01 3.750000e+00
    endloop
  endfacet
  facet normal 0.000000e+00 9.238795e-01 3.826834e-01
    outer loop
      vertex   1.696554e+02 -3.716506e+01 3.750000e+00
      vertex   1.563508e+02 -3.716506e+01 3.750000e+00
      vertex   1.696554e+02 -3.741481e+01 4.352952e+00
    endloop
  endfacet
  facet normal -5.466085e-16 7.933533e-01 6.087614e-01
    outer loop
      vertex   1.000000e+01 -3.676777e+01 3.232233e+00
      vertex   1.000000e+01 -3.716506e+01 3.750000e+00
      vertex   2.330462e+01 -3.716506e+01 3.750000e+00
    endloop
  endfacet
  facet normal -5.700452e-16 9.238795e-01 3.826834e-01
    outer loop
      vertex   2.330462e+01 -3.716506e+01 3.750000e+00
      vertex   1.000000e+01 -3.716506e+01 3.750000e+00
      vertex   2.330462e+01 -3.741481e+01 4.352952e+00
    endloop
  endfacet
  facet normal 0.000000e+00 9.238795e-01 3.826834e-01
    outer loop
      vertex   2.330462e+01 -3.716506e+01 3.750000e+00
      vertex   2.330462e+01 -3.741481e+01 4.352952e+00
      vertex   3.660923e+01 -3.741481e+01 4.352952e+00
    endloop
  endfacet
  facet normal 0.000000e+00 9.914449e-01 1.305262e-01
    outer loop
      vertex   3.660923e+01 -3.741481e+01 4.352952e+00
      vertex   2.330462e+01 -3.741481e+01 4.352952e+00
      vertex   1.000000e+01 -3.750000e+01 5.000000e+00
    endloop
  endfacet
  facet normal -2.557233e-17 9.238795e-01 3.826834e-01
    outer loop
      vertex   1.000000e+01 -3.716506e+01 3.750000e+00
      vertex   1.000000e+01 -3.741481e+01 4.352952e+00
      vertex   2.330462e+01 -3.741481e+01 4.352952e+00
    endloop
  endfacet
  facet normal -8.713559e-18 9.914449e-01 1.305262e-01
    outer loop
      vertex   2.330462e+01 -3.741481e+01 4.352952e+00
      vertex   1.000000e+01 -3.741481e+01 4.352952e+00
      vertex   1.000000e+01 -3.750000e+01 5.000000e+00
    endloop
  endfacet
  facet normal -0.000000e+00 9.914449e-01 1.305262e-01
    outer loop
      vertex   7.652308e+01 -3.741481e+01 4.352952e+00
      vertex   1.000000e+01 -3.750000e+01 5.000000e+00
      vertex   8.982769e+01 -3.741481e+01 4.352952e+00
    endloop
  endfacet
  facet normal 0.000000e+00 9.914449e-01 1.305262e-01
    outer loop
      vertex   8.982769e+01 -3.741481e+01 4.352952e+00
      vertex   1.000000e+01 -3.750000e+01 5.000000e+00
      vertex   1.829600e+02 -3.750000e+01 5.000000e+00
    endloop
  endfacet
  facet normal -0.000000e+00 9.914449e-01 1.305262e-01
    outer loop
      vertex   8.982769e+01 -3.741481e+01 4.352952e+00
      vertex   1.829600e+02 -3.750000e+01 5.000000e+00
      vertex   1.031323e+02 -3.741481e+01 4.352952e+00
    endloop
  endfacet
  facet normal -0.000000e+00 9.914449e-01 1.305262e-01
    outer loop
      vertex   1.031323e+02 -3.741481e+01 4.352952e+00
      vertex   1.829600e+02 -3.750000e+01 5.000000e+00
      vertex   1.164369e+02 -3.741481e+01 4.352952e+00
    endloop
  endfacet
  facet normal -0.000000e+00 9.238795e-01 3.826834e-01
    outer loop
      vertex   1.031323e+02 -3.741481e+01 4.352952e+00
      vertex   1.164369e+02 -3.741481e+01 4.352952e+00
      vertex   1.031323e+02 -3.716506e+01 3.750000e+00
    endloop
  endfacet
  facet normal -0.000000e+00 9.238795e-01 3.826834e-01
    outer loop
      vertex   1.031323e+02 -3.716506e+01 3.750000e+00
      vertex   1.164369e+02 -3.741481e+01 4.352952e+00
      vertex   1.164369e+02 -3.716506e+01 3.750000e+00
    endloop
  endfacet
  facet normal -0.000000e+00 7.933533e-01 6.087614e-01
    outer loop
      vertex   1.031323e+02 -3.716506e+01 3.750000e+00
      vertex   1.164369e+02 -3.716506e+01 3.750000e+00
      vertex   1.031323e+02 -3.676777e+01 3.232233e+00
    endloop
  endfacet
  facet normal 4.063919e-17 7.933533e-01 6.087614e-01
    outer loop
      vertex   1.031323e+02 -3.676777e+01 3.232233e+00
      vertex   1.164369e+02 -3.716506e+01 3.750000e+00
      vertex   1.164369e+02 -3.676777e+01 3.232233e+00
    endloop
  endfacet
  facet normal 5.296202e-17 6.087614e-01 7.933533e-01
    outer loop
      vertex   1.031323e+02 -3.676777e+01 3.232233e+00
      vertex   1.164369e+02 -3.676777e+01 3.232233e+00
      vertex   1.031323e+02 -3.625000e+01 2.834936e+00
    endloop
  endfacet
  facet normal -0.000000e+00 9.238795e-01 3.826834e-01
    outer loop
      vertex   1.430462e+02 -3.716506e+01 3.750000e+00
      vertex   1.563508e+02 -3.741481e+01 4.352952e+00
      vertex   1.563508e+02 -3.716506e+01 3.750000e+00
    endloop
  endfacet
  facet normal 0.000000e+00 9.238795e-01 3.826834e-01
    outer loop
      vertex   1.563508e+02 -3.716506e+01 3.750000e+00
      vertex   1.563508e+02 -3.741481e+01 4.352952e+00
      vertex   1.696554e+02 -3.741481e+01 4.352952e+00
    endloop
  endfacet
  facet normal -0.000000e+00 9.914449e-01 1.305262e-01
    outer loop
      vertex   1.164369e+02 -3.741481e+01 4.352952e+00
      vertex   1.829600e+02 -3.750000e+01 5.000000e+00
      vertex   1.297415e+02 -3.741481e+01 4.352952e+00
    endloop
  endfacet
  facet normal -0.000000e+00 9.914449e-01 1.305262e-01
    outer loop
      vertex   1.297415e+02 -3.741481e+01 4.352952e+00
      vertex   1.829600e+02 -3.750000e+01 5.000000e+00
      vertex   1.430462e+02 -3.741481e+01 4.352952e+00
    endloop
  endfacet
  facet normal -0.000000e+00 9.238795e-01 3.826834e-01
    outer loop
      vertex   1.297415e+02 -3.741481e+01 4.352952e+00
      vertex   1.430462e+02 -3.741481e+01 4.352952e+00
      vertex   1.297415e+02 -3.716506e+01 3.750000e+00
    endloop
  endfacet
  facet normal 0.000000e+00 9.238795e-01 3.826834e-01
    outer loop
      vertex   1.164369e+02 -3.716506e+01 3.750000e+00
      vertex   1.164369e+02 -3.741481e+01 4.352952e+00
      vertex   1.297415e+02 -3.741481e+01 4.352952e+00
    endloop
  endfacet
  facet normal 2.554686e-17 9.238795e-01 3.826834e-01
    outer loop
      vertex   1.164369e+02 -3.716506e+01 3.750000e+00
      vertex   1.297415e+02 -3.741481e+01 4.352952e+00
      vertex   1.297415e+02 -3.716506e+01 3.750000e+00
    endloop
  endfacet
  facet normal 0.000000e+00 9.238795e-01 3.826834e-01
    outer loop
      vertex   7.652308e+01 -3.716506e+01 3.750000e+00
      vertex   7.652308e+01 -3.741481e+01 4.352952e+00
      vertex   8.982769e+01 -3.741481e+01 4.352952e+00
    endloop
  endfacet
  facet normal -0.000000e+00 9.238795e-01 3.826834e-01
    outer loop
      vertex   8.982769e+01 -3.741481e+01 4.352952e+00
      vertex   1.031323e+02 -3.741481e+01 4.352952e+00
      vertex   8.982769e+01 -3.716506e+01 3.750000e+00
    endloop
  endfacet
  facet normal 1.277343e-17 9.238795e-01 3.826834e-01
    outer loop
      vertex   8.982769e+01 -3.716506e+01 3.750000e+00
      vertex   1.031323e+02 -3.741481e+01 4.352952e+00
      vertex   1.031323e+02 -3.716506e+01 3.750000e+00
    endloop
  endfacet
  facet normal 2.031959e-17 7.933533e-01 6.087614e-01
    outer loop
      vertex   8.982769e+01 -3.716506e+01 3.750000e+00
      vertex   1.031323e+02 -3.716506e+01 3.750000e+00
      vertex   8.982769e+01 -3.676777e+01 3.232233e+00
    endloop
  endfacet
  facet normal -0.000000e+00 7.933533e-01 6.087614e-01
    outer loop
      vertex   8.982769e+01 -3.676777e+01 3.232233e+00
      vertex   1.031323e+02 -3.716506e+01 3.750000e+00
      vertex   1.031323e+02 -3.676777e+01 3.232233e+00
    endloop
  endfacet
  facet normal -0.000000e+00 6.087614e-01 7.933533e-01
    outer loop
      vertex   8.982769e+01 -3.676777e+01 3.232233e+00
      vertex   1.031323e+02 -3.676777e+01 3.232233e+00
      vertex   8.982769e+01 -3.625000e+01 2.834936e+00
    endloop
  endfacet
  facet normal -0.000000e+00 6.087614e-01 7.933533e-01
    outer loop
      vertex   8.982769e+01 -3.625000e+01 2.834936e+00
      vertex   1.031323e+02 -3.676777e+01 3.232233e+00
      vertex   1.031323e+02 -3.625000e+01 2.834936e+00
    endloop
  endfacet
  facet normal -0.000000e+00 3.826834e-01 9.238795e-01
    outer loop
      vertex   8.982769e+01 -3.625000e+01 2.834936e+00
      vertex   1.031323e+02 -3.625000e+01 2.834936e+00
      vertex   8.982769e+01 -3.564705e+01 2.585185e+00
    endloop
  endfacet
  facet normal -0.000000e+00 9.238795e-01 3.826834e-01
    outer loop
      vertex   4.991385e+01 -3.741481e+01 4.352952e+00
      vertex   6.321846e+01 -3.741481e+01 4.352952e+00
      vertex   4.991385e+01 -3.716506e+01 3.750000e+00
    endloop
  endfacet
  facet normal -0.000000e+00 9.238795e-01 3.826834e-01
    outer loop
      vertex   4.991385e+01 -3.716506e+01 3.750000e+00
      vertex   6.321846e+01 -3.741481e+01 4.352952e+00
      vertex   6.321846e+01 -3.716506e+01 3.750000e+00
    endloop
  endfacet
  facet normal -0.000000e+00 7.933533e-01 6.087614e-01
    outer loop
      vertex   4.991385e+01 -3.716506e+01 3.750000e+00
      vertex   6.321846e+01 -3.716506e+01 3.750000e+00
      vertex   4.991385e+01 -3.676777e+01 3.232233e+00
    endloop
  endfacet
  facet normal -0.000000e+00 7.933533e-01 6.087614e-01
    outer loop
      vertex   4.991385e+01 -3.676777e+01 3.232233e+00
      vertex   6.321846e+01 -3.716506e+01 3.750000e+00
      vertex   6.321846e+01 -3.676777e+01 3.232233e+00
    endloop
  endfacet
  facet normal -0.000000e+00 6.087614e-01 7.933533e-01
    outer loop
      vertex   4.991385e+01 -3.676777e+01 3.232233e+00
      vertex   6.321846e+01 -3.676777e+01 3.232233e+00
      vertex   4.991385e+01 -3.625000e+01 2.834936e+00
    endloop
  endfacet
  facet normal -0.000000e+00 7.933533e-01 6.087614e-01
    outer loop
      vertex   1.563508e+02 -3.676777e+01 3.232233e+00
      vertex   1.696554e+02 -3.716506e+01 3.750000e+00
      vertex   1.696554e+02 -3.676777e+01 3.232233e+00
    endloop
  endfacet
  facet normal 2.031959e-17 7.933533e-01 6.087614e-01
    outer loop
      vertex   1.297415e+02 -3.676777e+01 3.232233e+00
      vertex   1.430462e+02 -3.716506e+01 3.750000e+00
      vertex   1.430462e+02 -3.676777e+01 3.232233e+00
    endloop
  endfacet
  facet normal 0.000000e+00 7.933533e-01 6.087614e-01
    outer loop
      vertex   1.430462e+02 -3.676777e+01 3.232233e+00
      vertex   1.430462e+02 -3.716506e+01 3.750000e+00
      vertex   1.563508e+02 -3.716506e+01 3.750000e+00
    endloop
  endfacet
  facet normal 4.155503e-17 7.933533e-01 6.087614e-01
    outer loop
      vertex   1.164369e+02 -3.676777e+01 3.232233e+00
      vertex   1.164369e+02 -3.716506e+01 3.750000e+00
      vertex   1.297415e+02 -3.716506e+01 3.750000e+00
    endloop
  endfacet
  facet normal 0.000000e+00 7.933533e-01 6.087614e-01
    outer loop
      vertex   7.652308e+01 -3.676777e+01 3.232233e+00
      vertex   7.652308e+01 -3.716506e+01 3.750000e+00
      vertex   8.982769e+01 -3.716506e+01 3.750000e+00
    endloop
  endfacet
  facet normal 0.000000e+00 9.238795e-01 3.826834e-01
    outer loop
      vertex   8.982769e+01 -3.716506e+01 3.750000e+00
      vertex   7.652308e+01 -3.716506e+01 3.750000e+00
      vertex   8.982769e+01 -3.741481e+01 4.352952e+00
    endloop
  endfacet
  facet normal -0.000000e+00 7.933533e-01 6.087614e-01
    outer loop
      vertex   7.652308e+01 -3.676777e+01 3.232233e+00
      vertex   8.982769e+01 -3.716506e+01 3.750000e+00
      vertex   8.982769e+01 -3.676777e+01 3.232233e+00
    endloop
  endfacet
  facet normal 0.000000e+00 9.238795e-01 3.826834e-01
    outer loop
      vertex   4.991385e+01 -3.741481e+01 4.352952e+00
      vertex   4.991385e+01 -3.716506e+01 3.750000e+00
      vertex   3.660923e+01 -3.716506e+01 3.750000e+00
    endloop
  endfacet
  facet normal -0.000000e+00 7.933533e-01 6.087614e-01
    outer loop
      vertex   3.660923e+01 -3.716506e+01 3.750000e+00
      vertex   4.991385e+01 -3.716506e+01 3.750000e+00
      vertex   3.660923e+01 -3.676777e+01 3.232233e+00
    endloop
  endfacet
  facet normal 0.000000e+00 7.933533e-01 6.087614e-01
    outer loop
      vertex   3.660923e+01 -3.716506e+01 3.750000e+00
      vertex   3.660923e+01 -3.676777e+01 3.232233e+00
      vertex   2.330462e+01 -3.676777e+01 3.232233e+00
    endloop
  endfacet
  facet normal -0.000000e+00 6.087614e-01 7.933533e-01
    outer loop
      vertex   2.330462e+01 -3.676777e+01 3.232233e+00
      vertex   3.660923e+01 -3.676777e+01 3.232233e+00
      vertex   2.330462e+01 -3.625000e+01 2.834936e+00
    endloop
  endfacet
  facet normal 2.031959e-17 7.933533e-01 6.087614e-01
    outer loop
      vertex   3.660923e+01 -3.676777e+01 3.232233e+00
      vertex   4.991385e+01 -3.716506e+01 3.750000e+00
      vertex   4.991385e+01 -3.676777e+01 3.232233e+00
    endloop
  endfacet
  facet normal -0.000000e+00 6.087614e-01 7.933533e-01
    outer loop
      vertex   1.563508e+02 -3.676777e+01 3.232233e+00
      vertex   1.696554e+02 -3.676777e+01 3.232233e+00
      vertex   1.563508e+02 -3.625000e+01 2.834936e+00
    endloop
  endfacet
  facet normal -0.000000e+00 6.087614e-01 7.933533e-01
    outer loop
      vertex   1.563508e+02 -3.625000e+01 2.834936e+00
      vertex   1.696554e+02 -3.676777e+01 3.232233e+00
      vertex   1.696554e+02 -3.625000e+01 2.834936e+00
    endloop
  endfacet
  facet normal -0.000000e+00 3.826834e-01 9.238795e-01
    outer loop
      vertex   1.563508e+02 -3.625000e+01 2.834936e+00
      vertex   1.696554e+02 -3.625000e+01 2.834936e+00
      vertex   1.563508e+02 -3.564705e+01 2.585185e+00
    endloop
  endfacet
  facet normal -0.000000e+00 3.826834e-01 9.238795e-01
    outer loop
      vertex   1.563508e+02 -3.564705e+01 2.585185e+00
      vertex   1.696554e+02 -3.625000e+01 2.834936e+00
      vertex   1.696554e+02 -3.564705e+01 2.585185e+00
    endloop
  endfacet
  facet normal -0.000000e+00 1.305262e-01 9.914449e-01
    outer loop
      vertex   1.563508e+02 -3.564705e+01 2.585185e+00
      vertex   1.696554e+02 -3.564705e+01 2.585185e+00
      vertex   1.829600e+02 -3.500000e+01 2.500000e+00
    endloop
  endfacet
  facet normal -0.000000e+00 6.087614e-01 7.933533e-01
    outer loop
      vertex   1.164369e+02 -3.625000e+01 2.834936e+00
      vertex   1.297415e+02 -3.676777e+01 3.232233e+00
      vertex   1.297415e+02 -3.625000e+01 2.834936e+00
    endloop
  endfacet
  facet normal 2.876887e-17 6.087614e-01 7.933533e-01
    outer loop
      vertex   1.297415e+02 -3.625000e+01 2.834936e+00
      vertex   1.297415e+02 -3.676777e+01 3.232233e+00
      vertex   1.430462e+02 -3.676777e+01 3.232233e+00
    endloop
  endfacet
  facet normal 0.000000e+00 6.087614e-01 7.933533e-01
    outer loop
      vertex   7.652308e+01 -3.625000e+01 2.834936e+00
      vertex   7.652308e+01 -3.676777e+01 3.232233e+00
      vertex   8.982769e+01 -3.676777e+01 3.232233e+00
    endloop
  endfacet
  facet normal 5.296202e-17 6.087614e-01 7.933533e-01
    outer loop
      vertex   7.652308e+01 -3.625000e+01 2.834936e+00
      vertex   8.982769e+01 -3.676777e+01 3.232233e+00
      vertex   8.982769e+01 -3.625000e+01 2.834936e+00
    endloop
  endfacet
  facet normal 2.648101e-17 6.087614e-01 7.933533e-01
    outer loop
      vertex   3.660923e+01 -3.676777e+01 3.232233e+00
      vertex   4.991385e+01 -3.676777e+01 3.232233e+00
      vertex   3.660923e+01 -3.625000e+01 2.834936e+00
    endloop
  endfacet
  facet normal -0.000000e+00 6.087614e-01 7.933533e-01
    outer loop
      vertex   3.660923e+01 -3.625000e+01 2.834936e+00
      vertex   4.991385e+01 -3.676777e+01 3.232233e+00
      vertex   4.991385e+01 -3.625000e+01 2.834936e+00
    endloop
  endfacet
  facet normal -0.000000e+00 3.826834e-01 9.238795e-01
    outer loop
      vertex   3.660923e+01 -3.625000e+01 2.834936e+00
      vertex   4.991385e+01 -3.625000e+01 2.834936e+00
      vertex   3.660923e+01 -3.564705e+01 2.585185e+00
    endloop
  endfacet
  facet normal 0.000000e+00 6.087614e-01 7.933533e-01
    outer loop
      vertex   1.563508e+02 -3.676777e+01 3.232233e+00
      vertex   1.563508e+02 -3.625000e+01 2.834936e+00
      vertex   1.430462e+02 -3.625000e+01 2.834936e+00
    endloop
  endfacet
  facet normal -0.000000e+00 3.826834e-01 9.238795e-01
    outer loop
      vertex   1.430462e+02 -3.625000e+01 2.834936e+00
      vertex   1.563508e+02 -3.625000e+01 2.834936e+00
      vertex   1.430462e+02 -3.564705e+01 2.585185e+00
    endloop
  endfacet
  facet normal -1.758097e-16 3.826834e-01 9.238795e-01
    outer loop
      vertex   1.430462e+02 -3.625000e+01 2.834936e+00
      vertex   1.430462e+02 -3.564705e+01 2.585185e+00
      vertex   1.297415e+02 -3.564705e+01 2.585185e+00
    endloop
  endfacet
  facet normal -3.661544e-17 1.305262e-01 9.914449e-01
    outer loop
      vertex   1.297415e+02 -3.564705e+01 2.585185e+00
      vertex   1.430462e+02 -3.564705e+01 2.585185e+00
      vertex   1.829600e+02 -3.500000e+01 2.500000e+00
    endloop
  endfacet
  facet normal -0.000000e+00 3.826834e-01 9.238795e-01
    outer loop
      vertex   1.430462e+02 -3.564705e+01 2.585185e+00
      vertex   1.563508e+02 -3.625000e+01 2.834936e+00
      vertex   1.563508e+02 -3.564705e+01 2.585185e+00
    endloop
  endfacet
  facet normal 3.083779e-17 3.826834e-01 9.238795e-01
    outer loop
      vertex   1.031323e+02 -3.564705e+01 2.585185e+00
      vertex   1.164369e+02 -3.625000e+01 2.834936e+00
      vertex   1.164369e+02 -3.564705e+01 2.585185e+00
    endloop
  endfacet
  facet normal 0.000000e+00 3.826834e-01 9.238795e-01
    outer loop
      vertex   1.164369e+02 -3.564705e+01 2.585185e+00
      vertex   1.164369e+02 -3.625000e+01 2.834936e+00
      vertex   1.297415e+02 -3.625000e+01 2.834936e+00
    endloop
  endfacet
  facet normal 6.073427e-17 3.826834e-01 9.238795e-01
    outer loop
      vertex   7.652308e+01 -3.564705e+01 2.585185e+00
      vertex   7.652308e+01 -3.625000e+01 2.834936e+00
      vertex   8.982769e+01 -3.625000e+01 2.834936e+00
    endloop
  endfacet
  facet normal -0.000000e+00 3.826834e-01 9.238795e-01
    outer loop
      vertex   7.652308e+01 -3.564705e+01 2.585185e+00
      vertex   8.982769e+01 -3.625000e+01 2.834936e+00
      vertex   8.982769e+01 -3.564705e+01 2.585185e+00
    endloop
  endfacet
  facet normal 3.083779e-17 3.826834e-01 9.238795e-01
    outer loop
      vertex   4.991385e+01 -3.564705e+01 2.585185e+00
      vertex   6.321846e+01 -3.625000e+01 2.834936e+00
      vertex   6.321846e+01 -3.564705e+01 2.585185e+00
    endloop
  endfacet
  facet normal -2.045786e-16 3.826834e-01 9.238795e-01
    outer loop
      vertex   2.330462e+01 -3.564705e+01 2.585185e+00
      vertex   2.330462e+01 -3.625000e+01 2.834936e+00
      vertex   3.660923e+01 -3.625000e+01 2.834936e+00
    endloop
  endfacet
  facet normal -3.251135e-16 6.087614e-01 7.933533e-01
    outer loop
      vertex   3.660923e+01 -3.625000e+01 2.834936e+00
      vertex   2.330462e+01 -3.625000e+01 2.834936e+00
      vertex   3.660923e+01 -3.676777e+01 3.232233e+00
    endloop
  endfacet
  facet normal -0.000000e+00 3.826834e-01 9.238795e-01
    outer loop
      vertex   2.330462e+01 -3.564705e+01 2.585185e+00
      vertex   3.660923e+01 -3.625000e+01 2.834936e+00
      vertex   3.660923e+01 -3.564705e+01 2.585185e+00
    endloop
  endfacet
  facet normal 0.000000e+00 1.305262e-01 9.914449e-01
    outer loop
      vertex   1.829600e+02 -3.500000e+01 2.500000e+00
      vertex   1.430462e+02 -3.564705e+01 2.585185e+00
      vertex   1.563508e+02 -3.564705e+01 2.585185e+00
    endloop
  endfacet
  facet normal 3.356368e-17 1.305262e-01 9.914449e-01
    outer loop
      vertex   1.000000e+01 -3.500000e+01 2.500000e+00
      vertex   4.991385e+01 -3.564705e+01 2.585185e+00
      vertex   6.321846e+01 -3.564705e+01 2.585185e+00
    endloop
  endfacet
  facet normal 6.484596e-02 9.893582e-01 1.302515e-01
    outer loop
      vertex   1.000000e+01 -3.750000e+01 5.000000e+00
      vertex   1.000000e+01 -3.741481e+01 4.352952e+00
      vertex   7.715792e+00 -3.735029e+01 5.000000e+00
    endloop
  endfacet
  facet normal 6.484596e-02 9.893582e-01 1.302515e-01
    outer loop
      vertex   7.715792e+00 -3.735029e+01 5.000000e+00
      vertex   1.000000e+01 -3.741481e+01 4.352952e+00
      vertex   7.726911e+00 -3.726583e+01 4.352952e+00
    endloop
  endfacet
  facet normal 1.934283e-01 9.724300e-01 1.302515e-01
    outer loop
      vertex   7.715792e+00 -3.735029e+01 5.000000e+00
      vertex   7.726911e+00 -3.726583e+01 4.352952e+00
      vertex   5.470667e+00 -3.690370e+01 5.000000e+00
    endloop
  endfacet
  facet normal 1.934283e-01 9.724300e-01 1.302515e-01
    outer loop
      vertex   5.470667e+00 -3.690370e+01 5.000000e+00
      vertex   7.726911e+00 -3.726583e+01 4.352952e+00
      vertex   5.492714e+00 -3.682142e+01 4.352952e+00
    endloop
  endfacet
  facet normal 3.187011e-01 9.388632e-01 1.302515e-01
    outer loop
      vertex   5.470667e+00 -3.690370e+01 5.000000e+00
      vertex   5.492714e+00 -3.682142e+01 4.352952e+00
      vertex   3.303040e+00 -3.616789e+01 5.000000e+00
    endloop
  endfacet
  facet normal 3.187011e-01 9.388632e-01 1.302515e-01
    outer loop
      vertex   3.303040e+00 -3.616789e+01 5.000000e+00
      vertex   5.492714e+00 -3.682142e+01 4.352952e+00
      vertex   3.335639e+00 -3.608919e+01 4.352952e+00
    endloop
  endfacet
  facet normal 4.385208e-01 8.892323e-01 1.302515e-01
    outer loop
      vertex   3.303040e+00 -3.616789e+01 5.000000e+00
      vertex   3.335639e+00 -3.608919e+01 4.352952e+00
      vertex   1.250000e+00 -3.515544e+01 5.000000e+00
    endloop
  endfacet
  facet normal 4.385208e-01 8.892323e-01 1.302515e-01
    outer loop
      vertex   1.250000e+00 -3.515544e+01 5.000000e+00
      vertex   3.335639e+00 -3.608919e+01 4.352952e+00
      vertex   1.292593e+00 -3.508167e+01 4.352952e+00
    endloop
  endfacet
  facet normal 5.508373e-01 8.243863e-01 1.302515e-01
    outer loop
      vertex   1.250000e+00 -3.515544e+01 5.000000e+00
      vertex   1.292593e+00 -3.508167e+01 4.352952e+00
      vertex   -6.533250e-01 -3.388368e+01 5.000000e+00
    endloop
  endfacet
  facet normal 5.508373e-01 8.243863e-01 1.302515e-01
    outer loop
      vertex   -6.533250e-01 -3.388368e+01 5.000000e+00
      vertex   1.292593e+00 -3.508167e+01 4.352952e+00
      vertex   -6.014674e-01 -3.381610e+01 4.352952e+00
    endloop
  endfacet
  facet normal 6.537288e-01 7.454349e-01 1.302515e-01
    outer loop
      vertex   -6.533250e-01 -3.388368e+01 5.000000e+00
      vertex   -6.014674e-01 -3.381610e+01 4.352952e+00
      vertex   -2.374369e+00 -3.237437e+01 5.000000e+00
    endloop
  endfacet
  facet normal 6.537288e-01 7.454349e-01 1.302515e-01
    outer loop
      vertex   -2.374369e+00 -3.237437e+01 5.000000e+00
      vertex   -6.014674e-01 -3.381610e+01 4.352952e+00
      vertex   -2.314133e+00 -3.231413e+01 4.352952e+00
    endloop
  endfacet
  facet normal 7.454349e-01 6.537288e-01 1.302515e-01
    outer loop
      vertex   -2.374369e+00 -3.237437e+01 5.000000e+00
      vertex   -2.314133e+00 -3.231413e+01 4.352952e+00
      vertex   -3.883683e+00 -3.065333e+01 5.000000e+00
    endloop
  endfacet
  facet normal 7.454349e-01 6.537288e-01 1.302515e-01
    outer loop
      vertex   -3.883683e+00 -3.065333e+01 5.000000e+00
      vertex   -2.314133e+00 -3.231413e+01 4.352952e+00
      vertex   -3.816101e+00 -3.060147e+01 4.352952e+00
    endloop
  endfacet
  facet normal 8.243863e-01 5.508373e-01 1.302515e-01
    outer loop
      vertex   -3.883683e+00 -3.065333e+01 5.000000e+00
      vertex   -3.816101e+00 -3.060147e+01 4.352952e+00
      vertex   -5.155445e+00 -2.875000e+01 5.000000e+00
    endloop
  endfacet
  facet normal 8.243863e-01 5.508373e-01 1.302515e-01
    outer loop
      vertex   -5.155445e+00 -2.875000e+01 5.000000e+00
      vertex   -3.816101e+00 -3.060147e+01 4.352952e+00
      vertex   -5.081672e+00 -2.870741e+01 4.352952e+00
    endloop
  endfacet
  facet normal 8.892323e-01 4.385208e-01 1.302515e-01
    outer loop
      vertex   -5.155445e+00 -2.875000e+01 5.000000e+00
      vertex   -5.081672e+00 -2.870741e+01 4.352952e+00
      vertex   -6.167892e+00 -2.669696e+01 5.000000e+00
    endloop
  endfacet
  facet normal 8.892323e-01 4.385208e-01 1.302515e-01
    outer loop
      vertex   -6.167892e+00 -2.669696e+01 5.000000e+00
      vertex   -5.081672e+00 -2.870741e+01 4.352952e+00
      vertex   -6.089191e+00 -2.666436e+01 4.352952e+00
    endloop
  endfacet
  facet normal 9.388632e-01 3.187011e-01 1.302515e-01
    outer loop
      vertex   -6.167892e+00 -2.669696e+01 5.000000e+00
      vertex   -6.089191e+00 -2.666436e+01 4.352952e+00
      vertex   -6.903702e+00 -2.452933e+01 5.000000e+00
    endloop
  endfacet
  facet normal 9.388632e-01 3.187011e-01 1.302515e-01
    outer loop
      vertex   -6.903702e+00 -2.452933e+01 5.000000e+00
      vertex   -6.089191e+00 -2.666436e+01 4.352952e+00
      vertex   -6.821419e+00 -2.450729e+01 4.352952e+00
    endloop
  endfacet
  facet normal 9.724300e-01 1.934283e-01 1.302515e-01
    outer loop
      vertex   -6.903702e+00 -2.452933e+01 5.000000e+00
      vertex   -6.821419e+00 -2.450729e+01 4.352952e+00
      vertex   -7.350285e+00 -2.228421e+01 5.000000e+00
    endloop
  endfacet
  facet normal 9.724300e-01 1.934283e-01 1.302515e-01
    outer loop
      vertex   -7.350285e+00 -2.228421e+01 5.000000e+00
      vertex   -6.821419e+00 -2.450729e+01 4.352952e+00
      vertex   -7.265828e+00 -2.227309e+01 4.352952e+00
    endloop
  endfacet
  facet normal 9.893582e-01 6.484596e-02 1.302515e-01
    outer loop
      vertex   -7.350285e+00 -2.228421e+01 5.000000e+00
      vertex   -7.265828e+00 -2.227309e+01 4.352952e+00
      vertex   -7.500000e+00 -2.000000e+01 5.000000e+00
    endloop
  endfacet
  facet normal 9.893582e-01 6.484596e-02 1.302515e-01
    outer loop
      vertex   -7.500000e+00 -2.000000e+01 5.000000e+00
      vertex   -7.265828e+00 -2.227309e+01 4.352952e+00
      vertex   -7.414815e+00 -2.000000e+01 4.352952e+00
    endloop
  endfacet
  facet normal 9.221903e-01 6.044355e-02 3.819837e-01
    outer loop
      vertex   -7.414815e+00 -2.000000e+01 4.352952e+00
      vertex   -7.265828e+00 -2.227309e+01 4.352952e+00
      vertex   -7.018214e+00 -2.224049e+01 3.750000e+00
    endloop
  endfacet
  facet normal 9.221903e-01 6.044355e-02 3.819837e-01
    outer loop
      vertex   -7.414815e+00 -2.000000e+01 4.352952e+00
      vertex   -7.018214e+00 -2.224049e+01 3.750000e+00
      vertex   -7.165064e+00 -2.000000e+01 3.750000e+00
    endloop
  endfacet
  facet normal 7.922829e-01 5.192897e-02 6.079401e-01
    outer loop
      vertex   -7.165064e+00 -2.000000e+01 3.750000e+00
      vertex   -7.018214e+00 -2.224049e+01 3.750000e+00
      vertex   -6.624316e+00 -2.218863e+01 3.232233e+00
    endloop
  endfacet
  facet normal 7.922829e-01 5.192897e-02 6.079401e-01
    outer loop
      vertex   -7.165064e+00 -2.000000e+01 3.750000e+00
      vertex   -6.624316e+00 -2.218863e+01 3.232233e+00
      vertex   -6.767767e+00 -2.000000e+01 3.232233e+00
    endloop
  endfacet
  facet normal 6.082774e-01 3.986861e-02 7.927226e-01
    outer loop
      vertex   -6.767767e+00 -2.000000e+01 3.232233e+00
      vertex   -6.624316e+00 -2.218863e+01 3.232233e+00
      vertex   -6.110979e+00 -2.212105e+01 2.834936e+00
    endloop
  endfacet
  facet normal 6.082774e-01 3.986861e-02 7.927226e-01
    outer loop
      vertex   -6.767767e+00 -2.000000e+01 3.232233e+00
      vertex   -6.110979e+00 -2.212105e+01 2.834936e+00
      vertex   -6.250000e+00 -2.000000e+01 2.834936e+00
    endloop
  endfacet
  facet normal 3.825631e-01 2.507451e-02 9.235891e-01
    outer loop
      vertex   -6.250000e+00 -2.000000e+01 2.834936e+00
      vertex   -6.110979e+00 -2.212105e+01 2.834936e+00
      vertex   -5.513185e+00 -2.204235e+01 2.585185e+00
    endloop
  endfacet
  facet normal 3.825631e-01 2.507451e-02 9.235891e-01
    outer loop
      vertex   -6.250000e+00 -2.000000e+01 2.834936e+00
      vertex   -5.513185e+00 -2.204235e+01 2.585185e+00
      vertex   -5.647048e+00 -2.000000e+01 2.585185e+00
    endloop
  endfacet
  facet normal 1.305214e-01 8.554826e-03 9.914086e-01
    outer loop
      vertex   -5.647048e+00 -2.000000e+01 2.585185e+00
      vertex   -5.513185e+00 -2.204235e+01 2.585185e+00
      vertex   -5.000000e+00 -2.000000e+01 2.500000e+00
    endloop
  endfacet
  facet normal 1.281436e-01 9.165011e-03 9.917133e-01
    outer loop
      vertex   -5.000000e+00 -2.000000e+01 2.500000e+00
      vertex   -5.513185e+00 -2.204235e+01 2.585185e+00
      vertex   -4.847322e+00 -2.213472e+01 2.500000e+00
    endloop
  endfacet
  facet normal 1.303948e-01 2.593714e-02 9.911228e-01
    outer loop
      vertex   -4.847322e+00 -2.213472e+01 2.500000e+00
      vertex   -5.513185e+00 -2.204235e+01 2.585185e+00
      vertex   -5.113887e+00 -2.404975e+01 2.585185e+00
    endloop
  endfacet
  facet normal 1.236910e-01 2.690734e-02 9.919559e-01
    outer loop
      vertex   -4.847322e+00 -2.213472e+01 2.500000e+00
      vertex   -5.113887e+00 -2.404975e+01 2.585185e+00
      vertex   -4.392395e+00 -2.422599e+01 2.500000e+00
    endloop
  endfacet
  facet normal 1.275696e-01 4.330404e-02 9.908838e-01
    outer loop
      vertex   -4.392395e+00 -2.422599e+01 2.500000e+00
      vertex   -5.113887e+00 -2.404975e+01 2.585185e+00
      vertex   -4.455987e+00 -2.598787e+01 2.585185e+00
    endloop
  endfacet
  facet normal 1.172625e-01 4.373666e-02 9.921374e-01
    outer loop
      vertex   -4.392395e+00 -2.422599e+01 2.500000e+00
      vertex   -4.455987e+00 -2.598787e+01 2.585185e+00
      vertex   -3.644480e+00 -2.623123e+01 2.500000e+00
    endloop
  endfacet
  facet normal 1.220442e-01 6.018556e-02 9.906982e-01
    outer loop
      vertex   -3.644480e+00 -2.623123e+01 2.500000e+00
      vertex   -4.455987e+00 -2.598787e+01 2.585185e+00
      vertex   -3.550741e+00 -2.782352e+01 2.585185e+00
    endloop
  endfacet
  facet normal 1.089648e-01 5.949930e-02 9.922633e-01
    outer loop
      vertex   -3.644480e+00 -2.623123e+01 2.500000e+00
      vertex   -3.550741e+00 -2.782352e+01 2.585185e+00
      vertex   -2.618803e+00 -2.810961e+01 2.500000e+00
    endloop
  endfacet
  facet normal 1.139101e-01 7.611227e-02 9.905713e-01
    outer loop
      vertex   -2.618803e+00 -2.810961e+01 2.500000e+00
      vertex   -3.550741e+00 -2.782352e+01 2.585185e+00
      vertex   -2.413637e+00 -2.952532e+01 2.585185e+00
    endloop
  endfacet
  facet normal 9.891269e-02 7.404511e-02 9.923374e-01
    outer loop
      vertex   -2.618803e+00 -2.810961e+01 2.500000e+00
      vertex   -2.413637e+00 -2.952532e+01 2.585185e+00
      vertex   -1.336244e+00 -2.982291e+01 2.500000e+00
    endloop
  endfacet
  facet normal 1.033506e-01 9.063605e-02 9.905068e-01
    outer loop
      vertex   -1.336244e+00 -2.982291e+01 2.500000e+00
      vertex   -2.413637e+00 -2.952532e+01 2.585185e+00
      vertex   -1.064133e+00 -3.106413e+01 2.585185e+00
    endloop
  endfacet
  facet normal 8.722908e-02 8.722908e-02 9.923619e-01
    outer loop
      vertex   -1.336244e+00 -2.982291e+01 2.500000e+00
      vertex   -1.064133e+00 -3.106413e+01 2.585185e+00
      vertex   1.770890e-01 -3.133624e+01 2.500000e+00
    endloop
  endfacet
  facet normal 9.063605e-02 1.033506e-01 9.905068e-01
    outer loop
      vertex   1.770890e-01 -3.133624e+01 2.500000e+00
      vertex   -1.064133e+00 -3.106413e+01 2.585185e+00
      vertex   4.746809e-01 -3.241364e+01 2.585185e+00
    endloop
  endfacet
  facet normal 7.404511e-02 9.891269e-02 9.923374e-01
    outer loop
      vertex   1.770890e-01 -3.133624e+01 2.500000e+00
      vertex   4.746809e-01 -3.241364e+01 2.585185e+00
      vertex   1.890388e+00 -3.261880e+01 2.500000e+00
    endloop
  endfacet
  facet normal 7.611227e-02 1.139101e-01 9.905713e-01
    outer loop
      vertex   1.890388e+00 -3.261880e+01 2.500000e+00
      vertex   4.746809e-01 -3.241364e+01 2.585185e+00
      vertex   2.176476e+00 -3.355074e+01 2.585185e+00
    endloop
  endfacet
  facet normal 5.949930e-02 1.089648e-01 9.922633e-01
    outer loop
      vertex   1.890388e+00 -3.261880e+01 2.500000e+00
      vertex   2.176476e+00 -3.355074e+01 2.585185e+00
      vertex   3.768775e+00 -3.364448e+01 2.500000e+00
    endloop
  endfacet
  facet normal 6.018556e-02 1.220442e-01 9.906982e-01
    outer loop
      vertex   3.768775e+00 -3.364448e+01 2.500000e+00
      vertex   2.176476e+00 -3.355074e+01 2.585185e+00
      vertex   4.012134e+00 -3.445599e+01 2.585185e+00
    endloop
  endfacet
  facet normal 4.373666e-02 1.172625e-01 9.921374e-01
    outer loop
      vertex   3.768775e+00 -3.364448e+01 2.500000e+00
      vertex   4.012134e+00 -3.445599e+01 2.585185e+00
      vertex   5.774012e+00 -3.439239e+01 2.500000e+00
    endloop
  endfacet
  facet normal 4.330404e-02 1.275696e-01 9.908838e-01
    outer loop
      vertex   5.774012e+00 -3.439239e+01 2.500000e+00
      vertex   4.012134e+00 -3.445599e+01 2.585185e+00
      vertex   5.950246e+00 -3.511389e+01 2.585185e+00
    endloop
  endfacet
  facet normal 2.690734e-02 1.236910e-01 9.919559e-01
    outer loop
      vertex   5.774012e+00 -3.439239e+01 2.500000e+00
      vertex   5.950246e+00 -3.511389e+01 2.585185e+00
      vertex   7.865277e+00 -3.484732e+01 2.500000e+00
    endloop
  endfacet
  facet normal 2.593714e-02 1.303948e-01 9.911228e-01
    outer loop
      vertex   7.865277e+00 -3.484732e+01 2.500000e+00
      vertex   5.950246e+00 -3.511389e+01 2.585185e+00
      vertex   7.957650e+00 -3.551318e+01 2.585185e+00
    endloop
  endfacet
  facet normal 9.165011e-03 1.281436e-01 9.917133e-01
    outer loop
      vertex   7.865277e+00 -3.484732e+01 2.500000e+00
      vertex   7.957650e+00 -3.551318e+01 2.585185e+00
      vertex   1.000000e+01 -3.500000e+01 2.500000e+00
    endloop
  endfacet
  facet normal 8.554826e-03 1.305214e-01 9.914086e-01
    outer loop
      vertex   1.000000e+01 -3.500000e+01 2.500000e+00
      vertex   7.957650e+00 -3.551318e+01 2.585185e+00
      vertex   1.000000e+01 -3.564705e+01 2.585185e+00
    endloop
  endfacet
  facet normal 2.507451e-02 3.825631e-01 9.235891e-01
    outer loop
      vertex   1.000000e+01 -3.564705e+01 2.585185e+00
      vertex   7.957650e+00 -3.551318e+01 2.585185e+00
      vertex   7.878949e+00 -3.611098e+01 2.834936e+00
    endloop
  endfacet
  facet normal 2.507451e-02 3.825631e-01 9.235891e-01
    outer loop
      vertex   1.000000e+01 -3.564705e+01 2.585185e+00
      vertex   7.878949e+00 -3.611098e+01 2.834936e+00
      vertex   1.000000e+01 -3.625000e+01 2.834936e+00
    endloop
  endfacet
  facet normal 3.986861e-02 6.082774e-01 7.927226e-01
    outer loop
      vertex   1.000000e+01 -3.625000e+01 2.834936e+00
      vertex   7.878949e+00 -3.611098e+01 2.834936e+00
      vertex   7.811367e+00 -3.662432e+01 3.232233e+00
    endloop
  endfacet
  facet normal 3.986861e-02 6.082774e-01 7.927226e-01
    outer loop
      vertex   1.000000e+01 -3.625000e+01 2.834936e+00
      vertex   7.811367e+00 -3.662432e+01 3.232233e+00
      vertex   1.000000e+01 -3.676777e+01 3.232233e+00
    endloop
  endfacet
  facet normal 5.192897e-02 7.922829e-01 6.079401e-01
    outer loop
      vertex   1.000000e+01 -3.676777e+01 3.232233e+00
      vertex   7.811367e+00 -3.662432e+01 3.232233e+00
      vertex   7.759510e+00 -3.701821e+01 3.750000e+00
    endloop
  endfacet
  facet normal 5.192897e-02 7.922829e-01 6.079401e-01
    outer loop
      vertex   1.000000e+01 -3.676777e+01 3.232233e+00
      vertex   7.759510e+00 -3.701821e+01 3.750000e+00
      vertex   1.000000e+01 -3.716506e+01 3.750000e+00
    endloop
  endfacet
  facet normal 6.044355e-02 9.221903e-01 3.819837e-01
    outer loop
      vertex   1.000000e+01 -3.716506e+01 3.750000e+00
      vertex   7.759510e+00 -3.701821e+01 3.750000e+00
      vertex   7.726911e+00 -3.726583e+01 4.352952e+00
    endloop
  endfacet
  facet normal 6.044355e-02 9.221903e-01 3.819837e-01
    outer loop
      vertex   1.000000e+01 -3.716506e+01 3.750000e+00
      vertex   7.726911e+00 -3.726583e+01 4.352952e+00
      vertex   1.000000e+01 -3.741481e+01 4.352952e+00
    endloop
  endfacet
  facet normal 7.479450e-02 3.760174e-01 9.235891e-01
    outer loop
      vertex   7.878949e+00 -3.611098e+01 2.834936e+00
      vertex   7.957650e+00 -3.551318e+01 2.585185e+00
      vertex   5.794191e+00 -3.569629e+01 2.834936e+00
    endloop
  endfacet
  facet normal 7.479450e-02 3.760174e-01 9.235891e-01
    outer loop
      vertex   5.794191e+00 -3.569629e+01 2.834936e+00
      vertex   7.957650e+00 -3.551318e+01 2.585185e+00
      vertex   5.950246e+00 -3.511389e+01 2.585185e+00
    endloop
  endfacet
  facet normal 1.232347e-01 3.630378e-01 9.235891e-01
    outer loop
      vertex   5.794191e+00 -3.569629e+01 2.834936e+00
      vertex   5.950246e+00 -3.511389e+01 2.585185e+00
      vertex   3.781394e+00 -3.501304e+01 2.834936e+00
    endloop
  endfacet
  facet normal 1.232347e-01 3.630378e-01 9.235891e-01
    outer loop
      vertex   3.781394e+00 -3.501304e+01 2.834936e+00
      vertex   5.950246e+00 -3.511389e+01 2.585185e+00
      vertex   4.012134e+00 -3.445599e+01 2.585185e+00
    endloop
  endfacet
  facet normal 1.695664e-01 3.438466e-01 9.235891e-01
    outer loop
      vertex   3.781394e+00 -3.501304e+01 2.834936e+00
      vertex   4.012134e+00 -3.445599e+01 2.585185e+00
      vertex   1.875000e+00 -3.407291e+01 2.834936e+00
    endloop
  endfacet
  facet normal 1.695664e-01 3.438466e-01 9.235891e-01
    outer loop
      vertex   1.875000e+00 -3.407291e+01 2.834936e+00
      vertex   4.012134e+00 -3.445599e+01 2.585185e+00
      vertex   2.176476e+00 -3.355074e+01 2.585185e+00
    endloop
  endfacet
  facet normal 2.129967e-01 3.187721e-01 9.235891e-01
    outer loop
      vertex   1.875000e+00 -3.407291e+01 2.834936e+00
      vertex   2.176476e+00 -3.355074e+01 2.585185e+00
      vertex   1.076268e-01 -3.289199e+01 2.834936e+00
    endloop
  endfacet
  facet normal 2.129967e-01 3.187721e-01 9.235891e-01
    outer loop
      vertex   1.076268e-01 -3.289199e+01 2.834936e+00
      vertex   2.176476e+00 -3.355074e+01 2.585185e+00
      vertex   4.746809e-01 -3.241364e+01 2.585185e+00
    endloop
  endfacet
  facet normal 2.527826e-01 2.882433e-01 9.235891e-01
    outer loop
      vertex   1.076268e-01 -3.289199e+01 2.834936e+00
      vertex   4.746809e-01 -3.241364e+01 2.585185e+00
      vertex   -1.490485e+00 -3.149049e+01 2.834936e+00
    endloop
  endfacet
  facet normal 2.527826e-01 2.882433e-01 9.235891e-01
    outer loop
      vertex   -1.490485e+00 -3.149049e+01 2.834936e+00
      vertex   4.746809e-01 -3.241364e+01 2.585185e+00
      vertex   -1.064133e+00 -3.106413e+01 2.585185e+00
    endloop
  endfacet
  facet normal 2.882433e-01 2.527826e-01 9.235891e-01
    outer loop
      vertex   -1.490485e+00 -3.149049e+01 2.834936e+00
      vertex   -1.064133e+00 -3.106413e+01 2.585185e+00
      vertex   -2.891992e+00 -2.989237e+01 2.834936e+00
    endloop
  endfacet
  facet normal 2.882433e-01 2.527826e-01 9.235891e-01
    outer loop
      vertex   -2.891992e+00 -2.989237e+01 2.834936e+00
      vertex   -1.064133e+00 -3.106413e+01 2.585185e+00
      vertex   -2.413637e+00 -2.952532e+01 2.585185e+00
    endloop
  endfacet
  facet normal 3.187721e-01 2.129967e-01 9.235891e-01
    outer loop
      vertex   -2.891992e+00 -2.989237e+01 2.834936e+00
      vertex   -2.413637e+00 -2.952532e+01 2.585185e+00
      vertex   -4.072913e+00 -2.812500e+01 2.834936e+00
    endloop
  endfacet
  facet normal 3.187721e-01 2.129967e-01 9.235891e-01
    outer loop
      vertex   -4.072913e+00 -2.812500e+01 2.834936e+00
      vertex   -2.413637e+00 -2.952532e+01 2.585185e+00
      vertex   -3.550741e+00 -2.782352e+01 2.585185e+00
    endloop
  endfacet
  facet normal 3.438466e-01 1.695664e-01 9.235891e-01
    outer loop
      vertex   -4.072913e+00 -2.812500e+01 2.834936e+00
      vertex   -3.550741e+00 -2.782352e+01 2.585185e+00
      vertex   -5.013042e+00 -2.621861e+01 2.834936e+00
    endloop
  endfacet
  facet normal 3.438466e-01 1.695664e-01 9.235891e-01
    outer loop
      vertex   -5.013042e+00 -2.621861e+01 2.834936e+00
      vertex   -3.550741e+00 -2.782352e+01 2.585185e+00
      vertex   -4.455987e+00 -2.598787e+01 2.585185e+00
    endloop
  endfacet
  facet normal 3.630378e-01 1.232347e-01 9.235891e-01
    outer loop
      vertex   -5.013042e+00 -2.621861e+01 2.834936e+00
      vertex   -4.455987e+00 -2.598787e+01 2.585185e+00
      vertex   -5.696295e+00 -2.420581e+01 2.834936e+00
    endloop
  endfacet
  facet normal 3.630378e-01 1.232347e-01 9.235891e-01
    outer loop
      vertex   -5.696295e+00 -2.420581e+01 2.834936e+00
      vertex   -4.455987e+00 -2.598787e+01 2.585185e+00
      vertex   -5.113887e+00 -2.404975e+01 2.585185e+00
    endloop
  endfacet
  facet normal 3.760174e-01 7.479450e-02 9.235891e-01
    outer loop
      vertex   -5.696295e+00 -2.420581e+01 2.834936e+00
      vertex   -5.113887e+00 -2.404975e+01 2.585185e+00
      vertex   -6.110979e+00 -2.212105e+01 2.834936e+00
    endloop
  endfacet
  facet normal 3.760174e-01 7.479450e-02 9.235891e-01
    outer loop
      vertex   -6.110979e+00 -2.212105e+01 2.834936e+00
      vertex   -5.113887e+00 -2.404975e+01 2.585185e+00
      vertex   -5.513185e+00 -2.204235e+01 2.585185e+00
    endloop
  endfacet
  facet normal 1.189237e-01 5.978696e-01 7.927226e-01
    outer loop
      vertex   7.811367e+00 -3.662432e+01 3.232233e+00
      vertex   7.878949e+00 -3.611098e+01 2.834936e+00
      vertex   5.660183e+00 -3.619642e+01 3.232233e+00
    endloop
  endfacet
  facet normal 1.189237e-01 5.978696e-01 7.927226e-01
    outer loop
      vertex   5.660183e+00 -3.619642e+01 3.232233e+00
      vertex   7.878949e+00 -3.611098e+01 2.834936e+00
      vertex   5.794191e+00 -3.569629e+01 2.834936e+00
    endloop
  endfacet
  facet normal 1.959439e-01 5.772321e-01 7.927226e-01
    outer loop
      vertex   5.660183e+00 -3.619642e+01 3.232233e+00
      vertex   5.794191e+00 -3.569629e+01 2.834936e+00
      vertex   3.583253e+00 -3.549140e+01 3.232233e+00
    endloop
  endfacet
  facet normal 1.959439e-01 5.772321e-01 7.927226e-01
    outer loop
      vertex   3.583253e+00 -3.549140e+01 3.232233e+00
      vertex   5.794191e+00 -3.569629e+01 2.834936e+00
      vertex   3.781394e+00 -3.501304e+01 2.834936e+00
    endloop
  endfacet
  facet normal 2.696115e-01 5.467180e-01 7.927226e-01
    outer loop
      vertex   3.583253e+00 -3.549140e+01 3.232233e+00
      vertex   3.781394e+00 -3.501304e+01 2.834936e+00
      vertex   1.616117e+00 -3.452131e+01 3.232233e+00
    endloop
  endfacet
  facet normal 2.696115e-01 5.467180e-01 7.927226e-01
    outer loop
      vertex   1.616117e+00 -3.452131e+01 3.232233e+00
      vertex   3.781394e+00 -3.501304e+01 2.834936e+00
      vertex   1.875000e+00 -3.407291e+01 2.834936e+00
    endloop
  endfacet
  facet normal 3.386659e-01 5.068494e-01 7.927226e-01
    outer loop
      vertex   1.616117e+00 -3.452131e+01 3.232233e+00
      vertex   1.875000e+00 -3.407291e+01 2.834936e+00
      vertex   -2.075698e-01 -3.330276e+01 3.232233e+00
    endloop
  endfacet
  facet normal 3.386659e-01 5.068494e-01 7.927226e-01
    outer loop
      vertex   -2.075698e-01 -3.330276e+01 3.232233e+00
      vertex   1.875000e+00 -3.407291e+01 2.834936e+00
      vertex   1.076268e-01 -3.289199e+01 2.834936e+00
    endloop
  endfacet
  facet normal 4.019257e-01 4.583085e-01 7.927226e-01
    outer loop
      vertex   -2.075698e-01 -3.330276e+01 3.232233e+00
      vertex   1.076268e-01 -3.289199e+01 2.834936e+00
      vertex   -1.856602e+00 -3.185660e+01 3.232233e+00
    endloop
  endfacet
  facet normal 4.019257e-01 4.583085e-01 7.927226e-01
    outer loop
      vertex   -1.856602e+00 -3.185660e+01 3.232233e+00
      vertex   1.076268e-01 -3.289199e+01 2.834936e+00
      vertex   -1.490485e+00 -3.149049e+01 2.834936e+00
    endloop
  endfacet
  facet normal 4.583085e-01 4.019257e-01 7.927226e-01
    outer loop
      vertex   -1.856602e+00 -3.185660e+01 3.232233e+00
      vertex   -1.490485e+00 -3.149049e+01 2.834936e+00
      vertex   -3.302764e+00 -3.020757e+01 3.232233e+00
    endloop
  endfacet
  facet normal 4.583085e-01 4.019257e-01 7.927226e-01
    outer loop
      vertex   -3.302764e+00 -3.020757e+01 3.232233e+00
      vertex   -1.490485e+00 -3.149049e+01 2.834936e+00
      vertex   -2.891992e+00 -2.989237e+01 2.834936e+00
    endloop
  endfacet
  facet normal 5.068494e-01 3.386659e-01 7.927226e-01
    outer loop
      vertex   -3.302764e+00 -3.020757e+01 3.232233e+00
      vertex   -2.891992e+00 -2.989237e+01 2.834936e+00
      vertex   -4.521312e+00 -2.838388e+01 3.232233e+00
    endloop
  endfacet
  facet normal 5.068494e-01 3.386659e-01 7.927226e-01
    outer loop
      vertex   -4.521312e+00 -2.838388e+01 3.232233e+00
      vertex   -2.891992e+00 -2.989237e+01 2.834936e+00
      vertex   -4.072913e+00 -2.812500e+01 2.834936e+00
    endloop
  endfacet
  facet normal 5.467180e-01 2.696115e-01 7.927226e-01
    outer loop
      vertex   -4.521312e+00 -2.838388e+01 3.232233e+00
      vertex   -4.072913e+00 -2.812500e+01 2.834936e+00
      vertex   -5.491397e+00 -2.641675e+01 3.232233e+00
    endloop
  endfacet
  facet normal 5.467180e-01 2.696115e-01 7.927226e-01
    outer loop
      vertex   -5.491397e+00 -2.641675e+01 3.232233e+00
      vertex   -4.072913e+00 -2.812500e+01 2.834936e+00
      vertex   -5.013042e+00 -2.621861e+01 2.834936e+00
    endloop
  endfacet
  facet normal 5.772321e-01 1.959439e-01 7.927226e-01
    outer loop
      vertex   -5.491397e+00 -2.641675e+01 3.232233e+00
      vertex   -5.013042e+00 -2.621861e+01 2.834936e+00
      vertex   -6.196419e+00 -2.433982e+01 3.232233e+00
    endloop
  endfacet
  facet normal 5.772321e-01 1.959439e-01 7.927226e-01
    outer loop
      vertex   -6.196419e+00 -2.433982e+01 3.232233e+00
      vertex   -5.013042e+00 -2.621861e+01 2.834936e+00
      vertex   -5.696295e+00 -2.420581e+01 2.834936e+00
    endloop
  endfacet
  facet normal 5.978696e-01 1.189237e-01 7.927226e-01
    outer loop
      vertex   -6.196419e+00 -2.433982e+01 3.232233e+00
      vertex   -5.696295e+00 -2.420581e+01 2.834936e+00
      vertex   -6.624316e+00 -2.218863e+01 3.232233e+00
    endloop
  endfacet
  facet normal 5.978696e-01 1.189237e-01 7.927226e-01
    outer loop
      vertex   -6.624316e+00 -2.218863e+01 3.232233e+00
      vertex   -5.696295e+00 -2.420581e+01 2.834936e+00
      vertex   -6.110979e+00 -2.212105e+01 2.834936e+00
    endloop
  endfacet
  facet normal 1.802964e-01 9.064114e-01 3.819837e-01
    outer loop
      vertex   5.492714e+00 -3.682142e+01 4.352952e+00
      vertex   7.726911e+00 -3.726583e+01 4.352952e+00
      vertex   7.759510e+00 -3.701821e+01 3.750000e+00
    endloop
  endfacet
  facet normal 1.548984e-01 7.787268e-01 6.079401e-01
    outer loop
      vertex   7.759510e+00 -3.701821e+01 3.750000e+00
      vertex   7.811367e+00 -3.662432e+01 3.232233e+00
      vertex   5.557355e+00 -3.658018e+01 3.750000e+00
    endloop
  endfacet
  facet normal 1.548984e-01 7.787268e-01 6.079401e-01
    outer loop
      vertex   5.557355e+00 -3.658018e+01 3.750000e+00
      vertex   7.811367e+00 -3.662432e+01 3.232233e+00
      vertex   5.660183e+00 -3.619642e+01 3.232233e+00
    endloop
  endfacet
  facet normal 2.552174e-01 7.518463e-01 6.079401e-01
    outer loop
      vertex   5.557355e+00 -3.658018e+01 3.750000e+00
      vertex   5.660183e+00 -3.619642e+01 3.232233e+00
      vertex   3.431215e+00 -3.585845e+01 3.750000e+00
    endloop
  endfacet
  facet normal 2.552174e-01 7.518463e-01 6.079401e-01
    outer loop
      vertex   3.431215e+00 -3.585845e+01 3.750000e+00
      vertex   5.660183e+00 -3.619642e+01 3.232233e+00
      vertex   3.583253e+00 -3.549140e+01 3.232233e+00
    endloop
  endfacet
  facet normal 3.511697e-01 7.121016e-01 6.079401e-01
    outer loop
      vertex   3.431215e+00 -3.585845e+01 3.750000e+00
      vertex   3.583253e+00 -3.549140e+01 3.232233e+00
      vertex   1.417468e+00 -3.486538e+01 3.750000e+00
    endloop
  endfacet
  facet normal 3.511697e-01 7.121016e-01 6.079401e-01
    outer loop
      vertex   1.417468e+00 -3.486538e+01 3.750000e+00
      vertex   3.583253e+00 -3.549140e+01 3.232233e+00
      vertex   1.616117e+00 -3.452131e+01 3.232233e+00
    endloop
  endfacet
  facet normal 4.411133e-01 6.601727e-01 6.079401e-01
    outer loop
      vertex   1.417468e+00 -3.486538e+01 3.750000e+00
      vertex   1.616117e+00 -3.452131e+01 3.232233e+00
      vertex   -4.494286e-01 -3.361796e+01 3.750000e+00
    endloop
  endfacet
  facet normal 4.411133e-01 6.601727e-01 6.079401e-01
    outer loop
      vertex   -4.494286e-01 -3.361796e+01 3.750000e+00
      vertex   1.616117e+00 -3.452131e+01 3.232233e+00
      vertex   -2.075698e-01 -3.330276e+01 3.232233e+00
    endloop
  endfacet
  facet normal 5.235093e-01 5.969480e-01 6.079401e-01
    outer loop
      vertex   -4.494286e-01 -3.361796e+01 3.750000e+00
      vertex   -2.075698e-01 -3.330276e+01 3.232233e+00
      vertex   -2.137533e+00 -3.213753e+01 3.750000e+00
    endloop
  endfacet
  facet normal 5.235093e-01 5.969480e-01 6.079401e-01
    outer loop
      vertex   -2.137533e+00 -3.213753e+01 3.750000e+00
      vertex   -2.075698e-01 -3.330276e+01 3.232233e+00
      vertex   -1.856602e+00 -3.185660e+01 3.232233e+00
    endloop
  endfacet
  facet normal 5.969480e-01 5.235093e-01 6.079401e-01
    outer loop
      vertex   -2.137533e+00 -3.213753e+01 3.750000e+00
      vertex   -1.856602e+00 -3.185660e+01 3.232233e+00
      vertex   -3.617960e+00 -3.044943e+01 3.750000e+00
    endloop
  endfacet
  facet normal 5.969480e-01 5.235093e-01 6.079401e-01
    outer loop
      vertex   -3.617960e+00 -3.044943e+01 3.750000e+00
      vertex   -1.856602e+00 -3.185660e+01 3.232233e+00
      vertex   -3.302764e+00 -3.020757e+01 3.232233e+00
    endloop
  endfacet
  facet normal 6.601727e-01 4.411133e-01 6.079401e-01
    outer loop
      vertex   -3.617960e+00 -3.044943e+01 3.750000e+00
      vertex   -3.302764e+00 -3.020757e+01 3.232233e+00
      vertex   -4.865381e+00 -2.858253e+01 3.750000e+00
    endloop
  endfacet
  facet normal 6.601727e-01 4.411133e-01 6.079401e-01
    outer loop
      vertex   -4.865381e+00 -2.858253e+01 3.750000e+00
      vertex   -3.302764e+00 -3.020757e+01 3.232233e+00
      vertex   -4.521312e+00 -2.838388e+01 3.232233e+00
    endloop
  endfacet
  facet normal 7.121016e-01 3.511697e-01 6.079401e-01
    outer loop
      vertex   -4.865381e+00 -2.858253e+01 3.750000e+00
      vertex   -4.521312e+00 -2.838388e+01 3.232233e+00
      vertex   -5.858451e+00 -2.656879e+01 3.750000e+00
    endloop
  endfacet
  facet normal 7.121016e-01 3.511697e-01 6.079401e-01
    outer loop
      vertex   -5.858451e+00 -2.656879e+01 3.750000e+00
      vertex   -4.521312e+00 -2.838388e+01 3.232233e+00
      vertex   -5.491397e+00 -2.641675e+01 3.232233e+00
    endloop
  endfacet
  facet normal 7.518463e-01 2.552174e-01 6.079401e-01
    outer loop
      vertex   -5.858451e+00 -2.656879e+01 3.750000e+00
      vertex   -5.491397e+00 -2.641675e+01 3.232233e+00
      vertex   -6.580178e+00 -2.444265e+01 3.750000e+00
    endloop
  endfacet
  facet normal 7.518463e-01 2.552174e-01 6.079401e-01
    outer loop
      vertex   -6.580178e+00 -2.444265e+01 3.750000e+00
      vertex   -5.491397e+00 -2.641675e+01 3.232233e+00
      vertex   -6.196419e+00 -2.433982e+01 3.232233e+00
    endloop
  endfacet
  facet normal 7.787268e-01 1.548984e-01 6.079401e-01
    outer loop
      vertex   -6.580178e+00 -2.444265e+01 3.750000e+00
      vertex   -6.196419e+00 -2.433982e+01 3.232233e+00
      vertex   -7.018214e+00 -2.224049e+01 3.750000e+00
    endloop
  endfacet
  facet normal 7.787268e-01 1.548984e-01 6.079401e-01
    outer loop
      vertex   -7.018214e+00 -2.224049e+01 3.750000e+00
      vertex   -6.196419e+00 -2.433982e+01 3.232233e+00
      vertex   -6.624316e+00 -2.218863e+01 3.232233e+00
    endloop
  endfacet
  facet normal 2.970644e-01 8.751235e-01 3.819837e-01
    outer loop
      vertex   3.335639e+00 -3.608919e+01 4.352952e+00
      vertex   5.492714e+00 -3.682142e+01 4.352952e+00
      vertex   5.557355e+00 -3.658018e+01 3.750000e+00
    endloop
  endfacet
  facet normal 1.802964e-01 9.064114e-01 3.819837e-01
    outer loop
      vertex   5.557355e+00 -3.658018e+01 3.750000e+00
      vertex   5.492714e+00 -3.682142e+01 4.352952e+00
      vertex   7.759510e+00 -3.701821e+01 3.750000e+00
    endloop
  endfacet
  facet normal 2.970644e-01 8.751235e-01 3.819837e-01
    outer loop
      vertex   3.335639e+00 -3.608919e+01 4.352952e+00
      vertex   5.557355e+00 -3.658018e+01 3.750000e+00
      vertex   3.431215e+00 -3.585845e+01 3.750000e+00
    endloop
  endfacet
  facet normal 4.087495e-01 8.288620e-01 3.819837e-01
    outer loop
      vertex   1.292593e+00 -3.508167e+01 4.352952e+00
      vertex   3.335639e+00 -3.608919e+01 4.352952e+00
      vertex   3.431215e+00 -3.585845e+01 3.750000e+00
    endloop
  endfacet
  facet normal 4.087495e-01 8.288620e-01 3.819837e-01
    outer loop
      vertex   1.292593e+00 -3.508167e+01 4.352952e+00
      vertex   3.431215e+00 -3.585845e+01 3.750000e+00
      vertex   1.417468e+00 -3.486538e+01 3.750000e+00
    endloop
  endfacet
  facet normal 5.134408e-01 7.684185e-01 3.819837e-01
    outer loop
      vertex   -6.014674e-01 -3.381610e+01 4.352952e+00
      vertex   1.292593e+00 -3.508167e+01 4.352952e+00
      vertex   1.417468e+00 -3.486538e+01 3.750000e+00
    endloop
  endfacet
  facet normal 5.134408e-01 7.684185e-01 3.819837e-01
    outer loop
      vertex   -6.014674e-01 -3.381610e+01 4.352952e+00
      vertex   1.417468e+00 -3.486538e+01 3.750000e+00
      vertex   -4.494286e-01 -3.361796e+01 3.750000e+00
    endloop
  endfacet
  facet normal 6.093470e-01 6.948271e-01 3.819837e-01
    outer loop
      vertex   -2.314133e+00 -3.231413e+01 4.352952e+00
      vertex   -6.014674e-01 -3.381610e+01 4.352952e+00
      vertex   -4.494286e-01 -3.361796e+01 3.750000e+00
    endloop
  endfacet
  facet normal 6.093470e-01 6.948271e-01 3.819837e-01
    outer loop
      vertex   -2.314133e+00 -3.231413e+01 4.352952e+00
      vertex   -4.494286e-01 -3.361796e+01 3.750000e+00
      vertex   -2.137533e+00 -3.213753e+01 3.750000e+00
    endloop
  endfacet
  facet normal 6.948271e-01 6.093470e-01 3.819837e-01
    outer loop
      vertex   -3.816101e+00 -3.060147e+01 4.352952e+00
      vertex   -2.314133e+00 -3.231413e+01 4.352952e+00
      vertex   -2.137533e+00 -3.213753e+01 3.750000e+00
    endloop
  endfacet
  facet normal 6.948271e-01 6.093470e-01 3.819837e-01
    outer loop
      vertex   -3.816101e+00 -3.060147e+01 4.352952e+00
      vertex   -2.137533e+00 -3.213753e+01 3.750000e+00
      vertex   -3.617960e+00 -3.044943e+01 3.750000e+00
    endloop
  endfacet
  facet normal 7.684185e-01 5.134408e-01 3.819837e-01
    outer loop
      vertex   -5.081672e+00 -2.870741e+01 4.352952e+00
      vertex   -3.816101e+00 -3.060147e+01 4.352952e+00
      vertex   -3.617960e+00 -3.044943e+01 3.750000e+00
    endloop
  endfacet
  facet normal 7.684185e-01 5.134408e-01 3.819837e-01
    outer loop
      vertex   -5.081672e+00 -2.870741e+01 4.352952e+00
      vertex   -3.617960e+00 -3.044943e+01 3.750000e+00
      vertex   -4.865381e+00 -2.858253e+01 3.750000e+00
    endloop
  endfacet
  facet normal 8.288620e-01 4.087495e-01 3.819837e-01
    outer loop
      vertex   -6.089191e+00 -2.666436e+01 4.352952e+00
      vertex   -5.081672e+00 -2.870741e+01 4.352952e+00
      vertex   -4.865381e+00 -2.858253e+01 3.750000e+00
    endloop
  endfacet
  facet normal 8.288620e-01 4.087495e-01 3.819837e-01
    outer loop
      vertex   -6.089191e+00 -2.666436e+01 4.352952e+00
      vertex   -4.865381e+00 -2.858253e+01 3.750000e+00
      vertex   -5.858451e+00 -2.656879e+01 3.750000e+00
    endloop
  endfacet
  facet normal 8.751235e-01 2.970644e-01 3.819837e-01
    outer loop
      vertex   -6.821419e+00 -2.450729e+01 4.352952e+00
      vertex   -6.089191e+00 -2.666436e+01 4.352952e+00
      vertex   -5.858451e+00 -2.656879e+01 3.750000e+00
    endloop
  endfacet
  facet normal 8.751235e-01 2.970644e-01 3.819837e-01
    outer loop
      vertex   -6.821419e+00 -2.450729e+01 4.352952e+00
      vertex   -5.858451e+00 -2.656879e+01 3.750000e+00
      vertex   -6.580178e+00 -2.444265e+01 3.750000e+00
    endloop
  endfacet
  facet normal 9.064114e-01 1.802964e-01 3.819837e-01
    outer loop
      vertex   -7.265828e+00 -2.227309e+01 4.352952e+00
      vertex   -6.821419e+00 -2.450729e+01 4.352952e+00
      vertex   -6.580178e+00 -2.444265e+01 3.750000e+00
    endloop
  endfacet
  facet normal 9.064114e-01 1.802964e-01 3.819837e-01
    outer loop
      vertex   -7.265828e+00 -2.227309e+01 4.352952e+00
      vertex   -6.580178e+00 -2.444265e+01 3.750000e+00
      vertex   -7.018214e+00 -2.224049e+01 3.750000e+00
    endloop
  endfacet
  facet normal 1.305262e-01 -1.426303e-16 9.914449e-01
    outer loop
      vertex   -5.647048e+00 1.057600e+02 2.585185e+00
      vertex   -5.647048e+00 9.178667e+01 2.585185e+00
      vertex   -5.000000e+00 1.057600e+02 2.500000e+00
    endloop
  endfacet
  facet normal 1.305262e-01 0.000000e+00 9.914449e-01
    outer loop
      vertex   -5.000000e+00 1.057600e+02 2.500000e+00
      vertex   -5.647048e+00 9.178667e+01 2.585185e+00
      vertex   -5.647048e+00 7.781333e+01 2.585185e+00
    endloop
  endfacet
  facet normal 1.305262e-01 0.000000e+00 9.914449e-01
    outer loop
      vertex   -5.000000e+00 1.057600e+02 2.500000e+00
      vertex   -5.647048e+00 7.781333e+01 2.585185e+00
      vertex   -5.647048e+00 6.384000e+01 2.585185e+00
    endloop
  endfacet
  facet normal 3.826834e-01 -0.000000e+00 9.238795e-01
    outer loop
      vertex   -5.647048e+00 6.384000e+01 2.585185e+00
      vertex   -5.647048e+00 7.781333e+01 2.585185e+00
      vertex   -6.250000e+00 6.384000e+01 2.834936e+00
    endloop
  endfacet
  facet normal 3.826834e-01 0.000000e+00 9.238795e-01
    outer loop
      vertex   -5.647048e+00 6.384000e+01 2.585185e+00
      vertex   -6.250000e+00 6.384000e+01 2.834936e+00
      vertex   -6.250000e+00 4.986667e+01 2.834936e+00
    endloop
  endfacet
  facet normal 6.087614e-01 -0.000000e+00 7.933533e-01
    outer loop
      vertex   -6.250000e+00 4.986667e+01 2.834936e+00
      vertex   -6.250000e+00 6.384000e+01 2.834936e+00
      vertex   -6.767767e+00 4.986667e+01 3.232233e+00
    endloop
  endfacet
  facet normal 6.087614e-01 0.000000e+00 7.933533e-01
    outer loop
      vertex   -6.250000e+00 4.986667e+01 2.834936e+00
      vertex   -6.767767e+00 4.986667e+01 3.232233e+00
      vertex   -6.767767e+00 3.589333e+01 3.232233e+00
    endloop
  endfacet
  facet normal 7.933533e-01 -0.000000e+00 6.087614e-01
    outer loop
      vertex   -6.767767e+00 3.589333e+01 3.232233e+00
      vertex   -6.767767e+00 4.986667e+01 3.232233e+00
      vertex   -7.165064e+00 3.589333e+01 3.750000e+00
    endloop
  endfacet
  facet normal 7.933533e-01 0.000000e+00 6.087614e-01
    outer loop
      vertex   -6.767767e+00 3.589333e+01 3.232233e+00
      vertex   -7.165064e+00 3.589333e+01 3.750000e+00
      vertex   -7.165064e+00 2.192000e+01 3.750000e+00
    endloop
  endfacet
  facet normal 9.238795e-01 -0.000000e+00 3.826834e-01
    outer loop
      vertex   -7.165064e+00 2.192000e+01 3.750000e+00
      vertex   -7.165064e+00 3.589333e+01 3.750000e+00
      vertex   -7.414815e+00 2.192000e+01 4.352952e+00
    endloop
  endfacet
  facet normal 9.238795e-01 -1.430475e-16 3.826834e-01
    outer loop
      vertex   -7.165064e+00 2.192000e+01 3.750000e+00
      vertex   -7.414815e+00 2.192000e+01 4.352952e+00
      vertex   -7.414815e+00 7.946667e+00 4.352952e+00
    endloop
  endfacet
  facet normal 9.914449e-01 -1.343338e-16 1.305262e-01
    outer loop
      vertex   -7.414815e+00 7.946667e+00 4.352952e+00
      vertex   -7.414815e+00 2.192000e+01 4.352952e+00
      vertex   -7.500000e+00 -2.000000e+01 5.000000e+00
    endloop
  endfacet
  facet normal 9.914449e-01 0.000000e+00 1.305262e-01
    outer loop
      vertex   -7.414815e+00 7.946667e+00 4.352952e+00
      vertex   -7.500000e+00 -2.000000e+01 5.000000e+00
      vertex   -7.414815e+00 -6.026667e+00 4.352952e+00
    endloop
  endfacet
  facet normal 9.914449e-01 0.000000e+00 1.305262e-01
    outer loop
      vertex   -7.414815e+00 -6.026667e+00 4.352952e+00
      vertex   -7.500000e+00 -2.000000e+01 5.000000e+00
      vertex   -7.414815e+00 -2.000000e+01 4.352952e+00
    endloop
  endfacet
  facet normal 9.238795e-01 0.000000e+00 3.826834e-01
    outer loop
      vertex   -7.414815e+00 -6.026667e+00 4.352952e+00
      vertex   -7.414815e+00 -2.000000e+01 4.352952e+00
      vertex   -7.165064e+00 -6.026667e+00 3.750000e+00
    endloop
  endfacet
  facet normal 9.238795e-01 0.000000e+00 3.826834e-01
    outer loop
      vertex   -7.165064e+00 -6.026667e+00 3.750000e+00
      vertex   -7.414815e+00 -2.000000e+01 4.352952e+00
      vertex   -7.165064e+00 -2.000000e+01 3.750000e+00
    endloop
  endfacet
  facet normal 7.933533e-01 0.000000e+00 6.087614e-01
    outer loop
      vertex   -7.165064e+00 -6.026667e+00 3.750000e+00
      vertex   -7.165064e+00 -2.000000e+01 3.750000e+00
      vertex   -6.767767e+00 -6.026667e+00 3.232233e+00
    endloop
  endfacet
  facet normal 7.933533e-01 0.000000e+00 6.087614e-01
    outer loop
      vertex   -6.767767e+00 -6.026667e+00 3.232233e+00
      vertex   -7.165064e+00 -2.000000e+01 3.750000e+00
      vertex   -6.767767e+00 -2.000000e+01 3.232233e+00
    endloop
  endfacet
  facet normal 6.087614e-01 0.000000e+00 7.933533e-01
    outer loop
      vertex   -6.767767e+00 -6.026667e+00 3.232233e+00
      vertex   -6.767767e+00 -2.000000e+01 3.232233e+00
      vertex   -6.250000e+00 -6.026667e+00 2.834936e+00
    endloop
  endfacet
  facet normal 6.087614e-01 -5.042743e-17 7.933533e-01
    outer loop
      vertex   -6.250000e+00 -6.026667e+00 2.834936e+00
      vertex   -6.767767e+00 -2.000000e+01 3.232233e+00
      vertex   -6.250000e+00 -2.000000e+01 2.834936e+00
    endloop
  endfacet
  facet normal 3.826834e-01 -5.872399e-17 9.238795e-01
    outer loop
      vertex   -6.250000e+00 -6.026667e+00 2.834936e+00
      vertex   -6.250000e+00 -2.000000e+01 2.834936e+00
      vertex   -5.647048e+00 -6.026667e+00 2.585185e+00
    endloop
  endfacet
  facet normal 3.826834e-01 2.432427e-17 9.238795e-01
    outer loop
      vertex   -5.647048e+00 -6.026667e+00 2.585185e+00
      vertex   -6.250000e+00 -2.000000e+01 2.834936e+00
      vertex   -5.647048e+00 -2.000000e+01 2.585185e+00
    endloop
  endfacet
  facet normal 1.305262e-01 8.296556e-18 9.914449e-01
    outer loop
      vertex   -5.647048e+00 -6.026667e+00 2.585185e+00
      vertex   -5.647048e+00 -2.000000e+01 2.585185e+00
      vertex   -5.000000e+00 -2.000000e+01 2.500000e+00
    endloop
  endfacet
  facet normal 3.826834e-01 -1.660965e-16 9.238795e-01
    outer loop
      vertex   -5.647048e+00 9.178667e+01 2.585185e+00
      vertex   -5.647048e+00 1.057600e+02 2.585185e+00
      vertex   -6.250000e+00 9.178667e+01 2.834936e+00
    endloop
  endfacet
  facet normal 3.826834e-01 -1.417722e-16 9.238795e-01
    outer loop
      vertex   -6.250000e+00 9.178667e+01 2.834936e+00
      vertex   -5.647048e+00 1.057600e+02 2.585185e+00
      vertex   -6.250000e+00 1.057600e+02 2.834936e+00
    endloop
  endfacet
  facet normal 6.087614e-01 -1.395492e-16 7.933533e-01
    outer loop
      vertex   -6.250000e+00 9.178667e+01 2.834936e+00
      vertex   -6.250000e+00 1.057600e+02 2.834936e+00
      vertex   -6.767767e+00 9.178667e+01 3.232233e+00
    endloop
  endfacet
  facet normal 6.087614e-01 -1.530298e-16 7.933533e-01
    outer loop
      vertex   -6.767767e+00 9.178667e+01 3.232233e+00
      vertex   -6.250000e+00 1.057600e+02 2.834936e+00
      vertex   -6.767767e+00 1.057600e+02 3.232233e+00
    endloop
  endfacet
  facet normal 7.933533e-01 -1.588964e-16 6.087614e-01
    outer loop
      vertex   -6.767767e+00 9.178667e+01 3.232233e+00
      vertex   -6.767767e+00 1.057600e+02 3.232233e+00
      vertex   -7.165064e+00 9.178667e+01 3.750000e+00
    endloop
  endfacet
  facet normal 7.933533e-01 -1.899766e-16 6.087614e-01
    outer loop
      vertex   -7.165064e+00 9.178667e+01 3.750000e+00
      vertex   -6.767767e+00 1.057600e+02 3.232233e+00
      vertex   -7.165064e+00 1.057600e+02 3.750000e+00
    endloop
  endfacet
  facet normal 9.238795e-01 -2.004962e-16 3.826834e-01
    outer loop
      vertex   -7.165064e+00 9.178667e+01 3.750000e+00
      vertex   -7.165064e+00 1.057600e+02 3.750000e+00
      vertex   -7.414815e+00 9.178667e+01 4.352952e+00
    endloop
  endfacet
  facet normal 9.238795e-01 -1.174480e-16 3.826834e-01
    outer loop
      vertex   -7.414815e+00 9.178667e+01 4.352952e+00
      vertex   -7.165064e+00 1.057600e+02 3.750000e+00
      vertex   -7.414815e+00 1.057600e+02 4.352952e+00
    endloop
  endfacet
  facet normal 9.914449e-01 -1.260372e-16 1.305262e-01
    outer loop
      vertex   -7.414815e+00 9.178667e+01 4.352952e+00
      vertex   -7.414815e+00 1.057600e+02 4.352952e+00
      vertex   -7.500000e+00 1.057600e+02 5.000000e+00
    endloop
  endfacet
  facet normal 9.914449e-01 -7.002067e-18 1.305262e-01
    outer loop
      vertex   -7.500000e+00 -2.000000e+01 5.000000e+00
      vertex   -7.414815e+00 4.986667e+01 4.352952e+00
      vertex   -7.500000e+00 1.057600e+02 5.000000e+00
    endloop
  endfacet
  facet normal 9.914449e-01 0.000000e+00 1.305262e-01
    outer loop
      vertex   -7.500000e+00 1.057600e+02 5.000000e+00
      vertex   -7.414815e+00 4.986667e+01 4.352952e+00
      vertex   -7.414815e+00 6.384000e+01 4.352952e+00
    endloop
  endfacet
  facet normal 9.914449e-01 0.000000e+00 1.305262e-01
    outer loop
      vertex   -7.500000e+00 1.057600e+02 5.000000e+00
      vertex   -7.414815e+00 6.384000e+01 4.352952e+00
      vertex   -7.414815e+00 7.781333e+01 4.352952e+00
    endloop
  endfacet
  facet normal 9.238795e-01 0.000000e+00 3.826834e-01
    outer loop
      vertex   -7.414815e+00 7.781333e+01 4.352952e+00
      vertex   -7.414815e+00 6.384000e+01 4.352952e+00
      vertex   -7.165064e+00 7.781333e+01 3.750000e+00
    endloop
  endfacet
  facet normal 9.238795e-01 0.000000e+00 3.826834e-01
    outer loop
      vertex   -7.414815e+00 7.781333e+01 4.352952e+00
      vertex   -7.165064e+00 7.781333e+01 3.750000e+00
      vertex   -7.165064e+00 9.178667e+01 3.750000e+00
    endloop
  endfacet
  facet normal 7.933533e-01 0.000000e+00 6.087614e-01
    outer loop
      vertex   -7.165064e+00 9.178667e+01 3.750000e+00
      vertex   -7.165064e+00 7.781333e+01 3.750000e+00
      vertex   -6.767767e+00 9.178667e+01 3.232233e+00
    endloop
  endfacet
  facet normal 1.305262e-01 -9.218396e-19 9.914449e-01
    outer loop
      vertex   -5.000000e+00 1.057600e+02 2.500000e+00
      vertex   -5.647048e+00 3.589333e+01 2.585185e+00
      vertex   -5.000000e+00 -2.000000e+01 2.500000e+00
    endloop
  endfacet
  facet normal 1.305262e-01 0.000000e+00 9.914449e-01
    outer loop
      vertex   -5.000000e+00 -2.000000e+01 2.500000e+00
      vertex   -5.647048e+00 3.589333e+01 2.585185e+00
      vertex   -5.647048e+00 2.192000e+01 2.585185e+00
    endloop
  endfacet
  facet normal 1.305262e-01 -8.369803e-18 9.914449e-01
    outer loop
      vertex   -5.000000e+00 -2.000000e+01 2.500000e+00
      vertex   -5.647048e+00 2.192000e+01 2.585185e+00
      vertex   -5.647048e+00 7.946667e+00 2.585185e+00
    endloop
  endfacet
  facet normal 3.826834e-01 -2.432427e-17 9.238795e-01
    outer loop
      vertex   -5.647048e+00 7.946667e+00 2.585185e+00
      vertex   -5.647048e+00 2.192000e+01 2.585185e+00
      vertex   -6.250000e+00 7.946667e+00 2.834936e+00
    endloop
  endfacet
  facet normal 3.826834e-01 0.000000e+00 9.238795e-01
    outer loop
      vertex   -5.647048e+00 7.946667e+00 2.585185e+00
      vertex   -6.250000e+00 7.946667e+00 2.834936e+00
      vertex   -6.250000e+00 -6.026667e+00 2.834936e+00
    endloop
  endfacet
  facet normal 6.087614e-01 -0.000000e+00 7.933533e-01
    outer loop
      vertex   -6.250000e+00 -6.026667e+00 2.834936e+00
      vertex   -6.250000e+00 7.946667e+00 2.834936e+00
      vertex   -6.767767e+00 -6.026667e+00 3.232233e+00
    endloop
  endfacet
  facet normal 3.826834e-01 -0.000000e+00 9.238795e-01
    outer loop
      vertex   -5.647048e+00 7.781333e+01 2.585185e+00
      vertex   -5.647048e+00 9.178667e+01 2.585185e+00
      vertex   -6.250000e+00 7.781333e+01 2.834936e+00
    endloop
  endfacet
  facet normal 3.826834e-01 -0.000000e+00 9.238795e-01
    outer loop
      vertex   -6.250000e+00 7.781333e+01 2.834936e+00
      vertex   -5.647048e+00 9.178667e+01 2.585185e+00
      vertex   -6.250000e+00 9.178667e+01 2.834936e+00
    endloop
  endfacet
  facet normal 6.087614e-01 -0.000000e+00 7.933533e-01
    outer loop
      vertex   -6.250000e+00 7.781333e+01 2.834936e+00
      vertex   -6.250000e+00 9.178667e+01 2.834936e+00
      vertex   -6.767767e+00 7.781333e+01 3.232233e+00
    endloop
  endfacet
  facet normal 6.087614e-01 -0.000000e+00 7.933533e-01
    outer loop
      vertex   -6.767767e+00 7.781333e+01 3.232233e+00
      vertex   -6.250000e+00 9.178667e+01 2.834936e+00
      vertex   -6.767767e+00 9.178667e+01 3.232233e+00
    endloop
  endfacet
  facet normal 7.933533e-01 -0.000000e+00 6.087614e-01
    outer loop
      vertex   -6.767767e+00 7.781333e+01 3.232233e+00
      vertex   -6.767767e+00 9.178667e+01 3.232233e+00
      vertex   -7.165064e+00 7.781333e+01 3.750000e+00
    endloop
  endfacet
  facet normal 1.305262e-01 -0.000000e+00 9.914449e-01
    outer loop
      vertex   -5.647048e+00 3.589333e+01 2.585185e+00
      vertex   -5.000000e+00 1.057600e+02 2.500000e+00
      vertex   -5.647048e+00 4.986667e+01 2.585185e+00
    endloop
  endfacet
  facet normal 1.305262e-01 -0.000000e+00 9.914449e-01
    outer loop
      vertex   -5.647048e+00 4.986667e+01 2.585185e+00
      vertex   -5.000000e+00 1.057600e+02 2.500000e+00
      vertex   -5.647048e+00 6.384000e+01 2.585185e+00
    endloop
  endfacet
  facet normal 3.826834e-01 -0.000000e+00 9.238795e-01
    outer loop
      vertex   -5.647048e+00 4.986667e+01 2.585185e+00
      vertex   -5.647048e+00 6.384000e+01 2.585185e+00
      vertex   -6.250000e+00 4.986667e+01 2.834936e+00
    endloop
  endfacet
  facet normal 3.826834e-01 -0.000000e+00 9.238795e-01
    outer loop
      vertex   -5.647048e+00 3.589333e+01 2.585185e+00
      vertex   -5.647048e+00 4.986667e+01 2.585185e+00
      vertex   -6.250000e+00 3.589333e+01 2.834936e+00
    endloop
  endfacet
  facet normal 3.826834e-01 -0.000000e+00 9.238795e-01
    outer loop
      vertex   -6.250000e+00 3.589333e+01 2.834936e+00
      vertex   -5.647048e+00 4.986667e+01 2.585185e+00
      vertex   -6.250000e+00 4.986667e+01 2.834936e+00
    endloop
  endfacet
  facet normal 6.087614e-01 -0.000000e+00 7.933533e-01
    outer loop
      vertex   -6.250000e+00 3.589333e+01 2.834936e+00
      vertex   -6.250000e+00 4.986667e+01 2.834936e+00
      vertex   -6.767767e+00 3.589333e+01 3.232233e+00
    endloop
  endfacet
  facet normal 1.305262e-01 -0.000000e+00 9.914449e-01
    outer loop
      vertex   -5.647048e+00 -6.026667e+00 2.585185e+00
      vertex   -5.000000e+00 -2.000000e+01 2.500000e+00
      vertex   -5.647048e+00 7.946667e+00 2.585185e+00
    endloop
  endfacet
  facet normal 3.826834e-01 -0.000000e+00 9.238795e-01
    outer loop
      vertex   -5.647048e+00 2.192000e+01 2.585185e+00
      vertex   -5.647048e+00 3.589333e+01 2.585185e+00
      vertex   -6.250000e+00 2.192000e+01 2.834936e+00
    endloop
  endfacet
  facet normal 3.826834e-01 -0.000000e+00 9.238795e-01
    outer loop
      vertex   -6.250000e+00 2.192000e+01 2.834936e+00
      vertex   -5.647048e+00 3.589333e+01 2.585185e+00
      vertex   -6.250000e+00 3.589333e+01 2.834936e+00
    endloop
  endfacet
  facet normal 6.087614e-01 -0.000000e+00 7.933533e-01
    outer loop
      vertex   -6.250000e+00 2.192000e+01 2.834936e+00
      vertex   -6.250000e+00 3.589333e+01 2.834936e+00
      vertex   -6.767767e+00 2.192000e+01 3.232233e+00
    endloop
  endfacet
  facet normal 6.087614e-01 -0.000000e+00 7.933533e-01
    outer loop
      vertex   -6.767767e+00 2.192000e+01 3.232233e+00
      vertex   -6.250000e+00 3.589333e+01 2.834936e+00
      vertex   -6.767767e+00 3.589333e+01 3.232233e+00
    endloop
  endfacet
  facet normal 7.933533e-01 -0.000000e+00 6.087614e-01
    outer loop
      vertex   -6.767767e+00 2.192000e+01 3.232233e+00
      vertex   -6.767767e+00 3.589333e+01 3.232233e+00
      vertex   -7.165064e+00 2.192000e+01 3.750000e+00
    endloop
  endfacet
  facet normal 3.826834e-01 0.000000e+00 9.238795e-01
    outer loop
      vertex   -6.250000e+00 -6.026667e+00 2.834936e+00
      vertex   -5.647048e+00 -6.026667e+00 2.585185e+00
      vertex   -5.647048e+00 7.946667e+00 2.585185e+00
    endloop
  endfacet
  facet normal 3.826834e-01 0.000000e+00 9.238795e-01
    outer loop
      vertex   -5.647048e+00 7.781333e+01 2.585185e+00
      vertex   -6.250000e+00 7.781333e+01 2.834936e+00
      vertex   -6.250000e+00 6.384000e+01 2.834936e+00
    endloop
  endfacet
  facet normal 6.087614e-01 -0.000000e+00 7.933533e-01
    outer loop
      vertex   -6.250000e+00 6.384000e+01 2.834936e+00
      vertex   -6.250000e+00 7.781333e+01 2.834936e+00
      vertex   -6.767767e+00 6.384000e+01 3.232233e+00
    endloop
  endfacet
  facet normal 6.087614e-01 0.000000e+00 7.933533e-01
    outer loop
      vertex   -6.250000e+00 6.384000e+01 2.834936e+00
      vertex   -6.767767e+00 6.384000e+01 3.232233e+00
      vertex   -6.767767e+00 4.986667e+01 3.232233e+00
    endloop
  endfacet
  facet normal 7.933533e-01 -0.000000e+00 6.087614e-01
    outer loop
      vertex   -6.767767e+00 4.986667e+01 3.232233e+00
      vertex   -6.767767e+00 6.384000e+01 3.232233e+00
      vertex   -7.165064e+00 4.986667e+01 3.750000e+00
    endloop
  endfacet
  facet normal 7.933533e-01 0.000000e+00 6.087614e-01
    outer loop
      vertex   -6.767767e+00 4.986667e+01 3.232233e+00
      vertex   -7.165064e+00 4.986667e+01 3.750000e+00
      vertex   -7.165064e+00 3.589333e+01 3.750000e+00
    endloop
  endfacet
  facet normal 9.238795e-01 -0.000000e+00 3.826834e-01
    outer loop
      vertex   -7.165064e+00 3.589333e+01 3.750000e+00
      vertex   -7.165064e+00 4.986667e+01 3.750000e+00
      vertex   -7.414815e+00 3.589333e+01 4.352952e+00
    endloop
  endfacet
  facet normal 9.238795e-01 0.000000e+00 3.826834e-01
    outer loop
      vertex   -7.165064e+00 3.589333e+01 3.750000e+00
      vertex   -7.414815e+00 3.589333e+01 4.352952e+00
      vertex   -7.414815e+00 2.192000e+01 4.352952e+00
    endloop
  endfacet
  facet normal 9.914449e-01 -0.000000e+00 1.305262e-01
    outer loop
      vertex   -7.414815e+00 2.192000e+01 4.352952e+00
      vertex   -7.414815e+00 3.589333e+01 4.352952e+00
      vertex   -7.500000e+00 -2.000000e+01 5.000000e+00
    endloop
  endfacet
  facet normal 6.087614e-01 -0.000000e+00 7.933533e-01
    outer loop
      vertex   -6.767767e+00 6.384000e+01 3.232233e+00
      vertex   -6.250000e+00 7.781333e+01 2.834936e+00
      vertex   -6.767767e+00 7.781333e+01 3.232233e+00
    endloop
  endfacet
  facet normal 3.826834e-01 -2.434852e-17 9.238795e-01
    outer loop
      vertex   -5.647048e+00 2.192000e+01 2.585185e+00
      vertex   -6.250000e+00 2.192000e+01 2.834936e+00
      vertex   -6.250000e+00 7.946667e+00 2.834936e+00
    endloop
  endfacet
  facet normal 6.087614e-01 -3.869433e-17 7.933533e-01
    outer loop
      vertex   -6.250000e+00 7.946667e+00 2.834936e+00
      vertex   -6.250000e+00 2.192000e+01 2.834936e+00
      vertex   -6.767767e+00 7.946667e+00 3.232233e+00
    endloop
  endfacet
  facet normal 6.087614e-01 0.000000e+00 7.933533e-01
    outer loop
      vertex   -6.250000e+00 7.946667e+00 2.834936e+00
      vertex   -6.767767e+00 7.946667e+00 3.232233e+00
      vertex   -6.767767e+00 -6.026667e+00 3.232233e+00
    endloop
  endfacet
  facet normal 7.933533e-01 -0.000000e+00 6.087614e-01
    outer loop
      vertex   -6.767767e+00 -6.026667e+00 3.232233e+00
      vertex   -6.767767e+00 7.946667e+00 3.232233e+00
      vertex   -7.165064e+00 -6.026667e+00 3.750000e+00
    endloop
  endfacet
  facet normal 6.087614e-01 -3.869433e-17 7.933533e-01
    outer loop
      vertex   -6.767767e+00 7.946667e+00 3.232233e+00
      vertex   -6.250000e+00 2.192000e+01 2.834936e+00
      vertex   -6.767767e+00 2.192000e+01 3.232233e+00
    endloop
  endfacet
  facet normal 7.933533e-01 -0.000000e+00 6.087614e-01
    outer loop
      vertex   -6.767767e+00 6.384000e+01 3.232233e+00
      vertex   -6.767767e+00 7.781333e+01 3.232233e+00
      vertex   -7.165064e+00 6.384000e+01 3.750000e+00
    endloop
  endfacet
  facet normal 7.933533e-01 -0.000000e+00 6.087614e-01
    outer loop
      vertex   -7.165064e+00 6.384000e+01 3.750000e+00
      vertex   -6.767767e+00 7.781333e+01 3.232233e+00
      vertex   -7.165064e+00 7.781333e+01 3.750000e+00
    endloop
  endfacet
  facet normal 9.238795e-01 -0.000000e+00 3.826834e-01
    outer loop
      vertex   -7.165064e+00 6.384000e+01 3.750000e+00
      vertex   -7.165064e+00 7.781333e+01 3.750000e+00
      vertex   -7.414815e+00 6.384000e+01 4.352952e+00
    endloop
  endfacet
  facet normal 7.933533e-01 -5.042743e-17 6.087614e-01
    outer loop
      vertex   -6.767767e+00 7.946667e+00 3.232233e+00
      vertex   -6.767767e+00 2.192000e+01 3.232233e+00
      vertex   -7.165064e+00 7.946667e+00 3.750000e+00
    endloop
  endfacet
  facet normal 7.933533e-01 -5.042743e-17 6.087614e-01
    outer loop
      vertex   -7.165064e+00 7.946667e+00 3.750000e+00
      vertex   -6.767767e+00 2.192000e+01 3.232233e+00
      vertex   -7.165064e+00 2.192000e+01 3.750000e+00
    endloop
  endfacet
  facet normal 9.238795e-01 -5.872399e-17 3.826834e-01
    outer loop
      vertex   -7.165064e+00 7.946667e+00 3.750000e+00
      vertex   -7.165064e+00 2.192000e+01 3.750000e+00
      vertex   -7.414815e+00 7.946667e+00 4.352952e+00
    endloop
  endfacet
  facet normal 9.238795e-01 -0.000000e+00 3.826834e-01
    outer loop
      vertex   -7.414815e+00 7.781333e+01 4.352952e+00
      vertex   -7.165064e+00 9.178667e+01 3.750000e+00
      vertex   -7.414815e+00 9.178667e+01 4.352952e+00
    endloop
  endfacet
  facet normal 7.933533e-01 0.000000e+00 6.087614e-01
    outer loop
      vertex   -6.767767e+00 6.384000e+01 3.232233e+00
      vertex   -7.165064e+00 6.384000e+01 3.750000e+00
      vertex   -7.165064e+00 4.986667e+01 3.750000e+00
    endloop
  endfacet
  facet normal 9.238795e-01 -0.000000e+00 3.826834e-01
    outer loop
      vertex   -7.165064e+00 4.986667e+01 3.750000e+00
      vertex   -7.165064e+00 6.384000e+01 3.750000e+00
      vertex   -7.414815e+00 4.986667e+01 4.352952e+00
    endloop
  endfacet
  facet normal 9.238795e-01 0.000000e+00 3.826834e-01
    outer loop
      vertex   -7.165064e+00 4.986667e+01 3.750000e+00
      vertex   -7.414815e+00 4.986667e+01 4.352952e+00
      vertex   -7.414815e+00 3.589333e+01 4.352952e+00
    endloop
  endfacet
  facet normal 9.914449e-01 -0.000000e+00 1.305262e-01
    outer loop
      vertex   -7.414815e+00 3.589333e+01 4.352952e+00
      vertex   -7.414815e+00 4.986667e+01 4.352952e+00
      vertex   -7.500000e+00 -2.000000e+01 5.000000e+00
    endloop
  endfacet
  facet normal 9.238795e-01 -0.000000e+00 3.826834e-01
    outer loop
      vertex   -7.414815e+00 4.986667e+01 4.352952e+00
      vertex   -7.165064e+00 6.384000e+01 3.750000e+00
      vertex   -7.414815e+00 6.384000e+01 4.352952e+00
    endloop
  endfacet
  facet normal 9.238795e-01 0.000000e+00 3.826834e-01
    outer loop
      vertex   -7.414815e+00 -6.026667e+00 4.352952e+00
      vertex   -7.165064e+00 -6.026667e+00 3.750000e+00
      vertex   -7.165064e+00 7.946667e+00 3.750000e+00
    endloop
  endfacet
  facet normal 7.933533e-01 0.000000e+00 6.087614e-01
    outer loop
      vertex   -7.165064e+00 7.946667e+00 3.750000e+00
      vertex   -7.165064e+00 -6.026667e+00 3.750000e+00
      vertex   -6.767767e+00 7.946667e+00 3.232233e+00
    endloop
  endfacet
  facet normal 9.238795e-01 -0.000000e+00 3.826834e-01
    outer loop
      vertex   -7.414815e+00 -6.026667e+00 4.352952e+00
      vertex   -7.165064e+00 7.946667e+00 3.750000e+00
      vertex   -7.414815e+00 7.946667e+00 4.352952e+00
    endloop
  endfacet
  facet normal 9.914449e-01 0.000000e+00 1.305262e-01
    outer loop
      vertex   -7.500000e+00 1.057600e+02 5.000000e+00
      vertex   -7.414815e+00 7.781333e+01 4.352952e+00
      vertex   -7.414815e+00 9.178667e+01 4.352952e+00
    endloop
  endfacet
  facet normal 1.000000e+00 2.259996e-16 0.000000e+00
    outer loop
      vertex   2.029600e+02 1.057600e+02 9.100000e+00
      vertex   2.029600e+02 -2.000000e+01 9.100000e+00
      vertex   2.029600e+02 1.057600e+02 5.000000e+00
    endloop
  endfacet
  facet normal 1.000000e+00 2.259996e-16 0.000000e+00
    outer loop
      vertex   2.029600e+02 1.057600e+02 5.000000e+00
      vertex   2.029600e+02 -2.000000e+01 9.100000e+00
      vertex   2.029600e+02 -2.000000e+01 5.000000e+00
    endloop
  endfacet
  facet normal 6.037850e-02 9.981756e-01 -0.000000e+00
    outer loop
      vertex   1.829600e+02 1.257600e+02 5.000000e+00
      vertex   1.829600e+02 1.257600e+02 9.100000e+00
      vertex   1.853707e+02 1.256142e+02 5.000000e+00
    endloop
  endfacet
  facet normal 6.037850e-02 9.981756e-01 4.185512e-16
    outer loop
      vertex   1.853707e+02 1.256142e+02 5.000000e+00
      vertex   1.829600e+02 1.257600e+02 9.100000e+00
      vertex   1.853707e+02 1.256142e+02 9.100000e+00
    endloop
  endfacet
  facet normal 1.802550e-01 9.836199e-01 1.249550e-15
    outer loop
      vertex   1.853707e+02 1.256142e+02 5.000000e+00
      vertex   1.853707e+02 1.256142e+02 9.100000e+00
      vertex   1.877463e+02 1.251788e+02 9.100000e+00
    endloop
  endfacet
  facet normal 1.802550e-01 9.836199e-01 2.489070e-15
    outer loop
      vertex   1.853707e+02 1.256142e+02 5.000000e+00
      vertex   1.877463e+02 1.251788e+02 9.100000e+00
      vertex   1.877463e+02 1.251788e+02 5.000000e+00
    endloop
  endfacet
  facet normal 2.975031e-01 9.547209e-01 4.124656e-15
    outer loop
      vertex   1.877463e+02 1.251788e+02 5.000000e+00
      vertex   1.877463e+02 1.251788e+02 9.100000e+00
      vertex   1.900521e+02 1.244603e+02 9.100000e+00
    endloop
  endfacet
  facet normal 2.975031e-01 9.547209e-01 2.063013e-15
    outer loop
      vertex   1.877463e+02 1.251788e+02 5.000000e+00
      vertex   1.900521e+02 1.244603e+02 9.100000e+00
      vertex   1.900521e+02 1.244603e+02 5.000000e+00
    endloop
  endfacet
  facet normal 4.104128e-01 9.118998e-01 2.845033e-15
    outer loop
      vertex   1.900521e+02 1.244603e+02 5.000000e+00
      vertex   1.900521e+02 1.244603e+02 9.100000e+00
      vertex   1.922545e+02 1.234691e+02 9.100000e+00
    endloop
  endfacet
  facet normal 4.104128e-01 9.118998e-01 -3.139367e-16
    outer loop
      vertex   1.900521e+02 1.244603e+02 5.000000e+00
      vertex   1.922545e+02 1.234691e+02 9.100000e+00
      vertex   1.922545e+02 1.234691e+02 5.000000e+00
    endloop
  endfacet
  facet normal 5.173378e-01 8.557813e-01 6.200590e-16
    outer loop
      vertex   1.922545e+02 1.234691e+02 5.000000e+00
      vertex   1.922545e+02 1.234691e+02 9.100000e+00
      vertex   1.943213e+02 1.222197e+02 9.100000e+00
    endloop
  endfacet
  facet normal 5.173378e-01 8.557813e-01 0.000000e+00
    outer loop
      vertex   1.922545e+02 1.234691e+02 5.000000e+00
      vertex   1.943213e+02 1.222197e+02 9.100000e+00
      vertex   1.943213e+02 1.222197e+02 5.000000e+00
    endloop
  endfacet
  facet normal 6.167189e-01 7.871835e-01 -0.000000e+00
    outer loop
      vertex   1.943213e+02 1.222197e+02 5.000000e+00
      vertex   1.943213e+02 1.222197e+02 9.100000e+00
      vertex   1.962225e+02 1.207302e+02 9.100000e+00
    endloop
  endfacet
  facet normal 6.167189e-01 7.871835e-01 9.732038e-15
    outer loop
      vertex   1.943213e+02 1.222197e+02 5.000000e+00
      vertex   1.962225e+02 1.207302e+02 9.100000e+00
      vertex   1.962225e+02 1.207302e+02 5.000000e+00
    endloop
  endfacet
  facet normal 7.071068e-01 7.071068e-01 9.803504e-15
    outer loop
      vertex   1.962225e+02 1.207302e+02 5.000000e+00
      vertex   1.962225e+02 1.207302e+02 9.100000e+00
      vertex   1.979302e+02 1.190225e+02 9.100000e+00
    endloop
  endfacet
  facet normal 7.071068e-01 7.071068e-01 2.466646e-15
    outer loop
      vertex   1.962225e+02 1.207302e+02 5.000000e+00
      vertex   1.979302e+02 1.190225e+02 9.100000e+00
      vertex   1.979302e+02 1.190225e+02 5.000000e+00
    endloop
  endfacet
  facet normal 7.871835e-01 6.167189e-01 2.137586e-15
    outer loop
      vertex   1.979302e+02 1.190225e+02 5.000000e+00
      vertex   1.979302e+02 1.190225e+02 9.100000e+00
      vertex   1.994197e+02 1.171213e+02 9.100000e+00
    endloop
  endfacet
  facet normal 7.871835e-01 6.167189e-01 5.471468e-15
    outer loop
      vertex   1.979302e+02 1.190225e+02 5.000000e+00
      vertex   1.994197e+02 1.171213e+02 9.100000e+00
      vertex   1.994197e+02 1.171213e+02 5.000000e+00
    endloop
  endfacet
  facet normal 8.557813e-01 5.173378e-01 5.932382e-15
    outer loop
      vertex   1.994197e+02 1.171213e+02 5.000000e+00
      vertex   1.994197e+02 1.171213e+02 9.100000e+00
      vertex   2.006691e+02 1.150545e+02 9.100000e+00
    endloop
  endfacet
  facet normal 8.557813e-01 5.173378e-01 -5.919950e-15
    outer loop
      vertex   1.994197e+02 1.171213e+02 5.000000e+00
      vertex   2.006691e+02 1.150545e+02 9.100000e+00
      vertex   2.006691e+02 1.150545e+02 5.000000e+00
    endloop
  endfacet
  facet normal 9.118998e-01 4.104128e-01 -6.321403e-15
    outer loop
      vertex   2.006691e+02 1.150545e+02 5.000000e+00
      vertex   2.006691e+02 1.150545e+02 9.100000e+00
      vertex   2.016603e+02 1.128521e+02 9.100000e+00
    endloop
  endfacet
  facet normal 9.118998e-01 4.104128e-01 6.323582e-15
    outer loop
      vertex   2.006691e+02 1.150545e+02 5.000000e+00
      vertex   2.016603e+02 1.128521e+02 9.100000e+00
      vertex   2.016603e+02 1.128521e+02 5.000000e+00
    endloop
  endfacet
  facet normal 9.547209e-01 2.975031e-01 6.618244e-15
    outer loop
      vertex   2.016603e+02 1.128521e+02 5.000000e+00
      vertex   2.016603e+02 1.128521e+02 9.100000e+00
      vertex   2.023788e+02 1.105463e+02 9.100000e+00
    endloop
  endfacet
  facet normal 9.547209e-01 2.975031e-01 0.000000e+00
    outer loop
      vertex   2.016603e+02 1.128521e+02 5.000000e+00
      vertex   2.023788e+02 1.105463e+02 9.100000e+00
      vertex   2.023788e+02 1.105463e+02 5.000000e+00
    endloop
  endfacet
  facet normal 9.836199e-01 1.802550e-01 -0.000000e+00
    outer loop
      vertex   2.023788e+02 1.105463e+02 5.000000e+00
      vertex   2.023788e+02 1.105463e+02 9.100000e+00
      vertex   2.028142e+02 1.081707e+02 9.100000e+00
    endloop
  endfacet
  facet normal 9.836199e-01 1.802550e-01 -6.189038e-15
    outer loop
      vertex   2.023788e+02 1.105463e+02 5.000000e+00
      vertex   2.028142e+02 1.081707e+02 9.100000e+00
      vertex   2.028142e+02 1.081707e+02 5.000000e+00
    endloop
  endfacet
  facet normal 9.981756e-01 6.037850e-02 -6.710201e-15
    outer loop
      vertex   2.028142e+02 1.081707e+02 5.000000e+00
      vertex   2.028142e+02 1.081707e+02 9.100000e+00
      vertex   2.029600e+02 1.057600e+02 5.000000e+00
    endloop
  endfacet
  facet normal 9.981756e-01 6.037850e-02 -0.000000e+00
    outer loop
      vertex   2.029600e+02 1.057600e+02 5.000000e+00
      vertex   2.028142e+02 1.081707e+02 9.100000e+00
      vertex   2.029600e+02 1.057600e+02 9.100000e+00
    endloop
  endfacet
  facet normal -0.000000e+00 1.000000e+00 0.000000e+00
    outer loop
      vertex   1.000000e+01 1.257600e+02 9.100000e+00
      vertex   1.829600e+02 1.257600e+02 9.100000e+00
      vertex   1.000000e+01 1.257600e+02 5.000000e+00
    endloop
  endfacet
  facet normal 0.000000e+00 1.000000e+00 0.000000e+00
    outer loop
      vertex   1.000000e+01 1.257600e+02 5.000000e+00
      vertex   1.829600e+02 1.257600e+02 9.100000e+00
      vertex   1.829600e+02 1.257600e+02 5.000000e+00
    endloop
  endfacet
  facet normal -9.981756e-01 6.037850e-02 0.000000e+00
    outer loop
      vertex   -1.000000e+01 1.057600e+02 5.000000e+00
      vertex   -1.000000e+01 1.057600e+02 9.100000e+00
      vertex   -9.854177e+00 1.081707e+02 5.000000e+00
    endloop
  endfacet
  facet normal -9.981756e-01 6.037850e-02 4.324673e-16
    outer loop
      vertex   -9.854177e+00 1.081707e+02 5.000000e+00
      vertex   -1.000000e+01 1.057600e+02 9.100000e+00
      vertex   -9.854177e+00 1.081707e+02 9.100000e+00
    endloop
  endfacet
  facet normal -9.836199e-01 1.802550e-01 4.261610e-16
    outer loop
      vertex   -9.854177e+00 1.081707e+02 5.000000e+00
      vertex   -9.854177e+00 1.081707e+02 9.100000e+00
      vertex   -9.418836e+00 1.105463e+02 9.100000e+00
    endloop
  endfacet
  facet normal -9.836199e-01 1.802550e-01 -4.260570e-16
    outer loop
      vertex   -9.854177e+00 1.081707e+02 5.000000e+00
      vertex   -9.418836e+00 1.105463e+02 9.100000e+00
      vertex   -9.418836e+00 1.105463e+02 5.000000e+00
    endloop
  endfacet
  facet normal -9.547209e-01 2.975031e-01 -4.136402e-16
    outer loop
      vertex   -9.418836e+00 1.105463e+02 5.000000e+00
      vertex   -9.418836e+00 1.105463e+02 9.100000e+00
      vertex   -8.700325e+00 1.128521e+02 9.100000e+00
    endloop
  endfacet
  facet normal -9.547209e-01 2.975031e-01 0.000000e+00
    outer loop
      vertex   -9.418836e+00 1.105463e+02 5.000000e+00
      vertex   -8.700325e+00 1.128521e+02 9.100000e+00
      vertex   -8.700325e+00 1.128521e+02 5.000000e+00
    endloop
  endfacet
  facet normal -9.118998e-01 4.104128e-01 0.000000e+00
    outer loop
      vertex   -8.700325e+00 1.128521e+02 5.000000e+00
      vertex   -8.700325e+00 1.128521e+02 9.100000e+00
      vertex   -7.709121e+00 1.150545e+02 9.100000e+00
    endloop
  endfacet
  facet normal -9.118998e-01 4.104128e-01 4.036329e-16
    outer loop
      vertex   -8.700325e+00 1.128521e+02 5.000000e+00
      vertex   -7.709121e+00 1.150545e+02 9.100000e+00
      vertex   -7.709121e+00 1.150545e+02 5.000000e+00
    endloop
  endfacet
  facet normal -8.557813e-01 5.173378e-01 3.707739e-16
    outer loop
      vertex   -7.709121e+00 1.150545e+02 5.000000e+00
      vertex   -7.709121e+00 1.150545e+02 9.100000e+00
      vertex   -6.459677e+00 1.171213e+02 9.100000e+00
    endloop
  endfacet
  facet normal -8.557813e-01 5.173378e-01 0.000000e+00
    outer loop
      vertex   -7.709121e+00 1.150545e+02 5.000000e+00
      vertex   -6.459677e+00 1.171213e+02 9.100000e+00
      vertex   -6.459677e+00 1.171213e+02 5.000000e+00
    endloop
  endfacet
  facet normal -7.871835e-01 6.167189e-01 0.000000e+00
    outer loop
      vertex   -6.459677e+00 1.171213e+02 5.000000e+00
      vertex   -6.459677e+00 1.171213e+02 9.100000e+00
      vertex   -4.970215e+00 1.190225e+02 9.100000e+00
    endloop
  endfacet
  facet normal -7.871835e-01 6.167189e-01 0.000000e+00
    outer loop
      vertex   -6.459677e+00 1.171213e+02 5.000000e+00
      vertex   -4.970215e+00 1.190225e+02 9.100000e+00
      vertex   -4.970215e+00 1.190225e+02 5.000000e+00
    endloop
  endfacet
  facet normal -7.071068e-01 7.071068e-01 0.000000e+00
    outer loop
      vertex   -4.970215e+00 1.190225e+02 5.000000e+00
      vertex   -4.970215e+00 1.190225e+02 9.100000e+00
      vertex   -3.262453e+00 1.207302e+02 9.100000e+00
    endloop
  endfacet
  facet normal -7.071068e-01 7.071068e-01 8.969620e-17
    outer loop
      vertex   -4.970215e+00 1.190225e+02 5.000000e+00
      vertex   -3.262453e+00 1.207302e+02 9.100000e+00
      vertex   -3.262453e+00 1.207302e+02 5.000000e+00
    endloop
  endfacet
  facet normal -6.167189e-01 7.871835e-01 6.679956e-17
    outer loop
      vertex   -3.262453e+00 1.207302e+02 5.000000e+00
      vertex   -3.262453e+00 1.207302e+02 9.100000e+00
      vertex   -1.361295e+00 1.222197e+02 9.100000e+00
    endloop
  endfacet
  facet normal -6.167189e-01 7.871835e-01 8.969620e-17
    outer loop
      vertex   -3.262453e+00 1.207302e+02 5.000000e+00
      vertex   -1.361295e+00 1.222197e+02 9.100000e+00
      vertex   -1.361295e+00 1.222197e+02 5.000000e+00
    endloop
  endfacet
  facet normal -5.173378e-01 8.557813e-01 5.603516e-17
    outer loop
      vertex   -1.361295e+00 1.222197e+02 5.000000e+00
      vertex   -1.361295e+00 1.222197e+02 9.100000e+00
      vertex   7.055366e-01 1.234691e+02 9.100000e+00
    endloop
  endfacet
  facet normal -5.173378e-01 8.557813e-01 2.825430e-15
    outer loop
      vertex   -1.361295e+00 1.222197e+02 5.000000e+00
      vertex   7.055366e-01 1.234691e+02 9.100000e+00
      vertex   7.055366e-01 1.234691e+02 5.000000e+00
    endloop
  endfacet
  facet normal -4.104128e-01 9.118998e-01 2.994000e-15
    outer loop
      vertex   7.055366e-01 1.234691e+02 5.000000e+00
      vertex   7.055366e-01 1.234691e+02 9.100000e+00
      vertex   2.907902e+00 1.244603e+02 9.100000e+00
    endloop
  endfacet
  facet normal -4.104128e-01 9.118998e-01 -1.345443e-16
    outer loop
      vertex   7.055366e-01 1.234691e+02 5.000000e+00
      vertex   2.907902e+00 1.244603e+02 9.100000e+00
      vertex   2.907902e+00 1.244603e+02 5.000000e+00
    endloop
  endfacet
  facet normal -2.975031e-01 9.547209e-01 -9.667163e-17
    outer loop
      vertex   2.907902e+00 1.244603e+02 5.000000e+00
      vertex   2.907902e+00 1.244603e+02 9.100000e+00
      vertex   5.213687e+00 1.251788e+02 9.100000e+00
    endloop
  endfacet
  facet normal -2.975031e-01 9.547209e-01 0.000000e+00
    outer loop
      vertex   2.907902e+00 1.244603e+02 5.000000e+00
      vertex   5.213687e+00 1.251788e+02 9.100000e+00
      vertex   5.213687e+00 1.251788e+02 5.000000e+00
    endloop
  endfacet
  facet normal -1.802550e-01 9.836199e-01 0.000000e+00
    outer loop
      vertex   5.213687e+00 1.251788e+02 5.000000e+00
      vertex   5.213687e+00 1.251788e+02 9.100000e+00
      vertex   7.589266e+00 1.256142e+02 9.100000e+00
    endloop
  endfacet
  facet normal -1.802550e-01 9.836199e-01 0.000000e+00
    outer loop
      vertex   5.213687e+00 1.251788e+02 5.000000e+00
      vertex   7.589266e+00 1.256142e+02 9.100000e+00
      vertex   7.589266e+00 1.256142e+02 5.000000e+00
    endloop
  endfacet
  facet normal -6.037850e-02 9.981756e-01 0.000000e+00
    outer loop
      vertex   7.589266e+00 1.256142e+02 5.000000e+00
      vertex   7.589266e+00 1.256142e+02 9.100000e+00
      vertex   1.000000e+01 1.257600e+02 5.000000e+00
    endloop
  endfacet
  facet normal -6.037850e-02 9.981756e-01 0.000000e+00
    outer loop
      vertex   1.000000e+01 1.257600e+02 5.000000e+00
      vertex   7.589266e+00 1.256142e+02 9.100000e+00
      vertex   1.000000e+01 1.257600e+02 9.100000e+00
    endloop
  endfacet
  facet normal -1.000000e+00 -2.259996e-16 -0.000000e+00
    outer loop
      vertex   2.004600e+02 -2.000000e+01 9.100000e+00
      vertex   2.004600e+02 1.057600e+02 9.100000e+00
      vertex   2.004600e+02 -2.000000e+01 5.000000e+00
    endloop
  endfacet
  facet normal -1.000000e+00 -2.259996e-16 0.000000e+00
    outer loop
      vertex   2.004600e+02 -2.000000e+01 5.000000e+00
      vertex   2.004600e+02 1.057600e+02 9.100000e+00
      vertex   2.004600e+02 1.057600e+02 5.000000e+00
    endloop
  endfacet
  facet normal -6.540313e-02 9.978589e-01 0.000000e+00
    outer loop
      vertex   1.829600e+02 -3.750000e+01 5.000000e+00
      vertex   1.829600e+02 -3.750000e+01 9.100000e+00
      vertex   1.852442e+02 -3.735029e+01 5.000000e+00
    endloop
  endfacet
  facet normal -6.540313e-02 9.978589e-01 4.533826e-16
    outer loop
      vertex   1.852442e+02 -3.735029e+01 5.000000e+00
      vertex   1.829600e+02 -3.750000e+01 9.100000e+00
      vertex   1.852442e+02 -3.735029e+01 9.100000e+00
    endloop
  endfacet
  facet normal -1.950903e-01 9.807853e-01 1.352390e-15
    outer loop
      vertex   1.852442e+02 -3.735029e+01 5.000000e+00
      vertex   1.852442e+02 -3.735029e+01 9.100000e+00
      vertex   1.874893e+02 -3.690370e+01 5.000000e+00
    endloop
  endfacet
  facet normal -1.950903e-01 9.807853e-01 1.699731e-15
    outer loop
      vertex   1.874893e+02 -3.690370e+01 5.000000e+00
      vertex   1.852442e+02 -3.735029e+01 9.100000e+00
      vertex   1.874893e+02 -3.690370e+01 9.100000e+00
    endloop
  endfacet
  facet normal -3.214395e-01 9.469301e-01 1.641059e-15
    outer loop
      vertex   1.874893e+02 -3.690370e+01 5.000000e+00
      vertex   1.874893e+02 -3.690370e+01 9.100000e+00
      vertex   1.896570e+02 -3.616789e+01 5.000000e+00
    endloop
  endfacet
  facet normal -3.214395e-01 9.469301e-01 0.000000e+00
    outer loop
      vertex   1.896570e+02 -3.616789e+01 5.000000e+00
      vertex   1.874893e+02 -3.690370e+01 9.100000e+00
      vertex   1.896570e+02 -3.616789e+01 9.100000e+00
    endloop
  endfacet
  facet normal -4.422887e-01 8.968727e-01 0.000000e+00
    outer loop
      vertex   1.896570e+02 -3.616789e+01 5.000000e+00
      vertex   1.896570e+02 -3.616789e+01 9.100000e+00
      vertex   1.917100e+02 -3.515544e+01 5.000000e+00
    endloop
  endfacet
  facet normal -4.422887e-01 8.968727e-01 1.554308e-15
    outer loop
      vertex   1.917100e+02 -3.515544e+01 5.000000e+00
      vertex   1.896570e+02 -3.616789e+01 9.100000e+00
      vertex   1.917100e+02 -3.515544e+01 9.100000e+00
    endloop
  endfacet
  facet normal -5.555702e-01 8.314696e-01 1.440963e-15
    outer loop
      vertex   1.917100e+02 -3.515544e+01 5.000000e+00
      vertex   1.917100e+02 -3.515544e+01 9.100000e+00
      vertex   1.936133e+02 -3.388368e+01 5.000000e+00
    endloop
  endfacet
  facet normal -5.555702e-01 8.314696e-01 0.000000e+00
    outer loop
      vertex   1.936133e+02 -3.388368e+01 5.000000e+00
      vertex   1.917100e+02 -3.515544e+01 9.100000e+00
      vertex   1.936133e+02 -3.388368e+01 9.100000e+00
    endloop
  endfacet
  facet normal -6.593458e-01 7.518398e-01 0.000000e+00
    outer loop
      vertex   1.936133e+02 -3.388368e+01 5.000000e+00
      vertex   1.936133e+02 -3.388368e+01 9.100000e+00
      vertex   1.953344e+02 -3.237437e+01 5.000000e+00
    endloop
  endfacet
  facet normal -6.593458e-01 7.518398e-01 -4.570667e-15
    outer loop
      vertex   1.953344e+02 -3.237437e+01 5.000000e+00
      vertex   1.936133e+02 -3.388368e+01 9.100000e+00
      vertex   1.953344e+02 -3.237437e+01 9.100000e+00
    endloop
  endfacet
  facet normal -7.518398e-01 6.593458e-01 -5.211847e-15
    outer loop
      vertex   1.953344e+02 -3.237437e+01 5.000000e+00
      vertex   1.953344e+02 -3.237437e+01 9.100000e+00
      vertex   1.968437e+02 -3.065333e+01 5.000000e+00
    endloop
  endfacet
  facet normal -7.518398e-01 6.593458e-01 -5.211847e-15
    outer loop
      vertex   1.968437e+02 -3.065333e+01 5.000000e+00
      vertex   1.953344e+02 -3.237437e+01 9.100000e+00
      vertex   1.968437e+02 -3.065333e+01 9.100000e+00
    endloop
  endfacet
  facet normal -8.314696e-01 5.555702e-01 -5.763851e-15
    outer loop
      vertex   1.968437e+02 -3.065333e+01 5.000000e+00
      vertex   1.968437e+02 -3.065333e+01 9.100000e+00
      vertex   1.981154e+02 -2.875000e+01 5.000000e+00
    endloop
  endfacet
  facet normal -8.314696e-01 5.555702e-01 0.000000e+00
    outer loop
      vertex   1.981154e+02 -2.875000e+01 5.000000e+00
      vertex   1.968437e+02 -3.065333e+01 9.100000e+00
      vertex   1.981154e+02 -2.875000e+01 9.100000e+00
    endloop
  endfacet
  facet normal -8.968727e-01 4.422887e-01 0.000000e+00
    outer loop
      vertex   1.981154e+02 -2.875000e+01 5.000000e+00
      vertex   1.981154e+02 -2.875000e+01 9.100000e+00
      vertex   1.991279e+02 -2.669696e+01 5.000000e+00
    endloop
  endfacet
  facet normal -8.968727e-01 4.422887e-01 1.205122e-14
    outer loop
      vertex   1.991279e+02 -2.669696e+01 5.000000e+00
      vertex   1.981154e+02 -2.875000e+01 9.100000e+00
      vertex   1.991279e+02 -2.669696e+01 9.100000e+00
    endloop
  endfacet
  facet normal -9.469301e-01 3.214395e-01 1.284994e-14
    outer loop
      vertex   1.991279e+02 -2.669696e+01 5.000000e+00
      vertex   1.991279e+02 -2.669696e+01 9.100000e+00
      vertex   1.998637e+02 -2.452933e+01 5.000000e+00
    endloop
  endfacet
  facet normal -9.469301e-01 3.214395e-01 0.000000e+00
    outer loop
      vertex   1.998637e+02 -2.452933e+01 5.000000e+00
      vertex   1.991279e+02 -2.669696e+01 9.100000e+00
      vertex   1.998637e+02 -2.452933e+01 9.100000e+00
    endloop
  endfacet
  facet normal -9.807853e-01 1.950903e-01 0.000000e+00
    outer loop
      vertex   1.998637e+02 -2.452933e+01 5.000000e+00
      vertex   1.998637e+02 -2.452933e+01 9.100000e+00
      vertex   2.003103e+02 -2.228421e+01 5.000000e+00
    endloop
  endfacet
  facet normal -9.807853e-01 1.950903e-01 0.000000e+00
    outer loop
      vertex   2.003103e+02 -2.228421e+01 5.000000e+00
      vertex   1.998637e+02 -2.452933e+01 9.100000e+00
      vertex   2.003103e+02 -2.228421e+01 9.100000e+00
    endloop
  endfacet
  facet normal -9.978589e-01 6.540313e-02 0.000000e+00
    outer loop
      vertex   2.003103e+02 -2.228421e+01 5.000000e+00
      vertex   2.003103e+02 -2.228421e+01 9.100000e+00
      vertex   2.004600e+02 -2.000000e+01 5.000000e+00
    endloop
  endfacet
  facet normal -9.978589e-01 6.540313e-02 0.000000e+00
    outer loop
      vertex   2.004600e+02 -2.000000e+01 5.000000e+00
      vertex   2.003103e+02 -2.228421e+01 9.100000e+00
      vertex   2.004600e+02 -2.000000e+01 9.100000e+00
    endloop
  endfacet
  facet normal -0.000000e+00 1.000000e+00 0.000000e+00
    outer loop
      vertex   1.000000e+01 -3.750000e+01 9.100000e+00
      vertex   1.829600e+02 -3.750000e+01 9.100000e+00
      vertex   1.000000e+01 -3.750000e+01 5.000000e+00
    endloop
  endfacet
  facet normal 0.000000e+00 1.000000e+00 0.000000e+00
    outer loop
      vertex   1.000000e+01 -3.750000e+01 5.000000e+00
      vertex   1.829600e+02 -3.750000e+01 9.100000e+00
      vertex   1.829600e+02 -3.750000e+01 5.000000e+00
    endloop
  endfacet
  facet normal 9.978589e-01 6.540313e-02 -0.000000e+00
    outer loop
      vertex   -7.500000e+00 -2.000000e+01 5.000000e+00
      vertex   -7.500000e+00 -2.000000e+01 9.100000e+00
      vertex   -7.350285e+00 -2.228421e+01 5.000000e+00
    endloop
  endfacet
  facet normal 9.978589e-01 6.540313e-02 1.133457e-16
    outer loop
      vertex   -7.350285e+00 -2.228421e+01 5.000000e+00
      vertex   -7.500000e+00 -2.000000e+01 9.100000e+00
      vertex   -7.350285e+00 -2.228421e+01 9.100000e+00
    endloop
  endfacet
  facet normal 9.807853e-01 1.950903e-01 3.380976e-16
    outer loop
      vertex   -7.350285e+00 -2.228421e+01 5.000000e+00
      vertex   -7.350285e+00 -2.228421e+01 9.100000e+00
      vertex   -6.903702e+00 -2.452933e+01 5.000000e+00
    endloop
  endfacet
  facet normal 9.807853e-01 1.950903e-01 3.815152e-16
    outer loop
      vertex   -6.903702e+00 -2.452933e+01 5.000000e+00
      vertex   -7.350285e+00 -2.228421e+01 9.100000e+00
      vertex   -6.903702e+00 -2.452933e+01 9.100000e+00
    endloop
  endfacet
  facet normal 9.469301e-01 3.214395e-01 4.836647e-16
    outer loop
      vertex   -6.903702e+00 -2.452933e+01 5.000000e+00
      vertex   -6.903702e+00 -2.452933e+01 9.100000e+00
      vertex   -6.167892e+00 -2.669696e+01 5.000000e+00
    endloop
  endfacet
  facet normal 9.469301e-01 3.214395e-01 -6.153972e-16
    outer loop
      vertex   -6.167892e+00 -2.669696e+01 5.000000e+00
      vertex   -6.903702e+00 -2.452933e+01 9.100000e+00
      vertex   -6.167892e+00 -2.669696e+01 9.100000e+00
    endloop
  endfacet
  facet normal 8.968727e-01 4.422887e-01 -5.828656e-16
    outer loop
      vertex   -6.167892e+00 -2.669696e+01 5.000000e+00
      vertex   -6.167892e+00 -2.669696e+01 9.100000e+00
      vertex   -5.155445e+00 -2.875000e+01 5.000000e+00
    endloop
  endfacet
  facet normal 8.968727e-01 4.422887e-01 -7.771542e-16
    outer loop
      vertex   -5.155445e+00 -2.875000e+01 5.000000e+00
      vertex   -6.167892e+00 -2.669696e+01 9.100000e+00
      vertex   -5.155445e+00 -2.875000e+01 9.100000e+00
    endloop
  endfacet
  facet normal 8.314696e-01 5.555702e-01 -7.204813e-16
    outer loop
      vertex   -5.155445e+00 -2.875000e+01 5.000000e+00
      vertex   -5.155445e+00 -2.875000e+01 9.100000e+00
      vertex   -3.883683e+00 -3.065333e+01 5.000000e+00
    endloop
  endfacet
  facet normal 8.314696e-01 5.555702e-01 2.112297e-16
    outer loop
      vertex   -3.883683e+00 -3.065333e+01 5.000000e+00
      vertex   -5.155445e+00 -2.875000e+01 9.100000e+00
      vertex   -3.883683e+00 -3.065333e+01 9.100000e+00
    endloop
  endfacet
  facet normal 7.518398e-01 6.593458e-01 3.270281e-16
    outer loop
      vertex   -3.883683e+00 -3.065333e+01 5.000000e+00
      vertex   -3.883683e+00 -3.065333e+01 9.100000e+00
      vertex   -2.374369e+00 -3.237437e+01 5.000000e+00
    endloop
  endfacet
  facet normal 7.518398e-01 6.593458e-01 -1.628702e-16
    outer loop
      vertex   -2.374369e+00 -3.237437e+01 5.000000e+00
      vertex   -3.883683e+00 -3.065333e+01 9.100000e+00
      vertex   -2.374369e+00 -3.237437e+01 9.100000e+00
    endloop
  endfacet
  facet normal 6.593458e-01 7.518398e-01 -1.428333e-16
    outer loop
      vertex   -2.374369e+00 -3.237437e+01 5.000000e+00
      vertex   -2.374369e+00 -3.237437e+01 9.100000e+00
      vertex   -6.533250e-01 -3.388368e+01 5.000000e+00
    endloop
  endfacet
  facet normal 6.593458e-01 7.518398e-01 -6.070417e-16
    outer loop
      vertex   -6.533250e-01 -3.388368e+01 5.000000e+00
      vertex   -2.374369e+00 -3.237437e+01 9.100000e+00
      vertex   -6.533250e-01 -3.388368e+01 9.100000e+00
    endloop
  endfacet
  facet normal 5.555702e-01 8.314696e-01 -5.114984e-16
    outer loop
      vertex   -6.533250e-01 -3.388368e+01 5.000000e+00
      vertex   -6.533250e-01 -3.388368e+01 9.100000e+00
      vertex   1.250000e+00 -3.515544e+01 5.000000e+00
    endloop
  endfacet
  facet normal 5.555702e-01 8.314696e-01 -6.017628e-16
    outer loop
      vertex   1.250000e+00 -3.515544e+01 5.000000e+00
      vertex   -6.533250e-01 -3.388368e+01 9.100000e+00
      vertex   1.250000e+00 -3.515544e+01 9.100000e+00
    endloop
  endfacet
  facet normal 4.422887e-01 8.968727e-01 -4.790625e-16
    outer loop
      vertex   1.250000e+00 -3.515544e+01 5.000000e+00
      vertex   1.250000e+00 -3.515544e+01 9.100000e+00
      vertex   3.303040e+00 -3.616789e+01 5.000000e+00
    endloop
  endfacet
  facet normal 4.422887e-01 8.968727e-01 -1.745933e-15
    outer loop
      vertex   3.303040e+00 -3.616789e+01 5.000000e+00
      vertex   1.250000e+00 -3.515544e+01 9.100000e+00
      vertex   3.303040e+00 -3.616789e+01 9.100000e+00
    endloop
  endfacet
  facet normal 3.214395e-01 9.469301e-01 -1.780325e-15
    outer loop
      vertex   3.303040e+00 -3.616789e+01 5.000000e+00
      vertex   3.303040e+00 -3.616789e+01 9.100000e+00
      vertex   5.470667e+00 -3.690370e+01 5.000000e+00
    endloop
  endfacet
  facet normal 3.214395e-01 9.469301e-01 -1.392661e-16
    outer loop
      vertex   5.470667e+00 -3.690370e+01 5.000000e+00
      vertex   3.303040e+00 -3.616789e+01 9.100000e+00
      vertex   5.470667e+00 -3.690370e+01 9.100000e+00
    endloop
  endfacet
  facet normal 1.950903e-01 9.807853e-01 -8.452440e-17
    outer loop
      vertex   5.470667e+00 -3.690370e+01 5.000000e+00
      vertex   5.470667e+00 -3.690370e+01 9.100000e+00
      vertex   7.715792e+00 -3.735029e+01 5.000000e+00
    endloop
  endfacet
  facet normal 1.950903e-01 9.807853e-01 -1.690488e-16
    outer loop
      vertex   7.715792e+00 -3.735029e+01 5.000000e+00
      vertex   5.470667e+00 -3.690370e+01 9.100000e+00
      vertex   7.715792e+00 -3.735029e+01 9.100000e+00
    endloop
  endfacet
  facet normal 6.540313e-02 9.978589e-01 -5.667283e-17
    outer loop
      vertex   7.715792e+00 -3.735029e+01 5.000000e+00
      vertex   7.715792e+00 -3.735029e+01 9.100000e+00
      vertex   1.000000e+01 -3.750000e+01 5.000000e+00
    endloop
  endfacet
  facet normal 6.540313e-02 9.978589e-01 -5.667283e-17
    outer loop
      vertex   1.000000e+01 -3.750000e+01 5.000000e+00
      vertex   7.715792e+00 -3.735029e+01 9.100000e+00
      vertex   1.000000e+01 -3.750000e+01 9.100000e+00
    endloop
  endfacet
  facet normal 0.000000e+00 -0.000000e+00 1.000000e+00
    outer loop
      vertex   2.004600e+02 -2.000000e+01 9.100000e+00
      vertex   2.029600e+02 -2.000000e+01 9.100000e+00
      vertex   2.004600e+02 1.057600e+02 9.100000e+00
    endloop
  endfacet
  facet normal -0.000000e+00 0.000000e+00 1.000000e+00
    outer loop
      vertex   2.004600e+02 1.057600e+02 9.100000e+00
      vertex   2.029600e+02 -2.000000e+01 9.100000e+00
      vertex   2.029600e+02 1.057600e+02 9.100000e+00
    endloop
  endfacet
  facet normal 0.000000e+00 0.000000e+00 1.000000e+00
    outer loop
      vertex   2.004600e+02 1.057600e+02 9.100000e+00
      vertex   2.029600e+02 1.057600e+02 9.100000e+00
      vertex   2.028142e+02 1.081707e+02 9.100000e+00
    endloop
  endfacet
  facet normal 0.000000e+00 0.000000e+00 1.000000e+00
    outer loop
      vertex   2.029600e+02 -2.000000e+01 9.100000e+00
      vertex   2.004600e+02 -2.000000e+01 9.100000e+00
      vertex   2.028142e+02 -2.241073e+01 9.100000e+00
    endloop
  endfacet
  facet normal 0.000000e+00 0.000000e+00 1.000000e+00
    outer loop
      vertex   2.028142e+02 -2.241073e+01 9.100000e+00
      vertex   2.004600e+02 -2.000000e+01 9.100000e+00
      vertex   2.003103e+02 -2.228421e+01 9.100000e+00
    endloop
  endfacet
  facet normal 0.000000e+00 0.000000e+00 1.000000e+00
    outer loop
      vertex   2.028142e+02 -2.241073e+01 9.100000e+00
      vertex   2.003103e+02 -2.228421e+01 9.100000e+00
      vertex   2.023788e+02 -2.478631e+01 9.100000e+00
    endloop
  endfacet
  facet normal 0.000000e+00 0.000000e+00 1.000000e+00
    outer loop
      vertex   2.023788e+02 -2.478631e+01 9.100000e+00
      vertex   2.003103e+02 -2.228421e+01 9.100000e+00
      vertex   1.998637e+02 -2.452933e+01 9.100000e+00
    endloop
  endfacet
  facet normal 0.000000e+00 0.000000e+00 1.000000e+00
    outer loop
      vertex   2.023788e+02 -2.478631e+01 9.100000e+00
      vertex   1.998637e+02 -2.452933e+01 9.100000e+00
      vertex   2.016603e+02 -2.709210e+01 9.100000e+00
    endloop
  endfacet
  facet normal 0.000000e+00 0.000000e+00 1.000000e+00
    outer loop
      vertex   2.016603e+02 -2.709210e+01 9.100000e+00
      vertex   1.998637e+02 -2.452933e+01 9.100000e+00
      vertex   1.991279e+02 -2.669696e+01 9.100000e+00
    endloop
  endfacet
  facet normal 0.000000e+00 0.000000e+00 1.000000e+00
    outer loop
      vertex   2.016603e+02 -2.709210e+01 9.100000e+00
      vertex   1.991279e+02 -2.669696e+01 9.100000e+00
      vertex   2.006691e+02 -2.929446e+01 9.100000e+00
    endloop
  endfacet
  facet normal 0.000000e+00 0.000000e+00 1.000000e+00
    outer loop
      vertex   2.006691e+02 -2.929446e+01 9.100000e+00
      vertex   1.991279e+02 -2.669696e+01 9.100000e+00
      vertex   1.981154e+02 -2.875000e+01 9.100000e+00
    endloop
  endfacet
  facet normal 0.000000e+00 0.000000e+00 1.000000e+00
    outer loop
      vertex   2.006691e+02 -2.929446e+01 9.100000e+00
      vertex   1.981154e+02 -2.875000e+01 9.100000e+00
      vertex   1.994197e+02 -3.136129e+01 9.100000e+00
    endloop
  endfacet
  facet normal 0.000000e+00 0.000000e+00 1.000000e+00
    outer loop
      vertex   1.994197e+02 -3.136129e+01 9.100000e+00
      vertex   1.981154e+02 -2.875000e+01 9.100000e+00
      vertex   1.968437e+02 -3.065333e+01 9.100000e+00
    endloop
  endfacet
  facet normal 0.000000e+00 0.000000e+00 1.000000e+00
    outer loop
      vertex   1.994197e+02 -3.136129e+01 9.100000e+00
      vertex   1.968437e+02 -3.065333e+01 9.100000e+00
      vertex   1.979302e+02 -3.326245e+01 9.100000e+00
    endloop
  endfacet
  facet normal 0.000000e+00 0.000000e+00 1.000000e+00
    outer loop
      vertex   1.979302e+02 -3.326245e+01 9.100000e+00
      vertex   1.968437e+02 -3.065333e+01 9.100000e+00
      vertex   1.953344e+02 -3.237437e+01 9.100000e+00
    endloop
  endfacet
  facet normal 0.000000e+00 0.000000e+00 1.000000e+00
    outer loop
      vertex   1.979302e+02 -3.326245e+01 9.100000e+00
      vertex   1.953344e+02 -3.237437e+01 9.100000e+00
      vertex   1.962225e+02 -3.497021e+01 9.100000e+00
    endloop
  endfacet
  facet normal 0.000000e+00 0.000000e+00 1.000000e+00
    outer loop
      vertex   1.962225e+02 -3.497021e+01 9.100000e+00
      vertex   1.953344e+02 -3.237437e+01 9.100000e+00
      vertex   1.936133e+02 -3.388368e+01 9.100000e+00
    endloop
  endfacet
  facet normal 0.000000e+00 0.000000e+00 1.000000e+00
    outer loop
      vertex   1.962225e+02 -3.497021e+01 9.100000e+00
      vertex   1.936133e+02 -3.388368e+01 9.100000e+00
      vertex   1.943213e+02 -3.645968e+01 9.100000e+00
    endloop
  endfacet
  facet normal 0.000000e+00 0.000000e+00 1.000000e+00
    outer loop
      vertex   1.943213e+02 -3.645968e+01 9.100000e+00
      vertex   1.936133e+02 -3.388368e+01 9.100000e+00
      vertex   1.917100e+02 -3.515544e+01 9.100000e+00
    endloop
  endfacet
  facet normal 0.000000e+00 0.000000e+00 1.000000e+00
    outer loop
      vertex   1.943213e+02 -3.645968e+01 9.100000e+00
      vertex   1.917100e+02 -3.515544e+01 9.100000e+00
      vertex   1.922545e+02 -3.770912e+01 9.100000e+00
    endloop
  endfacet
  facet normal 0.000000e+00 0.000000e+00 1.000000e+00
    outer loop
      vertex   1.922545e+02 -3.770912e+01 9.100000e+00
      vertex   1.917100e+02 -3.515544e+01 9.100000e+00
      vertex   1.896570e+02 -3.616789e+01 9.100000e+00
    endloop
  endfacet
  facet normal 0.000000e+00 0.000000e+00 1.000000e+00
    outer loop
      vertex   1.922545e+02 -3.770912e+01 9.100000e+00
      vertex   1.896570e+02 -3.616789e+01 9.100000e+00
      vertex   1.900521e+02 -3.870032e+01 9.100000e+00
    endloop
  endfacet
  facet normal 0.000000e+00 0.000000e+00 1.000000e+00
    outer loop
      vertex   1.900521e+02 -3.870032e+01 9.100000e+00
      vertex   1.896570e+02 -3.616789e+01 9.100000e+00
      vertex   1.874893e+02 -3.690370e+01 9.100000e+00
    endloop
  endfacet
  facet normal 0.000000e+00 0.000000e+00 1.000000e+00
    outer loop
      vertex   1.900521e+02 -3.870032e+01 9.100000e+00
      vertex   1.874893e+02 -3.690370e+01 9.100000e+00
      vertex   1.877463e+02 -3.941884e+01 9.100000e+00
    endloop
  endfacet
  facet normal 0.000000e+00 0.000000e+00 1.000000e+00
    outer loop
      vertex   1.877463e+02 -3.941884e+01 9.100000e+00
      vertex   1.874893e+02 -3.690370e+01 9.100000e+00
      vertex   1.852442e+02 -3.735029e+01 9.100000e+00
    endloop
  endfacet
  facet normal 0.000000e+00 0.000000e+00 1.000000e+00
    outer loop
      vertex   1.877463e+02 -3.941884e+01 9.100000e+00
      vertex   1.852442e+02 -3.735029e+01 9.100000e+00
      vertex   1.853707e+02 -3.985418e+01 9.100000e+00
    endloop
  endfacet
  facet normal 0.000000e+00 0.000000e+00 1.000000e+00
    outer loop
      vertex   1.853707e+02 -3.985418e+01 9.100000e+00
      vertex   1.852442e+02 -3.735029e+01 9.100000e+00
      vertex   1.829600e+02 -3.750000e+01 9.100000e+00
    endloop
  endfacet
  facet normal 0.000000e+00 0.000000e+00 1.000000e+00
    outer loop
      vertex   1.853707e+02 -3.985418e+01 9.100000e+00
      vertex   1.829600e+02 -3.750000e+01 9.100000e+00
      vertex   1.829600e+02 -4.000000e+01 9.100000e+00
    endloop
  endfacet
  facet normal 0.000000e+00 -0.000000e+00 1.000000e+00
    outer loop
      vertex   1.829600e+02 -4.000000e+01 9.100000e+00
      vertex   1.829600e+02 -3.750000e+01 9.100000e+00
      vertex   1.000000e+01 -3.750000e+01 9.100000e+00
    endloop
  endfacet
  facet normal 0.000000e+00 0.000000e+00 1.000000e+00
    outer loop
      vertex   1.829600e+02 -4.000000e+01 9.100000e+00
      vertex   1.000000e+01 -3.750000e+01 9.100000e+00
      vertex   1.000000e+01 -4.000000e+01 9.100000e+00
    endloop
  endfacet
  facet normal 0.000000e+00 -0.000000e+00 1.000000e+00
    outer loop
      vertex   1.000000e+01 -4.000000e+01 9.100000e+00
      vertex   1.000000e+01 -3.750000e+01 9.100000e+00
      vertex   7.589266e+00 -3.985418e+01 9.100000e+00
    endloop
  endfacet
  facet normal 0.000000e+00 0.000000e+00 1.000000e+00
    outer loop
      vertex   7.589266e+00 -3.985418e+01 9.100000e+00
      vertex   1.000000e+01 -3.750000e+01 9.100000e+00
      vertex   7.715792e+00 -3.735029e+01 9.100000e+00
    endloop
  endfacet
  facet normal 0.000000e+00 -0.000000e+00 1.000000e+00
    outer loop
      vertex   7.589266e+00 -3.985418e+01 9.100000e+00
      vertex   7.715792e+00 -3.735029e+01 9.100000e+00
      vertex   5.213687e+00 -3.941884e+01 9.100000e+00
    endloop
  endfacet
  facet normal 0.000000e+00 0.000000e+00 1.000000e+00
    outer loop
      vertex   5.213687e+00 -3.941884e+01 9.100000e+00
      vertex   7.715792e+00 -3.735029e+01 9.100000e+00
      vertex   5.470667e+00 -3.690370e+01 9.100000e+00
    endloop
  endfacet
  facet normal 0.000000e+00 -0.000000e+00 1.000000e+00
    outer loop
      vertex   5.213687e+00 -3.941884e+01 9.100000e+00
      vertex   5.470667e+00 -3.690370e+01 9.100000e+00
      vertex   2.907902e+00 -3.870032e+01 9.100000e+00
    endloop
  endfacet
  facet normal 0.000000e+00 0.000000e+00 1.000000e+00
    outer loop
      vertex   2.907902e+00 -3.870032e+01 9.100000e+00
      vertex   5.470667e+00 -3.690370e+01 9.100000e+00
      vertex   3.303040e+00 -3.616789e+01 9.100000e+00
    endloop
  endfacet
  facet normal 0.000000e+00 -0.000000e+00 1.000000e+00
    outer loop
      vertex   2.907902e+00 -3.870032e+01 9.100000e+00
      vertex   3.303040e+00 -3.616789e+01 9.100000e+00
      vertex   7.055366e-01 -3.770912e+01 9.100000e+00
    endloop
  endfacet
  facet normal 0.000000e+00 0.000000e+00 1.000000e+00
    outer loop
      vertex   7.055366e-01 -3.770912e+01 9.100000e+00
      vertex   3.303040e+00 -3.616789e+01 9.100000e+00
      vertex   1.250000e+00 -3.515544e+01 9.100000e+00
    endloop
  endfacet
  facet normal 0.000000e+00 -0.000000e+00 1.000000e+00
    outer loop
      vertex   7.055366e-01 -3.770912e+01 9.100000e+00
      vertex   1.250000e+00 -3.515544e+01 9.100000e+00
      vertex   -1.361295e+00 -3.645968e+01 9.100000e+00
    endloop
  endfacet
  facet normal 0.000000e+00 0.000000e+00 1.000000e+00
    outer loop
      vertex   -1.361295e+00 -3.645968e+01 9.100000e+00
      vertex   1.250000e+00 -3.515544e+01 9.100000e+00
      vertex   -6.533250e-01 -3.388368e+01 9.100000e+00
    endloop
  endfacet
  facet normal 0.000000e+00 -0.000000e+00 1.000000e+00
    outer loop
      vertex   -1.361295e+00 -3.645968e+01 9.100000e+00
      vertex   -6.533250e-01 -3.388368e+01 9.100000e+00
      vertex   -3.262453e+00 -3.497021e+01 9.100000e+00
    endloop
  endfacet
  facet normal 0.000000e+00 0.000000e+00 1.000000e+00
    outer loop
      vertex   -3.262453e+00 -3.497021e+01 9.100000e+00
      vertex   -6.533250e-01 -3.388368e+01 9.100000e+00
      vertex   -2.374369e+00 -3.237437e+01 9.100000e+00
    endloop
  endfacet
  facet normal 0.000000e+00 -0.000000e+00 1.000000e+00
    outer loop
      vertex   -3.262453e+00 -3.497021e+01 9.100000e+00
      vertex   -2.374369e+00 -3.237437e+01 9.100000e+00
      vertex   -4.970215e+00 -3.326245e+01 9.100000e+00
    endloop
  endfacet
  facet normal 0.000000e+00 0.000000e+00 1.000000e+00
    outer loop
      vertex   -4.970215e+00 -3.326245e+01 9.100000e+00
      vertex   -2.374369e+00 -3.237437e+01 9.100000e+00
      vertex   -3.883683e+00 -3.065333e+01 9.100000e+00
    endloop
  endfacet
  facet normal 0.000000e+00 -0.000000e+00 1.000000e+00
    outer loop
      vertex   -4.970215e+00 -3.326245e+01 9.100000e+00
      vertex   -3.883683e+00 -3.065333e+01 9.100000e+00
      vertex   -6.459677e+00 -3.136129e+01 9.100000e+00
    endloop
  endfacet
  facet normal 0.000000e+00 0.000000e+00 1.000000e+00
    outer loop
      vertex   -6.459677e+00 -3.136129e+01 9.100000e+00
      vertex   -3.883683e+00 -3.065333e+01 9.100000e+00
      vertex   -5.155445e+00 -2.875000e+01 9.100000e+00
    endloop
  endfacet
  facet normal 0.000000e+00 -0.000000e+00 1.000000e+00
    outer loop
      vertex   -6.459677e+00 -3.136129e+01 9.100000e+00
      vertex   -5.155445e+00 -2.875000e+01 9.100000e+00
      vertex   -7.709121e+00 -2.929446e+01 9.100000e+00
    endloop
  endfacet
  facet normal 0.000000e+00 0.000000e+00 1.000000e+00
    outer loop
      vertex   -7.709121e+00 -2.929446e+01 9.100000e+00
      vertex   -5.155445e+00 -2.875000e+01 9.100000e+00
      vertex   -6.167892e+00 -2.669696e+01 9.100000e+00
    endloop
  endfacet
  facet normal 0.000000e+00 -0.000000e+00 1.000000e+00
    outer loop
      vertex   -7.709121e+00 -2.929446e+01 9.100000e+00
      vertex   -6.167892e+00 -2.669696e+01 9.100000e+00
      vertex   -8.700325e+00 -2.709210e+01 9.100000e+00
    endloop
  endfacet
  facet normal 0.000000e+00 0.000000e+00 1.000000e+00
    outer loop
      vertex   -8.700325e+00 -2.709210e+01 9.100000e+00
      vertex   -6.167892e+00 -2.669696e+01 9.100000e+00
      vertex   -6.903702e+00 -2.452933e+01 9.100000e+00
    endloop
  endfacet
  facet normal 0.000000e+00 -0.000000e+00 1.000000e+00
    outer loop
      vertex   -8.700325e+00 -2.709210e+01 9.100000e+00
      vertex   -6.903702e+00 -2.452933e+01 9.100000e+00
      vertex   -9.418836e+00 -2.478631e+01 9.100000e+00
    endloop
  endfacet
  facet normal 0.000000e+00 0.000000e+00 1.000000e+00
    outer loop
      vertex   -9.418836e+00 -2.478631e+01 9.100000e+00
      vertex   -6.903702e+00 -2.452933e+01 9.100000e+00
      vertex   -7.350285e+00 -2.228421e+01 9.100000e+00
    endloop
  endfacet
  facet normal 0.000000e+00 -0.000000e+00 1.000000e+00
    outer loop
      vertex   -9.418836e+00 -2.478631e+01 9.100000e+00
      vertex   -7.350285e+00 -2.228421e+01 9.100000e+00
      vertex   -9.854177e+00 -2.241073e+01 9.100000e+00
    endloop
  endfacet
  facet normal 0.000000e+00 0.000000e+00 1.000000e+00
    outer loop
      vertex   -9.854177e+00 -2.241073e+01 9.100000e+00
      vertex   -7.350285e+00 -2.228421e+01 9.100000e+00
      vertex   -7.500000e+00 -2.000000e+01 9.100000e+00
    endloop
  endfacet
  facet normal 0.000000e+00 -0.000000e+00 1.000000e+00
    outer loop
      vertex   -9.854177e+00 -2.241073e+01 9.100000e+00
      vertex   -7.500000e+00 -2.000000e+01 9.100000e+00
      vertex   -1.000000e+01 -2.000000e+01 9.100000e+00
    endloop
  endfacet
  facet normal 0.000000e+00 0.000000e+00 1.000000e+00
    outer loop
      vertex   -1.000000e+01 -2.000000e+01 9.100000e+00
      vertex   -7.500000e+00 -2.000000e+01 9.100000e+00
      vertex   -1.000000e+01 1.057600e+02 9.100000e+00
    endloop
  endfacet
  facet normal -0.000000e+00 0.000000e+00 1.000000e+00
    outer loop
      vertex   -1.000000e+01 1.057600e+02 9.100000e+00
      vertex   -7.500000e+00 -2.000000e+01 9.100000e+00
      vertex   -7.500000e+00 1.057600e+02 9.100000e+00
    endloop
  endfacet
  facet normal 0.000000e+00 0.000000e+00 1.000000e+00
    outer loop
      vertex   -1.000000e+01 1.057600e+02 9.100000e+00
      vertex   -7.500000e+00 1.057600e+02 9.100000e+00
      vertex   -9.854177e+00 1.081707e+02 9.100000e+00
    endloop
  endfacet
  facet normal 0.000000e+00 0.000000e+00 1.000000e+00
    outer loop
      vertex   -9.854177e+00 1.081707e+02 9.100000e+00
      vertex   -7.500000e+00 1.057600e+02 9.100000e+00
      vertex   -7.350285e+00 1.080442e+02 9.100000e+00
    endloop
  endfacet
  facet normal -0.000000e+00 0.000000e+00 1.000000e+00
    outer loop
      vertex   -9.854177e+00 1.081707e+02 9.100000e+00
      vertex   -7.350285e+00 1.080442e+02 9.100000e+00
      vertex   -9.418836e+00 1.105463e+02 9.100000e+00
    endloop
  endfacet
  facet normal 0.000000e+00 0.000000e+00 1.000000e+00
    outer loop
      vertex   -9.418836e+00 1.105463e+02 9.100000e+00
      vertex   -7.350285e+00 1.080442e+02 9.100000e+00
      vertex   -6.903702e+00 1.102893e+02 9.100000e+00
    endloop
  endfacet
  facet normal -0.000000e+00 0.000000e+00 1.000000e+00
    outer loop
      vertex   -9.418836e+00 1.105463e+02 9.100000e+00
      vertex   -6.903702e+00 1.102893e+02 9.100000e+00
      vertex   -8.700325e+00 1.128521e+02 9.100000e+00
    endloop
  endfacet
  facet normal 0.000000e+00 0.000000e+00 1.000000e+00
    outer loop
      vertex   -8.700325e+00 1.128521e+02 9.100000e+00
      vertex   -6.903702e+00 1.102893e+02 9.100000e+00
      vertex   -6.167892e+00 1.124570e+02 9.100000e+00
    endloop
  endfacet
  facet normal -0.000000e+00 0.000000e+00 1.000000e+00
    outer loop
      vertex   -8.700325e+00 1.128521e+02 9.100000e+00
      vertex   -6.167892e+00 1.124570e+02 9.100000e+00
      vertex   -7.709121e+00 1.150545e+02 9.100000e+00
    endloop
  endfacet
  facet normal 0.000000e+00 0.000000e+00 1.000000e+00
    outer loop
      vertex   -7.709121e+00 1.150545e+02 9.100000e+00
      vertex   -6.167892e+00 1.124570e+02 9.100000e+00
      vertex   -5.155445e+00 1.145100e+02 9.100000e+00
    endloop
  endfacet
  facet normal -0.000000e+00 0.000000e+00 1.000000e+00
    outer loop
      vertex   -7.709121e+00 1.150545e+02 9.100000e+00
      vertex   -5.155445e+00 1.145100e+02 9.100000e+00
      vertex   -6.459677e+00 1.171213e+02 9.100000e+00
    endloop
  endfacet
  facet normal 0.000000e+00 0.000000e+00 1.000000e+00
    outer loop
      vertex   -6.459677e+00 1.171213e+02 9.100000e+00
      vertex   -5.155445e+00 1.145100e+02 9.100000e+00
      vertex   -3.883683e+00 1.164133e+02 9.100000e+00
    endloop
  endfacet
  facet normal -0.000000e+00 0.000000e+00 1.000000e+00
    outer loop
      vertex   -6.459677e+00 1.171213e+02 9.100000e+00
      vertex   -3.883683e+00 1.164133e+02 9.100000e+00
      vertex   -4.970215e+00 1.190225e+02 9.100000e+00
    endloop
  endfacet
  facet normal 0.000000e+00 0.000000e+00 1.000000e+00
    outer loop
      vertex   -4.970215e+00 1.190225e+02 9.100000e+00
      vertex   -3.883683e+00 1.164133e+02 9.100000e+00
      vertex   -2.374369e+00 1.181344e+02 9.100000e+00
    endloop
  endfacet
  facet normal -0.000000e+00 0.000000e+00 1.000000e+00
    outer loop
      vertex   -4.970215e+00 1.190225e+02 9.100000e+00
      vertex   -2.374369e+00 1.181344e+02 9.100000e+00
      vertex   -3.262453e+00 1.207302e+02 9.100000e+00
    endloop
  endfacet
  facet normal 0.000000e+00 0.000000e+00 1.000000e+00
    outer loop
      vertex   -3.262453e+00 1.207302e+02 9.100000e+00
      vertex   -2.374369e+00 1.181344e+02 9.100000e+00
      vertex   -6.533250e-01 1.196437e+02 9.100000e+00
    endloop
  endfacet
  facet normal -0.000000e+00 0.000000e+00 1.000000e+00
    outer loop
      vertex   -3.262453e+00 1.207302e+02 9.100000e+00
      vertex   -6.533250e-01 1.196437e+02 9.100000e+00
      vertex   -1.361295e+00 1.222197e+02 9.100000e+00
    endloop
  endfacet
  facet normal 0.000000e+00 0.000000e+00 1.000000e+00
    outer loop
      vertex   -1.361295e+00 1.222197e+02 9.100000e+00
      vertex   -6.533250e-01 1.196437e+02 9.100000e+00
      vertex   1.250000e+00 1.209154e+02 9.100000e+00
    endloop
  endfacet
  facet normal -0.000000e+00 0.000000e+00 1.000000e+00
    outer loop
      vertex   -1.361295e+00 1.222197e+02 9.100000e+00
      vertex   1.250000e+00 1.209154e+02 9.100000e+00
      vertex   7.055366e-01 1.234691e+02 9.100000e+00
    endloop
  endfacet
  facet normal 0.000000e+00 0.000000e+00 1.000000e+00
    outer loop
      vertex   7.055366e-01 1.234691e+02 9.100000e+00
      vertex   1.250000e+00 1.209154e+02 9.100000e+00
      vertex   3.303040e+00 1.219279e+02 9.100000e+00
    endloop
  endfacet
  facet normal -0.000000e+00 0.000000e+00 1.000000e+00
    outer loop
      vertex   7.055366e-01 1.234691e+02 9.100000e+00
      vertex   3.303040e+00 1.219279e+02 9.100000e+00
      vertex   2.907902e+00 1.244603e+02 9.100000e+00
    endloop
  endfacet
  facet normal 0.000000e+00 0.000000e+00 1.000000e+00
    outer loop
      vertex   2.907902e+00 1.244603e+02 9.100000e+00
      vertex   3.303040e+00 1.219279e+02 9.100000e+00
      vertex   5.470667e+00 1.226637e+02 9.100000e+00
    endloop
  endfacet
  facet normal -0.000000e+00 0.000000e+00 1.000000e+00
    outer loop
      vertex   2.907902e+00 1.244603e+02 9.100000e+00
      vertex   5.470667e+00 1.226637e+02 9.100000e+00
      vertex   5.213687e+00 1.251788e+02 9.100000e+00
    endloop
  endfacet
  facet normal 0.000000e+00 0.000000e+00 1.000000e+00
    outer loop
      vertex   5.213687e+00 1.251788e+02 9.100000e+00
      vertex   5.470667e+00 1.226637e+02 9.100000e+00
      vertex   7.715792e+00 1.231103e+02 9.100000e+00
    endloop
  endfacet
  facet normal -0.000000e+00 0.000000e+00 1.000000e+00
    outer loop
      vertex   5.213687e+00 1.251788e+02 9.100000e+00
      vertex   7.715792e+00 1.231103e+02 9.100000e+00
      vertex   7.589266e+00 1.256142e+02 9.100000e+00
    endloop
  endfacet
  facet normal 0.000000e+00 0.000000e+00 1.000000e+00
    outer loop
      vertex   7.589266e+00 1.256142e+02 9.100000e+00
      vertex   7.715792e+00 1.231103e+02 9.100000e+00
      vertex   1.000000e+01 1.232600e+02 9.100000e+00
    endloop
  endfacet
  facet normal -0.000000e+00 0.000000e+00 1.000000e+00
    outer loop
      vertex   7.589266e+00 1.256142e+02 9.100000e+00
      vertex   1.000000e+01 1.232600e+02 9.100000e+00
      vertex   1.000000e+01 1.257600e+02 9.100000e+00
    endloop
  endfacet
  facet normal 0.000000e+00 0.000000e+00 1.000000e+00
    outer loop
      vertex   1.000000e+01 1.257600e+02 9.100000e+00
      vertex   1.000000e+01 1.232600e+02 9.100000e+00
      vertex   1.829600e+02 1.232600e+02 9.100000e+00
    endloop
  endfacet
  facet normal -0.000000e+00 0.000000e+00 1.000000e+00
    outer loop
      vertex   1.000000e+01 1.257600e+02 9.100000e+00
      vertex   1.829600e+02 1.232600e+02 9.100000e+00
      vertex   1.829600e+02 1.257600e+02 9.100000e+00
    endloop
  endfacet
  facet normal 0.000000e+00 0.000000e+00 1.000000e+00
    outer loop
      vertex   1.829600e+02 1.257600e+02 9.100000e+00
      vertex   1.829600e+02 1.232600e+02 9.100000e+00
      vertex   1.853707e+02 1.256142e+02 9.100000e+00
    endloop
  endfacet
  facet normal 0.000000e+00 0.000000e+00 1.000000e+00
    outer loop
      vertex   1.853707e+02 1.256142e+02 9.100000e+00
      vertex   1.829600e+02 1.232600e+02 9.100000e+00
      vertex   1.852442e+02 1.231103e+02 9.100000e+00
    endloop
  endfacet
  facet normal 0.000000e+00 0.000000e+00 1.000000e+00
    outer loop
      vertex   1.853707e+02 1.256142e+02 9.100000e+00
      vertex   1.852442e+02 1.231103e+02 9.100000e+00
      vertex   1.877463e+02 1.251788e+02 9.100000e+00
    endloop
  endfacet
  facet normal 0.000000e+00 0.000000e+00 1.000000e+00
    outer loop
      vertex   1.877463e+02 1.251788e+02 9.100000e+00
      vertex   1.852442e+02 1.231103e+02 9.100000e+00
      vertex   1.874893e+02 1.226637e+02 9.100000e+00
    endloop
  endfacet
  facet normal 0.000000e+00 0.000000e+00 1.000000e+00
    outer loop
      vertex   1.877463e+02 1.251788e+02 9.100000e+00
      vertex   1.874893e+02 1.226637e+02 9.100000e+00
      vertex   1.900521e+02 1.244603e+02 9.100000e+00
    endloop
  endfacet
  facet normal 0.000000e+00 0.000000e+00 1.000000e+00
    outer loop
      vertex   1.900521e+02 1.244603e+02 9.100000e+00
      vertex   1.874893e+02 1.226637e+02 9.100000e+00
      vertex   1.896570e+02 1.219279e+02 9.100000e+00
    endloop
  endfacet
  facet normal 0.000000e+00 0.000000e+00 1.000000e+00
    outer loop
      vertex   1.900521e+02 1.244603e+02 9.100000e+00
      vertex   1.896570e+02 1.219279e+02 9.100000e+00
      vertex   1.922545e+02 1.234691e+02 9.100000e+00
    endloop
  endfacet
  facet normal 0.000000e+00 0.000000e+00 1.000000e+00
    outer loop
      vertex   1.922545e+02 1.234691e+02 9.100000e+00
      vertex   1.896570e+02 1.219279e+02 9.100000e+00
      vertex   1.917100e+02 1.209154e+02 9.100000e+00
    endloop
  endfacet
  facet normal 0.000000e+00 0.000000e+00 1.000000e+00
    outer loop
      vertex   1.922545e+02 1.234691e+02 9.100000e+00
      vertex   1.917100e+02 1.209154e+02 9.100000e+00
      vertex   1.943213e+02 1.222197e+02 9.100000e+00
    endloop
  endfacet
  facet normal 0.000000e+00 0.000000e+00 1.000000e+00
    outer loop
      vertex   1.943213e+02 1.222197e+02 9.100000e+00
      vertex   1.917100e+02 1.209154e+02 9.100000e+00
      vertex   1.936133e+02 1.196437e+02 9.100000e+00
    endloop
  endfacet
  facet normal 0.000000e+00 0.000000e+00 1.000000e+00
    outer loop
      vertex   1.943213e+02 1.222197e+02 9.100000e+00
      vertex   1.936133e+02 1.196437e+02 9.100000e+00
      vertex   1.962225e+02 1.207302e+02 9.100000e+00
    endloop
  endfacet
  facet normal 0.000000e+00 0.000000e+00 1.000000e+00
    outer loop
      vertex   1.962225e+02 1.207302e+02 9.100000e+00
      vertex   1.936133e+02 1.196437e+02 9.100000e+00
      vertex   1.953344e+02 1.181344e+02 9.100000e+00
    endloop
  endfacet
  facet normal 0.000000e+00 0.000000e+00 1.000000e+00
    outer loop
      vertex   1.962225e+02 1.207302e+02 9.100000e+00
      vertex   1.953344e+02 1.181344e+02 9.100000e+00
      vertex   1.979302e+02 1.190225e+02 9.100000e+00
    endloop
  endfacet
  facet normal 0.000000e+00 0.000000e+00 1.000000e+00
    outer loop
      vertex   1.979302e+02 1.190225e+02 9.100000e+00
      vertex   1.953344e+02 1.181344e+02 9.100000e+00
      vertex   1.968437e+02 1.164133e+02 9.100000e+00
    endloop
  endfacet
  facet normal 0.000000e+00 0.000000e+00 1.000000e+00
    outer loop
      vertex   1.979302e+02 1.190225e+02 9.100000e+00
      vertex   1.968437e+02 1.164133e+02 9.100000e+00
      vertex   1.994197e+02 1.171213e+02 9.100000e+00
    endloop
  endfacet
  facet normal 0.000000e+00 0.000000e+00 1.000000e+00
    outer loop
      vertex   1.994197e+02 1.171213e+02 9.100000e+00
      vertex   1.968437e+02 1.164133e+02 9.100000e+00
      vertex   1.981154e+02 1.145100e+02 9.100000e+00
    endloop
  endfacet
  facet normal 0.000000e+00 0.000000e+00 1.000000e+00
    outer loop
      vertex   1.994197e+02 1.171213e+02 9.100000e+00
      vertex   1.981154e+02 1.145100e+02 9.100000e+00
      vertex   2.006691e+02 1.150545e+02 9.100000e+00
    endloop
  endfacet
  facet normal 0.000000e+00 0.000000e+00 1.000000e+00
    outer loop
      vertex   2.006691e+02 1.150545e+02 9.100000e+00
      vertex   1.981154e+02 1.145100e+02 9.100000e+00
      vertex   1.991279e+02 1.124570e+02 9.100000e+00
    endloop
  endfacet
  facet normal 0.000000e+00 0.000000e+00 1.000000e+00
    outer loop
      vertex   2.006691e+02 1.150545e+02 9.100000e+00
      vertex   1.991279e+02 1.124570e+02 9.100000e+00
      vertex   2.016603e+02 1.128521e+02 9.100000e+00
    endloop
  endfacet
  facet normal 0.000000e+00 0.000000e+00 1.000000e+00
    outer loop
      vertex   2.016603e+02 1.128521e+02 9.100000e+00
      vertex   1.991279e+02 1.124570e+02 9.100000e+00
      vertex   1.998637e+02 1.102893e+02 9.100000e+00
    endloop
  endfacet
  facet normal 0.000000e+00 0.000000e+00 1.000000e+00
    outer loop
      vertex   2.016603e+02 1.128521e+02 9.100000e+00
      vertex   1.998637e+02 1.102893e+02 9.100000e+00
      vertex   2.023788e+02 1.105463e+02 9.100000e+00
    endloop
  endfacet
  facet normal 0.000000e+00 0.000000e+00 1.000000e+00
    outer loop
      vertex   2.023788e+02 1.105463e+02 9.100000e+00
      vertex   1.998637e+02 1.102893e+02 9.100000e+00
      vertex   2.003103e+02 1.080442e+02 9.100000e+00
    endloop
  endfacet
  facet normal 0.000000e+00 0.000000e+00 1.000000e+00
    outer loop
      vertex   2.023788e+02 1.105463e+02 9.100000e+00
      vertex   2.003103e+02 1.080442e+02 9.100000e+00
      vertex   2.028142e+02 1.081707e+02 9.100000e+00
    endloop
  endfacet
  facet normal 0.000000e+00 0.000000e+00 1.000000e+00
    outer loop
      vertex   2.028142e+02 1.081707e+02 9.100000e+00
      vertex   2.003103e+02 1.080442e+02 9.100000e+00
      vertex   2.004600e+02 1.057600e+02 9.100000e+00
    endloop
  endfacet
endsolid
